ISO-10303-21;
HEADER;
FILE_DESCRIPTION(('FreeCAD Model'),'2;1');
FILE_NAME('Open CASCADE Shape Model','2026-04-09T08:58:44',(''),(''),
  'Open CASCADE STEP processor 7.8','FreeCAD','Unknown');
FILE_SCHEMA(('AUTOMOTIVE_DESIGN { 1 0 10303 214 1 1 1 1 }'));
ENDSEC;
DATA;
#1 = APPLICATION_PROTOCOL_DEFINITION('international standard',
  'automotive_design',2000,#2);
#2 = APPLICATION_CONTEXT(
  'core data for automotive mechanical design processes');
#3 = SHAPE_DEFINITION_REPRESENTATION(#4,#10);
#4 = PRODUCT_DEFINITION_SHAPE('','',#5);
#5 = PRODUCT_DEFINITION('design','',#6,#9);
#6 = PRODUCT_DEFINITION_FORMATION('','',#7);
#7 = PRODUCT('Body','Body','',(#8));
#8 = PRODUCT_CONTEXT('',#2,'mechanical');
#9 = PRODUCT_DEFINITION_CONTEXT('part definition',#2,'design');
#10 = ADVANCED_BREP_SHAPE_REPRESENTATION('',(#11,#15),#3826);
#11 = AXIS2_PLACEMENT_3D('',#12,#13,#14);
#12 = CARTESIAN_POINT('',(0.,0.,0.));
#13 = DIRECTION('',(0.,0.,1.));
#14 = DIRECTION('',(1.,0.,-0.));
#15 = MANIFOLD_SOLID_BREP('',#16);
#16 = CLOSED_SHELL('',(#17,#608,#730,#755,#780,#804,#828,#853,#878,#902,
    #926,#951,#976,#1000,#1024,#1048,#1073,#1098,#1122,#1146,#1171,#1196
    ,#1220,#1244,#1269,#1294,#1318,#1342,#1367,#1392,#1416,#1440,#1458,
    #1489,#1514,#1539,#1563,#1587,#1612,#1637,#1654,#1679,#1704,#1729,
    #1754,#1779,#1804,#1836,#1860,#1884,#1909,#1934,#1958,#1982,#2000,
    #2025,#2050,#2075,#2107,#2131,#2155,#2180,#2205,#2229,#2253,#2271,
    #2296,#2392,#2404,#2429,#2454,#2539,#2570,#2594,#2618,#2642,#2659,
    #2722,#2747,#2771,#2796,#2820,#2845,#2869,#2886,#2904,#2921,#2938,
    #2963,#2975,#2999,#3024,#3049,#3073,#3097,#3115,#3147,#3171,#3195,
    #3220,#3245,#3269,#3293,#3311,#3343,#3367,#3391,#3416,#3441,#3465,
    #3489,#3507,#3536,#3553,#3570,#3582,#3609,#3636,#3663,#3690,#3715,
    #3740,#3765,#3790,#3799,#3808,#3817));
#17 = ADVANCED_FACE('',(#18,#283,#353,#364,#375,#386,#397,#408,#419,#489
    ,#500,#511,#522,#592),#603,.F.);
#18 = FACE_BOUND('',#19,.F.);
#19 = EDGE_LOOP('',(#20,#30,#39,#47,#56,#64,#73,#81,#90,#98,#107,#115,
    #124,#132,#141,#149,#158,#166,#175,#183,#192,#200,#209,#217,#226,
    #234,#242,#251,#259,#268,#276));
#20 = ORIENTED_EDGE('',*,*,#21,.F.);
#21 = EDGE_CURVE('',#22,#24,#26,.T.);
#22 = VERTEX_POINT('',#23);
#23 = CARTESIAN_POINT('',(-73.05,-32.9139320225,0.));
#24 = VERTEX_POINT('',#25);
#25 = CARTESIAN_POINT('',(-73.05,-19.15,-1.7763568394E-15));
#26 = LINE('',#27,#28);
#27 = CARTESIAN_POINT('',(-73.05,-34.075,0.));
#28 = VECTOR('',#29,1.);
#29 = DIRECTION('',(0.,1.,0.));
#30 = ORIENTED_EDGE('',*,*,#31,.T.);
#31 = EDGE_CURVE('',#22,#32,#34,.T.);
#32 = VERTEX_POINT('',#33);
#33 = CARTESIAN_POINT('',(-71.05,-32.15,-9.436895709314E-16));
#34 = CIRCLE('',#35,3.);
#35 = AXIS2_PLACEMENT_3D('',#36,#37,#38);
#36 = CARTESIAN_POINT('',(-71.05,-35.15,0.));
#37 = DIRECTION('',(0.,0.,-1.));
#38 = DIRECTION('',(-1.,0.,0.));
#39 = ORIENTED_EDGE('',*,*,#40,.T.);
#40 = EDGE_CURVE('',#32,#41,#43,.T.);
#41 = VERTEX_POINT('',#42);
#42 = CARTESIAN_POINT('',(-58.45,-32.15,-8.881784197001E-16));
#43 = LINE('',#44,#45);
#44 = CARTESIAN_POINT('',(-71.05,-32.15,0.));
#45 = VECTOR('',#46,1.);
#46 = DIRECTION('',(1.,0.,0.));
#47 = ORIENTED_EDGE('',*,*,#48,.T.);
#48 = EDGE_CURVE('',#41,#49,#51,.T.);
#49 = VERTEX_POINT('',#50);
#50 = CARTESIAN_POINT('',(-57.45,-31.15,0.));
#51 = CIRCLE('',#52,1.);
#52 = AXIS2_PLACEMENT_3D('',#53,#54,#55);
#53 = CARTESIAN_POINT('',(-58.45,-31.15,0.));
#54 = DIRECTION('',(-0.,0.,1.));
#55 = DIRECTION('',(0.,-1.,0.));
#56 = ORIENTED_EDGE('',*,*,#57,.T.);
#57 = EDGE_CURVE('',#49,#58,#60,.T.);
#58 = VERTEX_POINT('',#59);
#59 = CARTESIAN_POINT('',(-57.45,-22.15,2.22044604925E-15));
#60 = LINE('',#61,#62);
#61 = CARTESIAN_POINT('',(-57.45,-31.15,0.));
#62 = VECTOR('',#63,1.);
#63 = DIRECTION('',(0.,1.,0.));
#64 = ORIENTED_EDGE('',*,*,#65,.T.);
#65 = EDGE_CURVE('',#58,#66,#68,.T.);
#66 = VERTEX_POINT('',#67);
#67 = CARTESIAN_POINT('',(-54.45,-19.15,0.));
#68 = CIRCLE('',#69,3.);
#69 = AXIS2_PLACEMENT_3D('',#70,#71,#72);
#70 = CARTESIAN_POINT('',(-54.45,-22.15,0.));
#71 = DIRECTION('',(0.,0.,-1.));
#72 = DIRECTION('',(-1.,1.7763568394E-15,0.));
#73 = ORIENTED_EDGE('',*,*,#74,.T.);
#74 = EDGE_CURVE('',#66,#75,#77,.T.);
#75 = VERTEX_POINT('',#76);
#76 = CARTESIAN_POINT('',(-47.45,-19.15,-8.881784197001E-16));
#77 = LINE('',#78,#79);
#78 = CARTESIAN_POINT('',(-54.45,-19.15,0.));
#79 = VECTOR('',#80,1.);
#80 = DIRECTION('',(1.,0.,0.));
#81 = ORIENTED_EDGE('',*,*,#82,.T.);
#82 = EDGE_CURVE('',#75,#83,#85,.T.);
#83 = VERTEX_POINT('',#84);
#84 = CARTESIAN_POINT('',(-44.45,-22.15,0.));
#85 = CIRCLE('',#86,3.);
#86 = AXIS2_PLACEMENT_3D('',#87,#88,#89);
#87 = CARTESIAN_POINT('',(-47.45,-22.15,0.));
#88 = DIRECTION('',(0.,0.,-1.));
#89 = DIRECTION('',(0.,1.,0.));
#90 = ORIENTED_EDGE('',*,*,#91,.T.);
#91 = EDGE_CURVE('',#83,#92,#94,.T.);
#92 = VERTEX_POINT('',#93);
#93 = CARTESIAN_POINT('',(-44.45,-31.15,-4.163336342344E-15));
#94 = LINE('',#95,#96);
#95 = CARTESIAN_POINT('',(-44.45,-22.15,0.));
#96 = VECTOR('',#97,1.);
#97 = DIRECTION('',(0.,-1.,0.));
#98 = ORIENTED_EDGE('',*,*,#99,.T.);
#99 = EDGE_CURVE('',#92,#100,#102,.T.);
#100 = VERTEX_POINT('',#101);
#101 = CARTESIAN_POINT('',(-43.45,-32.15,0.));
#102 = CIRCLE('',#103,1.);
#103 = AXIS2_PLACEMENT_3D('',#104,#105,#106);
#104 = CARTESIAN_POINT('',(-43.45,-31.15,0.));
#105 = DIRECTION('',(0.,0.,1.));
#106 = DIRECTION('',(-1.,-1.7763568394E-15,0.));
#107 = ORIENTED_EDGE('',*,*,#108,.T.);
#108 = EDGE_CURVE('',#100,#109,#111,.T.);
#109 = VERTEX_POINT('',#110);
#110 = CARTESIAN_POINT('',(31.549999999998,-32.15,-6.106226635438E-16));
#111 = LINE('',#112,#113);
#112 = CARTESIAN_POINT('',(-43.45,-32.15,0.));
#113 = VECTOR('',#114,1.);
#114 = DIRECTION('',(1.,0.,0.));
#115 = ORIENTED_EDGE('',*,*,#116,.T.);
#116 = EDGE_CURVE('',#109,#117,#119,.T.);
#117 = VERTEX_POINT('',#118);
#118 = CARTESIAN_POINT('',(32.549999999998,-31.15,-1.7763568394E-15));
#119 = CIRCLE('',#120,1.);
#120 = AXIS2_PLACEMENT_3D('',#121,#122,#123);
#121 = CARTESIAN_POINT('',(31.549999999998,-31.15,0.));
#122 = DIRECTION('',(-0.,0.,1.));
#123 = DIRECTION('',(1.7763568394E-15,-1.,0.));
#124 = ORIENTED_EDGE('',*,*,#125,.T.);
#125 = EDGE_CURVE('',#117,#126,#128,.T.);
#126 = VERTEX_POINT('',#127);
#127 = CARTESIAN_POINT('',(32.549999999997,-22.14999999999,
    -9.992562333139E-13));
#128 = LINE('',#129,#130);
#129 = CARTESIAN_POINT('',(32.549999999998,-31.15,0.));
#130 = VECTOR('',#131,1.);
#131 = DIRECTION('',(0.,1.,0.));
#132 = ORIENTED_EDGE('',*,*,#133,.T.);
#133 = EDGE_CURVE('',#126,#134,#136,.T.);
#134 = VERTEX_POINT('',#135);
#135 = CARTESIAN_POINT('',(35.549999999996,-19.14999999999,0.));
#136 = CIRCLE('',#137,3.);
#137 = AXIS2_PLACEMENT_3D('',#138,#139,#140);
#138 = CARTESIAN_POINT('',(35.549999999996,-22.14999999999,0.));
#139 = DIRECTION('',(-0.,0.,-1.));
#140 = DIRECTION('',(-1.,-2.22044604925E-13,0.));
#141 = ORIENTED_EDGE('',*,*,#142,.T.);
#142 = EDGE_CURVE('',#134,#143,#145,.T.);
#143 = VERTEX_POINT('',#144);
#144 = CARTESIAN_POINT('',(42.550000000004,-19.14999999999,
    3.330669073875E-16));
#145 = LINE('',#146,#147);
#146 = CARTESIAN_POINT('',(35.549999999996,-19.14999999999,0.));
#147 = VECTOR('',#148,1.);
#148 = DIRECTION('',(1.,0.,0.));
#149 = ORIENTED_EDGE('',*,*,#150,.T.);
#150 = EDGE_CURVE('',#143,#151,#153,.T.);
#151 = VERTEX_POINT('',#152);
#152 = CARTESIAN_POINT('',(45.550000000004,-22.14999999999,0.));
#153 = CIRCLE('',#154,3.);
#154 = AXIS2_PLACEMENT_3D('',#155,#156,#157);
#155 = CARTESIAN_POINT('',(42.550000000004,-22.14999999999,0.));
#156 = DIRECTION('',(0.,0.,-1.));
#157 = DIRECTION('',(0.,1.,0.));
#158 = ORIENTED_EDGE('',*,*,#159,.T.);
#159 = EDGE_CURVE('',#151,#160,#162,.T.);
#160 = VERTEX_POINT('',#161);
#161 = CARTESIAN_POINT('',(45.550000000004,-31.15,1.187938636349E-14));
#162 = LINE('',#163,#164);
#163 = CARTESIAN_POINT('',(45.550000000004,-22.14999999999,0.));
#164 = VECTOR('',#165,1.);
#165 = DIRECTION('',(0.,-1.,0.));
#166 = ORIENTED_EDGE('',*,*,#167,.T.);
#167 = EDGE_CURVE('',#160,#168,#170,.T.);
#168 = VERTEX_POINT('',#169);
#169 = CARTESIAN_POINT('',(46.550000000004,-32.15,0.));
#170 = CIRCLE('',#171,1.);
#171 = AXIS2_PLACEMENT_3D('',#172,#173,#174);
#172 = CARTESIAN_POINT('',(46.550000000004,-31.15,0.));
#173 = DIRECTION('',(0.,0.,1.));
#174 = DIRECTION('',(-1.,3.552713678801E-15,0.));
#175 = ORIENTED_EDGE('',*,*,#176,.T.);
#176 = EDGE_CURVE('',#168,#177,#179,.T.);
#177 = VERTEX_POINT('',#178);
#178 = CARTESIAN_POINT('',(100.95,-32.15,-7.216449660064E-16));
#179 = LINE('',#180,#181);
#180 = CARTESIAN_POINT('',(46.550000000004,-32.15,0.));
#181 = VECTOR('',#182,1.);
#182 = DIRECTION('',(1.,0.,0.));
#183 = ORIENTED_EDGE('',*,*,#184,.T.);
#184 = EDGE_CURVE('',#177,#185,#187,.T.);
#185 = VERTEX_POINT('',#186);
#186 = CARTESIAN_POINT('',(103.95,-35.15,0.));
#187 = CIRCLE('',#188,3.);
#188 = AXIS2_PLACEMENT_3D('',#189,#190,#191);
#189 = CARTESIAN_POINT('',(100.95,-35.15,0.));
#190 = DIRECTION('',(0.,0.,-1.));
#191 = DIRECTION('',(0.,1.,0.));
#192 = ORIENTED_EDGE('',*,*,#193,.T.);
#193 = EDGE_CURVE('',#185,#194,#196,.T.);
#194 = VERTEX_POINT('',#195);
#195 = CARTESIAN_POINT('',(103.95,-69.15,4.218847493576E-15));
#196 = LINE('',#197,#198);
#197 = CARTESIAN_POINT('',(103.95,-35.15,0.));
#198 = VECTOR('',#199,1.);
#199 = DIRECTION('',(-0.,-1.,-0.));
#200 = ORIENTED_EDGE('',*,*,#201,.T.);
#201 = EDGE_CURVE('',#194,#202,#204,.T.);
#202 = VERTEX_POINT('',#203);
#203 = CARTESIAN_POINT('',(100.95,-72.15,0.));
#204 = CIRCLE('',#205,3.);
#205 = AXIS2_PLACEMENT_3D('',#206,#207,#208);
#206 = CARTESIAN_POINT('',(100.95,-69.15,0.));
#207 = DIRECTION('',(0.,0.,-1.));
#208 = DIRECTION('',(1.,0.,0.));
#209 = ORIENTED_EDGE('',*,*,#210,.T.);
#210 = EDGE_CURVE('',#202,#211,#213,.T.);
#211 = VERTEX_POINT('',#212);
#212 = CARTESIAN_POINT('',(-71.05,-72.15,-1.665334536938E-15));
#213 = LINE('',#214,#215);
#214 = CARTESIAN_POINT('',(100.95,-72.15,0.));
#215 = VECTOR('',#216,1.);
#216 = DIRECTION('',(-1.,-0.,-0.));
#217 = ORIENTED_EDGE('',*,*,#218,.T.);
#218 = EDGE_CURVE('',#211,#219,#221,.T.);
#219 = VERTEX_POINT('',#220);
#220 = CARTESIAN_POINT('',(-74.05,-69.15,0.));
#221 = CIRCLE('',#222,3.);
#222 = AXIS2_PLACEMENT_3D('',#223,#224,#225);
#223 = CARTESIAN_POINT('',(-71.05,-69.15,0.));
#224 = DIRECTION('',(-0.,-0.,-1.));
#225 = DIRECTION('',(0.,-1.,0.));
#226 = ORIENTED_EDGE('',*,*,#227,.T.);
#227 = EDGE_CURVE('',#219,#228,#230,.T.);
#228 = VERTEX_POINT('',#229);
#229 = CARTESIAN_POINT('',(-74.05,-68.15,3.10862446895E-15));
#230 = LINE('',#231,#232);
#231 = CARTESIAN_POINT('',(-74.05,-69.15,0.));
#232 = VECTOR('',#233,1.);
#233 = DIRECTION('',(0.,1.,0.));
#234 = ORIENTED_EDGE('',*,*,#235,.F.);
#235 = EDGE_CURVE('',#236,#228,#238,.T.);
#236 = VERTEX_POINT('',#237);
#237 = CARTESIAN_POINT('',(-102.05,-68.15,0.));
#238 = LINE('',#239,#240);
#239 = CARTESIAN_POINT('',(-51.525,-68.15,0.));
#240 = VECTOR('',#241,1.);
#241 = DIRECTION('',(1.,0.,0.));
#242 = ORIENTED_EDGE('',*,*,#243,.F.);
#243 = EDGE_CURVE('',#244,#236,#246,.T.);
#244 = VERTEX_POINT('',#245);
#245 = CARTESIAN_POINT('',(-103.05,-67.15,0.));
#246 = CIRCLE('',#247,1.);
#247 = AXIS2_PLACEMENT_3D('',#248,#249,#250);
#248 = CARTESIAN_POINT('',(-102.05,-67.15,0.));
#249 = DIRECTION('',(0.,-0.,1.));
#250 = DIRECTION('',(0.,1.,0.));
#251 = ORIENTED_EDGE('',*,*,#252,.F.);
#252 = EDGE_CURVE('',#253,#244,#255,.T.);
#253 = VERTEX_POINT('',#254);
#254 = CARTESIAN_POINT('',(-103.05,-19.15,0.));
#255 = LINE('',#256,#257);
#256 = CARTESIAN_POINT('',(-103.05,-9.075,0.));
#257 = VECTOR('',#258,1.);
#258 = DIRECTION('',(0.,-1.,0.));
#259 = ORIENTED_EDGE('',*,*,#260,.F.);
#260 = EDGE_CURVE('',#261,#253,#263,.T.);
#261 = VERTEX_POINT('',#262);
#262 = CARTESIAN_POINT('',(-102.05,-18.15,0.));
#263 = CIRCLE('',#264,1.);
#264 = AXIS2_PLACEMENT_3D('',#265,#266,#267);
#265 = CARTESIAN_POINT('',(-102.05,-19.15,0.));
#266 = DIRECTION('',(0.,-0.,1.));
#267 = DIRECTION('',(0.,1.,0.));
#268 = ORIENTED_EDGE('',*,*,#269,.F.);
#269 = EDGE_CURVE('',#270,#261,#272,.T.);
#270 = VERTEX_POINT('',#271);
#271 = CARTESIAN_POINT('',(-74.05,-18.15,0.));
#272 = LINE('',#273,#274);
#273 = CARTESIAN_POINT('',(-36.525,-18.15,0.));
#274 = VECTOR('',#275,1.);
#275 = DIRECTION('',(-1.,0.,0.));
#276 = ORIENTED_EDGE('',*,*,#277,.T.);
#277 = EDGE_CURVE('',#270,#24,#278,.T.);
#278 = CIRCLE('',#279,1.);
#279 = AXIS2_PLACEMENT_3D('',#280,#281,#282);
#280 = CARTESIAN_POINT('',(-74.05,-19.15,0.));
#281 = DIRECTION('',(0.,0.,-1.));
#282 = DIRECTION('',(0.,1.,0.));
#283 = FACE_BOUND('',#284,.F.);
#284 = EDGE_LOOP('',(#285,#295,#304,#312,#321,#329,#338,#346));
#285 = ORIENTED_EDGE('',*,*,#286,.T.);
#286 = EDGE_CURVE('',#287,#289,#291,.T.);
#287 = VERTEX_POINT('',#288);
#288 = CARTESIAN_POINT('',(-112.95,63.55,0.));
#289 = VERTEX_POINT('',#290);
#290 = CARTESIAN_POINT('',(-112.95,-63.55,0.));
#291 = LINE('',#292,#293);
#292 = CARTESIAN_POINT('',(-112.95,81.85,0.));
#293 = VECTOR('',#294,1.);
#294 = DIRECTION('',(0.,-1.,0.));
#295 = ORIENTED_EDGE('',*,*,#296,.T.);
#296 = EDGE_CURVE('',#289,#297,#299,.T.);
#297 = VERTEX_POINT('',#298);
#298 = CARTESIAN_POINT('',(-94.65,-81.85,0.));
#299 = CIRCLE('',#300,18.3);
#300 = AXIS2_PLACEMENT_3D('',#301,#302,#303);
#301 = CARTESIAN_POINT('',(-94.65,-63.55,0.));
#302 = DIRECTION('',(-0.,0.,1.));
#303 = DIRECTION('',(0.,-1.,0.));
#304 = ORIENTED_EDGE('',*,*,#305,.T.);
#305 = EDGE_CURVE('',#297,#306,#308,.T.);
#306 = VERTEX_POINT('',#307);
#307 = CARTESIAN_POINT('',(94.65,-81.85,0.));
#308 = LINE('',#309,#310);
#309 = CARTESIAN_POINT('',(-112.95,-81.85,0.));
#310 = VECTOR('',#311,1.);
#311 = DIRECTION('',(1.,0.,0.));
#312 = ORIENTED_EDGE('',*,*,#313,.T.);
#313 = EDGE_CURVE('',#306,#314,#316,.T.);
#314 = VERTEX_POINT('',#315);
#315 = CARTESIAN_POINT('',(112.95,-63.55,0.));
#316 = CIRCLE('',#317,18.3);
#317 = AXIS2_PLACEMENT_3D('',#318,#319,#320);
#318 = CARTESIAN_POINT('',(94.65,-63.55,0.));
#319 = DIRECTION('',(-0.,0.,1.));
#320 = DIRECTION('',(0.,-1.,0.));
#321 = ORIENTED_EDGE('',*,*,#322,.T.);
#322 = EDGE_CURVE('',#314,#323,#325,.T.);
#323 = VERTEX_POINT('',#324);
#324 = CARTESIAN_POINT('',(112.95,63.55,0.));
#325 = LINE('',#326,#327);
#326 = CARTESIAN_POINT('',(112.95,-81.85,0.));
#327 = VECTOR('',#328,1.);
#328 = DIRECTION('',(0.,1.,0.));
#329 = ORIENTED_EDGE('',*,*,#330,.F.);
#330 = EDGE_CURVE('',#331,#323,#333,.T.);
#331 = VERTEX_POINT('',#332);
#332 = CARTESIAN_POINT('',(94.65,81.85,0.));
#333 = CIRCLE('',#334,18.3);
#334 = AXIS2_PLACEMENT_3D('',#335,#336,#337);
#335 = CARTESIAN_POINT('',(94.65,63.55,0.));
#336 = DIRECTION('',(-0.,-0.,-1.));
#337 = DIRECTION('',(0.,-1.,0.));
#338 = ORIENTED_EDGE('',*,*,#339,.T.);
#339 = EDGE_CURVE('',#331,#340,#342,.T.);
#340 = VERTEX_POINT('',#341);
#341 = CARTESIAN_POINT('',(-94.65,81.85,0.));
#342 = LINE('',#343,#344);
#343 = CARTESIAN_POINT('',(112.95,81.85,0.));
#344 = VECTOR('',#345,1.);
#345 = DIRECTION('',(-1.,0.,0.));
#346 = ORIENTED_EDGE('',*,*,#347,.F.);
#347 = EDGE_CURVE('',#287,#340,#348,.T.);
#348 = CIRCLE('',#349,18.3);
#349 = AXIS2_PLACEMENT_3D('',#350,#351,#352);
#350 = CARTESIAN_POINT('',(-94.65,63.55,0.));
#351 = DIRECTION('',(-0.,-0.,-1.));
#352 = DIRECTION('',(0.,-1.,0.));
#353 = FACE_BOUND('',#354,.F.);
#354 = EDGE_LOOP('',(#355));
#355 = ORIENTED_EDGE('',*,*,#356,.F.);
#356 = EDGE_CURVE('',#357,#357,#359,.T.);
#357 = VERTEX_POINT('',#358);
#358 = CARTESIAN_POINT('',(-102.9,-73.75,0.));
#359 = CIRCLE('',#360,2.15);
#360 = AXIS2_PLACEMENT_3D('',#361,#362,#363);
#361 = CARTESIAN_POINT('',(-105.05,-73.75,0.));
#362 = DIRECTION('',(0.,0.,1.));
#363 = DIRECTION('',(1.,0.,0.));
#364 = FACE_BOUND('',#365,.F.);
#365 = EDGE_LOOP('',(#366));
#366 = ORIENTED_EDGE('',*,*,#367,.F.);
#367 = EDGE_CURVE('',#368,#368,#370,.T.);
#368 = VERTEX_POINT('',#369);
#369 = CARTESIAN_POINT('',(-32.9,-76.55,0.));
#370 = CIRCLE('',#371,2.15);
#371 = AXIS2_PLACEMENT_3D('',#372,#373,#374);
#372 = CARTESIAN_POINT('',(-35.05,-76.55,0.));
#373 = DIRECTION('',(0.,0.,1.));
#374 = DIRECTION('',(1.,0.,0.));
#375 = FACE_BOUND('',#376,.F.);
#376 = EDGE_LOOP('',(#377));
#377 = ORIENTED_EDGE('',*,*,#378,.F.);
#378 = EDGE_CURVE('',#379,#379,#381,.T.);
#379 = VERTEX_POINT('',#380);
#380 = CARTESIAN_POINT('',(37.189,-76.55,0.));
#381 = CIRCLE('',#382,2.15);
#382 = AXIS2_PLACEMENT_3D('',#383,#384,#385);
#383 = CARTESIAN_POINT('',(35.039,-76.55,0.));
#384 = DIRECTION('',(0.,0.,1.));
#385 = DIRECTION('',(1.,0.,0.));
#386 = FACE_BOUND('',#387,.F.);
#387 = EDGE_LOOP('',(#388));
#388 = ORIENTED_EDGE('',*,*,#389,.F.);
#389 = EDGE_CURVE('',#390,#390,#392,.T.);
#390 = VERTEX_POINT('',#391);
#391 = CARTESIAN_POINT('',(107.2,-73.75,0.));
#392 = CIRCLE('',#393,2.15);
#393 = AXIS2_PLACEMENT_3D('',#394,#395,#396);
#394 = CARTESIAN_POINT('',(105.05,-73.75,0.));
#395 = DIRECTION('',(0.,0.,1.));
#396 = DIRECTION('',(1.,0.,0.));
#397 = FACE_BOUND('',#398,.F.);
#398 = EDGE_LOOP('',(#399));
#399 = ORIENTED_EDGE('',*,*,#400,.F.);
#400 = EDGE_CURVE('',#401,#401,#403,.T.);
#401 = VERTEX_POINT('',#402);
#402 = CARTESIAN_POINT('',(-105.48,0.,0.));
#403 = CIRCLE('',#404,2.15);
#404 = AXIS2_PLACEMENT_3D('',#405,#406,#407);
#405 = CARTESIAN_POINT('',(-107.63,0.,0.));
#406 = DIRECTION('',(0.,0.,1.));
#407 = DIRECTION('',(1.,0.,0.));
#408 = FACE_BOUND('',#409,.F.);
#409 = EDGE_LOOP('',(#410));
#410 = ORIENTED_EDGE('',*,*,#411,.F.);
#411 = EDGE_CURVE('',#412,#412,#414,.T.);
#412 = VERTEX_POINT('',#413);
#413 = CARTESIAN_POINT('',(-102.9,73.75,0.));
#414 = CIRCLE('',#415,2.15);
#415 = AXIS2_PLACEMENT_3D('',#416,#417,#418);
#416 = CARTESIAN_POINT('',(-105.05,73.75,0.));
#417 = DIRECTION('',(0.,0.,1.));
#418 = DIRECTION('',(1.,0.,0.));
#419 = FACE_BOUND('',#420,.F.);
#420 = EDGE_LOOP('',(#421,#432,#440,#449,#457,#466,#474,#483));
#421 = ORIENTED_EDGE('',*,*,#422,.F.);
#422 = EDGE_CURVE('',#423,#425,#427,.T.);
#423 = VERTEX_POINT('',#424);
#424 = CARTESIAN_POINT('',(-67.44999999999,64.849999999992,0.));
#425 = VERTEX_POINT('',#426);
#426 = CARTESIAN_POINT('',(-64.44999999999,67.849999999992,0.));
#427 = CIRCLE('',#428,3.);
#428 = AXIS2_PLACEMENT_3D('',#429,#430,#431);
#429 = CARTESIAN_POINT('',(-67.44999999999,67.849999999992,0.));
#430 = DIRECTION('',(-0.,0.,1.));
#431 = DIRECTION('',(0.,-1.,0.));
#432 = ORIENTED_EDGE('',*,*,#433,.F.);
#433 = EDGE_CURVE('',#434,#423,#436,.T.);
#434 = VERTEX_POINT('',#435);
#435 = CARTESIAN_POINT('',(-74.45,64.849999999992,0.));
#436 = LINE('',#437,#438);
#437 = CARTESIAN_POINT('',(-74.45,64.849999999992,0.));
#438 = VECTOR('',#439,1.);
#439 = DIRECTION('',(1.,0.,0.));
#440 = ORIENTED_EDGE('',*,*,#441,.F.);
#441 = EDGE_CURVE('',#442,#434,#444,.T.);
#442 = VERTEX_POINT('',#443);
#443 = CARTESIAN_POINT('',(-77.45,67.849999999992,4.107825191113E-15));
#444 = CIRCLE('',#445,3.);
#445 = AXIS2_PLACEMENT_3D('',#446,#447,#448);
#446 = CARTESIAN_POINT('',(-74.45,67.849999999992,0.));
#447 = DIRECTION('',(0.,0.,1.));
#448 = DIRECTION('',(-1.,0.,0.));
#449 = ORIENTED_EDGE('',*,*,#450,.F.);
#450 = EDGE_CURVE('',#451,#442,#453,.T.);
#451 = VERTEX_POINT('',#452);
#452 = CARTESIAN_POINT('',(-77.45,74.850000000008,0.));
#453 = LINE('',#454,#455);
#454 = CARTESIAN_POINT('',(-77.45,74.850000000008,0.));
#455 = VECTOR('',#456,1.);
#456 = DIRECTION('',(-0.,-1.,-0.));
#457 = ORIENTED_EDGE('',*,*,#458,.F.);
#458 = EDGE_CURVE('',#459,#451,#461,.T.);
#459 = VERTEX_POINT('',#460);
#460 = CARTESIAN_POINT('',(-74.45,77.850000000008,-9.992007221626E-16));
#461 = CIRCLE('',#462,3.);
#462 = AXIS2_PLACEMENT_3D('',#463,#464,#465);
#463 = CARTESIAN_POINT('',(-74.45,74.850000000008,0.));
#464 = DIRECTION('',(0.,-0.,1.));
#465 = DIRECTION('',(0.,1.,0.));
#466 = ORIENTED_EDGE('',*,*,#467,.F.);
#467 = EDGE_CURVE('',#468,#459,#470,.T.);
#468 = VERTEX_POINT('',#469);
#469 = CARTESIAN_POINT('',(-67.44999999999,77.850000000008,0.));
#470 = LINE('',#471,#472);
#471 = CARTESIAN_POINT('',(-67.44999999999,77.850000000008,0.));
#472 = VECTOR('',#473,1.);
#473 = DIRECTION('',(-1.,-0.,-0.));
#474 = ORIENTED_EDGE('',*,*,#475,.F.);
#475 = EDGE_CURVE('',#476,#468,#478,.T.);
#476 = VERTEX_POINT('',#477);
#477 = CARTESIAN_POINT('',(-64.44999999999,74.850000000008,
    4.107825191113E-15));
#478 = CIRCLE('',#479,3.);
#479 = AXIS2_PLACEMENT_3D('',#480,#481,#482);
#480 = CARTESIAN_POINT('',(-67.44999999999,74.850000000008,0.));
#481 = DIRECTION('',(0.,0.,1.));
#482 = DIRECTION('',(1.,0.,0.));
#483 = ORIENTED_EDGE('',*,*,#484,.F.);
#484 = EDGE_CURVE('',#425,#476,#485,.T.);
#485 = LINE('',#486,#487);
#486 = CARTESIAN_POINT('',(-64.44999999999,67.849999999992,0.));
#487 = VECTOR('',#488,1.);
#488 = DIRECTION('',(0.,1.,0.));
#489 = FACE_BOUND('',#490,.F.);
#490 = EDGE_LOOP('',(#491));
#491 = ORIENTED_EDGE('',*,*,#492,.F.);
#492 = EDGE_CURVE('',#493,#493,#495,.T.);
#493 = VERTEX_POINT('',#494);
#494 = CARTESIAN_POINT('',(-32.9,76.55,0.));
#495 = CIRCLE('',#496,2.15);
#496 = AXIS2_PLACEMENT_3D('',#497,#498,#499);
#497 = CARTESIAN_POINT('',(-35.05,76.55,0.));
#498 = DIRECTION('',(0.,0.,1.));
#499 = DIRECTION('',(1.,0.,0.));
#500 = FACE_BOUND('',#501,.F.);
#501 = EDGE_LOOP('',(#502));
#502 = ORIENTED_EDGE('',*,*,#503,.F.);
#503 = EDGE_CURVE('',#504,#504,#506,.T.);
#504 = VERTEX_POINT('',#505);
#505 = CARTESIAN_POINT('',(109.78,0.,0.));
#506 = CIRCLE('',#507,2.15);
#507 = AXIS2_PLACEMENT_3D('',#508,#509,#510);
#508 = CARTESIAN_POINT('',(107.63,0.,0.));
#509 = DIRECTION('',(0.,0.,1.));
#510 = DIRECTION('',(1.,0.,0.));
#511 = FACE_BOUND('',#512,.F.);
#512 = EDGE_LOOP('',(#513));
#513 = ORIENTED_EDGE('',*,*,#514,.F.);
#514 = EDGE_CURVE('',#515,#515,#517,.T.);
#515 = VERTEX_POINT('',#516);
#516 = CARTESIAN_POINT('',(37.2,76.55,0.));
#517 = CIRCLE('',#518,2.15);
#518 = AXIS2_PLACEMENT_3D('',#519,#520,#521);
#519 = CARTESIAN_POINT('',(35.05,76.55,0.));
#520 = DIRECTION('',(0.,0.,1.));
#521 = DIRECTION('',(1.,0.,0.));
#522 = FACE_BOUND('',#523,.F.);
#523 = EDGE_LOOP('',(#524,#535,#543,#552,#560,#569,#577,#586));
#524 = ORIENTED_EDGE('',*,*,#525,.F.);
#525 = EDGE_CURVE('',#526,#528,#530,.T.);
#526 = VERTEX_POINT('',#527);
#527 = CARTESIAN_POINT('',(75.550000000008,74.850000000008,0.));
#528 = VERTEX_POINT('',#529);
#529 = CARTESIAN_POINT('',(72.550000000008,77.850000000008,0.));
#530 = CIRCLE('',#531,3.);
#531 = AXIS2_PLACEMENT_3D('',#532,#533,#534);
#532 = CARTESIAN_POINT('',(72.550000000008,74.850000000008,0.));
#533 = DIRECTION('',(0.,0.,1.));
#534 = DIRECTION('',(1.,0.,0.));
#535 = ORIENTED_EDGE('',*,*,#536,.F.);
#536 = EDGE_CURVE('',#537,#526,#539,.T.);
#537 = VERTEX_POINT('',#538);
#538 = CARTESIAN_POINT('',(75.550000000008,67.849999999992,0.));
#539 = LINE('',#540,#541);
#540 = CARTESIAN_POINT('',(75.550000000008,67.849999999992,0.));
#541 = VECTOR('',#542,1.);
#542 = DIRECTION('',(0.,1.,0.));
#543 = ORIENTED_EDGE('',*,*,#544,.F.);
#544 = EDGE_CURVE('',#545,#537,#547,.T.);
#545 = VERTEX_POINT('',#546);
#546 = CARTESIAN_POINT('',(72.550000000008,64.849999999992,
    4.107825191113E-15));
#547 = CIRCLE('',#548,3.);
#548 = AXIS2_PLACEMENT_3D('',#549,#550,#551);
#549 = CARTESIAN_POINT('',(72.550000000008,67.849999999992,0.));
#550 = DIRECTION('',(-0.,0.,1.));
#551 = DIRECTION('',(0.,-1.,0.));
#552 = ORIENTED_EDGE('',*,*,#553,.F.);
#553 = EDGE_CURVE('',#554,#545,#556,.T.);
#554 = VERTEX_POINT('',#555);
#555 = CARTESIAN_POINT('',(65.549999999992,64.849999999992,0.));
#556 = LINE('',#557,#558);
#557 = CARTESIAN_POINT('',(65.549999999992,64.849999999992,0.));
#558 = VECTOR('',#559,1.);
#559 = DIRECTION('',(1.,0.,0.));
#560 = ORIENTED_EDGE('',*,*,#561,.F.);
#561 = EDGE_CURVE('',#562,#554,#564,.T.);
#562 = VERTEX_POINT('',#563);
#563 = CARTESIAN_POINT('',(62.549999999992,67.849999999992,
    4.107825191113E-15));
#564 = CIRCLE('',#565,3.);
#565 = AXIS2_PLACEMENT_3D('',#566,#567,#568);
#566 = CARTESIAN_POINT('',(65.549999999992,67.849999999992,0.));
#567 = DIRECTION('',(0.,0.,1.));
#568 = DIRECTION('',(-1.,0.,0.));
#569 = ORIENTED_EDGE('',*,*,#570,.F.);
#570 = EDGE_CURVE('',#571,#562,#573,.T.);
#571 = VERTEX_POINT('',#572);
#572 = CARTESIAN_POINT('',(62.549999999992,74.850000000008,0.));
#573 = LINE('',#574,#575);
#574 = CARTESIAN_POINT('',(62.549999999992,74.850000000008,0.));
#575 = VECTOR('',#576,1.);
#576 = DIRECTION('',(-0.,-1.,-0.));
#577 = ORIENTED_EDGE('',*,*,#578,.F.);
#578 = EDGE_CURVE('',#579,#571,#581,.T.);
#579 = VERTEX_POINT('',#580);
#580 = CARTESIAN_POINT('',(65.549999999992,77.850000000008,
    4.107825191113E-15));
#581 = CIRCLE('',#582,3.);
#582 = AXIS2_PLACEMENT_3D('',#583,#584,#585);
#583 = CARTESIAN_POINT('',(65.549999999992,74.850000000008,0.));
#584 = DIRECTION('',(0.,-0.,1.));
#585 = DIRECTION('',(0.,1.,0.));
#586 = ORIENTED_EDGE('',*,*,#587,.F.);
#587 = EDGE_CURVE('',#528,#579,#588,.T.);
#588 = LINE('',#589,#590);
#589 = CARTESIAN_POINT('',(72.550000000008,77.850000000008,0.));
#590 = VECTOR('',#591,1.);
#591 = DIRECTION('',(-1.,-0.,-0.));
#592 = FACE_BOUND('',#593,.F.);
#593 = EDGE_LOOP('',(#594));
#594 = ORIENTED_EDGE('',*,*,#595,.F.);
#595 = EDGE_CURVE('',#596,#596,#598,.T.);
#596 = VERTEX_POINT('',#597);
#597 = CARTESIAN_POINT('',(107.2,73.75,0.));
#598 = CIRCLE('',#599,2.15);
#599 = AXIS2_PLACEMENT_3D('',#600,#601,#602);
#600 = CARTESIAN_POINT('',(105.05,73.75,0.));
#601 = DIRECTION('',(0.,0.,1.));
#602 = DIRECTION('',(1.,0.,0.));
#603 = PLANE('',#604);
#604 = AXIS2_PLACEMENT_3D('',#605,#606,#607);
#605 = CARTESIAN_POINT('',(0.,0.,0.));
#606 = DIRECTION('',(0.,0.,1.));
#607 = DIRECTION('',(1.,0.,0.));
#608 = ADVANCED_FACE('',(#609,#683),#725,.T.);
#609 = FACE_BOUND('',#610,.T.);
#610 = EDGE_LOOP('',(#611,#621,#627,#628,#637,#645,#653,#661,#669,#677)
  );
#611 = ORIENTED_EDGE('',*,*,#612,.T.);
#612 = EDGE_CURVE('',#613,#615,#617,.T.);
#613 = VERTEX_POINT('',#614);
#614 = CARTESIAN_POINT('',(-73.05,-67.15,3.2));
#615 = VERTEX_POINT('',#616);
#616 = CARTESIAN_POINT('',(-73.05,-19.15,3.2));
#617 = LINE('',#618,#619);
#618 = CARTESIAN_POINT('',(-73.05,-68.15,3.2));
#619 = VECTOR('',#620,1.);
#620 = DIRECTION('',(0.,1.,0.));
#621 = ORIENTED_EDGE('',*,*,#622,.T.);
#622 = EDGE_CURVE('',#615,#24,#623,.T.);
#623 = LINE('',#624,#625);
#624 = CARTESIAN_POINT('',(-73.05,-19.15,3.2));
#625 = VECTOR('',#626,1.);
#626 = DIRECTION('',(-0.,-0.,-1.));
#627 = ORIENTED_EDGE('',*,*,#21,.F.);
#628 = ORIENTED_EDGE('',*,*,#629,.T.);
#629 = EDGE_CURVE('',#22,#630,#632,.T.);
#630 = VERTEX_POINT('',#631);
#631 = CARTESIAN_POINT('',(-73.05,-35.15,-1.));
#632 = HYPERBOLA('',#633,2.,2.);
#633 = AXIS2_PLACEMENT_3D('',#634,#635,#636);
#634 = CARTESIAN_POINT('',(-73.05,-35.15,-3.));
#635 = DIRECTION('',(1.,0.,-0.));
#636 = DIRECTION('',(0.,0.,1.));
#637 = ORIENTED_EDGE('',*,*,#638,.T.);
#638 = EDGE_CURVE('',#630,#639,#641,.T.);
#639 = VERTEX_POINT('',#640);
#640 = CARTESIAN_POINT('',(-73.05,-35.15,-70.));
#641 = LINE('',#642,#643);
#642 = CARTESIAN_POINT('',(-73.05,-35.15,0.));
#643 = VECTOR('',#644,1.);
#644 = DIRECTION('',(0.,0.,-1.));
#645 = ORIENTED_EDGE('',*,*,#646,.F.);
#646 = EDGE_CURVE('',#647,#639,#649,.T.);
#647 = VERTEX_POINT('',#648);
#648 = CARTESIAN_POINT('',(-73.05,-69.15,-70.));
#649 = LINE('',#650,#651);
#650 = CARTESIAN_POINT('',(-73.05,-71.15,-70.));
#651 = VECTOR('',#652,1.);
#652 = DIRECTION('',(0.,1.,0.));
#653 = ORIENTED_EDGE('',*,*,#654,.F.);
#654 = EDGE_CURVE('',#655,#647,#657,.T.);
#655 = VERTEX_POINT('',#656);
#656 = CARTESIAN_POINT('',(-73.05,-69.15,-1.));
#657 = LINE('',#658,#659);
#658 = CARTESIAN_POINT('',(-73.05,-69.15,0.));
#659 = VECTOR('',#660,1.);
#660 = DIRECTION('',(0.,0.,-1.));
#661 = ORIENTED_EDGE('',*,*,#662,.T.);
#662 = EDGE_CURVE('',#655,#663,#665,.T.);
#663 = VERTEX_POINT('',#664);
#664 = CARTESIAN_POINT('',(-73.05,-68.15,-1.));
#665 = LINE('',#666,#667);
#666 = CARTESIAN_POINT('',(-73.05,-69.15,-1.));
#667 = VECTOR('',#668,1.);
#668 = DIRECTION('',(0.,1.,0.));
#669 = ORIENTED_EDGE('',*,*,#670,.T.);
#670 = EDGE_CURVE('',#663,#671,#673,.T.);
#671 = VERTEX_POINT('',#672);
#672 = CARTESIAN_POINT('',(-73.05,-67.15,-1.));
#673 = LINE('',#674,#675);
#674 = CARTESIAN_POINT('',(-73.05,-58.80618583071,-1.));
#675 = VECTOR('',#676,1.);
#676 = DIRECTION('',(0.,1.,-8.360419941201E-18));
#677 = ORIENTED_EDGE('',*,*,#678,.F.);
#678 = EDGE_CURVE('',#613,#671,#679,.T.);
#679 = LINE('',#680,#681);
#680 = CARTESIAN_POINT('',(-73.05,-67.15,3.2));
#681 = VECTOR('',#682,1.);
#682 = DIRECTION('',(-0.,-0.,-1.));
#683 = FACE_BOUND('',#684,.T.);
#684 = EDGE_LOOP('',(#685,#695,#703,#711,#719));
#685 = ORIENTED_EDGE('',*,*,#686,.T.);
#686 = EDGE_CURVE('',#687,#689,#691,.T.);
#687 = VERTEX_POINT('',#688);
#688 = CARTESIAN_POINT('',(-73.05,-38.15,-5.));
#689 = VERTEX_POINT('',#690);
#690 = CARTESIAN_POINT('',(-73.05,-66.15,-5.));
#691 = LINE('',#692,#693);
#692 = CARTESIAN_POINT('',(-73.05,-38.15,-5.));
#693 = VECTOR('',#694,1.);
#694 = DIRECTION('',(0.,-1.,0.));
#695 = ORIENTED_EDGE('',*,*,#696,.T.);
#696 = EDGE_CURVE('',#689,#697,#699,.T.);
#697 = VERTEX_POINT('',#698);
#698 = CARTESIAN_POINT('',(-73.05,-66.15,-20.51752500005));
#699 = LINE('',#700,#701);
#700 = CARTESIAN_POINT('',(-73.05,-66.15,-5.));
#701 = VECTOR('',#702,1.);
#702 = DIRECTION('',(0.,0.,-1.));
#703 = ORIENTED_EDGE('',*,*,#704,.T.);
#704 = EDGE_CURVE('',#697,#705,#707,.T.);
#705 = VERTEX_POINT('',#706);
#706 = CARTESIAN_POINT('',(-73.05,-52.15,-34.51752500005));
#707 = LINE('',#708,#709);
#708 = CARTESIAN_POINT('',(-73.05,-66.15,-20.51752500005));
#709 = VECTOR('',#710,1.);
#710 = DIRECTION('',(-0.,0.707106781187,-0.707106781187));
#711 = ORIENTED_EDGE('',*,*,#712,.F.);
#712 = EDGE_CURVE('',#713,#705,#715,.T.);
#713 = VERTEX_POINT('',#714);
#714 = CARTESIAN_POINT('',(-73.05,-38.15,-20.51752500005));
#715 = LINE('',#716,#717);
#716 = CARTESIAN_POINT('',(-73.05,-38.15,-20.51752500005));
#717 = VECTOR('',#718,1.);
#718 = DIRECTION('',(0.,-0.707106781187,-0.707106781187));
#719 = ORIENTED_EDGE('',*,*,#720,.F.);
#720 = EDGE_CURVE('',#687,#713,#721,.T.);
#721 = LINE('',#722,#723);
#722 = CARTESIAN_POINT('',(-73.05,-38.15,-5.));
#723 = VECTOR('',#724,1.);
#724 = DIRECTION('',(0.,0.,-1.));
#725 = PLANE('',#726);
#726 = AXIS2_PLACEMENT_3D('',#727,#728,#729);
#727 = CARTESIAN_POINT('',(-73.05,-48.46237166142,-28.71694604363));
#728 = DIRECTION('',(-1.,-0.,-0.));
#729 = DIRECTION('',(0.,0.,-1.));
#730 = ADVANCED_FACE('',(#731),#750,.F.);
#731 = FACE_BOUND('',#732,.F.);
#732 = EDGE_LOOP('',(#733,#742,#743,#744));
#733 = ORIENTED_EDGE('',*,*,#734,.T.);
#734 = EDGE_CURVE('',#735,#615,#737,.T.);
#735 = VERTEX_POINT('',#736);
#736 = CARTESIAN_POINT('',(-74.05,-18.15,3.2));
#737 = CIRCLE('',#738,1.);
#738 = AXIS2_PLACEMENT_3D('',#739,#740,#741);
#739 = CARTESIAN_POINT('',(-74.05,-19.15,3.2));
#740 = DIRECTION('',(0.,0.,-1.));
#741 = DIRECTION('',(0.,1.,0.));
#742 = ORIENTED_EDGE('',*,*,#622,.T.);
#743 = ORIENTED_EDGE('',*,*,#277,.F.);
#744 = ORIENTED_EDGE('',*,*,#745,.F.);
#745 = EDGE_CURVE('',#735,#270,#746,.T.);
#746 = LINE('',#747,#748);
#747 = CARTESIAN_POINT('',(-74.05,-18.15,3.2));
#748 = VECTOR('',#749,1.);
#749 = DIRECTION('',(-0.,-0.,-1.));
#750 = CYLINDRICAL_SURFACE('',#751,1.);
#751 = AXIS2_PLACEMENT_3D('',#752,#753,#754);
#752 = CARTESIAN_POINT('',(-74.05,-19.15,3.2));
#753 = DIRECTION('',(-0.,-0.,-1.));
#754 = DIRECTION('',(0.,1.,0.));
#755 = ADVANCED_FACE('',(#756),#775,.T.);
#756 = FACE_BOUND('',#757,.T.);
#757 = EDGE_LOOP('',(#758,#767,#768,#769));
#758 = ORIENTED_EDGE('',*,*,#759,.F.);
#759 = EDGE_CURVE('',#630,#760,#762,.T.);
#760 = VERTEX_POINT('',#761);
#761 = CARTESIAN_POINT('',(-71.05,-33.15,-1.));
#762 = CIRCLE('',#763,2.);
#763 = AXIS2_PLACEMENT_3D('',#764,#765,#766);
#764 = CARTESIAN_POINT('',(-71.05,-35.15,-1.));
#765 = DIRECTION('',(0.,0.,-1.));
#766 = DIRECTION('',(-1.,0.,0.));
#767 = ORIENTED_EDGE('',*,*,#629,.F.);
#768 = ORIENTED_EDGE('',*,*,#31,.T.);
#769 = ORIENTED_EDGE('',*,*,#770,.T.);
#770 = EDGE_CURVE('',#32,#760,#771,.T.);
#771 = LINE('',#772,#773);
#772 = CARTESIAN_POINT('',(-71.05,-32.65,-0.5));
#773 = VECTOR('',#774,1.);
#774 = DIRECTION('',(-4.054583578972E-35,-0.707106781187,-0.707106781187
    ));
#775 = CONICAL_SURFACE('',#776,2.,0.785398163397);
#776 = AXIS2_PLACEMENT_3D('',#777,#778,#779);
#777 = CARTESIAN_POINT('',(-71.05,-35.15,-1.));
#778 = DIRECTION('',(0.,0.,1.));
#779 = DIRECTION('',(-1.,0.,0.));
#780 = ADVANCED_FACE('',(#781),#799,.F.);
#781 = FACE_BOUND('',#782,.F.);
#782 = EDGE_LOOP('',(#783,#791,#792,#793));
#783 = ORIENTED_EDGE('',*,*,#784,.F.);
#784 = EDGE_CURVE('',#735,#785,#787,.T.);
#785 = VERTEX_POINT('',#786);
#786 = CARTESIAN_POINT('',(-102.05,-18.15,3.2));
#787 = LINE('',#788,#789);
#788 = CARTESIAN_POINT('',(-73.05,-18.15,3.2));
#789 = VECTOR('',#790,1.);
#790 = DIRECTION('',(-1.,0.,0.));
#791 = ORIENTED_EDGE('',*,*,#745,.T.);
#792 = ORIENTED_EDGE('',*,*,#269,.T.);
#793 = ORIENTED_EDGE('',*,*,#794,.F.);
#794 = EDGE_CURVE('',#785,#261,#795,.T.);
#795 = LINE('',#796,#797);
#796 = CARTESIAN_POINT('',(-102.05,-18.15,3.2));
#797 = VECTOR('',#798,1.);
#798 = DIRECTION('',(-0.,-0.,-1.));
#799 = PLANE('',#800);
#800 = AXIS2_PLACEMENT_3D('',#801,#802,#803);
#801 = CARTESIAN_POINT('',(-73.05,-18.15,3.2));
#802 = DIRECTION('',(0.,1.,0.));
#803 = DIRECTION('',(-1.,0.,0.));
#804 = ADVANCED_FACE('',(#805),#823,.F.);
#805 = FACE_BOUND('',#806,.T.);
#806 = EDGE_LOOP('',(#807,#808,#809,#817));
#807 = ORIENTED_EDGE('',*,*,#770,.F.);
#808 = ORIENTED_EDGE('',*,*,#40,.T.);
#809 = ORIENTED_EDGE('',*,*,#810,.T.);
#810 = EDGE_CURVE('',#41,#811,#813,.T.);
#811 = VERTEX_POINT('',#812);
#812 = CARTESIAN_POINT('',(-58.45,-33.15,-1.));
#813 = LINE('',#814,#815);
#814 = CARTESIAN_POINT('',(-58.45,-32.65,-0.5));
#815 = VECTOR('',#816,1.);
#816 = DIRECTION('',(-4.054583578972E-35,-0.707106781187,-0.707106781187
    ));
#817 = ORIENTED_EDGE('',*,*,#818,.F.);
#818 = EDGE_CURVE('',#760,#811,#819,.T.);
#819 = LINE('',#820,#821);
#820 = CARTESIAN_POINT('',(-71.05,-33.15,-1.));
#821 = VECTOR('',#822,1.);
#822 = DIRECTION('',(1.,0.,0.));
#823 = PLANE('',#824);
#824 = AXIS2_PLACEMENT_3D('',#825,#826,#827);
#825 = CARTESIAN_POINT('',(-71.05,-32.65,-0.5));
#826 = DIRECTION('',(-5.911709633991E-18,-0.707106781187,0.707106781187)
  );
#827 = DIRECTION('',(-1.,4.180209970601E-18,-4.180209970601E-18));
#828 = ADVANCED_FACE('',(#829),#848,.F.);
#829 = FACE_BOUND('',#830,.T.);
#830 = EDGE_LOOP('',(#831,#840,#846,#847));
#831 = ORIENTED_EDGE('',*,*,#832,.T.);
#832 = EDGE_CURVE('',#785,#833,#835,.T.);
#833 = VERTEX_POINT('',#834);
#834 = CARTESIAN_POINT('',(-103.05,-19.15,3.2));
#835 = CIRCLE('',#836,1.);
#836 = AXIS2_PLACEMENT_3D('',#837,#838,#839);
#837 = CARTESIAN_POINT('',(-102.05,-19.15,3.2));
#838 = DIRECTION('',(0.,-0.,1.));
#839 = DIRECTION('',(0.,1.,0.));
#840 = ORIENTED_EDGE('',*,*,#841,.T.);
#841 = EDGE_CURVE('',#833,#253,#842,.T.);
#842 = LINE('',#843,#844);
#843 = CARTESIAN_POINT('',(-103.05,-19.15,3.2));
#844 = VECTOR('',#845,1.);
#845 = DIRECTION('',(-0.,-0.,-1.));
#846 = ORIENTED_EDGE('',*,*,#260,.F.);
#847 = ORIENTED_EDGE('',*,*,#794,.F.);
#848 = CYLINDRICAL_SURFACE('',#849,1.);
#849 = AXIS2_PLACEMENT_3D('',#850,#851,#852);
#850 = CARTESIAN_POINT('',(-102.05,-19.15,3.2));
#851 = DIRECTION('',(-0.,-0.,-1.));
#852 = DIRECTION('',(0.,1.,0.));
#853 = ADVANCED_FACE('',(#854),#873,.F.);
#854 = FACE_BOUND('',#855,.T.);
#855 = EDGE_LOOP('',(#856,#857,#858,#866));
#856 = ORIENTED_EDGE('',*,*,#810,.F.);
#857 = ORIENTED_EDGE('',*,*,#48,.T.);
#858 = ORIENTED_EDGE('',*,*,#859,.T.);
#859 = EDGE_CURVE('',#49,#860,#862,.T.);
#860 = VERTEX_POINT('',#861);
#861 = CARTESIAN_POINT('',(-56.45,-31.15,-1.));
#862 = LINE('',#863,#864);
#863 = CARTESIAN_POINT('',(-56.45,-31.15,-1.));
#864 = VECTOR('',#865,1.);
#865 = DIRECTION('',(0.707106781187,-6.713347862853E-16,-0.707106781187)
  );
#866 = ORIENTED_EDGE('',*,*,#867,.F.);
#867 = EDGE_CURVE('',#811,#860,#868,.T.);
#868 = CIRCLE('',#869,2.);
#869 = AXIS2_PLACEMENT_3D('',#870,#871,#872);
#870 = CARTESIAN_POINT('',(-58.45,-31.15,-1.));
#871 = DIRECTION('',(-0.,0.,1.));
#872 = DIRECTION('',(0.,-1.,0.));
#873 = CONICAL_SURFACE('',#874,2.,0.785398163397);
#874 = AXIS2_PLACEMENT_3D('',#875,#876,#877);
#875 = CARTESIAN_POINT('',(-58.45,-31.15,-1.));
#876 = DIRECTION('',(-0.,-0.,-1.));
#877 = DIRECTION('',(0.,-1.,0.));
#878 = ADVANCED_FACE('',(#879),#897,.F.);
#879 = FACE_BOUND('',#880,.F.);
#880 = EDGE_LOOP('',(#881,#889,#890,#891));
#881 = ORIENTED_EDGE('',*,*,#882,.F.);
#882 = EDGE_CURVE('',#833,#883,#885,.T.);
#883 = VERTEX_POINT('',#884);
#884 = CARTESIAN_POINT('',(-103.05,-67.15,3.2));
#885 = LINE('',#886,#887);
#886 = CARTESIAN_POINT('',(-103.05,-18.15,3.2));
#887 = VECTOR('',#888,1.);
#888 = DIRECTION('',(0.,-1.,0.));
#889 = ORIENTED_EDGE('',*,*,#841,.T.);
#890 = ORIENTED_EDGE('',*,*,#252,.T.);
#891 = ORIENTED_EDGE('',*,*,#892,.F.);
#892 = EDGE_CURVE('',#883,#244,#893,.T.);
#893 = LINE('',#894,#895);
#894 = CARTESIAN_POINT('',(-103.05,-67.15,3.2));
#895 = VECTOR('',#896,1.);
#896 = DIRECTION('',(-0.,-0.,-1.));
#897 = PLANE('',#898);
#898 = AXIS2_PLACEMENT_3D('',#899,#900,#901);
#899 = CARTESIAN_POINT('',(-103.05,-18.15,3.2));
#900 = DIRECTION('',(-1.,0.,0.));
#901 = DIRECTION('',(0.,-1.,0.));
#902 = ADVANCED_FACE('',(#903),#921,.T.);
#903 = FACE_BOUND('',#904,.T.);
#904 = EDGE_LOOP('',(#905,#906,#907,#915));
#905 = ORIENTED_EDGE('',*,*,#859,.F.);
#906 = ORIENTED_EDGE('',*,*,#57,.T.);
#907 = ORIENTED_EDGE('',*,*,#908,.T.);
#908 = EDGE_CURVE('',#58,#909,#911,.T.);
#909 = VERTEX_POINT('',#910);
#910 = CARTESIAN_POINT('',(-56.45,-22.15,-1.));
#911 = LINE('',#912,#913);
#912 = CARTESIAN_POINT('',(-56.95,-22.15,-0.5));
#913 = VECTOR('',#914,1.);
#914 = DIRECTION('',(0.707106781187,1.612742825023E-32,-0.707106781187)
  );
#915 = ORIENTED_EDGE('',*,*,#916,.F.);
#916 = EDGE_CURVE('',#860,#909,#917,.T.);
#917 = LINE('',#918,#919);
#918 = CARTESIAN_POINT('',(-56.45,-31.15,-1.));
#919 = VECTOR('',#920,1.);
#920 = DIRECTION('',(0.,1.,0.));
#921 = PLANE('',#922);
#922 = AXIS2_PLACEMENT_3D('',#923,#924,#925);
#923 = CARTESIAN_POINT('',(-56.95,-31.15,-0.5));
#924 = DIRECTION('',(-0.707106781187,5.055530073263E-16,-0.707106781187)
  );
#925 = DIRECTION('',(3.574799597297E-16,1.,3.574799597297E-16));
#926 = ADVANCED_FACE('',(#927),#946,.F.);
#927 = FACE_BOUND('',#928,.T.);
#928 = EDGE_LOOP('',(#929,#938,#944,#945));
#929 = ORIENTED_EDGE('',*,*,#930,.T.);
#930 = EDGE_CURVE('',#883,#931,#933,.T.);
#931 = VERTEX_POINT('',#932);
#932 = CARTESIAN_POINT('',(-102.05,-68.15,3.2));
#933 = CIRCLE('',#934,1.);
#934 = AXIS2_PLACEMENT_3D('',#935,#936,#937);
#935 = CARTESIAN_POINT('',(-102.05,-67.15,3.2));
#936 = DIRECTION('',(0.,-0.,1.));
#937 = DIRECTION('',(0.,1.,0.));
#938 = ORIENTED_EDGE('',*,*,#939,.T.);
#939 = EDGE_CURVE('',#931,#236,#940,.T.);
#940 = LINE('',#941,#942);
#941 = CARTESIAN_POINT('',(-102.05,-68.15,3.2));
#942 = VECTOR('',#943,1.);
#943 = DIRECTION('',(-0.,-0.,-1.));
#944 = ORIENTED_EDGE('',*,*,#243,.F.);
#945 = ORIENTED_EDGE('',*,*,#892,.F.);
#946 = CYLINDRICAL_SURFACE('',#947,1.);
#947 = AXIS2_PLACEMENT_3D('',#948,#949,#950);
#948 = CARTESIAN_POINT('',(-102.05,-67.15,3.2));
#949 = DIRECTION('',(-0.,-0.,-1.));
#950 = DIRECTION('',(-1.,0.,0.));
#951 = ADVANCED_FACE('',(#952),#971,.T.);
#952 = FACE_BOUND('',#953,.T.);
#953 = EDGE_LOOP('',(#954,#955,#956,#964));
#954 = ORIENTED_EDGE('',*,*,#908,.F.);
#955 = ORIENTED_EDGE('',*,*,#65,.T.);
#956 = ORIENTED_EDGE('',*,*,#957,.T.);
#957 = EDGE_CURVE('',#66,#958,#960,.T.);
#958 = VERTEX_POINT('',#959);
#959 = CARTESIAN_POINT('',(-54.45,-20.15,-1.));
#960 = LINE('',#961,#962);
#961 = CARTESIAN_POINT('',(-54.45,-20.15,-1.));
#962 = VECTOR('',#963,1.);
#963 = DIRECTION('',(4.329780281177E-17,-0.707106781187,-0.707106781187)
  );
#964 = ORIENTED_EDGE('',*,*,#965,.F.);
#965 = EDGE_CURVE('',#909,#958,#966,.T.);
#966 = CIRCLE('',#967,2.);
#967 = AXIS2_PLACEMENT_3D('',#968,#969,#970);
#968 = CARTESIAN_POINT('',(-54.45,-22.15,-1.));
#969 = DIRECTION('',(0.,0.,-1.));
#970 = DIRECTION('',(-1.,1.7763568394E-15,0.));
#971 = CONICAL_SURFACE('',#972,2.,0.785398163397);
#972 = AXIS2_PLACEMENT_3D('',#973,#974,#975);
#973 = CARTESIAN_POINT('',(-54.45,-22.15,-1.));
#974 = DIRECTION('',(0.,0.,1.));
#975 = DIRECTION('',(-1.,1.7763568394E-15,0.));
#976 = ADVANCED_FACE('',(#977),#995,.F.);
#977 = FACE_BOUND('',#978,.F.);
#978 = EDGE_LOOP('',(#979,#987,#988,#989));
#979 = ORIENTED_EDGE('',*,*,#980,.F.);
#980 = EDGE_CURVE('',#931,#981,#983,.T.);
#981 = VERTEX_POINT('',#982);
#982 = CARTESIAN_POINT('',(-74.05,-68.15,3.2));
#983 = LINE('',#984,#985);
#984 = CARTESIAN_POINT('',(-103.05,-68.15,3.2));
#985 = VECTOR('',#986,1.);
#986 = DIRECTION('',(1.,0.,0.));
#987 = ORIENTED_EDGE('',*,*,#939,.T.);
#988 = ORIENTED_EDGE('',*,*,#235,.T.);
#989 = ORIENTED_EDGE('',*,*,#990,.F.);
#990 = EDGE_CURVE('',#981,#228,#991,.T.);
#991 = LINE('',#992,#993);
#992 = CARTESIAN_POINT('',(-74.05,-68.15,3.2));
#993 = VECTOR('',#994,1.);
#994 = DIRECTION('',(-0.,-0.,-1.));
#995 = PLANE('',#996);
#996 = AXIS2_PLACEMENT_3D('',#997,#998,#999);
#997 = CARTESIAN_POINT('',(-103.05,-68.15,3.2));
#998 = DIRECTION('',(0.,-1.,0.));
#999 = DIRECTION('',(1.,0.,0.));
#1000 = ADVANCED_FACE('',(#1001),#1019,.F.);
#1001 = FACE_BOUND('',#1002,.T.);
#1002 = EDGE_LOOP('',(#1003,#1004,#1005,#1013));
#1003 = ORIENTED_EDGE('',*,*,#957,.F.);
#1004 = ORIENTED_EDGE('',*,*,#74,.T.);
#1005 = ORIENTED_EDGE('',*,*,#1006,.T.);
#1006 = EDGE_CURVE('',#75,#1007,#1009,.T.);
#1007 = VERTEX_POINT('',#1008);
#1008 = CARTESIAN_POINT('',(-47.45,-20.15,-1.));
#1009 = LINE('',#1010,#1011);
#1010 = CARTESIAN_POINT('',(-47.45,-19.65,-0.5));
#1011 = VECTOR('',#1012,1.);
#1012 = DIRECTION('',(-4.054583578972E-35,-0.707106781187,
    -0.707106781187));
#1013 = ORIENTED_EDGE('',*,*,#1014,.F.);
#1014 = EDGE_CURVE('',#958,#1007,#1015,.T.);
#1015 = LINE('',#1016,#1017);
#1016 = CARTESIAN_POINT('',(-54.45,-20.15,-1.));
#1017 = VECTOR('',#1018,1.);
#1018 = DIRECTION('',(1.,0.,0.));
#1019 = PLANE('',#1020);
#1020 = AXIS2_PLACEMENT_3D('',#1021,#1022,#1023);
#1021 = CARTESIAN_POINT('',(-54.45,-19.65,-0.5));
#1022 = DIRECTION('',(-5.911709633991E-18,-0.707106781187,0.707106781187
    ));
#1023 = DIRECTION('',(-1.,4.180209970601E-18,-4.180209970601E-18));
#1024 = ADVANCED_FACE('',(#1025),#1043,.F.);
#1025 = FACE_BOUND('',#1026,.T.);
#1026 = EDGE_LOOP('',(#1027,#1034,#1035,#1036,#1042));
#1027 = ORIENTED_EDGE('',*,*,#1028,.T.);
#1028 = EDGE_CURVE('',#228,#671,#1029,.T.);
#1029 = ELLIPSE('',#1030,1.414213562373,1.);
#1030 = AXIS2_PLACEMENT_3D('',#1031,#1032,#1033);
#1031 = CARTESIAN_POINT('',(-74.05,-67.15,7.549516567451E-15));
#1032 = DIRECTION('',(0.707106781187,5.911709633991E-18,0.707106781187)
  );
#1033 = DIRECTION('',(0.707106781187,5.911709633991E-18,-0.707106781187)
  );
#1034 = ORIENTED_EDGE('',*,*,#670,.F.);
#1035 = ORIENTED_EDGE('',*,*,#662,.F.);
#1036 = ORIENTED_EDGE('',*,*,#1037,.F.);
#1037 = EDGE_CURVE('',#219,#655,#1038,.T.);
#1038 = LINE('',#1039,#1040);
#1039 = CARTESIAN_POINT('',(-73.05,-69.15,-1.));
#1040 = VECTOR('',#1041,1.);
#1041 = DIRECTION('',(0.707106781187,4.329780281177E-17,-0.707106781187)
  );
#1042 = ORIENTED_EDGE('',*,*,#227,.T.);
#1043 = PLANE('',#1044);
#1044 = AXIS2_PLACEMENT_3D('',#1045,#1046,#1047);
#1045 = CARTESIAN_POINT('',(-73.55,-69.15,-0.5));
#1046 = DIRECTION('',(0.707106781187,5.911709633991E-18,0.707106781187)
  );
#1047 = DIRECTION('',(4.180209970601E-18,-1.,4.180209970601E-18));
#1048 = ADVANCED_FACE('',(#1049),#1068,.T.);
#1049 = FACE_BOUND('',#1050,.T.);
#1050 = EDGE_LOOP('',(#1051,#1052,#1053,#1061));
#1051 = ORIENTED_EDGE('',*,*,#1006,.F.);
#1052 = ORIENTED_EDGE('',*,*,#82,.T.);
#1053 = ORIENTED_EDGE('',*,*,#1054,.T.);
#1054 = EDGE_CURVE('',#83,#1055,#1057,.T.);
#1055 = VERTEX_POINT('',#1056);
#1056 = CARTESIAN_POINT('',(-45.45,-22.15,-1.));
#1057 = LINE('',#1058,#1059);
#1058 = CARTESIAN_POINT('',(-45.45,-22.15,-1.));
#1059 = VECTOR('',#1060,1.);
#1060 = DIRECTION('',(-0.707106781187,-6.713347862853E-16,
    -0.707106781187));
#1061 = ORIENTED_EDGE('',*,*,#1062,.F.);
#1062 = EDGE_CURVE('',#1007,#1055,#1063,.T.);
#1063 = CIRCLE('',#1064,2.);
#1064 = AXIS2_PLACEMENT_3D('',#1065,#1066,#1067);
#1065 = CARTESIAN_POINT('',(-47.45,-22.15,-1.));
#1066 = DIRECTION('',(0.,0.,-1.));
#1067 = DIRECTION('',(0.,1.,0.));
#1068 = CONICAL_SURFACE('',#1069,2.,0.785398163397);
#1069 = AXIS2_PLACEMENT_3D('',#1070,#1071,#1072);
#1070 = CARTESIAN_POINT('',(-47.45,-22.15,-1.));
#1071 = DIRECTION('',(0.,0.,1.));
#1072 = DIRECTION('',(0.,1.,0.));
#1073 = ADVANCED_FACE('',(#1074),#1093,.T.);
#1074 = FACE_BOUND('',#1075,.T.);
#1075 = EDGE_LOOP('',(#1076,#1084,#1085,#1086));
#1076 = ORIENTED_EDGE('',*,*,#1077,.F.);
#1077 = EDGE_CURVE('',#211,#1078,#1080,.T.);
#1078 = VERTEX_POINT('',#1079);
#1079 = CARTESIAN_POINT('',(-71.05,-71.15,-1.));
#1080 = LINE('',#1081,#1082);
#1081 = CARTESIAN_POINT('',(-71.05,-71.65,-0.5));
#1082 = VECTOR('',#1083,1.);
#1083 = DIRECTION('',(-4.054583578972E-35,0.707106781187,-0.707106781187
    ));
#1084 = ORIENTED_EDGE('',*,*,#218,.T.);
#1085 = ORIENTED_EDGE('',*,*,#1037,.T.);
#1086 = ORIENTED_EDGE('',*,*,#1087,.F.);
#1087 = EDGE_CURVE('',#1078,#655,#1088,.T.);
#1088 = CIRCLE('',#1089,2.);
#1089 = AXIS2_PLACEMENT_3D('',#1090,#1091,#1092);
#1090 = CARTESIAN_POINT('',(-71.05,-69.15,-1.));
#1091 = DIRECTION('',(-0.,-0.,-1.));
#1092 = DIRECTION('',(0.,-1.,0.));
#1093 = CONICAL_SURFACE('',#1094,2.,0.785398163397);
#1094 = AXIS2_PLACEMENT_3D('',#1095,#1096,#1097);
#1095 = CARTESIAN_POINT('',(-71.05,-69.15,-1.));
#1096 = DIRECTION('',(0.,0.,1.));
#1097 = DIRECTION('',(0.,-1.,0.));
#1098 = ADVANCED_FACE('',(#1099),#1117,.T.);
#1099 = FACE_BOUND('',#1100,.T.);
#1100 = EDGE_LOOP('',(#1101,#1102,#1103,#1111));
#1101 = ORIENTED_EDGE('',*,*,#1054,.F.);
#1102 = ORIENTED_EDGE('',*,*,#91,.T.);
#1103 = ORIENTED_EDGE('',*,*,#1104,.T.);
#1104 = EDGE_CURVE('',#92,#1105,#1107,.T.);
#1105 = VERTEX_POINT('',#1106);
#1106 = CARTESIAN_POINT('',(-45.45,-31.15,-1.));
#1107 = LINE('',#1108,#1109);
#1108 = CARTESIAN_POINT('',(-44.95,-31.15,-0.5));
#1109 = VECTOR('',#1110,1.);
#1110 = DIRECTION('',(-0.707106781187,-1.373932654392E-32,
    -0.707106781187));
#1111 = ORIENTED_EDGE('',*,*,#1112,.F.);
#1112 = EDGE_CURVE('',#1055,#1105,#1113,.T.);
#1113 = LINE('',#1114,#1115);
#1114 = CARTESIAN_POINT('',(-45.45,-22.15,-1.));
#1115 = VECTOR('',#1116,1.);
#1116 = DIRECTION('',(0.,-1.,0.));
#1117 = PLANE('',#1118);
#1118 = AXIS2_PLACEMENT_3D('',#1119,#1120,#1121);
#1119 = CARTESIAN_POINT('',(-44.95,-22.15,-0.5));
#1120 = DIRECTION('',(0.707106781187,5.077454667082E-16,-0.707106781187)
  );
#1121 = DIRECTION('',(3.590302626261E-16,-1.,-3.590302626261E-16));
#1122 = ADVANCED_FACE('',(#1123),#1141,.T.);
#1123 = FACE_BOUND('',#1124,.T.);
#1124 = EDGE_LOOP('',(#1125,#1133,#1134,#1135));
#1125 = ORIENTED_EDGE('',*,*,#1126,.F.);
#1126 = EDGE_CURVE('',#202,#1127,#1129,.T.);
#1127 = VERTEX_POINT('',#1128);
#1128 = CARTESIAN_POINT('',(100.95,-71.15,-1.));
#1129 = LINE('',#1130,#1131);
#1130 = CARTESIAN_POINT('',(100.95,-71.15,-1.));
#1131 = VECTOR('',#1132,1.);
#1132 = DIRECTION('',(-4.329780281177E-17,0.707106781187,-0.707106781187
    ));
#1133 = ORIENTED_EDGE('',*,*,#210,.T.);
#1134 = ORIENTED_EDGE('',*,*,#1077,.T.);
#1135 = ORIENTED_EDGE('',*,*,#1136,.F.);
#1136 = EDGE_CURVE('',#1127,#1078,#1137,.T.);
#1137 = LINE('',#1138,#1139);
#1138 = CARTESIAN_POINT('',(100.95,-71.15,-1.));
#1139 = VECTOR('',#1140,1.);
#1140 = DIRECTION('',(-1.,-0.,-0.));
#1141 = PLANE('',#1142);
#1142 = AXIS2_PLACEMENT_3D('',#1143,#1144,#1145);
#1143 = CARTESIAN_POINT('',(100.95,-71.65,-0.5));
#1144 = DIRECTION('',(5.911709633991E-18,-0.707106781187,-0.707106781187
    ));
#1145 = DIRECTION('',(-1.,-4.180209970601E-18,-4.180209970601E-18));
#1146 = ADVANCED_FACE('',(#1147),#1166,.F.);
#1147 = FACE_BOUND('',#1148,.T.);
#1148 = EDGE_LOOP('',(#1149,#1150,#1151,#1159));
#1149 = ORIENTED_EDGE('',*,*,#1104,.F.);
#1150 = ORIENTED_EDGE('',*,*,#99,.T.);
#1151 = ORIENTED_EDGE('',*,*,#1152,.T.);
#1152 = EDGE_CURVE('',#100,#1153,#1155,.T.);
#1153 = VERTEX_POINT('',#1154);
#1154 = CARTESIAN_POINT('',(-43.45,-33.15,-1.));
#1155 = LINE('',#1156,#1157);
#1156 = CARTESIAN_POINT('',(-43.45,-33.15,-1.));
#1157 = VECTOR('',#1158,1.);
#1158 = DIRECTION('',(-4.329780281177E-17,-0.707106781187,
    -0.707106781187));
#1159 = ORIENTED_EDGE('',*,*,#1160,.F.);
#1160 = EDGE_CURVE('',#1105,#1153,#1161,.T.);
#1161 = CIRCLE('',#1162,2.);
#1162 = AXIS2_PLACEMENT_3D('',#1163,#1164,#1165);
#1163 = CARTESIAN_POINT('',(-43.45,-31.15,-1.));
#1164 = DIRECTION('',(0.,0.,1.));
#1165 = DIRECTION('',(-1.,-1.7763568394E-15,0.));
#1166 = CONICAL_SURFACE('',#1167,2.,0.785398163397);
#1167 = AXIS2_PLACEMENT_3D('',#1168,#1169,#1170);
#1168 = CARTESIAN_POINT('',(-43.45,-31.15,-1.));
#1169 = DIRECTION('',(-0.,-0.,-1.));
#1170 = DIRECTION('',(-1.,-1.7763568394E-15,0.));
#1171 = ADVANCED_FACE('',(#1172),#1191,.T.);
#1172 = FACE_BOUND('',#1173,.T.);
#1173 = EDGE_LOOP('',(#1174,#1182,#1183,#1184));
#1174 = ORIENTED_EDGE('',*,*,#1175,.F.);
#1175 = EDGE_CURVE('',#194,#1176,#1178,.T.);
#1176 = VERTEX_POINT('',#1177);
#1177 = CARTESIAN_POINT('',(102.95,-69.15,-1.));
#1178 = LINE('',#1179,#1180);
#1179 = CARTESIAN_POINT('',(103.45,-69.15,-0.5));
#1180 = VECTOR('',#1181,1.);
#1181 = DIRECTION('',(-0.707106781187,-4.054583578972E-35,
    -0.707106781187));
#1182 = ORIENTED_EDGE('',*,*,#201,.T.);
#1183 = ORIENTED_EDGE('',*,*,#1126,.T.);
#1184 = ORIENTED_EDGE('',*,*,#1185,.F.);
#1185 = EDGE_CURVE('',#1176,#1127,#1186,.T.);
#1186 = CIRCLE('',#1187,2.);
#1187 = AXIS2_PLACEMENT_3D('',#1188,#1189,#1190);
#1188 = CARTESIAN_POINT('',(100.95,-69.15,-1.));
#1189 = DIRECTION('',(0.,0.,-1.));
#1190 = DIRECTION('',(1.,0.,0.));
#1191 = CONICAL_SURFACE('',#1192,2.,0.785398163397);
#1192 = AXIS2_PLACEMENT_3D('',#1193,#1194,#1195);
#1193 = CARTESIAN_POINT('',(100.95,-69.15,-1.));
#1194 = DIRECTION('',(0.,0.,1.));
#1195 = DIRECTION('',(1.,0.,0.));
#1196 = ADVANCED_FACE('',(#1197),#1215,.F.);
#1197 = FACE_BOUND('',#1198,.T.);
#1198 = EDGE_LOOP('',(#1199,#1200,#1201,#1209));
#1199 = ORIENTED_EDGE('',*,*,#1152,.F.);
#1200 = ORIENTED_EDGE('',*,*,#108,.T.);
#1201 = ORIENTED_EDGE('',*,*,#1202,.T.);
#1202 = EDGE_CURVE('',#109,#1203,#1205,.T.);
#1203 = VERTEX_POINT('',#1204);
#1204 = CARTESIAN_POINT('',(31.549999999998,-33.15,-1.));
#1205 = LINE('',#1206,#1207);
#1206 = CARTESIAN_POINT('',(31.549999999998,-32.65,-0.5));
#1207 = VECTOR('',#1208,1.);
#1208 = DIRECTION('',(-4.054583578972E-35,-0.707106781187,
    -0.707106781187));
#1209 = ORIENTED_EDGE('',*,*,#1210,.F.);
#1210 = EDGE_CURVE('',#1153,#1203,#1211,.T.);
#1211 = LINE('',#1212,#1213);
#1212 = CARTESIAN_POINT('',(-43.45,-33.15,-1.));
#1213 = VECTOR('',#1214,1.);
#1214 = DIRECTION('',(1.,0.,0.));
#1215 = PLANE('',#1216);
#1216 = AXIS2_PLACEMENT_3D('',#1217,#1218,#1219);
#1217 = CARTESIAN_POINT('',(-43.45,-32.65,-0.5));
#1218 = DIRECTION('',(-5.911709633991E-18,-0.707106781187,0.707106781187
    ));
#1219 = DIRECTION('',(-1.,4.180209970601E-18,-4.180209970601E-18));
#1220 = ADVANCED_FACE('',(#1221),#1239,.T.);
#1221 = FACE_BOUND('',#1222,.T.);
#1222 = EDGE_LOOP('',(#1223,#1231,#1232,#1233));
#1223 = ORIENTED_EDGE('',*,*,#1224,.F.);
#1224 = EDGE_CURVE('',#185,#1225,#1227,.T.);
#1225 = VERTEX_POINT('',#1226);
#1226 = CARTESIAN_POINT('',(102.95,-35.15,-1.));
#1227 = LINE('',#1228,#1229);
#1228 = CARTESIAN_POINT('',(102.95,-35.15,-1.));
#1229 = VECTOR('',#1230,1.);
#1230 = DIRECTION('',(-0.707106781187,-4.329780281177E-17,
    -0.707106781187));
#1231 = ORIENTED_EDGE('',*,*,#193,.T.);
#1232 = ORIENTED_EDGE('',*,*,#1175,.T.);
#1233 = ORIENTED_EDGE('',*,*,#1234,.F.);
#1234 = EDGE_CURVE('',#1225,#1176,#1235,.T.);
#1235 = LINE('',#1236,#1237);
#1236 = CARTESIAN_POINT('',(102.95,-35.15,-1.));
#1237 = VECTOR('',#1238,1.);
#1238 = DIRECTION('',(-0.,-1.,-0.));
#1239 = PLANE('',#1240);
#1240 = AXIS2_PLACEMENT_3D('',#1241,#1242,#1243);
#1241 = CARTESIAN_POINT('',(103.45,-35.15,-0.5));
#1242 = DIRECTION('',(0.707106781187,-5.911709633991E-18,-0.707106781187
    ));
#1243 = DIRECTION('',(-4.180209970601E-18,-1.,4.180209970601E-18));
#1244 = ADVANCED_FACE('',(#1245),#1264,.F.);
#1245 = FACE_BOUND('',#1246,.T.);
#1246 = EDGE_LOOP('',(#1247,#1248,#1249,#1257));
#1247 = ORIENTED_EDGE('',*,*,#1202,.F.);
#1248 = ORIENTED_EDGE('',*,*,#116,.T.);
#1249 = ORIENTED_EDGE('',*,*,#1250,.T.);
#1250 = EDGE_CURVE('',#117,#1251,#1253,.T.);
#1251 = VERTEX_POINT('',#1252);
#1252 = CARTESIAN_POINT('',(33.549999999998,-31.15,-1.));
#1253 = LINE('',#1254,#1255);
#1254 = CARTESIAN_POINT('',(33.549999999998,-31.15,-1.));
#1255 = VECTOR('',#1256,1.);
#1256 = DIRECTION('',(0.707106781187,1.569659480656E-13,-0.707106781187)
  );
#1257 = ORIENTED_EDGE('',*,*,#1258,.F.);
#1258 = EDGE_CURVE('',#1203,#1251,#1259,.T.);
#1259 = CIRCLE('',#1260,2.);
#1260 = AXIS2_PLACEMENT_3D('',#1261,#1262,#1263);
#1261 = CARTESIAN_POINT('',(31.549999999998,-31.15,-1.));
#1262 = DIRECTION('',(-0.,0.,1.));
#1263 = DIRECTION('',(1.7763568394E-15,-1.,0.));
#1264 = CONICAL_SURFACE('',#1265,2.,0.785398163397);
#1265 = AXIS2_PLACEMENT_3D('',#1266,#1267,#1268);
#1266 = CARTESIAN_POINT('',(31.549999999998,-31.15,-1.));
#1267 = DIRECTION('',(-0.,-0.,-1.));
#1268 = DIRECTION('',(1.7763568394E-15,-1.,0.));
#1269 = ADVANCED_FACE('',(#1270),#1289,.T.);
#1270 = FACE_BOUND('',#1271,.T.);
#1271 = EDGE_LOOP('',(#1272,#1280,#1281,#1282));
#1272 = ORIENTED_EDGE('',*,*,#1273,.F.);
#1273 = EDGE_CURVE('',#177,#1274,#1276,.T.);
#1274 = VERTEX_POINT('',#1275);
#1275 = CARTESIAN_POINT('',(100.95,-33.15,-1.));
#1276 = LINE('',#1277,#1278);
#1277 = CARTESIAN_POINT('',(100.95,-32.65,-0.5));
#1278 = VECTOR('',#1279,1.);
#1279 = DIRECTION('',(-4.054583578972E-35,-0.707106781187,
    -0.707106781187));
#1280 = ORIENTED_EDGE('',*,*,#184,.T.);
#1281 = ORIENTED_EDGE('',*,*,#1224,.T.);
#1282 = ORIENTED_EDGE('',*,*,#1283,.F.);
#1283 = EDGE_CURVE('',#1274,#1225,#1284,.T.);
#1284 = CIRCLE('',#1285,2.);
#1285 = AXIS2_PLACEMENT_3D('',#1286,#1287,#1288);
#1286 = CARTESIAN_POINT('',(100.95,-35.15,-1.));
#1287 = DIRECTION('',(0.,0.,-1.));
#1288 = DIRECTION('',(0.,1.,0.));
#1289 = CONICAL_SURFACE('',#1290,2.,0.785398163397);
#1290 = AXIS2_PLACEMENT_3D('',#1291,#1292,#1293);
#1291 = CARTESIAN_POINT('',(100.95,-35.15,-1.));
#1292 = DIRECTION('',(0.,0.,1.));
#1293 = DIRECTION('',(0.,1.,0.));
#1294 = ADVANCED_FACE('',(#1295),#1313,.T.);
#1295 = FACE_BOUND('',#1296,.T.);
#1296 = EDGE_LOOP('',(#1297,#1298,#1299,#1307));
#1297 = ORIENTED_EDGE('',*,*,#1250,.F.);
#1298 = ORIENTED_EDGE('',*,*,#125,.T.);
#1299 = ORIENTED_EDGE('',*,*,#1300,.T.);
#1300 = EDGE_CURVE('',#126,#1301,#1303,.T.);
#1301 = VERTEX_POINT('',#1302);
#1302 = CARTESIAN_POINT('',(33.549999999997,-22.14999999999,
    -1.000000000001));
#1303 = LINE('',#1304,#1305);
#1304 = CARTESIAN_POINT('',(33.049999999997,-22.14999999999,
    -0.500000000001));
#1305 = VECTOR('',#1306,1.);
#1306 = DIRECTION('',(0.707106781187,5.534515299918E-30,-0.707106781187)
  );
#1307 = ORIENTED_EDGE('',*,*,#1308,.F.);
#1308 = EDGE_CURVE('',#1251,#1301,#1309,.T.);
#1309 = LINE('',#1310,#1311);
#1310 = CARTESIAN_POINT('',(33.549999999998,-31.15,-1.));
#1311 = VECTOR('',#1312,1.);
#1312 = DIRECTION('',(0.,1.,0.));
#1313 = PLANE('',#1314);
#1314 = AXIS2_PLACEMENT_3D('',#1315,#1316,#1317);
#1315 = CARTESIAN_POINT('',(33.049999999998,-31.15,-0.5));
#1316 = DIRECTION('',(-0.707106781187,-1.572654276337E-13,
    -0.707106781187));
#1317 = DIRECTION('',(-1.11203450326E-13,1.,-1.11203450326E-13));
#1318 = ADVANCED_FACE('',(#1319),#1337,.F.);
#1319 = FACE_BOUND('',#1320,.T.);
#1320 = EDGE_LOOP('',(#1321,#1329,#1330,#1331));
#1321 = ORIENTED_EDGE('',*,*,#1322,.F.);
#1322 = EDGE_CURVE('',#168,#1323,#1325,.T.);
#1323 = VERTEX_POINT('',#1324);
#1324 = CARTESIAN_POINT('',(46.550000000004,-33.15,-1.));
#1325 = LINE('',#1326,#1327);
#1326 = CARTESIAN_POINT('',(46.550000000004,-33.15,-1.));
#1327 = VECTOR('',#1328,1.);
#1328 = DIRECTION('',(-4.329780281177E-17,-0.707106781187,
    -0.707106781187));
#1329 = ORIENTED_EDGE('',*,*,#176,.T.);
#1330 = ORIENTED_EDGE('',*,*,#1273,.T.);
#1331 = ORIENTED_EDGE('',*,*,#1332,.F.);
#1332 = EDGE_CURVE('',#1323,#1274,#1333,.T.);
#1333 = LINE('',#1334,#1335);
#1334 = CARTESIAN_POINT('',(46.550000000004,-33.15,-1.));
#1335 = VECTOR('',#1336,1.);
#1336 = DIRECTION('',(1.,0.,0.));
#1337 = PLANE('',#1338);
#1338 = AXIS2_PLACEMENT_3D('',#1339,#1340,#1341);
#1339 = CARTESIAN_POINT('',(46.550000000004,-32.65,-0.5));
#1340 = DIRECTION('',(-5.911709633991E-18,-0.707106781187,0.707106781187
    ));
#1341 = DIRECTION('',(-1.,4.180209970601E-18,-4.180209970601E-18));
#1342 = ADVANCED_FACE('',(#1343),#1362,.T.);
#1343 = FACE_BOUND('',#1344,.T.);
#1344 = EDGE_LOOP('',(#1345,#1346,#1347,#1355));
#1345 = ORIENTED_EDGE('',*,*,#1300,.F.);
#1346 = ORIENTED_EDGE('',*,*,#133,.T.);
#1347 = ORIENTED_EDGE('',*,*,#1348,.T.);
#1348 = EDGE_CURVE('',#134,#1349,#1351,.T.);
#1349 = VERTEX_POINT('',#1350);
#1350 = CARTESIAN_POINT('',(35.549999999996,-20.14999999999,-1.));
#1351 = LINE('',#1352,#1353);
#1352 = CARTESIAN_POINT('',(35.549999999996,-20.14999999999,-1.));
#1353 = VECTOR('',#1354,1.);
#1354 = DIRECTION('',(4.329780281178E-17,-0.707106781187,-0.707106781187
    ));
#1355 = ORIENTED_EDGE('',*,*,#1356,.F.);
#1356 = EDGE_CURVE('',#1301,#1349,#1357,.T.);
#1357 = CIRCLE('',#1358,2.);
#1358 = AXIS2_PLACEMENT_3D('',#1359,#1360,#1361);
#1359 = CARTESIAN_POINT('',(35.549999999996,-22.14999999999,-1.));
#1360 = DIRECTION('',(-0.,0.,-1.));
#1361 = DIRECTION('',(-1.,-2.22044604925E-13,0.));
#1362 = CONICAL_SURFACE('',#1363,2.,0.785398163397);
#1363 = AXIS2_PLACEMENT_3D('',#1364,#1365,#1366);
#1364 = CARTESIAN_POINT('',(35.549999999996,-22.14999999999,-1.));
#1365 = DIRECTION('',(0.,0.,1.));
#1366 = DIRECTION('',(-1.,-2.22044604925E-13,0.));
#1367 = ADVANCED_FACE('',(#1368),#1387,.F.);
#1368 = FACE_BOUND('',#1369,.T.);
#1369 = EDGE_LOOP('',(#1370,#1378,#1379,#1380));
#1370 = ORIENTED_EDGE('',*,*,#1371,.F.);
#1371 = EDGE_CURVE('',#160,#1372,#1374,.T.);
#1372 = VERTEX_POINT('',#1373);
#1373 = CARTESIAN_POINT('',(44.550000000004,-31.15,-1.));
#1374 = LINE('',#1375,#1376);
#1375 = CARTESIAN_POINT('',(45.050000000004,-31.15,-0.5));
#1376 = VECTOR('',#1377,1.);
#1377 = DIRECTION('',(-0.707106781187,8.372112290985E-34,-0.707106781187
    ));
#1378 = ORIENTED_EDGE('',*,*,#167,.T.);
#1379 = ORIENTED_EDGE('',*,*,#1322,.T.);
#1380 = ORIENTED_EDGE('',*,*,#1381,.F.);
#1381 = EDGE_CURVE('',#1372,#1323,#1382,.T.);
#1382 = CIRCLE('',#1383,2.);
#1383 = AXIS2_PLACEMENT_3D('',#1384,#1385,#1386);
#1384 = CARTESIAN_POINT('',(46.550000000004,-31.15,-1.));
#1385 = DIRECTION('',(0.,0.,1.));
#1386 = DIRECTION('',(-1.,3.552713678801E-15,0.));
#1387 = CONICAL_SURFACE('',#1388,2.,0.785398163397);
#1388 = AXIS2_PLACEMENT_3D('',#1389,#1390,#1391);
#1389 = CARTESIAN_POINT('',(46.550000000004,-31.15,-1.));
#1390 = DIRECTION('',(-0.,-0.,-1.));
#1391 = DIRECTION('',(-1.,3.552713678801E-15,0.));
#1392 = ADVANCED_FACE('',(#1393),#1411,.F.);
#1393 = FACE_BOUND('',#1394,.T.);
#1394 = EDGE_LOOP('',(#1395,#1396,#1397,#1405));
#1395 = ORIENTED_EDGE('',*,*,#1348,.F.);
#1396 = ORIENTED_EDGE('',*,*,#142,.T.);
#1397 = ORIENTED_EDGE('',*,*,#1398,.T.);
#1398 = EDGE_CURVE('',#143,#1399,#1401,.T.);
#1399 = VERTEX_POINT('',#1400);
#1400 = CARTESIAN_POINT('',(42.550000000004,-20.14999999999,-1.));
#1401 = LINE('',#1402,#1403);
#1402 = CARTESIAN_POINT('',(42.550000000004,-19.64999999999,-0.5));
#1403 = VECTOR('',#1404,1.);
#1404 = DIRECTION('',(-4.054583578972E-35,-0.707106781187,
    -0.707106781187));
#1405 = ORIENTED_EDGE('',*,*,#1406,.F.);
#1406 = EDGE_CURVE('',#1349,#1399,#1407,.T.);
#1407 = LINE('',#1408,#1409);
#1408 = CARTESIAN_POINT('',(35.549999999996,-20.14999999999,-1.));
#1409 = VECTOR('',#1410,1.);
#1410 = DIRECTION('',(1.,0.,0.));
#1411 = PLANE('',#1412);
#1412 = AXIS2_PLACEMENT_3D('',#1413,#1414,#1415);
#1413 = CARTESIAN_POINT('',(35.549999999996,-19.64999999999,-0.5));
#1414 = DIRECTION('',(-5.911709633991E-18,-0.707106781187,0.707106781187
    ));
#1415 = DIRECTION('',(-1.,4.180209970601E-18,-4.180209970601E-18));
#1416 = ADVANCED_FACE('',(#1417),#1435,.T.);
#1417 = FACE_BOUND('',#1418,.T.);
#1418 = EDGE_LOOP('',(#1419,#1427,#1428,#1429));
#1419 = ORIENTED_EDGE('',*,*,#1420,.F.);
#1420 = EDGE_CURVE('',#151,#1421,#1423,.T.);
#1421 = VERTEX_POINT('',#1422);
#1422 = CARTESIAN_POINT('',(44.550000000004,-22.14999999999,-1.));
#1423 = LINE('',#1424,#1425);
#1424 = CARTESIAN_POINT('',(44.550000000004,-22.14999999999,-1.));
#1425 = VECTOR('',#1426,1.);
#1426 = DIRECTION('',(-0.707106781187,1.997822393477E-15,-0.707106781187
    ));
#1427 = ORIENTED_EDGE('',*,*,#159,.T.);
#1428 = ORIENTED_EDGE('',*,*,#1371,.T.);
#1429 = ORIENTED_EDGE('',*,*,#1430,.F.);
#1430 = EDGE_CURVE('',#1421,#1372,#1431,.T.);
#1431 = LINE('',#1432,#1433);
#1432 = CARTESIAN_POINT('',(44.550000000004,-22.14999999999,-1.));
#1433 = VECTOR('',#1434,1.);
#1434 = DIRECTION('',(0.,-1.,0.));
#1435 = PLANE('',#1436);
#1436 = AXIS2_PLACEMENT_3D('',#1437,#1438,#1439);
#1437 = CARTESIAN_POINT('',(45.050000000004,-22.14999999999,-0.5));
#1438 = DIRECTION('',(0.707106781187,-2.007877722829E-15,-0.707106781187
    ));
#1439 = DIRECTION('',(-1.419783953606E-15,-1.,1.419783953606E-15));
#1440 = ADVANCED_FACE('',(#1441),#1453,.T.);
#1441 = FACE_BOUND('',#1442,.T.);
#1442 = EDGE_LOOP('',(#1443,#1444,#1445,#1446));
#1443 = ORIENTED_EDGE('',*,*,#1398,.F.);
#1444 = ORIENTED_EDGE('',*,*,#150,.T.);
#1445 = ORIENTED_EDGE('',*,*,#1420,.T.);
#1446 = ORIENTED_EDGE('',*,*,#1447,.F.);
#1447 = EDGE_CURVE('',#1399,#1421,#1448,.T.);
#1448 = CIRCLE('',#1449,2.);
#1449 = AXIS2_PLACEMENT_3D('',#1450,#1451,#1452);
#1450 = CARTESIAN_POINT('',(42.550000000004,-22.14999999999,-1.));
#1451 = DIRECTION('',(0.,0.,-1.));
#1452 = DIRECTION('',(0.,1.,0.));
#1453 = CONICAL_SURFACE('',#1454,2.,0.785398163397);
#1454 = AXIS2_PLACEMENT_3D('',#1455,#1456,#1457);
#1455 = CARTESIAN_POINT('',(42.550000000004,-22.14999999999,-1.));
#1456 = DIRECTION('',(0.,0.,1.));
#1457 = DIRECTION('',(0.,1.,0.));
#1458 = ADVANCED_FACE('',(#1459),#1484,.F.);
#1459 = FACE_BOUND('',#1460,.F.);
#1460 = EDGE_LOOP('',(#1461,#1462,#1470,#1478));
#1461 = ORIENTED_EDGE('',*,*,#286,.F.);
#1462 = ORIENTED_EDGE('',*,*,#1463,.T.);
#1463 = EDGE_CURVE('',#287,#1464,#1466,.T.);
#1464 = VERTEX_POINT('',#1465);
#1465 = CARTESIAN_POINT('',(-112.95,63.55,3.2));
#1466 = LINE('',#1467,#1468);
#1467 = CARTESIAN_POINT('',(-112.95,63.55,0.));
#1468 = VECTOR('',#1469,1.);
#1469 = DIRECTION('',(0.,0.,1.));
#1470 = ORIENTED_EDGE('',*,*,#1471,.T.);
#1471 = EDGE_CURVE('',#1464,#1472,#1474,.T.);
#1472 = VERTEX_POINT('',#1473);
#1473 = CARTESIAN_POINT('',(-112.95,-63.55,3.2));
#1474 = LINE('',#1475,#1476);
#1475 = CARTESIAN_POINT('',(-112.95,81.85,3.2));
#1476 = VECTOR('',#1477,1.);
#1477 = DIRECTION('',(0.,-1.,0.));
#1478 = ORIENTED_EDGE('',*,*,#1479,.F.);
#1479 = EDGE_CURVE('',#289,#1472,#1480,.T.);
#1480 = LINE('',#1481,#1482);
#1481 = CARTESIAN_POINT('',(-112.95,-63.55,0.));
#1482 = VECTOR('',#1483,1.);
#1483 = DIRECTION('',(0.,0.,1.));
#1484 = PLANE('',#1485);
#1485 = AXIS2_PLACEMENT_3D('',#1486,#1487,#1488);
#1486 = CARTESIAN_POINT('',(-112.95,81.85,0.));
#1487 = DIRECTION('',(1.,0.,0.));
#1488 = DIRECTION('',(0.,-1.,0.));
#1489 = ADVANCED_FACE('',(#1490),#1509,.T.);
#1490 = FACE_BOUND('',#1491,.F.);
#1491 = EDGE_LOOP('',(#1492,#1493,#1501,#1508));
#1492 = ORIENTED_EDGE('',*,*,#347,.T.);
#1493 = ORIENTED_EDGE('',*,*,#1494,.T.);
#1494 = EDGE_CURVE('',#340,#1495,#1497,.T.);
#1495 = VERTEX_POINT('',#1496);
#1496 = CARTESIAN_POINT('',(-94.65,81.85,3.2));
#1497 = LINE('',#1498,#1499);
#1498 = CARTESIAN_POINT('',(-94.65,81.85,0.));
#1499 = VECTOR('',#1500,1.);
#1500 = DIRECTION('',(0.,0.,1.));
#1501 = ORIENTED_EDGE('',*,*,#1502,.F.);
#1502 = EDGE_CURVE('',#1464,#1495,#1503,.T.);
#1503 = CIRCLE('',#1504,18.3);
#1504 = AXIS2_PLACEMENT_3D('',#1505,#1506,#1507);
#1505 = CARTESIAN_POINT('',(-94.65,63.55,3.2));
#1506 = DIRECTION('',(-0.,-0.,-1.));
#1507 = DIRECTION('',(0.,-1.,0.));
#1508 = ORIENTED_EDGE('',*,*,#1463,.F.);
#1509 = CYLINDRICAL_SURFACE('',#1510,18.3);
#1510 = AXIS2_PLACEMENT_3D('',#1511,#1512,#1513);
#1511 = CARTESIAN_POINT('',(-94.65,63.55,0.));
#1512 = DIRECTION('',(0.,0.,1.));
#1513 = DIRECTION('',(-1.,0.,0.));
#1514 = ADVANCED_FACE('',(#1515),#1534,.T.);
#1515 = FACE_BOUND('',#1516,.T.);
#1516 = EDGE_LOOP('',(#1517,#1518,#1526,#1533));
#1517 = ORIENTED_EDGE('',*,*,#296,.T.);
#1518 = ORIENTED_EDGE('',*,*,#1519,.T.);
#1519 = EDGE_CURVE('',#297,#1520,#1522,.T.);
#1520 = VERTEX_POINT('',#1521);
#1521 = CARTESIAN_POINT('',(-94.65,-81.85,3.2));
#1522 = LINE('',#1523,#1524);
#1523 = CARTESIAN_POINT('',(-94.65,-81.85,0.));
#1524 = VECTOR('',#1525,1.);
#1525 = DIRECTION('',(0.,0.,1.));
#1526 = ORIENTED_EDGE('',*,*,#1527,.F.);
#1527 = EDGE_CURVE('',#1472,#1520,#1528,.T.);
#1528 = CIRCLE('',#1529,18.3);
#1529 = AXIS2_PLACEMENT_3D('',#1530,#1531,#1532);
#1530 = CARTESIAN_POINT('',(-94.65,-63.55,3.2));
#1531 = DIRECTION('',(-0.,0.,1.));
#1532 = DIRECTION('',(0.,-1.,0.));
#1533 = ORIENTED_EDGE('',*,*,#1479,.F.);
#1534 = CYLINDRICAL_SURFACE('',#1535,18.3);
#1535 = AXIS2_PLACEMENT_3D('',#1536,#1537,#1538);
#1536 = CARTESIAN_POINT('',(-94.65,-63.55,0.));
#1537 = DIRECTION('',(0.,0.,1.));
#1538 = DIRECTION('',(-1.,0.,0.));
#1539 = ADVANCED_FACE('',(#1540),#1558,.F.);
#1540 = FACE_BOUND('',#1541,.F.);
#1541 = EDGE_LOOP('',(#1542,#1543,#1551,#1557));
#1542 = ORIENTED_EDGE('',*,*,#339,.F.);
#1543 = ORIENTED_EDGE('',*,*,#1544,.T.);
#1544 = EDGE_CURVE('',#331,#1545,#1547,.T.);
#1545 = VERTEX_POINT('',#1546);
#1546 = CARTESIAN_POINT('',(94.65,81.85,3.2));
#1547 = LINE('',#1548,#1549);
#1548 = CARTESIAN_POINT('',(94.65,81.85,0.));
#1549 = VECTOR('',#1550,1.);
#1550 = DIRECTION('',(0.,0.,1.));
#1551 = ORIENTED_EDGE('',*,*,#1552,.T.);
#1552 = EDGE_CURVE('',#1545,#1495,#1553,.T.);
#1553 = LINE('',#1554,#1555);
#1554 = CARTESIAN_POINT('',(112.95,81.85,3.2));
#1555 = VECTOR('',#1556,1.);
#1556 = DIRECTION('',(-1.,0.,0.));
#1557 = ORIENTED_EDGE('',*,*,#1494,.F.);
#1558 = PLANE('',#1559);
#1559 = AXIS2_PLACEMENT_3D('',#1560,#1561,#1562);
#1560 = CARTESIAN_POINT('',(112.95,81.85,0.));
#1561 = DIRECTION('',(0.,-1.,0.));
#1562 = DIRECTION('',(-1.,0.,0.));
#1563 = ADVANCED_FACE('',(#1564),#1582,.F.);
#1564 = FACE_BOUND('',#1565,.F.);
#1565 = EDGE_LOOP('',(#1566,#1567,#1568,#1576));
#1566 = ORIENTED_EDGE('',*,*,#305,.F.);
#1567 = ORIENTED_EDGE('',*,*,#1519,.T.);
#1568 = ORIENTED_EDGE('',*,*,#1569,.T.);
#1569 = EDGE_CURVE('',#1520,#1570,#1572,.T.);
#1570 = VERTEX_POINT('',#1571);
#1571 = CARTESIAN_POINT('',(94.65,-81.85,3.2));
#1572 = LINE('',#1573,#1574);
#1573 = CARTESIAN_POINT('',(-112.95,-81.85,3.2));
#1574 = VECTOR('',#1575,1.);
#1575 = DIRECTION('',(1.,0.,0.));
#1576 = ORIENTED_EDGE('',*,*,#1577,.F.);
#1577 = EDGE_CURVE('',#306,#1570,#1578,.T.);
#1578 = LINE('',#1579,#1580);
#1579 = CARTESIAN_POINT('',(94.65,-81.85,0.));
#1580 = VECTOR('',#1581,1.);
#1581 = DIRECTION('',(0.,0.,1.));
#1582 = PLANE('',#1583);
#1583 = AXIS2_PLACEMENT_3D('',#1584,#1585,#1586);
#1584 = CARTESIAN_POINT('',(-112.95,-81.85,0.));
#1585 = DIRECTION('',(0.,1.,0.));
#1586 = DIRECTION('',(1.,0.,0.));
#1587 = ADVANCED_FACE('',(#1588),#1607,.T.);
#1588 = FACE_BOUND('',#1589,.F.);
#1589 = EDGE_LOOP('',(#1590,#1591,#1599,#1606));
#1590 = ORIENTED_EDGE('',*,*,#330,.T.);
#1591 = ORIENTED_EDGE('',*,*,#1592,.T.);
#1592 = EDGE_CURVE('',#323,#1593,#1595,.T.);
#1593 = VERTEX_POINT('',#1594);
#1594 = CARTESIAN_POINT('',(112.95,63.55,3.2));
#1595 = LINE('',#1596,#1597);
#1596 = CARTESIAN_POINT('',(112.95,63.55,0.));
#1597 = VECTOR('',#1598,1.);
#1598 = DIRECTION('',(0.,0.,1.));
#1599 = ORIENTED_EDGE('',*,*,#1600,.F.);
#1600 = EDGE_CURVE('',#1545,#1593,#1601,.T.);
#1601 = CIRCLE('',#1602,18.3);
#1602 = AXIS2_PLACEMENT_3D('',#1603,#1604,#1605);
#1603 = CARTESIAN_POINT('',(94.65,63.55,3.2));
#1604 = DIRECTION('',(-0.,-0.,-1.));
#1605 = DIRECTION('',(0.,-1.,0.));
#1606 = ORIENTED_EDGE('',*,*,#1544,.F.);
#1607 = CYLINDRICAL_SURFACE('',#1608,18.3);
#1608 = AXIS2_PLACEMENT_3D('',#1609,#1610,#1611);
#1609 = CARTESIAN_POINT('',(94.65,63.55,0.));
#1610 = DIRECTION('',(0.,0.,1.));
#1611 = DIRECTION('',(0.,1.,0.));
#1612 = ADVANCED_FACE('',(#1613),#1632,.T.);
#1613 = FACE_BOUND('',#1614,.T.);
#1614 = EDGE_LOOP('',(#1615,#1616,#1624,#1631));
#1615 = ORIENTED_EDGE('',*,*,#313,.T.);
#1616 = ORIENTED_EDGE('',*,*,#1617,.T.);
#1617 = EDGE_CURVE('',#314,#1618,#1620,.T.);
#1618 = VERTEX_POINT('',#1619);
#1619 = CARTESIAN_POINT('',(112.95,-63.55,3.2));
#1620 = LINE('',#1621,#1622);
#1621 = CARTESIAN_POINT('',(112.95,-63.55,0.));
#1622 = VECTOR('',#1623,1.);
#1623 = DIRECTION('',(0.,0.,1.));
#1624 = ORIENTED_EDGE('',*,*,#1625,.F.);
#1625 = EDGE_CURVE('',#1570,#1618,#1626,.T.);
#1626 = CIRCLE('',#1627,18.3);
#1627 = AXIS2_PLACEMENT_3D('',#1628,#1629,#1630);
#1628 = CARTESIAN_POINT('',(94.65,-63.55,3.2));
#1629 = DIRECTION('',(-0.,0.,1.));
#1630 = DIRECTION('',(0.,-1.,0.));
#1631 = ORIENTED_EDGE('',*,*,#1577,.F.);
#1632 = CYLINDRICAL_SURFACE('',#1633,18.3);
#1633 = AXIS2_PLACEMENT_3D('',#1634,#1635,#1636);
#1634 = CARTESIAN_POINT('',(94.65,-63.55,0.));
#1635 = DIRECTION('',(0.,0.,1.));
#1636 = DIRECTION('',(0.,-1.,0.));
#1637 = ADVANCED_FACE('',(#1638),#1649,.F.);
#1638 = FACE_BOUND('',#1639,.F.);
#1639 = EDGE_LOOP('',(#1640,#1641,#1642,#1648));
#1640 = ORIENTED_EDGE('',*,*,#322,.F.);
#1641 = ORIENTED_EDGE('',*,*,#1617,.T.);
#1642 = ORIENTED_EDGE('',*,*,#1643,.T.);
#1643 = EDGE_CURVE('',#1618,#1593,#1644,.T.);
#1644 = LINE('',#1645,#1646);
#1645 = CARTESIAN_POINT('',(112.95,-81.85,3.2));
#1646 = VECTOR('',#1647,1.);
#1647 = DIRECTION('',(0.,1.,0.));
#1648 = ORIENTED_EDGE('',*,*,#1592,.F.);
#1649 = PLANE('',#1650);
#1650 = AXIS2_PLACEMENT_3D('',#1651,#1652,#1653);
#1651 = CARTESIAN_POINT('',(112.95,-81.85,0.));
#1652 = DIRECTION('',(-1.,0.,0.));
#1653 = DIRECTION('',(0.,1.,0.));
#1654 = ADVANCED_FACE('',(#1655),#1674,.F.);
#1655 = FACE_BOUND('',#1656,.F.);
#1656 = EDGE_LOOP('',(#1657,#1666,#1672,#1673));
#1657 = ORIENTED_EDGE('',*,*,#1658,.F.);
#1658 = EDGE_CURVE('',#1659,#1659,#1661,.T.);
#1659 = VERTEX_POINT('',#1660);
#1660 = CARTESIAN_POINT('',(-102.9,-73.75,3.2));
#1661 = CIRCLE('',#1662,2.15);
#1662 = AXIS2_PLACEMENT_3D('',#1663,#1664,#1665);
#1663 = CARTESIAN_POINT('',(-105.05,-73.75,3.2));
#1664 = DIRECTION('',(0.,0.,1.));
#1665 = DIRECTION('',(1.,0.,0.));
#1666 = ORIENTED_EDGE('',*,*,#1667,.T.);
#1667 = EDGE_CURVE('',#1659,#357,#1668,.T.);
#1668 = LINE('',#1669,#1670);
#1669 = CARTESIAN_POINT('',(-102.9,-73.75,3.2));
#1670 = VECTOR('',#1671,1.);
#1671 = DIRECTION('',(-0.,-0.,-1.));
#1672 = ORIENTED_EDGE('',*,*,#356,.T.);
#1673 = ORIENTED_EDGE('',*,*,#1667,.F.);
#1674 = CYLINDRICAL_SURFACE('',#1675,2.15);
#1675 = AXIS2_PLACEMENT_3D('',#1676,#1677,#1678);
#1676 = CARTESIAN_POINT('',(-105.05,-73.75,3.2));
#1677 = DIRECTION('',(0.,0.,1.));
#1678 = DIRECTION('',(1.,0.,0.));
#1679 = ADVANCED_FACE('',(#1680),#1699,.F.);
#1680 = FACE_BOUND('',#1681,.F.);
#1681 = EDGE_LOOP('',(#1682,#1691,#1697,#1698));
#1682 = ORIENTED_EDGE('',*,*,#1683,.F.);
#1683 = EDGE_CURVE('',#1684,#1684,#1686,.T.);
#1684 = VERTEX_POINT('',#1685);
#1685 = CARTESIAN_POINT('',(-32.9,-76.55,3.2));
#1686 = CIRCLE('',#1687,2.15);
#1687 = AXIS2_PLACEMENT_3D('',#1688,#1689,#1690);
#1688 = CARTESIAN_POINT('',(-35.05,-76.55,3.2));
#1689 = DIRECTION('',(0.,0.,1.));
#1690 = DIRECTION('',(1.,0.,0.));
#1691 = ORIENTED_EDGE('',*,*,#1692,.T.);
#1692 = EDGE_CURVE('',#1684,#368,#1693,.T.);
#1693 = LINE('',#1694,#1695);
#1694 = CARTESIAN_POINT('',(-32.9,-76.55,3.2));
#1695 = VECTOR('',#1696,1.);
#1696 = DIRECTION('',(-0.,-0.,-1.));
#1697 = ORIENTED_EDGE('',*,*,#367,.T.);
#1698 = ORIENTED_EDGE('',*,*,#1692,.F.);
#1699 = CYLINDRICAL_SURFACE('',#1700,2.15);
#1700 = AXIS2_PLACEMENT_3D('',#1701,#1702,#1703);
#1701 = CARTESIAN_POINT('',(-35.05,-76.55,3.2));
#1702 = DIRECTION('',(0.,0.,1.));
#1703 = DIRECTION('',(1.,0.,0.));
#1704 = ADVANCED_FACE('',(#1705),#1724,.F.);
#1705 = FACE_BOUND('',#1706,.F.);
#1706 = EDGE_LOOP('',(#1707,#1716,#1722,#1723));
#1707 = ORIENTED_EDGE('',*,*,#1708,.F.);
#1708 = EDGE_CURVE('',#1709,#1709,#1711,.T.);
#1709 = VERTEX_POINT('',#1710);
#1710 = CARTESIAN_POINT('',(37.189,-76.55,3.2));
#1711 = CIRCLE('',#1712,2.15);
#1712 = AXIS2_PLACEMENT_3D('',#1713,#1714,#1715);
#1713 = CARTESIAN_POINT('',(35.039,-76.55,3.2));
#1714 = DIRECTION('',(0.,0.,1.));
#1715 = DIRECTION('',(1.,0.,0.));
#1716 = ORIENTED_EDGE('',*,*,#1717,.T.);
#1717 = EDGE_CURVE('',#1709,#379,#1718,.T.);
#1718 = LINE('',#1719,#1720);
#1719 = CARTESIAN_POINT('',(37.189,-76.55,3.2));
#1720 = VECTOR('',#1721,1.);
#1721 = DIRECTION('',(-0.,-0.,-1.));
#1722 = ORIENTED_EDGE('',*,*,#378,.T.);
#1723 = ORIENTED_EDGE('',*,*,#1717,.F.);
#1724 = CYLINDRICAL_SURFACE('',#1725,2.15);
#1725 = AXIS2_PLACEMENT_3D('',#1726,#1727,#1728);
#1726 = CARTESIAN_POINT('',(35.039,-76.55,3.2));
#1727 = DIRECTION('',(0.,0.,1.));
#1728 = DIRECTION('',(1.,0.,0.));
#1729 = ADVANCED_FACE('',(#1730),#1749,.F.);
#1730 = FACE_BOUND('',#1731,.F.);
#1731 = EDGE_LOOP('',(#1732,#1741,#1747,#1748));
#1732 = ORIENTED_EDGE('',*,*,#1733,.F.);
#1733 = EDGE_CURVE('',#1734,#1734,#1736,.T.);
#1734 = VERTEX_POINT('',#1735);
#1735 = CARTESIAN_POINT('',(107.2,-73.75,3.2));
#1736 = CIRCLE('',#1737,2.15);
#1737 = AXIS2_PLACEMENT_3D('',#1738,#1739,#1740);
#1738 = CARTESIAN_POINT('',(105.05,-73.75,3.2));
#1739 = DIRECTION('',(0.,0.,1.));
#1740 = DIRECTION('',(1.,0.,0.));
#1741 = ORIENTED_EDGE('',*,*,#1742,.T.);
#1742 = EDGE_CURVE('',#1734,#390,#1743,.T.);
#1743 = LINE('',#1744,#1745);
#1744 = CARTESIAN_POINT('',(107.2,-73.75,3.2));
#1745 = VECTOR('',#1746,1.);
#1746 = DIRECTION('',(-0.,-0.,-1.));
#1747 = ORIENTED_EDGE('',*,*,#389,.T.);
#1748 = ORIENTED_EDGE('',*,*,#1742,.F.);
#1749 = CYLINDRICAL_SURFACE('',#1750,2.15);
#1750 = AXIS2_PLACEMENT_3D('',#1751,#1752,#1753);
#1751 = CARTESIAN_POINT('',(105.05,-73.75,3.2));
#1752 = DIRECTION('',(0.,0.,1.));
#1753 = DIRECTION('',(1.,0.,0.));
#1754 = ADVANCED_FACE('',(#1755),#1774,.F.);
#1755 = FACE_BOUND('',#1756,.F.);
#1756 = EDGE_LOOP('',(#1757,#1766,#1772,#1773));
#1757 = ORIENTED_EDGE('',*,*,#1758,.F.);
#1758 = EDGE_CURVE('',#1759,#1759,#1761,.T.);
#1759 = VERTEX_POINT('',#1760);
#1760 = CARTESIAN_POINT('',(-105.48,0.,3.2));
#1761 = CIRCLE('',#1762,2.15);
#1762 = AXIS2_PLACEMENT_3D('',#1763,#1764,#1765);
#1763 = CARTESIAN_POINT('',(-107.63,0.,3.2));
#1764 = DIRECTION('',(0.,0.,1.));
#1765 = DIRECTION('',(1.,0.,0.));
#1766 = ORIENTED_EDGE('',*,*,#1767,.T.);
#1767 = EDGE_CURVE('',#1759,#401,#1768,.T.);
#1768 = LINE('',#1769,#1770);
#1769 = CARTESIAN_POINT('',(-105.48,0.,3.2));
#1770 = VECTOR('',#1771,1.);
#1771 = DIRECTION('',(-0.,-0.,-1.));
#1772 = ORIENTED_EDGE('',*,*,#400,.T.);
#1773 = ORIENTED_EDGE('',*,*,#1767,.F.);
#1774 = CYLINDRICAL_SURFACE('',#1775,2.15);
#1775 = AXIS2_PLACEMENT_3D('',#1776,#1777,#1778);
#1776 = CARTESIAN_POINT('',(-107.63,0.,3.2));
#1777 = DIRECTION('',(0.,0.,1.));
#1778 = DIRECTION('',(1.,0.,0.));
#1779 = ADVANCED_FACE('',(#1780),#1799,.F.);
#1780 = FACE_BOUND('',#1781,.F.);
#1781 = EDGE_LOOP('',(#1782,#1791,#1797,#1798));
#1782 = ORIENTED_EDGE('',*,*,#1783,.F.);
#1783 = EDGE_CURVE('',#1784,#1784,#1786,.T.);
#1784 = VERTEX_POINT('',#1785);
#1785 = CARTESIAN_POINT('',(-102.9,73.75,3.2));
#1786 = CIRCLE('',#1787,2.15);
#1787 = AXIS2_PLACEMENT_3D('',#1788,#1789,#1790);
#1788 = CARTESIAN_POINT('',(-105.05,73.75,3.2));
#1789 = DIRECTION('',(0.,0.,1.));
#1790 = DIRECTION('',(1.,0.,0.));
#1791 = ORIENTED_EDGE('',*,*,#1792,.T.);
#1792 = EDGE_CURVE('',#1784,#412,#1793,.T.);
#1793 = LINE('',#1794,#1795);
#1794 = CARTESIAN_POINT('',(-102.9,73.75,3.2));
#1795 = VECTOR('',#1796,1.);
#1796 = DIRECTION('',(-0.,-0.,-1.));
#1797 = ORIENTED_EDGE('',*,*,#411,.T.);
#1798 = ORIENTED_EDGE('',*,*,#1792,.F.);
#1799 = CYLINDRICAL_SURFACE('',#1800,2.15);
#1800 = AXIS2_PLACEMENT_3D('',#1801,#1802,#1803);
#1801 = CARTESIAN_POINT('',(-105.05,73.75,3.2));
#1802 = DIRECTION('',(0.,0.,1.));
#1803 = DIRECTION('',(1.,0.,0.));
#1804 = ADVANCED_FACE('',(#1805),#1831,.T.);
#1805 = FACE_BOUND('',#1806,.F.);
#1806 = EDGE_LOOP('',(#1807,#1815,#1816,#1824));
#1807 = ORIENTED_EDGE('',*,*,#1808,.F.);
#1808 = EDGE_CURVE('',#423,#1809,#1811,.T.);
#1809 = VERTEX_POINT('',#1810);
#1810 = CARTESIAN_POINT('',(-67.44999999999,65.849999999992,-1.));
#1811 = LINE('',#1812,#1813);
#1812 = CARTESIAN_POINT('',(-67.44999999999,65.849999999992,-1.));
#1813 = VECTOR('',#1814,1.);
#1814 = DIRECTION('',(0.,0.707106781187,-0.707106781187));
#1815 = ORIENTED_EDGE('',*,*,#422,.T.);
#1816 = ORIENTED_EDGE('',*,*,#1817,.T.);
#1817 = EDGE_CURVE('',#425,#1818,#1820,.T.);
#1818 = VERTEX_POINT('',#1819);
#1819 = CARTESIAN_POINT('',(-65.44999999999,67.849999999992,-1.));
#1820 = LINE('',#1821,#1822);
#1821 = CARTESIAN_POINT('',(-65.44999999999,67.849999999992,-1.));
#1822 = VECTOR('',#1823,1.);
#1823 = DIRECTION('',(-0.707106781187,4.329780281177E-17,-0.707106781187
    ));
#1824 = ORIENTED_EDGE('',*,*,#1825,.F.);
#1825 = EDGE_CURVE('',#1809,#1818,#1826,.T.);
#1826 = CIRCLE('',#1827,2.);
#1827 = AXIS2_PLACEMENT_3D('',#1828,#1829,#1830);
#1828 = CARTESIAN_POINT('',(-67.44999999999,67.849999999992,-1.));
#1829 = DIRECTION('',(-0.,0.,1.));
#1830 = DIRECTION('',(0.,-1.,0.));
#1831 = CONICAL_SURFACE('',#1832,2.,0.785398163397);
#1832 = AXIS2_PLACEMENT_3D('',#1833,#1834,#1835);
#1833 = CARTESIAN_POINT('',(-67.44999999999,67.849999999992,-1.));
#1834 = DIRECTION('',(0.,0.,1.));
#1835 = DIRECTION('',(0.,-1.,0.));
#1836 = ADVANCED_FACE('',(#1837),#1855,.F.);
#1837 = FACE_BOUND('',#1838,.F.);
#1838 = EDGE_LOOP('',(#1839,#1847,#1848,#1849));
#1839 = ORIENTED_EDGE('',*,*,#1840,.F.);
#1840 = EDGE_CURVE('',#434,#1841,#1843,.T.);
#1841 = VERTEX_POINT('',#1842);
#1842 = CARTESIAN_POINT('',(-74.45,65.849999999992,-1.));
#1843 = LINE('',#1844,#1845);
#1844 = CARTESIAN_POINT('',(-74.45,65.849999999992,-1.));
#1845 = VECTOR('',#1846,1.);
#1846 = DIRECTION('',(4.329780281177E-17,0.707106781187,-0.707106781187)
  );
#1847 = ORIENTED_EDGE('',*,*,#433,.T.);
#1848 = ORIENTED_EDGE('',*,*,#1808,.T.);
#1849 = ORIENTED_EDGE('',*,*,#1850,.F.);
#1850 = EDGE_CURVE('',#1841,#1809,#1851,.T.);
#1851 = LINE('',#1852,#1853);
#1852 = CARTESIAN_POINT('',(-74.45,65.849999999992,-1.));
#1853 = VECTOR('',#1854,1.);
#1854 = DIRECTION('',(1.,0.,0.));
#1855 = PLANE('',#1856);
#1856 = AXIS2_PLACEMENT_3D('',#1857,#1858,#1859);
#1857 = CARTESIAN_POINT('',(-74.45,65.349999999992,-0.5));
#1858 = DIRECTION('',(5.911709633991E-18,0.707106781187,0.707106781187)
  );
#1859 = DIRECTION('',(1.,-4.180209970601E-18,-4.180209970601E-18));
#1860 = ADVANCED_FACE('',(#1861),#1879,.F.);
#1861 = FACE_BOUND('',#1862,.F.);
#1862 = EDGE_LOOP('',(#1863,#1864,#1865,#1873));
#1863 = ORIENTED_EDGE('',*,*,#1817,.F.);
#1864 = ORIENTED_EDGE('',*,*,#484,.T.);
#1865 = ORIENTED_EDGE('',*,*,#1866,.T.);
#1866 = EDGE_CURVE('',#476,#1867,#1869,.T.);
#1867 = VERTEX_POINT('',#1868);
#1868 = CARTESIAN_POINT('',(-65.44999999999,74.850000000008,-1.));
#1869 = LINE('',#1870,#1871);
#1870 = CARTESIAN_POINT('',(-64.94999999999,74.850000000008,-0.5));
#1871 = VECTOR('',#1872,1.);
#1872 = DIRECTION('',(-0.707106781187,4.054583578972E-35,-0.707106781187
    ));
#1873 = ORIENTED_EDGE('',*,*,#1874,.F.);
#1874 = EDGE_CURVE('',#1818,#1867,#1875,.T.);
#1875 = LINE('',#1876,#1877);
#1876 = CARTESIAN_POINT('',(-65.44999999999,67.849999999992,-1.));
#1877 = VECTOR('',#1878,1.);
#1878 = DIRECTION('',(0.,1.,0.));
#1879 = PLANE('',#1880);
#1880 = AXIS2_PLACEMENT_3D('',#1881,#1882,#1883);
#1881 = CARTESIAN_POINT('',(-64.94999999999,67.849999999992,-0.5));
#1882 = DIRECTION('',(-0.707106781187,-5.911709633991E-18,0.707106781187
    ));
#1883 = DIRECTION('',(-4.180209970601E-18,1.,4.180209970601E-18));
#1884 = ADVANCED_FACE('',(#1885),#1904,.T.);
#1885 = FACE_BOUND('',#1886,.F.);
#1886 = EDGE_LOOP('',(#1887,#1895,#1896,#1897));
#1887 = ORIENTED_EDGE('',*,*,#1888,.F.);
#1888 = EDGE_CURVE('',#442,#1889,#1891,.T.);
#1889 = VERTEX_POINT('',#1890);
#1890 = CARTESIAN_POINT('',(-76.45,67.849999999992,-1.));
#1891 = LINE('',#1892,#1893);
#1892 = CARTESIAN_POINT('',(-76.95,67.849999999992,-0.5));
#1893 = VECTOR('',#1894,1.);
#1894 = DIRECTION('',(0.707106781187,-4.054583578972E-35,-0.707106781187
    ));
#1895 = ORIENTED_EDGE('',*,*,#441,.T.);
#1896 = ORIENTED_EDGE('',*,*,#1840,.T.);
#1897 = ORIENTED_EDGE('',*,*,#1898,.F.);
#1898 = EDGE_CURVE('',#1889,#1841,#1899,.T.);
#1899 = CIRCLE('',#1900,2.);
#1900 = AXIS2_PLACEMENT_3D('',#1901,#1902,#1903);
#1901 = CARTESIAN_POINT('',(-74.45,67.849999999992,-1.));
#1902 = DIRECTION('',(0.,0.,1.));
#1903 = DIRECTION('',(-1.,0.,0.));
#1904 = CONICAL_SURFACE('',#1905,2.,0.785398163397);
#1905 = AXIS2_PLACEMENT_3D('',#1906,#1907,#1908);
#1906 = CARTESIAN_POINT('',(-74.45,67.849999999992,-1.));
#1907 = DIRECTION('',(0.,0.,1.));
#1908 = DIRECTION('',(-1.,0.,0.));
#1909 = ADVANCED_FACE('',(#1910),#1929,.T.);
#1910 = FACE_BOUND('',#1911,.F.);
#1911 = EDGE_LOOP('',(#1912,#1913,#1914,#1922));
#1912 = ORIENTED_EDGE('',*,*,#1866,.F.);
#1913 = ORIENTED_EDGE('',*,*,#475,.T.);
#1914 = ORIENTED_EDGE('',*,*,#1915,.T.);
#1915 = EDGE_CURVE('',#468,#1916,#1918,.T.);
#1916 = VERTEX_POINT('',#1917);
#1917 = CARTESIAN_POINT('',(-67.44999999999,76.850000000008,-1.));
#1918 = LINE('',#1919,#1920);
#1919 = CARTESIAN_POINT('',(-67.44999999999,76.850000000008,-1.));
#1920 = VECTOR('',#1921,1.);
#1921 = DIRECTION('',(-4.329780281177E-17,-0.707106781187,
    -0.707106781187));
#1922 = ORIENTED_EDGE('',*,*,#1923,.F.);
#1923 = EDGE_CURVE('',#1867,#1916,#1924,.T.);
#1924 = CIRCLE('',#1925,2.);
#1925 = AXIS2_PLACEMENT_3D('',#1926,#1927,#1928);
#1926 = CARTESIAN_POINT('',(-67.44999999999,74.850000000008,-1.));
#1927 = DIRECTION('',(0.,0.,1.));
#1928 = DIRECTION('',(1.,0.,0.));
#1929 = CONICAL_SURFACE('',#1930,2.,0.785398163397);
#1930 = AXIS2_PLACEMENT_3D('',#1931,#1932,#1933);
#1931 = CARTESIAN_POINT('',(-67.44999999999,74.850000000008,-1.));
#1932 = DIRECTION('',(0.,0.,1.));
#1933 = DIRECTION('',(1.,0.,0.));
#1934 = ADVANCED_FACE('',(#1935),#1953,.F.);
#1935 = FACE_BOUND('',#1936,.F.);
#1936 = EDGE_LOOP('',(#1937,#1945,#1946,#1947));
#1937 = ORIENTED_EDGE('',*,*,#1938,.F.);
#1938 = EDGE_CURVE('',#451,#1939,#1941,.T.);
#1939 = VERTEX_POINT('',#1940);
#1940 = CARTESIAN_POINT('',(-76.45,74.850000000008,-1.));
#1941 = LINE('',#1942,#1943);
#1942 = CARTESIAN_POINT('',(-76.45,74.850000000008,-1.));
#1943 = VECTOR('',#1944,1.);
#1944 = DIRECTION('',(0.707106781187,-4.329780281177E-17,-0.707106781187
    ));
#1945 = ORIENTED_EDGE('',*,*,#450,.T.);
#1946 = ORIENTED_EDGE('',*,*,#1888,.T.);
#1947 = ORIENTED_EDGE('',*,*,#1948,.F.);
#1948 = EDGE_CURVE('',#1939,#1889,#1949,.T.);
#1949 = LINE('',#1950,#1951);
#1950 = CARTESIAN_POINT('',(-76.45,74.850000000008,-1.));
#1951 = VECTOR('',#1952,1.);
#1952 = DIRECTION('',(-0.,-1.,-0.));
#1953 = PLANE('',#1954);
#1954 = AXIS2_PLACEMENT_3D('',#1955,#1956,#1957);
#1955 = CARTESIAN_POINT('',(-76.95,74.850000000008,-0.5));
#1956 = DIRECTION('',(0.707106781187,5.911709633991E-18,0.707106781187)
  );
#1957 = DIRECTION('',(4.180209970601E-18,-1.,4.180209970601E-18));
#1958 = ADVANCED_FACE('',(#1959),#1977,.F.);
#1959 = FACE_BOUND('',#1960,.F.);
#1960 = EDGE_LOOP('',(#1961,#1962,#1963,#1971));
#1961 = ORIENTED_EDGE('',*,*,#1915,.F.);
#1962 = ORIENTED_EDGE('',*,*,#467,.T.);
#1963 = ORIENTED_EDGE('',*,*,#1964,.T.);
#1964 = EDGE_CURVE('',#459,#1965,#1967,.T.);
#1965 = VERTEX_POINT('',#1966);
#1966 = CARTESIAN_POINT('',(-74.45,76.850000000008,-1.));
#1967 = LINE('',#1968,#1969);
#1968 = CARTESIAN_POINT('',(-74.45,77.350000000008,-0.5));
#1969 = VECTOR('',#1970,1.);
#1970 = DIRECTION('',(-4.054583578972E-35,-0.707106781187,
    -0.707106781187));
#1971 = ORIENTED_EDGE('',*,*,#1972,.F.);
#1972 = EDGE_CURVE('',#1916,#1965,#1973,.T.);
#1973 = LINE('',#1974,#1975);
#1974 = CARTESIAN_POINT('',(-67.44999999999,76.850000000008,-1.));
#1975 = VECTOR('',#1976,1.);
#1976 = DIRECTION('',(-1.,-0.,-0.));
#1977 = PLANE('',#1978);
#1978 = AXIS2_PLACEMENT_3D('',#1979,#1980,#1981);
#1979 = CARTESIAN_POINT('',(-67.44999999999,77.350000000008,-0.5));
#1980 = DIRECTION('',(-5.911709633991E-18,-0.707106781187,0.707106781187
    ));
#1981 = DIRECTION('',(-1.,4.180209970601E-18,-4.180209970601E-18));
#1982 = ADVANCED_FACE('',(#1983),#1995,.T.);
#1983 = FACE_BOUND('',#1984,.F.);
#1984 = EDGE_LOOP('',(#1985,#1986,#1987,#1988));
#1985 = ORIENTED_EDGE('',*,*,#1964,.F.);
#1986 = ORIENTED_EDGE('',*,*,#458,.T.);
#1987 = ORIENTED_EDGE('',*,*,#1938,.T.);
#1988 = ORIENTED_EDGE('',*,*,#1989,.F.);
#1989 = EDGE_CURVE('',#1965,#1939,#1990,.T.);
#1990 = CIRCLE('',#1991,2.);
#1991 = AXIS2_PLACEMENT_3D('',#1992,#1993,#1994);
#1992 = CARTESIAN_POINT('',(-74.45,74.850000000008,-1.));
#1993 = DIRECTION('',(0.,-0.,1.));
#1994 = DIRECTION('',(0.,1.,0.));
#1995 = CONICAL_SURFACE('',#1996,2.,0.785398163397);
#1996 = AXIS2_PLACEMENT_3D('',#1997,#1998,#1999);
#1997 = CARTESIAN_POINT('',(-74.45,74.850000000008,-1.));
#1998 = DIRECTION('',(0.,0.,1.));
#1999 = DIRECTION('',(0.,1.,0.));
#2000 = ADVANCED_FACE('',(#2001),#2020,.F.);
#2001 = FACE_BOUND('',#2002,.F.);
#2002 = EDGE_LOOP('',(#2003,#2012,#2018,#2019));
#2003 = ORIENTED_EDGE('',*,*,#2004,.F.);
#2004 = EDGE_CURVE('',#2005,#2005,#2007,.T.);
#2005 = VERTEX_POINT('',#2006);
#2006 = CARTESIAN_POINT('',(-32.9,76.55,3.2));
#2007 = CIRCLE('',#2008,2.15);
#2008 = AXIS2_PLACEMENT_3D('',#2009,#2010,#2011);
#2009 = CARTESIAN_POINT('',(-35.05,76.55,3.2));
#2010 = DIRECTION('',(0.,0.,1.));
#2011 = DIRECTION('',(1.,0.,0.));
#2012 = ORIENTED_EDGE('',*,*,#2013,.T.);
#2013 = EDGE_CURVE('',#2005,#493,#2014,.T.);
#2014 = LINE('',#2015,#2016);
#2015 = CARTESIAN_POINT('',(-32.9,76.55,3.2));
#2016 = VECTOR('',#2017,1.);
#2017 = DIRECTION('',(-0.,-0.,-1.));
#2018 = ORIENTED_EDGE('',*,*,#492,.T.);
#2019 = ORIENTED_EDGE('',*,*,#2013,.F.);
#2020 = CYLINDRICAL_SURFACE('',#2021,2.15);
#2021 = AXIS2_PLACEMENT_3D('',#2022,#2023,#2024);
#2022 = CARTESIAN_POINT('',(-35.05,76.55,3.2));
#2023 = DIRECTION('',(0.,0.,1.));
#2024 = DIRECTION('',(1.,0.,0.));
#2025 = ADVANCED_FACE('',(#2026),#2045,.F.);
#2026 = FACE_BOUND('',#2027,.F.);
#2027 = EDGE_LOOP('',(#2028,#2037,#2043,#2044));
#2028 = ORIENTED_EDGE('',*,*,#2029,.F.);
#2029 = EDGE_CURVE('',#2030,#2030,#2032,.T.);
#2030 = VERTEX_POINT('',#2031);
#2031 = CARTESIAN_POINT('',(109.78,0.,3.2));
#2032 = CIRCLE('',#2033,2.15);
#2033 = AXIS2_PLACEMENT_3D('',#2034,#2035,#2036);
#2034 = CARTESIAN_POINT('',(107.63,0.,3.2));
#2035 = DIRECTION('',(0.,0.,1.));
#2036 = DIRECTION('',(1.,0.,0.));
#2037 = ORIENTED_EDGE('',*,*,#2038,.T.);
#2038 = EDGE_CURVE('',#2030,#504,#2039,.T.);
#2039 = LINE('',#2040,#2041);
#2040 = CARTESIAN_POINT('',(109.78,0.,3.2));
#2041 = VECTOR('',#2042,1.);
#2042 = DIRECTION('',(-0.,-0.,-1.));
#2043 = ORIENTED_EDGE('',*,*,#503,.T.);
#2044 = ORIENTED_EDGE('',*,*,#2038,.F.);
#2045 = CYLINDRICAL_SURFACE('',#2046,2.15);
#2046 = AXIS2_PLACEMENT_3D('',#2047,#2048,#2049);
#2047 = CARTESIAN_POINT('',(107.63,0.,3.2));
#2048 = DIRECTION('',(0.,0.,1.));
#2049 = DIRECTION('',(1.,0.,0.));
#2050 = ADVANCED_FACE('',(#2051),#2070,.F.);
#2051 = FACE_BOUND('',#2052,.F.);
#2052 = EDGE_LOOP('',(#2053,#2062,#2068,#2069));
#2053 = ORIENTED_EDGE('',*,*,#2054,.F.);
#2054 = EDGE_CURVE('',#2055,#2055,#2057,.T.);
#2055 = VERTEX_POINT('',#2056);
#2056 = CARTESIAN_POINT('',(37.2,76.55,3.2));
#2057 = CIRCLE('',#2058,2.15);
#2058 = AXIS2_PLACEMENT_3D('',#2059,#2060,#2061);
#2059 = CARTESIAN_POINT('',(35.05,76.55,3.2));
#2060 = DIRECTION('',(0.,0.,1.));
#2061 = DIRECTION('',(1.,0.,0.));
#2062 = ORIENTED_EDGE('',*,*,#2063,.T.);
#2063 = EDGE_CURVE('',#2055,#515,#2064,.T.);
#2064 = LINE('',#2065,#2066);
#2065 = CARTESIAN_POINT('',(37.2,76.55,3.2));
#2066 = VECTOR('',#2067,1.);
#2067 = DIRECTION('',(-0.,-0.,-1.));
#2068 = ORIENTED_EDGE('',*,*,#514,.T.);
#2069 = ORIENTED_EDGE('',*,*,#2063,.F.);
#2070 = CYLINDRICAL_SURFACE('',#2071,2.15);
#2071 = AXIS2_PLACEMENT_3D('',#2072,#2073,#2074);
#2072 = CARTESIAN_POINT('',(35.05,76.55,3.2));
#2073 = DIRECTION('',(0.,0.,1.));
#2074 = DIRECTION('',(1.,0.,0.));
#2075 = ADVANCED_FACE('',(#2076),#2102,.T.);
#2076 = FACE_BOUND('',#2077,.F.);
#2077 = EDGE_LOOP('',(#2078,#2086,#2087,#2095));
#2078 = ORIENTED_EDGE('',*,*,#2079,.F.);
#2079 = EDGE_CURVE('',#526,#2080,#2082,.T.);
#2080 = VERTEX_POINT('',#2081);
#2081 = CARTESIAN_POINT('',(74.550000000008,74.850000000008,-1.));
#2082 = LINE('',#2083,#2084);
#2083 = CARTESIAN_POINT('',(74.550000000008,74.850000000008,-1.));
#2084 = VECTOR('',#2085,1.);
#2085 = DIRECTION('',(-0.707106781187,-0.,-0.707106781187));
#2086 = ORIENTED_EDGE('',*,*,#525,.T.);
#2087 = ORIENTED_EDGE('',*,*,#2088,.T.);
#2088 = EDGE_CURVE('',#528,#2089,#2091,.T.);
#2089 = VERTEX_POINT('',#2090);
#2090 = CARTESIAN_POINT('',(72.550000000008,76.850000000008,-1.));
#2091 = LINE('',#2092,#2093);
#2092 = CARTESIAN_POINT('',(72.550000000008,76.850000000008,-1.));
#2093 = VECTOR('',#2094,1.);
#2094 = DIRECTION('',(-4.329780281177E-17,-0.707106781187,
    -0.707106781187));
#2095 = ORIENTED_EDGE('',*,*,#2096,.F.);
#2096 = EDGE_CURVE('',#2080,#2089,#2097,.T.);
#2097 = CIRCLE('',#2098,2.);
#2098 = AXIS2_PLACEMENT_3D('',#2099,#2100,#2101);
#2099 = CARTESIAN_POINT('',(72.550000000008,74.850000000008,-1.));
#2100 = DIRECTION('',(0.,0.,1.));
#2101 = DIRECTION('',(1.,0.,0.));
#2102 = CONICAL_SURFACE('',#2103,2.,0.785398163397);
#2103 = AXIS2_PLACEMENT_3D('',#2104,#2105,#2106);
#2104 = CARTESIAN_POINT('',(72.550000000008,74.850000000008,-1.));
#2105 = DIRECTION('',(0.,0.,1.));
#2106 = DIRECTION('',(1.,0.,0.));
#2107 = ADVANCED_FACE('',(#2108),#2126,.F.);
#2108 = FACE_BOUND('',#2109,.F.);
#2109 = EDGE_LOOP('',(#2110,#2118,#2119,#2120));
#2110 = ORIENTED_EDGE('',*,*,#2111,.F.);
#2111 = EDGE_CURVE('',#537,#2112,#2114,.T.);
#2112 = VERTEX_POINT('',#2113);
#2113 = CARTESIAN_POINT('',(74.550000000008,67.849999999992,-1.));
#2114 = LINE('',#2115,#2116);
#2115 = CARTESIAN_POINT('',(74.550000000008,67.849999999992,-1.));
#2116 = VECTOR('',#2117,1.);
#2117 = DIRECTION('',(-0.707106781187,4.329780281177E-17,-0.707106781187
    ));
#2118 = ORIENTED_EDGE('',*,*,#536,.T.);
#2119 = ORIENTED_EDGE('',*,*,#2079,.T.);
#2120 = ORIENTED_EDGE('',*,*,#2121,.F.);
#2121 = EDGE_CURVE('',#2112,#2080,#2122,.T.);
#2122 = LINE('',#2123,#2124);
#2123 = CARTESIAN_POINT('',(74.550000000008,67.849999999992,-1.));
#2124 = VECTOR('',#2125,1.);
#2125 = DIRECTION('',(0.,1.,0.));
#2126 = PLANE('',#2127);
#2127 = AXIS2_PLACEMENT_3D('',#2128,#2129,#2130);
#2128 = CARTESIAN_POINT('',(75.050000000008,67.849999999992,-0.5));
#2129 = DIRECTION('',(-0.707106781187,-5.911709633991E-18,0.707106781187
    ));
#2130 = DIRECTION('',(-4.180209970601E-18,1.,4.180209970601E-18));
#2131 = ADVANCED_FACE('',(#2132),#2150,.F.);
#2132 = FACE_BOUND('',#2133,.F.);
#2133 = EDGE_LOOP('',(#2134,#2135,#2136,#2144));
#2134 = ORIENTED_EDGE('',*,*,#2088,.F.);
#2135 = ORIENTED_EDGE('',*,*,#587,.T.);
#2136 = ORIENTED_EDGE('',*,*,#2137,.T.);
#2137 = EDGE_CURVE('',#579,#2138,#2140,.T.);
#2138 = VERTEX_POINT('',#2139);
#2139 = CARTESIAN_POINT('',(65.549999999992,76.850000000008,-1.));
#2140 = LINE('',#2141,#2142);
#2141 = CARTESIAN_POINT('',(65.549999999992,77.350000000008,-0.5));
#2142 = VECTOR('',#2143,1.);
#2143 = DIRECTION('',(-4.054583578972E-35,-0.707106781187,
    -0.707106781187));
#2144 = ORIENTED_EDGE('',*,*,#2145,.F.);
#2145 = EDGE_CURVE('',#2089,#2138,#2146,.T.);
#2146 = LINE('',#2147,#2148);
#2147 = CARTESIAN_POINT('',(72.550000000008,76.850000000008,-1.));
#2148 = VECTOR('',#2149,1.);
#2149 = DIRECTION('',(-1.,-0.,-0.));
#2150 = PLANE('',#2151);
#2151 = AXIS2_PLACEMENT_3D('',#2152,#2153,#2154);
#2152 = CARTESIAN_POINT('',(72.550000000008,77.350000000008,-0.5));
#2153 = DIRECTION('',(-5.911709633991E-18,-0.707106781187,0.707106781187
    ));
#2154 = DIRECTION('',(-1.,4.180209970601E-18,-4.180209970601E-18));
#2155 = ADVANCED_FACE('',(#2156),#2175,.T.);
#2156 = FACE_BOUND('',#2157,.F.);
#2157 = EDGE_LOOP('',(#2158,#2166,#2167,#2168));
#2158 = ORIENTED_EDGE('',*,*,#2159,.F.);
#2159 = EDGE_CURVE('',#545,#2160,#2162,.T.);
#2160 = VERTEX_POINT('',#2161);
#2161 = CARTESIAN_POINT('',(72.550000000008,65.849999999992,-1.));
#2162 = LINE('',#2163,#2164);
#2163 = CARTESIAN_POINT('',(72.550000000008,65.349999999992,-0.5));
#2164 = VECTOR('',#2165,1.);
#2165 = DIRECTION('',(4.054583578972E-35,0.707106781187,-0.707106781187)
  );
#2166 = ORIENTED_EDGE('',*,*,#544,.T.);
#2167 = ORIENTED_EDGE('',*,*,#2111,.T.);
#2168 = ORIENTED_EDGE('',*,*,#2169,.F.);
#2169 = EDGE_CURVE('',#2160,#2112,#2170,.T.);
#2170 = CIRCLE('',#2171,2.);
#2171 = AXIS2_PLACEMENT_3D('',#2172,#2173,#2174);
#2172 = CARTESIAN_POINT('',(72.550000000008,67.849999999992,-1.));
#2173 = DIRECTION('',(-0.,0.,1.));
#2174 = DIRECTION('',(0.,-1.,0.));
#2175 = CONICAL_SURFACE('',#2176,2.,0.785398163397);
#2176 = AXIS2_PLACEMENT_3D('',#2177,#2178,#2179);
#2177 = CARTESIAN_POINT('',(72.550000000008,67.849999999992,-1.));
#2178 = DIRECTION('',(0.,0.,1.));
#2179 = DIRECTION('',(0.,-1.,0.));
#2180 = ADVANCED_FACE('',(#2181),#2200,.T.);
#2181 = FACE_BOUND('',#2182,.F.);
#2182 = EDGE_LOOP('',(#2183,#2184,#2185,#2193));
#2183 = ORIENTED_EDGE('',*,*,#2137,.F.);
#2184 = ORIENTED_EDGE('',*,*,#578,.T.);
#2185 = ORIENTED_EDGE('',*,*,#2186,.T.);
#2186 = EDGE_CURVE('',#571,#2187,#2189,.T.);
#2187 = VERTEX_POINT('',#2188);
#2188 = CARTESIAN_POINT('',(63.549999999992,74.850000000008,-1.));
#2189 = LINE('',#2190,#2191);
#2190 = CARTESIAN_POINT('',(63.549999999992,74.850000000008,-1.));
#2191 = VECTOR('',#2192,1.);
#2192 = DIRECTION('',(0.707106781187,-4.329780281177E-17,-0.707106781187
    ));
#2193 = ORIENTED_EDGE('',*,*,#2194,.F.);
#2194 = EDGE_CURVE('',#2138,#2187,#2195,.T.);
#2195 = CIRCLE('',#2196,2.);
#2196 = AXIS2_PLACEMENT_3D('',#2197,#2198,#2199);
#2197 = CARTESIAN_POINT('',(65.549999999992,74.850000000008,-1.));
#2198 = DIRECTION('',(0.,-0.,1.));
#2199 = DIRECTION('',(0.,1.,0.));
#2200 = CONICAL_SURFACE('',#2201,2.,0.785398163397);
#2201 = AXIS2_PLACEMENT_3D('',#2202,#2203,#2204);
#2202 = CARTESIAN_POINT('',(65.549999999992,74.850000000008,-1.));
#2203 = DIRECTION('',(0.,0.,1.));
#2204 = DIRECTION('',(0.,1.,0.));
#2205 = ADVANCED_FACE('',(#2206),#2224,.F.);
#2206 = FACE_BOUND('',#2207,.F.);
#2207 = EDGE_LOOP('',(#2208,#2216,#2217,#2218));
#2208 = ORIENTED_EDGE('',*,*,#2209,.F.);
#2209 = EDGE_CURVE('',#554,#2210,#2212,.T.);
#2210 = VERTEX_POINT('',#2211);
#2211 = CARTESIAN_POINT('',(65.549999999992,65.849999999992,-1.));
#2212 = LINE('',#2213,#2214);
#2213 = CARTESIAN_POINT('',(65.549999999992,65.849999999992,-1.));
#2214 = VECTOR('',#2215,1.);
#2215 = DIRECTION('',(4.329780281177E-17,0.707106781187,-0.707106781187)
  );
#2216 = ORIENTED_EDGE('',*,*,#553,.T.);
#2217 = ORIENTED_EDGE('',*,*,#2159,.T.);
#2218 = ORIENTED_EDGE('',*,*,#2219,.F.);
#2219 = EDGE_CURVE('',#2210,#2160,#2220,.T.);
#2220 = LINE('',#2221,#2222);
#2221 = CARTESIAN_POINT('',(65.549999999992,65.849999999992,-1.));
#2222 = VECTOR('',#2223,1.);
#2223 = DIRECTION('',(1.,0.,0.));
#2224 = PLANE('',#2225);
#2225 = AXIS2_PLACEMENT_3D('',#2226,#2227,#2228);
#2226 = CARTESIAN_POINT('',(65.549999999992,65.349999999992,-0.5));
#2227 = DIRECTION('',(5.911709633991E-18,0.707106781187,0.707106781187)
  );
#2228 = DIRECTION('',(1.,-4.180209970601E-18,-4.180209970601E-18));
#2229 = ADVANCED_FACE('',(#2230),#2248,.F.);
#2230 = FACE_BOUND('',#2231,.F.);
#2231 = EDGE_LOOP('',(#2232,#2233,#2234,#2242));
#2232 = ORIENTED_EDGE('',*,*,#2186,.F.);
#2233 = ORIENTED_EDGE('',*,*,#570,.T.);
#2234 = ORIENTED_EDGE('',*,*,#2235,.T.);
#2235 = EDGE_CURVE('',#562,#2236,#2238,.T.);
#2236 = VERTEX_POINT('',#2237);
#2237 = CARTESIAN_POINT('',(63.549999999992,67.849999999992,-1.));
#2238 = LINE('',#2239,#2240);
#2239 = CARTESIAN_POINT('',(63.049999999992,67.849999999992,-0.5));
#2240 = VECTOR('',#2241,1.);
#2241 = DIRECTION('',(0.707106781187,-4.054583578972E-35,-0.707106781187
    ));
#2242 = ORIENTED_EDGE('',*,*,#2243,.F.);
#2243 = EDGE_CURVE('',#2187,#2236,#2244,.T.);
#2244 = LINE('',#2245,#2246);
#2245 = CARTESIAN_POINT('',(63.549999999992,74.850000000008,-1.));
#2246 = VECTOR('',#2247,1.);
#2247 = DIRECTION('',(-0.,-1.,-0.));
#2248 = PLANE('',#2249);
#2249 = AXIS2_PLACEMENT_3D('',#2250,#2251,#2252);
#2250 = CARTESIAN_POINT('',(63.049999999992,74.850000000008,-0.5));
#2251 = DIRECTION('',(0.707106781187,5.911709633991E-18,0.707106781187)
  );
#2252 = DIRECTION('',(4.180209970601E-18,-1.,4.180209970601E-18));
#2253 = ADVANCED_FACE('',(#2254),#2266,.T.);
#2254 = FACE_BOUND('',#2255,.F.);
#2255 = EDGE_LOOP('',(#2256,#2257,#2258,#2259));
#2256 = ORIENTED_EDGE('',*,*,#2235,.F.);
#2257 = ORIENTED_EDGE('',*,*,#561,.T.);
#2258 = ORIENTED_EDGE('',*,*,#2209,.T.);
#2259 = ORIENTED_EDGE('',*,*,#2260,.F.);
#2260 = EDGE_CURVE('',#2236,#2210,#2261,.T.);
#2261 = CIRCLE('',#2262,2.);
#2262 = AXIS2_PLACEMENT_3D('',#2263,#2264,#2265);
#2263 = CARTESIAN_POINT('',(65.549999999992,67.849999999992,-1.));
#2264 = DIRECTION('',(0.,0.,1.));
#2265 = DIRECTION('',(-1.,0.,0.));
#2266 = CONICAL_SURFACE('',#2267,2.,0.785398163397);
#2267 = AXIS2_PLACEMENT_3D('',#2268,#2269,#2270);
#2268 = CARTESIAN_POINT('',(65.549999999992,67.849999999992,-1.));
#2269 = DIRECTION('',(0.,0.,1.));
#2270 = DIRECTION('',(-1.,0.,0.));
#2271 = ADVANCED_FACE('',(#2272),#2291,.F.);
#2272 = FACE_BOUND('',#2273,.F.);
#2273 = EDGE_LOOP('',(#2274,#2283,#2289,#2290));
#2274 = ORIENTED_EDGE('',*,*,#2275,.F.);
#2275 = EDGE_CURVE('',#2276,#2276,#2278,.T.);
#2276 = VERTEX_POINT('',#2277);
#2277 = CARTESIAN_POINT('',(107.2,73.75,3.2));
#2278 = CIRCLE('',#2279,2.15);
#2279 = AXIS2_PLACEMENT_3D('',#2280,#2281,#2282);
#2280 = CARTESIAN_POINT('',(105.05,73.75,3.2));
#2281 = DIRECTION('',(0.,0.,1.));
#2282 = DIRECTION('',(1.,0.,0.));
#2283 = ORIENTED_EDGE('',*,*,#2284,.T.);
#2284 = EDGE_CURVE('',#2276,#596,#2285,.T.);
#2285 = LINE('',#2286,#2287);
#2286 = CARTESIAN_POINT('',(107.2,73.75,3.2));
#2287 = VECTOR('',#2288,1.);
#2288 = DIRECTION('',(-0.,-0.,-1.));
#2289 = ORIENTED_EDGE('',*,*,#595,.T.);
#2290 = ORIENTED_EDGE('',*,*,#2284,.F.);
#2291 = CYLINDRICAL_SURFACE('',#2292,2.15);
#2292 = AXIS2_PLACEMENT_3D('',#2293,#2294,#2295);
#2293 = CARTESIAN_POINT('',(105.05,73.75,3.2));
#2294 = DIRECTION('',(0.,0.,1.));
#2295 = DIRECTION('',(1.,0.,0.));
#2296 = ADVANCED_FACE('',(#2297,#2313,#2323,#2326,#2329,#2332,#2366,
    #2369,#2372,#2375,#2378,#2381,#2384),#2387,.T.);
#2297 = FACE_BOUND('',#2298,.T.);
#2298 = EDGE_LOOP('',(#2299,#2300,#2307,#2308,#2309,#2310,#2311,#2312));
#2299 = ORIENTED_EDGE('',*,*,#612,.F.);
#2300 = ORIENTED_EDGE('',*,*,#2301,.F.);
#2301 = EDGE_CURVE('',#981,#613,#2302,.T.);
#2302 = CIRCLE('',#2303,1.);
#2303 = AXIS2_PLACEMENT_3D('',#2304,#2305,#2306);
#2304 = CARTESIAN_POINT('',(-74.05,-67.15,3.2));
#2305 = DIRECTION('',(0.,-0.,1.));
#2306 = DIRECTION('',(0.,1.,0.));
#2307 = ORIENTED_EDGE('',*,*,#980,.F.);
#2308 = ORIENTED_EDGE('',*,*,#930,.F.);
#2309 = ORIENTED_EDGE('',*,*,#882,.F.);
#2310 = ORIENTED_EDGE('',*,*,#832,.F.);
#2311 = ORIENTED_EDGE('',*,*,#784,.F.);
#2312 = ORIENTED_EDGE('',*,*,#734,.T.);
#2313 = FACE_BOUND('',#2314,.T.);
#2314 = EDGE_LOOP('',(#2315,#2316,#2317,#2318,#2319,#2320,#2321,#2322));
#2315 = ORIENTED_EDGE('',*,*,#1471,.T.);
#2316 = ORIENTED_EDGE('',*,*,#1527,.T.);
#2317 = ORIENTED_EDGE('',*,*,#1569,.T.);
#2318 = ORIENTED_EDGE('',*,*,#1625,.T.);
#2319 = ORIENTED_EDGE('',*,*,#1643,.T.);
#2320 = ORIENTED_EDGE('',*,*,#1600,.F.);
#2321 = ORIENTED_EDGE('',*,*,#1552,.T.);
#2322 = ORIENTED_EDGE('',*,*,#1502,.F.);
#2323 = FACE_BOUND('',#2324,.T.);
#2324 = EDGE_LOOP('',(#2325));
#2325 = ORIENTED_EDGE('',*,*,#1658,.F.);
#2326 = FACE_BOUND('',#2327,.T.);
#2327 = EDGE_LOOP('',(#2328));
#2328 = ORIENTED_EDGE('',*,*,#1683,.F.);
#2329 = FACE_BOUND('',#2330,.T.);
#2330 = EDGE_LOOP('',(#2331));
#2331 = ORIENTED_EDGE('',*,*,#1708,.F.);
#2332 = FACE_BOUND('',#2333,.T.);
#2333 = EDGE_LOOP('',(#2334,#2344,#2352,#2360));
#2334 = ORIENTED_EDGE('',*,*,#2335,.F.);
#2335 = EDGE_CURVE('',#2336,#2338,#2340,.T.);
#2336 = VERTEX_POINT('',#2337);
#2337 = CARTESIAN_POINT('',(-70.05,-36.15,3.2));
#2338 = VERTEX_POINT('',#2339);
#2339 = CARTESIAN_POINT('',(-70.05,-68.15,3.2));
#2340 = LINE('',#2341,#2342);
#2341 = CARTESIAN_POINT('',(-70.05,-34.075,3.2));
#2342 = VECTOR('',#2343,1.);
#2343 = DIRECTION('',(0.,-1.,0.));
#2344 = ORIENTED_EDGE('',*,*,#2345,.F.);
#2345 = EDGE_CURVE('',#2346,#2336,#2348,.T.);
#2346 = VERTEX_POINT('',#2347);
#2347 = CARTESIAN_POINT('',(99.95,-36.15,3.2));
#2348 = LINE('',#2349,#2350);
#2349 = CARTESIAN_POINT('',(-35.025,-36.15,3.2));
#2350 = VECTOR('',#2351,1.);
#2351 = DIRECTION('',(-1.,0.,0.));
#2352 = ORIENTED_EDGE('',*,*,#2353,.F.);
#2353 = EDGE_CURVE('',#2354,#2346,#2356,.T.);
#2354 = VERTEX_POINT('',#2355);
#2355 = CARTESIAN_POINT('',(99.95,-68.15,3.2));
#2356 = LINE('',#2357,#2358);
#2357 = CARTESIAN_POINT('',(99.95,-18.075,3.2));
#2358 = VECTOR('',#2359,1.);
#2359 = DIRECTION('',(0.,1.,0.));
#2360 = ORIENTED_EDGE('',*,*,#2361,.F.);
#2361 = EDGE_CURVE('',#2338,#2354,#2362,.T.);
#2362 = LINE('',#2363,#2364);
#2363 = CARTESIAN_POINT('',(49.975,-68.15,3.2));
#2364 = VECTOR('',#2365,1.);
#2365 = DIRECTION('',(1.,0.,0.));
#2366 = FACE_BOUND('',#2367,.T.);
#2367 = EDGE_LOOP('',(#2368));
#2368 = ORIENTED_EDGE('',*,*,#1733,.F.);
#2369 = FACE_BOUND('',#2370,.T.);
#2370 = EDGE_LOOP('',(#2371));
#2371 = ORIENTED_EDGE('',*,*,#1758,.F.);
#2372 = FACE_BOUND('',#2373,.T.);
#2373 = EDGE_LOOP('',(#2374));
#2374 = ORIENTED_EDGE('',*,*,#1783,.F.);
#2375 = FACE_BOUND('',#2376,.T.);
#2376 = EDGE_LOOP('',(#2377));
#2377 = ORIENTED_EDGE('',*,*,#2004,.F.);
#2378 = FACE_BOUND('',#2379,.T.);
#2379 = EDGE_LOOP('',(#2380));
#2380 = ORIENTED_EDGE('',*,*,#2029,.F.);
#2381 = FACE_BOUND('',#2382,.T.);
#2382 = EDGE_LOOP('',(#2383));
#2383 = ORIENTED_EDGE('',*,*,#2054,.F.);
#2384 = FACE_BOUND('',#2385,.T.);
#2385 = EDGE_LOOP('',(#2386));
#2386 = ORIENTED_EDGE('',*,*,#2275,.F.);
#2387 = PLANE('',#2388);
#2388 = AXIS2_PLACEMENT_3D('',#2389,#2390,#2391);
#2389 = CARTESIAN_POINT('',(0.,0.,3.2));
#2390 = DIRECTION('',(0.,0.,1.));
#2391 = DIRECTION('',(1.,0.,0.));
#2392 = ADVANCED_FACE('',(#2393),#2399,.F.);
#2393 = FACE_BOUND('',#2394,.T.);
#2394 = EDGE_LOOP('',(#2395,#2396,#2397,#2398));
#2395 = ORIENTED_EDGE('',*,*,#2301,.T.);
#2396 = ORIENTED_EDGE('',*,*,#678,.T.);
#2397 = ORIENTED_EDGE('',*,*,#1028,.F.);
#2398 = ORIENTED_EDGE('',*,*,#990,.F.);
#2399 = CYLINDRICAL_SURFACE('',#2400,1.);
#2400 = AXIS2_PLACEMENT_3D('',#2401,#2402,#2403);
#2401 = CARTESIAN_POINT('',(-74.05,-67.15,3.2));
#2402 = DIRECTION('',(-0.,-0.,-1.));
#2403 = DIRECTION('',(0.,-1.,0.));
#2404 = ADVANCED_FACE('',(#2405),#2424,.T.);
#2405 = FACE_BOUND('',#2406,.T.);
#2406 = EDGE_LOOP('',(#2407,#2415,#2416,#2417));
#2407 = ORIENTED_EDGE('',*,*,#2408,.F.);
#2408 = EDGE_CURVE('',#1078,#2409,#2411,.T.);
#2409 = VERTEX_POINT('',#2410);
#2410 = CARTESIAN_POINT('',(-71.05,-71.15,-70.));
#2411 = LINE('',#2412,#2413);
#2412 = CARTESIAN_POINT('',(-71.05,-71.15,0.));
#2413 = VECTOR('',#2414,1.);
#2414 = DIRECTION('',(0.,0.,-1.));
#2415 = ORIENTED_EDGE('',*,*,#1087,.T.);
#2416 = ORIENTED_EDGE('',*,*,#654,.T.);
#2417 = ORIENTED_EDGE('',*,*,#2418,.F.);
#2418 = EDGE_CURVE('',#2409,#647,#2419,.T.);
#2419 = CIRCLE('',#2420,2.);
#2420 = AXIS2_PLACEMENT_3D('',#2421,#2422,#2423);
#2421 = CARTESIAN_POINT('',(-71.05,-69.15,-70.));
#2422 = DIRECTION('',(0.,0.,-1.));
#2423 = DIRECTION('',(0.,1.,0.));
#2424 = CYLINDRICAL_SURFACE('',#2425,2.);
#2425 = AXIS2_PLACEMENT_3D('',#2426,#2427,#2428);
#2426 = CARTESIAN_POINT('',(-71.05,-69.15,0.));
#2427 = DIRECTION('',(0.,0.,-1.));
#2428 = DIRECTION('',(0.,-1.,0.));
#2429 = ADVANCED_FACE('',(#2430),#2449,.T.);
#2430 = FACE_BOUND('',#2431,.F.);
#2431 = EDGE_LOOP('',(#2432,#2440,#2441,#2442));
#2432 = ORIENTED_EDGE('',*,*,#2433,.F.);
#2433 = EDGE_CURVE('',#760,#2434,#2436,.T.);
#2434 = VERTEX_POINT('',#2435);
#2435 = CARTESIAN_POINT('',(-71.05,-33.15,-70.));
#2436 = LINE('',#2437,#2438);
#2437 = CARTESIAN_POINT('',(-71.05,-33.15,0.));
#2438 = VECTOR('',#2439,1.);
#2439 = DIRECTION('',(0.,0.,-1.));
#2440 = ORIENTED_EDGE('',*,*,#759,.F.);
#2441 = ORIENTED_EDGE('',*,*,#638,.T.);
#2442 = ORIENTED_EDGE('',*,*,#2443,.F.);
#2443 = EDGE_CURVE('',#2434,#639,#2444,.T.);
#2444 = CIRCLE('',#2445,2.);
#2445 = AXIS2_PLACEMENT_3D('',#2446,#2447,#2448);
#2446 = CARTESIAN_POINT('',(-71.05,-35.15,-70.));
#2447 = DIRECTION('',(0.,-0.,1.));
#2448 = DIRECTION('',(0.,1.,0.));
#2449 = CYLINDRICAL_SURFACE('',#2450,2.);
#2450 = AXIS2_PLACEMENT_3D('',#2451,#2452,#2453);
#2451 = CARTESIAN_POINT('',(-71.05,-35.15,0.));
#2452 = DIRECTION('',(0.,0.,-1.));
#2453 = DIRECTION('',(0.,1.,0.));
#2454 = ADVANCED_FACE('',(#2455,#2500),#2534,.F.);
#2455 = FACE_BOUND('',#2456,.F.);
#2456 = EDGE_LOOP('',(#2457,#2465,#2474,#2482,#2491,#2497,#2498,#2499));
#2457 = ORIENTED_EDGE('',*,*,#2458,.T.);
#2458 = EDGE_CURVE('',#2409,#2459,#2461,.T.);
#2459 = VERTEX_POINT('',#2460);
#2460 = CARTESIAN_POINT('',(100.95,-71.15,-70.));
#2461 = LINE('',#2462,#2463);
#2462 = CARTESIAN_POINT('',(-73.05,-71.15,-70.));
#2463 = VECTOR('',#2464,1.);
#2464 = DIRECTION('',(1.,0.,0.));
#2465 = ORIENTED_EDGE('',*,*,#2466,.T.);
#2466 = EDGE_CURVE('',#2459,#2467,#2469,.T.);
#2467 = VERTEX_POINT('',#2468);
#2468 = CARTESIAN_POINT('',(102.95,-69.15,-70.));
#2469 = CIRCLE('',#2470,2.);
#2470 = AXIS2_PLACEMENT_3D('',#2471,#2472,#2473);
#2471 = CARTESIAN_POINT('',(100.95,-69.15,-70.));
#2472 = DIRECTION('',(0.,-0.,1.));
#2473 = DIRECTION('',(0.,1.,0.));
#2474 = ORIENTED_EDGE('',*,*,#2475,.T.);
#2475 = EDGE_CURVE('',#2467,#2476,#2478,.T.);
#2476 = VERTEX_POINT('',#2477);
#2477 = CARTESIAN_POINT('',(102.95,-35.15,-70.));
#2478 = LINE('',#2479,#2480);
#2479 = CARTESIAN_POINT('',(102.95,-71.15,-70.));
#2480 = VECTOR('',#2481,1.);
#2481 = DIRECTION('',(0.,1.,0.));
#2482 = ORIENTED_EDGE('',*,*,#2483,.T.);
#2483 = EDGE_CURVE('',#2476,#2484,#2486,.T.);
#2484 = VERTEX_POINT('',#2485);
#2485 = CARTESIAN_POINT('',(100.95,-33.15,-70.));
#2486 = CIRCLE('',#2487,2.);
#2487 = AXIS2_PLACEMENT_3D('',#2488,#2489,#2490);
#2488 = CARTESIAN_POINT('',(100.95,-35.15,-70.));
#2489 = DIRECTION('',(0.,-0.,1.));
#2490 = DIRECTION('',(0.,1.,0.));
#2491 = ORIENTED_EDGE('',*,*,#2492,.F.);
#2492 = EDGE_CURVE('',#2434,#2484,#2493,.T.);
#2493 = LINE('',#2494,#2495);
#2494 = CARTESIAN_POINT('',(-73.05,-33.15,-70.));
#2495 = VECTOR('',#2496,1.);
#2496 = DIRECTION('',(1.,0.,0.));
#2497 = ORIENTED_EDGE('',*,*,#2443,.T.);
#2498 = ORIENTED_EDGE('',*,*,#646,.F.);
#2499 = ORIENTED_EDGE('',*,*,#2418,.F.);
#2500 = FACE_BOUND('',#2501,.F.);
#2501 = EDGE_LOOP('',(#2502,#2512,#2520,#2528));
#2502 = ORIENTED_EDGE('',*,*,#2503,.T.);
#2503 = EDGE_CURVE('',#2504,#2506,#2508,.T.);
#2504 = VERTEX_POINT('',#2505);
#2505 = CARTESIAN_POINT('',(-70.05,-68.15,-70.));
#2506 = VERTEX_POINT('',#2507);
#2507 = CARTESIAN_POINT('',(-70.05,-36.15,-70.));
#2508 = LINE('',#2509,#2510);
#2509 = CARTESIAN_POINT('',(-70.05,-68.15,-70.));
#2510 = VECTOR('',#2511,1.);
#2511 = DIRECTION('',(0.,1.,0.));
#2512 = ORIENTED_EDGE('',*,*,#2513,.F.);
#2513 = EDGE_CURVE('',#2514,#2506,#2516,.T.);
#2514 = VERTEX_POINT('',#2515);
#2515 = CARTESIAN_POINT('',(99.95,-36.15,-70.));
#2516 = LINE('',#2517,#2518);
#2517 = CARTESIAN_POINT('',(99.95,-36.15,-70.));
#2518 = VECTOR('',#2519,1.);
#2519 = DIRECTION('',(-1.,0.,0.));
#2520 = ORIENTED_EDGE('',*,*,#2521,.F.);
#2521 = EDGE_CURVE('',#2522,#2514,#2524,.T.);
#2522 = VERTEX_POINT('',#2523);
#2523 = CARTESIAN_POINT('',(99.95,-68.15,-70.));
#2524 = LINE('',#2525,#2526);
#2525 = CARTESIAN_POINT('',(99.95,-68.15,-70.));
#2526 = VECTOR('',#2527,1.);
#2527 = DIRECTION('',(0.,1.,0.));
#2528 = ORIENTED_EDGE('',*,*,#2529,.F.);
#2529 = EDGE_CURVE('',#2504,#2522,#2530,.T.);
#2530 = LINE('',#2531,#2532);
#2531 = CARTESIAN_POINT('',(-70.05,-68.15,-70.));
#2532 = VECTOR('',#2533,1.);
#2533 = DIRECTION('',(1.,0.,0.));
#2534 = PLANE('',#2535);
#2535 = AXIS2_PLACEMENT_3D('',#2536,#2537,#2538);
#2536 = CARTESIAN_POINT('',(14.95,-52.15,-70.));
#2537 = DIRECTION('',(0.,0.,1.));
#2538 = DIRECTION('',(1.,0.,0.));
#2539 = ADVANCED_FACE('',(#2540),#2565,.T.);
#2540 = FACE_BOUND('',#2541,.T.);
#2541 = EDGE_LOOP('',(#2542,#2543,#2551,#2559));
#2542 = ORIENTED_EDGE('',*,*,#686,.F.);
#2543 = ORIENTED_EDGE('',*,*,#2544,.T.);
#2544 = EDGE_CURVE('',#687,#2545,#2547,.T.);
#2545 = VERTEX_POINT('',#2546);
#2546 = CARTESIAN_POINT('',(-70.05,-38.15,-5.));
#2547 = LINE('',#2548,#2549);
#2548 = CARTESIAN_POINT('',(-73.05,-38.15,-5.));
#2549 = VECTOR('',#2550,1.);
#2550 = DIRECTION('',(1.,0.,0.));
#2551 = ORIENTED_EDGE('',*,*,#2552,.F.);
#2552 = EDGE_CURVE('',#2553,#2545,#2555,.T.);
#2553 = VERTEX_POINT('',#2554);
#2554 = CARTESIAN_POINT('',(-70.05,-66.15,-5.));
#2555 = LINE('',#2556,#2557);
#2556 = CARTESIAN_POINT('',(-70.05,-45.15,-5.));
#2557 = VECTOR('',#2558,1.);
#2558 = DIRECTION('',(0.,1.,0.));
#2559 = ORIENTED_EDGE('',*,*,#2560,.F.);
#2560 = EDGE_CURVE('',#689,#2553,#2561,.T.);
#2561 = LINE('',#2562,#2563);
#2562 = CARTESIAN_POINT('',(-73.05,-66.15,-5.));
#2563 = VECTOR('',#2564,1.);
#2564 = DIRECTION('',(1.,0.,0.));
#2565 = PLANE('',#2566);
#2566 = AXIS2_PLACEMENT_3D('',#2567,#2568,#2569);
#2567 = CARTESIAN_POINT('',(-73.05,-38.15,-5.));
#2568 = DIRECTION('',(0.,0.,-1.));
#2569 = DIRECTION('',(0.,-1.,0.));
#2570 = ADVANCED_FACE('',(#2571),#2589,.T.);
#2571 = FACE_BOUND('',#2572,.T.);
#2572 = EDGE_LOOP('',(#2573,#2574,#2575,#2583));
#2573 = ORIENTED_EDGE('',*,*,#696,.F.);
#2574 = ORIENTED_EDGE('',*,*,#2560,.T.);
#2575 = ORIENTED_EDGE('',*,*,#2576,.F.);
#2576 = EDGE_CURVE('',#2577,#2553,#2579,.T.);
#2577 = VERTEX_POINT('',#2578);
#2578 = CARTESIAN_POINT('',(-70.05,-66.15,-20.51752500005));
#2579 = LINE('',#2580,#2581);
#2580 = CARTESIAN_POINT('',(-70.05,-66.15,-19.2));
#2581 = VECTOR('',#2582,1.);
#2582 = DIRECTION('',(0.,0.,1.));
#2583 = ORIENTED_EDGE('',*,*,#2584,.F.);
#2584 = EDGE_CURVE('',#697,#2577,#2585,.T.);
#2585 = LINE('',#2586,#2587);
#2586 = CARTESIAN_POINT('',(-73.05,-66.15,-20.51752500005));
#2587 = VECTOR('',#2588,1.);
#2588 = DIRECTION('',(1.,0.,0.));
#2589 = PLANE('',#2590);
#2590 = AXIS2_PLACEMENT_3D('',#2591,#2592,#2593);
#2591 = CARTESIAN_POINT('',(-73.05,-66.15,-5.));
#2592 = DIRECTION('',(0.,1.,0.));
#2593 = DIRECTION('',(0.,0.,-1.));
#2594 = ADVANCED_FACE('',(#2595),#2613,.T.);
#2595 = FACE_BOUND('',#2596,.T.);
#2596 = EDGE_LOOP('',(#2597,#2598,#2599,#2607));
#2597 = ORIENTED_EDGE('',*,*,#704,.F.);
#2598 = ORIENTED_EDGE('',*,*,#2584,.T.);
#2599 = ORIENTED_EDGE('',*,*,#2600,.F.);
#2600 = EDGE_CURVE('',#2601,#2577,#2603,.T.);
#2601 = VERTEX_POINT('',#2602);
#2602 = CARTESIAN_POINT('',(-70.05,-52.15,-34.51752500005));
#2603 = LINE('',#2604,#2605);
#2604 = CARTESIAN_POINT('',(-70.05,-59.42938125001,-27.23814375003));
#2605 = VECTOR('',#2606,1.);
#2606 = DIRECTION('',(0.,-0.707106781187,0.707106781187));
#2607 = ORIENTED_EDGE('',*,*,#2608,.F.);
#2608 = EDGE_CURVE('',#705,#2601,#2609,.T.);
#2609 = LINE('',#2610,#2611);
#2610 = CARTESIAN_POINT('',(-73.05,-52.15,-34.51752500005));
#2611 = VECTOR('',#2612,1.);
#2612 = DIRECTION('',(1.,0.,0.));
#2613 = PLANE('',#2614);
#2614 = AXIS2_PLACEMENT_3D('',#2615,#2616,#2617);
#2615 = CARTESIAN_POINT('',(-73.05,-66.15,-20.51752500005));
#2616 = DIRECTION('',(0.,0.707106781187,0.707106781187));
#2617 = DIRECTION('',(0.,0.707106781187,-0.707106781187));
#2618 = ADVANCED_FACE('',(#2619),#2637,.F.);
#2619 = FACE_BOUND('',#2620,.F.);
#2620 = EDGE_LOOP('',(#2621,#2622,#2630,#2636));
#2621 = ORIENTED_EDGE('',*,*,#712,.F.);
#2622 = ORIENTED_EDGE('',*,*,#2623,.T.);
#2623 = EDGE_CURVE('',#713,#2624,#2626,.T.);
#2624 = VERTEX_POINT('',#2625);
#2625 = CARTESIAN_POINT('',(-70.05,-38.15,-20.51752500005));
#2626 = LINE('',#2627,#2628);
#2627 = CARTESIAN_POINT('',(-73.05,-38.15,-20.51752500005));
#2628 = VECTOR('',#2629,1.);
#2629 = DIRECTION('',(1.,0.,0.));
#2630 = ORIENTED_EDGE('',*,*,#2631,.F.);
#2631 = EDGE_CURVE('',#2601,#2624,#2632,.T.);
#2632 = LINE('',#2633,#2634);
#2633 = CARTESIAN_POINT('',(-70.05,-44.87061874998,-27.23814375003));
#2634 = VECTOR('',#2635,1.);
#2635 = DIRECTION('',(0.,0.707106781187,0.707106781187));
#2636 = ORIENTED_EDGE('',*,*,#2608,.F.);
#2637 = PLANE('',#2638);
#2638 = AXIS2_PLACEMENT_3D('',#2639,#2640,#2641);
#2639 = CARTESIAN_POINT('',(-73.05,-38.15,-20.51752500005));
#2640 = DIRECTION('',(0.,0.707106781187,-0.707106781187));
#2641 = DIRECTION('',(0.,-0.707106781187,-0.707106781187));
#2642 = ADVANCED_FACE('',(#2643),#2654,.F.);
#2643 = FACE_BOUND('',#2644,.F.);
#2644 = EDGE_LOOP('',(#2645,#2646,#2647,#2653));
#2645 = ORIENTED_EDGE('',*,*,#720,.F.);
#2646 = ORIENTED_EDGE('',*,*,#2544,.T.);
#2647 = ORIENTED_EDGE('',*,*,#2648,.F.);
#2648 = EDGE_CURVE('',#2624,#2545,#2649,.T.);
#2649 = LINE('',#2650,#2651);
#2650 = CARTESIAN_POINT('',(-70.05,-38.15,-19.2));
#2651 = VECTOR('',#2652,1.);
#2652 = DIRECTION('',(0.,0.,1.));
#2653 = ORIENTED_EDGE('',*,*,#2623,.F.);
#2654 = PLANE('',#2655);
#2655 = AXIS2_PLACEMENT_3D('',#2656,#2657,#2658);
#2656 = CARTESIAN_POINT('',(-73.05,-38.15,-5.));
#2657 = DIRECTION('',(0.,1.,0.));
#2658 = DIRECTION('',(0.,0.,-1.));
#2659 = ADVANCED_FACE('',(#2660),#2717,.F.);
#2660 = FACE_BOUND('',#2661,.F.);
#2661 = EDGE_LOOP('',(#2662,#2670,#2671,#2672,#2673,#2679,#2680,#2688,
    #2696,#2702,#2703,#2711));
#2662 = ORIENTED_EDGE('',*,*,#2663,.F.);
#2663 = EDGE_CURVE('',#811,#2664,#2666,.T.);
#2664 = VERTEX_POINT('',#2665);
#2665 = CARTESIAN_POINT('',(-58.45,-33.15,-15.));
#2666 = LINE('',#2667,#2668);
#2667 = CARTESIAN_POINT('',(-58.45,-33.15,0.));
#2668 = VECTOR('',#2669,1.);
#2669 = DIRECTION('',(0.,0.,-1.));
#2670 = ORIENTED_EDGE('',*,*,#818,.F.);
#2671 = ORIENTED_EDGE('',*,*,#2433,.T.);
#2672 = ORIENTED_EDGE('',*,*,#2492,.T.);
#2673 = ORIENTED_EDGE('',*,*,#2674,.F.);
#2674 = EDGE_CURVE('',#1274,#2484,#2675,.T.);
#2675 = LINE('',#2676,#2677);
#2676 = CARTESIAN_POINT('',(100.95,-33.15,0.));
#2677 = VECTOR('',#2678,1.);
#2678 = DIRECTION('',(0.,0.,-1.));
#2679 = ORIENTED_EDGE('',*,*,#1332,.F.);
#2680 = ORIENTED_EDGE('',*,*,#2681,.T.);
#2681 = EDGE_CURVE('',#1323,#2682,#2684,.T.);
#2682 = VERTEX_POINT('',#2683);
#2683 = CARTESIAN_POINT('',(46.550000000004,-33.15,-15.));
#2684 = LINE('',#2685,#2686);
#2685 = CARTESIAN_POINT('',(46.550000000004,-33.15,0.));
#2686 = VECTOR('',#2687,1.);
#2687 = DIRECTION('',(0.,0.,-1.));
#2688 = ORIENTED_EDGE('',*,*,#2689,.T.);
#2689 = EDGE_CURVE('',#2682,#2690,#2692,.T.);
#2690 = VERTEX_POINT('',#2691);
#2691 = CARTESIAN_POINT('',(31.549999999998,-33.15,-15.));
#2692 = LINE('',#2693,#2694);
#2693 = CARTESIAN_POINT('',(-17.,-33.15,-15.));
#2694 = VECTOR('',#2695,1.);
#2695 = DIRECTION('',(-1.,0.,0.));
#2696 = ORIENTED_EDGE('',*,*,#2697,.F.);
#2697 = EDGE_CURVE('',#1203,#2690,#2698,.T.);
#2698 = LINE('',#2699,#2700);
#2699 = CARTESIAN_POINT('',(31.549999999998,-33.15,0.));
#2700 = VECTOR('',#2701,1.);
#2701 = DIRECTION('',(0.,0.,-1.));
#2702 = ORIENTED_EDGE('',*,*,#1210,.F.);
#2703 = ORIENTED_EDGE('',*,*,#2704,.T.);
#2704 = EDGE_CURVE('',#1153,#2705,#2707,.T.);
#2705 = VERTEX_POINT('',#2706);
#2706 = CARTESIAN_POINT('',(-43.45,-33.15,-15.));
#2707 = LINE('',#2708,#2709);
#2708 = CARTESIAN_POINT('',(-43.45,-33.15,0.));
#2709 = VECTOR('',#2710,1.);
#2710 = DIRECTION('',(0.,0.,-1.));
#2711 = ORIENTED_EDGE('',*,*,#2712,.T.);
#2712 = EDGE_CURVE('',#2705,#2664,#2713,.T.);
#2713 = LINE('',#2714,#2715);
#2714 = CARTESIAN_POINT('',(-62.,-33.15,-15.));
#2715 = VECTOR('',#2716,1.);
#2716 = DIRECTION('',(-1.,0.,0.));
#2717 = PLANE('',#2718);
#2718 = AXIS2_PLACEMENT_3D('',#2719,#2720,#2721);
#2719 = CARTESIAN_POINT('',(-73.05,-33.15,0.));
#2720 = DIRECTION('',(0.,-1.,0.));
#2721 = DIRECTION('',(1.,0.,0.));
#2722 = ADVANCED_FACE('',(#2723),#2742,.F.);
#2723 = FACE_BOUND('',#2724,.T.);
#2724 = EDGE_LOOP('',(#2725,#2726,#2727,#2735));
#2725 = ORIENTED_EDGE('',*,*,#2663,.F.);
#2726 = ORIENTED_EDGE('',*,*,#867,.T.);
#2727 = ORIENTED_EDGE('',*,*,#2728,.T.);
#2728 = EDGE_CURVE('',#860,#2729,#2731,.T.);
#2729 = VERTEX_POINT('',#2730);
#2730 = CARTESIAN_POINT('',(-56.45,-31.15,-15.));
#2731 = LINE('',#2732,#2733);
#2732 = CARTESIAN_POINT('',(-56.45,-31.15,0.));
#2733 = VECTOR('',#2734,1.);
#2734 = DIRECTION('',(0.,0.,-1.));
#2735 = ORIENTED_EDGE('',*,*,#2736,.F.);
#2736 = EDGE_CURVE('',#2664,#2729,#2737,.T.);
#2737 = CIRCLE('',#2738,2.);
#2738 = AXIS2_PLACEMENT_3D('',#2739,#2740,#2741);
#2739 = CARTESIAN_POINT('',(-58.45,-31.15,-15.));
#2740 = DIRECTION('',(0.,-0.,1.));
#2741 = DIRECTION('',(0.,1.,0.));
#2742 = CYLINDRICAL_SURFACE('',#2743,2.);
#2743 = AXIS2_PLACEMENT_3D('',#2744,#2745,#2746);
#2744 = CARTESIAN_POINT('',(-58.45,-31.15,0.));
#2745 = DIRECTION('',(0.,0.,-1.));
#2746 = DIRECTION('',(0.,-1.,0.));
#2747 = ADVANCED_FACE('',(#2748),#2766,.T.);
#2748 = FACE_BOUND('',#2749,.T.);
#2749 = EDGE_LOOP('',(#2750,#2751,#2752,#2760));
#2750 = ORIENTED_EDGE('',*,*,#2728,.F.);
#2751 = ORIENTED_EDGE('',*,*,#916,.T.);
#2752 = ORIENTED_EDGE('',*,*,#2753,.T.);
#2753 = EDGE_CURVE('',#909,#2754,#2756,.T.);
#2754 = VERTEX_POINT('',#2755);
#2755 = CARTESIAN_POINT('',(-56.45,-22.15,-15.));
#2756 = LINE('',#2757,#2758);
#2757 = CARTESIAN_POINT('',(-56.45,-22.15,0.));
#2758 = VECTOR('',#2759,1.);
#2759 = DIRECTION('',(0.,0.,-1.));
#2760 = ORIENTED_EDGE('',*,*,#2761,.F.);
#2761 = EDGE_CURVE('',#2729,#2754,#2762,.T.);
#2762 = LINE('',#2763,#2764);
#2763 = CARTESIAN_POINT('',(-56.45,-31.15,-15.));
#2764 = VECTOR('',#2765,1.);
#2765 = DIRECTION('',(0.,1.,0.));
#2766 = PLANE('',#2767);
#2767 = AXIS2_PLACEMENT_3D('',#2768,#2769,#2770);
#2768 = CARTESIAN_POINT('',(-56.45,-26.65,-7.5));
#2769 = DIRECTION('',(-1.,8.164409319551E-16,0.));
#2770 = DIRECTION('',(-8.164409319551E-16,-1.,0.));
#2771 = ADVANCED_FACE('',(#2772),#2791,.T.);
#2772 = FACE_BOUND('',#2773,.F.);
#2773 = EDGE_LOOP('',(#2774,#2782,#2783,#2784));
#2774 = ORIENTED_EDGE('',*,*,#2775,.F.);
#2775 = EDGE_CURVE('',#958,#2776,#2778,.T.);
#2776 = VERTEX_POINT('',#2777);
#2777 = CARTESIAN_POINT('',(-54.45,-20.15,-15.));
#2778 = LINE('',#2779,#2780);
#2779 = CARTESIAN_POINT('',(-54.45,-20.15,0.));
#2780 = VECTOR('',#2781,1.);
#2781 = DIRECTION('',(0.,0.,-1.));
#2782 = ORIENTED_EDGE('',*,*,#965,.F.);
#2783 = ORIENTED_EDGE('',*,*,#2753,.T.);
#2784 = ORIENTED_EDGE('',*,*,#2785,.F.);
#2785 = EDGE_CURVE('',#2776,#2754,#2786,.T.);
#2786 = CIRCLE('',#2787,2.);
#2787 = AXIS2_PLACEMENT_3D('',#2788,#2789,#2790);
#2788 = CARTESIAN_POINT('',(-54.45,-22.15,-15.));
#2789 = DIRECTION('',(0.,-0.,1.));
#2790 = DIRECTION('',(0.,1.,0.));
#2791 = CYLINDRICAL_SURFACE('',#2792,2.);
#2792 = AXIS2_PLACEMENT_3D('',#2793,#2794,#2795);
#2793 = CARTESIAN_POINT('',(-54.45,-22.15,0.));
#2794 = DIRECTION('',(0.,0.,-1.));
#2795 = DIRECTION('',(0.,1.,0.));
#2796 = ADVANCED_FACE('',(#2797),#2815,.F.);
#2797 = FACE_BOUND('',#2798,.F.);
#2798 = EDGE_LOOP('',(#2799,#2800,#2808,#2814));
#2799 = ORIENTED_EDGE('',*,*,#2775,.T.);
#2800 = ORIENTED_EDGE('',*,*,#2801,.T.);
#2801 = EDGE_CURVE('',#2776,#2802,#2804,.T.);
#2802 = VERTEX_POINT('',#2803);
#2803 = CARTESIAN_POINT('',(-47.45,-20.15,-15.));
#2804 = LINE('',#2805,#2806);
#2805 = CARTESIAN_POINT('',(-56.45,-20.15,-15.));
#2806 = VECTOR('',#2807,1.);
#2807 = DIRECTION('',(1.,0.,0.));
#2808 = ORIENTED_EDGE('',*,*,#2809,.F.);
#2809 = EDGE_CURVE('',#1007,#2802,#2810,.T.);
#2810 = LINE('',#2811,#2812);
#2811 = CARTESIAN_POINT('',(-47.45,-20.15,0.));
#2812 = VECTOR('',#2813,1.);
#2813 = DIRECTION('',(0.,0.,-1.));
#2814 = ORIENTED_EDGE('',*,*,#1014,.F.);
#2815 = PLANE('',#2816);
#2816 = AXIS2_PLACEMENT_3D('',#2817,#2818,#2819);
#2817 = CARTESIAN_POINT('',(-56.45,-20.15,0.));
#2818 = DIRECTION('',(0.,-1.,0.));
#2819 = DIRECTION('',(1.,0.,0.));
#2820 = ADVANCED_FACE('',(#2821),#2840,.T.);
#2821 = FACE_BOUND('',#2822,.T.);
#2822 = EDGE_LOOP('',(#2823,#2824,#2825,#2833));
#2823 = ORIENTED_EDGE('',*,*,#2809,.F.);
#2824 = ORIENTED_EDGE('',*,*,#1062,.T.);
#2825 = ORIENTED_EDGE('',*,*,#2826,.T.);
#2826 = EDGE_CURVE('',#1055,#2827,#2829,.T.);
#2827 = VERTEX_POINT('',#2828);
#2828 = CARTESIAN_POINT('',(-45.45,-22.15,-15.));
#2829 = LINE('',#2830,#2831);
#2830 = CARTESIAN_POINT('',(-45.45,-22.15,0.));
#2831 = VECTOR('',#2832,1.);
#2832 = DIRECTION('',(0.,0.,-1.));
#2833 = ORIENTED_EDGE('',*,*,#2834,.F.);
#2834 = EDGE_CURVE('',#2802,#2827,#2835,.T.);
#2835 = CIRCLE('',#2836,2.);
#2836 = AXIS2_PLACEMENT_3D('',#2837,#2838,#2839);
#2837 = CARTESIAN_POINT('',(-47.45,-22.15,-15.));
#2838 = DIRECTION('',(0.,0.,-1.));
#2839 = DIRECTION('',(0.,1.,0.));
#2840 = CYLINDRICAL_SURFACE('',#2841,2.);
#2841 = AXIS2_PLACEMENT_3D('',#2842,#2843,#2844);
#2842 = CARTESIAN_POINT('',(-47.45,-22.15,0.));
#2843 = DIRECTION('',(0.,0.,-1.));
#2844 = DIRECTION('',(0.,1.,0.));
#2845 = ADVANCED_FACE('',(#2846),#2864,.T.);
#2846 = FACE_BOUND('',#2847,.T.);
#2847 = EDGE_LOOP('',(#2848,#2849,#2850,#2858));
#2848 = ORIENTED_EDGE('',*,*,#2826,.F.);
#2849 = ORIENTED_EDGE('',*,*,#1112,.T.);
#2850 = ORIENTED_EDGE('',*,*,#2851,.T.);
#2851 = EDGE_CURVE('',#1105,#2852,#2854,.T.);
#2852 = VERTEX_POINT('',#2853);
#2853 = CARTESIAN_POINT('',(-45.45,-31.15,-15.));
#2854 = LINE('',#2855,#2856);
#2855 = CARTESIAN_POINT('',(-45.45,-31.15,0.));
#2856 = VECTOR('',#2857,1.);
#2857 = DIRECTION('',(0.,0.,-1.));
#2858 = ORIENTED_EDGE('',*,*,#2859,.T.);
#2859 = EDGE_CURVE('',#2852,#2827,#2860,.T.);
#2860 = LINE('',#2861,#2862);
#2861 = CARTESIAN_POINT('',(-45.45,-4.149999999991,-15.));
#2862 = VECTOR('',#2863,1.);
#2863 = DIRECTION('',(0.,1.,0.));
#2864 = PLANE('',#2865);
#2865 = AXIS2_PLACEMENT_3D('',#2866,#2867,#2868);
#2866 = CARTESIAN_POINT('',(-45.45,-26.65,-7.5));
#2867 = DIRECTION('',(1.,8.164409319551E-16,0.));
#2868 = DIRECTION('',(-8.164409319551E-16,1.,0.));
#2869 = ADVANCED_FACE('',(#2870),#2881,.T.);
#2870 = FACE_BOUND('',#2871,.T.);
#2871 = EDGE_LOOP('',(#2872,#2873,#2874,#2880));
#2872 = ORIENTED_EDGE('',*,*,#2408,.T.);
#2873 = ORIENTED_EDGE('',*,*,#2458,.T.);
#2874 = ORIENTED_EDGE('',*,*,#2875,.F.);
#2875 = EDGE_CURVE('',#1127,#2459,#2876,.T.);
#2876 = LINE('',#2877,#2878);
#2877 = CARTESIAN_POINT('',(100.95,-71.15,0.));
#2878 = VECTOR('',#2879,1.);
#2879 = DIRECTION('',(0.,0.,-1.));
#2880 = ORIENTED_EDGE('',*,*,#1136,.T.);
#2881 = PLANE('',#2882);
#2882 = AXIS2_PLACEMENT_3D('',#2883,#2884,#2885);
#2883 = CARTESIAN_POINT('',(-73.05,-71.15,0.));
#2884 = DIRECTION('',(0.,-1.,0.));
#2885 = DIRECTION('',(1.,0.,0.));
#2886 = ADVANCED_FACE('',(#2887),#2899,.F.);
#2887 = FACE_BOUND('',#2888,.F.);
#2888 = EDGE_LOOP('',(#2889,#2890,#2891,#2892));
#2889 = ORIENTED_EDGE('',*,*,#2704,.F.);
#2890 = ORIENTED_EDGE('',*,*,#1160,.F.);
#2891 = ORIENTED_EDGE('',*,*,#2851,.T.);
#2892 = ORIENTED_EDGE('',*,*,#2893,.F.);
#2893 = EDGE_CURVE('',#2705,#2852,#2894,.T.);
#2894 = CIRCLE('',#2895,2.);
#2895 = AXIS2_PLACEMENT_3D('',#2896,#2897,#2898);
#2896 = CARTESIAN_POINT('',(-43.45,-31.15,-15.));
#2897 = DIRECTION('',(0.,0.,-1.));
#2898 = DIRECTION('',(0.,1.,0.));
#2899 = CYLINDRICAL_SURFACE('',#2900,2.);
#2900 = AXIS2_PLACEMENT_3D('',#2901,#2902,#2903);
#2901 = CARTESIAN_POINT('',(-43.45,-31.15,0.));
#2902 = DIRECTION('',(0.,0.,-1.));
#2903 = DIRECTION('',(0.,-1.,0.));
#2904 = ADVANCED_FACE('',(#2905),#2916,.T.);
#2905 = FACE_BOUND('',#2906,.F.);
#2906 = EDGE_LOOP('',(#2907,#2908,#2909,#2915));
#2907 = ORIENTED_EDGE('',*,*,#2875,.F.);
#2908 = ORIENTED_EDGE('',*,*,#1185,.F.);
#2909 = ORIENTED_EDGE('',*,*,#2910,.T.);
#2910 = EDGE_CURVE('',#1176,#2467,#2911,.T.);
#2911 = LINE('',#2912,#2913);
#2912 = CARTESIAN_POINT('',(102.95,-69.15,0.));
#2913 = VECTOR('',#2914,1.);
#2914 = DIRECTION('',(0.,0.,-1.));
#2915 = ORIENTED_EDGE('',*,*,#2466,.F.);
#2916 = CYLINDRICAL_SURFACE('',#2917,2.);
#2917 = AXIS2_PLACEMENT_3D('',#2918,#2919,#2920);
#2918 = CARTESIAN_POINT('',(100.95,-69.15,0.));
#2919 = DIRECTION('',(0.,0.,-1.));
#2920 = DIRECTION('',(0.,-1.,0.));
#2921 = ADVANCED_FACE('',(#2922),#2933,.T.);
#2922 = FACE_BOUND('',#2923,.T.);
#2923 = EDGE_LOOP('',(#2924,#2925,#2926,#2932));
#2924 = ORIENTED_EDGE('',*,*,#2910,.T.);
#2925 = ORIENTED_EDGE('',*,*,#2475,.T.);
#2926 = ORIENTED_EDGE('',*,*,#2927,.F.);
#2927 = EDGE_CURVE('',#1225,#2476,#2928,.T.);
#2928 = LINE('',#2929,#2930);
#2929 = CARTESIAN_POINT('',(102.95,-35.15,0.));
#2930 = VECTOR('',#2931,1.);
#2931 = DIRECTION('',(0.,0.,-1.));
#2932 = ORIENTED_EDGE('',*,*,#1234,.T.);
#2933 = PLANE('',#2934);
#2934 = AXIS2_PLACEMENT_3D('',#2935,#2936,#2937);
#2935 = CARTESIAN_POINT('',(102.95,-71.15,0.));
#2936 = DIRECTION('',(1.,0.,0.));
#2937 = DIRECTION('',(0.,1.,0.));
#2938 = ADVANCED_FACE('',(#2939),#2958,.F.);
#2939 = FACE_BOUND('',#2940,.T.);
#2940 = EDGE_LOOP('',(#2941,#2942,#2943,#2951));
#2941 = ORIENTED_EDGE('',*,*,#2697,.F.);
#2942 = ORIENTED_EDGE('',*,*,#1258,.T.);
#2943 = ORIENTED_EDGE('',*,*,#2944,.T.);
#2944 = EDGE_CURVE('',#1251,#2945,#2947,.T.);
#2945 = VERTEX_POINT('',#2946);
#2946 = CARTESIAN_POINT('',(33.549999999998,-31.15,-15.));
#2947 = LINE('',#2948,#2949);
#2948 = CARTESIAN_POINT('',(33.549999999998,-31.15,0.));
#2949 = VECTOR('',#2950,1.);
#2950 = DIRECTION('',(0.,0.,-1.));
#2951 = ORIENTED_EDGE('',*,*,#2952,.F.);
#2952 = EDGE_CURVE('',#2690,#2945,#2953,.T.);
#2953 = CIRCLE('',#2954,2.);
#2954 = AXIS2_PLACEMENT_3D('',#2955,#2956,#2957);
#2955 = CARTESIAN_POINT('',(31.549999999998,-31.15,-15.));
#2956 = DIRECTION('',(0.,-0.,1.));
#2957 = DIRECTION('',(0.,1.,0.));
#2958 = CYLINDRICAL_SURFACE('',#2959,2.);
#2959 = AXIS2_PLACEMENT_3D('',#2960,#2961,#2962);
#2960 = CARTESIAN_POINT('',(31.549999999998,-31.15,0.));
#2961 = DIRECTION('',(0.,0.,-1.));
#2962 = DIRECTION('',(0.,-1.,0.));
#2963 = ADVANCED_FACE('',(#2964),#2970,.T.);
#2964 = FACE_BOUND('',#2965,.F.);
#2965 = EDGE_LOOP('',(#2966,#2967,#2968,#2969));
#2966 = ORIENTED_EDGE('',*,*,#2927,.F.);
#2967 = ORIENTED_EDGE('',*,*,#1283,.F.);
#2968 = ORIENTED_EDGE('',*,*,#2674,.T.);
#2969 = ORIENTED_EDGE('',*,*,#2483,.F.);
#2970 = CYLINDRICAL_SURFACE('',#2971,2.);
#2971 = AXIS2_PLACEMENT_3D('',#2972,#2973,#2974);
#2972 = CARTESIAN_POINT('',(100.95,-35.15,0.));
#2973 = DIRECTION('',(0.,0.,-1.));
#2974 = DIRECTION('',(1.,0.,0.));
#2975 = ADVANCED_FACE('',(#2976),#2994,.T.);
#2976 = FACE_BOUND('',#2977,.T.);
#2977 = EDGE_LOOP('',(#2978,#2979,#2980,#2988));
#2978 = ORIENTED_EDGE('',*,*,#2944,.F.);
#2979 = ORIENTED_EDGE('',*,*,#1308,.T.);
#2980 = ORIENTED_EDGE('',*,*,#2981,.T.);
#2981 = EDGE_CURVE('',#1301,#2982,#2984,.T.);
#2982 = VERTEX_POINT('',#2983);
#2983 = CARTESIAN_POINT('',(33.549999999996,-22.14999999999,-15.));
#2984 = LINE('',#2985,#2986);
#2985 = CARTESIAN_POINT('',(33.549999999996,-22.14999999999,0.));
#2986 = VECTOR('',#2987,1.);
#2987 = DIRECTION('',(0.,0.,-1.));
#2988 = ORIENTED_EDGE('',*,*,#2989,.F.);
#2989 = EDGE_CURVE('',#2945,#2982,#2990,.T.);
#2990 = LINE('',#2991,#2992);
#2991 = CARTESIAN_POINT('',(33.549999999996,-31.15,-15.));
#2992 = VECTOR('',#2993,1.);
#2993 = DIRECTION('',(0.,1.,0.));
#2994 = PLANE('',#2995);
#2995 = AXIS2_PLACEMENT_3D('',#2996,#2997,#2998);
#2996 = CARTESIAN_POINT('',(33.549999999997,-26.64999999999,-7.5));
#2997 = DIRECTION('',(-1.,-2.220719334916E-13,-0.));
#2998 = DIRECTION('',(2.220719334916E-13,-1.,0.));
#2999 = ADVANCED_FACE('',(#3000),#3019,.T.);
#3000 = FACE_BOUND('',#3001,.F.);
#3001 = EDGE_LOOP('',(#3002,#3010,#3011,#3012));
#3002 = ORIENTED_EDGE('',*,*,#3003,.F.);
#3003 = EDGE_CURVE('',#1349,#3004,#3006,.T.);
#3004 = VERTEX_POINT('',#3005);
#3005 = CARTESIAN_POINT('',(35.549999999996,-20.14999999999,-15.));
#3006 = LINE('',#3007,#3008);
#3007 = CARTESIAN_POINT('',(35.549999999996,-20.14999999999,0.));
#3008 = VECTOR('',#3009,1.);
#3009 = DIRECTION('',(0.,0.,-1.));
#3010 = ORIENTED_EDGE('',*,*,#1356,.F.);
#3011 = ORIENTED_EDGE('',*,*,#2981,.T.);
#3012 = ORIENTED_EDGE('',*,*,#3013,.F.);
#3013 = EDGE_CURVE('',#3004,#2982,#3014,.T.);
#3014 = CIRCLE('',#3015,2.);
#3015 = AXIS2_PLACEMENT_3D('',#3016,#3017,#3018);
#3016 = CARTESIAN_POINT('',(35.549999999996,-22.14999999999,-15.));
#3017 = DIRECTION('',(0.,-0.,1.));
#3018 = DIRECTION('',(0.,1.,0.));
#3019 = CYLINDRICAL_SURFACE('',#3020,2.);
#3020 = AXIS2_PLACEMENT_3D('',#3021,#3022,#3023);
#3021 = CARTESIAN_POINT('',(35.549999999996,-22.14999999999,0.));
#3022 = DIRECTION('',(0.,0.,-1.));
#3023 = DIRECTION('',(0.,1.,0.));
#3024 = ADVANCED_FACE('',(#3025),#3044,.F.);
#3025 = FACE_BOUND('',#3026,.F.);
#3026 = EDGE_LOOP('',(#3027,#3028,#3029,#3037));
#3027 = ORIENTED_EDGE('',*,*,#2681,.F.);
#3028 = ORIENTED_EDGE('',*,*,#1381,.F.);
#3029 = ORIENTED_EDGE('',*,*,#3030,.T.);
#3030 = EDGE_CURVE('',#1372,#3031,#3033,.T.);
#3031 = VERTEX_POINT('',#3032);
#3032 = CARTESIAN_POINT('',(44.550000000004,-31.15,-15.));
#3033 = LINE('',#3034,#3035);
#3034 = CARTESIAN_POINT('',(44.550000000004,-31.15,0.));
#3035 = VECTOR('',#3036,1.);
#3036 = DIRECTION('',(0.,0.,-1.));
#3037 = ORIENTED_EDGE('',*,*,#3038,.F.);
#3038 = EDGE_CURVE('',#2682,#3031,#3039,.T.);
#3039 = CIRCLE('',#3040,2.);
#3040 = AXIS2_PLACEMENT_3D('',#3041,#3042,#3043);
#3041 = CARTESIAN_POINT('',(46.550000000004,-31.15,-15.));
#3042 = DIRECTION('',(0.,0.,-1.));
#3043 = DIRECTION('',(0.,1.,0.));
#3044 = CYLINDRICAL_SURFACE('',#3045,2.);
#3045 = AXIS2_PLACEMENT_3D('',#3046,#3047,#3048);
#3046 = CARTESIAN_POINT('',(46.550000000004,-31.15,0.));
#3047 = DIRECTION('',(0.,0.,-1.));
#3048 = DIRECTION('',(0.,-1.,0.));
#3049 = ADVANCED_FACE('',(#3050),#3068,.F.);
#3050 = FACE_BOUND('',#3051,.F.);
#3051 = EDGE_LOOP('',(#3052,#3053,#3061,#3067));
#3052 = ORIENTED_EDGE('',*,*,#3003,.T.);
#3053 = ORIENTED_EDGE('',*,*,#3054,.T.);
#3054 = EDGE_CURVE('',#3004,#3055,#3057,.T.);
#3055 = VERTEX_POINT('',#3056);
#3056 = CARTESIAN_POINT('',(42.550000000004,-20.14999999999,-15.));
#3057 = LINE('',#3058,#3059);
#3058 = CARTESIAN_POINT('',(33.549999999996,-20.14999999999,-15.));
#3059 = VECTOR('',#3060,1.);
#3060 = DIRECTION('',(1.,0.,0.));
#3061 = ORIENTED_EDGE('',*,*,#3062,.F.);
#3062 = EDGE_CURVE('',#1399,#3055,#3063,.T.);
#3063 = LINE('',#3064,#3065);
#3064 = CARTESIAN_POINT('',(42.550000000004,-20.14999999999,0.));
#3065 = VECTOR('',#3066,1.);
#3066 = DIRECTION('',(0.,0.,-1.));
#3067 = ORIENTED_EDGE('',*,*,#1406,.F.);
#3068 = PLANE('',#3069);
#3069 = AXIS2_PLACEMENT_3D('',#3070,#3071,#3072);
#3070 = CARTESIAN_POINT('',(33.549999999996,-20.14999999999,0.));
#3071 = DIRECTION('',(0.,-1.,0.));
#3072 = DIRECTION('',(1.,0.,0.));
#3073 = ADVANCED_FACE('',(#3074),#3092,.T.);
#3074 = FACE_BOUND('',#3075,.T.);
#3075 = EDGE_LOOP('',(#3076,#3084,#3085,#3086));
#3076 = ORIENTED_EDGE('',*,*,#3077,.F.);
#3077 = EDGE_CURVE('',#1421,#3078,#3080,.T.);
#3078 = VERTEX_POINT('',#3079);
#3079 = CARTESIAN_POINT('',(44.550000000004,-22.14999999999,-15.));
#3080 = LINE('',#3081,#3082);
#3081 = CARTESIAN_POINT('',(44.550000000004,-22.14999999999,0.));
#3082 = VECTOR('',#3083,1.);
#3083 = DIRECTION('',(0.,0.,-1.));
#3084 = ORIENTED_EDGE('',*,*,#1430,.T.);
#3085 = ORIENTED_EDGE('',*,*,#3030,.T.);
#3086 = ORIENTED_EDGE('',*,*,#3087,.T.);
#3087 = EDGE_CURVE('',#3031,#3078,#3088,.T.);
#3088 = LINE('',#3089,#3090);
#3089 = CARTESIAN_POINT('',(44.550000000004,-4.149999999993,-15.));
#3090 = VECTOR('',#3091,1.);
#3091 = DIRECTION('',(0.,1.,0.));
#3092 = PLANE('',#3093);
#3093 = AXIS2_PLACEMENT_3D('',#3094,#3095,#3096);
#3094 = CARTESIAN_POINT('',(44.550000000004,-26.64999999999,-7.5));
#3095 = DIRECTION('',(1.,-2.85754326184E-15,0.));
#3096 = DIRECTION('',(2.85754326184E-15,1.,0.));
#3097 = ADVANCED_FACE('',(#3098),#3110,.T.);
#3098 = FACE_BOUND('',#3099,.T.);
#3099 = EDGE_LOOP('',(#3100,#3101,#3102,#3103));
#3100 = ORIENTED_EDGE('',*,*,#3062,.F.);
#3101 = ORIENTED_EDGE('',*,*,#1447,.T.);
#3102 = ORIENTED_EDGE('',*,*,#3077,.T.);
#3103 = ORIENTED_EDGE('',*,*,#3104,.F.);
#3104 = EDGE_CURVE('',#3055,#3078,#3105,.T.);
#3105 = CIRCLE('',#3106,2.);
#3106 = AXIS2_PLACEMENT_3D('',#3107,#3108,#3109);
#3107 = CARTESIAN_POINT('',(42.550000000004,-22.14999999999,-15.));
#3108 = DIRECTION('',(0.,0.,-1.));
#3109 = DIRECTION('',(0.,1.,0.));
#3110 = CYLINDRICAL_SURFACE('',#3111,2.);
#3111 = AXIS2_PLACEMENT_3D('',#3112,#3113,#3114);
#3112 = CARTESIAN_POINT('',(42.550000000004,-22.14999999999,0.));
#3113 = DIRECTION('',(0.,0.,-1.));
#3114 = DIRECTION('',(0.,1.,0.));
#3115 = ADVANCED_FACE('',(#3116),#3142,.T.);
#3116 = FACE_BOUND('',#3117,.F.);
#3117 = EDGE_LOOP('',(#3118,#3126,#3127,#3135));
#3118 = ORIENTED_EDGE('',*,*,#3119,.F.);
#3119 = EDGE_CURVE('',#1809,#3120,#3122,.T.);
#3120 = VERTEX_POINT('',#3121);
#3121 = CARTESIAN_POINT('',(-67.44999999999,65.849999999992,-15.));
#3122 = LINE('',#3123,#3124);
#3123 = CARTESIAN_POINT('',(-67.44999999999,65.849999999992,0.));
#3124 = VECTOR('',#3125,1.);
#3125 = DIRECTION('',(0.,0.,-1.));
#3126 = ORIENTED_EDGE('',*,*,#1825,.T.);
#3127 = ORIENTED_EDGE('',*,*,#3128,.T.);
#3128 = EDGE_CURVE('',#1818,#3129,#3131,.T.);
#3129 = VERTEX_POINT('',#3130);
#3130 = CARTESIAN_POINT('',(-65.44999999999,67.849999999992,-15.));
#3131 = LINE('',#3132,#3133);
#3132 = CARTESIAN_POINT('',(-65.44999999999,67.849999999992,0.));
#3133 = VECTOR('',#3134,1.);
#3134 = DIRECTION('',(0.,0.,-1.));
#3135 = ORIENTED_EDGE('',*,*,#3136,.F.);
#3136 = EDGE_CURVE('',#3120,#3129,#3137,.T.);
#3137 = CIRCLE('',#3138,2.);
#3138 = AXIS2_PLACEMENT_3D('',#3139,#3140,#3141);
#3139 = CARTESIAN_POINT('',(-67.44999999999,67.849999999992,-15.));
#3140 = DIRECTION('',(0.,-0.,1.));
#3141 = DIRECTION('',(0.,1.,0.));
#3142 = CYLINDRICAL_SURFACE('',#3143,2.);
#3143 = AXIS2_PLACEMENT_3D('',#3144,#3145,#3146);
#3144 = CARTESIAN_POINT('',(-67.44999999999,67.849999999992,0.));
#3145 = DIRECTION('',(0.,0.,-1.));
#3146 = DIRECTION('',(0.,-1.,0.));
#3147 = ADVANCED_FACE('',(#3148),#3166,.F.);
#3148 = FACE_BOUND('',#3149,.F.);
#3149 = EDGE_LOOP('',(#3150,#3151,#3159,#3165));
#3150 = ORIENTED_EDGE('',*,*,#3119,.T.);
#3151 = ORIENTED_EDGE('',*,*,#3152,.T.);
#3152 = EDGE_CURVE('',#3120,#3153,#3155,.T.);
#3153 = VERTEX_POINT('',#3154);
#3154 = CARTESIAN_POINT('',(-74.45,65.849999999992,-15.));
#3155 = LINE('',#3156,#3157);
#3156 = CARTESIAN_POINT('',(-65.44999999999,65.849999999992,-15.));
#3157 = VECTOR('',#3158,1.);
#3158 = DIRECTION('',(-1.,0.,0.));
#3159 = ORIENTED_EDGE('',*,*,#3160,.F.);
#3160 = EDGE_CURVE('',#1841,#3153,#3161,.T.);
#3161 = LINE('',#3162,#3163);
#3162 = CARTESIAN_POINT('',(-74.45,65.849999999992,0.));
#3163 = VECTOR('',#3164,1.);
#3164 = DIRECTION('',(0.,0.,-1.));
#3165 = ORIENTED_EDGE('',*,*,#1850,.T.);
#3166 = PLANE('',#3167);
#3167 = AXIS2_PLACEMENT_3D('',#3168,#3169,#3170);
#3168 = CARTESIAN_POINT('',(-65.44999999999,65.849999999992,0.));
#3169 = DIRECTION('',(0.,1.,0.));
#3170 = DIRECTION('',(-1.,0.,0.));
#3171 = ADVANCED_FACE('',(#3172),#3190,.F.);
#3172 = FACE_BOUND('',#3173,.F.);
#3173 = EDGE_LOOP('',(#3174,#3182,#3188,#3189));
#3174 = ORIENTED_EDGE('',*,*,#3175,.T.);
#3175 = EDGE_CURVE('',#1867,#3176,#3178,.T.);
#3176 = VERTEX_POINT('',#3177);
#3177 = CARTESIAN_POINT('',(-65.44999999999,74.850000000008,-15.));
#3178 = LINE('',#3179,#3180);
#3179 = CARTESIAN_POINT('',(-65.44999999999,74.850000000008,0.));
#3180 = VECTOR('',#3181,1.);
#3181 = DIRECTION('',(0.,0.,-1.));
#3182 = ORIENTED_EDGE('',*,*,#3183,.T.);
#3183 = EDGE_CURVE('',#3176,#3129,#3184,.T.);
#3184 = LINE('',#3185,#3186);
#3185 = CARTESIAN_POINT('',(-65.44999999999,76.850000000008,-15.));
#3186 = VECTOR('',#3187,1.);
#3187 = DIRECTION('',(0.,-1.,0.));
#3188 = ORIENTED_EDGE('',*,*,#3128,.F.);
#3189 = ORIENTED_EDGE('',*,*,#1874,.T.);
#3190 = PLANE('',#3191);
#3191 = AXIS2_PLACEMENT_3D('',#3192,#3193,#3194);
#3192 = CARTESIAN_POINT('',(-65.44999999999,76.850000000008,0.));
#3193 = DIRECTION('',(-1.,-0.,-0.));
#3194 = DIRECTION('',(0.,-1.,0.));
#3195 = ADVANCED_FACE('',(#3196),#3215,.T.);
#3196 = FACE_BOUND('',#3197,.T.);
#3197 = EDGE_LOOP('',(#3198,#3199,#3200,#3208));
#3198 = ORIENTED_EDGE('',*,*,#3160,.F.);
#3199 = ORIENTED_EDGE('',*,*,#1898,.F.);
#3200 = ORIENTED_EDGE('',*,*,#3201,.T.);
#3201 = EDGE_CURVE('',#1889,#3202,#3204,.T.);
#3202 = VERTEX_POINT('',#3203);
#3203 = CARTESIAN_POINT('',(-76.45,67.849999999992,-15.));
#3204 = LINE('',#3205,#3206);
#3205 = CARTESIAN_POINT('',(-76.45,67.849999999992,0.));
#3206 = VECTOR('',#3207,1.);
#3207 = DIRECTION('',(0.,0.,-1.));
#3208 = ORIENTED_EDGE('',*,*,#3209,.F.);
#3209 = EDGE_CURVE('',#3153,#3202,#3210,.T.);
#3210 = CIRCLE('',#3211,2.);
#3211 = AXIS2_PLACEMENT_3D('',#3212,#3213,#3214);
#3212 = CARTESIAN_POINT('',(-74.45,67.849999999992,-15.));
#3213 = DIRECTION('',(0.,0.,-1.));
#3214 = DIRECTION('',(0.,1.,0.));
#3215 = CYLINDRICAL_SURFACE('',#3216,2.);
#3216 = AXIS2_PLACEMENT_3D('',#3217,#3218,#3219);
#3217 = CARTESIAN_POINT('',(-74.45,67.849999999992,0.));
#3218 = DIRECTION('',(0.,0.,-1.));
#3219 = DIRECTION('',(0.,-1.,0.));
#3220 = ADVANCED_FACE('',(#3221),#3240,.T.);
#3221 = FACE_BOUND('',#3222,.F.);
#3222 = EDGE_LOOP('',(#3223,#3224,#3225,#3233));
#3223 = ORIENTED_EDGE('',*,*,#3175,.F.);
#3224 = ORIENTED_EDGE('',*,*,#1923,.T.);
#3225 = ORIENTED_EDGE('',*,*,#3226,.T.);
#3226 = EDGE_CURVE('',#1916,#3227,#3229,.T.);
#3227 = VERTEX_POINT('',#3228);
#3228 = CARTESIAN_POINT('',(-67.44999999999,76.850000000008,-15.));
#3229 = LINE('',#3230,#3231);
#3230 = CARTESIAN_POINT('',(-67.44999999999,76.850000000008,0.));
#3231 = VECTOR('',#3232,1.);
#3232 = DIRECTION('',(0.,0.,-1.));
#3233 = ORIENTED_EDGE('',*,*,#3234,.F.);
#3234 = EDGE_CURVE('',#3176,#3227,#3235,.T.);
#3235 = CIRCLE('',#3236,2.);
#3236 = AXIS2_PLACEMENT_3D('',#3237,#3238,#3239);
#3237 = CARTESIAN_POINT('',(-67.44999999999,74.850000000008,-15.));
#3238 = DIRECTION('',(0.,-0.,1.));
#3239 = DIRECTION('',(0.,1.,0.));
#3240 = CYLINDRICAL_SURFACE('',#3241,2.);
#3241 = AXIS2_PLACEMENT_3D('',#3242,#3243,#3244);
#3242 = CARTESIAN_POINT('',(-67.44999999999,74.850000000008,0.));
#3243 = DIRECTION('',(0.,0.,-1.));
#3244 = DIRECTION('',(1.,0.,0.));
#3245 = ADVANCED_FACE('',(#3246),#3264,.F.);
#3246 = FACE_BOUND('',#3247,.F.);
#3247 = EDGE_LOOP('',(#3248,#3249,#3257,#3263));
#3248 = ORIENTED_EDGE('',*,*,#3201,.T.);
#3249 = ORIENTED_EDGE('',*,*,#3250,.T.);
#3250 = EDGE_CURVE('',#3202,#3251,#3253,.T.);
#3251 = VERTEX_POINT('',#3252);
#3252 = CARTESIAN_POINT('',(-76.45,74.850000000008,-15.));
#3253 = LINE('',#3254,#3255);
#3254 = CARTESIAN_POINT('',(-76.45,65.849999999992,-15.));
#3255 = VECTOR('',#3256,1.);
#3256 = DIRECTION('',(0.,1.,0.));
#3257 = ORIENTED_EDGE('',*,*,#3258,.F.);
#3258 = EDGE_CURVE('',#1939,#3251,#3259,.T.);
#3259 = LINE('',#3260,#3261);
#3260 = CARTESIAN_POINT('',(-76.45,74.850000000008,0.));
#3261 = VECTOR('',#3262,1.);
#3262 = DIRECTION('',(0.,0.,-1.));
#3263 = ORIENTED_EDGE('',*,*,#1948,.T.);
#3264 = PLANE('',#3265);
#3265 = AXIS2_PLACEMENT_3D('',#3266,#3267,#3268);
#3266 = CARTESIAN_POINT('',(-76.45,65.849999999992,0.));
#3267 = DIRECTION('',(1.,0.,0.));
#3268 = DIRECTION('',(0.,1.,0.));
#3269 = ADVANCED_FACE('',(#3270),#3288,.F.);
#3270 = FACE_BOUND('',#3271,.F.);
#3271 = EDGE_LOOP('',(#3272,#3280,#3286,#3287));
#3272 = ORIENTED_EDGE('',*,*,#3273,.T.);
#3273 = EDGE_CURVE('',#1965,#3274,#3276,.T.);
#3274 = VERTEX_POINT('',#3275);
#3275 = CARTESIAN_POINT('',(-74.45,76.850000000008,-15.));
#3276 = LINE('',#3277,#3278);
#3277 = CARTESIAN_POINT('',(-74.45,76.850000000008,0.));
#3278 = VECTOR('',#3279,1.);
#3279 = DIRECTION('',(0.,0.,-1.));
#3280 = ORIENTED_EDGE('',*,*,#3281,.T.);
#3281 = EDGE_CURVE('',#3274,#3227,#3282,.T.);
#3282 = LINE('',#3283,#3284);
#3283 = CARTESIAN_POINT('',(-76.45,76.850000000008,-15.));
#3284 = VECTOR('',#3285,1.);
#3285 = DIRECTION('',(1.,0.,0.));
#3286 = ORIENTED_EDGE('',*,*,#3226,.F.);
#3287 = ORIENTED_EDGE('',*,*,#1972,.T.);
#3288 = PLANE('',#3289);
#3289 = AXIS2_PLACEMENT_3D('',#3290,#3291,#3292);
#3290 = CARTESIAN_POINT('',(-76.45,76.850000000008,0.));
#3291 = DIRECTION('',(0.,-1.,0.));
#3292 = DIRECTION('',(1.,0.,0.));
#3293 = ADVANCED_FACE('',(#3294),#3306,.T.);
#3294 = FACE_BOUND('',#3295,.T.);
#3295 = EDGE_LOOP('',(#3296,#3297,#3298,#3299));
#3296 = ORIENTED_EDGE('',*,*,#3258,.F.);
#3297 = ORIENTED_EDGE('',*,*,#1989,.F.);
#3298 = ORIENTED_EDGE('',*,*,#3273,.T.);
#3299 = ORIENTED_EDGE('',*,*,#3300,.F.);
#3300 = EDGE_CURVE('',#3251,#3274,#3301,.T.);
#3301 = CIRCLE('',#3302,2.);
#3302 = AXIS2_PLACEMENT_3D('',#3303,#3304,#3305);
#3303 = CARTESIAN_POINT('',(-74.45,74.850000000008,-15.));
#3304 = DIRECTION('',(0.,0.,-1.));
#3305 = DIRECTION('',(0.,1.,0.));
#3306 = CYLINDRICAL_SURFACE('',#3307,2.);
#3307 = AXIS2_PLACEMENT_3D('',#3308,#3309,#3310);
#3308 = CARTESIAN_POINT('',(-74.45,74.850000000008,0.));
#3309 = DIRECTION('',(0.,0.,-1.));
#3310 = DIRECTION('',(-1.,-0.,-0.));
#3311 = ADVANCED_FACE('',(#3312),#3338,.T.);
#3312 = FACE_BOUND('',#3313,.F.);
#3313 = EDGE_LOOP('',(#3314,#3322,#3323,#3331));
#3314 = ORIENTED_EDGE('',*,*,#3315,.F.);
#3315 = EDGE_CURVE('',#2080,#3316,#3318,.T.);
#3316 = VERTEX_POINT('',#3317);
#3317 = CARTESIAN_POINT('',(74.550000000008,74.850000000008,-15.));
#3318 = LINE('',#3319,#3320);
#3319 = CARTESIAN_POINT('',(74.550000000008,74.850000000008,0.));
#3320 = VECTOR('',#3321,1.);
#3321 = DIRECTION('',(0.,0.,-1.));
#3322 = ORIENTED_EDGE('',*,*,#2096,.T.);
#3323 = ORIENTED_EDGE('',*,*,#3324,.T.);
#3324 = EDGE_CURVE('',#2089,#3325,#3327,.T.);
#3325 = VERTEX_POINT('',#3326);
#3326 = CARTESIAN_POINT('',(72.550000000008,76.850000000008,-15.));
#3327 = LINE('',#3328,#3329);
#3328 = CARTESIAN_POINT('',(72.550000000008,76.850000000008,0.));
#3329 = VECTOR('',#3330,1.);
#3330 = DIRECTION('',(0.,0.,-1.));
#3331 = ORIENTED_EDGE('',*,*,#3332,.F.);
#3332 = EDGE_CURVE('',#3316,#3325,#3333,.T.);
#3333 = CIRCLE('',#3334,2.);
#3334 = AXIS2_PLACEMENT_3D('',#3335,#3336,#3337);
#3335 = CARTESIAN_POINT('',(72.550000000008,74.850000000008,-15.));
#3336 = DIRECTION('',(0.,-0.,1.));
#3337 = DIRECTION('',(0.,1.,0.));
#3338 = CYLINDRICAL_SURFACE('',#3339,2.);
#3339 = AXIS2_PLACEMENT_3D('',#3340,#3341,#3342);
#3340 = CARTESIAN_POINT('',(72.550000000008,74.850000000008,0.));
#3341 = DIRECTION('',(0.,0.,-1.));
#3342 = DIRECTION('',(1.,0.,0.));
#3343 = ADVANCED_FACE('',(#3344),#3362,.F.);
#3344 = FACE_BOUND('',#3345,.F.);
#3345 = EDGE_LOOP('',(#3346,#3347,#3355,#3361));
#3346 = ORIENTED_EDGE('',*,*,#3315,.T.);
#3347 = ORIENTED_EDGE('',*,*,#3348,.T.);
#3348 = EDGE_CURVE('',#3316,#3349,#3351,.T.);
#3349 = VERTEX_POINT('',#3350);
#3350 = CARTESIAN_POINT('',(74.550000000008,67.849999999992,-15.));
#3351 = LINE('',#3352,#3353);
#3352 = CARTESIAN_POINT('',(74.550000000008,76.850000000008,-15.));
#3353 = VECTOR('',#3354,1.);
#3354 = DIRECTION('',(0.,-1.,0.));
#3355 = ORIENTED_EDGE('',*,*,#3356,.F.);
#3356 = EDGE_CURVE('',#2112,#3349,#3357,.T.);
#3357 = LINE('',#3358,#3359);
#3358 = CARTESIAN_POINT('',(74.550000000008,67.849999999992,0.));
#3359 = VECTOR('',#3360,1.);
#3360 = DIRECTION('',(0.,0.,-1.));
#3361 = ORIENTED_EDGE('',*,*,#2121,.T.);
#3362 = PLANE('',#3363);
#3363 = AXIS2_PLACEMENT_3D('',#3364,#3365,#3366);
#3364 = CARTESIAN_POINT('',(74.550000000008,76.850000000008,0.));
#3365 = DIRECTION('',(-1.,-0.,-0.));
#3366 = DIRECTION('',(0.,-1.,0.));
#3367 = ADVANCED_FACE('',(#3368),#3386,.F.);
#3368 = FACE_BOUND('',#3369,.F.);
#3369 = EDGE_LOOP('',(#3370,#3378,#3384,#3385));
#3370 = ORIENTED_EDGE('',*,*,#3371,.T.);
#3371 = EDGE_CURVE('',#2138,#3372,#3374,.T.);
#3372 = VERTEX_POINT('',#3373);
#3373 = CARTESIAN_POINT('',(65.549999999992,76.850000000008,-15.));
#3374 = LINE('',#3375,#3376);
#3375 = CARTESIAN_POINT('',(65.549999999992,76.850000000008,0.));
#3376 = VECTOR('',#3377,1.);
#3377 = DIRECTION('',(0.,0.,-1.));
#3378 = ORIENTED_EDGE('',*,*,#3379,.T.);
#3379 = EDGE_CURVE('',#3372,#3325,#3380,.T.);
#3380 = LINE('',#3381,#3382);
#3381 = CARTESIAN_POINT('',(63.549999999992,76.850000000008,-15.));
#3382 = VECTOR('',#3383,1.);
#3383 = DIRECTION('',(1.,0.,0.));
#3384 = ORIENTED_EDGE('',*,*,#3324,.F.);
#3385 = ORIENTED_EDGE('',*,*,#2145,.T.);
#3386 = PLANE('',#3387);
#3387 = AXIS2_PLACEMENT_3D('',#3388,#3389,#3390);
#3388 = CARTESIAN_POINT('',(63.549999999992,76.850000000008,0.));
#3389 = DIRECTION('',(0.,-1.,0.));
#3390 = DIRECTION('',(1.,0.,0.));
#3391 = ADVANCED_FACE('',(#3392),#3411,.T.);
#3392 = FACE_BOUND('',#3393,.F.);
#3393 = EDGE_LOOP('',(#3394,#3402,#3403,#3404));
#3394 = ORIENTED_EDGE('',*,*,#3395,.F.);
#3395 = EDGE_CURVE('',#2160,#3396,#3398,.T.);
#3396 = VERTEX_POINT('',#3397);
#3397 = CARTESIAN_POINT('',(72.550000000008,65.849999999992,-15.));
#3398 = LINE('',#3399,#3400);
#3399 = CARTESIAN_POINT('',(72.550000000008,65.849999999992,0.));
#3400 = VECTOR('',#3401,1.);
#3401 = DIRECTION('',(0.,0.,-1.));
#3402 = ORIENTED_EDGE('',*,*,#2169,.T.);
#3403 = ORIENTED_EDGE('',*,*,#3356,.T.);
#3404 = ORIENTED_EDGE('',*,*,#3405,.F.);
#3405 = EDGE_CURVE('',#3396,#3349,#3406,.T.);
#3406 = CIRCLE('',#3407,2.);
#3407 = AXIS2_PLACEMENT_3D('',#3408,#3409,#3410);
#3408 = CARTESIAN_POINT('',(72.550000000008,67.849999999992,-15.));
#3409 = DIRECTION('',(0.,-0.,1.));
#3410 = DIRECTION('',(0.,1.,0.));
#3411 = CYLINDRICAL_SURFACE('',#3412,2.);
#3412 = AXIS2_PLACEMENT_3D('',#3413,#3414,#3415);
#3413 = CARTESIAN_POINT('',(72.550000000008,67.849999999992,0.));
#3414 = DIRECTION('',(0.,0.,-1.));
#3415 = DIRECTION('',(0.,-1.,0.));
#3416 = ADVANCED_FACE('',(#3417),#3436,.T.);
#3417 = FACE_BOUND('',#3418,.T.);
#3418 = EDGE_LOOP('',(#3419,#3427,#3428,#3429));
#3419 = ORIENTED_EDGE('',*,*,#3420,.F.);
#3420 = EDGE_CURVE('',#2187,#3421,#3423,.T.);
#3421 = VERTEX_POINT('',#3422);
#3422 = CARTESIAN_POINT('',(63.549999999992,74.850000000008,-15.));
#3423 = LINE('',#3424,#3425);
#3424 = CARTESIAN_POINT('',(63.549999999992,74.850000000008,0.));
#3425 = VECTOR('',#3426,1.);
#3426 = DIRECTION('',(0.,0.,-1.));
#3427 = ORIENTED_EDGE('',*,*,#2194,.F.);
#3428 = ORIENTED_EDGE('',*,*,#3371,.T.);
#3429 = ORIENTED_EDGE('',*,*,#3430,.F.);
#3430 = EDGE_CURVE('',#3421,#3372,#3431,.T.);
#3431 = CIRCLE('',#3432,2.);
#3432 = AXIS2_PLACEMENT_3D('',#3433,#3434,#3435);
#3433 = CARTESIAN_POINT('',(65.549999999992,74.850000000008,-15.));
#3434 = DIRECTION('',(0.,0.,-1.));
#3435 = DIRECTION('',(0.,1.,0.));
#3436 = CYLINDRICAL_SURFACE('',#3437,2.);
#3437 = AXIS2_PLACEMENT_3D('',#3438,#3439,#3440);
#3438 = CARTESIAN_POINT('',(65.549999999992,74.850000000008,0.));
#3439 = DIRECTION('',(0.,0.,-1.));
#3440 = DIRECTION('',(-1.,-0.,-0.));
#3441 = ADVANCED_FACE('',(#3442),#3460,.F.);
#3442 = FACE_BOUND('',#3443,.F.);
#3443 = EDGE_LOOP('',(#3444,#3445,#3453,#3459));
#3444 = ORIENTED_EDGE('',*,*,#3395,.T.);
#3445 = ORIENTED_EDGE('',*,*,#3446,.T.);
#3446 = EDGE_CURVE('',#3396,#3447,#3449,.T.);
#3447 = VERTEX_POINT('',#3448);
#3448 = CARTESIAN_POINT('',(65.549999999992,65.849999999992,-15.));
#3449 = LINE('',#3450,#3451);
#3450 = CARTESIAN_POINT('',(74.550000000008,65.849999999992,-15.));
#3451 = VECTOR('',#3452,1.);
#3452 = DIRECTION('',(-1.,0.,0.));
#3453 = ORIENTED_EDGE('',*,*,#3454,.F.);
#3454 = EDGE_CURVE('',#2210,#3447,#3455,.T.);
#3455 = LINE('',#3456,#3457);
#3456 = CARTESIAN_POINT('',(65.549999999992,65.849999999992,0.));
#3457 = VECTOR('',#3458,1.);
#3458 = DIRECTION('',(0.,0.,-1.));
#3459 = ORIENTED_EDGE('',*,*,#2219,.T.);
#3460 = PLANE('',#3461);
#3461 = AXIS2_PLACEMENT_3D('',#3462,#3463,#3464);
#3462 = CARTESIAN_POINT('',(74.550000000008,65.849999999992,0.));
#3463 = DIRECTION('',(0.,1.,0.));
#3464 = DIRECTION('',(-1.,0.,0.));
#3465 = ADVANCED_FACE('',(#3466),#3484,.F.);
#3466 = FACE_BOUND('',#3467,.F.);
#3467 = EDGE_LOOP('',(#3468,#3476,#3482,#3483));
#3468 = ORIENTED_EDGE('',*,*,#3469,.T.);
#3469 = EDGE_CURVE('',#2236,#3470,#3472,.T.);
#3470 = VERTEX_POINT('',#3471);
#3471 = CARTESIAN_POINT('',(63.549999999992,67.849999999992,-15.));
#3472 = LINE('',#3473,#3474);
#3473 = CARTESIAN_POINT('',(63.549999999992,67.849999999992,0.));
#3474 = VECTOR('',#3475,1.);
#3475 = DIRECTION('',(0.,0.,-1.));
#3476 = ORIENTED_EDGE('',*,*,#3477,.T.);
#3477 = EDGE_CURVE('',#3470,#3421,#3478,.T.);
#3478 = LINE('',#3479,#3480);
#3479 = CARTESIAN_POINT('',(63.549999999992,65.849999999992,-15.));
#3480 = VECTOR('',#3481,1.);
#3481 = DIRECTION('',(0.,1.,0.));
#3482 = ORIENTED_EDGE('',*,*,#3420,.F.);
#3483 = ORIENTED_EDGE('',*,*,#2243,.T.);
#3484 = PLANE('',#3485);
#3485 = AXIS2_PLACEMENT_3D('',#3486,#3487,#3488);
#3486 = CARTESIAN_POINT('',(63.549999999992,65.849999999992,0.));
#3487 = DIRECTION('',(1.,0.,0.));
#3488 = DIRECTION('',(0.,1.,0.));
#3489 = ADVANCED_FACE('',(#3490),#3502,.T.);
#3490 = FACE_BOUND('',#3491,.T.);
#3491 = EDGE_LOOP('',(#3492,#3493,#3494,#3495));
#3492 = ORIENTED_EDGE('',*,*,#3454,.F.);
#3493 = ORIENTED_EDGE('',*,*,#2260,.F.);
#3494 = ORIENTED_EDGE('',*,*,#3469,.T.);
#3495 = ORIENTED_EDGE('',*,*,#3496,.F.);
#3496 = EDGE_CURVE('',#3447,#3470,#3497,.T.);
#3497 = CIRCLE('',#3498,2.);
#3498 = AXIS2_PLACEMENT_3D('',#3499,#3500,#3501);
#3499 = CARTESIAN_POINT('',(65.549999999992,67.849999999992,-15.));
#3500 = DIRECTION('',(0.,0.,-1.));
#3501 = DIRECTION('',(0.,1.,0.));
#3502 = CYLINDRICAL_SURFACE('',#3503,2.);
#3503 = AXIS2_PLACEMENT_3D('',#3504,#3505,#3506);
#3504 = CARTESIAN_POINT('',(65.549999999992,67.849999999992,0.));
#3505 = DIRECTION('',(0.,0.,-1.));
#3506 = DIRECTION('',(0.,-1.,0.));
#3507 = ADVANCED_FACE('',(#3508,#3524),#3531,.T.);
#3508 = FACE_BOUND('',#3509,.T.);
#3509 = EDGE_LOOP('',(#3510,#3511,#3517,#3518));
#3510 = ORIENTED_EDGE('',*,*,#2335,.T.);
#3511 = ORIENTED_EDGE('',*,*,#3512,.F.);
#3512 = EDGE_CURVE('',#2504,#2338,#3513,.T.);
#3513 = LINE('',#3514,#3515);
#3514 = CARTESIAN_POINT('',(-70.05,-68.15,0.));
#3515 = VECTOR('',#3516,1.);
#3516 = DIRECTION('',(0.,0.,1.));
#3517 = ORIENTED_EDGE('',*,*,#2503,.T.);
#3518 = ORIENTED_EDGE('',*,*,#3519,.F.);
#3519 = EDGE_CURVE('',#2336,#2506,#3520,.T.);
#3520 = LINE('',#3521,#3522);
#3521 = CARTESIAN_POINT('',(-70.05,-36.15,0.));
#3522 = VECTOR('',#3523,1.);
#3523 = DIRECTION('',(0.,0.,-1.));
#3524 = FACE_BOUND('',#3525,.T.);
#3525 = EDGE_LOOP('',(#3526,#3527,#3528,#3529,#3530));
#3526 = ORIENTED_EDGE('',*,*,#2576,.T.);
#3527 = ORIENTED_EDGE('',*,*,#2552,.T.);
#3528 = ORIENTED_EDGE('',*,*,#2648,.F.);
#3529 = ORIENTED_EDGE('',*,*,#2631,.F.);
#3530 = ORIENTED_EDGE('',*,*,#2600,.T.);
#3531 = PLANE('',#3532);
#3532 = AXIS2_PLACEMENT_3D('',#3533,#3534,#3535);
#3533 = CARTESIAN_POINT('',(-70.05,-52.15,-33.4));
#3534 = DIRECTION('',(1.,0.,0.));
#3535 = DIRECTION('',(0.,0.,1.));
#3536 = ADVANCED_FACE('',(#3537),#3548,.T.);
#3537 = FACE_BOUND('',#3538,.T.);
#3538 = EDGE_LOOP('',(#3539,#3545,#3546,#3547));
#3539 = ORIENTED_EDGE('',*,*,#3540,.T.);
#3540 = EDGE_CURVE('',#2514,#2346,#3541,.T.);
#3541 = LINE('',#3542,#3543);
#3542 = CARTESIAN_POINT('',(99.95,-36.15,0.));
#3543 = VECTOR('',#3544,1.);
#3544 = DIRECTION('',(0.,0.,1.));
#3545 = ORIENTED_EDGE('',*,*,#2345,.T.);
#3546 = ORIENTED_EDGE('',*,*,#3519,.T.);
#3547 = ORIENTED_EDGE('',*,*,#2513,.F.);
#3548 = PLANE('',#3549);
#3549 = AXIS2_PLACEMENT_3D('',#3550,#3551,#3552);
#3550 = CARTESIAN_POINT('',(14.95,-36.15,-33.4));
#3551 = DIRECTION('',(-0.,-1.,-0.));
#3552 = DIRECTION('',(0.,0.,-1.));
#3553 = ADVANCED_FACE('',(#3554),#3565,.T.);
#3554 = FACE_BOUND('',#3555,.T.);
#3555 = EDGE_LOOP('',(#3556,#3557,#3558,#3564));
#3556 = ORIENTED_EDGE('',*,*,#3512,.T.);
#3557 = ORIENTED_EDGE('',*,*,#2361,.T.);
#3558 = ORIENTED_EDGE('',*,*,#3559,.F.);
#3559 = EDGE_CURVE('',#2522,#2354,#3560,.T.);
#3560 = LINE('',#3561,#3562);
#3561 = CARTESIAN_POINT('',(99.95,-68.15,0.));
#3562 = VECTOR('',#3563,1.);
#3563 = DIRECTION('',(0.,0.,1.));
#3564 = ORIENTED_EDGE('',*,*,#2529,.F.);
#3565 = PLANE('',#3566);
#3566 = AXIS2_PLACEMENT_3D('',#3567,#3568,#3569);
#3567 = CARTESIAN_POINT('',(14.95,-68.15,-33.4));
#3568 = DIRECTION('',(0.,1.,0.));
#3569 = DIRECTION('',(0.,0.,1.));
#3570 = ADVANCED_FACE('',(#3571),#3577,.T.);
#3571 = FACE_BOUND('',#3572,.T.);
#3572 = EDGE_LOOP('',(#3573,#3574,#3575,#3576));
#3573 = ORIENTED_EDGE('',*,*,#3559,.T.);
#3574 = ORIENTED_EDGE('',*,*,#2353,.T.);
#3575 = ORIENTED_EDGE('',*,*,#3540,.F.);
#3576 = ORIENTED_EDGE('',*,*,#2521,.F.);
#3577 = PLANE('',#3578);
#3578 = AXIS2_PLACEMENT_3D('',#3579,#3580,#3581);
#3579 = CARTESIAN_POINT('',(99.95,-52.15,-33.4));
#3580 = DIRECTION('',(-1.,-0.,-0.));
#3581 = DIRECTION('',(0.,0.,-1.));
#3582 = ADVANCED_FACE('',(#3583,#3593),#3604,.T.);
#3583 = FACE_BOUND('',#3584,.T.);
#3584 = EDGE_LOOP('',(#3585,#3586,#3587,#3588,#3589,#3590,#3591,#3592));
#3585 = ORIENTED_EDGE('',*,*,#2859,.F.);
#3586 = ORIENTED_EDGE('',*,*,#2893,.F.);
#3587 = ORIENTED_EDGE('',*,*,#2712,.T.);
#3588 = ORIENTED_EDGE('',*,*,#2736,.T.);
#3589 = ORIENTED_EDGE('',*,*,#2761,.T.);
#3590 = ORIENTED_EDGE('',*,*,#2785,.F.);
#3591 = ORIENTED_EDGE('',*,*,#2801,.T.);
#3592 = ORIENTED_EDGE('',*,*,#2834,.T.);
#3593 = FACE_BOUND('',#3594,.T.);
#3594 = EDGE_LOOP('',(#3595));
#3595 = ORIENTED_EDGE('',*,*,#3596,.F.);
#3596 = EDGE_CURVE('',#3597,#3597,#3599,.T.);
#3597 = VERTEX_POINT('',#3598);
#3598 = CARTESIAN_POINT('',(-47.95,-25.65,-15.));
#3599 = CIRCLE('',#3600,3.);
#3600 = AXIS2_PLACEMENT_3D('',#3601,#3602,#3603);
#3601 = CARTESIAN_POINT('',(-50.95,-25.65,-15.));
#3602 = DIRECTION('',(0.,0.,-1.));
#3603 = DIRECTION('',(1.,0.,0.));
#3604 = PLANE('',#3605);
#3605 = AXIS2_PLACEMENT_3D('',#3606,#3607,#3608);
#3606 = CARTESIAN_POINT('',(-50.95,-26.65,-15.));
#3607 = DIRECTION('',(-0.,-0.,-1.));
#3608 = DIRECTION('',(-1.,0.,0.));
#3609 = ADVANCED_FACE('',(#3610,#3620),#3631,.T.);
#3610 = FACE_BOUND('',#3611,.T.);
#3611 = EDGE_LOOP('',(#3612,#3613,#3614,#3615,#3616,#3617,#3618,#3619));
#3612 = ORIENTED_EDGE('',*,*,#3087,.F.);
#3613 = ORIENTED_EDGE('',*,*,#3038,.F.);
#3614 = ORIENTED_EDGE('',*,*,#2689,.T.);
#3615 = ORIENTED_EDGE('',*,*,#2952,.T.);
#3616 = ORIENTED_EDGE('',*,*,#2989,.T.);
#3617 = ORIENTED_EDGE('',*,*,#3013,.F.);
#3618 = ORIENTED_EDGE('',*,*,#3054,.T.);
#3619 = ORIENTED_EDGE('',*,*,#3104,.T.);
#3620 = FACE_BOUND('',#3621,.T.);
#3621 = EDGE_LOOP('',(#3622));
#3622 = ORIENTED_EDGE('',*,*,#3623,.F.);
#3623 = EDGE_CURVE('',#3624,#3624,#3626,.T.);
#3624 = VERTEX_POINT('',#3625);
#3625 = CARTESIAN_POINT('',(42.05,-25.65,-15.));
#3626 = CIRCLE('',#3627,3.);
#3627 = AXIS2_PLACEMENT_3D('',#3628,#3629,#3630);
#3628 = CARTESIAN_POINT('',(39.05,-25.65,-15.));
#3629 = DIRECTION('',(0.,0.,-1.));
#3630 = DIRECTION('',(1.,0.,0.));
#3631 = PLANE('',#3632);
#3632 = AXIS2_PLACEMENT_3D('',#3633,#3634,#3635);
#3633 = CARTESIAN_POINT('',(39.050000000001,-26.64999999999,-15.));
#3634 = DIRECTION('',(-0.,-0.,-1.));
#3635 = DIRECTION('',(-1.,0.,0.));
#3636 = ADVANCED_FACE('',(#3637,#3647),#3658,.F.);
#3637 = FACE_BOUND('',#3638,.F.);
#3638 = EDGE_LOOP('',(#3639,#3640,#3641,#3642,#3643,#3644,#3645,#3646));
#3639 = ORIENTED_EDGE('',*,*,#3250,.F.);
#3640 = ORIENTED_EDGE('',*,*,#3209,.F.);
#3641 = ORIENTED_EDGE('',*,*,#3152,.F.);
#3642 = ORIENTED_EDGE('',*,*,#3136,.T.);
#3643 = ORIENTED_EDGE('',*,*,#3183,.F.);
#3644 = ORIENTED_EDGE('',*,*,#3234,.T.);
#3645 = ORIENTED_EDGE('',*,*,#3281,.F.);
#3646 = ORIENTED_EDGE('',*,*,#3300,.F.);
#3647 = FACE_BOUND('',#3648,.F.);
#3648 = EDGE_LOOP('',(#3649));
#3649 = ORIENTED_EDGE('',*,*,#3650,.T.);
#3650 = EDGE_CURVE('',#3651,#3651,#3653,.T.);
#3651 = VERTEX_POINT('',#3652);
#3652 = CARTESIAN_POINT('',(-67.95,71.35,-15.));
#3653 = CIRCLE('',#3654,3.);
#3654 = AXIS2_PLACEMENT_3D('',#3655,#3656,#3657);
#3655 = CARTESIAN_POINT('',(-70.95,71.35,-15.));
#3656 = DIRECTION('',(0.,0.,-1.));
#3657 = DIRECTION('',(1.,0.,0.));
#3658 = PLANE('',#3659);
#3659 = AXIS2_PLACEMENT_3D('',#3660,#3661,#3662);
#3660 = CARTESIAN_POINT('',(-3.449999999993,22.850000000019,-15.));
#3661 = DIRECTION('',(0.,0.,1.));
#3662 = DIRECTION('',(1.,0.,0.));
#3663 = ADVANCED_FACE('',(#3664,#3674),#3685,.F.);
#3664 = FACE_BOUND('',#3665,.F.);
#3665 = EDGE_LOOP('',(#3666,#3667,#3668,#3669,#3670,#3671,#3672,#3673));
#3666 = ORIENTED_EDGE('',*,*,#3477,.F.);
#3667 = ORIENTED_EDGE('',*,*,#3496,.F.);
#3668 = ORIENTED_EDGE('',*,*,#3446,.F.);
#3669 = ORIENTED_EDGE('',*,*,#3405,.T.);
#3670 = ORIENTED_EDGE('',*,*,#3348,.F.);
#3671 = ORIENTED_EDGE('',*,*,#3332,.T.);
#3672 = ORIENTED_EDGE('',*,*,#3379,.F.);
#3673 = ORIENTED_EDGE('',*,*,#3430,.F.);
#3674 = FACE_BOUND('',#3675,.F.);
#3675 = EDGE_LOOP('',(#3676));
#3676 = ORIENTED_EDGE('',*,*,#3677,.T.);
#3677 = EDGE_CURVE('',#3678,#3678,#3680,.T.);
#3678 = VERTEX_POINT('',#3679);
#3679 = CARTESIAN_POINT('',(72.05,71.35,-15.));
#3680 = CIRCLE('',#3681,3.);
#3681 = AXIS2_PLACEMENT_3D('',#3682,#3683,#3684);
#3682 = CARTESIAN_POINT('',(69.05,71.35,-15.));
#3683 = DIRECTION('',(0.,0.,-1.));
#3684 = DIRECTION('',(1.,0.,0.));
#3685 = PLANE('',#3686);
#3686 = AXIS2_PLACEMENT_3D('',#3687,#3688,#3689);
#3687 = CARTESIAN_POINT('',(-3.449999999993,22.850000000019,-15.));
#3688 = DIRECTION('',(0.,0.,1.));
#3689 = DIRECTION('',(1.,0.,0.));
#3690 = ADVANCED_FACE('',(#3691),#3710,.F.);
#3691 = FACE_BOUND('',#3692,.T.);
#3692 = EDGE_LOOP('',(#3693,#3701,#3702,#3703));
#3693 = ORIENTED_EDGE('',*,*,#3694,.T.);
#3694 = EDGE_CURVE('',#3695,#3597,#3697,.T.);
#3695 = VERTEX_POINT('',#3696);
#3696 = CARTESIAN_POINT('',(-47.95,-25.65,0.));
#3697 = LINE('',#3698,#3699);
#3698 = CARTESIAN_POINT('',(-47.95,-25.65,0.));
#3699 = VECTOR('',#3700,1.);
#3700 = DIRECTION('',(0.,0.,-1.));
#3701 = ORIENTED_EDGE('',*,*,#3596,.T.);
#3702 = ORIENTED_EDGE('',*,*,#3694,.F.);
#3703 = ORIENTED_EDGE('',*,*,#3704,.F.);
#3704 = EDGE_CURVE('',#3695,#3695,#3705,.T.);
#3705 = CIRCLE('',#3706,3.);
#3706 = AXIS2_PLACEMENT_3D('',#3707,#3708,#3709);
#3707 = CARTESIAN_POINT('',(-50.95,-25.65,0.));
#3708 = DIRECTION('',(0.,0.,-1.));
#3709 = DIRECTION('',(1.,0.,0.));
#3710 = CYLINDRICAL_SURFACE('',#3711,3.);
#3711 = AXIS2_PLACEMENT_3D('',#3712,#3713,#3714);
#3712 = CARTESIAN_POINT('',(-50.95,-25.65,0.));
#3713 = DIRECTION('',(0.,0.,1.));
#3714 = DIRECTION('',(1.,0.,0.));
#3715 = ADVANCED_FACE('',(#3716),#3735,.F.);
#3716 = FACE_BOUND('',#3717,.T.);
#3717 = EDGE_LOOP('',(#3718,#3726,#3727,#3728));
#3718 = ORIENTED_EDGE('',*,*,#3719,.T.);
#3719 = EDGE_CURVE('',#3720,#3624,#3722,.T.);
#3720 = VERTEX_POINT('',#3721);
#3721 = CARTESIAN_POINT('',(42.05,-25.65,0.));
#3722 = LINE('',#3723,#3724);
#3723 = CARTESIAN_POINT('',(42.05,-25.65,0.));
#3724 = VECTOR('',#3725,1.);
#3725 = DIRECTION('',(0.,0.,-1.));
#3726 = ORIENTED_EDGE('',*,*,#3623,.T.);
#3727 = ORIENTED_EDGE('',*,*,#3719,.F.);
#3728 = ORIENTED_EDGE('',*,*,#3729,.F.);
#3729 = EDGE_CURVE('',#3720,#3720,#3730,.T.);
#3730 = CIRCLE('',#3731,3.);
#3731 = AXIS2_PLACEMENT_3D('',#3732,#3733,#3734);
#3732 = CARTESIAN_POINT('',(39.05,-25.65,0.));
#3733 = DIRECTION('',(0.,0.,-1.));
#3734 = DIRECTION('',(1.,0.,0.));
#3735 = CYLINDRICAL_SURFACE('',#3736,3.);
#3736 = AXIS2_PLACEMENT_3D('',#3737,#3738,#3739);
#3737 = CARTESIAN_POINT('',(39.05,-25.65,0.));
#3738 = DIRECTION('',(0.,0.,1.));
#3739 = DIRECTION('',(1.,0.,0.));
#3740 = ADVANCED_FACE('',(#3741),#3760,.F.);
#3741 = FACE_BOUND('',#3742,.T.);
#3742 = EDGE_LOOP('',(#3743,#3751,#3752,#3753));
#3743 = ORIENTED_EDGE('',*,*,#3744,.T.);
#3744 = EDGE_CURVE('',#3745,#3651,#3747,.T.);
#3745 = VERTEX_POINT('',#3746);
#3746 = CARTESIAN_POINT('',(-67.95,71.35,0.));
#3747 = LINE('',#3748,#3749);
#3748 = CARTESIAN_POINT('',(-67.95,71.35,0.));
#3749 = VECTOR('',#3750,1.);
#3750 = DIRECTION('',(0.,0.,-1.));
#3751 = ORIENTED_EDGE('',*,*,#3650,.T.);
#3752 = ORIENTED_EDGE('',*,*,#3744,.F.);
#3753 = ORIENTED_EDGE('',*,*,#3754,.F.);
#3754 = EDGE_CURVE('',#3745,#3745,#3755,.T.);
#3755 = CIRCLE('',#3756,3.);
#3756 = AXIS2_PLACEMENT_3D('',#3757,#3758,#3759);
#3757 = CARTESIAN_POINT('',(-70.95,71.35,0.));
#3758 = DIRECTION('',(0.,0.,-1.));
#3759 = DIRECTION('',(1.,0.,0.));
#3760 = CYLINDRICAL_SURFACE('',#3761,3.);
#3761 = AXIS2_PLACEMENT_3D('',#3762,#3763,#3764);
#3762 = CARTESIAN_POINT('',(-70.95,71.35,0.));
#3763 = DIRECTION('',(0.,0.,1.));
#3764 = DIRECTION('',(1.,0.,0.));
#3765 = ADVANCED_FACE('',(#3766),#3785,.F.);
#3766 = FACE_BOUND('',#3767,.T.);
#3767 = EDGE_LOOP('',(#3768,#3776,#3777,#3778));
#3768 = ORIENTED_EDGE('',*,*,#3769,.T.);
#3769 = EDGE_CURVE('',#3770,#3678,#3772,.T.);
#3770 = VERTEX_POINT('',#3771);
#3771 = CARTESIAN_POINT('',(72.05,71.35,0.));
#3772 = LINE('',#3773,#3774);
#3773 = CARTESIAN_POINT('',(72.05,71.35,0.));
#3774 = VECTOR('',#3775,1.);
#3775 = DIRECTION('',(0.,0.,-1.));
#3776 = ORIENTED_EDGE('',*,*,#3677,.T.);
#3777 = ORIENTED_EDGE('',*,*,#3769,.F.);
#3778 = ORIENTED_EDGE('',*,*,#3779,.F.);
#3779 = EDGE_CURVE('',#3770,#3770,#3780,.T.);
#3780 = CIRCLE('',#3781,3.);
#3781 = AXIS2_PLACEMENT_3D('',#3782,#3783,#3784);
#3782 = CARTESIAN_POINT('',(69.05,71.35,0.));
#3783 = DIRECTION('',(0.,0.,-1.));
#3784 = DIRECTION('',(1.,0.,0.));
#3785 = CYLINDRICAL_SURFACE('',#3786,3.);
#3786 = AXIS2_PLACEMENT_3D('',#3787,#3788,#3789);
#3787 = CARTESIAN_POINT('',(69.05,71.35,0.));
#3788 = DIRECTION('',(0.,0.,1.));
#3789 = DIRECTION('',(1.,0.,0.));
#3790 = ADVANCED_FACE('',(#3791),#3794,.F.);
#3791 = FACE_BOUND('',#3792,.F.);
#3792 = EDGE_LOOP('',(#3793));
#3793 = ORIENTED_EDGE('',*,*,#3704,.F.);
#3794 = PLANE('',#3795);
#3795 = AXIS2_PLACEMENT_3D('',#3796,#3797,#3798);
#3796 = CARTESIAN_POINT('',(0.,0.,0.));
#3797 = DIRECTION('',(0.,0.,1.));
#3798 = DIRECTION('',(1.,0.,0.));
#3799 = ADVANCED_FACE('',(#3800),#3803,.F.);
#3800 = FACE_BOUND('',#3801,.F.);
#3801 = EDGE_LOOP('',(#3802));
#3802 = ORIENTED_EDGE('',*,*,#3729,.F.);
#3803 = PLANE('',#3804);
#3804 = AXIS2_PLACEMENT_3D('',#3805,#3806,#3807);
#3805 = CARTESIAN_POINT('',(0.,0.,0.));
#3806 = DIRECTION('',(0.,0.,1.));
#3807 = DIRECTION('',(1.,0.,0.));
#3808 = ADVANCED_FACE('',(#3809),#3812,.F.);
#3809 = FACE_BOUND('',#3810,.F.);
#3810 = EDGE_LOOP('',(#3811));
#3811 = ORIENTED_EDGE('',*,*,#3754,.F.);
#3812 = PLANE('',#3813);
#3813 = AXIS2_PLACEMENT_3D('',#3814,#3815,#3816);
#3814 = CARTESIAN_POINT('',(0.,0.,0.));
#3815 = DIRECTION('',(0.,0.,1.));
#3816 = DIRECTION('',(1.,0.,0.));
#3817 = ADVANCED_FACE('',(#3818),#3821,.F.);
#3818 = FACE_BOUND('',#3819,.F.);
#3819 = EDGE_LOOP('',(#3820));
#3820 = ORIENTED_EDGE('',*,*,#3779,.F.);
#3821 = PLANE('',#3822);
#3822 = AXIS2_PLACEMENT_3D('',#3823,#3824,#3825);
#3823 = CARTESIAN_POINT('',(0.,0.,0.));
#3824 = DIRECTION('',(0.,0.,1.));
#3825 = DIRECTION('',(1.,0.,0.));
#3826 = ( GEOMETRIC_REPRESENTATION_CONTEXT(3) 
GLOBAL_UNCERTAINTY_ASSIGNED_CONTEXT((#3830)) 
GLOBAL_UNIT_ASSIGNED_CONTEXT((#3827,#3828,#3829)) REPRESENTATION_CONTEXT
('Context #1','3D Context with UNIT and UNCERTAINTY') );
#3827 = ( LENGTH_UNIT() NAMED_UNIT(*) SI_UNIT(.MILLI.,.METRE.) );
#3828 = ( NAMED_UNIT(*) PLANE_ANGLE_UNIT() SI_UNIT($,.RADIAN.) );
#3829 = ( NAMED_UNIT(*) SI_UNIT($,.STERADIAN.) SOLID_ANGLE_UNIT() );
#3830 = UNCERTAINTY_MEASURE_WITH_UNIT(LENGTH_MEASURE(2.E-05),#3827,
  'distance_accuracy_value','confusion accuracy');
#3831 = PRODUCT_RELATED_PRODUCT_CATEGORY('part',$,(#7));
#3832 = MECHANICAL_DESIGN_GEOMETRIC_PRESENTATION_REPRESENTATION('',(
    #3833),#3826);
#3833 = STYLED_ITEM('color',(#3834),#15);
#3834 = PRESENTATION_STYLE_ASSIGNMENT((#3835,#3841));
#3835 = SURFACE_STYLE_USAGE(.BOTH.,#3836);
#3836 = SURFACE_SIDE_STYLE('',(#3837));
#3837 = SURFACE_STYLE_FILL_AREA(#3838);
#3838 = FILL_AREA_STYLE('',(#3839));
#3839 = FILL_AREA_STYLE_COLOUR('',#3840);
#3840 = COLOUR_RGB('',0.690297594764,0.831492722044,0.89771616367);
#3841 = CURVE_STYLE('',#3842,POSITIVE_LENGTH_MEASURE(0.1),#3843);
#3842 = DRAUGHTING_PRE_DEFINED_CURVE_FONT('continuous');
#3843 = DRAUGHTING_PRE_DEFINED_COLOUR('black');
ENDSEC;
END-ISO-10303-21;
