ISO-10303-21;
HEADER;
FILE_DESCRIPTION(('FreeCAD Model'),'2;1');
FILE_NAME('Open CASCADE Shape Model','2026-04-08T09:06:43',(''),(''),
  'Open CASCADE STEP processor 7.8','FreeCAD','Unknown');
FILE_SCHEMA(('AUTOMOTIVE_DESIGN { 1 0 10303 214 1 1 1 1 }'));
ENDSEC;
DATA;
#1 = APPLICATION_PROTOCOL_DEFINITION('international standard',
  'automotive_design',2000,#2);
#2 = APPLICATION_CONTEXT(
  'core data for automotive mechanical design processes');
#3 = SHAPE_DEFINITION_REPRESENTATION(#4,#10);
#4 = PRODUCT_DEFINITION_SHAPE('','',#5);
#5 = PRODUCT_DEFINITION('design','',#6,#9);
#6 = PRODUCT_DEFINITION_FORMATION('','',#7);
#7 = PRODUCT('Body','Body','',(#8));
#8 = PRODUCT_CONTEXT('',#2,'mechanical');
#9 = PRODUCT_DEFINITION_CONTEXT('part definition',#2,'design');
#10 = ADVANCED_BREP_SHAPE_REPRESENTATION('',(#11,#15),#3417);
#11 = AXIS2_PLACEMENT_3D('',#12,#13,#14);
#12 = CARTESIAN_POINT('',(0.,0.,0.));
#13 = DIRECTION('',(0.,0.,1.));
#14 = DIRECTION('',(1.,0.,-0.));
#15 = MANIFOLD_SOLID_BREP('',#16);
#16 = CLOSED_SHELL('',(#17,#549,#580,#605,#630,#654,#678,#703,#728,#752,
    #776,#801,#826,#850,#874,#899,#924,#948,#972,#997,#1022,#1046,#1070,
    #1095,#1120,#1137,#1168,#1193,#1218,#1242,#1266,#1291,#1316,#1333,
    #1358,#1383,#1408,#1433,#1458,#1483,#1508,#1533,#1558,#1583,#1615,
    #1639,#1663,#1688,#1713,#1737,#1761,#1779,#1811,#1835,#1859,#1884,
    #1909,#1933,#1957,#1975,#2084,#2109,#2134,#2158,#2182,#2207,#2232,
    #2256,#2280,#2305,#2330,#2354,#2378,#2396,#2414,#2439,#2464,#2488,
    #2512,#2537,#2562,#2579,#2659,#2691,#2715,#2739,#2764,#2789,#2813,
    #2837,#2855,#2887,#2911,#2935,#2960,#2985,#3009,#3033,#3051,#3080,
    #3130,#3159,#3181,#3198,#3215,#3227,#3254,#3281,#3306,#3331,#3356,
    #3381,#3390,#3399,#3408));
#17 = ADVANCED_FACE('',(#18,#224,#294,#305,#316,#327,#338,#349,#360,#371
    ,#382,#393,#404,#474),#544,.F.);
#18 = FACE_BOUND('',#19,.F.);
#19 = EDGE_LOOP('',(#20,#30,#39,#47,#56,#64,#73,#81,#90,#98,#107,#115,
    #124,#132,#141,#149,#158,#166,#175,#183,#192,#200,#209,#217));
#20 = ORIENTED_EDGE('',*,*,#21,.T.);
#21 = EDGE_CURVE('',#22,#24,#26,.T.);
#22 = VERTEX_POINT('',#23);
#23 = CARTESIAN_POINT('',(-71.05,-32.15,-9.436895709314E-16));
#24 = VERTEX_POINT('',#25);
#25 = CARTESIAN_POINT('',(-58.45,-32.15,-8.881784197001E-16));
#26 = LINE('',#27,#28);
#27 = CARTESIAN_POINT('',(-71.05,-32.15,0.));
#28 = VECTOR('',#29,1.);
#29 = DIRECTION('',(1.,0.,0.));
#30 = ORIENTED_EDGE('',*,*,#31,.T.);
#31 = EDGE_CURVE('',#24,#32,#34,.T.);
#32 = VERTEX_POINT('',#33);
#33 = CARTESIAN_POINT('',(-57.45,-31.15,0.));
#34 = CIRCLE('',#35,1.);
#35 = AXIS2_PLACEMENT_3D('',#36,#37,#38);
#36 = CARTESIAN_POINT('',(-58.45,-31.15,0.));
#37 = DIRECTION('',(-0.,0.,1.));
#38 = DIRECTION('',(0.,-1.,0.));
#39 = ORIENTED_EDGE('',*,*,#40,.T.);
#40 = EDGE_CURVE('',#32,#41,#43,.T.);
#41 = VERTEX_POINT('',#42);
#42 = CARTESIAN_POINT('',(-57.45,-22.15,2.22044604925E-15));
#43 = LINE('',#44,#45);
#44 = CARTESIAN_POINT('',(-57.45,-31.15,0.));
#45 = VECTOR('',#46,1.);
#46 = DIRECTION('',(0.,1.,0.));
#47 = ORIENTED_EDGE('',*,*,#48,.T.);
#48 = EDGE_CURVE('',#41,#49,#51,.T.);
#49 = VERTEX_POINT('',#50);
#50 = CARTESIAN_POINT('',(-54.45,-19.15,0.));
#51 = CIRCLE('',#52,3.);
#52 = AXIS2_PLACEMENT_3D('',#53,#54,#55);
#53 = CARTESIAN_POINT('',(-54.45,-22.15,0.));
#54 = DIRECTION('',(0.,0.,-1.));
#55 = DIRECTION('',(-1.,1.7763568394E-15,0.));
#56 = ORIENTED_EDGE('',*,*,#57,.T.);
#57 = EDGE_CURVE('',#49,#58,#60,.T.);
#58 = VERTEX_POINT('',#59);
#59 = CARTESIAN_POINT('',(-47.45,-19.15,-8.881784197001E-16));
#60 = LINE('',#61,#62);
#61 = CARTESIAN_POINT('',(-54.45,-19.15,0.));
#62 = VECTOR('',#63,1.);
#63 = DIRECTION('',(1.,0.,0.));
#64 = ORIENTED_EDGE('',*,*,#65,.T.);
#65 = EDGE_CURVE('',#58,#66,#68,.T.);
#66 = VERTEX_POINT('',#67);
#67 = CARTESIAN_POINT('',(-44.45,-22.15,0.));
#68 = CIRCLE('',#69,3.);
#69 = AXIS2_PLACEMENT_3D('',#70,#71,#72);
#70 = CARTESIAN_POINT('',(-47.45,-22.15,0.));
#71 = DIRECTION('',(0.,0.,-1.));
#72 = DIRECTION('',(0.,1.,0.));
#73 = ORIENTED_EDGE('',*,*,#74,.T.);
#74 = EDGE_CURVE('',#66,#75,#77,.T.);
#75 = VERTEX_POINT('',#76);
#76 = CARTESIAN_POINT('',(-44.45,-31.15,-4.163336342344E-15));
#77 = LINE('',#78,#79);
#78 = CARTESIAN_POINT('',(-44.45,-22.15,0.));
#79 = VECTOR('',#80,1.);
#80 = DIRECTION('',(0.,-1.,0.));
#81 = ORIENTED_EDGE('',*,*,#82,.T.);
#82 = EDGE_CURVE('',#75,#83,#85,.T.);
#83 = VERTEX_POINT('',#84);
#84 = CARTESIAN_POINT('',(-43.45,-32.15,0.));
#85 = CIRCLE('',#86,1.);
#86 = AXIS2_PLACEMENT_3D('',#87,#88,#89);
#87 = CARTESIAN_POINT('',(-43.45,-31.15,0.));
#88 = DIRECTION('',(0.,0.,1.));
#89 = DIRECTION('',(-1.,-1.7763568394E-15,0.));
#90 = ORIENTED_EDGE('',*,*,#91,.T.);
#91 = EDGE_CURVE('',#83,#92,#94,.T.);
#92 = VERTEX_POINT('',#93);
#93 = CARTESIAN_POINT('',(31.549999999998,-32.15,-6.106226635438E-16));
#94 = LINE('',#95,#96);
#95 = CARTESIAN_POINT('',(-43.45,-32.15,0.));
#96 = VECTOR('',#97,1.);
#97 = DIRECTION('',(1.,0.,0.));
#98 = ORIENTED_EDGE('',*,*,#99,.T.);
#99 = EDGE_CURVE('',#92,#100,#102,.T.);
#100 = VERTEX_POINT('',#101);
#101 = CARTESIAN_POINT('',(32.549999999998,-31.15,-1.7763568394E-15));
#102 = CIRCLE('',#103,1.);
#103 = AXIS2_PLACEMENT_3D('',#104,#105,#106);
#104 = CARTESIAN_POINT('',(31.549999999998,-31.15,0.));
#105 = DIRECTION('',(-0.,0.,1.));
#106 = DIRECTION('',(1.7763568394E-15,-1.,0.));
#107 = ORIENTED_EDGE('',*,*,#108,.T.);
#108 = EDGE_CURVE('',#100,#109,#111,.T.);
#109 = VERTEX_POINT('',#110);
#110 = CARTESIAN_POINT('',(32.549999999997,-22.14999999999,
    -9.992562333139E-13));
#111 = LINE('',#112,#113);
#112 = CARTESIAN_POINT('',(32.549999999998,-31.15,0.));
#113 = VECTOR('',#114,1.);
#114 = DIRECTION('',(0.,1.,0.));
#115 = ORIENTED_EDGE('',*,*,#116,.T.);
#116 = EDGE_CURVE('',#109,#117,#119,.T.);
#117 = VERTEX_POINT('',#118);
#118 = CARTESIAN_POINT('',(35.549999999996,-19.14999999999,0.));
#119 = CIRCLE('',#120,3.);
#120 = AXIS2_PLACEMENT_3D('',#121,#122,#123);
#121 = CARTESIAN_POINT('',(35.549999999996,-22.14999999999,0.));
#122 = DIRECTION('',(-0.,0.,-1.));
#123 = DIRECTION('',(-1.,-2.22044604925E-13,0.));
#124 = ORIENTED_EDGE('',*,*,#125,.T.);
#125 = EDGE_CURVE('',#117,#126,#128,.T.);
#126 = VERTEX_POINT('',#127);
#127 = CARTESIAN_POINT('',(42.550000000004,-19.14999999999,
    3.330669073875E-16));
#128 = LINE('',#129,#130);
#129 = CARTESIAN_POINT('',(35.549999999996,-19.14999999999,0.));
#130 = VECTOR('',#131,1.);
#131 = DIRECTION('',(1.,0.,0.));
#132 = ORIENTED_EDGE('',*,*,#133,.T.);
#133 = EDGE_CURVE('',#126,#134,#136,.T.);
#134 = VERTEX_POINT('',#135);
#135 = CARTESIAN_POINT('',(45.550000000004,-22.14999999999,0.));
#136 = CIRCLE('',#137,3.);
#137 = AXIS2_PLACEMENT_3D('',#138,#139,#140);
#138 = CARTESIAN_POINT('',(42.550000000004,-22.14999999999,0.));
#139 = DIRECTION('',(0.,0.,-1.));
#140 = DIRECTION('',(0.,1.,0.));
#141 = ORIENTED_EDGE('',*,*,#142,.T.);
#142 = EDGE_CURVE('',#134,#143,#145,.T.);
#143 = VERTEX_POINT('',#144);
#144 = CARTESIAN_POINT('',(45.550000000004,-31.15,1.187938636349E-14));
#145 = LINE('',#146,#147);
#146 = CARTESIAN_POINT('',(45.550000000004,-22.14999999999,0.));
#147 = VECTOR('',#148,1.);
#148 = DIRECTION('',(0.,-1.,0.));
#149 = ORIENTED_EDGE('',*,*,#150,.T.);
#150 = EDGE_CURVE('',#143,#151,#153,.T.);
#151 = VERTEX_POINT('',#152);
#152 = CARTESIAN_POINT('',(46.550000000004,-32.15,0.));
#153 = CIRCLE('',#154,1.);
#154 = AXIS2_PLACEMENT_3D('',#155,#156,#157);
#155 = CARTESIAN_POINT('',(46.550000000004,-31.15,0.));
#156 = DIRECTION('',(0.,0.,1.));
#157 = DIRECTION('',(-1.,3.552713678801E-15,0.));
#158 = ORIENTED_EDGE('',*,*,#159,.T.);
#159 = EDGE_CURVE('',#151,#160,#162,.T.);
#160 = VERTEX_POINT('',#161);
#161 = CARTESIAN_POINT('',(100.95,-32.15,-7.216449660064E-16));
#162 = LINE('',#163,#164);
#163 = CARTESIAN_POINT('',(46.550000000004,-32.15,0.));
#164 = VECTOR('',#165,1.);
#165 = DIRECTION('',(1.,0.,0.));
#166 = ORIENTED_EDGE('',*,*,#167,.T.);
#167 = EDGE_CURVE('',#160,#168,#170,.T.);
#168 = VERTEX_POINT('',#169);
#169 = CARTESIAN_POINT('',(103.95,-35.15,0.));
#170 = CIRCLE('',#171,3.);
#171 = AXIS2_PLACEMENT_3D('',#172,#173,#174);
#172 = CARTESIAN_POINT('',(100.95,-35.15,0.));
#173 = DIRECTION('',(0.,0.,-1.));
#174 = DIRECTION('',(0.,1.,0.));
#175 = ORIENTED_EDGE('',*,*,#176,.T.);
#176 = EDGE_CURVE('',#168,#177,#179,.T.);
#177 = VERTEX_POINT('',#178);
#178 = CARTESIAN_POINT('',(103.95,-69.15,4.218847493576E-15));
#179 = LINE('',#180,#181);
#180 = CARTESIAN_POINT('',(103.95,-35.15,0.));
#181 = VECTOR('',#182,1.);
#182 = DIRECTION('',(-0.,-1.,-0.));
#183 = ORIENTED_EDGE('',*,*,#184,.T.);
#184 = EDGE_CURVE('',#177,#185,#187,.T.);
#185 = VERTEX_POINT('',#186);
#186 = CARTESIAN_POINT('',(100.95,-72.15,0.));
#187 = CIRCLE('',#188,3.);
#188 = AXIS2_PLACEMENT_3D('',#189,#190,#191);
#189 = CARTESIAN_POINT('',(100.95,-69.15,0.));
#190 = DIRECTION('',(0.,0.,-1.));
#191 = DIRECTION('',(1.,0.,0.));
#192 = ORIENTED_EDGE('',*,*,#193,.T.);
#193 = EDGE_CURVE('',#185,#194,#196,.T.);
#194 = VERTEX_POINT('',#195);
#195 = CARTESIAN_POINT('',(-71.05,-72.15,-1.665334536938E-15));
#196 = LINE('',#197,#198);
#197 = CARTESIAN_POINT('',(100.95,-72.15,0.));
#198 = VECTOR('',#199,1.);
#199 = DIRECTION('',(-1.,-0.,-0.));
#200 = ORIENTED_EDGE('',*,*,#201,.T.);
#201 = EDGE_CURVE('',#194,#202,#204,.T.);
#202 = VERTEX_POINT('',#203);
#203 = CARTESIAN_POINT('',(-74.05,-69.15,0.));
#204 = CIRCLE('',#205,3.);
#205 = AXIS2_PLACEMENT_3D('',#206,#207,#208);
#206 = CARTESIAN_POINT('',(-71.05,-69.15,0.));
#207 = DIRECTION('',(-0.,-0.,-1.));
#208 = DIRECTION('',(0.,-1.,0.));
#209 = ORIENTED_EDGE('',*,*,#210,.T.);
#210 = EDGE_CURVE('',#202,#211,#213,.T.);
#211 = VERTEX_POINT('',#212);
#212 = CARTESIAN_POINT('',(-74.05,-35.15,3.996802888651E-15));
#213 = LINE('',#214,#215);
#214 = CARTESIAN_POINT('',(-74.05,-69.15,0.));
#215 = VECTOR('',#216,1.);
#216 = DIRECTION('',(0.,1.,0.));
#217 = ORIENTED_EDGE('',*,*,#218,.T.);
#218 = EDGE_CURVE('',#211,#22,#219,.T.);
#219 = CIRCLE('',#220,3.);
#220 = AXIS2_PLACEMENT_3D('',#221,#222,#223);
#221 = CARTESIAN_POINT('',(-71.05,-35.15,0.));
#222 = DIRECTION('',(0.,0.,-1.));
#223 = DIRECTION('',(-1.,0.,0.));
#224 = FACE_BOUND('',#225,.F.);
#225 = EDGE_LOOP('',(#226,#236,#245,#253,#262,#270,#279,#287));
#226 = ORIENTED_EDGE('',*,*,#227,.T.);
#227 = EDGE_CURVE('',#228,#230,#232,.T.);
#228 = VERTEX_POINT('',#229);
#229 = CARTESIAN_POINT('',(-112.95,63.55,0.));
#230 = VERTEX_POINT('',#231);
#231 = CARTESIAN_POINT('',(-112.95,-63.55,0.));
#232 = LINE('',#233,#234);
#233 = CARTESIAN_POINT('',(-112.95,81.85,0.));
#234 = VECTOR('',#235,1.);
#235 = DIRECTION('',(0.,-1.,0.));
#236 = ORIENTED_EDGE('',*,*,#237,.T.);
#237 = EDGE_CURVE('',#230,#238,#240,.T.);
#238 = VERTEX_POINT('',#239);
#239 = CARTESIAN_POINT('',(-94.65,-81.85,0.));
#240 = CIRCLE('',#241,18.3);
#241 = AXIS2_PLACEMENT_3D('',#242,#243,#244);
#242 = CARTESIAN_POINT('',(-94.65,-63.55,0.));
#243 = DIRECTION('',(-0.,0.,1.));
#244 = DIRECTION('',(0.,-1.,0.));
#245 = ORIENTED_EDGE('',*,*,#246,.T.);
#246 = EDGE_CURVE('',#238,#247,#249,.T.);
#247 = VERTEX_POINT('',#248);
#248 = CARTESIAN_POINT('',(94.65,-81.85,0.));
#249 = LINE('',#250,#251);
#250 = CARTESIAN_POINT('',(-112.95,-81.85,0.));
#251 = VECTOR('',#252,1.);
#252 = DIRECTION('',(1.,0.,0.));
#253 = ORIENTED_EDGE('',*,*,#254,.T.);
#254 = EDGE_CURVE('',#247,#255,#257,.T.);
#255 = VERTEX_POINT('',#256);
#256 = CARTESIAN_POINT('',(112.95,-63.55,0.));
#257 = CIRCLE('',#258,18.3);
#258 = AXIS2_PLACEMENT_3D('',#259,#260,#261);
#259 = CARTESIAN_POINT('',(94.65,-63.55,0.));
#260 = DIRECTION('',(-0.,0.,1.));
#261 = DIRECTION('',(0.,-1.,0.));
#262 = ORIENTED_EDGE('',*,*,#263,.T.);
#263 = EDGE_CURVE('',#255,#264,#266,.T.);
#264 = VERTEX_POINT('',#265);
#265 = CARTESIAN_POINT('',(112.95,63.55,0.));
#266 = LINE('',#267,#268);
#267 = CARTESIAN_POINT('',(112.95,-81.85,0.));
#268 = VECTOR('',#269,1.);
#269 = DIRECTION('',(0.,1.,0.));
#270 = ORIENTED_EDGE('',*,*,#271,.F.);
#271 = EDGE_CURVE('',#272,#264,#274,.T.);
#272 = VERTEX_POINT('',#273);
#273 = CARTESIAN_POINT('',(94.65,81.85,0.));
#274 = CIRCLE('',#275,18.3);
#275 = AXIS2_PLACEMENT_3D('',#276,#277,#278);
#276 = CARTESIAN_POINT('',(94.65,63.55,0.));
#277 = DIRECTION('',(-0.,-0.,-1.));
#278 = DIRECTION('',(0.,-1.,0.));
#279 = ORIENTED_EDGE('',*,*,#280,.T.);
#280 = EDGE_CURVE('',#272,#281,#283,.T.);
#281 = VERTEX_POINT('',#282);
#282 = CARTESIAN_POINT('',(-94.65,81.85,0.));
#283 = LINE('',#284,#285);
#284 = CARTESIAN_POINT('',(112.95,81.85,0.));
#285 = VECTOR('',#286,1.);
#286 = DIRECTION('',(-1.,0.,0.));
#287 = ORIENTED_EDGE('',*,*,#288,.F.);
#288 = EDGE_CURVE('',#228,#281,#289,.T.);
#289 = CIRCLE('',#290,18.3);
#290 = AXIS2_PLACEMENT_3D('',#291,#292,#293);
#291 = CARTESIAN_POINT('',(-94.65,63.55,0.));
#292 = DIRECTION('',(-0.,-0.,-1.));
#293 = DIRECTION('',(0.,-1.,0.));
#294 = FACE_BOUND('',#295,.F.);
#295 = EDGE_LOOP('',(#296));
#296 = ORIENTED_EDGE('',*,*,#297,.F.);
#297 = EDGE_CURVE('',#298,#298,#300,.T.);
#298 = VERTEX_POINT('',#299);
#299 = CARTESIAN_POINT('',(-102.9,-73.75,0.));
#300 = CIRCLE('',#301,2.15);
#301 = AXIS2_PLACEMENT_3D('',#302,#303,#304);
#302 = CARTESIAN_POINT('',(-105.05,-73.75,0.));
#303 = DIRECTION('',(0.,0.,1.));
#304 = DIRECTION('',(1.,0.,0.));
#305 = FACE_BOUND('',#306,.F.);
#306 = EDGE_LOOP('',(#307));
#307 = ORIENTED_EDGE('',*,*,#308,.F.);
#308 = EDGE_CURVE('',#309,#309,#311,.T.);
#309 = VERTEX_POINT('',#310);
#310 = CARTESIAN_POINT('',(-32.9,-76.55,0.));
#311 = CIRCLE('',#312,2.15);
#312 = AXIS2_PLACEMENT_3D('',#313,#314,#315);
#313 = CARTESIAN_POINT('',(-35.05,-76.55,0.));
#314 = DIRECTION('',(0.,0.,1.));
#315 = DIRECTION('',(1.,0.,0.));
#316 = FACE_BOUND('',#317,.F.);
#317 = EDGE_LOOP('',(#318));
#318 = ORIENTED_EDGE('',*,*,#319,.F.);
#319 = EDGE_CURVE('',#320,#320,#322,.T.);
#320 = VERTEX_POINT('',#321);
#321 = CARTESIAN_POINT('',(37.189,-76.55,0.));
#322 = CIRCLE('',#323,2.15);
#323 = AXIS2_PLACEMENT_3D('',#324,#325,#326);
#324 = CARTESIAN_POINT('',(35.039,-76.55,0.));
#325 = DIRECTION('',(0.,0.,1.));
#326 = DIRECTION('',(1.,0.,0.));
#327 = FACE_BOUND('',#328,.F.);
#328 = EDGE_LOOP('',(#329));
#329 = ORIENTED_EDGE('',*,*,#330,.F.);
#330 = EDGE_CURVE('',#331,#331,#333,.T.);
#331 = VERTEX_POINT('',#332);
#332 = CARTESIAN_POINT('',(107.2,-73.75,0.));
#333 = CIRCLE('',#334,2.15);
#334 = AXIS2_PLACEMENT_3D('',#335,#336,#337);
#335 = CARTESIAN_POINT('',(105.05,-73.75,0.));
#336 = DIRECTION('',(0.,0.,1.));
#337 = DIRECTION('',(1.,0.,0.));
#338 = FACE_BOUND('',#339,.F.);
#339 = EDGE_LOOP('',(#340));
#340 = ORIENTED_EDGE('',*,*,#341,.F.);
#341 = EDGE_CURVE('',#342,#342,#344,.T.);
#342 = VERTEX_POINT('',#343);
#343 = CARTESIAN_POINT('',(-105.48,0.,0.));
#344 = CIRCLE('',#345,2.15);
#345 = AXIS2_PLACEMENT_3D('',#346,#347,#348);
#346 = CARTESIAN_POINT('',(-107.63,0.,0.));
#347 = DIRECTION('',(0.,0.,1.));
#348 = DIRECTION('',(1.,0.,0.));
#349 = FACE_BOUND('',#350,.F.);
#350 = EDGE_LOOP('',(#351));
#351 = ORIENTED_EDGE('',*,*,#352,.F.);
#352 = EDGE_CURVE('',#353,#353,#355,.T.);
#353 = VERTEX_POINT('',#354);
#354 = CARTESIAN_POINT('',(-102.9,73.75,0.));
#355 = CIRCLE('',#356,2.15);
#356 = AXIS2_PLACEMENT_3D('',#357,#358,#359);
#357 = CARTESIAN_POINT('',(-105.05,73.75,0.));
#358 = DIRECTION('',(0.,0.,1.));
#359 = DIRECTION('',(1.,0.,0.));
#360 = FACE_BOUND('',#361,.F.);
#361 = EDGE_LOOP('',(#362));
#362 = ORIENTED_EDGE('',*,*,#363,.F.);
#363 = EDGE_CURVE('',#364,#364,#366,.T.);
#364 = VERTEX_POINT('',#365);
#365 = CARTESIAN_POINT('',(-32.9,76.55,0.));
#366 = CIRCLE('',#367,2.15);
#367 = AXIS2_PLACEMENT_3D('',#368,#369,#370);
#368 = CARTESIAN_POINT('',(-35.05,76.55,0.));
#369 = DIRECTION('',(0.,0.,1.));
#370 = DIRECTION('',(1.,0.,0.));
#371 = FACE_BOUND('',#372,.F.);
#372 = EDGE_LOOP('',(#373));
#373 = ORIENTED_EDGE('',*,*,#374,.F.);
#374 = EDGE_CURVE('',#375,#375,#377,.T.);
#375 = VERTEX_POINT('',#376);
#376 = CARTESIAN_POINT('',(109.78,0.,0.));
#377 = CIRCLE('',#378,2.15);
#378 = AXIS2_PLACEMENT_3D('',#379,#380,#381);
#379 = CARTESIAN_POINT('',(107.63,0.,0.));
#380 = DIRECTION('',(0.,0.,1.));
#381 = DIRECTION('',(1.,0.,0.));
#382 = FACE_BOUND('',#383,.F.);
#383 = EDGE_LOOP('',(#384));
#384 = ORIENTED_EDGE('',*,*,#385,.F.);
#385 = EDGE_CURVE('',#386,#386,#388,.T.);
#386 = VERTEX_POINT('',#387);
#387 = CARTESIAN_POINT('',(37.2,76.55,0.));
#388 = CIRCLE('',#389,2.15);
#389 = AXIS2_PLACEMENT_3D('',#390,#391,#392);
#390 = CARTESIAN_POINT('',(35.05,76.55,0.));
#391 = DIRECTION('',(0.,0.,1.));
#392 = DIRECTION('',(1.,0.,0.));
#393 = FACE_BOUND('',#394,.F.);
#394 = EDGE_LOOP('',(#395));
#395 = ORIENTED_EDGE('',*,*,#396,.F.);
#396 = EDGE_CURVE('',#397,#397,#399,.T.);
#397 = VERTEX_POINT('',#398);
#398 = CARTESIAN_POINT('',(107.2,73.75,0.));
#399 = CIRCLE('',#400,2.15);
#400 = AXIS2_PLACEMENT_3D('',#401,#402,#403);
#401 = CARTESIAN_POINT('',(105.05,73.75,0.));
#402 = DIRECTION('',(0.,0.,1.));
#403 = DIRECTION('',(1.,0.,0.));
#404 = FACE_BOUND('',#405,.F.);
#405 = EDGE_LOOP('',(#406,#417,#425,#434,#442,#451,#459,#468));
#406 = ORIENTED_EDGE('',*,*,#407,.F.);
#407 = EDGE_CURVE('',#408,#410,#412,.T.);
#408 = VERTEX_POINT('',#409);
#409 = CARTESIAN_POINT('',(75.550000000008,74.850000000008,0.));
#410 = VERTEX_POINT('',#411);
#411 = CARTESIAN_POINT('',(72.550000000008,77.850000000008,0.));
#412 = CIRCLE('',#413,3.);
#413 = AXIS2_PLACEMENT_3D('',#414,#415,#416);
#414 = CARTESIAN_POINT('',(72.550000000008,74.850000000008,0.));
#415 = DIRECTION('',(0.,0.,1.));
#416 = DIRECTION('',(1.,0.,0.));
#417 = ORIENTED_EDGE('',*,*,#418,.F.);
#418 = EDGE_CURVE('',#419,#408,#421,.T.);
#419 = VERTEX_POINT('',#420);
#420 = CARTESIAN_POINT('',(75.550000000008,67.849999999992,0.));
#421 = LINE('',#422,#423);
#422 = CARTESIAN_POINT('',(75.550000000008,67.849999999992,0.));
#423 = VECTOR('',#424,1.);
#424 = DIRECTION('',(0.,1.,0.));
#425 = ORIENTED_EDGE('',*,*,#426,.F.);
#426 = EDGE_CURVE('',#427,#419,#429,.T.);
#427 = VERTEX_POINT('',#428);
#428 = CARTESIAN_POINT('',(72.550000000008,64.849999999992,
    4.107825191113E-15));
#429 = CIRCLE('',#430,3.);
#430 = AXIS2_PLACEMENT_3D('',#431,#432,#433);
#431 = CARTESIAN_POINT('',(72.550000000008,67.849999999992,0.));
#432 = DIRECTION('',(-0.,0.,1.));
#433 = DIRECTION('',(0.,-1.,0.));
#434 = ORIENTED_EDGE('',*,*,#435,.F.);
#435 = EDGE_CURVE('',#436,#427,#438,.T.);
#436 = VERTEX_POINT('',#437);
#437 = CARTESIAN_POINT('',(65.549999999992,64.849999999992,0.));
#438 = LINE('',#439,#440);
#439 = CARTESIAN_POINT('',(65.549999999992,64.849999999992,0.));
#440 = VECTOR('',#441,1.);
#441 = DIRECTION('',(1.,0.,0.));
#442 = ORIENTED_EDGE('',*,*,#443,.F.);
#443 = EDGE_CURVE('',#444,#436,#446,.T.);
#444 = VERTEX_POINT('',#445);
#445 = CARTESIAN_POINT('',(62.549999999992,67.849999999992,
    4.107825191113E-15));
#446 = CIRCLE('',#447,3.);
#447 = AXIS2_PLACEMENT_3D('',#448,#449,#450);
#448 = CARTESIAN_POINT('',(65.549999999992,67.849999999992,0.));
#449 = DIRECTION('',(0.,0.,1.));
#450 = DIRECTION('',(-1.,0.,0.));
#451 = ORIENTED_EDGE('',*,*,#452,.F.);
#452 = EDGE_CURVE('',#453,#444,#455,.T.);
#453 = VERTEX_POINT('',#454);
#454 = CARTESIAN_POINT('',(62.549999999992,74.850000000008,0.));
#455 = LINE('',#456,#457);
#456 = CARTESIAN_POINT('',(62.549999999992,74.850000000008,0.));
#457 = VECTOR('',#458,1.);
#458 = DIRECTION('',(-0.,-1.,-0.));
#459 = ORIENTED_EDGE('',*,*,#460,.F.);
#460 = EDGE_CURVE('',#461,#453,#463,.T.);
#461 = VERTEX_POINT('',#462);
#462 = CARTESIAN_POINT('',(65.549999999992,77.850000000008,
    4.107825191113E-15));
#463 = CIRCLE('',#464,3.);
#464 = AXIS2_PLACEMENT_3D('',#465,#466,#467);
#465 = CARTESIAN_POINT('',(65.549999999992,74.850000000008,0.));
#466 = DIRECTION('',(0.,-0.,1.));
#467 = DIRECTION('',(0.,1.,0.));
#468 = ORIENTED_EDGE('',*,*,#469,.F.);
#469 = EDGE_CURVE('',#410,#461,#470,.T.);
#470 = LINE('',#471,#472);
#471 = CARTESIAN_POINT('',(72.550000000008,77.850000000008,0.));
#472 = VECTOR('',#473,1.);
#473 = DIRECTION('',(-1.,-0.,-0.));
#474 = FACE_BOUND('',#475,.F.);
#475 = EDGE_LOOP('',(#476,#487,#495,#504,#512,#521,#529,#538));
#476 = ORIENTED_EDGE('',*,*,#477,.F.);
#477 = EDGE_CURVE('',#478,#480,#482,.T.);
#478 = VERTEX_POINT('',#479);
#479 = CARTESIAN_POINT('',(-67.44999999999,64.849999999992,0.));
#480 = VERTEX_POINT('',#481);
#481 = CARTESIAN_POINT('',(-64.44999999999,67.849999999992,0.));
#482 = CIRCLE('',#483,3.);
#483 = AXIS2_PLACEMENT_3D('',#484,#485,#486);
#484 = CARTESIAN_POINT('',(-67.44999999999,67.849999999992,0.));
#485 = DIRECTION('',(-0.,0.,1.));
#486 = DIRECTION('',(0.,-1.,0.));
#487 = ORIENTED_EDGE('',*,*,#488,.F.);
#488 = EDGE_CURVE('',#489,#478,#491,.T.);
#489 = VERTEX_POINT('',#490);
#490 = CARTESIAN_POINT('',(-74.45,64.849999999992,0.));
#491 = LINE('',#492,#493);
#492 = CARTESIAN_POINT('',(-74.45,64.849999999992,0.));
#493 = VECTOR('',#494,1.);
#494 = DIRECTION('',(1.,0.,0.));
#495 = ORIENTED_EDGE('',*,*,#496,.F.);
#496 = EDGE_CURVE('',#497,#489,#499,.T.);
#497 = VERTEX_POINT('',#498);
#498 = CARTESIAN_POINT('',(-77.45,67.849999999992,4.107825191113E-15));
#499 = CIRCLE('',#500,3.);
#500 = AXIS2_PLACEMENT_3D('',#501,#502,#503);
#501 = CARTESIAN_POINT('',(-74.45,67.849999999992,0.));
#502 = DIRECTION('',(0.,0.,1.));
#503 = DIRECTION('',(-1.,0.,0.));
#504 = ORIENTED_EDGE('',*,*,#505,.F.);
#505 = EDGE_CURVE('',#506,#497,#508,.T.);
#506 = VERTEX_POINT('',#507);
#507 = CARTESIAN_POINT('',(-77.45,74.850000000008,0.));
#508 = LINE('',#509,#510);
#509 = CARTESIAN_POINT('',(-77.45,74.850000000008,0.));
#510 = VECTOR('',#511,1.);
#511 = DIRECTION('',(-0.,-1.,-0.));
#512 = ORIENTED_EDGE('',*,*,#513,.F.);
#513 = EDGE_CURVE('',#514,#506,#516,.T.);
#514 = VERTEX_POINT('',#515);
#515 = CARTESIAN_POINT('',(-74.45,77.850000000008,-9.992007221626E-16));
#516 = CIRCLE('',#517,3.);
#517 = AXIS2_PLACEMENT_3D('',#518,#519,#520);
#518 = CARTESIAN_POINT('',(-74.45,74.850000000008,0.));
#519 = DIRECTION('',(0.,-0.,1.));
#520 = DIRECTION('',(0.,1.,0.));
#521 = ORIENTED_EDGE('',*,*,#522,.F.);
#522 = EDGE_CURVE('',#523,#514,#525,.T.);
#523 = VERTEX_POINT('',#524);
#524 = CARTESIAN_POINT('',(-67.44999999999,77.850000000008,0.));
#525 = LINE('',#526,#527);
#526 = CARTESIAN_POINT('',(-67.44999999999,77.850000000008,0.));
#527 = VECTOR('',#528,1.);
#528 = DIRECTION('',(-1.,-0.,-0.));
#529 = ORIENTED_EDGE('',*,*,#530,.F.);
#530 = EDGE_CURVE('',#531,#523,#533,.T.);
#531 = VERTEX_POINT('',#532);
#532 = CARTESIAN_POINT('',(-64.44999999999,74.850000000008,
    4.107825191113E-15));
#533 = CIRCLE('',#534,3.);
#534 = AXIS2_PLACEMENT_3D('',#535,#536,#537);
#535 = CARTESIAN_POINT('',(-67.44999999999,74.850000000008,0.));
#536 = DIRECTION('',(0.,0.,1.));
#537 = DIRECTION('',(1.,0.,0.));
#538 = ORIENTED_EDGE('',*,*,#539,.F.);
#539 = EDGE_CURVE('',#480,#531,#540,.T.);
#540 = LINE('',#541,#542);
#541 = CARTESIAN_POINT('',(-64.44999999999,67.849999999992,0.));
#542 = VECTOR('',#543,1.);
#543 = DIRECTION('',(0.,1.,0.));
#544 = PLANE('',#545);
#545 = AXIS2_PLACEMENT_3D('',#546,#547,#548);
#546 = CARTESIAN_POINT('',(0.,0.,0.));
#547 = DIRECTION('',(0.,0.,1.));
#548 = DIRECTION('',(1.,0.,0.));
#549 = ADVANCED_FACE('',(#550),#575,.F.);
#550 = FACE_BOUND('',#551,.T.);
#551 = EDGE_LOOP('',(#552,#560,#561,#569));
#552 = ORIENTED_EDGE('',*,*,#553,.F.);
#553 = EDGE_CURVE('',#22,#554,#556,.T.);
#554 = VERTEX_POINT('',#555);
#555 = CARTESIAN_POINT('',(-71.05,-33.15,-1.));
#556 = LINE('',#557,#558);
#557 = CARTESIAN_POINT('',(-71.05,-32.65,-0.5));
#558 = VECTOR('',#559,1.);
#559 = DIRECTION('',(-4.054583578972E-35,-0.707106781187,-0.707106781187
    ));
#560 = ORIENTED_EDGE('',*,*,#21,.T.);
#561 = ORIENTED_EDGE('',*,*,#562,.T.);
#562 = EDGE_CURVE('',#24,#563,#565,.T.);
#563 = VERTEX_POINT('',#564);
#564 = CARTESIAN_POINT('',(-58.45,-33.15,-1.));
#565 = LINE('',#566,#567);
#566 = CARTESIAN_POINT('',(-58.45,-32.65,-0.5));
#567 = VECTOR('',#568,1.);
#568 = DIRECTION('',(-4.054583578972E-35,-0.707106781187,-0.707106781187
    ));
#569 = ORIENTED_EDGE('',*,*,#570,.F.);
#570 = EDGE_CURVE('',#554,#563,#571,.T.);
#571 = LINE('',#572,#573);
#572 = CARTESIAN_POINT('',(-71.05,-33.15,-1.));
#573 = VECTOR('',#574,1.);
#574 = DIRECTION('',(1.,0.,0.));
#575 = PLANE('',#576);
#576 = AXIS2_PLACEMENT_3D('',#577,#578,#579);
#577 = CARTESIAN_POINT('',(-71.05,-32.65,-0.5));
#578 = DIRECTION('',(-5.911709633991E-18,-0.707106781187,0.707106781187)
  );
#579 = DIRECTION('',(-1.,4.180209970601E-18,-4.180209970601E-18));
#580 = ADVANCED_FACE('',(#581),#600,.T.);
#581 = FACE_BOUND('',#582,.T.);
#582 = EDGE_LOOP('',(#583,#591,#592,#593));
#583 = ORIENTED_EDGE('',*,*,#584,.F.);
#584 = EDGE_CURVE('',#211,#585,#587,.T.);
#585 = VERTEX_POINT('',#586);
#586 = CARTESIAN_POINT('',(-73.05,-35.15,-1.));
#587 = LINE('',#588,#589);
#588 = CARTESIAN_POINT('',(-73.55,-35.15,-0.5));
#589 = VECTOR('',#590,1.);
#590 = DIRECTION('',(0.707106781187,-4.054583578972E-35,-0.707106781187)
  );
#591 = ORIENTED_EDGE('',*,*,#218,.T.);
#592 = ORIENTED_EDGE('',*,*,#553,.T.);
#593 = ORIENTED_EDGE('',*,*,#594,.F.);
#594 = EDGE_CURVE('',#585,#554,#595,.T.);
#595 = CIRCLE('',#596,2.);
#596 = AXIS2_PLACEMENT_3D('',#597,#598,#599);
#597 = CARTESIAN_POINT('',(-71.05,-35.15,-1.));
#598 = DIRECTION('',(0.,0.,-1.));
#599 = DIRECTION('',(-1.,0.,0.));
#600 = CONICAL_SURFACE('',#601,2.,0.785398163397);
#601 = AXIS2_PLACEMENT_3D('',#602,#603,#604);
#602 = CARTESIAN_POINT('',(-71.05,-35.15,-1.));
#603 = DIRECTION('',(0.,0.,1.));
#604 = DIRECTION('',(-1.,0.,0.));
#605 = ADVANCED_FACE('',(#606),#625,.F.);
#606 = FACE_BOUND('',#607,.T.);
#607 = EDGE_LOOP('',(#608,#609,#610,#618));
#608 = ORIENTED_EDGE('',*,*,#562,.F.);
#609 = ORIENTED_EDGE('',*,*,#31,.T.);
#610 = ORIENTED_EDGE('',*,*,#611,.T.);
#611 = EDGE_CURVE('',#32,#612,#614,.T.);
#612 = VERTEX_POINT('',#613);
#613 = CARTESIAN_POINT('',(-56.45,-31.15,-1.));
#614 = LINE('',#615,#616);
#615 = CARTESIAN_POINT('',(-56.45,-31.15,-1.));
#616 = VECTOR('',#617,1.);
#617 = DIRECTION('',(0.707106781187,-6.713347862853E-16,-0.707106781187)
  );
#618 = ORIENTED_EDGE('',*,*,#619,.F.);
#619 = EDGE_CURVE('',#563,#612,#620,.T.);
#620 = CIRCLE('',#621,2.);
#621 = AXIS2_PLACEMENT_3D('',#622,#623,#624);
#622 = CARTESIAN_POINT('',(-58.45,-31.15,-1.));
#623 = DIRECTION('',(-0.,0.,1.));
#624 = DIRECTION('',(0.,-1.,0.));
#625 = CONICAL_SURFACE('',#626,2.,0.785398163397);
#626 = AXIS2_PLACEMENT_3D('',#627,#628,#629);
#627 = CARTESIAN_POINT('',(-58.45,-31.15,-1.));
#628 = DIRECTION('',(-0.,-0.,-1.));
#629 = DIRECTION('',(0.,-1.,0.));
#630 = ADVANCED_FACE('',(#631),#649,.F.);
#631 = FACE_BOUND('',#632,.T.);
#632 = EDGE_LOOP('',(#633,#641,#642,#643));
#633 = ORIENTED_EDGE('',*,*,#634,.F.);
#634 = EDGE_CURVE('',#202,#635,#637,.T.);
#635 = VERTEX_POINT('',#636);
#636 = CARTESIAN_POINT('',(-73.05,-69.15,-1.));
#637 = LINE('',#638,#639);
#638 = CARTESIAN_POINT('',(-73.05,-69.15,-1.));
#639 = VECTOR('',#640,1.);
#640 = DIRECTION('',(0.707106781187,4.329780281177E-17,-0.707106781187)
  );
#641 = ORIENTED_EDGE('',*,*,#210,.T.);
#642 = ORIENTED_EDGE('',*,*,#584,.T.);
#643 = ORIENTED_EDGE('',*,*,#644,.F.);
#644 = EDGE_CURVE('',#635,#585,#645,.T.);
#645 = LINE('',#646,#647);
#646 = CARTESIAN_POINT('',(-73.05,-69.15,-1.));
#647 = VECTOR('',#648,1.);
#648 = DIRECTION('',(0.,1.,0.));
#649 = PLANE('',#650);
#650 = AXIS2_PLACEMENT_3D('',#651,#652,#653);
#651 = CARTESIAN_POINT('',(-73.55,-69.15,-0.5));
#652 = DIRECTION('',(0.707106781187,5.911709633991E-18,0.707106781187));
#653 = DIRECTION('',(4.180209970601E-18,-1.,4.180209970601E-18));
#654 = ADVANCED_FACE('',(#655),#673,.T.);
#655 = FACE_BOUND('',#656,.T.);
#656 = EDGE_LOOP('',(#657,#658,#659,#667));
#657 = ORIENTED_EDGE('',*,*,#611,.F.);
#658 = ORIENTED_EDGE('',*,*,#40,.T.);
#659 = ORIENTED_EDGE('',*,*,#660,.T.);
#660 = EDGE_CURVE('',#41,#661,#663,.T.);
#661 = VERTEX_POINT('',#662);
#662 = CARTESIAN_POINT('',(-56.45,-22.15,-1.));
#663 = LINE('',#664,#665);
#664 = CARTESIAN_POINT('',(-56.95,-22.15,-0.5));
#665 = VECTOR('',#666,1.);
#666 = DIRECTION('',(0.707106781187,1.612742825023E-32,-0.707106781187)
  );
#667 = ORIENTED_EDGE('',*,*,#668,.F.);
#668 = EDGE_CURVE('',#612,#661,#669,.T.);
#669 = LINE('',#670,#671);
#670 = CARTESIAN_POINT('',(-56.45,-31.15,-1.));
#671 = VECTOR('',#672,1.);
#672 = DIRECTION('',(0.,1.,0.));
#673 = PLANE('',#674);
#674 = AXIS2_PLACEMENT_3D('',#675,#676,#677);
#675 = CARTESIAN_POINT('',(-56.95,-31.15,-0.5));
#676 = DIRECTION('',(-0.707106781187,5.055530073263E-16,-0.707106781187)
  );
#677 = DIRECTION('',(3.574799597297E-16,1.,3.574799597297E-16));
#678 = ADVANCED_FACE('',(#679),#698,.T.);
#679 = FACE_BOUND('',#680,.T.);
#680 = EDGE_LOOP('',(#681,#689,#690,#691));
#681 = ORIENTED_EDGE('',*,*,#682,.F.);
#682 = EDGE_CURVE('',#194,#683,#685,.T.);
#683 = VERTEX_POINT('',#684);
#684 = CARTESIAN_POINT('',(-71.05,-71.15,-1.));
#685 = LINE('',#686,#687);
#686 = CARTESIAN_POINT('',(-71.05,-71.65,-0.5));
#687 = VECTOR('',#688,1.);
#688 = DIRECTION('',(-4.054583578972E-35,0.707106781187,-0.707106781187)
  );
#689 = ORIENTED_EDGE('',*,*,#201,.T.);
#690 = ORIENTED_EDGE('',*,*,#634,.T.);
#691 = ORIENTED_EDGE('',*,*,#692,.F.);
#692 = EDGE_CURVE('',#683,#635,#693,.T.);
#693 = CIRCLE('',#694,2.);
#694 = AXIS2_PLACEMENT_3D('',#695,#696,#697);
#695 = CARTESIAN_POINT('',(-71.05,-69.15,-1.));
#696 = DIRECTION('',(-0.,-0.,-1.));
#697 = DIRECTION('',(0.,-1.,0.));
#698 = CONICAL_SURFACE('',#699,2.,0.785398163397);
#699 = AXIS2_PLACEMENT_3D('',#700,#701,#702);
#700 = CARTESIAN_POINT('',(-71.05,-69.15,-1.));
#701 = DIRECTION('',(0.,0.,1.));
#702 = DIRECTION('',(0.,-1.,0.));
#703 = ADVANCED_FACE('',(#704),#723,.T.);
#704 = FACE_BOUND('',#705,.T.);
#705 = EDGE_LOOP('',(#706,#707,#708,#716));
#706 = ORIENTED_EDGE('',*,*,#660,.F.);
#707 = ORIENTED_EDGE('',*,*,#48,.T.);
#708 = ORIENTED_EDGE('',*,*,#709,.T.);
#709 = EDGE_CURVE('',#49,#710,#712,.T.);
#710 = VERTEX_POINT('',#711);
#711 = CARTESIAN_POINT('',(-54.45,-20.15,-1.));
#712 = LINE('',#713,#714);
#713 = CARTESIAN_POINT('',(-54.45,-20.15,-1.));
#714 = VECTOR('',#715,1.);
#715 = DIRECTION('',(4.329780281177E-17,-0.707106781187,-0.707106781187)
  );
#716 = ORIENTED_EDGE('',*,*,#717,.F.);
#717 = EDGE_CURVE('',#661,#710,#718,.T.);
#718 = CIRCLE('',#719,2.);
#719 = AXIS2_PLACEMENT_3D('',#720,#721,#722);
#720 = CARTESIAN_POINT('',(-54.45,-22.15,-1.));
#721 = DIRECTION('',(0.,0.,-1.));
#722 = DIRECTION('',(-1.,1.7763568394E-15,0.));
#723 = CONICAL_SURFACE('',#724,2.,0.785398163397);
#724 = AXIS2_PLACEMENT_3D('',#725,#726,#727);
#725 = CARTESIAN_POINT('',(-54.45,-22.15,-1.));
#726 = DIRECTION('',(0.,0.,1.));
#727 = DIRECTION('',(-1.,1.7763568394E-15,0.));
#728 = ADVANCED_FACE('',(#729),#747,.T.);
#729 = FACE_BOUND('',#730,.T.);
#730 = EDGE_LOOP('',(#731,#739,#740,#741));
#731 = ORIENTED_EDGE('',*,*,#732,.F.);
#732 = EDGE_CURVE('',#185,#733,#735,.T.);
#733 = VERTEX_POINT('',#734);
#734 = CARTESIAN_POINT('',(100.95,-71.15,-1.));
#735 = LINE('',#736,#737);
#736 = CARTESIAN_POINT('',(100.95,-71.15,-1.));
#737 = VECTOR('',#738,1.);
#738 = DIRECTION('',(-4.329780281177E-17,0.707106781187,-0.707106781187)
  );
#739 = ORIENTED_EDGE('',*,*,#193,.T.);
#740 = ORIENTED_EDGE('',*,*,#682,.T.);
#741 = ORIENTED_EDGE('',*,*,#742,.F.);
#742 = EDGE_CURVE('',#733,#683,#743,.T.);
#743 = LINE('',#744,#745);
#744 = CARTESIAN_POINT('',(100.95,-71.15,-1.));
#745 = VECTOR('',#746,1.);
#746 = DIRECTION('',(-1.,-0.,-0.));
#747 = PLANE('',#748);
#748 = AXIS2_PLACEMENT_3D('',#749,#750,#751);
#749 = CARTESIAN_POINT('',(100.95,-71.65,-0.5));
#750 = DIRECTION('',(5.911709633991E-18,-0.707106781187,-0.707106781187)
  );
#751 = DIRECTION('',(-1.,-4.180209970601E-18,-4.180209970601E-18));
#752 = ADVANCED_FACE('',(#753),#771,.F.);
#753 = FACE_BOUND('',#754,.T.);
#754 = EDGE_LOOP('',(#755,#756,#757,#765));
#755 = ORIENTED_EDGE('',*,*,#709,.F.);
#756 = ORIENTED_EDGE('',*,*,#57,.T.);
#757 = ORIENTED_EDGE('',*,*,#758,.T.);
#758 = EDGE_CURVE('',#58,#759,#761,.T.);
#759 = VERTEX_POINT('',#760);
#760 = CARTESIAN_POINT('',(-47.45,-20.15,-1.));
#761 = LINE('',#762,#763);
#762 = CARTESIAN_POINT('',(-47.45,-19.65,-0.5));
#763 = VECTOR('',#764,1.);
#764 = DIRECTION('',(-4.054583578972E-35,-0.707106781187,-0.707106781187
    ));
#765 = ORIENTED_EDGE('',*,*,#766,.F.);
#766 = EDGE_CURVE('',#710,#759,#767,.T.);
#767 = LINE('',#768,#769);
#768 = CARTESIAN_POINT('',(-54.45,-20.15,-1.));
#769 = VECTOR('',#770,1.);
#770 = DIRECTION('',(1.,0.,0.));
#771 = PLANE('',#772);
#772 = AXIS2_PLACEMENT_3D('',#773,#774,#775);
#773 = CARTESIAN_POINT('',(-54.45,-19.65,-0.5));
#774 = DIRECTION('',(-5.911709633991E-18,-0.707106781187,0.707106781187)
  );
#775 = DIRECTION('',(-1.,4.180209970601E-18,-4.180209970601E-18));
#776 = ADVANCED_FACE('',(#777),#796,.T.);
#777 = FACE_BOUND('',#778,.T.);
#778 = EDGE_LOOP('',(#779,#787,#788,#789));
#779 = ORIENTED_EDGE('',*,*,#780,.F.);
#780 = EDGE_CURVE('',#177,#781,#783,.T.);
#781 = VERTEX_POINT('',#782);
#782 = CARTESIAN_POINT('',(102.95,-69.15,-1.));
#783 = LINE('',#784,#785);
#784 = CARTESIAN_POINT('',(103.45,-69.15,-0.5));
#785 = VECTOR('',#786,1.);
#786 = DIRECTION('',(-0.707106781187,-4.054583578972E-35,-0.707106781187
    ));
#787 = ORIENTED_EDGE('',*,*,#184,.T.);
#788 = ORIENTED_EDGE('',*,*,#732,.T.);
#789 = ORIENTED_EDGE('',*,*,#790,.F.);
#790 = EDGE_CURVE('',#781,#733,#791,.T.);
#791 = CIRCLE('',#792,2.);
#792 = AXIS2_PLACEMENT_3D('',#793,#794,#795);
#793 = CARTESIAN_POINT('',(100.95,-69.15,-1.));
#794 = DIRECTION('',(0.,0.,-1.));
#795 = DIRECTION('',(1.,0.,0.));
#796 = CONICAL_SURFACE('',#797,2.,0.785398163397);
#797 = AXIS2_PLACEMENT_3D('',#798,#799,#800);
#798 = CARTESIAN_POINT('',(100.95,-69.15,-1.));
#799 = DIRECTION('',(0.,0.,1.));
#800 = DIRECTION('',(1.,0.,0.));
#801 = ADVANCED_FACE('',(#802),#821,.T.);
#802 = FACE_BOUND('',#803,.T.);
#803 = EDGE_LOOP('',(#804,#805,#806,#814));
#804 = ORIENTED_EDGE('',*,*,#758,.F.);
#805 = ORIENTED_EDGE('',*,*,#65,.T.);
#806 = ORIENTED_EDGE('',*,*,#807,.T.);
#807 = EDGE_CURVE('',#66,#808,#810,.T.);
#808 = VERTEX_POINT('',#809);
#809 = CARTESIAN_POINT('',(-45.45,-22.15,-1.));
#810 = LINE('',#811,#812);
#811 = CARTESIAN_POINT('',(-45.45,-22.15,-1.));
#812 = VECTOR('',#813,1.);
#813 = DIRECTION('',(-0.707106781187,-6.713347862853E-16,-0.707106781187
    ));
#814 = ORIENTED_EDGE('',*,*,#815,.F.);
#815 = EDGE_CURVE('',#759,#808,#816,.T.);
#816 = CIRCLE('',#817,2.);
#817 = AXIS2_PLACEMENT_3D('',#818,#819,#820);
#818 = CARTESIAN_POINT('',(-47.45,-22.15,-1.));
#819 = DIRECTION('',(0.,0.,-1.));
#820 = DIRECTION('',(0.,1.,0.));
#821 = CONICAL_SURFACE('',#822,2.,0.785398163397);
#822 = AXIS2_PLACEMENT_3D('',#823,#824,#825);
#823 = CARTESIAN_POINT('',(-47.45,-22.15,-1.));
#824 = DIRECTION('',(0.,0.,1.));
#825 = DIRECTION('',(0.,1.,0.));
#826 = ADVANCED_FACE('',(#827),#845,.T.);
#827 = FACE_BOUND('',#828,.T.);
#828 = EDGE_LOOP('',(#829,#837,#838,#839));
#829 = ORIENTED_EDGE('',*,*,#830,.F.);
#830 = EDGE_CURVE('',#168,#831,#833,.T.);
#831 = VERTEX_POINT('',#832);
#832 = CARTESIAN_POINT('',(102.95,-35.15,-1.));
#833 = LINE('',#834,#835);
#834 = CARTESIAN_POINT('',(102.95,-35.15,-1.));
#835 = VECTOR('',#836,1.);
#836 = DIRECTION('',(-0.707106781187,-4.329780281177E-17,-0.707106781187
    ));
#837 = ORIENTED_EDGE('',*,*,#176,.T.);
#838 = ORIENTED_EDGE('',*,*,#780,.T.);
#839 = ORIENTED_EDGE('',*,*,#840,.F.);
#840 = EDGE_CURVE('',#831,#781,#841,.T.);
#841 = LINE('',#842,#843);
#842 = CARTESIAN_POINT('',(102.95,-35.15,-1.));
#843 = VECTOR('',#844,1.);
#844 = DIRECTION('',(-0.,-1.,-0.));
#845 = PLANE('',#846);
#846 = AXIS2_PLACEMENT_3D('',#847,#848,#849);
#847 = CARTESIAN_POINT('',(103.45,-35.15,-0.5));
#848 = DIRECTION('',(0.707106781187,-5.911709633991E-18,-0.707106781187)
  );
#849 = DIRECTION('',(-4.180209970601E-18,-1.,4.180209970601E-18));
#850 = ADVANCED_FACE('',(#851),#869,.T.);
#851 = FACE_BOUND('',#852,.T.);
#852 = EDGE_LOOP('',(#853,#854,#855,#863));
#853 = ORIENTED_EDGE('',*,*,#807,.F.);
#854 = ORIENTED_EDGE('',*,*,#74,.T.);
#855 = ORIENTED_EDGE('',*,*,#856,.T.);
#856 = EDGE_CURVE('',#75,#857,#859,.T.);
#857 = VERTEX_POINT('',#858);
#858 = CARTESIAN_POINT('',(-45.45,-31.15,-1.));
#859 = LINE('',#860,#861);
#860 = CARTESIAN_POINT('',(-44.95,-31.15,-0.5));
#861 = VECTOR('',#862,1.);
#862 = DIRECTION('',(-0.707106781187,-1.373932654392E-32,-0.707106781187
    ));
#863 = ORIENTED_EDGE('',*,*,#864,.F.);
#864 = EDGE_CURVE('',#808,#857,#865,.T.);
#865 = LINE('',#866,#867);
#866 = CARTESIAN_POINT('',(-45.45,-22.15,-1.));
#867 = VECTOR('',#868,1.);
#868 = DIRECTION('',(0.,-1.,0.));
#869 = PLANE('',#870);
#870 = AXIS2_PLACEMENT_3D('',#871,#872,#873);
#871 = CARTESIAN_POINT('',(-44.95,-22.15,-0.5));
#872 = DIRECTION('',(0.707106781187,5.077454667082E-16,-0.707106781187)
  );
#873 = DIRECTION('',(3.590302626261E-16,-1.,-3.590302626261E-16));
#874 = ADVANCED_FACE('',(#875),#894,.T.);
#875 = FACE_BOUND('',#876,.T.);
#876 = EDGE_LOOP('',(#877,#885,#886,#887));
#877 = ORIENTED_EDGE('',*,*,#878,.F.);
#878 = EDGE_CURVE('',#160,#879,#881,.T.);
#879 = VERTEX_POINT('',#880);
#880 = CARTESIAN_POINT('',(100.95,-33.15,-1.));
#881 = LINE('',#882,#883);
#882 = CARTESIAN_POINT('',(100.95,-32.65,-0.5));
#883 = VECTOR('',#884,1.);
#884 = DIRECTION('',(-4.054583578972E-35,-0.707106781187,-0.707106781187
    ));
#885 = ORIENTED_EDGE('',*,*,#167,.T.);
#886 = ORIENTED_EDGE('',*,*,#830,.T.);
#887 = ORIENTED_EDGE('',*,*,#888,.F.);
#888 = EDGE_CURVE('',#879,#831,#889,.T.);
#889 = CIRCLE('',#890,2.);
#890 = AXIS2_PLACEMENT_3D('',#891,#892,#893);
#891 = CARTESIAN_POINT('',(100.95,-35.15,-1.));
#892 = DIRECTION('',(0.,0.,-1.));
#893 = DIRECTION('',(0.,1.,0.));
#894 = CONICAL_SURFACE('',#895,2.,0.785398163397);
#895 = AXIS2_PLACEMENT_3D('',#896,#897,#898);
#896 = CARTESIAN_POINT('',(100.95,-35.15,-1.));
#897 = DIRECTION('',(0.,0.,1.));
#898 = DIRECTION('',(0.,1.,0.));
#899 = ADVANCED_FACE('',(#900),#919,.F.);
#900 = FACE_BOUND('',#901,.T.);
#901 = EDGE_LOOP('',(#902,#903,#904,#912));
#902 = ORIENTED_EDGE('',*,*,#856,.F.);
#903 = ORIENTED_EDGE('',*,*,#82,.T.);
#904 = ORIENTED_EDGE('',*,*,#905,.T.);
#905 = EDGE_CURVE('',#83,#906,#908,.T.);
#906 = VERTEX_POINT('',#907);
#907 = CARTESIAN_POINT('',(-43.45,-33.15,-1.));
#908 = LINE('',#909,#910);
#909 = CARTESIAN_POINT('',(-43.45,-33.15,-1.));
#910 = VECTOR('',#911,1.);
#911 = DIRECTION('',(-4.329780281177E-17,-0.707106781187,-0.707106781187
    ));
#912 = ORIENTED_EDGE('',*,*,#913,.F.);
#913 = EDGE_CURVE('',#857,#906,#914,.T.);
#914 = CIRCLE('',#915,2.);
#915 = AXIS2_PLACEMENT_3D('',#916,#917,#918);
#916 = CARTESIAN_POINT('',(-43.45,-31.15,-1.));
#917 = DIRECTION('',(0.,0.,1.));
#918 = DIRECTION('',(-1.,-1.7763568394E-15,0.));
#919 = CONICAL_SURFACE('',#920,2.,0.785398163397);
#920 = AXIS2_PLACEMENT_3D('',#921,#922,#923);
#921 = CARTESIAN_POINT('',(-43.45,-31.15,-1.));
#922 = DIRECTION('',(-0.,-0.,-1.));
#923 = DIRECTION('',(-1.,-1.7763568394E-15,0.));
#924 = ADVANCED_FACE('',(#925),#943,.F.);
#925 = FACE_BOUND('',#926,.T.);
#926 = EDGE_LOOP('',(#927,#935,#936,#937));
#927 = ORIENTED_EDGE('',*,*,#928,.F.);
#928 = EDGE_CURVE('',#151,#929,#931,.T.);
#929 = VERTEX_POINT('',#930);
#930 = CARTESIAN_POINT('',(46.550000000004,-33.15,-1.));
#931 = LINE('',#932,#933);
#932 = CARTESIAN_POINT('',(46.550000000004,-33.15,-1.));
#933 = VECTOR('',#934,1.);
#934 = DIRECTION('',(-4.329780281177E-17,-0.707106781187,-0.707106781187
    ));
#935 = ORIENTED_EDGE('',*,*,#159,.T.);
#936 = ORIENTED_EDGE('',*,*,#878,.T.);
#937 = ORIENTED_EDGE('',*,*,#938,.F.);
#938 = EDGE_CURVE('',#929,#879,#939,.T.);
#939 = LINE('',#940,#941);
#940 = CARTESIAN_POINT('',(46.550000000004,-33.15,-1.));
#941 = VECTOR('',#942,1.);
#942 = DIRECTION('',(1.,0.,0.));
#943 = PLANE('',#944);
#944 = AXIS2_PLACEMENT_3D('',#945,#946,#947);
#945 = CARTESIAN_POINT('',(46.550000000004,-32.65,-0.5));
#946 = DIRECTION('',(-5.911709633991E-18,-0.707106781187,0.707106781187)
  );
#947 = DIRECTION('',(-1.,4.180209970601E-18,-4.180209970601E-18));
#948 = ADVANCED_FACE('',(#949),#967,.F.);
#949 = FACE_BOUND('',#950,.T.);
#950 = EDGE_LOOP('',(#951,#952,#953,#961));
#951 = ORIENTED_EDGE('',*,*,#905,.F.);
#952 = ORIENTED_EDGE('',*,*,#91,.T.);
#953 = ORIENTED_EDGE('',*,*,#954,.T.);
#954 = EDGE_CURVE('',#92,#955,#957,.T.);
#955 = VERTEX_POINT('',#956);
#956 = CARTESIAN_POINT('',(31.549999999998,-33.15,-1.));
#957 = LINE('',#958,#959);
#958 = CARTESIAN_POINT('',(31.549999999998,-32.65,-0.5));
#959 = VECTOR('',#960,1.);
#960 = DIRECTION('',(-4.054583578972E-35,-0.707106781187,-0.707106781187
    ));
#961 = ORIENTED_EDGE('',*,*,#962,.F.);
#962 = EDGE_CURVE('',#906,#955,#963,.T.);
#963 = LINE('',#964,#965);
#964 = CARTESIAN_POINT('',(-43.45,-33.15,-1.));
#965 = VECTOR('',#966,1.);
#966 = DIRECTION('',(1.,0.,0.));
#967 = PLANE('',#968);
#968 = AXIS2_PLACEMENT_3D('',#969,#970,#971);
#969 = CARTESIAN_POINT('',(-43.45,-32.65,-0.5));
#970 = DIRECTION('',(-5.911709633991E-18,-0.707106781187,0.707106781187)
  );
#971 = DIRECTION('',(-1.,4.180209970601E-18,-4.180209970601E-18));
#972 = ADVANCED_FACE('',(#973),#992,.F.);
#973 = FACE_BOUND('',#974,.T.);
#974 = EDGE_LOOP('',(#975,#983,#984,#985));
#975 = ORIENTED_EDGE('',*,*,#976,.F.);
#976 = EDGE_CURVE('',#143,#977,#979,.T.);
#977 = VERTEX_POINT('',#978);
#978 = CARTESIAN_POINT('',(44.550000000004,-31.15,-1.));
#979 = LINE('',#980,#981);
#980 = CARTESIAN_POINT('',(45.050000000004,-31.15,-0.5));
#981 = VECTOR('',#982,1.);
#982 = DIRECTION('',(-0.707106781187,8.372112290985E-34,-0.707106781187)
  );
#983 = ORIENTED_EDGE('',*,*,#150,.T.);
#984 = ORIENTED_EDGE('',*,*,#928,.T.);
#985 = ORIENTED_EDGE('',*,*,#986,.F.);
#986 = EDGE_CURVE('',#977,#929,#987,.T.);
#987 = CIRCLE('',#988,2.);
#988 = AXIS2_PLACEMENT_3D('',#989,#990,#991);
#989 = CARTESIAN_POINT('',(46.550000000004,-31.15,-1.));
#990 = DIRECTION('',(0.,0.,1.));
#991 = DIRECTION('',(-1.,3.552713678801E-15,0.));
#992 = CONICAL_SURFACE('',#993,2.,0.785398163397);
#993 = AXIS2_PLACEMENT_3D('',#994,#995,#996);
#994 = CARTESIAN_POINT('',(46.550000000004,-31.15,-1.));
#995 = DIRECTION('',(-0.,-0.,-1.));
#996 = DIRECTION('',(-1.,3.552713678801E-15,0.));
#997 = ADVANCED_FACE('',(#998),#1017,.F.);
#998 = FACE_BOUND('',#999,.T.);
#999 = EDGE_LOOP('',(#1000,#1001,#1002,#1010));
#1000 = ORIENTED_EDGE('',*,*,#954,.F.);
#1001 = ORIENTED_EDGE('',*,*,#99,.T.);
#1002 = ORIENTED_EDGE('',*,*,#1003,.T.);
#1003 = EDGE_CURVE('',#100,#1004,#1006,.T.);
#1004 = VERTEX_POINT('',#1005);
#1005 = CARTESIAN_POINT('',(33.549999999998,-31.15,-1.));
#1006 = LINE('',#1007,#1008);
#1007 = CARTESIAN_POINT('',(33.549999999998,-31.15,-1.));
#1008 = VECTOR('',#1009,1.);
#1009 = DIRECTION('',(0.707106781187,1.569659480656E-13,-0.707106781187)
  );
#1010 = ORIENTED_EDGE('',*,*,#1011,.F.);
#1011 = EDGE_CURVE('',#955,#1004,#1012,.T.);
#1012 = CIRCLE('',#1013,2.);
#1013 = AXIS2_PLACEMENT_3D('',#1014,#1015,#1016);
#1014 = CARTESIAN_POINT('',(31.549999999998,-31.15,-1.));
#1015 = DIRECTION('',(-0.,0.,1.));
#1016 = DIRECTION('',(1.7763568394E-15,-1.,0.));
#1017 = CONICAL_SURFACE('',#1018,2.,0.785398163397);
#1018 = AXIS2_PLACEMENT_3D('',#1019,#1020,#1021);
#1019 = CARTESIAN_POINT('',(31.549999999998,-31.15,-1.));
#1020 = DIRECTION('',(-0.,-0.,-1.));
#1021 = DIRECTION('',(1.7763568394E-15,-1.,0.));
#1022 = ADVANCED_FACE('',(#1023),#1041,.T.);
#1023 = FACE_BOUND('',#1024,.T.);
#1024 = EDGE_LOOP('',(#1025,#1033,#1034,#1035));
#1025 = ORIENTED_EDGE('',*,*,#1026,.F.);
#1026 = EDGE_CURVE('',#134,#1027,#1029,.T.);
#1027 = VERTEX_POINT('',#1028);
#1028 = CARTESIAN_POINT('',(44.550000000004,-22.14999999999,-1.));
#1029 = LINE('',#1030,#1031);
#1030 = CARTESIAN_POINT('',(44.550000000004,-22.14999999999,-1.));
#1031 = VECTOR('',#1032,1.);
#1032 = DIRECTION('',(-0.707106781187,1.997822393477E-15,-0.707106781187
    ));
#1033 = ORIENTED_EDGE('',*,*,#142,.T.);
#1034 = ORIENTED_EDGE('',*,*,#976,.T.);
#1035 = ORIENTED_EDGE('',*,*,#1036,.F.);
#1036 = EDGE_CURVE('',#1027,#977,#1037,.T.);
#1037 = LINE('',#1038,#1039);
#1038 = CARTESIAN_POINT('',(44.550000000004,-22.14999999999,-1.));
#1039 = VECTOR('',#1040,1.);
#1040 = DIRECTION('',(0.,-1.,0.));
#1041 = PLANE('',#1042);
#1042 = AXIS2_PLACEMENT_3D('',#1043,#1044,#1045);
#1043 = CARTESIAN_POINT('',(45.050000000004,-22.14999999999,-0.5));
#1044 = DIRECTION('',(0.707106781187,-2.007877722829E-15,-0.707106781187
    ));
#1045 = DIRECTION('',(-1.419783953606E-15,-1.,1.419783953606E-15));
#1046 = ADVANCED_FACE('',(#1047),#1065,.T.);
#1047 = FACE_BOUND('',#1048,.T.);
#1048 = EDGE_LOOP('',(#1049,#1050,#1051,#1059));
#1049 = ORIENTED_EDGE('',*,*,#1003,.F.);
#1050 = ORIENTED_EDGE('',*,*,#108,.T.);
#1051 = ORIENTED_EDGE('',*,*,#1052,.T.);
#1052 = EDGE_CURVE('',#109,#1053,#1055,.T.);
#1053 = VERTEX_POINT('',#1054);
#1054 = CARTESIAN_POINT('',(33.549999999997,-22.14999999999,
    -1.000000000001));
#1055 = LINE('',#1056,#1057);
#1056 = CARTESIAN_POINT('',(33.049999999997,-22.14999999999,
    -0.500000000001));
#1057 = VECTOR('',#1058,1.);
#1058 = DIRECTION('',(0.707106781187,5.534515299918E-30,-0.707106781187)
  );
#1059 = ORIENTED_EDGE('',*,*,#1060,.F.);
#1060 = EDGE_CURVE('',#1004,#1053,#1061,.T.);
#1061 = LINE('',#1062,#1063);
#1062 = CARTESIAN_POINT('',(33.549999999998,-31.15,-1.));
#1063 = VECTOR('',#1064,1.);
#1064 = DIRECTION('',(0.,1.,0.));
#1065 = PLANE('',#1066);
#1066 = AXIS2_PLACEMENT_3D('',#1067,#1068,#1069);
#1067 = CARTESIAN_POINT('',(33.049999999998,-31.15,-0.5));
#1068 = DIRECTION('',(-0.707106781187,-1.572654276337E-13,
    -0.707106781187));
#1069 = DIRECTION('',(-1.11203450326E-13,1.,-1.11203450326E-13));
#1070 = ADVANCED_FACE('',(#1071),#1090,.T.);
#1071 = FACE_BOUND('',#1072,.T.);
#1072 = EDGE_LOOP('',(#1073,#1081,#1082,#1083));
#1073 = ORIENTED_EDGE('',*,*,#1074,.F.);
#1074 = EDGE_CURVE('',#126,#1075,#1077,.T.);
#1075 = VERTEX_POINT('',#1076);
#1076 = CARTESIAN_POINT('',(42.550000000004,-20.14999999999,-1.));
#1077 = LINE('',#1078,#1079);
#1078 = CARTESIAN_POINT('',(42.550000000004,-19.64999999999,-0.5));
#1079 = VECTOR('',#1080,1.);
#1080 = DIRECTION('',(-4.054583578972E-35,-0.707106781187,
    -0.707106781187));
#1081 = ORIENTED_EDGE('',*,*,#133,.T.);
#1082 = ORIENTED_EDGE('',*,*,#1026,.T.);
#1083 = ORIENTED_EDGE('',*,*,#1084,.F.);
#1084 = EDGE_CURVE('',#1075,#1027,#1085,.T.);
#1085 = CIRCLE('',#1086,2.);
#1086 = AXIS2_PLACEMENT_3D('',#1087,#1088,#1089);
#1087 = CARTESIAN_POINT('',(42.550000000004,-22.14999999999,-1.));
#1088 = DIRECTION('',(0.,0.,-1.));
#1089 = DIRECTION('',(0.,1.,0.));
#1090 = CONICAL_SURFACE('',#1091,2.,0.785398163397);
#1091 = AXIS2_PLACEMENT_3D('',#1092,#1093,#1094);
#1092 = CARTESIAN_POINT('',(42.550000000004,-22.14999999999,-1.));
#1093 = DIRECTION('',(0.,0.,1.));
#1094 = DIRECTION('',(0.,1.,0.));
#1095 = ADVANCED_FACE('',(#1096),#1115,.T.);
#1096 = FACE_BOUND('',#1097,.T.);
#1097 = EDGE_LOOP('',(#1098,#1099,#1100,#1108));
#1098 = ORIENTED_EDGE('',*,*,#1052,.F.);
#1099 = ORIENTED_EDGE('',*,*,#116,.T.);
#1100 = ORIENTED_EDGE('',*,*,#1101,.T.);
#1101 = EDGE_CURVE('',#117,#1102,#1104,.T.);
#1102 = VERTEX_POINT('',#1103);
#1103 = CARTESIAN_POINT('',(35.549999999996,-20.14999999999,-1.));
#1104 = LINE('',#1105,#1106);
#1105 = CARTESIAN_POINT('',(35.549999999996,-20.14999999999,-1.));
#1106 = VECTOR('',#1107,1.);
#1107 = DIRECTION('',(4.329780281178E-17,-0.707106781187,-0.707106781187
    ));
#1108 = ORIENTED_EDGE('',*,*,#1109,.F.);
#1109 = EDGE_CURVE('',#1053,#1102,#1110,.T.);
#1110 = CIRCLE('',#1111,2.);
#1111 = AXIS2_PLACEMENT_3D('',#1112,#1113,#1114);
#1112 = CARTESIAN_POINT('',(35.549999999996,-22.14999999999,-1.));
#1113 = DIRECTION('',(-0.,0.,-1.));
#1114 = DIRECTION('',(-1.,-2.22044604925E-13,0.));
#1115 = CONICAL_SURFACE('',#1116,2.,0.785398163397);
#1116 = AXIS2_PLACEMENT_3D('',#1117,#1118,#1119);
#1117 = CARTESIAN_POINT('',(35.549999999996,-22.14999999999,-1.));
#1118 = DIRECTION('',(0.,0.,1.));
#1119 = DIRECTION('',(-1.,-2.22044604925E-13,0.));
#1120 = ADVANCED_FACE('',(#1121),#1132,.F.);
#1121 = FACE_BOUND('',#1122,.T.);
#1122 = EDGE_LOOP('',(#1123,#1124,#1125,#1126));
#1123 = ORIENTED_EDGE('',*,*,#1101,.F.);
#1124 = ORIENTED_EDGE('',*,*,#125,.T.);
#1125 = ORIENTED_EDGE('',*,*,#1074,.T.);
#1126 = ORIENTED_EDGE('',*,*,#1127,.F.);
#1127 = EDGE_CURVE('',#1102,#1075,#1128,.T.);
#1128 = LINE('',#1129,#1130);
#1129 = CARTESIAN_POINT('',(35.549999999996,-20.14999999999,-1.));
#1130 = VECTOR('',#1131,1.);
#1131 = DIRECTION('',(1.,0.,0.));
#1132 = PLANE('',#1133);
#1133 = AXIS2_PLACEMENT_3D('',#1134,#1135,#1136);
#1134 = CARTESIAN_POINT('',(35.549999999996,-19.64999999999,-0.5));
#1135 = DIRECTION('',(-5.911709633991E-18,-0.707106781187,0.707106781187
    ));
#1136 = DIRECTION('',(-1.,4.180209970601E-18,-4.180209970601E-18));
#1137 = ADVANCED_FACE('',(#1138),#1163,.F.);
#1138 = FACE_BOUND('',#1139,.F.);
#1139 = EDGE_LOOP('',(#1140,#1141,#1149,#1157));
#1140 = ORIENTED_EDGE('',*,*,#227,.F.);
#1141 = ORIENTED_EDGE('',*,*,#1142,.T.);
#1142 = EDGE_CURVE('',#228,#1143,#1145,.T.);
#1143 = VERTEX_POINT('',#1144);
#1144 = CARTESIAN_POINT('',(-112.95,63.55,3.2));
#1145 = LINE('',#1146,#1147);
#1146 = CARTESIAN_POINT('',(-112.95,63.55,0.));
#1147 = VECTOR('',#1148,1.);
#1148 = DIRECTION('',(0.,0.,1.));
#1149 = ORIENTED_EDGE('',*,*,#1150,.T.);
#1150 = EDGE_CURVE('',#1143,#1151,#1153,.T.);
#1151 = VERTEX_POINT('',#1152);
#1152 = CARTESIAN_POINT('',(-112.95,-63.55,3.2));
#1153 = LINE('',#1154,#1155);
#1154 = CARTESIAN_POINT('',(-112.95,81.85,3.2));
#1155 = VECTOR('',#1156,1.);
#1156 = DIRECTION('',(0.,-1.,0.));
#1157 = ORIENTED_EDGE('',*,*,#1158,.F.);
#1158 = EDGE_CURVE('',#230,#1151,#1159,.T.);
#1159 = LINE('',#1160,#1161);
#1160 = CARTESIAN_POINT('',(-112.95,-63.55,0.));
#1161 = VECTOR('',#1162,1.);
#1162 = DIRECTION('',(0.,0.,1.));
#1163 = PLANE('',#1164);
#1164 = AXIS2_PLACEMENT_3D('',#1165,#1166,#1167);
#1165 = CARTESIAN_POINT('',(-112.95,81.85,0.));
#1166 = DIRECTION('',(1.,0.,0.));
#1167 = DIRECTION('',(0.,-1.,0.));
#1168 = ADVANCED_FACE('',(#1169),#1188,.T.);
#1169 = FACE_BOUND('',#1170,.F.);
#1170 = EDGE_LOOP('',(#1171,#1172,#1180,#1187));
#1171 = ORIENTED_EDGE('',*,*,#288,.T.);
#1172 = ORIENTED_EDGE('',*,*,#1173,.T.);
#1173 = EDGE_CURVE('',#281,#1174,#1176,.T.);
#1174 = VERTEX_POINT('',#1175);
#1175 = CARTESIAN_POINT('',(-94.65,81.85,3.2));
#1176 = LINE('',#1177,#1178);
#1177 = CARTESIAN_POINT('',(-94.65,81.85,0.));
#1178 = VECTOR('',#1179,1.);
#1179 = DIRECTION('',(0.,0.,1.));
#1180 = ORIENTED_EDGE('',*,*,#1181,.F.);
#1181 = EDGE_CURVE('',#1143,#1174,#1182,.T.);
#1182 = CIRCLE('',#1183,18.3);
#1183 = AXIS2_PLACEMENT_3D('',#1184,#1185,#1186);
#1184 = CARTESIAN_POINT('',(-94.65,63.55,3.2));
#1185 = DIRECTION('',(-0.,-0.,-1.));
#1186 = DIRECTION('',(0.,-1.,0.));
#1187 = ORIENTED_EDGE('',*,*,#1142,.F.);
#1188 = CYLINDRICAL_SURFACE('',#1189,18.3);
#1189 = AXIS2_PLACEMENT_3D('',#1190,#1191,#1192);
#1190 = CARTESIAN_POINT('',(-94.65,63.55,0.));
#1191 = DIRECTION('',(0.,0.,1.));
#1192 = DIRECTION('',(-1.,0.,0.));
#1193 = ADVANCED_FACE('',(#1194),#1213,.T.);
#1194 = FACE_BOUND('',#1195,.T.);
#1195 = EDGE_LOOP('',(#1196,#1197,#1205,#1212));
#1196 = ORIENTED_EDGE('',*,*,#237,.T.);
#1197 = ORIENTED_EDGE('',*,*,#1198,.T.);
#1198 = EDGE_CURVE('',#238,#1199,#1201,.T.);
#1199 = VERTEX_POINT('',#1200);
#1200 = CARTESIAN_POINT('',(-94.65,-81.85,3.2));
#1201 = LINE('',#1202,#1203);
#1202 = CARTESIAN_POINT('',(-94.65,-81.85,0.));
#1203 = VECTOR('',#1204,1.);
#1204 = DIRECTION('',(0.,0.,1.));
#1205 = ORIENTED_EDGE('',*,*,#1206,.F.);
#1206 = EDGE_CURVE('',#1151,#1199,#1207,.T.);
#1207 = CIRCLE('',#1208,18.3);
#1208 = AXIS2_PLACEMENT_3D('',#1209,#1210,#1211);
#1209 = CARTESIAN_POINT('',(-94.65,-63.55,3.2));
#1210 = DIRECTION('',(-0.,0.,1.));
#1211 = DIRECTION('',(0.,-1.,0.));
#1212 = ORIENTED_EDGE('',*,*,#1158,.F.);
#1213 = CYLINDRICAL_SURFACE('',#1214,18.3);
#1214 = AXIS2_PLACEMENT_3D('',#1215,#1216,#1217);
#1215 = CARTESIAN_POINT('',(-94.65,-63.55,0.));
#1216 = DIRECTION('',(0.,0.,1.));
#1217 = DIRECTION('',(-1.,0.,0.));
#1218 = ADVANCED_FACE('',(#1219),#1237,.F.);
#1219 = FACE_BOUND('',#1220,.F.);
#1220 = EDGE_LOOP('',(#1221,#1222,#1230,#1236));
#1221 = ORIENTED_EDGE('',*,*,#280,.F.);
#1222 = ORIENTED_EDGE('',*,*,#1223,.T.);
#1223 = EDGE_CURVE('',#272,#1224,#1226,.T.);
#1224 = VERTEX_POINT('',#1225);
#1225 = CARTESIAN_POINT('',(94.65,81.85,3.2));
#1226 = LINE('',#1227,#1228);
#1227 = CARTESIAN_POINT('',(94.65,81.85,0.));
#1228 = VECTOR('',#1229,1.);
#1229 = DIRECTION('',(0.,0.,1.));
#1230 = ORIENTED_EDGE('',*,*,#1231,.T.);
#1231 = EDGE_CURVE('',#1224,#1174,#1232,.T.);
#1232 = LINE('',#1233,#1234);
#1233 = CARTESIAN_POINT('',(112.95,81.85,3.2));
#1234 = VECTOR('',#1235,1.);
#1235 = DIRECTION('',(-1.,0.,0.));
#1236 = ORIENTED_EDGE('',*,*,#1173,.F.);
#1237 = PLANE('',#1238);
#1238 = AXIS2_PLACEMENT_3D('',#1239,#1240,#1241);
#1239 = CARTESIAN_POINT('',(112.95,81.85,0.));
#1240 = DIRECTION('',(0.,-1.,0.));
#1241 = DIRECTION('',(-1.,0.,0.));
#1242 = ADVANCED_FACE('',(#1243),#1261,.F.);
#1243 = FACE_BOUND('',#1244,.F.);
#1244 = EDGE_LOOP('',(#1245,#1246,#1247,#1255));
#1245 = ORIENTED_EDGE('',*,*,#246,.F.);
#1246 = ORIENTED_EDGE('',*,*,#1198,.T.);
#1247 = ORIENTED_EDGE('',*,*,#1248,.T.);
#1248 = EDGE_CURVE('',#1199,#1249,#1251,.T.);
#1249 = VERTEX_POINT('',#1250);
#1250 = CARTESIAN_POINT('',(94.65,-81.85,3.2));
#1251 = LINE('',#1252,#1253);
#1252 = CARTESIAN_POINT('',(-112.95,-81.85,3.2));
#1253 = VECTOR('',#1254,1.);
#1254 = DIRECTION('',(1.,0.,0.));
#1255 = ORIENTED_EDGE('',*,*,#1256,.F.);
#1256 = EDGE_CURVE('',#247,#1249,#1257,.T.);
#1257 = LINE('',#1258,#1259);
#1258 = CARTESIAN_POINT('',(94.65,-81.85,0.));
#1259 = VECTOR('',#1260,1.);
#1260 = DIRECTION('',(0.,0.,1.));
#1261 = PLANE('',#1262);
#1262 = AXIS2_PLACEMENT_3D('',#1263,#1264,#1265);
#1263 = CARTESIAN_POINT('',(-112.95,-81.85,0.));
#1264 = DIRECTION('',(0.,1.,0.));
#1265 = DIRECTION('',(1.,0.,0.));
#1266 = ADVANCED_FACE('',(#1267),#1286,.T.);
#1267 = FACE_BOUND('',#1268,.F.);
#1268 = EDGE_LOOP('',(#1269,#1270,#1278,#1285));
#1269 = ORIENTED_EDGE('',*,*,#271,.T.);
#1270 = ORIENTED_EDGE('',*,*,#1271,.T.);
#1271 = EDGE_CURVE('',#264,#1272,#1274,.T.);
#1272 = VERTEX_POINT('',#1273);
#1273 = CARTESIAN_POINT('',(112.95,63.55,3.2));
#1274 = LINE('',#1275,#1276);
#1275 = CARTESIAN_POINT('',(112.95,63.55,0.));
#1276 = VECTOR('',#1277,1.);
#1277 = DIRECTION('',(0.,0.,1.));
#1278 = ORIENTED_EDGE('',*,*,#1279,.F.);
#1279 = EDGE_CURVE('',#1224,#1272,#1280,.T.);
#1280 = CIRCLE('',#1281,18.3);
#1281 = AXIS2_PLACEMENT_3D('',#1282,#1283,#1284);
#1282 = CARTESIAN_POINT('',(94.65,63.55,3.2));
#1283 = DIRECTION('',(-0.,-0.,-1.));
#1284 = DIRECTION('',(0.,-1.,0.));
#1285 = ORIENTED_EDGE('',*,*,#1223,.F.);
#1286 = CYLINDRICAL_SURFACE('',#1287,18.3);
#1287 = AXIS2_PLACEMENT_3D('',#1288,#1289,#1290);
#1288 = CARTESIAN_POINT('',(94.65,63.55,0.));
#1289 = DIRECTION('',(0.,0.,1.));
#1290 = DIRECTION('',(0.,1.,0.));
#1291 = ADVANCED_FACE('',(#1292),#1311,.T.);
#1292 = FACE_BOUND('',#1293,.T.);
#1293 = EDGE_LOOP('',(#1294,#1295,#1303,#1310));
#1294 = ORIENTED_EDGE('',*,*,#254,.T.);
#1295 = ORIENTED_EDGE('',*,*,#1296,.T.);
#1296 = EDGE_CURVE('',#255,#1297,#1299,.T.);
#1297 = VERTEX_POINT('',#1298);
#1298 = CARTESIAN_POINT('',(112.95,-63.55,3.2));
#1299 = LINE('',#1300,#1301);
#1300 = CARTESIAN_POINT('',(112.95,-63.55,0.));
#1301 = VECTOR('',#1302,1.);
#1302 = DIRECTION('',(0.,0.,1.));
#1303 = ORIENTED_EDGE('',*,*,#1304,.F.);
#1304 = EDGE_CURVE('',#1249,#1297,#1305,.T.);
#1305 = CIRCLE('',#1306,18.3);
#1306 = AXIS2_PLACEMENT_3D('',#1307,#1308,#1309);
#1307 = CARTESIAN_POINT('',(94.65,-63.55,3.2));
#1308 = DIRECTION('',(-0.,0.,1.));
#1309 = DIRECTION('',(0.,-1.,0.));
#1310 = ORIENTED_EDGE('',*,*,#1256,.F.);
#1311 = CYLINDRICAL_SURFACE('',#1312,18.3);
#1312 = AXIS2_PLACEMENT_3D('',#1313,#1314,#1315);
#1313 = CARTESIAN_POINT('',(94.65,-63.55,0.));
#1314 = DIRECTION('',(0.,0.,1.));
#1315 = DIRECTION('',(0.,-1.,0.));
#1316 = ADVANCED_FACE('',(#1317),#1328,.F.);
#1317 = FACE_BOUND('',#1318,.F.);
#1318 = EDGE_LOOP('',(#1319,#1320,#1321,#1327));
#1319 = ORIENTED_EDGE('',*,*,#263,.F.);
#1320 = ORIENTED_EDGE('',*,*,#1296,.T.);
#1321 = ORIENTED_EDGE('',*,*,#1322,.T.);
#1322 = EDGE_CURVE('',#1297,#1272,#1323,.T.);
#1323 = LINE('',#1324,#1325);
#1324 = CARTESIAN_POINT('',(112.95,-81.85,3.2));
#1325 = VECTOR('',#1326,1.);
#1326 = DIRECTION('',(0.,1.,0.));
#1327 = ORIENTED_EDGE('',*,*,#1271,.F.);
#1328 = PLANE('',#1329);
#1329 = AXIS2_PLACEMENT_3D('',#1330,#1331,#1332);
#1330 = CARTESIAN_POINT('',(112.95,-81.85,0.));
#1331 = DIRECTION('',(-1.,0.,0.));
#1332 = DIRECTION('',(0.,1.,0.));
#1333 = ADVANCED_FACE('',(#1334),#1353,.F.);
#1334 = FACE_BOUND('',#1335,.F.);
#1335 = EDGE_LOOP('',(#1336,#1345,#1351,#1352));
#1336 = ORIENTED_EDGE('',*,*,#1337,.F.);
#1337 = EDGE_CURVE('',#1338,#1338,#1340,.T.);
#1338 = VERTEX_POINT('',#1339);
#1339 = CARTESIAN_POINT('',(-102.9,-73.75,3.2));
#1340 = CIRCLE('',#1341,2.15);
#1341 = AXIS2_PLACEMENT_3D('',#1342,#1343,#1344);
#1342 = CARTESIAN_POINT('',(-105.05,-73.75,3.2));
#1343 = DIRECTION('',(0.,0.,1.));
#1344 = DIRECTION('',(1.,0.,0.));
#1345 = ORIENTED_EDGE('',*,*,#1346,.T.);
#1346 = EDGE_CURVE('',#1338,#298,#1347,.T.);
#1347 = LINE('',#1348,#1349);
#1348 = CARTESIAN_POINT('',(-102.9,-73.75,3.2));
#1349 = VECTOR('',#1350,1.);
#1350 = DIRECTION('',(-0.,-0.,-1.));
#1351 = ORIENTED_EDGE('',*,*,#297,.T.);
#1352 = ORIENTED_EDGE('',*,*,#1346,.F.);
#1353 = CYLINDRICAL_SURFACE('',#1354,2.15);
#1354 = AXIS2_PLACEMENT_3D('',#1355,#1356,#1357);
#1355 = CARTESIAN_POINT('',(-105.05,-73.75,3.2));
#1356 = DIRECTION('',(0.,0.,1.));
#1357 = DIRECTION('',(1.,0.,0.));
#1358 = ADVANCED_FACE('',(#1359),#1378,.F.);
#1359 = FACE_BOUND('',#1360,.F.);
#1360 = EDGE_LOOP('',(#1361,#1370,#1376,#1377));
#1361 = ORIENTED_EDGE('',*,*,#1362,.F.);
#1362 = EDGE_CURVE('',#1363,#1363,#1365,.T.);
#1363 = VERTEX_POINT('',#1364);
#1364 = CARTESIAN_POINT('',(-32.9,-76.55,3.2));
#1365 = CIRCLE('',#1366,2.15);
#1366 = AXIS2_PLACEMENT_3D('',#1367,#1368,#1369);
#1367 = CARTESIAN_POINT('',(-35.05,-76.55,3.2));
#1368 = DIRECTION('',(0.,0.,1.));
#1369 = DIRECTION('',(1.,0.,0.));
#1370 = ORIENTED_EDGE('',*,*,#1371,.T.);
#1371 = EDGE_CURVE('',#1363,#309,#1372,.T.);
#1372 = LINE('',#1373,#1374);
#1373 = CARTESIAN_POINT('',(-32.9,-76.55,3.2));
#1374 = VECTOR('',#1375,1.);
#1375 = DIRECTION('',(-0.,-0.,-1.));
#1376 = ORIENTED_EDGE('',*,*,#308,.T.);
#1377 = ORIENTED_EDGE('',*,*,#1371,.F.);
#1378 = CYLINDRICAL_SURFACE('',#1379,2.15);
#1379 = AXIS2_PLACEMENT_3D('',#1380,#1381,#1382);
#1380 = CARTESIAN_POINT('',(-35.05,-76.55,3.2));
#1381 = DIRECTION('',(0.,0.,1.));
#1382 = DIRECTION('',(1.,0.,0.));
#1383 = ADVANCED_FACE('',(#1384),#1403,.F.);
#1384 = FACE_BOUND('',#1385,.F.);
#1385 = EDGE_LOOP('',(#1386,#1395,#1401,#1402));
#1386 = ORIENTED_EDGE('',*,*,#1387,.F.);
#1387 = EDGE_CURVE('',#1388,#1388,#1390,.T.);
#1388 = VERTEX_POINT('',#1389);
#1389 = CARTESIAN_POINT('',(37.189,-76.55,3.2));
#1390 = CIRCLE('',#1391,2.15);
#1391 = AXIS2_PLACEMENT_3D('',#1392,#1393,#1394);
#1392 = CARTESIAN_POINT('',(35.039,-76.55,3.2));
#1393 = DIRECTION('',(0.,0.,1.));
#1394 = DIRECTION('',(1.,0.,0.));
#1395 = ORIENTED_EDGE('',*,*,#1396,.T.);
#1396 = EDGE_CURVE('',#1388,#320,#1397,.T.);
#1397 = LINE('',#1398,#1399);
#1398 = CARTESIAN_POINT('',(37.189,-76.55,3.2));
#1399 = VECTOR('',#1400,1.);
#1400 = DIRECTION('',(-0.,-0.,-1.));
#1401 = ORIENTED_EDGE('',*,*,#319,.T.);
#1402 = ORIENTED_EDGE('',*,*,#1396,.F.);
#1403 = CYLINDRICAL_SURFACE('',#1404,2.15);
#1404 = AXIS2_PLACEMENT_3D('',#1405,#1406,#1407);
#1405 = CARTESIAN_POINT('',(35.039,-76.55,3.2));
#1406 = DIRECTION('',(0.,0.,1.));
#1407 = DIRECTION('',(1.,0.,0.));
#1408 = ADVANCED_FACE('',(#1409),#1428,.F.);
#1409 = FACE_BOUND('',#1410,.F.);
#1410 = EDGE_LOOP('',(#1411,#1420,#1426,#1427));
#1411 = ORIENTED_EDGE('',*,*,#1412,.F.);
#1412 = EDGE_CURVE('',#1413,#1413,#1415,.T.);
#1413 = VERTEX_POINT('',#1414);
#1414 = CARTESIAN_POINT('',(107.2,-73.75,3.2));
#1415 = CIRCLE('',#1416,2.15);
#1416 = AXIS2_PLACEMENT_3D('',#1417,#1418,#1419);
#1417 = CARTESIAN_POINT('',(105.05,-73.75,3.2));
#1418 = DIRECTION('',(0.,0.,1.));
#1419 = DIRECTION('',(1.,0.,0.));
#1420 = ORIENTED_EDGE('',*,*,#1421,.T.);
#1421 = EDGE_CURVE('',#1413,#331,#1422,.T.);
#1422 = LINE('',#1423,#1424);
#1423 = CARTESIAN_POINT('',(107.2,-73.75,3.2));
#1424 = VECTOR('',#1425,1.);
#1425 = DIRECTION('',(-0.,-0.,-1.));
#1426 = ORIENTED_EDGE('',*,*,#330,.T.);
#1427 = ORIENTED_EDGE('',*,*,#1421,.F.);
#1428 = CYLINDRICAL_SURFACE('',#1429,2.15);
#1429 = AXIS2_PLACEMENT_3D('',#1430,#1431,#1432);
#1430 = CARTESIAN_POINT('',(105.05,-73.75,3.2));
#1431 = DIRECTION('',(0.,0.,1.));
#1432 = DIRECTION('',(1.,0.,0.));
#1433 = ADVANCED_FACE('',(#1434),#1453,.F.);
#1434 = FACE_BOUND('',#1435,.F.);
#1435 = EDGE_LOOP('',(#1436,#1445,#1451,#1452));
#1436 = ORIENTED_EDGE('',*,*,#1437,.F.);
#1437 = EDGE_CURVE('',#1438,#1438,#1440,.T.);
#1438 = VERTEX_POINT('',#1439);
#1439 = CARTESIAN_POINT('',(-105.48,0.,3.2));
#1440 = CIRCLE('',#1441,2.15);
#1441 = AXIS2_PLACEMENT_3D('',#1442,#1443,#1444);
#1442 = CARTESIAN_POINT('',(-107.63,0.,3.2));
#1443 = DIRECTION('',(0.,0.,1.));
#1444 = DIRECTION('',(1.,0.,0.));
#1445 = ORIENTED_EDGE('',*,*,#1446,.T.);
#1446 = EDGE_CURVE('',#1438,#342,#1447,.T.);
#1447 = LINE('',#1448,#1449);
#1448 = CARTESIAN_POINT('',(-105.48,0.,3.2));
#1449 = VECTOR('',#1450,1.);
#1450 = DIRECTION('',(-0.,-0.,-1.));
#1451 = ORIENTED_EDGE('',*,*,#341,.T.);
#1452 = ORIENTED_EDGE('',*,*,#1446,.F.);
#1453 = CYLINDRICAL_SURFACE('',#1454,2.15);
#1454 = AXIS2_PLACEMENT_3D('',#1455,#1456,#1457);
#1455 = CARTESIAN_POINT('',(-107.63,0.,3.2));
#1456 = DIRECTION('',(0.,0.,1.));
#1457 = DIRECTION('',(1.,0.,0.));
#1458 = ADVANCED_FACE('',(#1459),#1478,.F.);
#1459 = FACE_BOUND('',#1460,.F.);
#1460 = EDGE_LOOP('',(#1461,#1470,#1476,#1477));
#1461 = ORIENTED_EDGE('',*,*,#1462,.F.);
#1462 = EDGE_CURVE('',#1463,#1463,#1465,.T.);
#1463 = VERTEX_POINT('',#1464);
#1464 = CARTESIAN_POINT('',(-102.9,73.75,3.2));
#1465 = CIRCLE('',#1466,2.15);
#1466 = AXIS2_PLACEMENT_3D('',#1467,#1468,#1469);
#1467 = CARTESIAN_POINT('',(-105.05,73.75,3.2));
#1468 = DIRECTION('',(0.,0.,1.));
#1469 = DIRECTION('',(1.,0.,0.));
#1470 = ORIENTED_EDGE('',*,*,#1471,.T.);
#1471 = EDGE_CURVE('',#1463,#353,#1472,.T.);
#1472 = LINE('',#1473,#1474);
#1473 = CARTESIAN_POINT('',(-102.9,73.75,3.2));
#1474 = VECTOR('',#1475,1.);
#1475 = DIRECTION('',(-0.,-0.,-1.));
#1476 = ORIENTED_EDGE('',*,*,#352,.T.);
#1477 = ORIENTED_EDGE('',*,*,#1471,.F.);
#1478 = CYLINDRICAL_SURFACE('',#1479,2.15);
#1479 = AXIS2_PLACEMENT_3D('',#1480,#1481,#1482);
#1480 = CARTESIAN_POINT('',(-105.05,73.75,3.2));
#1481 = DIRECTION('',(0.,0.,1.));
#1482 = DIRECTION('',(1.,0.,0.));
#1483 = ADVANCED_FACE('',(#1484),#1503,.F.);
#1484 = FACE_BOUND('',#1485,.F.);
#1485 = EDGE_LOOP('',(#1486,#1495,#1501,#1502));
#1486 = ORIENTED_EDGE('',*,*,#1487,.F.);
#1487 = EDGE_CURVE('',#1488,#1488,#1490,.T.);
#1488 = VERTEX_POINT('',#1489);
#1489 = CARTESIAN_POINT('',(-32.9,76.55,3.2));
#1490 = CIRCLE('',#1491,2.15);
#1491 = AXIS2_PLACEMENT_3D('',#1492,#1493,#1494);
#1492 = CARTESIAN_POINT('',(-35.05,76.55,3.2));
#1493 = DIRECTION('',(0.,0.,1.));
#1494 = DIRECTION('',(1.,0.,0.));
#1495 = ORIENTED_EDGE('',*,*,#1496,.T.);
#1496 = EDGE_CURVE('',#1488,#364,#1497,.T.);
#1497 = LINE('',#1498,#1499);
#1498 = CARTESIAN_POINT('',(-32.9,76.55,3.2));
#1499 = VECTOR('',#1500,1.);
#1500 = DIRECTION('',(-0.,-0.,-1.));
#1501 = ORIENTED_EDGE('',*,*,#363,.T.);
#1502 = ORIENTED_EDGE('',*,*,#1496,.F.);
#1503 = CYLINDRICAL_SURFACE('',#1504,2.15);
#1504 = AXIS2_PLACEMENT_3D('',#1505,#1506,#1507);
#1505 = CARTESIAN_POINT('',(-35.05,76.55,3.2));
#1506 = DIRECTION('',(0.,0.,1.));
#1507 = DIRECTION('',(1.,0.,0.));
#1508 = ADVANCED_FACE('',(#1509),#1528,.F.);
#1509 = FACE_BOUND('',#1510,.F.);
#1510 = EDGE_LOOP('',(#1511,#1520,#1526,#1527));
#1511 = ORIENTED_EDGE('',*,*,#1512,.F.);
#1512 = EDGE_CURVE('',#1513,#1513,#1515,.T.);
#1513 = VERTEX_POINT('',#1514);
#1514 = CARTESIAN_POINT('',(109.78,0.,3.2));
#1515 = CIRCLE('',#1516,2.15);
#1516 = AXIS2_PLACEMENT_3D('',#1517,#1518,#1519);
#1517 = CARTESIAN_POINT('',(107.63,0.,3.2));
#1518 = DIRECTION('',(0.,0.,1.));
#1519 = DIRECTION('',(1.,0.,0.));
#1520 = ORIENTED_EDGE('',*,*,#1521,.T.);
#1521 = EDGE_CURVE('',#1513,#375,#1522,.T.);
#1522 = LINE('',#1523,#1524);
#1523 = CARTESIAN_POINT('',(109.78,0.,3.2));
#1524 = VECTOR('',#1525,1.);
#1525 = DIRECTION('',(-0.,-0.,-1.));
#1526 = ORIENTED_EDGE('',*,*,#374,.T.);
#1527 = ORIENTED_EDGE('',*,*,#1521,.F.);
#1528 = CYLINDRICAL_SURFACE('',#1529,2.15);
#1529 = AXIS2_PLACEMENT_3D('',#1530,#1531,#1532);
#1530 = CARTESIAN_POINT('',(107.63,0.,3.2));
#1531 = DIRECTION('',(0.,0.,1.));
#1532 = DIRECTION('',(1.,0.,0.));
#1533 = ADVANCED_FACE('',(#1534),#1553,.F.);
#1534 = FACE_BOUND('',#1535,.F.);
#1535 = EDGE_LOOP('',(#1536,#1545,#1551,#1552));
#1536 = ORIENTED_EDGE('',*,*,#1537,.F.);
#1537 = EDGE_CURVE('',#1538,#1538,#1540,.T.);
#1538 = VERTEX_POINT('',#1539);
#1539 = CARTESIAN_POINT('',(37.2,76.55,3.2));
#1540 = CIRCLE('',#1541,2.15);
#1541 = AXIS2_PLACEMENT_3D('',#1542,#1543,#1544);
#1542 = CARTESIAN_POINT('',(35.05,76.55,3.2));
#1543 = DIRECTION('',(0.,0.,1.));
#1544 = DIRECTION('',(1.,0.,0.));
#1545 = ORIENTED_EDGE('',*,*,#1546,.T.);
#1546 = EDGE_CURVE('',#1538,#386,#1547,.T.);
#1547 = LINE('',#1548,#1549);
#1548 = CARTESIAN_POINT('',(37.2,76.55,3.2));
#1549 = VECTOR('',#1550,1.);
#1550 = DIRECTION('',(-0.,-0.,-1.));
#1551 = ORIENTED_EDGE('',*,*,#385,.T.);
#1552 = ORIENTED_EDGE('',*,*,#1546,.F.);
#1553 = CYLINDRICAL_SURFACE('',#1554,2.15);
#1554 = AXIS2_PLACEMENT_3D('',#1555,#1556,#1557);
#1555 = CARTESIAN_POINT('',(35.05,76.55,3.2));
#1556 = DIRECTION('',(0.,0.,1.));
#1557 = DIRECTION('',(1.,0.,0.));
#1558 = ADVANCED_FACE('',(#1559),#1578,.F.);
#1559 = FACE_BOUND('',#1560,.F.);
#1560 = EDGE_LOOP('',(#1561,#1570,#1576,#1577));
#1561 = ORIENTED_EDGE('',*,*,#1562,.F.);
#1562 = EDGE_CURVE('',#1563,#1563,#1565,.T.);
#1563 = VERTEX_POINT('',#1564);
#1564 = CARTESIAN_POINT('',(107.2,73.75,3.2));
#1565 = CIRCLE('',#1566,2.15);
#1566 = AXIS2_PLACEMENT_3D('',#1567,#1568,#1569);
#1567 = CARTESIAN_POINT('',(105.05,73.75,3.2));
#1568 = DIRECTION('',(0.,0.,1.));
#1569 = DIRECTION('',(1.,0.,0.));
#1570 = ORIENTED_EDGE('',*,*,#1571,.T.);
#1571 = EDGE_CURVE('',#1563,#397,#1572,.T.);
#1572 = LINE('',#1573,#1574);
#1573 = CARTESIAN_POINT('',(107.2,73.75,3.2));
#1574 = VECTOR('',#1575,1.);
#1575 = DIRECTION('',(-0.,-0.,-1.));
#1576 = ORIENTED_EDGE('',*,*,#396,.T.);
#1577 = ORIENTED_EDGE('',*,*,#1571,.F.);
#1578 = CYLINDRICAL_SURFACE('',#1579,2.15);
#1579 = AXIS2_PLACEMENT_3D('',#1580,#1581,#1582);
#1580 = CARTESIAN_POINT('',(105.05,73.75,3.2));
#1581 = DIRECTION('',(0.,0.,1.));
#1582 = DIRECTION('',(1.,0.,0.));
#1583 = ADVANCED_FACE('',(#1584),#1610,.T.);
#1584 = FACE_BOUND('',#1585,.F.);
#1585 = EDGE_LOOP('',(#1586,#1594,#1595,#1603));
#1586 = ORIENTED_EDGE('',*,*,#1587,.F.);
#1587 = EDGE_CURVE('',#408,#1588,#1590,.T.);
#1588 = VERTEX_POINT('',#1589);
#1589 = CARTESIAN_POINT('',(74.550000000008,74.850000000008,-1.));
#1590 = LINE('',#1591,#1592);
#1591 = CARTESIAN_POINT('',(74.550000000008,74.850000000008,-1.));
#1592 = VECTOR('',#1593,1.);
#1593 = DIRECTION('',(-0.707106781187,-0.,-0.707106781187));
#1594 = ORIENTED_EDGE('',*,*,#407,.T.);
#1595 = ORIENTED_EDGE('',*,*,#1596,.T.);
#1596 = EDGE_CURVE('',#410,#1597,#1599,.T.);
#1597 = VERTEX_POINT('',#1598);
#1598 = CARTESIAN_POINT('',(72.550000000008,76.850000000008,-1.));
#1599 = LINE('',#1600,#1601);
#1600 = CARTESIAN_POINT('',(72.550000000008,76.850000000008,-1.));
#1601 = VECTOR('',#1602,1.);
#1602 = DIRECTION('',(-4.329780281177E-17,-0.707106781187,
    -0.707106781187));
#1603 = ORIENTED_EDGE('',*,*,#1604,.F.);
#1604 = EDGE_CURVE('',#1588,#1597,#1605,.T.);
#1605 = CIRCLE('',#1606,2.);
#1606 = AXIS2_PLACEMENT_3D('',#1607,#1608,#1609);
#1607 = CARTESIAN_POINT('',(72.550000000008,74.850000000008,-1.));
#1608 = DIRECTION('',(0.,0.,1.));
#1609 = DIRECTION('',(1.,0.,0.));
#1610 = CONICAL_SURFACE('',#1611,2.,0.785398163397);
#1611 = AXIS2_PLACEMENT_3D('',#1612,#1613,#1614);
#1612 = CARTESIAN_POINT('',(72.550000000008,74.850000000008,-1.));
#1613 = DIRECTION('',(0.,0.,1.));
#1614 = DIRECTION('',(1.,0.,0.));
#1615 = ADVANCED_FACE('',(#1616),#1634,.F.);
#1616 = FACE_BOUND('',#1617,.F.);
#1617 = EDGE_LOOP('',(#1618,#1626,#1627,#1628));
#1618 = ORIENTED_EDGE('',*,*,#1619,.F.);
#1619 = EDGE_CURVE('',#419,#1620,#1622,.T.);
#1620 = VERTEX_POINT('',#1621);
#1621 = CARTESIAN_POINT('',(74.550000000008,67.849999999992,-1.));
#1622 = LINE('',#1623,#1624);
#1623 = CARTESIAN_POINT('',(74.550000000008,67.849999999992,-1.));
#1624 = VECTOR('',#1625,1.);
#1625 = DIRECTION('',(-0.707106781187,4.329780281177E-17,-0.707106781187
    ));
#1626 = ORIENTED_EDGE('',*,*,#418,.T.);
#1627 = ORIENTED_EDGE('',*,*,#1587,.T.);
#1628 = ORIENTED_EDGE('',*,*,#1629,.F.);
#1629 = EDGE_CURVE('',#1620,#1588,#1630,.T.);
#1630 = LINE('',#1631,#1632);
#1631 = CARTESIAN_POINT('',(74.550000000008,67.849999999992,-1.));
#1632 = VECTOR('',#1633,1.);
#1633 = DIRECTION('',(0.,1.,0.));
#1634 = PLANE('',#1635);
#1635 = AXIS2_PLACEMENT_3D('',#1636,#1637,#1638);
#1636 = CARTESIAN_POINT('',(75.050000000008,67.849999999992,-0.5));
#1637 = DIRECTION('',(-0.707106781187,-5.911709633991E-18,0.707106781187
    ));
#1638 = DIRECTION('',(-4.180209970601E-18,1.,4.180209970601E-18));
#1639 = ADVANCED_FACE('',(#1640),#1658,.F.);
#1640 = FACE_BOUND('',#1641,.F.);
#1641 = EDGE_LOOP('',(#1642,#1643,#1644,#1652));
#1642 = ORIENTED_EDGE('',*,*,#1596,.F.);
#1643 = ORIENTED_EDGE('',*,*,#469,.T.);
#1644 = ORIENTED_EDGE('',*,*,#1645,.T.);
#1645 = EDGE_CURVE('',#461,#1646,#1648,.T.);
#1646 = VERTEX_POINT('',#1647);
#1647 = CARTESIAN_POINT('',(65.549999999992,76.850000000008,-1.));
#1648 = LINE('',#1649,#1650);
#1649 = CARTESIAN_POINT('',(65.549999999992,77.350000000008,-0.5));
#1650 = VECTOR('',#1651,1.);
#1651 = DIRECTION('',(-4.054583578972E-35,-0.707106781187,
    -0.707106781187));
#1652 = ORIENTED_EDGE('',*,*,#1653,.F.);
#1653 = EDGE_CURVE('',#1597,#1646,#1654,.T.);
#1654 = LINE('',#1655,#1656);
#1655 = CARTESIAN_POINT('',(72.550000000008,76.850000000008,-1.));
#1656 = VECTOR('',#1657,1.);
#1657 = DIRECTION('',(-1.,-0.,-0.));
#1658 = PLANE('',#1659);
#1659 = AXIS2_PLACEMENT_3D('',#1660,#1661,#1662);
#1660 = CARTESIAN_POINT('',(72.550000000008,77.350000000008,-0.5));
#1661 = DIRECTION('',(-5.911709633991E-18,-0.707106781187,0.707106781187
    ));
#1662 = DIRECTION('',(-1.,4.180209970601E-18,-4.180209970601E-18));
#1663 = ADVANCED_FACE('',(#1664),#1683,.T.);
#1664 = FACE_BOUND('',#1665,.F.);
#1665 = EDGE_LOOP('',(#1666,#1674,#1675,#1676));
#1666 = ORIENTED_EDGE('',*,*,#1667,.F.);
#1667 = EDGE_CURVE('',#427,#1668,#1670,.T.);
#1668 = VERTEX_POINT('',#1669);
#1669 = CARTESIAN_POINT('',(72.550000000008,65.849999999992,-1.));
#1670 = LINE('',#1671,#1672);
#1671 = CARTESIAN_POINT('',(72.550000000008,65.349999999992,-0.5));
#1672 = VECTOR('',#1673,1.);
#1673 = DIRECTION('',(4.054583578972E-35,0.707106781187,-0.707106781187)
  );
#1674 = ORIENTED_EDGE('',*,*,#426,.T.);
#1675 = ORIENTED_EDGE('',*,*,#1619,.T.);
#1676 = ORIENTED_EDGE('',*,*,#1677,.F.);
#1677 = EDGE_CURVE('',#1668,#1620,#1678,.T.);
#1678 = CIRCLE('',#1679,2.);
#1679 = AXIS2_PLACEMENT_3D('',#1680,#1681,#1682);
#1680 = CARTESIAN_POINT('',(72.550000000008,67.849999999992,-1.));
#1681 = DIRECTION('',(-0.,0.,1.));
#1682 = DIRECTION('',(0.,-1.,0.));
#1683 = CONICAL_SURFACE('',#1684,2.,0.785398163397);
#1684 = AXIS2_PLACEMENT_3D('',#1685,#1686,#1687);
#1685 = CARTESIAN_POINT('',(72.550000000008,67.849999999992,-1.));
#1686 = DIRECTION('',(0.,0.,1.));
#1687 = DIRECTION('',(0.,-1.,0.));
#1688 = ADVANCED_FACE('',(#1689),#1708,.T.);
#1689 = FACE_BOUND('',#1690,.F.);
#1690 = EDGE_LOOP('',(#1691,#1692,#1693,#1701));
#1691 = ORIENTED_EDGE('',*,*,#1645,.F.);
#1692 = ORIENTED_EDGE('',*,*,#460,.T.);
#1693 = ORIENTED_EDGE('',*,*,#1694,.T.);
#1694 = EDGE_CURVE('',#453,#1695,#1697,.T.);
#1695 = VERTEX_POINT('',#1696);
#1696 = CARTESIAN_POINT('',(63.549999999992,74.850000000008,-1.));
#1697 = LINE('',#1698,#1699);
#1698 = CARTESIAN_POINT('',(63.549999999992,74.850000000008,-1.));
#1699 = VECTOR('',#1700,1.);
#1700 = DIRECTION('',(0.707106781187,-4.329780281177E-17,-0.707106781187
    ));
#1701 = ORIENTED_EDGE('',*,*,#1702,.F.);
#1702 = EDGE_CURVE('',#1646,#1695,#1703,.T.);
#1703 = CIRCLE('',#1704,2.);
#1704 = AXIS2_PLACEMENT_3D('',#1705,#1706,#1707);
#1705 = CARTESIAN_POINT('',(65.549999999992,74.850000000008,-1.));
#1706 = DIRECTION('',(0.,-0.,1.));
#1707 = DIRECTION('',(0.,1.,0.));
#1708 = CONICAL_SURFACE('',#1709,2.,0.785398163397);
#1709 = AXIS2_PLACEMENT_3D('',#1710,#1711,#1712);
#1710 = CARTESIAN_POINT('',(65.549999999992,74.850000000008,-1.));
#1711 = DIRECTION('',(0.,0.,1.));
#1712 = DIRECTION('',(0.,1.,0.));
#1713 = ADVANCED_FACE('',(#1714),#1732,.F.);
#1714 = FACE_BOUND('',#1715,.F.);
#1715 = EDGE_LOOP('',(#1716,#1724,#1725,#1726));
#1716 = ORIENTED_EDGE('',*,*,#1717,.F.);
#1717 = EDGE_CURVE('',#436,#1718,#1720,.T.);
#1718 = VERTEX_POINT('',#1719);
#1719 = CARTESIAN_POINT('',(65.549999999992,65.849999999992,-1.));
#1720 = LINE('',#1721,#1722);
#1721 = CARTESIAN_POINT('',(65.549999999992,65.849999999992,-1.));
#1722 = VECTOR('',#1723,1.);
#1723 = DIRECTION('',(4.329780281177E-17,0.707106781187,-0.707106781187)
  );
#1724 = ORIENTED_EDGE('',*,*,#435,.T.);
#1725 = ORIENTED_EDGE('',*,*,#1667,.T.);
#1726 = ORIENTED_EDGE('',*,*,#1727,.F.);
#1727 = EDGE_CURVE('',#1718,#1668,#1728,.T.);
#1728 = LINE('',#1729,#1730);
#1729 = CARTESIAN_POINT('',(65.549999999992,65.849999999992,-1.));
#1730 = VECTOR('',#1731,1.);
#1731 = DIRECTION('',(1.,0.,0.));
#1732 = PLANE('',#1733);
#1733 = AXIS2_PLACEMENT_3D('',#1734,#1735,#1736);
#1734 = CARTESIAN_POINT('',(65.549999999992,65.349999999992,-0.5));
#1735 = DIRECTION('',(5.911709633991E-18,0.707106781187,0.707106781187)
  );
#1736 = DIRECTION('',(1.,-4.180209970601E-18,-4.180209970601E-18));
#1737 = ADVANCED_FACE('',(#1738),#1756,.F.);
#1738 = FACE_BOUND('',#1739,.F.);
#1739 = EDGE_LOOP('',(#1740,#1741,#1742,#1750));
#1740 = ORIENTED_EDGE('',*,*,#1694,.F.);
#1741 = ORIENTED_EDGE('',*,*,#452,.T.);
#1742 = ORIENTED_EDGE('',*,*,#1743,.T.);
#1743 = EDGE_CURVE('',#444,#1744,#1746,.T.);
#1744 = VERTEX_POINT('',#1745);
#1745 = CARTESIAN_POINT('',(63.549999999992,67.849999999992,-1.));
#1746 = LINE('',#1747,#1748);
#1747 = CARTESIAN_POINT('',(63.049999999992,67.849999999992,-0.5));
#1748 = VECTOR('',#1749,1.);
#1749 = DIRECTION('',(0.707106781187,-4.054583578972E-35,-0.707106781187
    ));
#1750 = ORIENTED_EDGE('',*,*,#1751,.F.);
#1751 = EDGE_CURVE('',#1695,#1744,#1752,.T.);
#1752 = LINE('',#1753,#1754);
#1753 = CARTESIAN_POINT('',(63.549999999992,74.850000000008,-1.));
#1754 = VECTOR('',#1755,1.);
#1755 = DIRECTION('',(-0.,-1.,-0.));
#1756 = PLANE('',#1757);
#1757 = AXIS2_PLACEMENT_3D('',#1758,#1759,#1760);
#1758 = CARTESIAN_POINT('',(63.049999999992,74.850000000008,-0.5));
#1759 = DIRECTION('',(0.707106781187,5.911709633991E-18,0.707106781187)
  );
#1760 = DIRECTION('',(4.180209970601E-18,-1.,4.180209970601E-18));
#1761 = ADVANCED_FACE('',(#1762),#1774,.T.);
#1762 = FACE_BOUND('',#1763,.F.);
#1763 = EDGE_LOOP('',(#1764,#1765,#1766,#1767));
#1764 = ORIENTED_EDGE('',*,*,#1743,.F.);
#1765 = ORIENTED_EDGE('',*,*,#443,.T.);
#1766 = ORIENTED_EDGE('',*,*,#1717,.T.);
#1767 = ORIENTED_EDGE('',*,*,#1768,.F.);
#1768 = EDGE_CURVE('',#1744,#1718,#1769,.T.);
#1769 = CIRCLE('',#1770,2.);
#1770 = AXIS2_PLACEMENT_3D('',#1771,#1772,#1773);
#1771 = CARTESIAN_POINT('',(65.549999999992,67.849999999992,-1.));
#1772 = DIRECTION('',(0.,0.,1.));
#1773 = DIRECTION('',(-1.,0.,0.));
#1774 = CONICAL_SURFACE('',#1775,2.,0.785398163397);
#1775 = AXIS2_PLACEMENT_3D('',#1776,#1777,#1778);
#1776 = CARTESIAN_POINT('',(65.549999999992,67.849999999992,-1.));
#1777 = DIRECTION('',(0.,0.,1.));
#1778 = DIRECTION('',(-1.,0.,0.));
#1779 = ADVANCED_FACE('',(#1780),#1806,.T.);
#1780 = FACE_BOUND('',#1781,.F.);
#1781 = EDGE_LOOP('',(#1782,#1790,#1791,#1799));
#1782 = ORIENTED_EDGE('',*,*,#1783,.F.);
#1783 = EDGE_CURVE('',#478,#1784,#1786,.T.);
#1784 = VERTEX_POINT('',#1785);
#1785 = CARTESIAN_POINT('',(-67.44999999999,65.849999999992,-1.));
#1786 = LINE('',#1787,#1788);
#1787 = CARTESIAN_POINT('',(-67.44999999999,65.849999999992,-1.));
#1788 = VECTOR('',#1789,1.);
#1789 = DIRECTION('',(0.,0.707106781187,-0.707106781187));
#1790 = ORIENTED_EDGE('',*,*,#477,.T.);
#1791 = ORIENTED_EDGE('',*,*,#1792,.T.);
#1792 = EDGE_CURVE('',#480,#1793,#1795,.T.);
#1793 = VERTEX_POINT('',#1794);
#1794 = CARTESIAN_POINT('',(-65.44999999999,67.849999999992,-1.));
#1795 = LINE('',#1796,#1797);
#1796 = CARTESIAN_POINT('',(-65.44999999999,67.849999999992,-1.));
#1797 = VECTOR('',#1798,1.);
#1798 = DIRECTION('',(-0.707106781187,4.329780281177E-17,-0.707106781187
    ));
#1799 = ORIENTED_EDGE('',*,*,#1800,.F.);
#1800 = EDGE_CURVE('',#1784,#1793,#1801,.T.);
#1801 = CIRCLE('',#1802,2.);
#1802 = AXIS2_PLACEMENT_3D('',#1803,#1804,#1805);
#1803 = CARTESIAN_POINT('',(-67.44999999999,67.849999999992,-1.));
#1804 = DIRECTION('',(-0.,0.,1.));
#1805 = DIRECTION('',(0.,-1.,0.));
#1806 = CONICAL_SURFACE('',#1807,2.,0.785398163397);
#1807 = AXIS2_PLACEMENT_3D('',#1808,#1809,#1810);
#1808 = CARTESIAN_POINT('',(-67.44999999999,67.849999999992,-1.));
#1809 = DIRECTION('',(0.,0.,1.));
#1810 = DIRECTION('',(0.,-1.,0.));
#1811 = ADVANCED_FACE('',(#1812),#1830,.F.);
#1812 = FACE_BOUND('',#1813,.F.);
#1813 = EDGE_LOOP('',(#1814,#1822,#1823,#1824));
#1814 = ORIENTED_EDGE('',*,*,#1815,.F.);
#1815 = EDGE_CURVE('',#489,#1816,#1818,.T.);
#1816 = VERTEX_POINT('',#1817);
#1817 = CARTESIAN_POINT('',(-74.45,65.849999999992,-1.));
#1818 = LINE('',#1819,#1820);
#1819 = CARTESIAN_POINT('',(-74.45,65.849999999992,-1.));
#1820 = VECTOR('',#1821,1.);
#1821 = DIRECTION('',(4.329780281177E-17,0.707106781187,-0.707106781187)
  );
#1822 = ORIENTED_EDGE('',*,*,#488,.T.);
#1823 = ORIENTED_EDGE('',*,*,#1783,.T.);
#1824 = ORIENTED_EDGE('',*,*,#1825,.F.);
#1825 = EDGE_CURVE('',#1816,#1784,#1826,.T.);
#1826 = LINE('',#1827,#1828);
#1827 = CARTESIAN_POINT('',(-74.45,65.849999999992,-1.));
#1828 = VECTOR('',#1829,1.);
#1829 = DIRECTION('',(1.,0.,0.));
#1830 = PLANE('',#1831);
#1831 = AXIS2_PLACEMENT_3D('',#1832,#1833,#1834);
#1832 = CARTESIAN_POINT('',(-74.45,65.349999999992,-0.5));
#1833 = DIRECTION('',(5.911709633991E-18,0.707106781187,0.707106781187)
  );
#1834 = DIRECTION('',(1.,-4.180209970601E-18,-4.180209970601E-18));
#1835 = ADVANCED_FACE('',(#1836),#1854,.F.);
#1836 = FACE_BOUND('',#1837,.F.);
#1837 = EDGE_LOOP('',(#1838,#1839,#1840,#1848));
#1838 = ORIENTED_EDGE('',*,*,#1792,.F.);
#1839 = ORIENTED_EDGE('',*,*,#539,.T.);
#1840 = ORIENTED_EDGE('',*,*,#1841,.T.);
#1841 = EDGE_CURVE('',#531,#1842,#1844,.T.);
#1842 = VERTEX_POINT('',#1843);
#1843 = CARTESIAN_POINT('',(-65.44999999999,74.850000000008,-1.));
#1844 = LINE('',#1845,#1846);
#1845 = CARTESIAN_POINT('',(-64.94999999999,74.850000000008,-0.5));
#1846 = VECTOR('',#1847,1.);
#1847 = DIRECTION('',(-0.707106781187,4.054583578972E-35,-0.707106781187
    ));
#1848 = ORIENTED_EDGE('',*,*,#1849,.F.);
#1849 = EDGE_CURVE('',#1793,#1842,#1850,.T.);
#1850 = LINE('',#1851,#1852);
#1851 = CARTESIAN_POINT('',(-65.44999999999,67.849999999992,-1.));
#1852 = VECTOR('',#1853,1.);
#1853 = DIRECTION('',(0.,1.,0.));
#1854 = PLANE('',#1855);
#1855 = AXIS2_PLACEMENT_3D('',#1856,#1857,#1858);
#1856 = CARTESIAN_POINT('',(-64.94999999999,67.849999999992,-0.5));
#1857 = DIRECTION('',(-0.707106781187,-5.911709633991E-18,0.707106781187
    ));
#1858 = DIRECTION('',(-4.180209970601E-18,1.,4.180209970601E-18));
#1859 = ADVANCED_FACE('',(#1860),#1879,.T.);
#1860 = FACE_BOUND('',#1861,.F.);
#1861 = EDGE_LOOP('',(#1862,#1870,#1871,#1872));
#1862 = ORIENTED_EDGE('',*,*,#1863,.F.);
#1863 = EDGE_CURVE('',#497,#1864,#1866,.T.);
#1864 = VERTEX_POINT('',#1865);
#1865 = CARTESIAN_POINT('',(-76.45,67.849999999992,-1.));
#1866 = LINE('',#1867,#1868);
#1867 = CARTESIAN_POINT('',(-76.95,67.849999999992,-0.5));
#1868 = VECTOR('',#1869,1.);
#1869 = DIRECTION('',(0.707106781187,-4.054583578972E-35,-0.707106781187
    ));
#1870 = ORIENTED_EDGE('',*,*,#496,.T.);
#1871 = ORIENTED_EDGE('',*,*,#1815,.T.);
#1872 = ORIENTED_EDGE('',*,*,#1873,.F.);
#1873 = EDGE_CURVE('',#1864,#1816,#1874,.T.);
#1874 = CIRCLE('',#1875,2.);
#1875 = AXIS2_PLACEMENT_3D('',#1876,#1877,#1878);
#1876 = CARTESIAN_POINT('',(-74.45,67.849999999992,-1.));
#1877 = DIRECTION('',(0.,0.,1.));
#1878 = DIRECTION('',(-1.,0.,0.));
#1879 = CONICAL_SURFACE('',#1880,2.,0.785398163397);
#1880 = AXIS2_PLACEMENT_3D('',#1881,#1882,#1883);
#1881 = CARTESIAN_POINT('',(-74.45,67.849999999992,-1.));
#1882 = DIRECTION('',(0.,0.,1.));
#1883 = DIRECTION('',(-1.,0.,0.));
#1884 = ADVANCED_FACE('',(#1885),#1904,.T.);
#1885 = FACE_BOUND('',#1886,.F.);
#1886 = EDGE_LOOP('',(#1887,#1888,#1889,#1897));
#1887 = ORIENTED_EDGE('',*,*,#1841,.F.);
#1888 = ORIENTED_EDGE('',*,*,#530,.T.);
#1889 = ORIENTED_EDGE('',*,*,#1890,.T.);
#1890 = EDGE_CURVE('',#523,#1891,#1893,.T.);
#1891 = VERTEX_POINT('',#1892);
#1892 = CARTESIAN_POINT('',(-67.44999999999,76.850000000008,-1.));
#1893 = LINE('',#1894,#1895);
#1894 = CARTESIAN_POINT('',(-67.44999999999,76.850000000008,-1.));
#1895 = VECTOR('',#1896,1.);
#1896 = DIRECTION('',(-4.329780281177E-17,-0.707106781187,
    -0.707106781187));
#1897 = ORIENTED_EDGE('',*,*,#1898,.F.);
#1898 = EDGE_CURVE('',#1842,#1891,#1899,.T.);
#1899 = CIRCLE('',#1900,2.);
#1900 = AXIS2_PLACEMENT_3D('',#1901,#1902,#1903);
#1901 = CARTESIAN_POINT('',(-67.44999999999,74.850000000008,-1.));
#1902 = DIRECTION('',(0.,0.,1.));
#1903 = DIRECTION('',(1.,0.,0.));
#1904 = CONICAL_SURFACE('',#1905,2.,0.785398163397);
#1905 = AXIS2_PLACEMENT_3D('',#1906,#1907,#1908);
#1906 = CARTESIAN_POINT('',(-67.44999999999,74.850000000008,-1.));
#1907 = DIRECTION('',(0.,0.,1.));
#1908 = DIRECTION('',(1.,0.,0.));
#1909 = ADVANCED_FACE('',(#1910),#1928,.F.);
#1910 = FACE_BOUND('',#1911,.F.);
#1911 = EDGE_LOOP('',(#1912,#1920,#1921,#1922));
#1912 = ORIENTED_EDGE('',*,*,#1913,.F.);
#1913 = EDGE_CURVE('',#506,#1914,#1916,.T.);
#1914 = VERTEX_POINT('',#1915);
#1915 = CARTESIAN_POINT('',(-76.45,74.850000000008,-1.));
#1916 = LINE('',#1917,#1918);
#1917 = CARTESIAN_POINT('',(-76.45,74.850000000008,-1.));
#1918 = VECTOR('',#1919,1.);
#1919 = DIRECTION('',(0.707106781187,-4.329780281177E-17,-0.707106781187
    ));
#1920 = ORIENTED_EDGE('',*,*,#505,.T.);
#1921 = ORIENTED_EDGE('',*,*,#1863,.T.);
#1922 = ORIENTED_EDGE('',*,*,#1923,.F.);
#1923 = EDGE_CURVE('',#1914,#1864,#1924,.T.);
#1924 = LINE('',#1925,#1926);
#1925 = CARTESIAN_POINT('',(-76.45,74.850000000008,-1.));
#1926 = VECTOR('',#1927,1.);
#1927 = DIRECTION('',(-0.,-1.,-0.));
#1928 = PLANE('',#1929);
#1929 = AXIS2_PLACEMENT_3D('',#1930,#1931,#1932);
#1930 = CARTESIAN_POINT('',(-76.95,74.850000000008,-0.5));
#1931 = DIRECTION('',(0.707106781187,5.911709633991E-18,0.707106781187)
  );
#1932 = DIRECTION('',(4.180209970601E-18,-1.,4.180209970601E-18));
#1933 = ADVANCED_FACE('',(#1934),#1952,.F.);
#1934 = FACE_BOUND('',#1935,.F.);
#1935 = EDGE_LOOP('',(#1936,#1937,#1938,#1946));
#1936 = ORIENTED_EDGE('',*,*,#1890,.F.);
#1937 = ORIENTED_EDGE('',*,*,#522,.T.);
#1938 = ORIENTED_EDGE('',*,*,#1939,.T.);
#1939 = EDGE_CURVE('',#514,#1940,#1942,.T.);
#1940 = VERTEX_POINT('',#1941);
#1941 = CARTESIAN_POINT('',(-74.45,76.850000000008,-1.));
#1942 = LINE('',#1943,#1944);
#1943 = CARTESIAN_POINT('',(-74.45,77.350000000008,-0.5));
#1944 = VECTOR('',#1945,1.);
#1945 = DIRECTION('',(-4.054583578972E-35,-0.707106781187,
    -0.707106781187));
#1946 = ORIENTED_EDGE('',*,*,#1947,.F.);
#1947 = EDGE_CURVE('',#1891,#1940,#1948,.T.);
#1948 = LINE('',#1949,#1950);
#1949 = CARTESIAN_POINT('',(-67.44999999999,76.850000000008,-1.));
#1950 = VECTOR('',#1951,1.);
#1951 = DIRECTION('',(-1.,-0.,-0.));
#1952 = PLANE('',#1953);
#1953 = AXIS2_PLACEMENT_3D('',#1954,#1955,#1956);
#1954 = CARTESIAN_POINT('',(-67.44999999999,77.350000000008,-0.5));
#1955 = DIRECTION('',(-5.911709633991E-18,-0.707106781187,0.707106781187
    ));
#1956 = DIRECTION('',(-1.,4.180209970601E-18,-4.180209970601E-18));
#1957 = ADVANCED_FACE('',(#1958),#1970,.T.);
#1958 = FACE_BOUND('',#1959,.F.);
#1959 = EDGE_LOOP('',(#1960,#1961,#1962,#1963));
#1960 = ORIENTED_EDGE('',*,*,#1939,.F.);
#1961 = ORIENTED_EDGE('',*,*,#513,.T.);
#1962 = ORIENTED_EDGE('',*,*,#1913,.T.);
#1963 = ORIENTED_EDGE('',*,*,#1964,.F.);
#1964 = EDGE_CURVE('',#1940,#1914,#1965,.T.);
#1965 = CIRCLE('',#1966,2.);
#1966 = AXIS2_PLACEMENT_3D('',#1967,#1968,#1969);
#1967 = CARTESIAN_POINT('',(-74.45,74.850000000008,-1.));
#1968 = DIRECTION('',(0.,-0.,1.));
#1969 = DIRECTION('',(0.,1.,0.));
#1970 = CONICAL_SURFACE('',#1971,2.,0.785398163397);
#1971 = AXIS2_PLACEMENT_3D('',#1972,#1973,#1974);
#1972 = CARTESIAN_POINT('',(-74.45,74.850000000008,-1.));
#1973 = DIRECTION('',(0.,0.,1.));
#1974 = DIRECTION('',(0.,1.,0.));
#1975 = ADVANCED_FACE('',(#1976),#2079,.F.);
#1976 = FACE_BOUND('',#1977,.F.);
#1977 = EDGE_LOOP('',(#1978,#1986,#1987,#1995,#2003,#2009,#2010,#2018,
    #2026,#2034,#2042,#2048,#2049,#2057,#2065,#2073));
#1978 = ORIENTED_EDGE('',*,*,#1979,.F.);
#1979 = EDGE_CURVE('',#563,#1980,#1982,.T.);
#1980 = VERTEX_POINT('',#1981);
#1981 = CARTESIAN_POINT('',(-58.45,-33.15,-15.));
#1982 = LINE('',#1983,#1984);
#1983 = CARTESIAN_POINT('',(-58.45,-33.15,0.));
#1984 = VECTOR('',#1985,1.);
#1985 = DIRECTION('',(0.,0.,-1.));
#1986 = ORIENTED_EDGE('',*,*,#570,.F.);
#1987 = ORIENTED_EDGE('',*,*,#1988,.T.);
#1988 = EDGE_CURVE('',#554,#1989,#1991,.T.);
#1989 = VERTEX_POINT('',#1990);
#1990 = CARTESIAN_POINT('',(-71.05,-33.15,-70.));
#1991 = LINE('',#1992,#1993);
#1992 = CARTESIAN_POINT('',(-71.05,-33.15,0.));
#1993 = VECTOR('',#1994,1.);
#1994 = DIRECTION('',(0.,0.,-1.));
#1995 = ORIENTED_EDGE('',*,*,#1996,.T.);
#1996 = EDGE_CURVE('',#1989,#1997,#1999,.T.);
#1997 = VERTEX_POINT('',#1998);
#1998 = CARTESIAN_POINT('',(100.95,-33.15,-70.));
#1999 = LINE('',#2000,#2001);
#2000 = CARTESIAN_POINT('',(-73.05,-33.15,-70.));
#2001 = VECTOR('',#2002,1.);
#2002 = DIRECTION('',(1.,0.,0.));
#2003 = ORIENTED_EDGE('',*,*,#2004,.F.);
#2004 = EDGE_CURVE('',#879,#1997,#2005,.T.);
#2005 = LINE('',#2006,#2007);
#2006 = CARTESIAN_POINT('',(100.95,-33.15,0.));
#2007 = VECTOR('',#2008,1.);
#2008 = DIRECTION('',(0.,0.,-1.));
#2009 = ORIENTED_EDGE('',*,*,#938,.F.);
#2010 = ORIENTED_EDGE('',*,*,#2011,.T.);
#2011 = EDGE_CURVE('',#929,#2012,#2014,.T.);
#2012 = VERTEX_POINT('',#2013);
#2013 = CARTESIAN_POINT('',(46.550000000004,-33.15,-15.));
#2014 = LINE('',#2015,#2016);
#2015 = CARTESIAN_POINT('',(46.550000000004,-33.15,0.));
#2016 = VECTOR('',#2017,1.);
#2017 = DIRECTION('',(0.,0.,-1.));
#2018 = ORIENTED_EDGE('',*,*,#2019,.F.);
#2019 = EDGE_CURVE('',#2020,#2012,#2022,.T.);
#2020 = VERTEX_POINT('',#2021);
#2021 = CARTESIAN_POINT('',(44.550000000004,-33.15,-15.));
#2022 = LINE('',#2023,#2024);
#2023 = CARTESIAN_POINT('',(-17.,-33.15,-15.));
#2024 = VECTOR('',#2025,1.);
#2025 = DIRECTION('',(1.,0.,0.));
#2026 = ORIENTED_EDGE('',*,*,#2027,.F.);
#2027 = EDGE_CURVE('',#2028,#2020,#2030,.T.);
#2028 = VERTEX_POINT('',#2029);
#2029 = CARTESIAN_POINT('',(33.55,-33.15,-15.));
#2030 = LINE('',#2031,#2032);
#2031 = CARTESIAN_POINT('',(20.550000000005,-33.15,-15.));
#2032 = VECTOR('',#2033,1.);
#2033 = DIRECTION('',(1.,0.,0.));
#2034 = ORIENTED_EDGE('',*,*,#2035,.T.);
#2035 = EDGE_CURVE('',#2028,#2036,#2038,.T.);
#2036 = VERTEX_POINT('',#2037);
#2037 = CARTESIAN_POINT('',(31.549999999998,-33.15,-15.));
#2038 = LINE('',#2039,#2040);
#2039 = CARTESIAN_POINT('',(-17.,-33.15,-15.));
#2040 = VECTOR('',#2041,1.);
#2041 = DIRECTION('',(-1.,0.,0.));
#2042 = ORIENTED_EDGE('',*,*,#2043,.F.);
#2043 = EDGE_CURVE('',#955,#2036,#2044,.T.);
#2044 = LINE('',#2045,#2046);
#2045 = CARTESIAN_POINT('',(31.549999999998,-33.15,0.));
#2046 = VECTOR('',#2047,1.);
#2047 = DIRECTION('',(0.,0.,-1.));
#2048 = ORIENTED_EDGE('',*,*,#962,.F.);
#2049 = ORIENTED_EDGE('',*,*,#2050,.T.);
#2050 = EDGE_CURVE('',#906,#2051,#2053,.T.);
#2051 = VERTEX_POINT('',#2052);
#2052 = CARTESIAN_POINT('',(-43.45,-33.15,-15.));
#2053 = LINE('',#2054,#2055);
#2054 = CARTESIAN_POINT('',(-43.45,-33.15,0.));
#2055 = VECTOR('',#2056,1.);
#2056 = DIRECTION('',(0.,0.,-1.));
#2057 = ORIENTED_EDGE('',*,*,#2058,.F.);
#2058 = EDGE_CURVE('',#2059,#2051,#2061,.T.);
#2059 = VERTEX_POINT('',#2060);
#2060 = CARTESIAN_POINT('',(-45.45,-33.15,-15.));
#2061 = LINE('',#2062,#2063);
#2062 = CARTESIAN_POINT('',(-62.,-33.15,-15.));
#2063 = VECTOR('',#2064,1.);
#2064 = DIRECTION('',(1.,0.,0.));
#2065 = ORIENTED_EDGE('',*,*,#2066,.F.);
#2066 = EDGE_CURVE('',#2067,#2059,#2069,.T.);
#2067 = VERTEX_POINT('',#2068);
#2068 = CARTESIAN_POINT('',(-56.45,-33.15,-15.));
#2069 = LINE('',#2070,#2071);
#2070 = CARTESIAN_POINT('',(-24.44999999999,-33.15,-15.));
#2071 = VECTOR('',#2072,1.);
#2072 = DIRECTION('',(1.,0.,0.));
#2073 = ORIENTED_EDGE('',*,*,#2074,.T.);
#2074 = EDGE_CURVE('',#2067,#1980,#2075,.T.);
#2075 = LINE('',#2076,#2077);
#2076 = CARTESIAN_POINT('',(-62.,-33.15,-15.));
#2077 = VECTOR('',#2078,1.);
#2078 = DIRECTION('',(-1.,0.,0.));
#2079 = PLANE('',#2080);
#2080 = AXIS2_PLACEMENT_3D('',#2081,#2082,#2083);
#2081 = CARTESIAN_POINT('',(-73.05,-33.15,0.));
#2082 = DIRECTION('',(0.,-1.,0.));
#2083 = DIRECTION('',(1.,0.,0.));
#2084 = ADVANCED_FACE('',(#2085),#2104,.T.);
#2085 = FACE_BOUND('',#2086,.F.);
#2086 = EDGE_LOOP('',(#2087,#2088,#2089,#2097));
#2087 = ORIENTED_EDGE('',*,*,#1988,.F.);
#2088 = ORIENTED_EDGE('',*,*,#594,.F.);
#2089 = ORIENTED_EDGE('',*,*,#2090,.T.);
#2090 = EDGE_CURVE('',#585,#2091,#2093,.T.);
#2091 = VERTEX_POINT('',#2092);
#2092 = CARTESIAN_POINT('',(-73.05,-35.15,-70.));
#2093 = LINE('',#2094,#2095);
#2094 = CARTESIAN_POINT('',(-73.05,-35.15,0.));
#2095 = VECTOR('',#2096,1.);
#2096 = DIRECTION('',(0.,0.,-1.));
#2097 = ORIENTED_EDGE('',*,*,#2098,.F.);
#2098 = EDGE_CURVE('',#1989,#2091,#2099,.T.);
#2099 = CIRCLE('',#2100,2.);
#2100 = AXIS2_PLACEMENT_3D('',#2101,#2102,#2103);
#2101 = CARTESIAN_POINT('',(-71.05,-35.15,-70.));
#2102 = DIRECTION('',(0.,-0.,1.));
#2103 = DIRECTION('',(0.,1.,0.));
#2104 = CYLINDRICAL_SURFACE('',#2105,2.);
#2105 = AXIS2_PLACEMENT_3D('',#2106,#2107,#2108);
#2106 = CARTESIAN_POINT('',(-71.05,-35.15,0.));
#2107 = DIRECTION('',(0.,0.,-1.));
#2108 = DIRECTION('',(0.,1.,0.));
#2109 = ADVANCED_FACE('',(#2110),#2129,.F.);
#2110 = FACE_BOUND('',#2111,.T.);
#2111 = EDGE_LOOP('',(#2112,#2113,#2114,#2122));
#2112 = ORIENTED_EDGE('',*,*,#1979,.F.);
#2113 = ORIENTED_EDGE('',*,*,#619,.T.);
#2114 = ORIENTED_EDGE('',*,*,#2115,.T.);
#2115 = EDGE_CURVE('',#612,#2116,#2118,.T.);
#2116 = VERTEX_POINT('',#2117);
#2117 = CARTESIAN_POINT('',(-56.45,-31.15,-15.));
#2118 = LINE('',#2119,#2120);
#2119 = CARTESIAN_POINT('',(-56.45,-31.15,0.));
#2120 = VECTOR('',#2121,1.);
#2121 = DIRECTION('',(0.,0.,-1.));
#2122 = ORIENTED_EDGE('',*,*,#2123,.F.);
#2123 = EDGE_CURVE('',#1980,#2116,#2124,.T.);
#2124 = CIRCLE('',#2125,2.);
#2125 = AXIS2_PLACEMENT_3D('',#2126,#2127,#2128);
#2126 = CARTESIAN_POINT('',(-58.45,-31.15,-15.));
#2127 = DIRECTION('',(0.,-0.,1.));
#2128 = DIRECTION('',(0.,1.,0.));
#2129 = CYLINDRICAL_SURFACE('',#2130,2.);
#2130 = AXIS2_PLACEMENT_3D('',#2131,#2132,#2133);
#2131 = CARTESIAN_POINT('',(-58.45,-31.15,0.));
#2132 = DIRECTION('',(0.,0.,-1.));
#2133 = DIRECTION('',(0.,-1.,0.));
#2134 = ADVANCED_FACE('',(#2135),#2153,.F.);
#2135 = FACE_BOUND('',#2136,.F.);
#2136 = EDGE_LOOP('',(#2137,#2145,#2151,#2152));
#2137 = ORIENTED_EDGE('',*,*,#2138,.T.);
#2138 = EDGE_CURVE('',#635,#2139,#2141,.T.);
#2139 = VERTEX_POINT('',#2140);
#2140 = CARTESIAN_POINT('',(-73.05,-69.15,-70.));
#2141 = LINE('',#2142,#2143);
#2142 = CARTESIAN_POINT('',(-73.05,-69.15,0.));
#2143 = VECTOR('',#2144,1.);
#2144 = DIRECTION('',(0.,0.,-1.));
#2145 = ORIENTED_EDGE('',*,*,#2146,.T.);
#2146 = EDGE_CURVE('',#2139,#2091,#2147,.T.);
#2147 = LINE('',#2148,#2149);
#2148 = CARTESIAN_POINT('',(-73.05,-71.15,-70.));
#2149 = VECTOR('',#2150,1.);
#2150 = DIRECTION('',(0.,1.,0.));
#2151 = ORIENTED_EDGE('',*,*,#2090,.F.);
#2152 = ORIENTED_EDGE('',*,*,#644,.F.);
#2153 = PLANE('',#2154);
#2154 = AXIS2_PLACEMENT_3D('',#2155,#2156,#2157);
#2155 = CARTESIAN_POINT('',(-73.05,-71.15,0.));
#2156 = DIRECTION('',(1.,0.,0.));
#2157 = DIRECTION('',(0.,1.,0.));
#2158 = ADVANCED_FACE('',(#2159),#2177,.T.);
#2159 = FACE_BOUND('',#2160,.T.);
#2160 = EDGE_LOOP('',(#2161,#2162,#2163,#2171));
#2161 = ORIENTED_EDGE('',*,*,#2115,.F.);
#2162 = ORIENTED_EDGE('',*,*,#668,.T.);
#2163 = ORIENTED_EDGE('',*,*,#2164,.T.);
#2164 = EDGE_CURVE('',#661,#2165,#2167,.T.);
#2165 = VERTEX_POINT('',#2166);
#2166 = CARTESIAN_POINT('',(-56.45,-22.15,-15.));
#2167 = LINE('',#2168,#2169);
#2168 = CARTESIAN_POINT('',(-56.45,-22.15,0.));
#2169 = VECTOR('',#2170,1.);
#2170 = DIRECTION('',(0.,0.,-1.));
#2171 = ORIENTED_EDGE('',*,*,#2172,.F.);
#2172 = EDGE_CURVE('',#2116,#2165,#2173,.T.);
#2173 = LINE('',#2174,#2175);
#2174 = CARTESIAN_POINT('',(-56.45,-31.15,-15.));
#2175 = VECTOR('',#2176,1.);
#2176 = DIRECTION('',(0.,1.,0.));
#2177 = PLANE('',#2178);
#2178 = AXIS2_PLACEMENT_3D('',#2179,#2180,#2181);
#2179 = CARTESIAN_POINT('',(-56.45,-26.65,-7.5));
#2180 = DIRECTION('',(-1.,8.164409319551E-16,0.));
#2181 = DIRECTION('',(-8.164409319551E-16,-1.,0.));
#2182 = ADVANCED_FACE('',(#2183),#2202,.T.);
#2183 = FACE_BOUND('',#2184,.T.);
#2184 = EDGE_LOOP('',(#2185,#2193,#2194,#2195));
#2185 = ORIENTED_EDGE('',*,*,#2186,.F.);
#2186 = EDGE_CURVE('',#683,#2187,#2189,.T.);
#2187 = VERTEX_POINT('',#2188);
#2188 = CARTESIAN_POINT('',(-71.05,-71.15,-70.));
#2189 = LINE('',#2190,#2191);
#2190 = CARTESIAN_POINT('',(-71.05,-71.15,0.));
#2191 = VECTOR('',#2192,1.);
#2192 = DIRECTION('',(0.,0.,-1.));
#2193 = ORIENTED_EDGE('',*,*,#692,.T.);
#2194 = ORIENTED_EDGE('',*,*,#2138,.T.);
#2195 = ORIENTED_EDGE('',*,*,#2196,.F.);
#2196 = EDGE_CURVE('',#2187,#2139,#2197,.T.);
#2197 = CIRCLE('',#2198,2.);
#2198 = AXIS2_PLACEMENT_3D('',#2199,#2200,#2201);
#2199 = CARTESIAN_POINT('',(-71.05,-69.15,-70.));
#2200 = DIRECTION('',(0.,0.,-1.));
#2201 = DIRECTION('',(0.,1.,0.));
#2202 = CYLINDRICAL_SURFACE('',#2203,2.);
#2203 = AXIS2_PLACEMENT_3D('',#2204,#2205,#2206);
#2204 = CARTESIAN_POINT('',(-71.05,-69.15,0.));
#2205 = DIRECTION('',(0.,0.,-1.));
#2206 = DIRECTION('',(0.,-1.,0.));
#2207 = ADVANCED_FACE('',(#2208),#2227,.T.);
#2208 = FACE_BOUND('',#2209,.F.);
#2209 = EDGE_LOOP('',(#2210,#2218,#2219,#2220));
#2210 = ORIENTED_EDGE('',*,*,#2211,.F.);
#2211 = EDGE_CURVE('',#710,#2212,#2214,.T.);
#2212 = VERTEX_POINT('',#2213);
#2213 = CARTESIAN_POINT('',(-54.45,-20.15,-15.));
#2214 = LINE('',#2215,#2216);
#2215 = CARTESIAN_POINT('',(-54.45,-20.15,0.));
#2216 = VECTOR('',#2217,1.);
#2217 = DIRECTION('',(0.,0.,-1.));
#2218 = ORIENTED_EDGE('',*,*,#717,.F.);
#2219 = ORIENTED_EDGE('',*,*,#2164,.T.);
#2220 = ORIENTED_EDGE('',*,*,#2221,.F.);
#2221 = EDGE_CURVE('',#2212,#2165,#2222,.T.);
#2222 = CIRCLE('',#2223,2.);
#2223 = AXIS2_PLACEMENT_3D('',#2224,#2225,#2226);
#2224 = CARTESIAN_POINT('',(-54.45,-22.15,-15.));
#2225 = DIRECTION('',(0.,-0.,1.));
#2226 = DIRECTION('',(0.,1.,0.));
#2227 = CYLINDRICAL_SURFACE('',#2228,2.);
#2228 = AXIS2_PLACEMENT_3D('',#2229,#2230,#2231);
#2229 = CARTESIAN_POINT('',(-54.45,-22.15,0.));
#2230 = DIRECTION('',(0.,0.,-1.));
#2231 = DIRECTION('',(0.,1.,0.));
#2232 = ADVANCED_FACE('',(#2233),#2251,.T.);
#2233 = FACE_BOUND('',#2234,.T.);
#2234 = EDGE_LOOP('',(#2235,#2236,#2244,#2250));
#2235 = ORIENTED_EDGE('',*,*,#2186,.T.);
#2236 = ORIENTED_EDGE('',*,*,#2237,.T.);
#2237 = EDGE_CURVE('',#2187,#2238,#2240,.T.);
#2238 = VERTEX_POINT('',#2239);
#2239 = CARTESIAN_POINT('',(100.95,-71.15,-70.));
#2240 = LINE('',#2241,#2242);
#2241 = CARTESIAN_POINT('',(-73.05,-71.15,-70.));
#2242 = VECTOR('',#2243,1.);
#2243 = DIRECTION('',(1.,0.,0.));
#2244 = ORIENTED_EDGE('',*,*,#2245,.F.);
#2245 = EDGE_CURVE('',#733,#2238,#2246,.T.);
#2246 = LINE('',#2247,#2248);
#2247 = CARTESIAN_POINT('',(100.95,-71.15,0.));
#2248 = VECTOR('',#2249,1.);
#2249 = DIRECTION('',(0.,0.,-1.));
#2250 = ORIENTED_EDGE('',*,*,#742,.T.);
#2251 = PLANE('',#2252);
#2252 = AXIS2_PLACEMENT_3D('',#2253,#2254,#2255);
#2253 = CARTESIAN_POINT('',(-73.05,-71.15,0.));
#2254 = DIRECTION('',(0.,-1.,0.));
#2255 = DIRECTION('',(1.,0.,0.));
#2256 = ADVANCED_FACE('',(#2257),#2275,.F.);
#2257 = FACE_BOUND('',#2258,.F.);
#2258 = EDGE_LOOP('',(#2259,#2260,#2268,#2274));
#2259 = ORIENTED_EDGE('',*,*,#2211,.T.);
#2260 = ORIENTED_EDGE('',*,*,#2261,.T.);
#2261 = EDGE_CURVE('',#2212,#2262,#2264,.T.);
#2262 = VERTEX_POINT('',#2263);
#2263 = CARTESIAN_POINT('',(-47.45,-20.15,-15.));
#2264 = LINE('',#2265,#2266);
#2265 = CARTESIAN_POINT('',(-56.45,-20.15,-15.));
#2266 = VECTOR('',#2267,1.);
#2267 = DIRECTION('',(1.,0.,0.));
#2268 = ORIENTED_EDGE('',*,*,#2269,.F.);
#2269 = EDGE_CURVE('',#759,#2262,#2270,.T.);
#2270 = LINE('',#2271,#2272);
#2271 = CARTESIAN_POINT('',(-47.45,-20.15,0.));
#2272 = VECTOR('',#2273,1.);
#2273 = DIRECTION('',(0.,0.,-1.));
#2274 = ORIENTED_EDGE('',*,*,#766,.F.);
#2275 = PLANE('',#2276);
#2276 = AXIS2_PLACEMENT_3D('',#2277,#2278,#2279);
#2277 = CARTESIAN_POINT('',(-56.45,-20.15,0.));
#2278 = DIRECTION('',(0.,-1.,0.));
#2279 = DIRECTION('',(1.,0.,0.));
#2280 = ADVANCED_FACE('',(#2281),#2300,.T.);
#2281 = FACE_BOUND('',#2282,.F.);
#2282 = EDGE_LOOP('',(#2283,#2284,#2285,#2293));
#2283 = ORIENTED_EDGE('',*,*,#2245,.F.);
#2284 = ORIENTED_EDGE('',*,*,#790,.F.);
#2285 = ORIENTED_EDGE('',*,*,#2286,.T.);
#2286 = EDGE_CURVE('',#781,#2287,#2289,.T.);
#2287 = VERTEX_POINT('',#2288);
#2288 = CARTESIAN_POINT('',(102.95,-69.15,-70.));
#2289 = LINE('',#2290,#2291);
#2290 = CARTESIAN_POINT('',(102.95,-69.15,0.));
#2291 = VECTOR('',#2292,1.);
#2292 = DIRECTION('',(0.,0.,-1.));
#2293 = ORIENTED_EDGE('',*,*,#2294,.F.);
#2294 = EDGE_CURVE('',#2238,#2287,#2295,.T.);
#2295 = CIRCLE('',#2296,2.);
#2296 = AXIS2_PLACEMENT_3D('',#2297,#2298,#2299);
#2297 = CARTESIAN_POINT('',(100.95,-69.15,-70.));
#2298 = DIRECTION('',(0.,-0.,1.));
#2299 = DIRECTION('',(0.,1.,0.));
#2300 = CYLINDRICAL_SURFACE('',#2301,2.);
#2301 = AXIS2_PLACEMENT_3D('',#2302,#2303,#2304);
#2302 = CARTESIAN_POINT('',(100.95,-69.15,0.));
#2303 = DIRECTION('',(0.,0.,-1.));
#2304 = DIRECTION('',(0.,-1.,0.));
#2305 = ADVANCED_FACE('',(#2306),#2325,.T.);
#2306 = FACE_BOUND('',#2307,.T.);
#2307 = EDGE_LOOP('',(#2308,#2309,#2310,#2318));
#2308 = ORIENTED_EDGE('',*,*,#2269,.F.);
#2309 = ORIENTED_EDGE('',*,*,#815,.T.);
#2310 = ORIENTED_EDGE('',*,*,#2311,.T.);
#2311 = EDGE_CURVE('',#808,#2312,#2314,.T.);
#2312 = VERTEX_POINT('',#2313);
#2313 = CARTESIAN_POINT('',(-45.45,-22.15,-15.));
#2314 = LINE('',#2315,#2316);
#2315 = CARTESIAN_POINT('',(-45.45,-22.15,0.));
#2316 = VECTOR('',#2317,1.);
#2317 = DIRECTION('',(0.,0.,-1.));
#2318 = ORIENTED_EDGE('',*,*,#2319,.F.);
#2319 = EDGE_CURVE('',#2262,#2312,#2320,.T.);
#2320 = CIRCLE('',#2321,2.);
#2321 = AXIS2_PLACEMENT_3D('',#2322,#2323,#2324);
#2322 = CARTESIAN_POINT('',(-47.45,-22.15,-15.));
#2323 = DIRECTION('',(0.,0.,-1.));
#2324 = DIRECTION('',(0.,1.,0.));
#2325 = CYLINDRICAL_SURFACE('',#2326,2.);
#2326 = AXIS2_PLACEMENT_3D('',#2327,#2328,#2329);
#2327 = CARTESIAN_POINT('',(-47.45,-22.15,0.));
#2328 = DIRECTION('',(0.,0.,-1.));
#2329 = DIRECTION('',(0.,1.,0.));
#2330 = ADVANCED_FACE('',(#2331),#2349,.T.);
#2331 = FACE_BOUND('',#2332,.T.);
#2332 = EDGE_LOOP('',(#2333,#2334,#2342,#2348));
#2333 = ORIENTED_EDGE('',*,*,#2286,.T.);
#2334 = ORIENTED_EDGE('',*,*,#2335,.T.);
#2335 = EDGE_CURVE('',#2287,#2336,#2338,.T.);
#2336 = VERTEX_POINT('',#2337);
#2337 = CARTESIAN_POINT('',(102.95,-35.15,-70.));
#2338 = LINE('',#2339,#2340);
#2339 = CARTESIAN_POINT('',(102.95,-71.15,-70.));
#2340 = VECTOR('',#2341,1.);
#2341 = DIRECTION('',(0.,1.,0.));
#2342 = ORIENTED_EDGE('',*,*,#2343,.F.);
#2343 = EDGE_CURVE('',#831,#2336,#2344,.T.);
#2344 = LINE('',#2345,#2346);
#2345 = CARTESIAN_POINT('',(102.95,-35.15,0.));
#2346 = VECTOR('',#2347,1.);
#2347 = DIRECTION('',(0.,0.,-1.));
#2348 = ORIENTED_EDGE('',*,*,#840,.T.);
#2349 = PLANE('',#2350);
#2350 = AXIS2_PLACEMENT_3D('',#2351,#2352,#2353);
#2351 = CARTESIAN_POINT('',(102.95,-71.15,0.));
#2352 = DIRECTION('',(1.,0.,0.));
#2353 = DIRECTION('',(0.,1.,0.));
#2354 = ADVANCED_FACE('',(#2355),#2373,.T.);
#2355 = FACE_BOUND('',#2356,.T.);
#2356 = EDGE_LOOP('',(#2357,#2358,#2359,#2367));
#2357 = ORIENTED_EDGE('',*,*,#2311,.F.);
#2358 = ORIENTED_EDGE('',*,*,#864,.T.);
#2359 = ORIENTED_EDGE('',*,*,#2360,.T.);
#2360 = EDGE_CURVE('',#857,#2361,#2363,.T.);
#2361 = VERTEX_POINT('',#2362);
#2362 = CARTESIAN_POINT('',(-45.45,-31.15,-15.));
#2363 = LINE('',#2364,#2365);
#2364 = CARTESIAN_POINT('',(-45.45,-31.15,0.));
#2365 = VECTOR('',#2366,1.);
#2366 = DIRECTION('',(0.,0.,-1.));
#2367 = ORIENTED_EDGE('',*,*,#2368,.T.);
#2368 = EDGE_CURVE('',#2361,#2312,#2369,.T.);
#2369 = LINE('',#2370,#2371);
#2370 = CARTESIAN_POINT('',(-45.45,-4.149999999991,-15.));
#2371 = VECTOR('',#2372,1.);
#2372 = DIRECTION('',(0.,1.,0.));
#2373 = PLANE('',#2374);
#2374 = AXIS2_PLACEMENT_3D('',#2375,#2376,#2377);
#2375 = CARTESIAN_POINT('',(-45.45,-26.65,-7.5));
#2376 = DIRECTION('',(1.,8.164409319551E-16,0.));
#2377 = DIRECTION('',(-8.164409319551E-16,1.,0.));
#2378 = ADVANCED_FACE('',(#2379),#2391,.T.);
#2379 = FACE_BOUND('',#2380,.F.);
#2380 = EDGE_LOOP('',(#2381,#2382,#2383,#2384));
#2381 = ORIENTED_EDGE('',*,*,#2343,.F.);
#2382 = ORIENTED_EDGE('',*,*,#888,.F.);
#2383 = ORIENTED_EDGE('',*,*,#2004,.T.);
#2384 = ORIENTED_EDGE('',*,*,#2385,.F.);
#2385 = EDGE_CURVE('',#2336,#1997,#2386,.T.);
#2386 = CIRCLE('',#2387,2.);
#2387 = AXIS2_PLACEMENT_3D('',#2388,#2389,#2390);
#2388 = CARTESIAN_POINT('',(100.95,-35.15,-70.));
#2389 = DIRECTION('',(0.,-0.,1.));
#2390 = DIRECTION('',(0.,1.,0.));
#2391 = CYLINDRICAL_SURFACE('',#2392,2.);
#2392 = AXIS2_PLACEMENT_3D('',#2393,#2394,#2395);
#2393 = CARTESIAN_POINT('',(100.95,-35.15,0.));
#2394 = DIRECTION('',(0.,0.,-1.));
#2395 = DIRECTION('',(1.,0.,0.));
#2396 = ADVANCED_FACE('',(#2397),#2409,.F.);
#2397 = FACE_BOUND('',#2398,.F.);
#2398 = EDGE_LOOP('',(#2399,#2400,#2401,#2402));
#2399 = ORIENTED_EDGE('',*,*,#2050,.F.);
#2400 = ORIENTED_EDGE('',*,*,#913,.F.);
#2401 = ORIENTED_EDGE('',*,*,#2360,.T.);
#2402 = ORIENTED_EDGE('',*,*,#2403,.F.);
#2403 = EDGE_CURVE('',#2051,#2361,#2404,.T.);
#2404 = CIRCLE('',#2405,2.);
#2405 = AXIS2_PLACEMENT_3D('',#2406,#2407,#2408);
#2406 = CARTESIAN_POINT('',(-43.45,-31.15,-15.));
#2407 = DIRECTION('',(0.,0.,-1.));
#2408 = DIRECTION('',(0.,1.,0.));
#2409 = CYLINDRICAL_SURFACE('',#2410,2.);
#2410 = AXIS2_PLACEMENT_3D('',#2411,#2412,#2413);
#2411 = CARTESIAN_POINT('',(-43.45,-31.15,0.));
#2412 = DIRECTION('',(0.,0.,-1.));
#2413 = DIRECTION('',(0.,-1.,0.));
#2414 = ADVANCED_FACE('',(#2415),#2434,.F.);
#2415 = FACE_BOUND('',#2416,.F.);
#2416 = EDGE_LOOP('',(#2417,#2418,#2419,#2427));
#2417 = ORIENTED_EDGE('',*,*,#2011,.F.);
#2418 = ORIENTED_EDGE('',*,*,#986,.F.);
#2419 = ORIENTED_EDGE('',*,*,#2420,.T.);
#2420 = EDGE_CURVE('',#977,#2421,#2423,.T.);
#2421 = VERTEX_POINT('',#2422);
#2422 = CARTESIAN_POINT('',(44.550000000004,-31.15,-15.));
#2423 = LINE('',#2424,#2425);
#2424 = CARTESIAN_POINT('',(44.550000000004,-31.15,0.));
#2425 = VECTOR('',#2426,1.);
#2426 = DIRECTION('',(0.,0.,-1.));
#2427 = ORIENTED_EDGE('',*,*,#2428,.F.);
#2428 = EDGE_CURVE('',#2012,#2421,#2429,.T.);
#2429 = CIRCLE('',#2430,2.);
#2430 = AXIS2_PLACEMENT_3D('',#2431,#2432,#2433);
#2431 = CARTESIAN_POINT('',(46.550000000004,-31.15,-15.));
#2432 = DIRECTION('',(0.,0.,-1.));
#2433 = DIRECTION('',(0.,1.,0.));
#2434 = CYLINDRICAL_SURFACE('',#2435,2.);
#2435 = AXIS2_PLACEMENT_3D('',#2436,#2437,#2438);
#2436 = CARTESIAN_POINT('',(46.550000000004,-31.15,0.));
#2437 = DIRECTION('',(0.,0.,-1.));
#2438 = DIRECTION('',(0.,-1.,0.));
#2439 = ADVANCED_FACE('',(#2440),#2459,.F.);
#2440 = FACE_BOUND('',#2441,.T.);
#2441 = EDGE_LOOP('',(#2442,#2443,#2444,#2452));
#2442 = ORIENTED_EDGE('',*,*,#2043,.F.);
#2443 = ORIENTED_EDGE('',*,*,#1011,.T.);
#2444 = ORIENTED_EDGE('',*,*,#2445,.T.);
#2445 = EDGE_CURVE('',#1004,#2446,#2448,.T.);
#2446 = VERTEX_POINT('',#2447);
#2447 = CARTESIAN_POINT('',(33.549999999998,-31.15,-15.));
#2448 = LINE('',#2449,#2450);
#2449 = CARTESIAN_POINT('',(33.549999999998,-31.15,0.));
#2450 = VECTOR('',#2451,1.);
#2451 = DIRECTION('',(0.,0.,-1.));
#2452 = ORIENTED_EDGE('',*,*,#2453,.F.);
#2453 = EDGE_CURVE('',#2036,#2446,#2454,.T.);
#2454 = CIRCLE('',#2455,2.);
#2455 = AXIS2_PLACEMENT_3D('',#2456,#2457,#2458);
#2456 = CARTESIAN_POINT('',(31.549999999998,-31.15,-15.));
#2457 = DIRECTION('',(0.,-0.,1.));
#2458 = DIRECTION('',(0.,1.,0.));
#2459 = CYLINDRICAL_SURFACE('',#2460,2.);
#2460 = AXIS2_PLACEMENT_3D('',#2461,#2462,#2463);
#2461 = CARTESIAN_POINT('',(31.549999999998,-31.15,0.));
#2462 = DIRECTION('',(0.,0.,-1.));
#2463 = DIRECTION('',(0.,-1.,0.));
#2464 = ADVANCED_FACE('',(#2465),#2483,.T.);
#2465 = FACE_BOUND('',#2466,.T.);
#2466 = EDGE_LOOP('',(#2467,#2475,#2476,#2477));
#2467 = ORIENTED_EDGE('',*,*,#2468,.F.);
#2468 = EDGE_CURVE('',#1027,#2469,#2471,.T.);
#2469 = VERTEX_POINT('',#2470);
#2470 = CARTESIAN_POINT('',(44.550000000004,-22.14999999999,-15.));
#2471 = LINE('',#2472,#2473);
#2472 = CARTESIAN_POINT('',(44.550000000004,-22.14999999999,0.));
#2473 = VECTOR('',#2474,1.);
#2474 = DIRECTION('',(0.,0.,-1.));
#2475 = ORIENTED_EDGE('',*,*,#1036,.T.);
#2476 = ORIENTED_EDGE('',*,*,#2420,.T.);
#2477 = ORIENTED_EDGE('',*,*,#2478,.T.);
#2478 = EDGE_CURVE('',#2421,#2469,#2479,.T.);
#2479 = LINE('',#2480,#2481);
#2480 = CARTESIAN_POINT('',(44.550000000004,-4.149999999993,-15.));
#2481 = VECTOR('',#2482,1.);
#2482 = DIRECTION('',(0.,1.,0.));
#2483 = PLANE('',#2484);
#2484 = AXIS2_PLACEMENT_3D('',#2485,#2486,#2487);
#2485 = CARTESIAN_POINT('',(44.550000000004,-26.64999999999,-7.5));
#2486 = DIRECTION('',(1.,-2.85754326184E-15,0.));
#2487 = DIRECTION('',(2.85754326184E-15,1.,0.));
#2488 = ADVANCED_FACE('',(#2489),#2507,.T.);
#2489 = FACE_BOUND('',#2490,.T.);
#2490 = EDGE_LOOP('',(#2491,#2492,#2493,#2501));
#2491 = ORIENTED_EDGE('',*,*,#2445,.F.);
#2492 = ORIENTED_EDGE('',*,*,#1060,.T.);
#2493 = ORIENTED_EDGE('',*,*,#2494,.T.);
#2494 = EDGE_CURVE('',#1053,#2495,#2497,.T.);
#2495 = VERTEX_POINT('',#2496);
#2496 = CARTESIAN_POINT('',(33.549999999996,-22.14999999999,-15.));
#2497 = LINE('',#2498,#2499);
#2498 = CARTESIAN_POINT('',(33.549999999996,-22.14999999999,0.));
#2499 = VECTOR('',#2500,1.);
#2500 = DIRECTION('',(0.,0.,-1.));
#2501 = ORIENTED_EDGE('',*,*,#2502,.F.);
#2502 = EDGE_CURVE('',#2446,#2495,#2503,.T.);
#2503 = LINE('',#2504,#2505);
#2504 = CARTESIAN_POINT('',(33.549999999996,-31.15,-15.));
#2505 = VECTOR('',#2506,1.);
#2506 = DIRECTION('',(0.,1.,0.));
#2507 = PLANE('',#2508);
#2508 = AXIS2_PLACEMENT_3D('',#2509,#2510,#2511);
#2509 = CARTESIAN_POINT('',(33.549999999997,-26.64999999999,-7.5));
#2510 = DIRECTION('',(-1.,-2.220719334916E-13,-0.));
#2511 = DIRECTION('',(2.220719334916E-13,-1.,0.));
#2512 = ADVANCED_FACE('',(#2513),#2532,.T.);
#2513 = FACE_BOUND('',#2514,.T.);
#2514 = EDGE_LOOP('',(#2515,#2523,#2524,#2525));
#2515 = ORIENTED_EDGE('',*,*,#2516,.F.);
#2516 = EDGE_CURVE('',#1075,#2517,#2519,.T.);
#2517 = VERTEX_POINT('',#2518);
#2518 = CARTESIAN_POINT('',(42.550000000004,-20.14999999999,-15.));
#2519 = LINE('',#2520,#2521);
#2520 = CARTESIAN_POINT('',(42.550000000004,-20.14999999999,0.));
#2521 = VECTOR('',#2522,1.);
#2522 = DIRECTION('',(0.,0.,-1.));
#2523 = ORIENTED_EDGE('',*,*,#1084,.T.);
#2524 = ORIENTED_EDGE('',*,*,#2468,.T.);
#2525 = ORIENTED_EDGE('',*,*,#2526,.F.);
#2526 = EDGE_CURVE('',#2517,#2469,#2527,.T.);
#2527 = CIRCLE('',#2528,2.);
#2528 = AXIS2_PLACEMENT_3D('',#2529,#2530,#2531);
#2529 = CARTESIAN_POINT('',(42.550000000004,-22.14999999999,-15.));
#2530 = DIRECTION('',(0.,0.,-1.));
#2531 = DIRECTION('',(0.,1.,0.));
#2532 = CYLINDRICAL_SURFACE('',#2533,2.);
#2533 = AXIS2_PLACEMENT_3D('',#2534,#2535,#2536);
#2534 = CARTESIAN_POINT('',(42.550000000004,-22.14999999999,0.));
#2535 = DIRECTION('',(0.,0.,-1.));
#2536 = DIRECTION('',(0.,1.,0.));
#2537 = ADVANCED_FACE('',(#2538),#2557,.T.);
#2538 = FACE_BOUND('',#2539,.F.);
#2539 = EDGE_LOOP('',(#2540,#2548,#2549,#2550));
#2540 = ORIENTED_EDGE('',*,*,#2541,.F.);
#2541 = EDGE_CURVE('',#1102,#2542,#2544,.T.);
#2542 = VERTEX_POINT('',#2543);
#2543 = CARTESIAN_POINT('',(35.549999999996,-20.14999999999,-15.));
#2544 = LINE('',#2545,#2546);
#2545 = CARTESIAN_POINT('',(35.549999999996,-20.14999999999,0.));
#2546 = VECTOR('',#2547,1.);
#2547 = DIRECTION('',(0.,0.,-1.));
#2548 = ORIENTED_EDGE('',*,*,#1109,.F.);
#2549 = ORIENTED_EDGE('',*,*,#2494,.T.);
#2550 = ORIENTED_EDGE('',*,*,#2551,.F.);
#2551 = EDGE_CURVE('',#2542,#2495,#2552,.T.);
#2552 = CIRCLE('',#2553,2.);
#2553 = AXIS2_PLACEMENT_3D('',#2554,#2555,#2556);
#2554 = CARTESIAN_POINT('',(35.549999999996,-22.14999999999,-15.));
#2555 = DIRECTION('',(0.,-0.,1.));
#2556 = DIRECTION('',(0.,1.,0.));
#2557 = CYLINDRICAL_SURFACE('',#2558,2.);
#2558 = AXIS2_PLACEMENT_3D('',#2559,#2560,#2561);
#2559 = CARTESIAN_POINT('',(35.549999999996,-22.14999999999,0.));
#2560 = DIRECTION('',(0.,0.,-1.));
#2561 = DIRECTION('',(0.,1.,0.));
#2562 = ADVANCED_FACE('',(#2563),#2574,.F.);
#2563 = FACE_BOUND('',#2564,.F.);
#2564 = EDGE_LOOP('',(#2565,#2566,#2572,#2573));
#2565 = ORIENTED_EDGE('',*,*,#2541,.T.);
#2566 = ORIENTED_EDGE('',*,*,#2567,.T.);
#2567 = EDGE_CURVE('',#2542,#2517,#2568,.T.);
#2568 = LINE('',#2569,#2570);
#2569 = CARTESIAN_POINT('',(33.549999999996,-20.14999999999,-15.));
#2570 = VECTOR('',#2571,1.);
#2571 = DIRECTION('',(1.,0.,0.));
#2572 = ORIENTED_EDGE('',*,*,#2516,.F.);
#2573 = ORIENTED_EDGE('',*,*,#1127,.F.);
#2574 = PLANE('',#2575);
#2575 = AXIS2_PLACEMENT_3D('',#2576,#2577,#2578);
#2576 = CARTESIAN_POINT('',(33.549999999996,-20.14999999999,0.));
#2577 = DIRECTION('',(0.,-1.,0.));
#2578 = DIRECTION('',(1.,0.,0.));
#2579 = ADVANCED_FACE('',(#2580,#2590,#2593,#2596,#2599,#2633,#2636,
    #2639,#2642,#2645,#2648,#2651),#2654,.T.);
#2580 = FACE_BOUND('',#2581,.T.);
#2581 = EDGE_LOOP('',(#2582,#2583,#2584,#2585,#2586,#2587,#2588,#2589));
#2582 = ORIENTED_EDGE('',*,*,#1150,.T.);
#2583 = ORIENTED_EDGE('',*,*,#1206,.T.);
#2584 = ORIENTED_EDGE('',*,*,#1248,.T.);
#2585 = ORIENTED_EDGE('',*,*,#1304,.T.);
#2586 = ORIENTED_EDGE('',*,*,#1322,.T.);
#2587 = ORIENTED_EDGE('',*,*,#1279,.F.);
#2588 = ORIENTED_EDGE('',*,*,#1231,.T.);
#2589 = ORIENTED_EDGE('',*,*,#1181,.F.);
#2590 = FACE_BOUND('',#2591,.T.);
#2591 = EDGE_LOOP('',(#2592));
#2592 = ORIENTED_EDGE('',*,*,#1337,.F.);
#2593 = FACE_BOUND('',#2594,.T.);
#2594 = EDGE_LOOP('',(#2595));
#2595 = ORIENTED_EDGE('',*,*,#1362,.F.);
#2596 = FACE_BOUND('',#2597,.T.);
#2597 = EDGE_LOOP('',(#2598));
#2598 = ORIENTED_EDGE('',*,*,#1387,.F.);
#2599 = FACE_BOUND('',#2600,.T.);
#2600 = EDGE_LOOP('',(#2601,#2611,#2619,#2627));
#2601 = ORIENTED_EDGE('',*,*,#2602,.F.);
#2602 = EDGE_CURVE('',#2603,#2605,#2607,.T.);
#2603 = VERTEX_POINT('',#2604);
#2604 = CARTESIAN_POINT('',(-70.05,-36.15,3.2));
#2605 = VERTEX_POINT('',#2606);
#2606 = CARTESIAN_POINT('',(-70.05,-68.15,3.2));
#2607 = LINE('',#2608,#2609);
#2608 = CARTESIAN_POINT('',(-70.05,-34.075,3.2));
#2609 = VECTOR('',#2610,1.);
#2610 = DIRECTION('',(0.,-1.,0.));
#2611 = ORIENTED_EDGE('',*,*,#2612,.F.);
#2612 = EDGE_CURVE('',#2613,#2603,#2615,.T.);
#2613 = VERTEX_POINT('',#2614);
#2614 = CARTESIAN_POINT('',(99.95,-36.15,3.2));
#2615 = LINE('',#2616,#2617);
#2616 = CARTESIAN_POINT('',(-35.025,-36.15,3.2));
#2617 = VECTOR('',#2618,1.);
#2618 = DIRECTION('',(-1.,0.,0.));
#2619 = ORIENTED_EDGE('',*,*,#2620,.F.);
#2620 = EDGE_CURVE('',#2621,#2613,#2623,.T.);
#2621 = VERTEX_POINT('',#2622);
#2622 = CARTESIAN_POINT('',(99.95,-68.15,3.2));
#2623 = LINE('',#2624,#2625);
#2624 = CARTESIAN_POINT('',(99.95,-18.075,3.2));
#2625 = VECTOR('',#2626,1.);
#2626 = DIRECTION('',(0.,1.,0.));
#2627 = ORIENTED_EDGE('',*,*,#2628,.F.);
#2628 = EDGE_CURVE('',#2605,#2621,#2629,.T.);
#2629 = LINE('',#2630,#2631);
#2630 = CARTESIAN_POINT('',(49.975,-68.15,3.2));
#2631 = VECTOR('',#2632,1.);
#2632 = DIRECTION('',(1.,0.,0.));
#2633 = FACE_BOUND('',#2634,.T.);
#2634 = EDGE_LOOP('',(#2635));
#2635 = ORIENTED_EDGE('',*,*,#1412,.F.);
#2636 = FACE_BOUND('',#2637,.T.);
#2637 = EDGE_LOOP('',(#2638));
#2638 = ORIENTED_EDGE('',*,*,#1437,.F.);
#2639 = FACE_BOUND('',#2640,.T.);
#2640 = EDGE_LOOP('',(#2641));
#2641 = ORIENTED_EDGE('',*,*,#1462,.F.);
#2642 = FACE_BOUND('',#2643,.T.);
#2643 = EDGE_LOOP('',(#2644));
#2644 = ORIENTED_EDGE('',*,*,#1487,.F.);
#2645 = FACE_BOUND('',#2646,.T.);
#2646 = EDGE_LOOP('',(#2647));
#2647 = ORIENTED_EDGE('',*,*,#1512,.F.);
#2648 = FACE_BOUND('',#2649,.T.);
#2649 = EDGE_LOOP('',(#2650));
#2650 = ORIENTED_EDGE('',*,*,#1537,.F.);
#2651 = FACE_BOUND('',#2652,.T.);
#2652 = EDGE_LOOP('',(#2653));
#2653 = ORIENTED_EDGE('',*,*,#1562,.F.);
#2654 = PLANE('',#2655);
#2655 = AXIS2_PLACEMENT_3D('',#2656,#2657,#2658);
#2656 = CARTESIAN_POINT('',(0.,0.,3.2));
#2657 = DIRECTION('',(0.,0.,1.));
#2658 = DIRECTION('',(1.,0.,0.));
#2659 = ADVANCED_FACE('',(#2660),#2686,.T.);
#2660 = FACE_BOUND('',#2661,.F.);
#2661 = EDGE_LOOP('',(#2662,#2670,#2671,#2679));
#2662 = ORIENTED_EDGE('',*,*,#2663,.F.);
#2663 = EDGE_CURVE('',#1588,#2664,#2666,.T.);
#2664 = VERTEX_POINT('',#2665);
#2665 = CARTESIAN_POINT('',(74.550000000008,74.850000000008,-15.));
#2666 = LINE('',#2667,#2668);
#2667 = CARTESIAN_POINT('',(74.550000000008,74.850000000008,0.));
#2668 = VECTOR('',#2669,1.);
#2669 = DIRECTION('',(0.,0.,-1.));
#2670 = ORIENTED_EDGE('',*,*,#1604,.T.);
#2671 = ORIENTED_EDGE('',*,*,#2672,.T.);
#2672 = EDGE_CURVE('',#1597,#2673,#2675,.T.);
#2673 = VERTEX_POINT('',#2674);
#2674 = CARTESIAN_POINT('',(72.550000000008,76.850000000008,-15.));
#2675 = LINE('',#2676,#2677);
#2676 = CARTESIAN_POINT('',(72.550000000008,76.850000000008,0.));
#2677 = VECTOR('',#2678,1.);
#2678 = DIRECTION('',(0.,0.,-1.));
#2679 = ORIENTED_EDGE('',*,*,#2680,.F.);
#2680 = EDGE_CURVE('',#2664,#2673,#2681,.T.);
#2681 = CIRCLE('',#2682,2.);
#2682 = AXIS2_PLACEMENT_3D('',#2683,#2684,#2685);
#2683 = CARTESIAN_POINT('',(72.550000000008,74.850000000008,-15.));
#2684 = DIRECTION('',(0.,-0.,1.));
#2685 = DIRECTION('',(0.,1.,0.));
#2686 = CYLINDRICAL_SURFACE('',#2687,2.);
#2687 = AXIS2_PLACEMENT_3D('',#2688,#2689,#2690);
#2688 = CARTESIAN_POINT('',(72.550000000008,74.850000000008,0.));
#2689 = DIRECTION('',(0.,0.,-1.));
#2690 = DIRECTION('',(1.,0.,0.));
#2691 = ADVANCED_FACE('',(#2692),#2710,.F.);
#2692 = FACE_BOUND('',#2693,.F.);
#2693 = EDGE_LOOP('',(#2694,#2695,#2703,#2709));
#2694 = ORIENTED_EDGE('',*,*,#2663,.T.);
#2695 = ORIENTED_EDGE('',*,*,#2696,.T.);
#2696 = EDGE_CURVE('',#2664,#2697,#2699,.T.);
#2697 = VERTEX_POINT('',#2698);
#2698 = CARTESIAN_POINT('',(74.550000000008,67.849999999992,-15.));
#2699 = LINE('',#2700,#2701);
#2700 = CARTESIAN_POINT('',(74.550000000008,76.850000000008,-15.));
#2701 = VECTOR('',#2702,1.);
#2702 = DIRECTION('',(0.,-1.,0.));
#2703 = ORIENTED_EDGE('',*,*,#2704,.F.);
#2704 = EDGE_CURVE('',#1620,#2697,#2705,.T.);
#2705 = LINE('',#2706,#2707);
#2706 = CARTESIAN_POINT('',(74.550000000008,67.849999999992,0.));
#2707 = VECTOR('',#2708,1.);
#2708 = DIRECTION('',(0.,0.,-1.));
#2709 = ORIENTED_EDGE('',*,*,#1629,.T.);
#2710 = PLANE('',#2711);
#2711 = AXIS2_PLACEMENT_3D('',#2712,#2713,#2714);
#2712 = CARTESIAN_POINT('',(74.550000000008,76.850000000008,0.));
#2713 = DIRECTION('',(-1.,-0.,-0.));
#2714 = DIRECTION('',(0.,-1.,0.));
#2715 = ADVANCED_FACE('',(#2716),#2734,.F.);
#2716 = FACE_BOUND('',#2717,.F.);
#2717 = EDGE_LOOP('',(#2718,#2726,#2732,#2733));
#2718 = ORIENTED_EDGE('',*,*,#2719,.T.);
#2719 = EDGE_CURVE('',#1646,#2720,#2722,.T.);
#2720 = VERTEX_POINT('',#2721);
#2721 = CARTESIAN_POINT('',(65.549999999992,76.850000000008,-15.));
#2722 = LINE('',#2723,#2724);
#2723 = CARTESIAN_POINT('',(65.549999999992,76.850000000008,0.));
#2724 = VECTOR('',#2725,1.);
#2725 = DIRECTION('',(0.,0.,-1.));
#2726 = ORIENTED_EDGE('',*,*,#2727,.T.);
#2727 = EDGE_CURVE('',#2720,#2673,#2728,.T.);
#2728 = LINE('',#2729,#2730);
#2729 = CARTESIAN_POINT('',(63.549999999992,76.850000000008,-15.));
#2730 = VECTOR('',#2731,1.);
#2731 = DIRECTION('',(1.,0.,0.));
#2732 = ORIENTED_EDGE('',*,*,#2672,.F.);
#2733 = ORIENTED_EDGE('',*,*,#1653,.T.);
#2734 = PLANE('',#2735);
#2735 = AXIS2_PLACEMENT_3D('',#2736,#2737,#2738);
#2736 = CARTESIAN_POINT('',(63.549999999992,76.850000000008,0.));
#2737 = DIRECTION('',(0.,-1.,0.));
#2738 = DIRECTION('',(1.,0.,0.));
#2739 = ADVANCED_FACE('',(#2740),#2759,.T.);
#2740 = FACE_BOUND('',#2741,.F.);
#2741 = EDGE_LOOP('',(#2742,#2750,#2751,#2752));
#2742 = ORIENTED_EDGE('',*,*,#2743,.F.);
#2743 = EDGE_CURVE('',#1668,#2744,#2746,.T.);
#2744 = VERTEX_POINT('',#2745);
#2745 = CARTESIAN_POINT('',(72.550000000008,65.849999999992,-15.));
#2746 = LINE('',#2747,#2748);
#2747 = CARTESIAN_POINT('',(72.550000000008,65.849999999992,0.));
#2748 = VECTOR('',#2749,1.);
#2749 = DIRECTION('',(0.,0.,-1.));
#2750 = ORIENTED_EDGE('',*,*,#1677,.T.);
#2751 = ORIENTED_EDGE('',*,*,#2704,.T.);
#2752 = ORIENTED_EDGE('',*,*,#2753,.F.);
#2753 = EDGE_CURVE('',#2744,#2697,#2754,.T.);
#2754 = CIRCLE('',#2755,2.);
#2755 = AXIS2_PLACEMENT_3D('',#2756,#2757,#2758);
#2756 = CARTESIAN_POINT('',(72.550000000008,67.849999999992,-15.));
#2757 = DIRECTION('',(0.,-0.,1.));
#2758 = DIRECTION('',(0.,1.,0.));
#2759 = CYLINDRICAL_SURFACE('',#2760,2.);
#2760 = AXIS2_PLACEMENT_3D('',#2761,#2762,#2763);
#2761 = CARTESIAN_POINT('',(72.550000000008,67.849999999992,0.));
#2762 = DIRECTION('',(0.,0.,-1.));
#2763 = DIRECTION('',(0.,-1.,0.));
#2764 = ADVANCED_FACE('',(#2765),#2784,.T.);
#2765 = FACE_BOUND('',#2766,.T.);
#2766 = EDGE_LOOP('',(#2767,#2775,#2776,#2777));
#2767 = ORIENTED_EDGE('',*,*,#2768,.F.);
#2768 = EDGE_CURVE('',#1695,#2769,#2771,.T.);
#2769 = VERTEX_POINT('',#2770);
#2770 = CARTESIAN_POINT('',(63.549999999992,74.850000000008,-15.));
#2771 = LINE('',#2772,#2773);
#2772 = CARTESIAN_POINT('',(63.549999999992,74.850000000008,0.));
#2773 = VECTOR('',#2774,1.);
#2774 = DIRECTION('',(0.,0.,-1.));
#2775 = ORIENTED_EDGE('',*,*,#1702,.F.);
#2776 = ORIENTED_EDGE('',*,*,#2719,.T.);
#2777 = ORIENTED_EDGE('',*,*,#2778,.F.);
#2778 = EDGE_CURVE('',#2769,#2720,#2779,.T.);
#2779 = CIRCLE('',#2780,2.);
#2780 = AXIS2_PLACEMENT_3D('',#2781,#2782,#2783);
#2781 = CARTESIAN_POINT('',(65.549999999992,74.850000000008,-15.));
#2782 = DIRECTION('',(0.,0.,-1.));
#2783 = DIRECTION('',(0.,1.,0.));
#2784 = CYLINDRICAL_SURFACE('',#2785,2.);
#2785 = AXIS2_PLACEMENT_3D('',#2786,#2787,#2788);
#2786 = CARTESIAN_POINT('',(65.549999999992,74.850000000008,0.));
#2787 = DIRECTION('',(0.,0.,-1.));
#2788 = DIRECTION('',(-1.,-0.,-0.));
#2789 = ADVANCED_FACE('',(#2790),#2808,.F.);
#2790 = FACE_BOUND('',#2791,.F.);
#2791 = EDGE_LOOP('',(#2792,#2793,#2801,#2807));
#2792 = ORIENTED_EDGE('',*,*,#2743,.T.);
#2793 = ORIENTED_EDGE('',*,*,#2794,.T.);
#2794 = EDGE_CURVE('',#2744,#2795,#2797,.T.);
#2795 = VERTEX_POINT('',#2796);
#2796 = CARTESIAN_POINT('',(65.549999999992,65.849999999992,-15.));
#2797 = LINE('',#2798,#2799);
#2798 = CARTESIAN_POINT('',(74.550000000008,65.849999999992,-15.));
#2799 = VECTOR('',#2800,1.);
#2800 = DIRECTION('',(-1.,0.,0.));
#2801 = ORIENTED_EDGE('',*,*,#2802,.F.);
#2802 = EDGE_CURVE('',#1718,#2795,#2803,.T.);
#2803 = LINE('',#2804,#2805);
#2804 = CARTESIAN_POINT('',(65.549999999992,65.849999999992,0.));
#2805 = VECTOR('',#2806,1.);
#2806 = DIRECTION('',(0.,0.,-1.));
#2807 = ORIENTED_EDGE('',*,*,#1727,.T.);
#2808 = PLANE('',#2809);
#2809 = AXIS2_PLACEMENT_3D('',#2810,#2811,#2812);
#2810 = CARTESIAN_POINT('',(74.550000000008,65.849999999992,0.));
#2811 = DIRECTION('',(0.,1.,0.));
#2812 = DIRECTION('',(-1.,0.,0.));
#2813 = ADVANCED_FACE('',(#2814),#2832,.F.);
#2814 = FACE_BOUND('',#2815,.F.);
#2815 = EDGE_LOOP('',(#2816,#2824,#2830,#2831));
#2816 = ORIENTED_EDGE('',*,*,#2817,.T.);
#2817 = EDGE_CURVE('',#1744,#2818,#2820,.T.);
#2818 = VERTEX_POINT('',#2819);
#2819 = CARTESIAN_POINT('',(63.549999999992,67.849999999992,-15.));
#2820 = LINE('',#2821,#2822);
#2821 = CARTESIAN_POINT('',(63.549999999992,67.849999999992,0.));
#2822 = VECTOR('',#2823,1.);
#2823 = DIRECTION('',(0.,0.,-1.));
#2824 = ORIENTED_EDGE('',*,*,#2825,.T.);
#2825 = EDGE_CURVE('',#2818,#2769,#2826,.T.);
#2826 = LINE('',#2827,#2828);
#2827 = CARTESIAN_POINT('',(63.549999999992,65.849999999992,-15.));
#2828 = VECTOR('',#2829,1.);
#2829 = DIRECTION('',(0.,1.,0.));
#2830 = ORIENTED_EDGE('',*,*,#2768,.F.);
#2831 = ORIENTED_EDGE('',*,*,#1751,.T.);
#2832 = PLANE('',#2833);
#2833 = AXIS2_PLACEMENT_3D('',#2834,#2835,#2836);
#2834 = CARTESIAN_POINT('',(63.549999999992,65.849999999992,0.));
#2835 = DIRECTION('',(1.,0.,0.));
#2836 = DIRECTION('',(0.,1.,0.));
#2837 = ADVANCED_FACE('',(#2838),#2850,.T.);
#2838 = FACE_BOUND('',#2839,.T.);
#2839 = EDGE_LOOP('',(#2840,#2841,#2842,#2843));
#2840 = ORIENTED_EDGE('',*,*,#2802,.F.);
#2841 = ORIENTED_EDGE('',*,*,#1768,.F.);
#2842 = ORIENTED_EDGE('',*,*,#2817,.T.);
#2843 = ORIENTED_EDGE('',*,*,#2844,.F.);
#2844 = EDGE_CURVE('',#2795,#2818,#2845,.T.);
#2845 = CIRCLE('',#2846,2.);
#2846 = AXIS2_PLACEMENT_3D('',#2847,#2848,#2849);
#2847 = CARTESIAN_POINT('',(65.549999999992,67.849999999992,-15.));
#2848 = DIRECTION('',(0.,0.,-1.));
#2849 = DIRECTION('',(0.,1.,0.));
#2850 = CYLINDRICAL_SURFACE('',#2851,2.);
#2851 = AXIS2_PLACEMENT_3D('',#2852,#2853,#2854);
#2852 = CARTESIAN_POINT('',(65.549999999992,67.849999999992,0.));
#2853 = DIRECTION('',(0.,0.,-1.));
#2854 = DIRECTION('',(0.,-1.,0.));
#2855 = ADVANCED_FACE('',(#2856),#2882,.T.);
#2856 = FACE_BOUND('',#2857,.F.);
#2857 = EDGE_LOOP('',(#2858,#2866,#2867,#2875));
#2858 = ORIENTED_EDGE('',*,*,#2859,.F.);
#2859 = EDGE_CURVE('',#1784,#2860,#2862,.T.);
#2860 = VERTEX_POINT('',#2861);
#2861 = CARTESIAN_POINT('',(-67.44999999999,65.849999999992,-15.));
#2862 = LINE('',#2863,#2864);
#2863 = CARTESIAN_POINT('',(-67.44999999999,65.849999999992,0.));
#2864 = VECTOR('',#2865,1.);
#2865 = DIRECTION('',(0.,0.,-1.));
#2866 = ORIENTED_EDGE('',*,*,#1800,.T.);
#2867 = ORIENTED_EDGE('',*,*,#2868,.T.);
#2868 = EDGE_CURVE('',#1793,#2869,#2871,.T.);
#2869 = VERTEX_POINT('',#2870);
#2870 = CARTESIAN_POINT('',(-65.44999999999,67.849999999992,-15.));
#2871 = LINE('',#2872,#2873);
#2872 = CARTESIAN_POINT('',(-65.44999999999,67.849999999992,0.));
#2873 = VECTOR('',#2874,1.);
#2874 = DIRECTION('',(0.,0.,-1.));
#2875 = ORIENTED_EDGE('',*,*,#2876,.F.);
#2876 = EDGE_CURVE('',#2860,#2869,#2877,.T.);
#2877 = CIRCLE('',#2878,2.);
#2878 = AXIS2_PLACEMENT_3D('',#2879,#2880,#2881);
#2879 = CARTESIAN_POINT('',(-67.44999999999,67.849999999992,-15.));
#2880 = DIRECTION('',(0.,-0.,1.));
#2881 = DIRECTION('',(0.,1.,0.));
#2882 = CYLINDRICAL_SURFACE('',#2883,2.);
#2883 = AXIS2_PLACEMENT_3D('',#2884,#2885,#2886);
#2884 = CARTESIAN_POINT('',(-67.44999999999,67.849999999992,0.));
#2885 = DIRECTION('',(0.,0.,-1.));
#2886 = DIRECTION('',(0.,-1.,0.));
#2887 = ADVANCED_FACE('',(#2888),#2906,.F.);
#2888 = FACE_BOUND('',#2889,.F.);
#2889 = EDGE_LOOP('',(#2890,#2891,#2899,#2905));
#2890 = ORIENTED_EDGE('',*,*,#2859,.T.);
#2891 = ORIENTED_EDGE('',*,*,#2892,.T.);
#2892 = EDGE_CURVE('',#2860,#2893,#2895,.T.);
#2893 = VERTEX_POINT('',#2894);
#2894 = CARTESIAN_POINT('',(-74.45,65.849999999992,-15.));
#2895 = LINE('',#2896,#2897);
#2896 = CARTESIAN_POINT('',(-65.44999999999,65.849999999992,-15.));
#2897 = VECTOR('',#2898,1.);
#2898 = DIRECTION('',(-1.,0.,0.));
#2899 = ORIENTED_EDGE('',*,*,#2900,.F.);
#2900 = EDGE_CURVE('',#1816,#2893,#2901,.T.);
#2901 = LINE('',#2902,#2903);
#2902 = CARTESIAN_POINT('',(-74.45,65.849999999992,0.));
#2903 = VECTOR('',#2904,1.);
#2904 = DIRECTION('',(0.,0.,-1.));
#2905 = ORIENTED_EDGE('',*,*,#1825,.T.);
#2906 = PLANE('',#2907);
#2907 = AXIS2_PLACEMENT_3D('',#2908,#2909,#2910);
#2908 = CARTESIAN_POINT('',(-65.44999999999,65.849999999992,0.));
#2909 = DIRECTION('',(0.,1.,0.));
#2910 = DIRECTION('',(-1.,0.,0.));
#2911 = ADVANCED_FACE('',(#2912),#2930,.F.);
#2912 = FACE_BOUND('',#2913,.F.);
#2913 = EDGE_LOOP('',(#2914,#2922,#2928,#2929));
#2914 = ORIENTED_EDGE('',*,*,#2915,.T.);
#2915 = EDGE_CURVE('',#1842,#2916,#2918,.T.);
#2916 = VERTEX_POINT('',#2917);
#2917 = CARTESIAN_POINT('',(-65.44999999999,74.850000000008,-15.));
#2918 = LINE('',#2919,#2920);
#2919 = CARTESIAN_POINT('',(-65.44999999999,74.850000000008,0.));
#2920 = VECTOR('',#2921,1.);
#2921 = DIRECTION('',(0.,0.,-1.));
#2922 = ORIENTED_EDGE('',*,*,#2923,.T.);
#2923 = EDGE_CURVE('',#2916,#2869,#2924,.T.);
#2924 = LINE('',#2925,#2926);
#2925 = CARTESIAN_POINT('',(-65.44999999999,76.850000000008,-15.));
#2926 = VECTOR('',#2927,1.);
#2927 = DIRECTION('',(0.,-1.,0.));
#2928 = ORIENTED_EDGE('',*,*,#2868,.F.);
#2929 = ORIENTED_EDGE('',*,*,#1849,.T.);
#2930 = PLANE('',#2931);
#2931 = AXIS2_PLACEMENT_3D('',#2932,#2933,#2934);
#2932 = CARTESIAN_POINT('',(-65.44999999999,76.850000000008,0.));
#2933 = DIRECTION('',(-1.,-0.,-0.));
#2934 = DIRECTION('',(0.,-1.,0.));
#2935 = ADVANCED_FACE('',(#2936),#2955,.T.);
#2936 = FACE_BOUND('',#2937,.T.);
#2937 = EDGE_LOOP('',(#2938,#2939,#2940,#2948));
#2938 = ORIENTED_EDGE('',*,*,#2900,.F.);
#2939 = ORIENTED_EDGE('',*,*,#1873,.F.);
#2940 = ORIENTED_EDGE('',*,*,#2941,.T.);
#2941 = EDGE_CURVE('',#1864,#2942,#2944,.T.);
#2942 = VERTEX_POINT('',#2943);
#2943 = CARTESIAN_POINT('',(-76.45,67.849999999992,-15.));
#2944 = LINE('',#2945,#2946);
#2945 = CARTESIAN_POINT('',(-76.45,67.849999999992,0.));
#2946 = VECTOR('',#2947,1.);
#2947 = DIRECTION('',(0.,0.,-1.));
#2948 = ORIENTED_EDGE('',*,*,#2949,.F.);
#2949 = EDGE_CURVE('',#2893,#2942,#2950,.T.);
#2950 = CIRCLE('',#2951,2.);
#2951 = AXIS2_PLACEMENT_3D('',#2952,#2953,#2954);
#2952 = CARTESIAN_POINT('',(-74.45,67.849999999992,-15.));
#2953 = DIRECTION('',(0.,0.,-1.));
#2954 = DIRECTION('',(0.,1.,0.));
#2955 = CYLINDRICAL_SURFACE('',#2956,2.);
#2956 = AXIS2_PLACEMENT_3D('',#2957,#2958,#2959);
#2957 = CARTESIAN_POINT('',(-74.45,67.849999999992,0.));
#2958 = DIRECTION('',(0.,0.,-1.));
#2959 = DIRECTION('',(0.,-1.,0.));
#2960 = ADVANCED_FACE('',(#2961),#2980,.T.);
#2961 = FACE_BOUND('',#2962,.F.);
#2962 = EDGE_LOOP('',(#2963,#2964,#2965,#2973));
#2963 = ORIENTED_EDGE('',*,*,#2915,.F.);
#2964 = ORIENTED_EDGE('',*,*,#1898,.T.);
#2965 = ORIENTED_EDGE('',*,*,#2966,.T.);
#2966 = EDGE_CURVE('',#1891,#2967,#2969,.T.);
#2967 = VERTEX_POINT('',#2968);
#2968 = CARTESIAN_POINT('',(-67.44999999999,76.850000000008,-15.));
#2969 = LINE('',#2970,#2971);
#2970 = CARTESIAN_POINT('',(-67.44999999999,76.850000000008,0.));
#2971 = VECTOR('',#2972,1.);
#2972 = DIRECTION('',(0.,0.,-1.));
#2973 = ORIENTED_EDGE('',*,*,#2974,.F.);
#2974 = EDGE_CURVE('',#2916,#2967,#2975,.T.);
#2975 = CIRCLE('',#2976,2.);
#2976 = AXIS2_PLACEMENT_3D('',#2977,#2978,#2979);
#2977 = CARTESIAN_POINT('',(-67.44999999999,74.850000000008,-15.));
#2978 = DIRECTION('',(0.,-0.,1.));
#2979 = DIRECTION('',(0.,1.,0.));
#2980 = CYLINDRICAL_SURFACE('',#2981,2.);
#2981 = AXIS2_PLACEMENT_3D('',#2982,#2983,#2984);
#2982 = CARTESIAN_POINT('',(-67.44999999999,74.850000000008,0.));
#2983 = DIRECTION('',(0.,0.,-1.));
#2984 = DIRECTION('',(1.,0.,0.));
#2985 = ADVANCED_FACE('',(#2986),#3004,.F.);
#2986 = FACE_BOUND('',#2987,.F.);
#2987 = EDGE_LOOP('',(#2988,#2989,#2997,#3003));
#2988 = ORIENTED_EDGE('',*,*,#2941,.T.);
#2989 = ORIENTED_EDGE('',*,*,#2990,.T.);
#2990 = EDGE_CURVE('',#2942,#2991,#2993,.T.);
#2991 = VERTEX_POINT('',#2992);
#2992 = CARTESIAN_POINT('',(-76.45,74.850000000008,-15.));
#2993 = LINE('',#2994,#2995);
#2994 = CARTESIAN_POINT('',(-76.45,65.849999999992,-15.));
#2995 = VECTOR('',#2996,1.);
#2996 = DIRECTION('',(0.,1.,0.));
#2997 = ORIENTED_EDGE('',*,*,#2998,.F.);
#2998 = EDGE_CURVE('',#1914,#2991,#2999,.T.);
#2999 = LINE('',#3000,#3001);
#3000 = CARTESIAN_POINT('',(-76.45,74.850000000008,0.));
#3001 = VECTOR('',#3002,1.);
#3002 = DIRECTION('',(0.,0.,-1.));
#3003 = ORIENTED_EDGE('',*,*,#1923,.T.);
#3004 = PLANE('',#3005);
#3005 = AXIS2_PLACEMENT_3D('',#3006,#3007,#3008);
#3006 = CARTESIAN_POINT('',(-76.45,65.849999999992,0.));
#3007 = DIRECTION('',(1.,0.,0.));
#3008 = DIRECTION('',(0.,1.,0.));
#3009 = ADVANCED_FACE('',(#3010),#3028,.F.);
#3010 = FACE_BOUND('',#3011,.F.);
#3011 = EDGE_LOOP('',(#3012,#3020,#3026,#3027));
#3012 = ORIENTED_EDGE('',*,*,#3013,.T.);
#3013 = EDGE_CURVE('',#1940,#3014,#3016,.T.);
#3014 = VERTEX_POINT('',#3015);
#3015 = CARTESIAN_POINT('',(-74.45,76.850000000008,-15.));
#3016 = LINE('',#3017,#3018);
#3017 = CARTESIAN_POINT('',(-74.45,76.850000000008,0.));
#3018 = VECTOR('',#3019,1.);
#3019 = DIRECTION('',(0.,0.,-1.));
#3020 = ORIENTED_EDGE('',*,*,#3021,.T.);
#3021 = EDGE_CURVE('',#3014,#2967,#3022,.T.);
#3022 = LINE('',#3023,#3024);
#3023 = CARTESIAN_POINT('',(-76.45,76.850000000008,-15.));
#3024 = VECTOR('',#3025,1.);
#3025 = DIRECTION('',(1.,0.,0.));
#3026 = ORIENTED_EDGE('',*,*,#2966,.F.);
#3027 = ORIENTED_EDGE('',*,*,#1947,.T.);
#3028 = PLANE('',#3029);
#3029 = AXIS2_PLACEMENT_3D('',#3030,#3031,#3032);
#3030 = CARTESIAN_POINT('',(-76.45,76.850000000008,0.));
#3031 = DIRECTION('',(0.,-1.,0.));
#3032 = DIRECTION('',(1.,0.,0.));
#3033 = ADVANCED_FACE('',(#3034),#3046,.T.);
#3034 = FACE_BOUND('',#3035,.T.);
#3035 = EDGE_LOOP('',(#3036,#3037,#3038,#3039));
#3036 = ORIENTED_EDGE('',*,*,#2998,.F.);
#3037 = ORIENTED_EDGE('',*,*,#1964,.F.);
#3038 = ORIENTED_EDGE('',*,*,#3013,.T.);
#3039 = ORIENTED_EDGE('',*,*,#3040,.F.);
#3040 = EDGE_CURVE('',#2991,#3014,#3041,.T.);
#3041 = CIRCLE('',#3042,2.);
#3042 = AXIS2_PLACEMENT_3D('',#3043,#3044,#3045);
#3043 = CARTESIAN_POINT('',(-74.45,74.850000000008,-15.));
#3044 = DIRECTION('',(0.,0.,-1.));
#3045 = DIRECTION('',(0.,1.,0.));
#3046 = CYLINDRICAL_SURFACE('',#3047,2.);
#3047 = AXIS2_PLACEMENT_3D('',#3048,#3049,#3050);
#3048 = CARTESIAN_POINT('',(-74.45,74.850000000008,0.));
#3049 = DIRECTION('',(0.,0.,-1.));
#3050 = DIRECTION('',(-1.,-0.,-0.));
#3051 = ADVANCED_FACE('',(#3052,#3064),#3075,.T.);
#3052 = FACE_BOUND('',#3053,.T.);
#3053 = EDGE_LOOP('',(#3054,#3055,#3056,#3057,#3058,#3059,#3060,#3061,
    #3062,#3063));
#3054 = ORIENTED_EDGE('',*,*,#2368,.F.);
#3055 = ORIENTED_EDGE('',*,*,#2403,.F.);
#3056 = ORIENTED_EDGE('',*,*,#2058,.F.);
#3057 = ORIENTED_EDGE('',*,*,#2066,.F.);
#3058 = ORIENTED_EDGE('',*,*,#2074,.T.);
#3059 = ORIENTED_EDGE('',*,*,#2123,.T.);
#3060 = ORIENTED_EDGE('',*,*,#2172,.T.);
#3061 = ORIENTED_EDGE('',*,*,#2221,.F.);
#3062 = ORIENTED_EDGE('',*,*,#2261,.T.);
#3063 = ORIENTED_EDGE('',*,*,#2319,.T.);
#3064 = FACE_BOUND('',#3065,.T.);
#3065 = EDGE_LOOP('',(#3066));
#3066 = ORIENTED_EDGE('',*,*,#3067,.F.);
#3067 = EDGE_CURVE('',#3068,#3068,#3070,.T.);
#3068 = VERTEX_POINT('',#3069);
#3069 = CARTESIAN_POINT('',(-47.95,-25.65,-15.));
#3070 = CIRCLE('',#3071,3.);
#3071 = AXIS2_PLACEMENT_3D('',#3072,#3073,#3074);
#3072 = CARTESIAN_POINT('',(-50.95,-25.65,-15.));
#3073 = DIRECTION('',(0.,0.,-1.));
#3074 = DIRECTION('',(1.,0.,0.));
#3075 = PLANE('',#3076);
#3076 = AXIS2_PLACEMENT_3D('',#3077,#3078,#3079);
#3077 = CARTESIAN_POINT('',(-50.95,-26.65,-15.));
#3078 = DIRECTION('',(-0.,-0.,-1.));
#3079 = DIRECTION('',(-1.,0.,0.));
#3080 = ADVANCED_FACE('',(#3081,#3091),#3125,.F.);
#3081 = FACE_BOUND('',#3082,.F.);
#3082 = EDGE_LOOP('',(#3083,#3084,#3085,#3086,#3087,#3088,#3089,#3090));
#3083 = ORIENTED_EDGE('',*,*,#2237,.T.);
#3084 = ORIENTED_EDGE('',*,*,#2294,.T.);
#3085 = ORIENTED_EDGE('',*,*,#2335,.T.);
#3086 = ORIENTED_EDGE('',*,*,#2385,.T.);
#3087 = ORIENTED_EDGE('',*,*,#1996,.F.);
#3088 = ORIENTED_EDGE('',*,*,#2098,.T.);
#3089 = ORIENTED_EDGE('',*,*,#2146,.F.);
#3090 = ORIENTED_EDGE('',*,*,#2196,.F.);
#3091 = FACE_BOUND('',#3092,.F.);
#3092 = EDGE_LOOP('',(#3093,#3103,#3111,#3119));
#3093 = ORIENTED_EDGE('',*,*,#3094,.T.);
#3094 = EDGE_CURVE('',#3095,#3097,#3099,.T.);
#3095 = VERTEX_POINT('',#3096);
#3096 = CARTESIAN_POINT('',(-70.05,-68.15,-70.));
#3097 = VERTEX_POINT('',#3098);
#3098 = CARTESIAN_POINT('',(-70.05,-36.15,-70.));
#3099 = LINE('',#3100,#3101);
#3100 = CARTESIAN_POINT('',(-70.05,-68.15,-70.));
#3101 = VECTOR('',#3102,1.);
#3102 = DIRECTION('',(0.,1.,0.));
#3103 = ORIENTED_EDGE('',*,*,#3104,.F.);
#3104 = EDGE_CURVE('',#3105,#3097,#3107,.T.);
#3105 = VERTEX_POINT('',#3106);
#3106 = CARTESIAN_POINT('',(99.95,-36.15,-70.));
#3107 = LINE('',#3108,#3109);
#3108 = CARTESIAN_POINT('',(99.95,-36.15,-70.));
#3109 = VECTOR('',#3110,1.);
#3110 = DIRECTION('',(-1.,0.,0.));
#3111 = ORIENTED_EDGE('',*,*,#3112,.F.);
#3112 = EDGE_CURVE('',#3113,#3105,#3115,.T.);
#3113 = VERTEX_POINT('',#3114);
#3114 = CARTESIAN_POINT('',(99.95,-68.15,-70.));
#3115 = LINE('',#3116,#3117);
#3116 = CARTESIAN_POINT('',(99.95,-68.15,-70.));
#3117 = VECTOR('',#3118,1.);
#3118 = DIRECTION('',(0.,1.,0.));
#3119 = ORIENTED_EDGE('',*,*,#3120,.F.);
#3120 = EDGE_CURVE('',#3095,#3113,#3121,.T.);
#3121 = LINE('',#3122,#3123);
#3122 = CARTESIAN_POINT('',(-70.05,-68.15,-70.));
#3123 = VECTOR('',#3124,1.);
#3124 = DIRECTION('',(1.,0.,0.));
#3125 = PLANE('',#3126);
#3126 = AXIS2_PLACEMENT_3D('',#3127,#3128,#3129);
#3127 = CARTESIAN_POINT('',(14.95,-52.15,-70.));
#3128 = DIRECTION('',(0.,0.,1.));
#3129 = DIRECTION('',(1.,0.,0.));
#3130 = ADVANCED_FACE('',(#3131,#3143),#3154,.T.);
#3131 = FACE_BOUND('',#3132,.T.);
#3132 = EDGE_LOOP('',(#3133,#3134,#3135,#3136,#3137,#3138,#3139,#3140,
    #3141,#3142));
#3133 = ORIENTED_EDGE('',*,*,#2478,.F.);
#3134 = ORIENTED_EDGE('',*,*,#2428,.F.);
#3135 = ORIENTED_EDGE('',*,*,#2019,.F.);
#3136 = ORIENTED_EDGE('',*,*,#2027,.F.);
#3137 = ORIENTED_EDGE('',*,*,#2035,.T.);
#3138 = ORIENTED_EDGE('',*,*,#2453,.T.);
#3139 = ORIENTED_EDGE('',*,*,#2502,.T.);
#3140 = ORIENTED_EDGE('',*,*,#2551,.F.);
#3141 = ORIENTED_EDGE('',*,*,#2567,.T.);
#3142 = ORIENTED_EDGE('',*,*,#2526,.T.);
#3143 = FACE_BOUND('',#3144,.T.);
#3144 = EDGE_LOOP('',(#3145));
#3145 = ORIENTED_EDGE('',*,*,#3146,.F.);
#3146 = EDGE_CURVE('',#3147,#3147,#3149,.T.);
#3147 = VERTEX_POINT('',#3148);
#3148 = CARTESIAN_POINT('',(42.05,-25.65,-15.));
#3149 = CIRCLE('',#3150,3.);
#3150 = AXIS2_PLACEMENT_3D('',#3151,#3152,#3153);
#3151 = CARTESIAN_POINT('',(39.05,-25.65,-15.));
#3152 = DIRECTION('',(0.,0.,-1.));
#3153 = DIRECTION('',(1.,0.,0.));
#3154 = PLANE('',#3155);
#3155 = AXIS2_PLACEMENT_3D('',#3156,#3157,#3158);
#3156 = CARTESIAN_POINT('',(39.050000000001,-26.64999999999,-15.));
#3157 = DIRECTION('',(-0.,-0.,-1.));
#3158 = DIRECTION('',(-1.,0.,0.));
#3159 = ADVANCED_FACE('',(#3160),#3176,.T.);
#3160 = FACE_BOUND('',#3161,.T.);
#3161 = EDGE_LOOP('',(#3162,#3163,#3169,#3170));
#3162 = ORIENTED_EDGE('',*,*,#2602,.T.);
#3163 = ORIENTED_EDGE('',*,*,#3164,.F.);
#3164 = EDGE_CURVE('',#3095,#2605,#3165,.T.);
#3165 = LINE('',#3166,#3167);
#3166 = CARTESIAN_POINT('',(-70.05,-68.15,0.));
#3167 = VECTOR('',#3168,1.);
#3168 = DIRECTION('',(0.,0.,1.));
#3169 = ORIENTED_EDGE('',*,*,#3094,.T.);
#3170 = ORIENTED_EDGE('',*,*,#3171,.F.);
#3171 = EDGE_CURVE('',#2603,#3097,#3172,.T.);
#3172 = LINE('',#3173,#3174);
#3173 = CARTESIAN_POINT('',(-70.05,-36.15,0.));
#3174 = VECTOR('',#3175,1.);
#3175 = DIRECTION('',(0.,0.,-1.));
#3176 = PLANE('',#3177);
#3177 = AXIS2_PLACEMENT_3D('',#3178,#3179,#3180);
#3178 = CARTESIAN_POINT('',(-70.05,-52.15,-33.4));
#3179 = DIRECTION('',(1.,0.,0.));
#3180 = DIRECTION('',(0.,0.,1.));
#3181 = ADVANCED_FACE('',(#3182),#3193,.T.);
#3182 = FACE_BOUND('',#3183,.T.);
#3183 = EDGE_LOOP('',(#3184,#3185,#3186,#3192));
#3184 = ORIENTED_EDGE('',*,*,#3164,.T.);
#3185 = ORIENTED_EDGE('',*,*,#2628,.T.);
#3186 = ORIENTED_EDGE('',*,*,#3187,.F.);
#3187 = EDGE_CURVE('',#3113,#2621,#3188,.T.);
#3188 = LINE('',#3189,#3190);
#3189 = CARTESIAN_POINT('',(99.95,-68.15,0.));
#3190 = VECTOR('',#3191,1.);
#3191 = DIRECTION('',(0.,0.,1.));
#3192 = ORIENTED_EDGE('',*,*,#3120,.F.);
#3193 = PLANE('',#3194);
#3194 = AXIS2_PLACEMENT_3D('',#3195,#3196,#3197);
#3195 = CARTESIAN_POINT('',(14.95,-68.15,-33.4));
#3196 = DIRECTION('',(0.,1.,0.));
#3197 = DIRECTION('',(0.,0.,1.));
#3198 = ADVANCED_FACE('',(#3199),#3210,.T.);
#3199 = FACE_BOUND('',#3200,.T.);
#3200 = EDGE_LOOP('',(#3201,#3202,#3203,#3209));
#3201 = ORIENTED_EDGE('',*,*,#3187,.T.);
#3202 = ORIENTED_EDGE('',*,*,#2620,.T.);
#3203 = ORIENTED_EDGE('',*,*,#3204,.F.);
#3204 = EDGE_CURVE('',#3105,#2613,#3205,.T.);
#3205 = LINE('',#3206,#3207);
#3206 = CARTESIAN_POINT('',(99.95,-36.15,0.));
#3207 = VECTOR('',#3208,1.);
#3208 = DIRECTION('',(0.,0.,1.));
#3209 = ORIENTED_EDGE('',*,*,#3112,.F.);
#3210 = PLANE('',#3211);
#3211 = AXIS2_PLACEMENT_3D('',#3212,#3213,#3214);
#3212 = CARTESIAN_POINT('',(99.95,-52.15,-33.4));
#3213 = DIRECTION('',(-1.,-0.,-0.));
#3214 = DIRECTION('',(0.,0.,-1.));
#3215 = ADVANCED_FACE('',(#3216),#3222,.T.);
#3216 = FACE_BOUND('',#3217,.T.);
#3217 = EDGE_LOOP('',(#3218,#3219,#3220,#3221));
#3218 = ORIENTED_EDGE('',*,*,#3204,.T.);
#3219 = ORIENTED_EDGE('',*,*,#2612,.T.);
#3220 = ORIENTED_EDGE('',*,*,#3171,.T.);
#3221 = ORIENTED_EDGE('',*,*,#3104,.F.);
#3222 = PLANE('',#3223);
#3223 = AXIS2_PLACEMENT_3D('',#3224,#3225,#3226);
#3224 = CARTESIAN_POINT('',(14.95,-36.15,-33.4));
#3225 = DIRECTION('',(-0.,-1.,-0.));
#3226 = DIRECTION('',(0.,0.,-1.));
#3227 = ADVANCED_FACE('',(#3228,#3238),#3249,.F.);
#3228 = FACE_BOUND('',#3229,.F.);
#3229 = EDGE_LOOP('',(#3230,#3231,#3232,#3233,#3234,#3235,#3236,#3237));
#3230 = ORIENTED_EDGE('',*,*,#2825,.F.);
#3231 = ORIENTED_EDGE('',*,*,#2844,.F.);
#3232 = ORIENTED_EDGE('',*,*,#2794,.F.);
#3233 = ORIENTED_EDGE('',*,*,#2753,.T.);
#3234 = ORIENTED_EDGE('',*,*,#2696,.F.);
#3235 = ORIENTED_EDGE('',*,*,#2680,.T.);
#3236 = ORIENTED_EDGE('',*,*,#2727,.F.);
#3237 = ORIENTED_EDGE('',*,*,#2778,.F.);
#3238 = FACE_BOUND('',#3239,.F.);
#3239 = EDGE_LOOP('',(#3240));
#3240 = ORIENTED_EDGE('',*,*,#3241,.T.);
#3241 = EDGE_CURVE('',#3242,#3242,#3244,.T.);
#3242 = VERTEX_POINT('',#3243);
#3243 = CARTESIAN_POINT('',(72.05,71.35,-15.));
#3244 = CIRCLE('',#3245,3.);
#3245 = AXIS2_PLACEMENT_3D('',#3246,#3247,#3248);
#3246 = CARTESIAN_POINT('',(69.05,71.35,-15.));
#3247 = DIRECTION('',(0.,0.,-1.));
#3248 = DIRECTION('',(1.,0.,0.));
#3249 = PLANE('',#3250);
#3250 = AXIS2_PLACEMENT_3D('',#3251,#3252,#3253);
#3251 = CARTESIAN_POINT('',(-3.449999999993,22.850000000019,-15.));
#3252 = DIRECTION('',(0.,0.,1.));
#3253 = DIRECTION('',(1.,0.,0.));
#3254 = ADVANCED_FACE('',(#3255,#3265),#3276,.F.);
#3255 = FACE_BOUND('',#3256,.F.);
#3256 = EDGE_LOOP('',(#3257,#3258,#3259,#3260,#3261,#3262,#3263,#3264));
#3257 = ORIENTED_EDGE('',*,*,#2990,.F.);
#3258 = ORIENTED_EDGE('',*,*,#2949,.F.);
#3259 = ORIENTED_EDGE('',*,*,#2892,.F.);
#3260 = ORIENTED_EDGE('',*,*,#2876,.T.);
#3261 = ORIENTED_EDGE('',*,*,#2923,.F.);
#3262 = ORIENTED_EDGE('',*,*,#2974,.T.);
#3263 = ORIENTED_EDGE('',*,*,#3021,.F.);
#3264 = ORIENTED_EDGE('',*,*,#3040,.F.);
#3265 = FACE_BOUND('',#3266,.F.);
#3266 = EDGE_LOOP('',(#3267));
#3267 = ORIENTED_EDGE('',*,*,#3268,.T.);
#3268 = EDGE_CURVE('',#3269,#3269,#3271,.T.);
#3269 = VERTEX_POINT('',#3270);
#3270 = CARTESIAN_POINT('',(-67.95,71.35,-15.));
#3271 = CIRCLE('',#3272,3.);
#3272 = AXIS2_PLACEMENT_3D('',#3273,#3274,#3275);
#3273 = CARTESIAN_POINT('',(-70.95,71.35,-15.));
#3274 = DIRECTION('',(0.,0.,-1.));
#3275 = DIRECTION('',(1.,0.,0.));
#3276 = PLANE('',#3277);
#3277 = AXIS2_PLACEMENT_3D('',#3278,#3279,#3280);
#3278 = CARTESIAN_POINT('',(-3.449999999993,22.850000000019,-15.));
#3279 = DIRECTION('',(0.,0.,1.));
#3280 = DIRECTION('',(1.,0.,0.));
#3281 = ADVANCED_FACE('',(#3282),#3301,.F.);
#3282 = FACE_BOUND('',#3283,.T.);
#3283 = EDGE_LOOP('',(#3284,#3292,#3293,#3294));
#3284 = ORIENTED_EDGE('',*,*,#3285,.T.);
#3285 = EDGE_CURVE('',#3286,#3068,#3288,.T.);
#3286 = VERTEX_POINT('',#3287);
#3287 = CARTESIAN_POINT('',(-47.95,-25.65,0.));
#3288 = LINE('',#3289,#3290);
#3289 = CARTESIAN_POINT('',(-47.95,-25.65,0.));
#3290 = VECTOR('',#3291,1.);
#3291 = DIRECTION('',(0.,0.,-1.));
#3292 = ORIENTED_EDGE('',*,*,#3067,.T.);
#3293 = ORIENTED_EDGE('',*,*,#3285,.F.);
#3294 = ORIENTED_EDGE('',*,*,#3295,.F.);
#3295 = EDGE_CURVE('',#3286,#3286,#3296,.T.);
#3296 = CIRCLE('',#3297,3.);
#3297 = AXIS2_PLACEMENT_3D('',#3298,#3299,#3300);
#3298 = CARTESIAN_POINT('',(-50.95,-25.65,0.));
#3299 = DIRECTION('',(0.,0.,-1.));
#3300 = DIRECTION('',(1.,0.,0.));
#3301 = CYLINDRICAL_SURFACE('',#3302,3.);
#3302 = AXIS2_PLACEMENT_3D('',#3303,#3304,#3305);
#3303 = CARTESIAN_POINT('',(-50.95,-25.65,0.));
#3304 = DIRECTION('',(0.,0.,1.));
#3305 = DIRECTION('',(1.,0.,0.));
#3306 = ADVANCED_FACE('',(#3307),#3326,.F.);
#3307 = FACE_BOUND('',#3308,.T.);
#3308 = EDGE_LOOP('',(#3309,#3317,#3318,#3319));
#3309 = ORIENTED_EDGE('',*,*,#3310,.T.);
#3310 = EDGE_CURVE('',#3311,#3147,#3313,.T.);
#3311 = VERTEX_POINT('',#3312);
#3312 = CARTESIAN_POINT('',(42.05,-25.65,0.));
#3313 = LINE('',#3314,#3315);
#3314 = CARTESIAN_POINT('',(42.05,-25.65,0.));
#3315 = VECTOR('',#3316,1.);
#3316 = DIRECTION('',(0.,0.,-1.));
#3317 = ORIENTED_EDGE('',*,*,#3146,.T.);
#3318 = ORIENTED_EDGE('',*,*,#3310,.F.);
#3319 = ORIENTED_EDGE('',*,*,#3320,.F.);
#3320 = EDGE_CURVE('',#3311,#3311,#3321,.T.);
#3321 = CIRCLE('',#3322,3.);
#3322 = AXIS2_PLACEMENT_3D('',#3323,#3324,#3325);
#3323 = CARTESIAN_POINT('',(39.05,-25.65,0.));
#3324 = DIRECTION('',(0.,0.,-1.));
#3325 = DIRECTION('',(1.,0.,0.));
#3326 = CYLINDRICAL_SURFACE('',#3327,3.);
#3327 = AXIS2_PLACEMENT_3D('',#3328,#3329,#3330);
#3328 = CARTESIAN_POINT('',(39.05,-25.65,0.));
#3329 = DIRECTION('',(0.,0.,1.));
#3330 = DIRECTION('',(1.,0.,0.));
#3331 = ADVANCED_FACE('',(#3332),#3351,.F.);
#3332 = FACE_BOUND('',#3333,.T.);
#3333 = EDGE_LOOP('',(#3334,#3342,#3343,#3344));
#3334 = ORIENTED_EDGE('',*,*,#3335,.T.);
#3335 = EDGE_CURVE('',#3336,#3242,#3338,.T.);
#3336 = VERTEX_POINT('',#3337);
#3337 = CARTESIAN_POINT('',(72.05,71.35,0.));
#3338 = LINE('',#3339,#3340);
#3339 = CARTESIAN_POINT('',(72.05,71.35,0.));
#3340 = VECTOR('',#3341,1.);
#3341 = DIRECTION('',(0.,0.,-1.));
#3342 = ORIENTED_EDGE('',*,*,#3241,.T.);
#3343 = ORIENTED_EDGE('',*,*,#3335,.F.);
#3344 = ORIENTED_EDGE('',*,*,#3345,.F.);
#3345 = EDGE_CURVE('',#3336,#3336,#3346,.T.);
#3346 = CIRCLE('',#3347,3.);
#3347 = AXIS2_PLACEMENT_3D('',#3348,#3349,#3350);
#3348 = CARTESIAN_POINT('',(69.05,71.35,0.));
#3349 = DIRECTION('',(0.,0.,-1.));
#3350 = DIRECTION('',(1.,0.,0.));
#3351 = CYLINDRICAL_SURFACE('',#3352,3.);
#3352 = AXIS2_PLACEMENT_3D('',#3353,#3354,#3355);
#3353 = CARTESIAN_POINT('',(69.05,71.35,0.));
#3354 = DIRECTION('',(0.,0.,1.));
#3355 = DIRECTION('',(1.,0.,0.));
#3356 = ADVANCED_FACE('',(#3357),#3376,.F.);
#3357 = FACE_BOUND('',#3358,.T.);
#3358 = EDGE_LOOP('',(#3359,#3367,#3368,#3369));
#3359 = ORIENTED_EDGE('',*,*,#3360,.T.);
#3360 = EDGE_CURVE('',#3361,#3269,#3363,.T.);
#3361 = VERTEX_POINT('',#3362);
#3362 = CARTESIAN_POINT('',(-67.95,71.35,0.));
#3363 = LINE('',#3364,#3365);
#3364 = CARTESIAN_POINT('',(-67.95,71.35,0.));
#3365 = VECTOR('',#3366,1.);
#3366 = DIRECTION('',(0.,0.,-1.));
#3367 = ORIENTED_EDGE('',*,*,#3268,.T.);
#3368 = ORIENTED_EDGE('',*,*,#3360,.F.);
#3369 = ORIENTED_EDGE('',*,*,#3370,.F.);
#3370 = EDGE_CURVE('',#3361,#3361,#3371,.T.);
#3371 = CIRCLE('',#3372,3.);
#3372 = AXIS2_PLACEMENT_3D('',#3373,#3374,#3375);
#3373 = CARTESIAN_POINT('',(-70.95,71.35,0.));
#3374 = DIRECTION('',(0.,0.,-1.));
#3375 = DIRECTION('',(1.,0.,0.));
#3376 = CYLINDRICAL_SURFACE('',#3377,3.);
#3377 = AXIS2_PLACEMENT_3D('',#3378,#3379,#3380);
#3378 = CARTESIAN_POINT('',(-70.95,71.35,0.));
#3379 = DIRECTION('',(0.,0.,1.));
#3380 = DIRECTION('',(1.,0.,0.));
#3381 = ADVANCED_FACE('',(#3382),#3385,.F.);
#3382 = FACE_BOUND('',#3383,.F.);
#3383 = EDGE_LOOP('',(#3384));
#3384 = ORIENTED_EDGE('',*,*,#3295,.F.);
#3385 = PLANE('',#3386);
#3386 = AXIS2_PLACEMENT_3D('',#3387,#3388,#3389);
#3387 = CARTESIAN_POINT('',(0.,0.,0.));
#3388 = DIRECTION('',(0.,0.,1.));
#3389 = DIRECTION('',(1.,0.,0.));
#3390 = ADVANCED_FACE('',(#3391),#3394,.F.);
#3391 = FACE_BOUND('',#3392,.F.);
#3392 = EDGE_LOOP('',(#3393));
#3393 = ORIENTED_EDGE('',*,*,#3320,.F.);
#3394 = PLANE('',#3395);
#3395 = AXIS2_PLACEMENT_3D('',#3396,#3397,#3398);
#3396 = CARTESIAN_POINT('',(0.,0.,0.));
#3397 = DIRECTION('',(0.,0.,1.));
#3398 = DIRECTION('',(1.,0.,0.));
#3399 = ADVANCED_FACE('',(#3400),#3403,.F.);
#3400 = FACE_BOUND('',#3401,.F.);
#3401 = EDGE_LOOP('',(#3402));
#3402 = ORIENTED_EDGE('',*,*,#3345,.F.);
#3403 = PLANE('',#3404);
#3404 = AXIS2_PLACEMENT_3D('',#3405,#3406,#3407);
#3405 = CARTESIAN_POINT('',(0.,0.,0.));
#3406 = DIRECTION('',(0.,0.,1.));
#3407 = DIRECTION('',(1.,0.,0.));
#3408 = ADVANCED_FACE('',(#3409),#3412,.F.);
#3409 = FACE_BOUND('',#3410,.F.);
#3410 = EDGE_LOOP('',(#3411));
#3411 = ORIENTED_EDGE('',*,*,#3370,.F.);
#3412 = PLANE('',#3413);
#3413 = AXIS2_PLACEMENT_3D('',#3414,#3415,#3416);
#3414 = CARTESIAN_POINT('',(0.,0.,0.));
#3415 = DIRECTION('',(0.,0.,1.));
#3416 = DIRECTION('',(1.,0.,0.));
#3417 = ( GEOMETRIC_REPRESENTATION_CONTEXT(3) 
GLOBAL_UNCERTAINTY_ASSIGNED_CONTEXT((#3421)) 
GLOBAL_UNIT_ASSIGNED_CONTEXT((#3418,#3419,#3420)) REPRESENTATION_CONTEXT
('Context #1','3D Context with UNIT and UNCERTAINTY') );
#3418 = ( LENGTH_UNIT() NAMED_UNIT(*) SI_UNIT(.MILLI.,.METRE.) );
#3419 = ( NAMED_UNIT(*) PLANE_ANGLE_UNIT() SI_UNIT($,.RADIAN.) );
#3420 = ( NAMED_UNIT(*) SI_UNIT($,.STERADIAN.) SOLID_ANGLE_UNIT() );
#3421 = UNCERTAINTY_MEASURE_WITH_UNIT(LENGTH_MEASURE(5.E-06),#3418,
  'distance_accuracy_value','confusion accuracy');
#3422 = PRODUCT_RELATED_PRODUCT_CATEGORY('part',$,(#7));
#3423 = MECHANICAL_DESIGN_GEOMETRIC_PRESENTATION_REPRESENTATION('',(
    #3424),#3417);
#3424 = STYLED_ITEM('color',(#3425),#15);
#3425 = PRESENTATION_STYLE_ASSIGNMENT((#3426,#3432));
#3426 = SURFACE_STYLE_USAGE(.BOTH.,#3427);
#3427 = SURFACE_SIDE_STYLE('',(#3428));
#3428 = SURFACE_STYLE_FILL_AREA(#3429);
#3429 = FILL_AREA_STYLE('',(#3430));
#3430 = FILL_AREA_STYLE_COLOUR('',#3431);
#3431 = COLOUR_RGB('',0.690297594764,0.831492722044,0.89771616367);
#3432 = CURVE_STYLE('',#3433,POSITIVE_LENGTH_MEASURE(0.1),#3434);
#3433 = DRAUGHTING_PRE_DEFINED_CURVE_FONT('continuous');
#3434 = DRAUGHTING_PRE_DEFINED_COLOUR('black');
ENDSEC;
END-ISO-10303-21;
