ISO-10303-21;
HEADER;
FILE_DESCRIPTION(('FreeCAD Model'),'2;1');
FILE_NAME('Open CASCADE Shape Model','2026-04-09T10:07:58',(''),(''),
  'Open CASCADE STEP processor 7.8','FreeCAD','Unknown');
FILE_SCHEMA(('AUTOMOTIVE_DESIGN { 1 0 10303 214 1 1 1 1 }'));
ENDSEC;
DATA;
#1 = APPLICATION_PROTOCOL_DEFINITION('international standard',
  'automotive_design',2000,#2);
#2 = APPLICATION_CONTEXT(
  'core data for automotive mechanical design processes');
#3 = SHAPE_DEFINITION_REPRESENTATION(#4,#10);
#4 = PRODUCT_DEFINITION_SHAPE('','',#5);
#5 = PRODUCT_DEFINITION('design','',#6,#9);
#6 = PRODUCT_DEFINITION_FORMATION('','',#7);
#7 = PRODUCT('Body','Body','',(#8));
#8 = PRODUCT_CONTEXT('',#2,'mechanical');
#9 = PRODUCT_DEFINITION_CONTEXT('part definition',#2,'design');
#10 = ADVANCED_BREP_SHAPE_REPRESENTATION('',(#11,#15),#4498);
#11 = AXIS2_PLACEMENT_3D('',#12,#13,#14);
#12 = CARTESIAN_POINT('',(0.,0.,0.));
#13 = DIRECTION('',(0.,0.,1.));
#14 = DIRECTION('',(1.,0.,-0.));
#15 = MANIFOLD_SOLID_BREP('',#16);
#16 = CLOSED_SHELL('',(#17,#696,#727,#752,#777,#801,#825,#850,#875,#892,
    #917,#942,#967,#1089,#1114,#1139,#1163,#1187,#1212,#1237,#1261,#1285
    ,#1310,#1335,#1359,#1383,#1407,#1432,#1457,#1481,#1505,#1530,#1555,
    #1579,#1603,#1628,#1653,#1677,#1701,#1726,#1751,#1775,#1799,#1817,
    #1842,#1867,#1892,#1917,#1942,#1974,#1998,#2022,#2047,#2072,#2096,
    #2120,#2138,#2163,#2188,#2213,#2238,#2263,#2288,#2313,#2338,#2363,
    #2395,#2419,#2443,#2468,#2493,#2517,#2541,#2559,#2584,#2768,#2780,
    #2805,#2830,#2915,#2946,#2970,#2994,#3018,#3035,#3098,#3123,#3147,
    #3172,#3196,#3221,#3245,#3262,#3280,#3297,#3314,#3339,#3351,#3375,
    #3400,#3425,#3449,#3473,#3491,#3511,#3531,#3563,#3587,#3611,#3636,
    #3661,#3685,#3709,#3727,#3747,#3767,#3787,#3807,#3827,#3847,#3879,
    #3903,#3927,#3952,#3977,#4001,#4025,#4043,#4072,#4089,#4106,#4118,
    #4135,#4152,#4169,#4186,#4203,#4220,#4237,#4254,#4281,#4308,#4335,
    #4362,#4387,#4412,#4437,#4462,#4471,#4480,#4489));
#17 = ADVANCED_FACE('',(#18,#88,#99,#110,#121,#386,#397,#408,#419,#430,
    #441,#511,#522,#533,#544,#555,#566,#577,#588,#599,#610,#680),#691,
  .F.);
#18 = FACE_BOUND('',#19,.F.);
#19 = EDGE_LOOP('',(#20,#30,#39,#47,#56,#64,#73,#81));
#20 = ORIENTED_EDGE('',*,*,#21,.T.);
#21 = EDGE_CURVE('',#22,#24,#26,.T.);
#22 = VERTEX_POINT('',#23);
#23 = CARTESIAN_POINT('',(-112.95,63.55,0.));
#24 = VERTEX_POINT('',#25);
#25 = CARTESIAN_POINT('',(-112.95,-63.55,0.));
#26 = LINE('',#27,#28);
#27 = CARTESIAN_POINT('',(-112.95,81.85,0.));
#28 = VECTOR('',#29,1.);
#29 = DIRECTION('',(0.,-1.,0.));
#30 = ORIENTED_EDGE('',*,*,#31,.T.);
#31 = EDGE_CURVE('',#24,#32,#34,.T.);
#32 = VERTEX_POINT('',#33);
#33 = CARTESIAN_POINT('',(-94.65,-81.85,0.));
#34 = CIRCLE('',#35,18.3);
#35 = AXIS2_PLACEMENT_3D('',#36,#37,#38);
#36 = CARTESIAN_POINT('',(-94.65,-63.55,0.));
#37 = DIRECTION('',(-0.,0.,1.));
#38 = DIRECTION('',(0.,-1.,0.));
#39 = ORIENTED_EDGE('',*,*,#40,.T.);
#40 = EDGE_CURVE('',#32,#41,#43,.T.);
#41 = VERTEX_POINT('',#42);
#42 = CARTESIAN_POINT('',(94.65,-81.85,0.));
#43 = LINE('',#44,#45);
#44 = CARTESIAN_POINT('',(-112.95,-81.85,0.));
#45 = VECTOR('',#46,1.);
#46 = DIRECTION('',(1.,0.,0.));
#47 = ORIENTED_EDGE('',*,*,#48,.T.);
#48 = EDGE_CURVE('',#41,#49,#51,.T.);
#49 = VERTEX_POINT('',#50);
#50 = CARTESIAN_POINT('',(112.95,-63.55,0.));
#51 = CIRCLE('',#52,18.3);
#52 = AXIS2_PLACEMENT_3D('',#53,#54,#55);
#53 = CARTESIAN_POINT('',(94.65,-63.55,0.));
#54 = DIRECTION('',(-0.,0.,1.));
#55 = DIRECTION('',(0.,-1.,0.));
#56 = ORIENTED_EDGE('',*,*,#57,.T.);
#57 = EDGE_CURVE('',#49,#58,#60,.T.);
#58 = VERTEX_POINT('',#59);
#59 = CARTESIAN_POINT('',(112.95,63.55,0.));
#60 = LINE('',#61,#62);
#61 = CARTESIAN_POINT('',(112.95,-81.85,0.));
#62 = VECTOR('',#63,1.);
#63 = DIRECTION('',(0.,1.,0.));
#64 = ORIENTED_EDGE('',*,*,#65,.F.);
#65 = EDGE_CURVE('',#66,#58,#68,.T.);
#66 = VERTEX_POINT('',#67);
#67 = CARTESIAN_POINT('',(94.65,81.85,0.));
#68 = CIRCLE('',#69,18.3);
#69 = AXIS2_PLACEMENT_3D('',#70,#71,#72);
#70 = CARTESIAN_POINT('',(94.65,63.55,0.));
#71 = DIRECTION('',(-0.,-0.,-1.));
#72 = DIRECTION('',(0.,-1.,0.));
#73 = ORIENTED_EDGE('',*,*,#74,.T.);
#74 = EDGE_CURVE('',#66,#75,#77,.T.);
#75 = VERTEX_POINT('',#76);
#76 = CARTESIAN_POINT('',(-94.65,81.85,0.));
#77 = LINE('',#78,#79);
#78 = CARTESIAN_POINT('',(112.95,81.85,0.));
#79 = VECTOR('',#80,1.);
#80 = DIRECTION('',(-1.,0.,0.));
#81 = ORIENTED_EDGE('',*,*,#82,.F.);
#82 = EDGE_CURVE('',#22,#75,#83,.T.);
#83 = CIRCLE('',#84,18.3);
#84 = AXIS2_PLACEMENT_3D('',#85,#86,#87);
#85 = CARTESIAN_POINT('',(-94.65,63.55,0.));
#86 = DIRECTION('',(-0.,-0.,-1.));
#87 = DIRECTION('',(0.,-1.,0.));
#88 = FACE_BOUND('',#89,.F.);
#89 = EDGE_LOOP('',(#90));
#90 = ORIENTED_EDGE('',*,*,#91,.F.);
#91 = EDGE_CURVE('',#92,#92,#94,.T.);
#92 = VERTEX_POINT('',#93);
#93 = CARTESIAN_POINT('',(-102.9,-73.75,0.));
#94 = CIRCLE('',#95,2.15);
#95 = AXIS2_PLACEMENT_3D('',#96,#97,#98);
#96 = CARTESIAN_POINT('',(-105.05,-73.75,0.));
#97 = DIRECTION('',(0.,0.,1.));
#98 = DIRECTION('',(1.,0.,0.));
#99 = FACE_BOUND('',#100,.F.);
#100 = EDGE_LOOP('',(#101));
#101 = ORIENTED_EDGE('',*,*,#102,.F.);
#102 = EDGE_CURVE('',#103,#103,#105,.T.);
#103 = VERTEX_POINT('',#104);
#104 = CARTESIAN_POINT('',(-32.9,-76.55,0.));
#105 = CIRCLE('',#106,2.15);
#106 = AXIS2_PLACEMENT_3D('',#107,#108,#109);
#107 = CARTESIAN_POINT('',(-35.05,-76.55,0.));
#108 = DIRECTION('',(0.,0.,1.));
#109 = DIRECTION('',(1.,0.,0.));
#110 = FACE_BOUND('',#111,.F.);
#111 = EDGE_LOOP('',(#112));
#112 = ORIENTED_EDGE('',*,*,#113,.F.);
#113 = EDGE_CURVE('',#114,#114,#116,.T.);
#114 = VERTEX_POINT('',#115);
#115 = CARTESIAN_POINT('',(37.189,-76.55,0.));
#116 = CIRCLE('',#117,2.15);
#117 = AXIS2_PLACEMENT_3D('',#118,#119,#120);
#118 = CARTESIAN_POINT('',(35.039,-76.55,0.));
#119 = DIRECTION('',(0.,0.,1.));
#120 = DIRECTION('',(1.,0.,0.));
#121 = FACE_BOUND('',#122,.F.);
#122 = EDGE_LOOP('',(#123,#133,#142,#150,#159,#167,#176,#184,#193,#201,
    #210,#218,#227,#235,#244,#252,#261,#269,#278,#286,#295,#303,#312,
    #320,#329,#337,#345,#354,#362,#371,#379));
#123 = ORIENTED_EDGE('',*,*,#124,.F.);
#124 = EDGE_CURVE('',#125,#127,#129,.T.);
#125 = VERTEX_POINT('',#126);
#126 = CARTESIAN_POINT('',(-73.05,-32.9139320225,0.));
#127 = VERTEX_POINT('',#128);
#128 = CARTESIAN_POINT('',(-73.05,-19.15,-1.7763568394E-15));
#129 = LINE('',#130,#131);
#130 = CARTESIAN_POINT('',(-73.05,-34.075,0.));
#131 = VECTOR('',#132,1.);
#132 = DIRECTION('',(0.,1.,0.));
#133 = ORIENTED_EDGE('',*,*,#134,.T.);
#134 = EDGE_CURVE('',#125,#135,#137,.T.);
#135 = VERTEX_POINT('',#136);
#136 = CARTESIAN_POINT('',(-71.05,-32.15,-9.436895709314E-16));
#137 = CIRCLE('',#138,3.);
#138 = AXIS2_PLACEMENT_3D('',#139,#140,#141);
#139 = CARTESIAN_POINT('',(-71.05,-35.15,0.));
#140 = DIRECTION('',(0.,0.,-1.));
#141 = DIRECTION('',(-1.,0.,0.));
#142 = ORIENTED_EDGE('',*,*,#143,.T.);
#143 = EDGE_CURVE('',#135,#144,#146,.T.);
#144 = VERTEX_POINT('',#145);
#145 = CARTESIAN_POINT('',(-58.45,-32.15,-8.881784197001E-16));
#146 = LINE('',#147,#148);
#147 = CARTESIAN_POINT('',(-71.05,-32.15,0.));
#148 = VECTOR('',#149,1.);
#149 = DIRECTION('',(1.,0.,0.));
#150 = ORIENTED_EDGE('',*,*,#151,.T.);
#151 = EDGE_CURVE('',#144,#152,#154,.T.);
#152 = VERTEX_POINT('',#153);
#153 = CARTESIAN_POINT('',(-57.45,-31.15,0.));
#154 = CIRCLE('',#155,1.);
#155 = AXIS2_PLACEMENT_3D('',#156,#157,#158);
#156 = CARTESIAN_POINT('',(-58.45,-31.15,0.));
#157 = DIRECTION('',(-0.,0.,1.));
#158 = DIRECTION('',(0.,-1.,0.));
#159 = ORIENTED_EDGE('',*,*,#160,.T.);
#160 = EDGE_CURVE('',#152,#161,#163,.T.);
#161 = VERTEX_POINT('',#162);
#162 = CARTESIAN_POINT('',(-57.45,-22.15,2.22044604925E-15));
#163 = LINE('',#164,#165);
#164 = CARTESIAN_POINT('',(-57.45,-31.15,0.));
#165 = VECTOR('',#166,1.);
#166 = DIRECTION('',(0.,1.,0.));
#167 = ORIENTED_EDGE('',*,*,#168,.T.);
#168 = EDGE_CURVE('',#161,#169,#171,.T.);
#169 = VERTEX_POINT('',#170);
#170 = CARTESIAN_POINT('',(-54.45,-19.15,0.));
#171 = CIRCLE('',#172,3.);
#172 = AXIS2_PLACEMENT_3D('',#173,#174,#175);
#173 = CARTESIAN_POINT('',(-54.45,-22.15,0.));
#174 = DIRECTION('',(0.,0.,-1.));
#175 = DIRECTION('',(-1.,1.7763568394E-15,0.));
#176 = ORIENTED_EDGE('',*,*,#177,.T.);
#177 = EDGE_CURVE('',#169,#178,#180,.T.);
#178 = VERTEX_POINT('',#179);
#179 = CARTESIAN_POINT('',(-47.45,-19.15,-8.881784197001E-16));
#180 = LINE('',#181,#182);
#181 = CARTESIAN_POINT('',(-54.45,-19.15,0.));
#182 = VECTOR('',#183,1.);
#183 = DIRECTION('',(1.,0.,0.));
#184 = ORIENTED_EDGE('',*,*,#185,.T.);
#185 = EDGE_CURVE('',#178,#186,#188,.T.);
#186 = VERTEX_POINT('',#187);
#187 = CARTESIAN_POINT('',(-44.45,-22.15,0.));
#188 = CIRCLE('',#189,3.);
#189 = AXIS2_PLACEMENT_3D('',#190,#191,#192);
#190 = CARTESIAN_POINT('',(-47.45,-22.15,0.));
#191 = DIRECTION('',(0.,0.,-1.));
#192 = DIRECTION('',(0.,1.,0.));
#193 = ORIENTED_EDGE('',*,*,#194,.T.);
#194 = EDGE_CURVE('',#186,#195,#197,.T.);
#195 = VERTEX_POINT('',#196);
#196 = CARTESIAN_POINT('',(-44.45,-31.15,-4.163336342344E-15));
#197 = LINE('',#198,#199);
#198 = CARTESIAN_POINT('',(-44.45,-22.15,0.));
#199 = VECTOR('',#200,1.);
#200 = DIRECTION('',(0.,-1.,0.));
#201 = ORIENTED_EDGE('',*,*,#202,.T.);
#202 = EDGE_CURVE('',#195,#203,#205,.T.);
#203 = VERTEX_POINT('',#204);
#204 = CARTESIAN_POINT('',(-43.45,-32.15,0.));
#205 = CIRCLE('',#206,1.);
#206 = AXIS2_PLACEMENT_3D('',#207,#208,#209);
#207 = CARTESIAN_POINT('',(-43.45,-31.15,0.));
#208 = DIRECTION('',(0.,0.,1.));
#209 = DIRECTION('',(-1.,-1.7763568394E-15,0.));
#210 = ORIENTED_EDGE('',*,*,#211,.T.);
#211 = EDGE_CURVE('',#203,#212,#214,.T.);
#212 = VERTEX_POINT('',#213);
#213 = CARTESIAN_POINT('',(31.549999999998,-32.15,-6.106226635438E-16));
#214 = LINE('',#215,#216);
#215 = CARTESIAN_POINT('',(-43.45,-32.15,0.));
#216 = VECTOR('',#217,1.);
#217 = DIRECTION('',(1.,0.,0.));
#218 = ORIENTED_EDGE('',*,*,#219,.T.);
#219 = EDGE_CURVE('',#212,#220,#222,.T.);
#220 = VERTEX_POINT('',#221);
#221 = CARTESIAN_POINT('',(32.549999999998,-31.15,-1.7763568394E-15));
#222 = CIRCLE('',#223,1.);
#223 = AXIS2_PLACEMENT_3D('',#224,#225,#226);
#224 = CARTESIAN_POINT('',(31.549999999998,-31.15,0.));
#225 = DIRECTION('',(-0.,0.,1.));
#226 = DIRECTION('',(1.7763568394E-15,-1.,0.));
#227 = ORIENTED_EDGE('',*,*,#228,.T.);
#228 = EDGE_CURVE('',#220,#229,#231,.T.);
#229 = VERTEX_POINT('',#230);
#230 = CARTESIAN_POINT('',(32.549999999997,-22.14999999999,
    -9.992562333139E-13));
#231 = LINE('',#232,#233);
#232 = CARTESIAN_POINT('',(32.549999999998,-31.15,0.));
#233 = VECTOR('',#234,1.);
#234 = DIRECTION('',(0.,1.,0.));
#235 = ORIENTED_EDGE('',*,*,#236,.T.);
#236 = EDGE_CURVE('',#229,#237,#239,.T.);
#237 = VERTEX_POINT('',#238);
#238 = CARTESIAN_POINT('',(35.549999999996,-19.14999999999,0.));
#239 = CIRCLE('',#240,3.);
#240 = AXIS2_PLACEMENT_3D('',#241,#242,#243);
#241 = CARTESIAN_POINT('',(35.549999999996,-22.14999999999,0.));
#242 = DIRECTION('',(-0.,0.,-1.));
#243 = DIRECTION('',(-1.,-2.22044604925E-13,0.));
#244 = ORIENTED_EDGE('',*,*,#245,.T.);
#245 = EDGE_CURVE('',#237,#246,#248,.T.);
#246 = VERTEX_POINT('',#247);
#247 = CARTESIAN_POINT('',(42.550000000004,-19.14999999999,
    3.330669073875E-16));
#248 = LINE('',#249,#250);
#249 = CARTESIAN_POINT('',(35.549999999996,-19.14999999999,0.));
#250 = VECTOR('',#251,1.);
#251 = DIRECTION('',(1.,0.,0.));
#252 = ORIENTED_EDGE('',*,*,#253,.T.);
#253 = EDGE_CURVE('',#246,#254,#256,.T.);
#254 = VERTEX_POINT('',#255);
#255 = CARTESIAN_POINT('',(45.550000000004,-22.14999999999,0.));
#256 = CIRCLE('',#257,3.);
#257 = AXIS2_PLACEMENT_3D('',#258,#259,#260);
#258 = CARTESIAN_POINT('',(42.550000000004,-22.14999999999,0.));
#259 = DIRECTION('',(0.,0.,-1.));
#260 = DIRECTION('',(0.,1.,0.));
#261 = ORIENTED_EDGE('',*,*,#262,.T.);
#262 = EDGE_CURVE('',#254,#263,#265,.T.);
#263 = VERTEX_POINT('',#264);
#264 = CARTESIAN_POINT('',(45.550000000004,-31.15,1.187938636349E-14));
#265 = LINE('',#266,#267);
#266 = CARTESIAN_POINT('',(45.550000000004,-22.14999999999,0.));
#267 = VECTOR('',#268,1.);
#268 = DIRECTION('',(0.,-1.,0.));
#269 = ORIENTED_EDGE('',*,*,#270,.T.);
#270 = EDGE_CURVE('',#263,#271,#273,.T.);
#271 = VERTEX_POINT('',#272);
#272 = CARTESIAN_POINT('',(46.550000000004,-32.15,0.));
#273 = CIRCLE('',#274,1.);
#274 = AXIS2_PLACEMENT_3D('',#275,#276,#277);
#275 = CARTESIAN_POINT('',(46.550000000004,-31.15,0.));
#276 = DIRECTION('',(0.,0.,1.));
#277 = DIRECTION('',(-1.,3.552713678801E-15,0.));
#278 = ORIENTED_EDGE('',*,*,#279,.T.);
#279 = EDGE_CURVE('',#271,#280,#282,.T.);
#280 = VERTEX_POINT('',#281);
#281 = CARTESIAN_POINT('',(100.95,-32.15,-7.216449660064E-16));
#282 = LINE('',#283,#284);
#283 = CARTESIAN_POINT('',(46.550000000004,-32.15,0.));
#284 = VECTOR('',#285,1.);
#285 = DIRECTION('',(1.,0.,0.));
#286 = ORIENTED_EDGE('',*,*,#287,.T.);
#287 = EDGE_CURVE('',#280,#288,#290,.T.);
#288 = VERTEX_POINT('',#289);
#289 = CARTESIAN_POINT('',(103.95,-35.15,0.));
#290 = CIRCLE('',#291,3.);
#291 = AXIS2_PLACEMENT_3D('',#292,#293,#294);
#292 = CARTESIAN_POINT('',(100.95,-35.15,0.));
#293 = DIRECTION('',(0.,0.,-1.));
#294 = DIRECTION('',(0.,1.,0.));
#295 = ORIENTED_EDGE('',*,*,#296,.T.);
#296 = EDGE_CURVE('',#288,#297,#299,.T.);
#297 = VERTEX_POINT('',#298);
#298 = CARTESIAN_POINT('',(103.95,-69.15,4.218847493576E-15));
#299 = LINE('',#300,#301);
#300 = CARTESIAN_POINT('',(103.95,-35.15,0.));
#301 = VECTOR('',#302,1.);
#302 = DIRECTION('',(-0.,-1.,-0.));
#303 = ORIENTED_EDGE('',*,*,#304,.T.);
#304 = EDGE_CURVE('',#297,#305,#307,.T.);
#305 = VERTEX_POINT('',#306);
#306 = CARTESIAN_POINT('',(100.95,-72.15,0.));
#307 = CIRCLE('',#308,3.);
#308 = AXIS2_PLACEMENT_3D('',#309,#310,#311);
#309 = CARTESIAN_POINT('',(100.95,-69.15,0.));
#310 = DIRECTION('',(0.,0.,-1.));
#311 = DIRECTION('',(1.,0.,0.));
#312 = ORIENTED_EDGE('',*,*,#313,.T.);
#313 = EDGE_CURVE('',#305,#314,#316,.T.);
#314 = VERTEX_POINT('',#315);
#315 = CARTESIAN_POINT('',(-71.05,-72.15,-1.665334536938E-15));
#316 = LINE('',#317,#318);
#317 = CARTESIAN_POINT('',(100.95,-72.15,0.));
#318 = VECTOR('',#319,1.);
#319 = DIRECTION('',(-1.,-0.,-0.));
#320 = ORIENTED_EDGE('',*,*,#321,.T.);
#321 = EDGE_CURVE('',#314,#322,#324,.T.);
#322 = VERTEX_POINT('',#323);
#323 = CARTESIAN_POINT('',(-74.05,-69.15,0.));
#324 = CIRCLE('',#325,3.);
#325 = AXIS2_PLACEMENT_3D('',#326,#327,#328);
#326 = CARTESIAN_POINT('',(-71.05,-69.15,0.));
#327 = DIRECTION('',(-0.,-0.,-1.));
#328 = DIRECTION('',(0.,-1.,0.));
#329 = ORIENTED_EDGE('',*,*,#330,.T.);
#330 = EDGE_CURVE('',#322,#331,#333,.T.);
#331 = VERTEX_POINT('',#332);
#332 = CARTESIAN_POINT('',(-74.05,-68.15,3.10862446895E-15));
#333 = LINE('',#334,#335);
#334 = CARTESIAN_POINT('',(-74.05,-69.15,0.));
#335 = VECTOR('',#336,1.);
#336 = DIRECTION('',(0.,1.,0.));
#337 = ORIENTED_EDGE('',*,*,#338,.F.);
#338 = EDGE_CURVE('',#339,#331,#341,.T.);
#339 = VERTEX_POINT('',#340);
#340 = CARTESIAN_POINT('',(-102.05,-68.15,0.));
#341 = LINE('',#342,#343);
#342 = CARTESIAN_POINT('',(-51.525,-68.15,0.));
#343 = VECTOR('',#344,1.);
#344 = DIRECTION('',(1.,0.,0.));
#345 = ORIENTED_EDGE('',*,*,#346,.F.);
#346 = EDGE_CURVE('',#347,#339,#349,.T.);
#347 = VERTEX_POINT('',#348);
#348 = CARTESIAN_POINT('',(-103.05,-67.15,0.));
#349 = CIRCLE('',#350,1.);
#350 = AXIS2_PLACEMENT_3D('',#351,#352,#353);
#351 = CARTESIAN_POINT('',(-102.05,-67.15,0.));
#352 = DIRECTION('',(0.,-0.,1.));
#353 = DIRECTION('',(0.,1.,0.));
#354 = ORIENTED_EDGE('',*,*,#355,.F.);
#355 = EDGE_CURVE('',#356,#347,#358,.T.);
#356 = VERTEX_POINT('',#357);
#357 = CARTESIAN_POINT('',(-103.05,-19.15,0.));
#358 = LINE('',#359,#360);
#359 = CARTESIAN_POINT('',(-103.05,-9.075,0.));
#360 = VECTOR('',#361,1.);
#361 = DIRECTION('',(0.,-1.,0.));
#362 = ORIENTED_EDGE('',*,*,#363,.F.);
#363 = EDGE_CURVE('',#364,#356,#366,.T.);
#364 = VERTEX_POINT('',#365);
#365 = CARTESIAN_POINT('',(-102.05,-18.15,0.));
#366 = CIRCLE('',#367,1.);
#367 = AXIS2_PLACEMENT_3D('',#368,#369,#370);
#368 = CARTESIAN_POINT('',(-102.05,-19.15,0.));
#369 = DIRECTION('',(0.,-0.,1.));
#370 = DIRECTION('',(0.,1.,0.));
#371 = ORIENTED_EDGE('',*,*,#372,.F.);
#372 = EDGE_CURVE('',#373,#364,#375,.T.);
#373 = VERTEX_POINT('',#374);
#374 = CARTESIAN_POINT('',(-74.05,-18.15,0.));
#375 = LINE('',#376,#377);
#376 = CARTESIAN_POINT('',(-36.525,-18.15,0.));
#377 = VECTOR('',#378,1.);
#378 = DIRECTION('',(-1.,0.,0.));
#379 = ORIENTED_EDGE('',*,*,#380,.T.);
#380 = EDGE_CURVE('',#373,#127,#381,.T.);
#381 = CIRCLE('',#382,1.);
#382 = AXIS2_PLACEMENT_3D('',#383,#384,#385);
#383 = CARTESIAN_POINT('',(-74.05,-19.15,0.));
#384 = DIRECTION('',(0.,0.,-1.));
#385 = DIRECTION('',(0.,1.,0.));
#386 = FACE_BOUND('',#387,.F.);
#387 = EDGE_LOOP('',(#388));
#388 = ORIENTED_EDGE('',*,*,#389,.F.);
#389 = EDGE_CURVE('',#390,#390,#392,.T.);
#390 = VERTEX_POINT('',#391);
#391 = CARTESIAN_POINT('',(107.2,-73.75,0.));
#392 = CIRCLE('',#393,2.15);
#393 = AXIS2_PLACEMENT_3D('',#394,#395,#396);
#394 = CARTESIAN_POINT('',(105.05,-73.75,0.));
#395 = DIRECTION('',(0.,0.,1.));
#396 = DIRECTION('',(1.,0.,0.));
#397 = FACE_BOUND('',#398,.F.);
#398 = EDGE_LOOP('',(#399));
#399 = ORIENTED_EDGE('',*,*,#400,.T.);
#400 = EDGE_CURVE('',#401,#401,#403,.T.);
#401 = VERTEX_POINT('',#402);
#402 = CARTESIAN_POINT('',(36.3,-14.45,0.));
#403 = CIRCLE('',#404,3.5);
#404 = AXIS2_PLACEMENT_3D('',#405,#406,#407);
#405 = CARTESIAN_POINT('',(32.8,-14.45,0.));
#406 = DIRECTION('',(0.,0.,-1.));
#407 = DIRECTION('',(1.,0.,0.));
#408 = FACE_BOUND('',#409,.F.);
#409 = EDGE_LOOP('',(#410));
#410 = ORIENTED_EDGE('',*,*,#411,.T.);
#411 = EDGE_CURVE('',#412,#412,#414,.T.);
#412 = VERTEX_POINT('',#413);
#413 = CARTESIAN_POINT('',(86.3,-18.45,0.));
#414 = CIRCLE('',#415,3.5);
#415 = AXIS2_PLACEMENT_3D('',#416,#417,#418);
#416 = CARTESIAN_POINT('',(82.8,-18.45,0.));
#417 = DIRECTION('',(0.,0.,-1.));
#418 = DIRECTION('',(1.,0.,0.));
#419 = FACE_BOUND('',#420,.F.);
#420 = EDGE_LOOP('',(#421));
#421 = ORIENTED_EDGE('',*,*,#422,.F.);
#422 = EDGE_CURVE('',#423,#423,#425,.T.);
#423 = VERTEX_POINT('',#424);
#424 = CARTESIAN_POINT('',(-105.48,0.,0.));
#425 = CIRCLE('',#426,2.15);
#426 = AXIS2_PLACEMENT_3D('',#427,#428,#429);
#427 = CARTESIAN_POINT('',(-107.63,0.,0.));
#428 = DIRECTION('',(0.,0.,1.));
#429 = DIRECTION('',(1.,0.,0.));
#430 = FACE_BOUND('',#431,.F.);
#431 = EDGE_LOOP('',(#432));
#432 = ORIENTED_EDGE('',*,*,#433,.F.);
#433 = EDGE_CURVE('',#434,#434,#436,.T.);
#434 = VERTEX_POINT('',#435);
#435 = CARTESIAN_POINT('',(-102.9,73.75,0.));
#436 = CIRCLE('',#437,2.15);
#437 = AXIS2_PLACEMENT_3D('',#438,#439,#440);
#438 = CARTESIAN_POINT('',(-105.05,73.75,0.));
#439 = DIRECTION('',(0.,0.,1.));
#440 = DIRECTION('',(1.,0.,0.));
#441 = FACE_BOUND('',#442,.F.);
#442 = EDGE_LOOP('',(#443,#454,#462,#471,#479,#488,#496,#505));
#443 = ORIENTED_EDGE('',*,*,#444,.F.);
#444 = EDGE_CURVE('',#445,#447,#449,.T.);
#445 = VERTEX_POINT('',#446);
#446 = CARTESIAN_POINT('',(-67.44999999999,64.849999999992,0.));
#447 = VERTEX_POINT('',#448);
#448 = CARTESIAN_POINT('',(-64.44999999999,67.849999999992,0.));
#449 = CIRCLE('',#450,3.);
#450 = AXIS2_PLACEMENT_3D('',#451,#452,#453);
#451 = CARTESIAN_POINT('',(-67.44999999999,67.849999999992,0.));
#452 = DIRECTION('',(-0.,0.,1.));
#453 = DIRECTION('',(0.,-1.,0.));
#454 = ORIENTED_EDGE('',*,*,#455,.F.);
#455 = EDGE_CURVE('',#456,#445,#458,.T.);
#456 = VERTEX_POINT('',#457);
#457 = CARTESIAN_POINT('',(-74.45,64.849999999992,0.));
#458 = LINE('',#459,#460);
#459 = CARTESIAN_POINT('',(-74.45,64.849999999992,0.));
#460 = VECTOR('',#461,1.);
#461 = DIRECTION('',(1.,0.,0.));
#462 = ORIENTED_EDGE('',*,*,#463,.F.);
#463 = EDGE_CURVE('',#464,#456,#466,.T.);
#464 = VERTEX_POINT('',#465);
#465 = CARTESIAN_POINT('',(-77.45,67.849999999992,4.107825191113E-15));
#466 = CIRCLE('',#467,3.);
#467 = AXIS2_PLACEMENT_3D('',#468,#469,#470);
#468 = CARTESIAN_POINT('',(-74.45,67.849999999992,0.));
#469 = DIRECTION('',(0.,0.,1.));
#470 = DIRECTION('',(-1.,0.,0.));
#471 = ORIENTED_EDGE('',*,*,#472,.F.);
#472 = EDGE_CURVE('',#473,#464,#475,.T.);
#473 = VERTEX_POINT('',#474);
#474 = CARTESIAN_POINT('',(-77.45,74.850000000008,0.));
#475 = LINE('',#476,#477);
#476 = CARTESIAN_POINT('',(-77.45,74.850000000008,0.));
#477 = VECTOR('',#478,1.);
#478 = DIRECTION('',(-0.,-1.,-0.));
#479 = ORIENTED_EDGE('',*,*,#480,.F.);
#480 = EDGE_CURVE('',#481,#473,#483,.T.);
#481 = VERTEX_POINT('',#482);
#482 = CARTESIAN_POINT('',(-74.45,77.850000000008,-9.992007221626E-16));
#483 = CIRCLE('',#484,3.);
#484 = AXIS2_PLACEMENT_3D('',#485,#486,#487);
#485 = CARTESIAN_POINT('',(-74.45,74.850000000008,0.));
#486 = DIRECTION('',(0.,-0.,1.));
#487 = DIRECTION('',(0.,1.,0.));
#488 = ORIENTED_EDGE('',*,*,#489,.F.);
#489 = EDGE_CURVE('',#490,#481,#492,.T.);
#490 = VERTEX_POINT('',#491);
#491 = CARTESIAN_POINT('',(-67.44999999999,77.850000000008,0.));
#492 = LINE('',#493,#494);
#493 = CARTESIAN_POINT('',(-67.44999999999,77.850000000008,0.));
#494 = VECTOR('',#495,1.);
#495 = DIRECTION('',(-1.,-0.,-0.));
#496 = ORIENTED_EDGE('',*,*,#497,.F.);
#497 = EDGE_CURVE('',#498,#490,#500,.T.);
#498 = VERTEX_POINT('',#499);
#499 = CARTESIAN_POINT('',(-64.44999999999,74.850000000008,
    4.107825191113E-15));
#500 = CIRCLE('',#501,3.);
#501 = AXIS2_PLACEMENT_3D('',#502,#503,#504);
#502 = CARTESIAN_POINT('',(-67.44999999999,74.850000000008,0.));
#503 = DIRECTION('',(0.,0.,1.));
#504 = DIRECTION('',(1.,0.,0.));
#505 = ORIENTED_EDGE('',*,*,#506,.F.);
#506 = EDGE_CURVE('',#447,#498,#507,.T.);
#507 = LINE('',#508,#509);
#508 = CARTESIAN_POINT('',(-64.44999999999,67.849999999992,0.));
#509 = VECTOR('',#510,1.);
#510 = DIRECTION('',(0.,1.,0.));
#511 = FACE_BOUND('',#512,.F.);
#512 = EDGE_LOOP('',(#513));
#513 = ORIENTED_EDGE('',*,*,#514,.F.);
#514 = EDGE_CURVE('',#515,#515,#517,.T.);
#515 = VERTEX_POINT('',#516);
#516 = CARTESIAN_POINT('',(-32.9,76.55,0.));
#517 = CIRCLE('',#518,2.15);
#518 = AXIS2_PLACEMENT_3D('',#519,#520,#521);
#519 = CARTESIAN_POINT('',(-35.05,76.55,0.));
#520 = DIRECTION('',(0.,0.,1.));
#521 = DIRECTION('',(1.,0.,0.));
#522 = FACE_BOUND('',#523,.F.);
#523 = EDGE_LOOP('',(#524));
#524 = ORIENTED_EDGE('',*,*,#525,.T.);
#525 = EDGE_CURVE('',#526,#526,#528,.T.);
#526 = VERTEX_POINT('',#527);
#527 = CARTESIAN_POINT('',(36.3,11.55,0.));
#528 = CIRCLE('',#529,3.5);
#529 = AXIS2_PLACEMENT_3D('',#530,#531,#532);
#530 = CARTESIAN_POINT('',(32.8,11.55,0.));
#531 = DIRECTION('',(0.,0.,-1.));
#532 = DIRECTION('',(1.,0.,0.));
#533 = FACE_BOUND('',#534,.F.);
#534 = EDGE_LOOP('',(#535));
#535 = ORIENTED_EDGE('',*,*,#536,.T.);
#536 = EDGE_CURVE('',#537,#537,#539,.T.);
#537 = VERTEX_POINT('',#538);
#538 = CARTESIAN_POINT('',(36.3,28.55,0.));
#539 = CIRCLE('',#540,3.5);
#540 = AXIS2_PLACEMENT_3D('',#541,#542,#543);
#541 = CARTESIAN_POINT('',(32.8,28.55,0.));
#542 = DIRECTION('',(0.,0.,-1.));
#543 = DIRECTION('',(1.,0.,0.));
#544 = FACE_BOUND('',#545,.F.);
#545 = EDGE_LOOP('',(#546));
#546 = ORIENTED_EDGE('',*,*,#547,.F.);
#547 = EDGE_CURVE('',#548,#548,#550,.T.);
#548 = VERTEX_POINT('',#549);
#549 = CARTESIAN_POINT('',(109.78,0.,0.));
#550 = CIRCLE('',#551,2.15);
#551 = AXIS2_PLACEMENT_3D('',#552,#553,#554);
#552 = CARTESIAN_POINT('',(107.63,0.,0.));
#553 = DIRECTION('',(0.,0.,1.));
#554 = DIRECTION('',(1.,0.,0.));
#555 = FACE_BOUND('',#556,.F.);
#556 = EDGE_LOOP('',(#557));
#557 = ORIENTED_EDGE('',*,*,#558,.T.);
#558 = EDGE_CURVE('',#559,#559,#561,.T.);
#559 = VERTEX_POINT('',#560);
#560 = CARTESIAN_POINT('',(86.3,11.55,0.));
#561 = CIRCLE('',#562,3.5);
#562 = AXIS2_PLACEMENT_3D('',#563,#564,#565);
#563 = CARTESIAN_POINT('',(82.8,11.55,0.));
#564 = DIRECTION('',(0.,0.,-1.));
#565 = DIRECTION('',(1.,0.,0.));
#566 = FACE_BOUND('',#567,.F.);
#567 = EDGE_LOOP('',(#568));
#568 = ORIENTED_EDGE('',*,*,#569,.T.);
#569 = EDGE_CURVE('',#570,#570,#572,.T.);
#570 = VERTEX_POINT('',#571);
#571 = CARTESIAN_POINT('',(86.3,24.55,0.));
#572 = CIRCLE('',#573,3.5);
#573 = AXIS2_PLACEMENT_3D('',#574,#575,#576);
#574 = CARTESIAN_POINT('',(82.8,24.55,0.));
#575 = DIRECTION('',(0.,0.,-1.));
#576 = DIRECTION('',(1.,0.,0.));
#577 = FACE_BOUND('',#578,.F.);
#578 = EDGE_LOOP('',(#579));
#579 = ORIENTED_EDGE('',*,*,#580,.T.);
#580 = EDGE_CURVE('',#581,#581,#583,.T.);
#581 = VERTEX_POINT('',#582);
#582 = CARTESIAN_POINT('',(36.3,54.55,0.));
#583 = CIRCLE('',#584,3.5);
#584 = AXIS2_PLACEMENT_3D('',#585,#586,#587);
#585 = CARTESIAN_POINT('',(32.8,54.55,0.));
#586 = DIRECTION('',(0.,0.,-1.));
#587 = DIRECTION('',(1.,0.,0.));
#588 = FACE_BOUND('',#589,.F.);
#589 = EDGE_LOOP('',(#590));
#590 = ORIENTED_EDGE('',*,*,#591,.F.);
#591 = EDGE_CURVE('',#592,#592,#594,.T.);
#592 = VERTEX_POINT('',#593);
#593 = CARTESIAN_POINT('',(37.2,76.55,0.));
#594 = CIRCLE('',#595,2.15);
#595 = AXIS2_PLACEMENT_3D('',#596,#597,#598);
#596 = CARTESIAN_POINT('',(35.05,76.55,0.));
#597 = DIRECTION('',(0.,0.,1.));
#598 = DIRECTION('',(1.,0.,0.));
#599 = FACE_BOUND('',#600,.F.);
#600 = EDGE_LOOP('',(#601));
#601 = ORIENTED_EDGE('',*,*,#602,.T.);
#602 = EDGE_CURVE('',#603,#603,#605,.T.);
#603 = VERTEX_POINT('',#604);
#604 = CARTESIAN_POINT('',(86.3,54.55,0.));
#605 = CIRCLE('',#606,3.5);
#606 = AXIS2_PLACEMENT_3D('',#607,#608,#609);
#607 = CARTESIAN_POINT('',(82.8,54.55,0.));
#608 = DIRECTION('',(0.,0.,-1.));
#609 = DIRECTION('',(1.,0.,0.));
#610 = FACE_BOUND('',#611,.F.);
#611 = EDGE_LOOP('',(#612,#623,#631,#640,#648,#657,#665,#674));
#612 = ORIENTED_EDGE('',*,*,#613,.F.);
#613 = EDGE_CURVE('',#614,#616,#618,.T.);
#614 = VERTEX_POINT('',#615);
#615 = CARTESIAN_POINT('',(75.550000000008,74.850000000008,0.));
#616 = VERTEX_POINT('',#617);
#617 = CARTESIAN_POINT('',(72.550000000008,77.850000000008,0.));
#618 = CIRCLE('',#619,3.);
#619 = AXIS2_PLACEMENT_3D('',#620,#621,#622);
#620 = CARTESIAN_POINT('',(72.550000000008,74.850000000008,0.));
#621 = DIRECTION('',(0.,0.,1.));
#622 = DIRECTION('',(1.,0.,0.));
#623 = ORIENTED_EDGE('',*,*,#624,.F.);
#624 = EDGE_CURVE('',#625,#614,#627,.T.);
#625 = VERTEX_POINT('',#626);
#626 = CARTESIAN_POINT('',(75.550000000008,67.849999999992,0.));
#627 = LINE('',#628,#629);
#628 = CARTESIAN_POINT('',(75.550000000008,67.849999999992,0.));
#629 = VECTOR('',#630,1.);
#630 = DIRECTION('',(0.,1.,0.));
#631 = ORIENTED_EDGE('',*,*,#632,.F.);
#632 = EDGE_CURVE('',#633,#625,#635,.T.);
#633 = VERTEX_POINT('',#634);
#634 = CARTESIAN_POINT('',(72.550000000008,64.849999999992,
    4.107825191113E-15));
#635 = CIRCLE('',#636,3.);
#636 = AXIS2_PLACEMENT_3D('',#637,#638,#639);
#637 = CARTESIAN_POINT('',(72.550000000008,67.849999999992,0.));
#638 = DIRECTION('',(-0.,0.,1.));
#639 = DIRECTION('',(0.,-1.,0.));
#640 = ORIENTED_EDGE('',*,*,#641,.F.);
#641 = EDGE_CURVE('',#642,#633,#644,.T.);
#642 = VERTEX_POINT('',#643);
#643 = CARTESIAN_POINT('',(65.549999999992,64.849999999992,0.));
#644 = LINE('',#645,#646);
#645 = CARTESIAN_POINT('',(65.549999999992,64.849999999992,0.));
#646 = VECTOR('',#647,1.);
#647 = DIRECTION('',(1.,0.,0.));
#648 = ORIENTED_EDGE('',*,*,#649,.F.);
#649 = EDGE_CURVE('',#650,#642,#652,.T.);
#650 = VERTEX_POINT('',#651);
#651 = CARTESIAN_POINT('',(62.549999999992,67.849999999992,
    4.107825191113E-15));
#652 = CIRCLE('',#653,3.);
#653 = AXIS2_PLACEMENT_3D('',#654,#655,#656);
#654 = CARTESIAN_POINT('',(65.549999999992,67.849999999992,0.));
#655 = DIRECTION('',(0.,0.,1.));
#656 = DIRECTION('',(-1.,0.,0.));
#657 = ORIENTED_EDGE('',*,*,#658,.F.);
#658 = EDGE_CURVE('',#659,#650,#661,.T.);
#659 = VERTEX_POINT('',#660);
#660 = CARTESIAN_POINT('',(62.549999999992,74.850000000008,0.));
#661 = LINE('',#662,#663);
#662 = CARTESIAN_POINT('',(62.549999999992,74.850000000008,0.));
#663 = VECTOR('',#664,1.);
#664 = DIRECTION('',(-0.,-1.,-0.));
#665 = ORIENTED_EDGE('',*,*,#666,.F.);
#666 = EDGE_CURVE('',#667,#659,#669,.T.);
#667 = VERTEX_POINT('',#668);
#668 = CARTESIAN_POINT('',(65.549999999992,77.850000000008,
    4.107825191113E-15));
#669 = CIRCLE('',#670,3.);
#670 = AXIS2_PLACEMENT_3D('',#671,#672,#673);
#671 = CARTESIAN_POINT('',(65.549999999992,74.850000000008,0.));
#672 = DIRECTION('',(0.,-0.,1.));
#673 = DIRECTION('',(0.,1.,0.));
#674 = ORIENTED_EDGE('',*,*,#675,.F.);
#675 = EDGE_CURVE('',#616,#667,#676,.T.);
#676 = LINE('',#677,#678);
#677 = CARTESIAN_POINT('',(72.550000000008,77.850000000008,0.));
#678 = VECTOR('',#679,1.);
#679 = DIRECTION('',(-1.,-0.,-0.));
#680 = FACE_BOUND('',#681,.F.);
#681 = EDGE_LOOP('',(#682));
#682 = ORIENTED_EDGE('',*,*,#683,.F.);
#683 = EDGE_CURVE('',#684,#684,#686,.T.);
#684 = VERTEX_POINT('',#685);
#685 = CARTESIAN_POINT('',(107.2,73.75,0.));
#686 = CIRCLE('',#687,2.15);
#687 = AXIS2_PLACEMENT_3D('',#688,#689,#690);
#688 = CARTESIAN_POINT('',(105.05,73.75,0.));
#689 = DIRECTION('',(0.,0.,1.));
#690 = DIRECTION('',(1.,0.,0.));
#691 = PLANE('',#692);
#692 = AXIS2_PLACEMENT_3D('',#693,#694,#695);
#693 = CARTESIAN_POINT('',(0.,0.,0.));
#694 = DIRECTION('',(0.,0.,1.));
#695 = DIRECTION('',(1.,0.,0.));
#696 = ADVANCED_FACE('',(#697),#722,.F.);
#697 = FACE_BOUND('',#698,.F.);
#698 = EDGE_LOOP('',(#699,#700,#708,#716));
#699 = ORIENTED_EDGE('',*,*,#21,.F.);
#700 = ORIENTED_EDGE('',*,*,#701,.T.);
#701 = EDGE_CURVE('',#22,#702,#704,.T.);
#702 = VERTEX_POINT('',#703);
#703 = CARTESIAN_POINT('',(-112.95,63.55,3.2));
#704 = LINE('',#705,#706);
#705 = CARTESIAN_POINT('',(-112.95,63.55,0.));
#706 = VECTOR('',#707,1.);
#707 = DIRECTION('',(0.,0.,1.));
#708 = ORIENTED_EDGE('',*,*,#709,.T.);
#709 = EDGE_CURVE('',#702,#710,#712,.T.);
#710 = VERTEX_POINT('',#711);
#711 = CARTESIAN_POINT('',(-112.95,-63.55,3.2));
#712 = LINE('',#713,#714);
#713 = CARTESIAN_POINT('',(-112.95,81.85,3.2));
#714 = VECTOR('',#715,1.);
#715 = DIRECTION('',(0.,-1.,0.));
#716 = ORIENTED_EDGE('',*,*,#717,.F.);
#717 = EDGE_CURVE('',#24,#710,#718,.T.);
#718 = LINE('',#719,#720);
#719 = CARTESIAN_POINT('',(-112.95,-63.55,0.));
#720 = VECTOR('',#721,1.);
#721 = DIRECTION('',(0.,0.,1.));
#722 = PLANE('',#723);
#723 = AXIS2_PLACEMENT_3D('',#724,#725,#726);
#724 = CARTESIAN_POINT('',(-112.95,81.85,0.));
#725 = DIRECTION('',(1.,0.,0.));
#726 = DIRECTION('',(0.,-1.,0.));
#727 = ADVANCED_FACE('',(#728),#747,.T.);
#728 = FACE_BOUND('',#729,.F.);
#729 = EDGE_LOOP('',(#730,#731,#739,#746));
#730 = ORIENTED_EDGE('',*,*,#82,.T.);
#731 = ORIENTED_EDGE('',*,*,#732,.T.);
#732 = EDGE_CURVE('',#75,#733,#735,.T.);
#733 = VERTEX_POINT('',#734);
#734 = CARTESIAN_POINT('',(-94.65,81.85,3.2));
#735 = LINE('',#736,#737);
#736 = CARTESIAN_POINT('',(-94.65,81.85,0.));
#737 = VECTOR('',#738,1.);
#738 = DIRECTION('',(0.,0.,1.));
#739 = ORIENTED_EDGE('',*,*,#740,.F.);
#740 = EDGE_CURVE('',#702,#733,#741,.T.);
#741 = CIRCLE('',#742,18.3);
#742 = AXIS2_PLACEMENT_3D('',#743,#744,#745);
#743 = CARTESIAN_POINT('',(-94.65,63.55,3.2));
#744 = DIRECTION('',(-0.,-0.,-1.));
#745 = DIRECTION('',(0.,-1.,0.));
#746 = ORIENTED_EDGE('',*,*,#701,.F.);
#747 = CYLINDRICAL_SURFACE('',#748,18.3);
#748 = AXIS2_PLACEMENT_3D('',#749,#750,#751);
#749 = CARTESIAN_POINT('',(-94.65,63.55,0.));
#750 = DIRECTION('',(0.,0.,1.));
#751 = DIRECTION('',(-1.,0.,0.));
#752 = ADVANCED_FACE('',(#753),#772,.T.);
#753 = FACE_BOUND('',#754,.T.);
#754 = EDGE_LOOP('',(#755,#756,#764,#771));
#755 = ORIENTED_EDGE('',*,*,#31,.T.);
#756 = ORIENTED_EDGE('',*,*,#757,.T.);
#757 = EDGE_CURVE('',#32,#758,#760,.T.);
#758 = VERTEX_POINT('',#759);
#759 = CARTESIAN_POINT('',(-94.65,-81.85,3.2));
#760 = LINE('',#761,#762);
#761 = CARTESIAN_POINT('',(-94.65,-81.85,0.));
#762 = VECTOR('',#763,1.);
#763 = DIRECTION('',(0.,0.,1.));
#764 = ORIENTED_EDGE('',*,*,#765,.F.);
#765 = EDGE_CURVE('',#710,#758,#766,.T.);
#766 = CIRCLE('',#767,18.3);
#767 = AXIS2_PLACEMENT_3D('',#768,#769,#770);
#768 = CARTESIAN_POINT('',(-94.65,-63.55,3.2));
#769 = DIRECTION('',(-0.,0.,1.));
#770 = DIRECTION('',(0.,-1.,0.));
#771 = ORIENTED_EDGE('',*,*,#717,.F.);
#772 = CYLINDRICAL_SURFACE('',#773,18.3);
#773 = AXIS2_PLACEMENT_3D('',#774,#775,#776);
#774 = CARTESIAN_POINT('',(-94.65,-63.55,0.));
#775 = DIRECTION('',(0.,0.,1.));
#776 = DIRECTION('',(-1.,0.,0.));
#777 = ADVANCED_FACE('',(#778),#796,.F.);
#778 = FACE_BOUND('',#779,.F.);
#779 = EDGE_LOOP('',(#780,#781,#789,#795));
#780 = ORIENTED_EDGE('',*,*,#74,.F.);
#781 = ORIENTED_EDGE('',*,*,#782,.T.);
#782 = EDGE_CURVE('',#66,#783,#785,.T.);
#783 = VERTEX_POINT('',#784);
#784 = CARTESIAN_POINT('',(94.65,81.85,3.2));
#785 = LINE('',#786,#787);
#786 = CARTESIAN_POINT('',(94.65,81.85,0.));
#787 = VECTOR('',#788,1.);
#788 = DIRECTION('',(0.,0.,1.));
#789 = ORIENTED_EDGE('',*,*,#790,.T.);
#790 = EDGE_CURVE('',#783,#733,#791,.T.);
#791 = LINE('',#792,#793);
#792 = CARTESIAN_POINT('',(112.95,81.85,3.2));
#793 = VECTOR('',#794,1.);
#794 = DIRECTION('',(-1.,0.,0.));
#795 = ORIENTED_EDGE('',*,*,#732,.F.);
#796 = PLANE('',#797);
#797 = AXIS2_PLACEMENT_3D('',#798,#799,#800);
#798 = CARTESIAN_POINT('',(112.95,81.85,0.));
#799 = DIRECTION('',(0.,-1.,0.));
#800 = DIRECTION('',(-1.,0.,0.));
#801 = ADVANCED_FACE('',(#802),#820,.F.);
#802 = FACE_BOUND('',#803,.F.);
#803 = EDGE_LOOP('',(#804,#805,#806,#814));
#804 = ORIENTED_EDGE('',*,*,#40,.F.);
#805 = ORIENTED_EDGE('',*,*,#757,.T.);
#806 = ORIENTED_EDGE('',*,*,#807,.T.);
#807 = EDGE_CURVE('',#758,#808,#810,.T.);
#808 = VERTEX_POINT('',#809);
#809 = CARTESIAN_POINT('',(94.65,-81.85,3.2));
#810 = LINE('',#811,#812);
#811 = CARTESIAN_POINT('',(-112.95,-81.85,3.2));
#812 = VECTOR('',#813,1.);
#813 = DIRECTION('',(1.,0.,0.));
#814 = ORIENTED_EDGE('',*,*,#815,.F.);
#815 = EDGE_CURVE('',#41,#808,#816,.T.);
#816 = LINE('',#817,#818);
#817 = CARTESIAN_POINT('',(94.65,-81.85,0.));
#818 = VECTOR('',#819,1.);
#819 = DIRECTION('',(0.,0.,1.));
#820 = PLANE('',#821);
#821 = AXIS2_PLACEMENT_3D('',#822,#823,#824);
#822 = CARTESIAN_POINT('',(-112.95,-81.85,0.));
#823 = DIRECTION('',(0.,1.,0.));
#824 = DIRECTION('',(1.,0.,0.));
#825 = ADVANCED_FACE('',(#826),#845,.T.);
#826 = FACE_BOUND('',#827,.F.);
#827 = EDGE_LOOP('',(#828,#829,#837,#844));
#828 = ORIENTED_EDGE('',*,*,#65,.T.);
#829 = ORIENTED_EDGE('',*,*,#830,.T.);
#830 = EDGE_CURVE('',#58,#831,#833,.T.);
#831 = VERTEX_POINT('',#832);
#832 = CARTESIAN_POINT('',(112.95,63.55,3.2));
#833 = LINE('',#834,#835);
#834 = CARTESIAN_POINT('',(112.95,63.55,0.));
#835 = VECTOR('',#836,1.);
#836 = DIRECTION('',(0.,0.,1.));
#837 = ORIENTED_EDGE('',*,*,#838,.F.);
#838 = EDGE_CURVE('',#783,#831,#839,.T.);
#839 = CIRCLE('',#840,18.3);
#840 = AXIS2_PLACEMENT_3D('',#841,#842,#843);
#841 = CARTESIAN_POINT('',(94.65,63.55,3.2));
#842 = DIRECTION('',(-0.,-0.,-1.));
#843 = DIRECTION('',(0.,-1.,0.));
#844 = ORIENTED_EDGE('',*,*,#782,.F.);
#845 = CYLINDRICAL_SURFACE('',#846,18.3);
#846 = AXIS2_PLACEMENT_3D('',#847,#848,#849);
#847 = CARTESIAN_POINT('',(94.65,63.55,0.));
#848 = DIRECTION('',(0.,0.,1.));
#849 = DIRECTION('',(0.,1.,0.));
#850 = ADVANCED_FACE('',(#851),#870,.T.);
#851 = FACE_BOUND('',#852,.T.);
#852 = EDGE_LOOP('',(#853,#854,#862,#869));
#853 = ORIENTED_EDGE('',*,*,#48,.T.);
#854 = ORIENTED_EDGE('',*,*,#855,.T.);
#855 = EDGE_CURVE('',#49,#856,#858,.T.);
#856 = VERTEX_POINT('',#857);
#857 = CARTESIAN_POINT('',(112.95,-63.55,3.2));
#858 = LINE('',#859,#860);
#859 = CARTESIAN_POINT('',(112.95,-63.55,0.));
#860 = VECTOR('',#861,1.);
#861 = DIRECTION('',(0.,0.,1.));
#862 = ORIENTED_EDGE('',*,*,#863,.F.);
#863 = EDGE_CURVE('',#808,#856,#864,.T.);
#864 = CIRCLE('',#865,18.3);
#865 = AXIS2_PLACEMENT_3D('',#866,#867,#868);
#866 = CARTESIAN_POINT('',(94.65,-63.55,3.2));
#867 = DIRECTION('',(-0.,0.,1.));
#868 = DIRECTION('',(0.,-1.,0.));
#869 = ORIENTED_EDGE('',*,*,#815,.F.);
#870 = CYLINDRICAL_SURFACE('',#871,18.3);
#871 = AXIS2_PLACEMENT_3D('',#872,#873,#874);
#872 = CARTESIAN_POINT('',(94.65,-63.55,0.));
#873 = DIRECTION('',(0.,0.,1.));
#874 = DIRECTION('',(0.,-1.,0.));
#875 = ADVANCED_FACE('',(#876),#887,.F.);
#876 = FACE_BOUND('',#877,.F.);
#877 = EDGE_LOOP('',(#878,#879,#880,#886));
#878 = ORIENTED_EDGE('',*,*,#57,.F.);
#879 = ORIENTED_EDGE('',*,*,#855,.T.);
#880 = ORIENTED_EDGE('',*,*,#881,.T.);
#881 = EDGE_CURVE('',#856,#831,#882,.T.);
#882 = LINE('',#883,#884);
#883 = CARTESIAN_POINT('',(112.95,-81.85,3.2));
#884 = VECTOR('',#885,1.);
#885 = DIRECTION('',(0.,1.,0.));
#886 = ORIENTED_EDGE('',*,*,#830,.F.);
#887 = PLANE('',#888);
#888 = AXIS2_PLACEMENT_3D('',#889,#890,#891);
#889 = CARTESIAN_POINT('',(112.95,-81.85,0.));
#890 = DIRECTION('',(-1.,0.,0.));
#891 = DIRECTION('',(0.,1.,0.));
#892 = ADVANCED_FACE('',(#893),#912,.F.);
#893 = FACE_BOUND('',#894,.F.);
#894 = EDGE_LOOP('',(#895,#904,#910,#911));
#895 = ORIENTED_EDGE('',*,*,#896,.F.);
#896 = EDGE_CURVE('',#897,#897,#899,.T.);
#897 = VERTEX_POINT('',#898);
#898 = CARTESIAN_POINT('',(-102.9,-73.75,3.2));
#899 = CIRCLE('',#900,2.15);
#900 = AXIS2_PLACEMENT_3D('',#901,#902,#903);
#901 = CARTESIAN_POINT('',(-105.05,-73.75,3.2));
#902 = DIRECTION('',(0.,0.,1.));
#903 = DIRECTION('',(1.,0.,0.));
#904 = ORIENTED_EDGE('',*,*,#905,.T.);
#905 = EDGE_CURVE('',#897,#92,#906,.T.);
#906 = LINE('',#907,#908);
#907 = CARTESIAN_POINT('',(-102.9,-73.75,3.2));
#908 = VECTOR('',#909,1.);
#909 = DIRECTION('',(-0.,-0.,-1.));
#910 = ORIENTED_EDGE('',*,*,#91,.T.);
#911 = ORIENTED_EDGE('',*,*,#905,.F.);
#912 = CYLINDRICAL_SURFACE('',#913,2.15);
#913 = AXIS2_PLACEMENT_3D('',#914,#915,#916);
#914 = CARTESIAN_POINT('',(-105.05,-73.75,3.2));
#915 = DIRECTION('',(0.,0.,1.));
#916 = DIRECTION('',(1.,0.,0.));
#917 = ADVANCED_FACE('',(#918),#937,.F.);
#918 = FACE_BOUND('',#919,.F.);
#919 = EDGE_LOOP('',(#920,#929,#935,#936));
#920 = ORIENTED_EDGE('',*,*,#921,.F.);
#921 = EDGE_CURVE('',#922,#922,#924,.T.);
#922 = VERTEX_POINT('',#923);
#923 = CARTESIAN_POINT('',(-32.9,-76.55,3.2));
#924 = CIRCLE('',#925,2.15);
#925 = AXIS2_PLACEMENT_3D('',#926,#927,#928);
#926 = CARTESIAN_POINT('',(-35.05,-76.55,3.2));
#927 = DIRECTION('',(0.,0.,1.));
#928 = DIRECTION('',(1.,0.,0.));
#929 = ORIENTED_EDGE('',*,*,#930,.T.);
#930 = EDGE_CURVE('',#922,#103,#931,.T.);
#931 = LINE('',#932,#933);
#932 = CARTESIAN_POINT('',(-32.9,-76.55,3.2));
#933 = VECTOR('',#934,1.);
#934 = DIRECTION('',(-0.,-0.,-1.));
#935 = ORIENTED_EDGE('',*,*,#102,.T.);
#936 = ORIENTED_EDGE('',*,*,#930,.F.);
#937 = CYLINDRICAL_SURFACE('',#938,2.15);
#938 = AXIS2_PLACEMENT_3D('',#939,#940,#941);
#939 = CARTESIAN_POINT('',(-35.05,-76.55,3.2));
#940 = DIRECTION('',(0.,0.,1.));
#941 = DIRECTION('',(1.,0.,0.));
#942 = ADVANCED_FACE('',(#943),#962,.F.);
#943 = FACE_BOUND('',#944,.F.);
#944 = EDGE_LOOP('',(#945,#954,#960,#961));
#945 = ORIENTED_EDGE('',*,*,#946,.F.);
#946 = EDGE_CURVE('',#947,#947,#949,.T.);
#947 = VERTEX_POINT('',#948);
#948 = CARTESIAN_POINT('',(37.189,-76.55,3.2));
#949 = CIRCLE('',#950,2.15);
#950 = AXIS2_PLACEMENT_3D('',#951,#952,#953);
#951 = CARTESIAN_POINT('',(35.039,-76.55,3.2));
#952 = DIRECTION('',(0.,0.,1.));
#953 = DIRECTION('',(1.,0.,0.));
#954 = ORIENTED_EDGE('',*,*,#955,.T.);
#955 = EDGE_CURVE('',#947,#114,#956,.T.);
#956 = LINE('',#957,#958);
#957 = CARTESIAN_POINT('',(37.189,-76.55,3.2));
#958 = VECTOR('',#959,1.);
#959 = DIRECTION('',(-0.,-0.,-1.));
#960 = ORIENTED_EDGE('',*,*,#113,.T.);
#961 = ORIENTED_EDGE('',*,*,#955,.F.);
#962 = CYLINDRICAL_SURFACE('',#963,2.15);
#963 = AXIS2_PLACEMENT_3D('',#964,#965,#966);
#964 = CARTESIAN_POINT('',(35.039,-76.55,3.2));
#965 = DIRECTION('',(0.,0.,1.));
#966 = DIRECTION('',(1.,0.,0.));
#967 = ADVANCED_FACE('',(#968,#1042),#1084,.T.);
#968 = FACE_BOUND('',#969,.T.);
#969 = EDGE_LOOP('',(#970,#980,#986,#987,#996,#1004,#1012,#1020,#1028,
    #1036));
#970 = ORIENTED_EDGE('',*,*,#971,.T.);
#971 = EDGE_CURVE('',#972,#974,#976,.T.);
#972 = VERTEX_POINT('',#973);
#973 = CARTESIAN_POINT('',(-73.05,-67.15,3.2));
#974 = VERTEX_POINT('',#975);
#975 = CARTESIAN_POINT('',(-73.05,-19.15,3.2));
#976 = LINE('',#977,#978);
#977 = CARTESIAN_POINT('',(-73.05,-68.15,3.2));
#978 = VECTOR('',#979,1.);
#979 = DIRECTION('',(0.,1.,0.));
#980 = ORIENTED_EDGE('',*,*,#981,.T.);
#981 = EDGE_CURVE('',#974,#127,#982,.T.);
#982 = LINE('',#983,#984);
#983 = CARTESIAN_POINT('',(-73.05,-19.15,3.2));
#984 = VECTOR('',#985,1.);
#985 = DIRECTION('',(-0.,-0.,-1.));
#986 = ORIENTED_EDGE('',*,*,#124,.F.);
#987 = ORIENTED_EDGE('',*,*,#988,.T.);
#988 = EDGE_CURVE('',#125,#989,#991,.T.);
#989 = VERTEX_POINT('',#990);
#990 = CARTESIAN_POINT('',(-73.05,-35.15,-1.));
#991 = HYPERBOLA('',#992,2.,2.);
#992 = AXIS2_PLACEMENT_3D('',#993,#994,#995);
#993 = CARTESIAN_POINT('',(-73.05,-35.15,-3.));
#994 = DIRECTION('',(1.,0.,-0.));
#995 = DIRECTION('',(0.,0.,1.));
#996 = ORIENTED_EDGE('',*,*,#997,.T.);
#997 = EDGE_CURVE('',#989,#998,#1000,.T.);
#998 = VERTEX_POINT('',#999);
#999 = CARTESIAN_POINT('',(-73.05,-35.15,-70.));
#1000 = LINE('',#1001,#1002);
#1001 = CARTESIAN_POINT('',(-73.05,-35.15,0.));
#1002 = VECTOR('',#1003,1.);
#1003 = DIRECTION('',(0.,0.,-1.));
#1004 = ORIENTED_EDGE('',*,*,#1005,.F.);
#1005 = EDGE_CURVE('',#1006,#998,#1008,.T.);
#1006 = VERTEX_POINT('',#1007);
#1007 = CARTESIAN_POINT('',(-73.05,-69.15,-70.));
#1008 = LINE('',#1009,#1010);
#1009 = CARTESIAN_POINT('',(-73.05,-71.15,-70.));
#1010 = VECTOR('',#1011,1.);
#1011 = DIRECTION('',(0.,1.,0.));
#1012 = ORIENTED_EDGE('',*,*,#1013,.F.);
#1013 = EDGE_CURVE('',#1014,#1006,#1016,.T.);
#1014 = VERTEX_POINT('',#1015);
#1015 = CARTESIAN_POINT('',(-73.05,-69.15,-1.));
#1016 = LINE('',#1017,#1018);
#1017 = CARTESIAN_POINT('',(-73.05,-69.15,0.));
#1018 = VECTOR('',#1019,1.);
#1019 = DIRECTION('',(0.,0.,-1.));
#1020 = ORIENTED_EDGE('',*,*,#1021,.T.);
#1021 = EDGE_CURVE('',#1014,#1022,#1024,.T.);
#1022 = VERTEX_POINT('',#1023);
#1023 = CARTESIAN_POINT('',(-73.05,-68.15,-1.));
#1024 = LINE('',#1025,#1026);
#1025 = CARTESIAN_POINT('',(-73.05,-69.15,-1.));
#1026 = VECTOR('',#1027,1.);
#1027 = DIRECTION('',(0.,1.,0.));
#1028 = ORIENTED_EDGE('',*,*,#1029,.T.);
#1029 = EDGE_CURVE('',#1022,#1030,#1032,.T.);
#1030 = VERTEX_POINT('',#1031);
#1031 = CARTESIAN_POINT('',(-73.05,-67.15,-1.));
#1032 = LINE('',#1033,#1034);
#1033 = CARTESIAN_POINT('',(-73.05,-58.80618583071,-1.));
#1034 = VECTOR('',#1035,1.);
#1035 = DIRECTION('',(0.,1.,-8.360419941201E-18));
#1036 = ORIENTED_EDGE('',*,*,#1037,.F.);
#1037 = EDGE_CURVE('',#972,#1030,#1038,.T.);
#1038 = LINE('',#1039,#1040);
#1039 = CARTESIAN_POINT('',(-73.05,-67.15,3.2));
#1040 = VECTOR('',#1041,1.);
#1041 = DIRECTION('',(-0.,-0.,-1.));
#1042 = FACE_BOUND('',#1043,.T.);
#1043 = EDGE_LOOP('',(#1044,#1054,#1062,#1070,#1078));
#1044 = ORIENTED_EDGE('',*,*,#1045,.T.);
#1045 = EDGE_CURVE('',#1046,#1048,#1050,.T.);
#1046 = VERTEX_POINT('',#1047);
#1047 = CARTESIAN_POINT('',(-73.05,-38.15,-5.));
#1048 = VERTEX_POINT('',#1049);
#1049 = CARTESIAN_POINT('',(-73.05,-66.15,-5.));
#1050 = LINE('',#1051,#1052);
#1051 = CARTESIAN_POINT('',(-73.05,-38.15,-5.));
#1052 = VECTOR('',#1053,1.);
#1053 = DIRECTION('',(0.,-1.,0.));
#1054 = ORIENTED_EDGE('',*,*,#1055,.T.);
#1055 = EDGE_CURVE('',#1048,#1056,#1058,.T.);
#1056 = VERTEX_POINT('',#1057);
#1057 = CARTESIAN_POINT('',(-73.05,-66.15,-20.51752500005));
#1058 = LINE('',#1059,#1060);
#1059 = CARTESIAN_POINT('',(-73.05,-66.15,-5.));
#1060 = VECTOR('',#1061,1.);
#1061 = DIRECTION('',(0.,0.,-1.));
#1062 = ORIENTED_EDGE('',*,*,#1063,.T.);
#1063 = EDGE_CURVE('',#1056,#1064,#1066,.T.);
#1064 = VERTEX_POINT('',#1065);
#1065 = CARTESIAN_POINT('',(-73.05,-52.15,-34.51752500005));
#1066 = LINE('',#1067,#1068);
#1067 = CARTESIAN_POINT('',(-73.05,-66.15,-20.51752500005));
#1068 = VECTOR('',#1069,1.);
#1069 = DIRECTION('',(-0.,0.707106781187,-0.707106781187));
#1070 = ORIENTED_EDGE('',*,*,#1071,.F.);
#1071 = EDGE_CURVE('',#1072,#1064,#1074,.T.);
#1072 = VERTEX_POINT('',#1073);
#1073 = CARTESIAN_POINT('',(-73.05,-38.15,-20.51752500005));
#1074 = LINE('',#1075,#1076);
#1075 = CARTESIAN_POINT('',(-73.05,-38.15,-20.51752500005));
#1076 = VECTOR('',#1077,1.);
#1077 = DIRECTION('',(0.,-0.707106781187,-0.707106781187));
#1078 = ORIENTED_EDGE('',*,*,#1079,.F.);
#1079 = EDGE_CURVE('',#1046,#1072,#1080,.T.);
#1080 = LINE('',#1081,#1082);
#1081 = CARTESIAN_POINT('',(-73.05,-38.15,-5.));
#1082 = VECTOR('',#1083,1.);
#1083 = DIRECTION('',(0.,0.,-1.));
#1084 = PLANE('',#1085);
#1085 = AXIS2_PLACEMENT_3D('',#1086,#1087,#1088);
#1086 = CARTESIAN_POINT('',(-73.05,-48.46237166142,-28.71694604363));
#1087 = DIRECTION('',(-1.,-0.,-0.));
#1088 = DIRECTION('',(0.,0.,-1.));
#1089 = ADVANCED_FACE('',(#1090),#1109,.F.);
#1090 = FACE_BOUND('',#1091,.F.);
#1091 = EDGE_LOOP('',(#1092,#1101,#1102,#1103));
#1092 = ORIENTED_EDGE('',*,*,#1093,.T.);
#1093 = EDGE_CURVE('',#1094,#974,#1096,.T.);
#1094 = VERTEX_POINT('',#1095);
#1095 = CARTESIAN_POINT('',(-74.05,-18.15,3.2));
#1096 = CIRCLE('',#1097,1.);
#1097 = AXIS2_PLACEMENT_3D('',#1098,#1099,#1100);
#1098 = CARTESIAN_POINT('',(-74.05,-19.15,3.2));
#1099 = DIRECTION('',(0.,0.,-1.));
#1100 = DIRECTION('',(0.,1.,0.));
#1101 = ORIENTED_EDGE('',*,*,#981,.T.);
#1102 = ORIENTED_EDGE('',*,*,#380,.F.);
#1103 = ORIENTED_EDGE('',*,*,#1104,.F.);
#1104 = EDGE_CURVE('',#1094,#373,#1105,.T.);
#1105 = LINE('',#1106,#1107);
#1106 = CARTESIAN_POINT('',(-74.05,-18.15,3.2));
#1107 = VECTOR('',#1108,1.);
#1108 = DIRECTION('',(-0.,-0.,-1.));
#1109 = CYLINDRICAL_SURFACE('',#1110,1.);
#1110 = AXIS2_PLACEMENT_3D('',#1111,#1112,#1113);
#1111 = CARTESIAN_POINT('',(-74.05,-19.15,3.2));
#1112 = DIRECTION('',(-0.,-0.,-1.));
#1113 = DIRECTION('',(0.,1.,0.));
#1114 = ADVANCED_FACE('',(#1115),#1134,.T.);
#1115 = FACE_BOUND('',#1116,.T.);
#1116 = EDGE_LOOP('',(#1117,#1126,#1127,#1128));
#1117 = ORIENTED_EDGE('',*,*,#1118,.F.);
#1118 = EDGE_CURVE('',#989,#1119,#1121,.T.);
#1119 = VERTEX_POINT('',#1120);
#1120 = CARTESIAN_POINT('',(-71.05,-33.15,-1.));
#1121 = CIRCLE('',#1122,2.);
#1122 = AXIS2_PLACEMENT_3D('',#1123,#1124,#1125);
#1123 = CARTESIAN_POINT('',(-71.05,-35.15,-1.));
#1124 = DIRECTION('',(0.,0.,-1.));
#1125 = DIRECTION('',(-1.,0.,0.));
#1126 = ORIENTED_EDGE('',*,*,#988,.F.);
#1127 = ORIENTED_EDGE('',*,*,#134,.T.);
#1128 = ORIENTED_EDGE('',*,*,#1129,.T.);
#1129 = EDGE_CURVE('',#135,#1119,#1130,.T.);
#1130 = LINE('',#1131,#1132);
#1131 = CARTESIAN_POINT('',(-71.05,-32.65,-0.5));
#1132 = VECTOR('',#1133,1.);
#1133 = DIRECTION('',(-4.054583578972E-35,-0.707106781187,
    -0.707106781187));
#1134 = CONICAL_SURFACE('',#1135,2.,0.785398163397);
#1135 = AXIS2_PLACEMENT_3D('',#1136,#1137,#1138);
#1136 = CARTESIAN_POINT('',(-71.05,-35.15,-1.));
#1137 = DIRECTION('',(0.,0.,1.));
#1138 = DIRECTION('',(-1.,0.,0.));
#1139 = ADVANCED_FACE('',(#1140),#1158,.F.);
#1140 = FACE_BOUND('',#1141,.F.);
#1141 = EDGE_LOOP('',(#1142,#1150,#1151,#1152));
#1142 = ORIENTED_EDGE('',*,*,#1143,.F.);
#1143 = EDGE_CURVE('',#1094,#1144,#1146,.T.);
#1144 = VERTEX_POINT('',#1145);
#1145 = CARTESIAN_POINT('',(-102.05,-18.15,3.2));
#1146 = LINE('',#1147,#1148);
#1147 = CARTESIAN_POINT('',(-73.05,-18.15,3.2));
#1148 = VECTOR('',#1149,1.);
#1149 = DIRECTION('',(-1.,0.,0.));
#1150 = ORIENTED_EDGE('',*,*,#1104,.T.);
#1151 = ORIENTED_EDGE('',*,*,#372,.T.);
#1152 = ORIENTED_EDGE('',*,*,#1153,.F.);
#1153 = EDGE_CURVE('',#1144,#364,#1154,.T.);
#1154 = LINE('',#1155,#1156);
#1155 = CARTESIAN_POINT('',(-102.05,-18.15,3.2));
#1156 = VECTOR('',#1157,1.);
#1157 = DIRECTION('',(-0.,-0.,-1.));
#1158 = PLANE('',#1159);
#1159 = AXIS2_PLACEMENT_3D('',#1160,#1161,#1162);
#1160 = CARTESIAN_POINT('',(-73.05,-18.15,3.2));
#1161 = DIRECTION('',(0.,1.,0.));
#1162 = DIRECTION('',(-1.,0.,0.));
#1163 = ADVANCED_FACE('',(#1164),#1182,.F.);
#1164 = FACE_BOUND('',#1165,.T.);
#1165 = EDGE_LOOP('',(#1166,#1167,#1168,#1176));
#1166 = ORIENTED_EDGE('',*,*,#1129,.F.);
#1167 = ORIENTED_EDGE('',*,*,#143,.T.);
#1168 = ORIENTED_EDGE('',*,*,#1169,.T.);
#1169 = EDGE_CURVE('',#144,#1170,#1172,.T.);
#1170 = VERTEX_POINT('',#1171);
#1171 = CARTESIAN_POINT('',(-58.45,-33.15,-1.));
#1172 = LINE('',#1173,#1174);
#1173 = CARTESIAN_POINT('',(-58.45,-32.65,-0.5));
#1174 = VECTOR('',#1175,1.);
#1175 = DIRECTION('',(-4.054583578972E-35,-0.707106781187,
    -0.707106781187));
#1176 = ORIENTED_EDGE('',*,*,#1177,.F.);
#1177 = EDGE_CURVE('',#1119,#1170,#1178,.T.);
#1178 = LINE('',#1179,#1180);
#1179 = CARTESIAN_POINT('',(-71.05,-33.15,-1.));
#1180 = VECTOR('',#1181,1.);
#1181 = DIRECTION('',(1.,0.,0.));
#1182 = PLANE('',#1183);
#1183 = AXIS2_PLACEMENT_3D('',#1184,#1185,#1186);
#1184 = CARTESIAN_POINT('',(-71.05,-32.65,-0.5));
#1185 = DIRECTION('',(-5.911709633991E-18,-0.707106781187,0.707106781187
    ));
#1186 = DIRECTION('',(-1.,4.180209970601E-18,-4.180209970601E-18));
#1187 = ADVANCED_FACE('',(#1188),#1207,.F.);
#1188 = FACE_BOUND('',#1189,.T.);
#1189 = EDGE_LOOP('',(#1190,#1199,#1205,#1206));
#1190 = ORIENTED_EDGE('',*,*,#1191,.T.);
#1191 = EDGE_CURVE('',#1144,#1192,#1194,.T.);
#1192 = VERTEX_POINT('',#1193);
#1193 = CARTESIAN_POINT('',(-103.05,-19.15,3.2));
#1194 = CIRCLE('',#1195,1.);
#1195 = AXIS2_PLACEMENT_3D('',#1196,#1197,#1198);
#1196 = CARTESIAN_POINT('',(-102.05,-19.15,3.2));
#1197 = DIRECTION('',(0.,-0.,1.));
#1198 = DIRECTION('',(0.,1.,0.));
#1199 = ORIENTED_EDGE('',*,*,#1200,.T.);
#1200 = EDGE_CURVE('',#1192,#356,#1201,.T.);
#1201 = LINE('',#1202,#1203);
#1202 = CARTESIAN_POINT('',(-103.05,-19.15,3.2));
#1203 = VECTOR('',#1204,1.);
#1204 = DIRECTION('',(-0.,-0.,-1.));
#1205 = ORIENTED_EDGE('',*,*,#363,.F.);
#1206 = ORIENTED_EDGE('',*,*,#1153,.F.);
#1207 = CYLINDRICAL_SURFACE('',#1208,1.);
#1208 = AXIS2_PLACEMENT_3D('',#1209,#1210,#1211);
#1209 = CARTESIAN_POINT('',(-102.05,-19.15,3.2));
#1210 = DIRECTION('',(-0.,-0.,-1.));
#1211 = DIRECTION('',(0.,1.,0.));
#1212 = ADVANCED_FACE('',(#1213),#1232,.F.);
#1213 = FACE_BOUND('',#1214,.T.);
#1214 = EDGE_LOOP('',(#1215,#1216,#1217,#1225));
#1215 = ORIENTED_EDGE('',*,*,#1169,.F.);
#1216 = ORIENTED_EDGE('',*,*,#151,.T.);
#1217 = ORIENTED_EDGE('',*,*,#1218,.T.);
#1218 = EDGE_CURVE('',#152,#1219,#1221,.T.);
#1219 = VERTEX_POINT('',#1220);
#1220 = CARTESIAN_POINT('',(-56.45,-31.15,-1.));
#1221 = LINE('',#1222,#1223);
#1222 = CARTESIAN_POINT('',(-56.45,-31.15,-1.));
#1223 = VECTOR('',#1224,1.);
#1224 = DIRECTION('',(0.707106781187,-6.713347862853E-16,-0.707106781187
    ));
#1225 = ORIENTED_EDGE('',*,*,#1226,.F.);
#1226 = EDGE_CURVE('',#1170,#1219,#1227,.T.);
#1227 = CIRCLE('',#1228,2.);
#1228 = AXIS2_PLACEMENT_3D('',#1229,#1230,#1231);
#1229 = CARTESIAN_POINT('',(-58.45,-31.15,-1.));
#1230 = DIRECTION('',(-0.,0.,1.));
#1231 = DIRECTION('',(0.,-1.,0.));
#1232 = CONICAL_SURFACE('',#1233,2.,0.785398163397);
#1233 = AXIS2_PLACEMENT_3D('',#1234,#1235,#1236);
#1234 = CARTESIAN_POINT('',(-58.45,-31.15,-1.));
#1235 = DIRECTION('',(-0.,-0.,-1.));
#1236 = DIRECTION('',(0.,-1.,0.));
#1237 = ADVANCED_FACE('',(#1238),#1256,.F.);
#1238 = FACE_BOUND('',#1239,.F.);
#1239 = EDGE_LOOP('',(#1240,#1248,#1249,#1250));
#1240 = ORIENTED_EDGE('',*,*,#1241,.F.);
#1241 = EDGE_CURVE('',#1192,#1242,#1244,.T.);
#1242 = VERTEX_POINT('',#1243);
#1243 = CARTESIAN_POINT('',(-103.05,-67.15,3.2));
#1244 = LINE('',#1245,#1246);
#1245 = CARTESIAN_POINT('',(-103.05,-18.15,3.2));
#1246 = VECTOR('',#1247,1.);
#1247 = DIRECTION('',(0.,-1.,0.));
#1248 = ORIENTED_EDGE('',*,*,#1200,.T.);
#1249 = ORIENTED_EDGE('',*,*,#355,.T.);
#1250 = ORIENTED_EDGE('',*,*,#1251,.F.);
#1251 = EDGE_CURVE('',#1242,#347,#1252,.T.);
#1252 = LINE('',#1253,#1254);
#1253 = CARTESIAN_POINT('',(-103.05,-67.15,3.2));
#1254 = VECTOR('',#1255,1.);
#1255 = DIRECTION('',(-0.,-0.,-1.));
#1256 = PLANE('',#1257);
#1257 = AXIS2_PLACEMENT_3D('',#1258,#1259,#1260);
#1258 = CARTESIAN_POINT('',(-103.05,-18.15,3.2));
#1259 = DIRECTION('',(-1.,0.,0.));
#1260 = DIRECTION('',(0.,-1.,0.));
#1261 = ADVANCED_FACE('',(#1262),#1280,.T.);
#1262 = FACE_BOUND('',#1263,.T.);
#1263 = EDGE_LOOP('',(#1264,#1265,#1266,#1274));
#1264 = ORIENTED_EDGE('',*,*,#1218,.F.);
#1265 = ORIENTED_EDGE('',*,*,#160,.T.);
#1266 = ORIENTED_EDGE('',*,*,#1267,.T.);
#1267 = EDGE_CURVE('',#161,#1268,#1270,.T.);
#1268 = VERTEX_POINT('',#1269);
#1269 = CARTESIAN_POINT('',(-56.45,-22.15,-1.));
#1270 = LINE('',#1271,#1272);
#1271 = CARTESIAN_POINT('',(-56.95,-22.15,-0.5));
#1272 = VECTOR('',#1273,1.);
#1273 = DIRECTION('',(0.707106781187,1.612742825023E-32,-0.707106781187)
  );
#1274 = ORIENTED_EDGE('',*,*,#1275,.F.);
#1275 = EDGE_CURVE('',#1219,#1268,#1276,.T.);
#1276 = LINE('',#1277,#1278);
#1277 = CARTESIAN_POINT('',(-56.45,-31.15,-1.));
#1278 = VECTOR('',#1279,1.);
#1279 = DIRECTION('',(0.,1.,0.));
#1280 = PLANE('',#1281);
#1281 = AXIS2_PLACEMENT_3D('',#1282,#1283,#1284);
#1282 = CARTESIAN_POINT('',(-56.95,-31.15,-0.5));
#1283 = DIRECTION('',(-0.707106781187,5.055530073263E-16,-0.707106781187
    ));
#1284 = DIRECTION('',(3.574799597297E-16,1.,3.574799597297E-16));
#1285 = ADVANCED_FACE('',(#1286),#1305,.F.);
#1286 = FACE_BOUND('',#1287,.T.);
#1287 = EDGE_LOOP('',(#1288,#1297,#1303,#1304));
#1288 = ORIENTED_EDGE('',*,*,#1289,.T.);
#1289 = EDGE_CURVE('',#1242,#1290,#1292,.T.);
#1290 = VERTEX_POINT('',#1291);
#1291 = CARTESIAN_POINT('',(-102.05,-68.15,3.2));
#1292 = CIRCLE('',#1293,1.);
#1293 = AXIS2_PLACEMENT_3D('',#1294,#1295,#1296);
#1294 = CARTESIAN_POINT('',(-102.05,-67.15,3.2));
#1295 = DIRECTION('',(0.,-0.,1.));
#1296 = DIRECTION('',(0.,1.,0.));
#1297 = ORIENTED_EDGE('',*,*,#1298,.T.);
#1298 = EDGE_CURVE('',#1290,#339,#1299,.T.);
#1299 = LINE('',#1300,#1301);
#1300 = CARTESIAN_POINT('',(-102.05,-68.15,3.2));
#1301 = VECTOR('',#1302,1.);
#1302 = DIRECTION('',(-0.,-0.,-1.));
#1303 = ORIENTED_EDGE('',*,*,#346,.F.);
#1304 = ORIENTED_EDGE('',*,*,#1251,.F.);
#1305 = CYLINDRICAL_SURFACE('',#1306,1.);
#1306 = AXIS2_PLACEMENT_3D('',#1307,#1308,#1309);
#1307 = CARTESIAN_POINT('',(-102.05,-67.15,3.2));
#1308 = DIRECTION('',(-0.,-0.,-1.));
#1309 = DIRECTION('',(-1.,0.,0.));
#1310 = ADVANCED_FACE('',(#1311),#1330,.T.);
#1311 = FACE_BOUND('',#1312,.T.);
#1312 = EDGE_LOOP('',(#1313,#1314,#1315,#1323));
#1313 = ORIENTED_EDGE('',*,*,#1267,.F.);
#1314 = ORIENTED_EDGE('',*,*,#168,.T.);
#1315 = ORIENTED_EDGE('',*,*,#1316,.T.);
#1316 = EDGE_CURVE('',#169,#1317,#1319,.T.);
#1317 = VERTEX_POINT('',#1318);
#1318 = CARTESIAN_POINT('',(-54.45,-20.15,-1.));
#1319 = LINE('',#1320,#1321);
#1320 = CARTESIAN_POINT('',(-54.45,-20.15,-1.));
#1321 = VECTOR('',#1322,1.);
#1322 = DIRECTION('',(4.329780281177E-17,-0.707106781187,-0.707106781187
    ));
#1323 = ORIENTED_EDGE('',*,*,#1324,.F.);
#1324 = EDGE_CURVE('',#1268,#1317,#1325,.T.);
#1325 = CIRCLE('',#1326,2.);
#1326 = AXIS2_PLACEMENT_3D('',#1327,#1328,#1329);
#1327 = CARTESIAN_POINT('',(-54.45,-22.15,-1.));
#1328 = DIRECTION('',(0.,0.,-1.));
#1329 = DIRECTION('',(-1.,1.7763568394E-15,0.));
#1330 = CONICAL_SURFACE('',#1331,2.,0.785398163397);
#1331 = AXIS2_PLACEMENT_3D('',#1332,#1333,#1334);
#1332 = CARTESIAN_POINT('',(-54.45,-22.15,-1.));
#1333 = DIRECTION('',(0.,0.,1.));
#1334 = DIRECTION('',(-1.,1.7763568394E-15,0.));
#1335 = ADVANCED_FACE('',(#1336),#1354,.F.);
#1336 = FACE_BOUND('',#1337,.F.);
#1337 = EDGE_LOOP('',(#1338,#1346,#1347,#1348));
#1338 = ORIENTED_EDGE('',*,*,#1339,.F.);
#1339 = EDGE_CURVE('',#1290,#1340,#1342,.T.);
#1340 = VERTEX_POINT('',#1341);
#1341 = CARTESIAN_POINT('',(-74.05,-68.15,3.2));
#1342 = LINE('',#1343,#1344);
#1343 = CARTESIAN_POINT('',(-103.05,-68.15,3.2));
#1344 = VECTOR('',#1345,1.);
#1345 = DIRECTION('',(1.,0.,0.));
#1346 = ORIENTED_EDGE('',*,*,#1298,.T.);
#1347 = ORIENTED_EDGE('',*,*,#338,.T.);
#1348 = ORIENTED_EDGE('',*,*,#1349,.F.);
#1349 = EDGE_CURVE('',#1340,#331,#1350,.T.);
#1350 = LINE('',#1351,#1352);
#1351 = CARTESIAN_POINT('',(-74.05,-68.15,3.2));
#1352 = VECTOR('',#1353,1.);
#1353 = DIRECTION('',(-0.,-0.,-1.));
#1354 = PLANE('',#1355);
#1355 = AXIS2_PLACEMENT_3D('',#1356,#1357,#1358);
#1356 = CARTESIAN_POINT('',(-103.05,-68.15,3.2));
#1357 = DIRECTION('',(0.,-1.,0.));
#1358 = DIRECTION('',(1.,0.,0.));
#1359 = ADVANCED_FACE('',(#1360),#1378,.F.);
#1360 = FACE_BOUND('',#1361,.T.);
#1361 = EDGE_LOOP('',(#1362,#1363,#1364,#1372));
#1362 = ORIENTED_EDGE('',*,*,#1316,.F.);
#1363 = ORIENTED_EDGE('',*,*,#177,.T.);
#1364 = ORIENTED_EDGE('',*,*,#1365,.T.);
#1365 = EDGE_CURVE('',#178,#1366,#1368,.T.);
#1366 = VERTEX_POINT('',#1367);
#1367 = CARTESIAN_POINT('',(-47.45,-20.15,-1.));
#1368 = LINE('',#1369,#1370);
#1369 = CARTESIAN_POINT('',(-47.45,-19.65,-0.5));
#1370 = VECTOR('',#1371,1.);
#1371 = DIRECTION('',(-4.054583578972E-35,-0.707106781187,
    -0.707106781187));
#1372 = ORIENTED_EDGE('',*,*,#1373,.F.);
#1373 = EDGE_CURVE('',#1317,#1366,#1374,.T.);
#1374 = LINE('',#1375,#1376);
#1375 = CARTESIAN_POINT('',(-54.45,-20.15,-1.));
#1376 = VECTOR('',#1377,1.);
#1377 = DIRECTION('',(1.,0.,0.));
#1378 = PLANE('',#1379);
#1379 = AXIS2_PLACEMENT_3D('',#1380,#1381,#1382);
#1380 = CARTESIAN_POINT('',(-54.45,-19.65,-0.5));
#1381 = DIRECTION('',(-5.911709633991E-18,-0.707106781187,0.707106781187
    ));
#1382 = DIRECTION('',(-1.,4.180209970601E-18,-4.180209970601E-18));
#1383 = ADVANCED_FACE('',(#1384),#1402,.F.);
#1384 = FACE_BOUND('',#1385,.T.);
#1385 = EDGE_LOOP('',(#1386,#1393,#1394,#1395,#1401));
#1386 = ORIENTED_EDGE('',*,*,#1387,.T.);
#1387 = EDGE_CURVE('',#331,#1030,#1388,.T.);
#1388 = ELLIPSE('',#1389,1.414213562373,1.);
#1389 = AXIS2_PLACEMENT_3D('',#1390,#1391,#1392);
#1390 = CARTESIAN_POINT('',(-74.05,-67.15,7.549516567451E-15));
#1391 = DIRECTION('',(0.707106781187,5.911709633991E-18,0.707106781187)
  );
#1392 = DIRECTION('',(0.707106781187,5.911709633991E-18,-0.707106781187)
  );
#1393 = ORIENTED_EDGE('',*,*,#1029,.F.);
#1394 = ORIENTED_EDGE('',*,*,#1021,.F.);
#1395 = ORIENTED_EDGE('',*,*,#1396,.F.);
#1396 = EDGE_CURVE('',#322,#1014,#1397,.T.);
#1397 = LINE('',#1398,#1399);
#1398 = CARTESIAN_POINT('',(-73.05,-69.15,-1.));
#1399 = VECTOR('',#1400,1.);
#1400 = DIRECTION('',(0.707106781187,4.329780281177E-17,-0.707106781187)
  );
#1401 = ORIENTED_EDGE('',*,*,#330,.T.);
#1402 = PLANE('',#1403);
#1403 = AXIS2_PLACEMENT_3D('',#1404,#1405,#1406);
#1404 = CARTESIAN_POINT('',(-73.55,-69.15,-0.5));
#1405 = DIRECTION('',(0.707106781187,5.911709633991E-18,0.707106781187)
  );
#1406 = DIRECTION('',(4.180209970601E-18,-1.,4.180209970601E-18));
#1407 = ADVANCED_FACE('',(#1408),#1427,.T.);
#1408 = FACE_BOUND('',#1409,.T.);
#1409 = EDGE_LOOP('',(#1410,#1411,#1412,#1420));
#1410 = ORIENTED_EDGE('',*,*,#1365,.F.);
#1411 = ORIENTED_EDGE('',*,*,#185,.T.);
#1412 = ORIENTED_EDGE('',*,*,#1413,.T.);
#1413 = EDGE_CURVE('',#186,#1414,#1416,.T.);
#1414 = VERTEX_POINT('',#1415);
#1415 = CARTESIAN_POINT('',(-45.45,-22.15,-1.));
#1416 = LINE('',#1417,#1418);
#1417 = CARTESIAN_POINT('',(-45.45,-22.15,-1.));
#1418 = VECTOR('',#1419,1.);
#1419 = DIRECTION('',(-0.707106781187,-6.713347862853E-16,
    -0.707106781187));
#1420 = ORIENTED_EDGE('',*,*,#1421,.F.);
#1421 = EDGE_CURVE('',#1366,#1414,#1422,.T.);
#1422 = CIRCLE('',#1423,2.);
#1423 = AXIS2_PLACEMENT_3D('',#1424,#1425,#1426);
#1424 = CARTESIAN_POINT('',(-47.45,-22.15,-1.));
#1425 = DIRECTION('',(0.,0.,-1.));
#1426 = DIRECTION('',(0.,1.,0.));
#1427 = CONICAL_SURFACE('',#1428,2.,0.785398163397);
#1428 = AXIS2_PLACEMENT_3D('',#1429,#1430,#1431);
#1429 = CARTESIAN_POINT('',(-47.45,-22.15,-1.));
#1430 = DIRECTION('',(0.,0.,1.));
#1431 = DIRECTION('',(0.,1.,0.));
#1432 = ADVANCED_FACE('',(#1433),#1452,.T.);
#1433 = FACE_BOUND('',#1434,.T.);
#1434 = EDGE_LOOP('',(#1435,#1443,#1444,#1445));
#1435 = ORIENTED_EDGE('',*,*,#1436,.F.);
#1436 = EDGE_CURVE('',#314,#1437,#1439,.T.);
#1437 = VERTEX_POINT('',#1438);
#1438 = CARTESIAN_POINT('',(-71.05,-71.15,-1.));
#1439 = LINE('',#1440,#1441);
#1440 = CARTESIAN_POINT('',(-71.05,-71.65,-0.5));
#1441 = VECTOR('',#1442,1.);
#1442 = DIRECTION('',(-4.054583578972E-35,0.707106781187,-0.707106781187
    ));
#1443 = ORIENTED_EDGE('',*,*,#321,.T.);
#1444 = ORIENTED_EDGE('',*,*,#1396,.T.);
#1445 = ORIENTED_EDGE('',*,*,#1446,.F.);
#1446 = EDGE_CURVE('',#1437,#1014,#1447,.T.);
#1447 = CIRCLE('',#1448,2.);
#1448 = AXIS2_PLACEMENT_3D('',#1449,#1450,#1451);
#1449 = CARTESIAN_POINT('',(-71.05,-69.15,-1.));
#1450 = DIRECTION('',(-0.,-0.,-1.));
#1451 = DIRECTION('',(0.,-1.,0.));
#1452 = CONICAL_SURFACE('',#1453,2.,0.785398163397);
#1453 = AXIS2_PLACEMENT_3D('',#1454,#1455,#1456);
#1454 = CARTESIAN_POINT('',(-71.05,-69.15,-1.));
#1455 = DIRECTION('',(0.,0.,1.));
#1456 = DIRECTION('',(0.,-1.,0.));
#1457 = ADVANCED_FACE('',(#1458),#1476,.T.);
#1458 = FACE_BOUND('',#1459,.T.);
#1459 = EDGE_LOOP('',(#1460,#1461,#1462,#1470));
#1460 = ORIENTED_EDGE('',*,*,#1413,.F.);
#1461 = ORIENTED_EDGE('',*,*,#194,.T.);
#1462 = ORIENTED_EDGE('',*,*,#1463,.T.);
#1463 = EDGE_CURVE('',#195,#1464,#1466,.T.);
#1464 = VERTEX_POINT('',#1465);
#1465 = CARTESIAN_POINT('',(-45.45,-31.15,-1.));
#1466 = LINE('',#1467,#1468);
#1467 = CARTESIAN_POINT('',(-44.95,-31.15,-0.5));
#1468 = VECTOR('',#1469,1.);
#1469 = DIRECTION('',(-0.707106781187,-1.373932654392E-32,
    -0.707106781187));
#1470 = ORIENTED_EDGE('',*,*,#1471,.F.);
#1471 = EDGE_CURVE('',#1414,#1464,#1472,.T.);
#1472 = LINE('',#1473,#1474);
#1473 = CARTESIAN_POINT('',(-45.45,-22.15,-1.));
#1474 = VECTOR('',#1475,1.);
#1475 = DIRECTION('',(0.,-1.,0.));
#1476 = PLANE('',#1477);
#1477 = AXIS2_PLACEMENT_3D('',#1478,#1479,#1480);
#1478 = CARTESIAN_POINT('',(-44.95,-22.15,-0.5));
#1479 = DIRECTION('',(0.707106781187,5.077454667082E-16,-0.707106781187)
  );
#1480 = DIRECTION('',(3.590302626261E-16,-1.,-3.590302626261E-16));
#1481 = ADVANCED_FACE('',(#1482),#1500,.T.);
#1482 = FACE_BOUND('',#1483,.T.);
#1483 = EDGE_LOOP('',(#1484,#1492,#1493,#1494));
#1484 = ORIENTED_EDGE('',*,*,#1485,.F.);
#1485 = EDGE_CURVE('',#305,#1486,#1488,.T.);
#1486 = VERTEX_POINT('',#1487);
#1487 = CARTESIAN_POINT('',(100.95,-71.15,-1.));
#1488 = LINE('',#1489,#1490);
#1489 = CARTESIAN_POINT('',(100.95,-71.15,-1.));
#1490 = VECTOR('',#1491,1.);
#1491 = DIRECTION('',(-4.329780281177E-17,0.707106781187,-0.707106781187
    ));
#1492 = ORIENTED_EDGE('',*,*,#313,.T.);
#1493 = ORIENTED_EDGE('',*,*,#1436,.T.);
#1494 = ORIENTED_EDGE('',*,*,#1495,.F.);
#1495 = EDGE_CURVE('',#1486,#1437,#1496,.T.);
#1496 = LINE('',#1497,#1498);
#1497 = CARTESIAN_POINT('',(100.95,-71.15,-1.));
#1498 = VECTOR('',#1499,1.);
#1499 = DIRECTION('',(-1.,-0.,-0.));
#1500 = PLANE('',#1501);
#1501 = AXIS2_PLACEMENT_3D('',#1502,#1503,#1504);
#1502 = CARTESIAN_POINT('',(100.95,-71.65,-0.5));
#1503 = DIRECTION('',(5.911709633991E-18,-0.707106781187,-0.707106781187
    ));
#1504 = DIRECTION('',(-1.,-4.180209970601E-18,-4.180209970601E-18));
#1505 = ADVANCED_FACE('',(#1506),#1525,.F.);
#1506 = FACE_BOUND('',#1507,.T.);
#1507 = EDGE_LOOP('',(#1508,#1509,#1510,#1518));
#1508 = ORIENTED_EDGE('',*,*,#1463,.F.);
#1509 = ORIENTED_EDGE('',*,*,#202,.T.);
#1510 = ORIENTED_EDGE('',*,*,#1511,.T.);
#1511 = EDGE_CURVE('',#203,#1512,#1514,.T.);
#1512 = VERTEX_POINT('',#1513);
#1513 = CARTESIAN_POINT('',(-43.45,-33.15,-1.));
#1514 = LINE('',#1515,#1516);
#1515 = CARTESIAN_POINT('',(-43.45,-33.15,-1.));
#1516 = VECTOR('',#1517,1.);
#1517 = DIRECTION('',(-4.329780281177E-17,-0.707106781187,
    -0.707106781187));
#1518 = ORIENTED_EDGE('',*,*,#1519,.F.);
#1519 = EDGE_CURVE('',#1464,#1512,#1520,.T.);
#1520 = CIRCLE('',#1521,2.);
#1521 = AXIS2_PLACEMENT_3D('',#1522,#1523,#1524);
#1522 = CARTESIAN_POINT('',(-43.45,-31.15,-1.));
#1523 = DIRECTION('',(0.,0.,1.));
#1524 = DIRECTION('',(-1.,-1.7763568394E-15,0.));
#1525 = CONICAL_SURFACE('',#1526,2.,0.785398163397);
#1526 = AXIS2_PLACEMENT_3D('',#1527,#1528,#1529);
#1527 = CARTESIAN_POINT('',(-43.45,-31.15,-1.));
#1528 = DIRECTION('',(-0.,-0.,-1.));
#1529 = DIRECTION('',(-1.,-1.7763568394E-15,0.));
#1530 = ADVANCED_FACE('',(#1531),#1550,.T.);
#1531 = FACE_BOUND('',#1532,.T.);
#1532 = EDGE_LOOP('',(#1533,#1541,#1542,#1543));
#1533 = ORIENTED_EDGE('',*,*,#1534,.F.);
#1534 = EDGE_CURVE('',#297,#1535,#1537,.T.);
#1535 = VERTEX_POINT('',#1536);
#1536 = CARTESIAN_POINT('',(102.95,-69.15,-1.));
#1537 = LINE('',#1538,#1539);
#1538 = CARTESIAN_POINT('',(103.45,-69.15,-0.5));
#1539 = VECTOR('',#1540,1.);
#1540 = DIRECTION('',(-0.707106781187,-4.054583578972E-35,
    -0.707106781187));
#1541 = ORIENTED_EDGE('',*,*,#304,.T.);
#1542 = ORIENTED_EDGE('',*,*,#1485,.T.);
#1543 = ORIENTED_EDGE('',*,*,#1544,.F.);
#1544 = EDGE_CURVE('',#1535,#1486,#1545,.T.);
#1545 = CIRCLE('',#1546,2.);
#1546 = AXIS2_PLACEMENT_3D('',#1547,#1548,#1549);
#1547 = CARTESIAN_POINT('',(100.95,-69.15,-1.));
#1548 = DIRECTION('',(0.,0.,-1.));
#1549 = DIRECTION('',(1.,0.,0.));
#1550 = CONICAL_SURFACE('',#1551,2.,0.785398163397);
#1551 = AXIS2_PLACEMENT_3D('',#1552,#1553,#1554);
#1552 = CARTESIAN_POINT('',(100.95,-69.15,-1.));
#1553 = DIRECTION('',(0.,0.,1.));
#1554 = DIRECTION('',(1.,0.,0.));
#1555 = ADVANCED_FACE('',(#1556),#1574,.F.);
#1556 = FACE_BOUND('',#1557,.T.);
#1557 = EDGE_LOOP('',(#1558,#1559,#1560,#1568));
#1558 = ORIENTED_EDGE('',*,*,#1511,.F.);
#1559 = ORIENTED_EDGE('',*,*,#211,.T.);
#1560 = ORIENTED_EDGE('',*,*,#1561,.T.);
#1561 = EDGE_CURVE('',#212,#1562,#1564,.T.);
#1562 = VERTEX_POINT('',#1563);
#1563 = CARTESIAN_POINT('',(31.549999999998,-33.15,-1.));
#1564 = LINE('',#1565,#1566);
#1565 = CARTESIAN_POINT('',(31.549999999998,-32.65,-0.5));
#1566 = VECTOR('',#1567,1.);
#1567 = DIRECTION('',(-4.054583578972E-35,-0.707106781187,
    -0.707106781187));
#1568 = ORIENTED_EDGE('',*,*,#1569,.F.);
#1569 = EDGE_CURVE('',#1512,#1562,#1570,.T.);
#1570 = LINE('',#1571,#1572);
#1571 = CARTESIAN_POINT('',(-43.45,-33.15,-1.));
#1572 = VECTOR('',#1573,1.);
#1573 = DIRECTION('',(1.,0.,0.));
#1574 = PLANE('',#1575);
#1575 = AXIS2_PLACEMENT_3D('',#1576,#1577,#1578);
#1576 = CARTESIAN_POINT('',(-43.45,-32.65,-0.5));
#1577 = DIRECTION('',(-5.911709633991E-18,-0.707106781187,0.707106781187
    ));
#1578 = DIRECTION('',(-1.,4.180209970601E-18,-4.180209970601E-18));
#1579 = ADVANCED_FACE('',(#1580),#1598,.T.);
#1580 = FACE_BOUND('',#1581,.T.);
#1581 = EDGE_LOOP('',(#1582,#1590,#1591,#1592));
#1582 = ORIENTED_EDGE('',*,*,#1583,.F.);
#1583 = EDGE_CURVE('',#288,#1584,#1586,.T.);
#1584 = VERTEX_POINT('',#1585);
#1585 = CARTESIAN_POINT('',(102.95,-35.15,-1.));
#1586 = LINE('',#1587,#1588);
#1587 = CARTESIAN_POINT('',(102.95,-35.15,-1.));
#1588 = VECTOR('',#1589,1.);
#1589 = DIRECTION('',(-0.707106781187,-4.329780281177E-17,
    -0.707106781187));
#1590 = ORIENTED_EDGE('',*,*,#296,.T.);
#1591 = ORIENTED_EDGE('',*,*,#1534,.T.);
#1592 = ORIENTED_EDGE('',*,*,#1593,.F.);
#1593 = EDGE_CURVE('',#1584,#1535,#1594,.T.);
#1594 = LINE('',#1595,#1596);
#1595 = CARTESIAN_POINT('',(102.95,-35.15,-1.));
#1596 = VECTOR('',#1597,1.);
#1597 = DIRECTION('',(-0.,-1.,-0.));
#1598 = PLANE('',#1599);
#1599 = AXIS2_PLACEMENT_3D('',#1600,#1601,#1602);
#1600 = CARTESIAN_POINT('',(103.45,-35.15,-0.5));
#1601 = DIRECTION('',(0.707106781187,-5.911709633991E-18,-0.707106781187
    ));
#1602 = DIRECTION('',(-4.180209970601E-18,-1.,4.180209970601E-18));
#1603 = ADVANCED_FACE('',(#1604),#1623,.F.);
#1604 = FACE_BOUND('',#1605,.T.);
#1605 = EDGE_LOOP('',(#1606,#1607,#1608,#1616));
#1606 = ORIENTED_EDGE('',*,*,#1561,.F.);
#1607 = ORIENTED_EDGE('',*,*,#219,.T.);
#1608 = ORIENTED_EDGE('',*,*,#1609,.T.);
#1609 = EDGE_CURVE('',#220,#1610,#1612,.T.);
#1610 = VERTEX_POINT('',#1611);
#1611 = CARTESIAN_POINT('',(33.549999999998,-31.15,-1.));
#1612 = LINE('',#1613,#1614);
#1613 = CARTESIAN_POINT('',(33.549999999998,-31.15,-1.));
#1614 = VECTOR('',#1615,1.);
#1615 = DIRECTION('',(0.707106781187,1.569659480656E-13,-0.707106781187)
  );
#1616 = ORIENTED_EDGE('',*,*,#1617,.F.);
#1617 = EDGE_CURVE('',#1562,#1610,#1618,.T.);
#1618 = CIRCLE('',#1619,2.);
#1619 = AXIS2_PLACEMENT_3D('',#1620,#1621,#1622);
#1620 = CARTESIAN_POINT('',(31.549999999998,-31.15,-1.));
#1621 = DIRECTION('',(-0.,0.,1.));
#1622 = DIRECTION('',(1.7763568394E-15,-1.,0.));
#1623 = CONICAL_SURFACE('',#1624,2.,0.785398163397);
#1624 = AXIS2_PLACEMENT_3D('',#1625,#1626,#1627);
#1625 = CARTESIAN_POINT('',(31.549999999998,-31.15,-1.));
#1626 = DIRECTION('',(-0.,-0.,-1.));
#1627 = DIRECTION('',(1.7763568394E-15,-1.,0.));
#1628 = ADVANCED_FACE('',(#1629),#1648,.T.);
#1629 = FACE_BOUND('',#1630,.T.);
#1630 = EDGE_LOOP('',(#1631,#1639,#1640,#1641));
#1631 = ORIENTED_EDGE('',*,*,#1632,.F.);
#1632 = EDGE_CURVE('',#280,#1633,#1635,.T.);
#1633 = VERTEX_POINT('',#1634);
#1634 = CARTESIAN_POINT('',(100.95,-33.15,-1.));
#1635 = LINE('',#1636,#1637);
#1636 = CARTESIAN_POINT('',(100.95,-32.65,-0.5));
#1637 = VECTOR('',#1638,1.);
#1638 = DIRECTION('',(-4.054583578972E-35,-0.707106781187,
    -0.707106781187));
#1639 = ORIENTED_EDGE('',*,*,#287,.T.);
#1640 = ORIENTED_EDGE('',*,*,#1583,.T.);
#1641 = ORIENTED_EDGE('',*,*,#1642,.F.);
#1642 = EDGE_CURVE('',#1633,#1584,#1643,.T.);
#1643 = CIRCLE('',#1644,2.);
#1644 = AXIS2_PLACEMENT_3D('',#1645,#1646,#1647);
#1645 = CARTESIAN_POINT('',(100.95,-35.15,-1.));
#1646 = DIRECTION('',(0.,0.,-1.));
#1647 = DIRECTION('',(0.,1.,0.));
#1648 = CONICAL_SURFACE('',#1649,2.,0.785398163397);
#1649 = AXIS2_PLACEMENT_3D('',#1650,#1651,#1652);
#1650 = CARTESIAN_POINT('',(100.95,-35.15,-1.));
#1651 = DIRECTION('',(0.,0.,1.));
#1652 = DIRECTION('',(0.,1.,0.));
#1653 = ADVANCED_FACE('',(#1654),#1672,.T.);
#1654 = FACE_BOUND('',#1655,.T.);
#1655 = EDGE_LOOP('',(#1656,#1657,#1658,#1666));
#1656 = ORIENTED_EDGE('',*,*,#1609,.F.);
#1657 = ORIENTED_EDGE('',*,*,#228,.T.);
#1658 = ORIENTED_EDGE('',*,*,#1659,.T.);
#1659 = EDGE_CURVE('',#229,#1660,#1662,.T.);
#1660 = VERTEX_POINT('',#1661);
#1661 = CARTESIAN_POINT('',(33.549999999997,-22.14999999999,
    -1.000000000001));
#1662 = LINE('',#1663,#1664);
#1663 = CARTESIAN_POINT('',(33.049999999997,-22.14999999999,
    -0.500000000001));
#1664 = VECTOR('',#1665,1.);
#1665 = DIRECTION('',(0.707106781187,5.534515299918E-30,-0.707106781187)
  );
#1666 = ORIENTED_EDGE('',*,*,#1667,.F.);
#1667 = EDGE_CURVE('',#1610,#1660,#1668,.T.);
#1668 = LINE('',#1669,#1670);
#1669 = CARTESIAN_POINT('',(33.549999999998,-31.15,-1.));
#1670 = VECTOR('',#1671,1.);
#1671 = DIRECTION('',(0.,1.,0.));
#1672 = PLANE('',#1673);
#1673 = AXIS2_PLACEMENT_3D('',#1674,#1675,#1676);
#1674 = CARTESIAN_POINT('',(33.049999999998,-31.15,-0.5));
#1675 = DIRECTION('',(-0.707106781187,-1.572654276337E-13,
    -0.707106781187));
#1676 = DIRECTION('',(-1.11203450326E-13,1.,-1.11203450326E-13));
#1677 = ADVANCED_FACE('',(#1678),#1696,.F.);
#1678 = FACE_BOUND('',#1679,.T.);
#1679 = EDGE_LOOP('',(#1680,#1688,#1689,#1690));
#1680 = ORIENTED_EDGE('',*,*,#1681,.F.);
#1681 = EDGE_CURVE('',#271,#1682,#1684,.T.);
#1682 = VERTEX_POINT('',#1683);
#1683 = CARTESIAN_POINT('',(46.550000000004,-33.15,-1.));
#1684 = LINE('',#1685,#1686);
#1685 = CARTESIAN_POINT('',(46.550000000004,-33.15,-1.));
#1686 = VECTOR('',#1687,1.);
#1687 = DIRECTION('',(-4.329780281177E-17,-0.707106781187,
    -0.707106781187));
#1688 = ORIENTED_EDGE('',*,*,#279,.T.);
#1689 = ORIENTED_EDGE('',*,*,#1632,.T.);
#1690 = ORIENTED_EDGE('',*,*,#1691,.F.);
#1691 = EDGE_CURVE('',#1682,#1633,#1692,.T.);
#1692 = LINE('',#1693,#1694);
#1693 = CARTESIAN_POINT('',(46.550000000004,-33.15,-1.));
#1694 = VECTOR('',#1695,1.);
#1695 = DIRECTION('',(1.,0.,0.));
#1696 = PLANE('',#1697);
#1697 = AXIS2_PLACEMENT_3D('',#1698,#1699,#1700);
#1698 = CARTESIAN_POINT('',(46.550000000004,-32.65,-0.5));
#1699 = DIRECTION('',(-5.911709633991E-18,-0.707106781187,0.707106781187
    ));
#1700 = DIRECTION('',(-1.,4.180209970601E-18,-4.180209970601E-18));
#1701 = ADVANCED_FACE('',(#1702),#1721,.T.);
#1702 = FACE_BOUND('',#1703,.T.);
#1703 = EDGE_LOOP('',(#1704,#1705,#1706,#1714));
#1704 = ORIENTED_EDGE('',*,*,#1659,.F.);
#1705 = ORIENTED_EDGE('',*,*,#236,.T.);
#1706 = ORIENTED_EDGE('',*,*,#1707,.T.);
#1707 = EDGE_CURVE('',#237,#1708,#1710,.T.);
#1708 = VERTEX_POINT('',#1709);
#1709 = CARTESIAN_POINT('',(35.549999999996,-20.14999999999,-1.));
#1710 = LINE('',#1711,#1712);
#1711 = CARTESIAN_POINT('',(35.549999999996,-20.14999999999,-1.));
#1712 = VECTOR('',#1713,1.);
#1713 = DIRECTION('',(4.329780281178E-17,-0.707106781187,-0.707106781187
    ));
#1714 = ORIENTED_EDGE('',*,*,#1715,.F.);
#1715 = EDGE_CURVE('',#1660,#1708,#1716,.T.);
#1716 = CIRCLE('',#1717,2.);
#1717 = AXIS2_PLACEMENT_3D('',#1718,#1719,#1720);
#1718 = CARTESIAN_POINT('',(35.549999999996,-22.14999999999,-1.));
#1719 = DIRECTION('',(-0.,0.,-1.));
#1720 = DIRECTION('',(-1.,-2.22044604925E-13,0.));
#1721 = CONICAL_SURFACE('',#1722,2.,0.785398163397);
#1722 = AXIS2_PLACEMENT_3D('',#1723,#1724,#1725);
#1723 = CARTESIAN_POINT('',(35.549999999996,-22.14999999999,-1.));
#1724 = DIRECTION('',(0.,0.,1.));
#1725 = DIRECTION('',(-1.,-2.22044604925E-13,0.));
#1726 = ADVANCED_FACE('',(#1727),#1746,.F.);
#1727 = FACE_BOUND('',#1728,.T.);
#1728 = EDGE_LOOP('',(#1729,#1737,#1738,#1739));
#1729 = ORIENTED_EDGE('',*,*,#1730,.F.);
#1730 = EDGE_CURVE('',#263,#1731,#1733,.T.);
#1731 = VERTEX_POINT('',#1732);
#1732 = CARTESIAN_POINT('',(44.550000000004,-31.15,-1.));
#1733 = LINE('',#1734,#1735);
#1734 = CARTESIAN_POINT('',(45.050000000004,-31.15,-0.5));
#1735 = VECTOR('',#1736,1.);
#1736 = DIRECTION('',(-0.707106781187,8.372112290985E-34,-0.707106781187
    ));
#1737 = ORIENTED_EDGE('',*,*,#270,.T.);
#1738 = ORIENTED_EDGE('',*,*,#1681,.T.);
#1739 = ORIENTED_EDGE('',*,*,#1740,.F.);
#1740 = EDGE_CURVE('',#1731,#1682,#1741,.T.);
#1741 = CIRCLE('',#1742,2.);
#1742 = AXIS2_PLACEMENT_3D('',#1743,#1744,#1745);
#1743 = CARTESIAN_POINT('',(46.550000000004,-31.15,-1.));
#1744 = DIRECTION('',(0.,0.,1.));
#1745 = DIRECTION('',(-1.,3.552713678801E-15,0.));
#1746 = CONICAL_SURFACE('',#1747,2.,0.785398163397);
#1747 = AXIS2_PLACEMENT_3D('',#1748,#1749,#1750);
#1748 = CARTESIAN_POINT('',(46.550000000004,-31.15,-1.));
#1749 = DIRECTION('',(-0.,-0.,-1.));
#1750 = DIRECTION('',(-1.,3.552713678801E-15,0.));
#1751 = ADVANCED_FACE('',(#1752),#1770,.F.);
#1752 = FACE_BOUND('',#1753,.T.);
#1753 = EDGE_LOOP('',(#1754,#1755,#1756,#1764));
#1754 = ORIENTED_EDGE('',*,*,#1707,.F.);
#1755 = ORIENTED_EDGE('',*,*,#245,.T.);
#1756 = ORIENTED_EDGE('',*,*,#1757,.T.);
#1757 = EDGE_CURVE('',#246,#1758,#1760,.T.);
#1758 = VERTEX_POINT('',#1759);
#1759 = CARTESIAN_POINT('',(42.550000000004,-20.14999999999,-1.));
#1760 = LINE('',#1761,#1762);
#1761 = CARTESIAN_POINT('',(42.550000000004,-19.64999999999,-0.5));
#1762 = VECTOR('',#1763,1.);
#1763 = DIRECTION('',(-4.054583578972E-35,-0.707106781187,
    -0.707106781187));
#1764 = ORIENTED_EDGE('',*,*,#1765,.F.);
#1765 = EDGE_CURVE('',#1708,#1758,#1766,.T.);
#1766 = LINE('',#1767,#1768);
#1767 = CARTESIAN_POINT('',(35.549999999996,-20.14999999999,-1.));
#1768 = VECTOR('',#1769,1.);
#1769 = DIRECTION('',(1.,0.,0.));
#1770 = PLANE('',#1771);
#1771 = AXIS2_PLACEMENT_3D('',#1772,#1773,#1774);
#1772 = CARTESIAN_POINT('',(35.549999999996,-19.64999999999,-0.5));
#1773 = DIRECTION('',(-5.911709633991E-18,-0.707106781187,0.707106781187
    ));
#1774 = DIRECTION('',(-1.,4.180209970601E-18,-4.180209970601E-18));
#1775 = ADVANCED_FACE('',(#1776),#1794,.T.);
#1776 = FACE_BOUND('',#1777,.T.);
#1777 = EDGE_LOOP('',(#1778,#1786,#1787,#1788));
#1778 = ORIENTED_EDGE('',*,*,#1779,.F.);
#1779 = EDGE_CURVE('',#254,#1780,#1782,.T.);
#1780 = VERTEX_POINT('',#1781);
#1781 = CARTESIAN_POINT('',(44.550000000004,-22.14999999999,-1.));
#1782 = LINE('',#1783,#1784);
#1783 = CARTESIAN_POINT('',(44.550000000004,-22.14999999999,-1.));
#1784 = VECTOR('',#1785,1.);
#1785 = DIRECTION('',(-0.707106781187,1.997822393477E-15,-0.707106781187
    ));
#1786 = ORIENTED_EDGE('',*,*,#262,.T.);
#1787 = ORIENTED_EDGE('',*,*,#1730,.T.);
#1788 = ORIENTED_EDGE('',*,*,#1789,.F.);
#1789 = EDGE_CURVE('',#1780,#1731,#1790,.T.);
#1790 = LINE('',#1791,#1792);
#1791 = CARTESIAN_POINT('',(44.550000000004,-22.14999999999,-1.));
#1792 = VECTOR('',#1793,1.);
#1793 = DIRECTION('',(0.,-1.,0.));
#1794 = PLANE('',#1795);
#1795 = AXIS2_PLACEMENT_3D('',#1796,#1797,#1798);
#1796 = CARTESIAN_POINT('',(45.050000000004,-22.14999999999,-0.5));
#1797 = DIRECTION('',(0.707106781187,-2.007877722829E-15,-0.707106781187
    ));
#1798 = DIRECTION('',(-1.419783953606E-15,-1.,1.419783953606E-15));
#1799 = ADVANCED_FACE('',(#1800),#1812,.T.);
#1800 = FACE_BOUND('',#1801,.T.);
#1801 = EDGE_LOOP('',(#1802,#1803,#1804,#1805));
#1802 = ORIENTED_EDGE('',*,*,#1757,.F.);
#1803 = ORIENTED_EDGE('',*,*,#253,.T.);
#1804 = ORIENTED_EDGE('',*,*,#1779,.T.);
#1805 = ORIENTED_EDGE('',*,*,#1806,.F.);
#1806 = EDGE_CURVE('',#1758,#1780,#1807,.T.);
#1807 = CIRCLE('',#1808,2.);
#1808 = AXIS2_PLACEMENT_3D('',#1809,#1810,#1811);
#1809 = CARTESIAN_POINT('',(42.550000000004,-22.14999999999,-1.));
#1810 = DIRECTION('',(0.,0.,-1.));
#1811 = DIRECTION('',(0.,1.,0.));
#1812 = CONICAL_SURFACE('',#1813,2.,0.785398163397);
#1813 = AXIS2_PLACEMENT_3D('',#1814,#1815,#1816);
#1814 = CARTESIAN_POINT('',(42.550000000004,-22.14999999999,-1.));
#1815 = DIRECTION('',(0.,0.,1.));
#1816 = DIRECTION('',(0.,1.,0.));
#1817 = ADVANCED_FACE('',(#1818),#1837,.F.);
#1818 = FACE_BOUND('',#1819,.F.);
#1819 = EDGE_LOOP('',(#1820,#1829,#1835,#1836));
#1820 = ORIENTED_EDGE('',*,*,#1821,.F.);
#1821 = EDGE_CURVE('',#1822,#1822,#1824,.T.);
#1822 = VERTEX_POINT('',#1823);
#1823 = CARTESIAN_POINT('',(107.2,-73.75,3.2));
#1824 = CIRCLE('',#1825,2.15);
#1825 = AXIS2_PLACEMENT_3D('',#1826,#1827,#1828);
#1826 = CARTESIAN_POINT('',(105.05,-73.75,3.2));
#1827 = DIRECTION('',(0.,0.,1.));
#1828 = DIRECTION('',(1.,0.,0.));
#1829 = ORIENTED_EDGE('',*,*,#1830,.T.);
#1830 = EDGE_CURVE('',#1822,#390,#1831,.T.);
#1831 = LINE('',#1832,#1833);
#1832 = CARTESIAN_POINT('',(107.2,-73.75,3.2));
#1833 = VECTOR('',#1834,1.);
#1834 = DIRECTION('',(-0.,-0.,-1.));
#1835 = ORIENTED_EDGE('',*,*,#389,.T.);
#1836 = ORIENTED_EDGE('',*,*,#1830,.F.);
#1837 = CYLINDRICAL_SURFACE('',#1838,2.15);
#1838 = AXIS2_PLACEMENT_3D('',#1839,#1840,#1841);
#1839 = CARTESIAN_POINT('',(105.05,-73.75,3.2));
#1840 = DIRECTION('',(0.,0.,1.));
#1841 = DIRECTION('',(1.,0.,0.));
#1842 = ADVANCED_FACE('',(#1843),#1862,.T.);
#1843 = FACE_BOUND('',#1844,.F.);
#1844 = EDGE_LOOP('',(#1845,#1853,#1860,#1861));
#1845 = ORIENTED_EDGE('',*,*,#1846,.T.);
#1846 = EDGE_CURVE('',#401,#1847,#1849,.T.);
#1847 = VERTEX_POINT('',#1848);
#1848 = CARTESIAN_POINT('',(36.3,-14.45,-7.6));
#1849 = LINE('',#1850,#1851);
#1850 = CARTESIAN_POINT('',(36.3,-14.45,0.));
#1851 = VECTOR('',#1852,1.);
#1852 = DIRECTION('',(0.,0.,-1.));
#1853 = ORIENTED_EDGE('',*,*,#1854,.T.);
#1854 = EDGE_CURVE('',#1847,#1847,#1855,.T.);
#1855 = CIRCLE('',#1856,3.5);
#1856 = AXIS2_PLACEMENT_3D('',#1857,#1858,#1859);
#1857 = CARTESIAN_POINT('',(32.8,-14.45,-7.6));
#1858 = DIRECTION('',(0.,0.,-1.));
#1859 = DIRECTION('',(1.,0.,0.));
#1860 = ORIENTED_EDGE('',*,*,#1846,.F.);
#1861 = ORIENTED_EDGE('',*,*,#400,.F.);
#1862 = CYLINDRICAL_SURFACE('',#1863,3.5);
#1863 = AXIS2_PLACEMENT_3D('',#1864,#1865,#1866);
#1864 = CARTESIAN_POINT('',(32.8,-14.45,0.));
#1865 = DIRECTION('',(0.,0.,1.));
#1866 = DIRECTION('',(1.,0.,0.));
#1867 = ADVANCED_FACE('',(#1868),#1887,.T.);
#1868 = FACE_BOUND('',#1869,.F.);
#1869 = EDGE_LOOP('',(#1870,#1878,#1885,#1886));
#1870 = ORIENTED_EDGE('',*,*,#1871,.T.);
#1871 = EDGE_CURVE('',#412,#1872,#1874,.T.);
#1872 = VERTEX_POINT('',#1873);
#1873 = CARTESIAN_POINT('',(86.3,-18.45,-7.6));
#1874 = LINE('',#1875,#1876);
#1875 = CARTESIAN_POINT('',(86.3,-18.45,0.));
#1876 = VECTOR('',#1877,1.);
#1877 = DIRECTION('',(0.,0.,-1.));
#1878 = ORIENTED_EDGE('',*,*,#1879,.T.);
#1879 = EDGE_CURVE('',#1872,#1872,#1880,.T.);
#1880 = CIRCLE('',#1881,3.5);
#1881 = AXIS2_PLACEMENT_3D('',#1882,#1883,#1884);
#1882 = CARTESIAN_POINT('',(82.8,-18.45,-7.6));
#1883 = DIRECTION('',(0.,0.,-1.));
#1884 = DIRECTION('',(1.,0.,0.));
#1885 = ORIENTED_EDGE('',*,*,#1871,.F.);
#1886 = ORIENTED_EDGE('',*,*,#411,.F.);
#1887 = CYLINDRICAL_SURFACE('',#1888,3.5);
#1888 = AXIS2_PLACEMENT_3D('',#1889,#1890,#1891);
#1889 = CARTESIAN_POINT('',(82.8,-18.45,0.));
#1890 = DIRECTION('',(0.,0.,1.));
#1891 = DIRECTION('',(1.,0.,0.));
#1892 = ADVANCED_FACE('',(#1893),#1912,.F.);
#1893 = FACE_BOUND('',#1894,.F.);
#1894 = EDGE_LOOP('',(#1895,#1904,#1910,#1911));
#1895 = ORIENTED_EDGE('',*,*,#1896,.F.);
#1896 = EDGE_CURVE('',#1897,#1897,#1899,.T.);
#1897 = VERTEX_POINT('',#1898);
#1898 = CARTESIAN_POINT('',(-105.48,0.,3.2));
#1899 = CIRCLE('',#1900,2.15);
#1900 = AXIS2_PLACEMENT_3D('',#1901,#1902,#1903);
#1901 = CARTESIAN_POINT('',(-107.63,0.,3.2));
#1902 = DIRECTION('',(0.,0.,1.));
#1903 = DIRECTION('',(1.,0.,0.));
#1904 = ORIENTED_EDGE('',*,*,#1905,.T.);
#1905 = EDGE_CURVE('',#1897,#423,#1906,.T.);
#1906 = LINE('',#1907,#1908);
#1907 = CARTESIAN_POINT('',(-105.48,0.,3.2));
#1908 = VECTOR('',#1909,1.);
#1909 = DIRECTION('',(-0.,-0.,-1.));
#1910 = ORIENTED_EDGE('',*,*,#422,.T.);
#1911 = ORIENTED_EDGE('',*,*,#1905,.F.);
#1912 = CYLINDRICAL_SURFACE('',#1913,2.15);
#1913 = AXIS2_PLACEMENT_3D('',#1914,#1915,#1916);
#1914 = CARTESIAN_POINT('',(-107.63,0.,3.2));
#1915 = DIRECTION('',(0.,0.,1.));
#1916 = DIRECTION('',(1.,0.,0.));
#1917 = ADVANCED_FACE('',(#1918),#1937,.F.);
#1918 = FACE_BOUND('',#1919,.F.);
#1919 = EDGE_LOOP('',(#1920,#1929,#1935,#1936));
#1920 = ORIENTED_EDGE('',*,*,#1921,.F.);
#1921 = EDGE_CURVE('',#1922,#1922,#1924,.T.);
#1922 = VERTEX_POINT('',#1923);
#1923 = CARTESIAN_POINT('',(-102.9,73.75,3.2));
#1924 = CIRCLE('',#1925,2.15);
#1925 = AXIS2_PLACEMENT_3D('',#1926,#1927,#1928);
#1926 = CARTESIAN_POINT('',(-105.05,73.75,3.2));
#1927 = DIRECTION('',(0.,0.,1.));
#1928 = DIRECTION('',(1.,0.,0.));
#1929 = ORIENTED_EDGE('',*,*,#1930,.T.);
#1930 = EDGE_CURVE('',#1922,#434,#1931,.T.);
#1931 = LINE('',#1932,#1933);
#1932 = CARTESIAN_POINT('',(-102.9,73.75,3.2));
#1933 = VECTOR('',#1934,1.);
#1934 = DIRECTION('',(-0.,-0.,-1.));
#1935 = ORIENTED_EDGE('',*,*,#433,.T.);
#1936 = ORIENTED_EDGE('',*,*,#1930,.F.);
#1937 = CYLINDRICAL_SURFACE('',#1938,2.15);
#1938 = AXIS2_PLACEMENT_3D('',#1939,#1940,#1941);
#1939 = CARTESIAN_POINT('',(-105.05,73.75,3.2));
#1940 = DIRECTION('',(0.,0.,1.));
#1941 = DIRECTION('',(1.,0.,0.));
#1942 = ADVANCED_FACE('',(#1943),#1969,.T.);
#1943 = FACE_BOUND('',#1944,.F.);
#1944 = EDGE_LOOP('',(#1945,#1953,#1954,#1962));
#1945 = ORIENTED_EDGE('',*,*,#1946,.F.);
#1946 = EDGE_CURVE('',#445,#1947,#1949,.T.);
#1947 = VERTEX_POINT('',#1948);
#1948 = CARTESIAN_POINT('',(-67.44999999999,65.849999999992,-1.));
#1949 = LINE('',#1950,#1951);
#1950 = CARTESIAN_POINT('',(-67.44999999999,65.849999999992,-1.));
#1951 = VECTOR('',#1952,1.);
#1952 = DIRECTION('',(0.,0.707106781187,-0.707106781187));
#1953 = ORIENTED_EDGE('',*,*,#444,.T.);
#1954 = ORIENTED_EDGE('',*,*,#1955,.T.);
#1955 = EDGE_CURVE('',#447,#1956,#1958,.T.);
#1956 = VERTEX_POINT('',#1957);
#1957 = CARTESIAN_POINT('',(-65.44999999999,67.849999999992,-1.));
#1958 = LINE('',#1959,#1960);
#1959 = CARTESIAN_POINT('',(-65.44999999999,67.849999999992,-1.));
#1960 = VECTOR('',#1961,1.);
#1961 = DIRECTION('',(-0.707106781187,4.329780281177E-17,-0.707106781187
    ));
#1962 = ORIENTED_EDGE('',*,*,#1963,.F.);
#1963 = EDGE_CURVE('',#1947,#1956,#1964,.T.);
#1964 = CIRCLE('',#1965,2.);
#1965 = AXIS2_PLACEMENT_3D('',#1966,#1967,#1968);
#1966 = CARTESIAN_POINT('',(-67.44999999999,67.849999999992,-1.));
#1967 = DIRECTION('',(-0.,0.,1.));
#1968 = DIRECTION('',(0.,-1.,0.));
#1969 = CONICAL_SURFACE('',#1970,2.,0.785398163397);
#1970 = AXIS2_PLACEMENT_3D('',#1971,#1972,#1973);
#1971 = CARTESIAN_POINT('',(-67.44999999999,67.849999999992,-1.));
#1972 = DIRECTION('',(0.,0.,1.));
#1973 = DIRECTION('',(0.,-1.,0.));
#1974 = ADVANCED_FACE('',(#1975),#1993,.F.);
#1975 = FACE_BOUND('',#1976,.F.);
#1976 = EDGE_LOOP('',(#1977,#1985,#1986,#1987));
#1977 = ORIENTED_EDGE('',*,*,#1978,.F.);
#1978 = EDGE_CURVE('',#456,#1979,#1981,.T.);
#1979 = VERTEX_POINT('',#1980);
#1980 = CARTESIAN_POINT('',(-74.45,65.849999999992,-1.));
#1981 = LINE('',#1982,#1983);
#1982 = CARTESIAN_POINT('',(-74.45,65.849999999992,-1.));
#1983 = VECTOR('',#1984,1.);
#1984 = DIRECTION('',(4.329780281177E-17,0.707106781187,-0.707106781187)
  );
#1985 = ORIENTED_EDGE('',*,*,#455,.T.);
#1986 = ORIENTED_EDGE('',*,*,#1946,.T.);
#1987 = ORIENTED_EDGE('',*,*,#1988,.F.);
#1988 = EDGE_CURVE('',#1979,#1947,#1989,.T.);
#1989 = LINE('',#1990,#1991);
#1990 = CARTESIAN_POINT('',(-74.45,65.849999999992,-1.));
#1991 = VECTOR('',#1992,1.);
#1992 = DIRECTION('',(1.,0.,0.));
#1993 = PLANE('',#1994);
#1994 = AXIS2_PLACEMENT_3D('',#1995,#1996,#1997);
#1995 = CARTESIAN_POINT('',(-74.45,65.349999999992,-0.5));
#1996 = DIRECTION('',(5.911709633991E-18,0.707106781187,0.707106781187)
  );
#1997 = DIRECTION('',(1.,-4.180209970601E-18,-4.180209970601E-18));
#1998 = ADVANCED_FACE('',(#1999),#2017,.F.);
#1999 = FACE_BOUND('',#2000,.F.);
#2000 = EDGE_LOOP('',(#2001,#2002,#2003,#2011));
#2001 = ORIENTED_EDGE('',*,*,#1955,.F.);
#2002 = ORIENTED_EDGE('',*,*,#506,.T.);
#2003 = ORIENTED_EDGE('',*,*,#2004,.T.);
#2004 = EDGE_CURVE('',#498,#2005,#2007,.T.);
#2005 = VERTEX_POINT('',#2006);
#2006 = CARTESIAN_POINT('',(-65.44999999999,74.850000000008,-1.));
#2007 = LINE('',#2008,#2009);
#2008 = CARTESIAN_POINT('',(-64.94999999999,74.850000000008,-0.5));
#2009 = VECTOR('',#2010,1.);
#2010 = DIRECTION('',(-0.707106781187,4.054583578972E-35,-0.707106781187
    ));
#2011 = ORIENTED_EDGE('',*,*,#2012,.F.);
#2012 = EDGE_CURVE('',#1956,#2005,#2013,.T.);
#2013 = LINE('',#2014,#2015);
#2014 = CARTESIAN_POINT('',(-65.44999999999,67.849999999992,-1.));
#2015 = VECTOR('',#2016,1.);
#2016 = DIRECTION('',(0.,1.,0.));
#2017 = PLANE('',#2018);
#2018 = AXIS2_PLACEMENT_3D('',#2019,#2020,#2021);
#2019 = CARTESIAN_POINT('',(-64.94999999999,67.849999999992,-0.5));
#2020 = DIRECTION('',(-0.707106781187,-5.911709633991E-18,0.707106781187
    ));
#2021 = DIRECTION('',(-4.180209970601E-18,1.,4.180209970601E-18));
#2022 = ADVANCED_FACE('',(#2023),#2042,.T.);
#2023 = FACE_BOUND('',#2024,.F.);
#2024 = EDGE_LOOP('',(#2025,#2033,#2034,#2035));
#2025 = ORIENTED_EDGE('',*,*,#2026,.F.);
#2026 = EDGE_CURVE('',#464,#2027,#2029,.T.);
#2027 = VERTEX_POINT('',#2028);
#2028 = CARTESIAN_POINT('',(-76.45,67.849999999992,-1.));
#2029 = LINE('',#2030,#2031);
#2030 = CARTESIAN_POINT('',(-76.95,67.849999999992,-0.5));
#2031 = VECTOR('',#2032,1.);
#2032 = DIRECTION('',(0.707106781187,-4.054583578972E-35,-0.707106781187
    ));
#2033 = ORIENTED_EDGE('',*,*,#463,.T.);
#2034 = ORIENTED_EDGE('',*,*,#1978,.T.);
#2035 = ORIENTED_EDGE('',*,*,#2036,.F.);
#2036 = EDGE_CURVE('',#2027,#1979,#2037,.T.);
#2037 = CIRCLE('',#2038,2.);
#2038 = AXIS2_PLACEMENT_3D('',#2039,#2040,#2041);
#2039 = CARTESIAN_POINT('',(-74.45,67.849999999992,-1.));
#2040 = DIRECTION('',(0.,0.,1.));
#2041 = DIRECTION('',(-1.,0.,0.));
#2042 = CONICAL_SURFACE('',#2043,2.,0.785398163397);
#2043 = AXIS2_PLACEMENT_3D('',#2044,#2045,#2046);
#2044 = CARTESIAN_POINT('',(-74.45,67.849999999992,-1.));
#2045 = DIRECTION('',(0.,0.,1.));
#2046 = DIRECTION('',(-1.,0.,0.));
#2047 = ADVANCED_FACE('',(#2048),#2067,.T.);
#2048 = FACE_BOUND('',#2049,.F.);
#2049 = EDGE_LOOP('',(#2050,#2051,#2052,#2060));
#2050 = ORIENTED_EDGE('',*,*,#2004,.F.);
#2051 = ORIENTED_EDGE('',*,*,#497,.T.);
#2052 = ORIENTED_EDGE('',*,*,#2053,.T.);
#2053 = EDGE_CURVE('',#490,#2054,#2056,.T.);
#2054 = VERTEX_POINT('',#2055);
#2055 = CARTESIAN_POINT('',(-67.44999999999,76.850000000008,-1.));
#2056 = LINE('',#2057,#2058);
#2057 = CARTESIAN_POINT('',(-67.44999999999,76.850000000008,-1.));
#2058 = VECTOR('',#2059,1.);
#2059 = DIRECTION('',(-4.329780281177E-17,-0.707106781187,
    -0.707106781187));
#2060 = ORIENTED_EDGE('',*,*,#2061,.F.);
#2061 = EDGE_CURVE('',#2005,#2054,#2062,.T.);
#2062 = CIRCLE('',#2063,2.);
#2063 = AXIS2_PLACEMENT_3D('',#2064,#2065,#2066);
#2064 = CARTESIAN_POINT('',(-67.44999999999,74.850000000008,-1.));
#2065 = DIRECTION('',(0.,0.,1.));
#2066 = DIRECTION('',(1.,0.,0.));
#2067 = CONICAL_SURFACE('',#2068,2.,0.785398163397);
#2068 = AXIS2_PLACEMENT_3D('',#2069,#2070,#2071);
#2069 = CARTESIAN_POINT('',(-67.44999999999,74.850000000008,-1.));
#2070 = DIRECTION('',(0.,0.,1.));
#2071 = DIRECTION('',(1.,0.,0.));
#2072 = ADVANCED_FACE('',(#2073),#2091,.F.);
#2073 = FACE_BOUND('',#2074,.F.);
#2074 = EDGE_LOOP('',(#2075,#2083,#2084,#2085));
#2075 = ORIENTED_EDGE('',*,*,#2076,.F.);
#2076 = EDGE_CURVE('',#473,#2077,#2079,.T.);
#2077 = VERTEX_POINT('',#2078);
#2078 = CARTESIAN_POINT('',(-76.45,74.850000000008,-1.));
#2079 = LINE('',#2080,#2081);
#2080 = CARTESIAN_POINT('',(-76.45,74.850000000008,-1.));
#2081 = VECTOR('',#2082,1.);
#2082 = DIRECTION('',(0.707106781187,-4.329780281177E-17,-0.707106781187
    ));
#2083 = ORIENTED_EDGE('',*,*,#472,.T.);
#2084 = ORIENTED_EDGE('',*,*,#2026,.T.);
#2085 = ORIENTED_EDGE('',*,*,#2086,.F.);
#2086 = EDGE_CURVE('',#2077,#2027,#2087,.T.);
#2087 = LINE('',#2088,#2089);
#2088 = CARTESIAN_POINT('',(-76.45,74.850000000008,-1.));
#2089 = VECTOR('',#2090,1.);
#2090 = DIRECTION('',(-0.,-1.,-0.));
#2091 = PLANE('',#2092);
#2092 = AXIS2_PLACEMENT_3D('',#2093,#2094,#2095);
#2093 = CARTESIAN_POINT('',(-76.95,74.850000000008,-0.5));
#2094 = DIRECTION('',(0.707106781187,5.911709633991E-18,0.707106781187)
  );
#2095 = DIRECTION('',(4.180209970601E-18,-1.,4.180209970601E-18));
#2096 = ADVANCED_FACE('',(#2097),#2115,.F.);
#2097 = FACE_BOUND('',#2098,.F.);
#2098 = EDGE_LOOP('',(#2099,#2100,#2101,#2109));
#2099 = ORIENTED_EDGE('',*,*,#2053,.F.);
#2100 = ORIENTED_EDGE('',*,*,#489,.T.);
#2101 = ORIENTED_EDGE('',*,*,#2102,.T.);
#2102 = EDGE_CURVE('',#481,#2103,#2105,.T.);
#2103 = VERTEX_POINT('',#2104);
#2104 = CARTESIAN_POINT('',(-74.45,76.850000000008,-1.));
#2105 = LINE('',#2106,#2107);
#2106 = CARTESIAN_POINT('',(-74.45,77.350000000008,-0.5));
#2107 = VECTOR('',#2108,1.);
#2108 = DIRECTION('',(-4.054583578972E-35,-0.707106781187,
    -0.707106781187));
#2109 = ORIENTED_EDGE('',*,*,#2110,.F.);
#2110 = EDGE_CURVE('',#2054,#2103,#2111,.T.);
#2111 = LINE('',#2112,#2113);
#2112 = CARTESIAN_POINT('',(-67.44999999999,76.850000000008,-1.));
#2113 = VECTOR('',#2114,1.);
#2114 = DIRECTION('',(-1.,-0.,-0.));
#2115 = PLANE('',#2116);
#2116 = AXIS2_PLACEMENT_3D('',#2117,#2118,#2119);
#2117 = CARTESIAN_POINT('',(-67.44999999999,77.350000000008,-0.5));
#2118 = DIRECTION('',(-5.911709633991E-18,-0.707106781187,0.707106781187
    ));
#2119 = DIRECTION('',(-1.,4.180209970601E-18,-4.180209970601E-18));
#2120 = ADVANCED_FACE('',(#2121),#2133,.T.);
#2121 = FACE_BOUND('',#2122,.F.);
#2122 = EDGE_LOOP('',(#2123,#2124,#2125,#2126));
#2123 = ORIENTED_EDGE('',*,*,#2102,.F.);
#2124 = ORIENTED_EDGE('',*,*,#480,.T.);
#2125 = ORIENTED_EDGE('',*,*,#2076,.T.);
#2126 = ORIENTED_EDGE('',*,*,#2127,.F.);
#2127 = EDGE_CURVE('',#2103,#2077,#2128,.T.);
#2128 = CIRCLE('',#2129,2.);
#2129 = AXIS2_PLACEMENT_3D('',#2130,#2131,#2132);
#2130 = CARTESIAN_POINT('',(-74.45,74.850000000008,-1.));
#2131 = DIRECTION('',(0.,-0.,1.));
#2132 = DIRECTION('',(0.,1.,0.));
#2133 = CONICAL_SURFACE('',#2134,2.,0.785398163397);
#2134 = AXIS2_PLACEMENT_3D('',#2135,#2136,#2137);
#2135 = CARTESIAN_POINT('',(-74.45,74.850000000008,-1.));
#2136 = DIRECTION('',(0.,0.,1.));
#2137 = DIRECTION('',(0.,1.,0.));
#2138 = ADVANCED_FACE('',(#2139),#2158,.F.);
#2139 = FACE_BOUND('',#2140,.F.);
#2140 = EDGE_LOOP('',(#2141,#2150,#2156,#2157));
#2141 = ORIENTED_EDGE('',*,*,#2142,.F.);
#2142 = EDGE_CURVE('',#2143,#2143,#2145,.T.);
#2143 = VERTEX_POINT('',#2144);
#2144 = CARTESIAN_POINT('',(-32.9,76.55,3.2));
#2145 = CIRCLE('',#2146,2.15);
#2146 = AXIS2_PLACEMENT_3D('',#2147,#2148,#2149);
#2147 = CARTESIAN_POINT('',(-35.05,76.55,3.2));
#2148 = DIRECTION('',(0.,0.,1.));
#2149 = DIRECTION('',(1.,0.,0.));
#2150 = ORIENTED_EDGE('',*,*,#2151,.T.);
#2151 = EDGE_CURVE('',#2143,#515,#2152,.T.);
#2152 = LINE('',#2153,#2154);
#2153 = CARTESIAN_POINT('',(-32.9,76.55,3.2));
#2154 = VECTOR('',#2155,1.);
#2155 = DIRECTION('',(-0.,-0.,-1.));
#2156 = ORIENTED_EDGE('',*,*,#514,.T.);
#2157 = ORIENTED_EDGE('',*,*,#2151,.F.);
#2158 = CYLINDRICAL_SURFACE('',#2159,2.15);
#2159 = AXIS2_PLACEMENT_3D('',#2160,#2161,#2162);
#2160 = CARTESIAN_POINT('',(-35.05,76.55,3.2));
#2161 = DIRECTION('',(0.,0.,1.));
#2162 = DIRECTION('',(1.,0.,0.));
#2163 = ADVANCED_FACE('',(#2164),#2183,.T.);
#2164 = FACE_BOUND('',#2165,.F.);
#2165 = EDGE_LOOP('',(#2166,#2174,#2181,#2182));
#2166 = ORIENTED_EDGE('',*,*,#2167,.T.);
#2167 = EDGE_CURVE('',#526,#2168,#2170,.T.);
#2168 = VERTEX_POINT('',#2169);
#2169 = CARTESIAN_POINT('',(36.3,11.55,-7.6));
#2170 = LINE('',#2171,#2172);
#2171 = CARTESIAN_POINT('',(36.3,11.55,0.));
#2172 = VECTOR('',#2173,1.);
#2173 = DIRECTION('',(0.,0.,-1.));
#2174 = ORIENTED_EDGE('',*,*,#2175,.T.);
#2175 = EDGE_CURVE('',#2168,#2168,#2176,.T.);
#2176 = CIRCLE('',#2177,3.5);
#2177 = AXIS2_PLACEMENT_3D('',#2178,#2179,#2180);
#2178 = CARTESIAN_POINT('',(32.8,11.55,-7.6));
#2179 = DIRECTION('',(0.,0.,-1.));
#2180 = DIRECTION('',(1.,0.,0.));
#2181 = ORIENTED_EDGE('',*,*,#2167,.F.);
#2182 = ORIENTED_EDGE('',*,*,#525,.F.);
#2183 = CYLINDRICAL_SURFACE('',#2184,3.5);
#2184 = AXIS2_PLACEMENT_3D('',#2185,#2186,#2187);
#2185 = CARTESIAN_POINT('',(32.8,11.55,0.));
#2186 = DIRECTION('',(0.,0.,1.));
#2187 = DIRECTION('',(1.,0.,0.));
#2188 = ADVANCED_FACE('',(#2189),#2208,.T.);
#2189 = FACE_BOUND('',#2190,.F.);
#2190 = EDGE_LOOP('',(#2191,#2199,#2206,#2207));
#2191 = ORIENTED_EDGE('',*,*,#2192,.T.);
#2192 = EDGE_CURVE('',#537,#2193,#2195,.T.);
#2193 = VERTEX_POINT('',#2194);
#2194 = CARTESIAN_POINT('',(36.3,28.55,-7.6));
#2195 = LINE('',#2196,#2197);
#2196 = CARTESIAN_POINT('',(36.3,28.55,0.));
#2197 = VECTOR('',#2198,1.);
#2198 = DIRECTION('',(0.,0.,-1.));
#2199 = ORIENTED_EDGE('',*,*,#2200,.T.);
#2200 = EDGE_CURVE('',#2193,#2193,#2201,.T.);
#2201 = CIRCLE('',#2202,3.5);
#2202 = AXIS2_PLACEMENT_3D('',#2203,#2204,#2205);
#2203 = CARTESIAN_POINT('',(32.8,28.55,-7.6));
#2204 = DIRECTION('',(0.,0.,-1.));
#2205 = DIRECTION('',(1.,0.,0.));
#2206 = ORIENTED_EDGE('',*,*,#2192,.F.);
#2207 = ORIENTED_EDGE('',*,*,#536,.F.);
#2208 = CYLINDRICAL_SURFACE('',#2209,3.5);
#2209 = AXIS2_PLACEMENT_3D('',#2210,#2211,#2212);
#2210 = CARTESIAN_POINT('',(32.8,28.55,0.));
#2211 = DIRECTION('',(0.,0.,1.));
#2212 = DIRECTION('',(1.,0.,0.));
#2213 = ADVANCED_FACE('',(#2214),#2233,.F.);
#2214 = FACE_BOUND('',#2215,.F.);
#2215 = EDGE_LOOP('',(#2216,#2225,#2231,#2232));
#2216 = ORIENTED_EDGE('',*,*,#2217,.F.);
#2217 = EDGE_CURVE('',#2218,#2218,#2220,.T.);
#2218 = VERTEX_POINT('',#2219);
#2219 = CARTESIAN_POINT('',(109.78,0.,3.2));
#2220 = CIRCLE('',#2221,2.15);
#2221 = AXIS2_PLACEMENT_3D('',#2222,#2223,#2224);
#2222 = CARTESIAN_POINT('',(107.63,0.,3.2));
#2223 = DIRECTION('',(0.,0.,1.));
#2224 = DIRECTION('',(1.,0.,0.));
#2225 = ORIENTED_EDGE('',*,*,#2226,.T.);
#2226 = EDGE_CURVE('',#2218,#548,#2227,.T.);
#2227 = LINE('',#2228,#2229);
#2228 = CARTESIAN_POINT('',(109.78,0.,3.2));
#2229 = VECTOR('',#2230,1.);
#2230 = DIRECTION('',(-0.,-0.,-1.));
#2231 = ORIENTED_EDGE('',*,*,#547,.T.);
#2232 = ORIENTED_EDGE('',*,*,#2226,.F.);
#2233 = CYLINDRICAL_SURFACE('',#2234,2.15);
#2234 = AXIS2_PLACEMENT_3D('',#2235,#2236,#2237);
#2235 = CARTESIAN_POINT('',(107.63,0.,3.2));
#2236 = DIRECTION('',(0.,0.,1.));
#2237 = DIRECTION('',(1.,0.,0.));
#2238 = ADVANCED_FACE('',(#2239),#2258,.T.);
#2239 = FACE_BOUND('',#2240,.F.);
#2240 = EDGE_LOOP('',(#2241,#2249,#2256,#2257));
#2241 = ORIENTED_EDGE('',*,*,#2242,.T.);
#2242 = EDGE_CURVE('',#559,#2243,#2245,.T.);
#2243 = VERTEX_POINT('',#2244);
#2244 = CARTESIAN_POINT('',(86.3,11.55,-7.6));
#2245 = LINE('',#2246,#2247);
#2246 = CARTESIAN_POINT('',(86.3,11.55,0.));
#2247 = VECTOR('',#2248,1.);
#2248 = DIRECTION('',(0.,0.,-1.));
#2249 = ORIENTED_EDGE('',*,*,#2250,.T.);
#2250 = EDGE_CURVE('',#2243,#2243,#2251,.T.);
#2251 = CIRCLE('',#2252,3.5);
#2252 = AXIS2_PLACEMENT_3D('',#2253,#2254,#2255);
#2253 = CARTESIAN_POINT('',(82.8,11.55,-7.6));
#2254 = DIRECTION('',(0.,0.,-1.));
#2255 = DIRECTION('',(1.,0.,0.));
#2256 = ORIENTED_EDGE('',*,*,#2242,.F.);
#2257 = ORIENTED_EDGE('',*,*,#558,.F.);
#2258 = CYLINDRICAL_SURFACE('',#2259,3.5);
#2259 = AXIS2_PLACEMENT_3D('',#2260,#2261,#2262);
#2260 = CARTESIAN_POINT('',(82.8,11.55,0.));
#2261 = DIRECTION('',(0.,0.,1.));
#2262 = DIRECTION('',(1.,0.,0.));
#2263 = ADVANCED_FACE('',(#2264),#2283,.T.);
#2264 = FACE_BOUND('',#2265,.F.);
#2265 = EDGE_LOOP('',(#2266,#2274,#2281,#2282));
#2266 = ORIENTED_EDGE('',*,*,#2267,.T.);
#2267 = EDGE_CURVE('',#570,#2268,#2270,.T.);
#2268 = VERTEX_POINT('',#2269);
#2269 = CARTESIAN_POINT('',(86.3,24.55,-7.6));
#2270 = LINE('',#2271,#2272);
#2271 = CARTESIAN_POINT('',(86.3,24.55,0.));
#2272 = VECTOR('',#2273,1.);
#2273 = DIRECTION('',(0.,0.,-1.));
#2274 = ORIENTED_EDGE('',*,*,#2275,.T.);
#2275 = EDGE_CURVE('',#2268,#2268,#2276,.T.);
#2276 = CIRCLE('',#2277,3.5);
#2277 = AXIS2_PLACEMENT_3D('',#2278,#2279,#2280);
#2278 = CARTESIAN_POINT('',(82.8,24.55,-7.6));
#2279 = DIRECTION('',(0.,0.,-1.));
#2280 = DIRECTION('',(1.,0.,0.));
#2281 = ORIENTED_EDGE('',*,*,#2267,.F.);
#2282 = ORIENTED_EDGE('',*,*,#569,.F.);
#2283 = CYLINDRICAL_SURFACE('',#2284,3.5);
#2284 = AXIS2_PLACEMENT_3D('',#2285,#2286,#2287);
#2285 = CARTESIAN_POINT('',(82.8,24.55,0.));
#2286 = DIRECTION('',(0.,0.,1.));
#2287 = DIRECTION('',(1.,0.,0.));
#2288 = ADVANCED_FACE('',(#2289),#2308,.T.);
#2289 = FACE_BOUND('',#2290,.F.);
#2290 = EDGE_LOOP('',(#2291,#2299,#2306,#2307));
#2291 = ORIENTED_EDGE('',*,*,#2292,.T.);
#2292 = EDGE_CURVE('',#581,#2293,#2295,.T.);
#2293 = VERTEX_POINT('',#2294);
#2294 = CARTESIAN_POINT('',(36.3,54.55,-7.6));
#2295 = LINE('',#2296,#2297);
#2296 = CARTESIAN_POINT('',(36.3,54.55,0.));
#2297 = VECTOR('',#2298,1.);
#2298 = DIRECTION('',(0.,0.,-1.));
#2299 = ORIENTED_EDGE('',*,*,#2300,.T.);
#2300 = EDGE_CURVE('',#2293,#2293,#2301,.T.);
#2301 = CIRCLE('',#2302,3.5);
#2302 = AXIS2_PLACEMENT_3D('',#2303,#2304,#2305);
#2303 = CARTESIAN_POINT('',(32.8,54.55,-7.6));
#2304 = DIRECTION('',(0.,0.,-1.));
#2305 = DIRECTION('',(1.,0.,0.));
#2306 = ORIENTED_EDGE('',*,*,#2292,.F.);
#2307 = ORIENTED_EDGE('',*,*,#580,.F.);
#2308 = CYLINDRICAL_SURFACE('',#2309,3.5);
#2309 = AXIS2_PLACEMENT_3D('',#2310,#2311,#2312);
#2310 = CARTESIAN_POINT('',(32.8,54.55,0.));
#2311 = DIRECTION('',(0.,0.,1.));
#2312 = DIRECTION('',(1.,0.,0.));
#2313 = ADVANCED_FACE('',(#2314),#2333,.F.);
#2314 = FACE_BOUND('',#2315,.F.);
#2315 = EDGE_LOOP('',(#2316,#2325,#2331,#2332));
#2316 = ORIENTED_EDGE('',*,*,#2317,.F.);
#2317 = EDGE_CURVE('',#2318,#2318,#2320,.T.);
#2318 = VERTEX_POINT('',#2319);
#2319 = CARTESIAN_POINT('',(37.2,76.55,3.2));
#2320 = CIRCLE('',#2321,2.15);
#2321 = AXIS2_PLACEMENT_3D('',#2322,#2323,#2324);
#2322 = CARTESIAN_POINT('',(35.05,76.55,3.2));
#2323 = DIRECTION('',(0.,0.,1.));
#2324 = DIRECTION('',(1.,0.,0.));
#2325 = ORIENTED_EDGE('',*,*,#2326,.T.);
#2326 = EDGE_CURVE('',#2318,#592,#2327,.T.);
#2327 = LINE('',#2328,#2329);
#2328 = CARTESIAN_POINT('',(37.2,76.55,3.2));
#2329 = VECTOR('',#2330,1.);
#2330 = DIRECTION('',(-0.,-0.,-1.));
#2331 = ORIENTED_EDGE('',*,*,#591,.T.);
#2332 = ORIENTED_EDGE('',*,*,#2326,.F.);
#2333 = CYLINDRICAL_SURFACE('',#2334,2.15);
#2334 = AXIS2_PLACEMENT_3D('',#2335,#2336,#2337);
#2335 = CARTESIAN_POINT('',(35.05,76.55,3.2));
#2336 = DIRECTION('',(0.,0.,1.));
#2337 = DIRECTION('',(1.,0.,0.));
#2338 = ADVANCED_FACE('',(#2339),#2358,.T.);
#2339 = FACE_BOUND('',#2340,.F.);
#2340 = EDGE_LOOP('',(#2341,#2349,#2356,#2357));
#2341 = ORIENTED_EDGE('',*,*,#2342,.T.);
#2342 = EDGE_CURVE('',#603,#2343,#2345,.T.);
#2343 = VERTEX_POINT('',#2344);
#2344 = CARTESIAN_POINT('',(86.3,54.55,-7.6));
#2345 = LINE('',#2346,#2347);
#2346 = CARTESIAN_POINT('',(86.3,54.55,0.));
#2347 = VECTOR('',#2348,1.);
#2348 = DIRECTION('',(0.,0.,-1.));
#2349 = ORIENTED_EDGE('',*,*,#2350,.T.);
#2350 = EDGE_CURVE('',#2343,#2343,#2351,.T.);
#2351 = CIRCLE('',#2352,3.5);
#2352 = AXIS2_PLACEMENT_3D('',#2353,#2354,#2355);
#2353 = CARTESIAN_POINT('',(82.8,54.55,-7.6));
#2354 = DIRECTION('',(0.,0.,-1.));
#2355 = DIRECTION('',(1.,0.,0.));
#2356 = ORIENTED_EDGE('',*,*,#2342,.F.);
#2357 = ORIENTED_EDGE('',*,*,#602,.F.);
#2358 = CYLINDRICAL_SURFACE('',#2359,3.5);
#2359 = AXIS2_PLACEMENT_3D('',#2360,#2361,#2362);
#2360 = CARTESIAN_POINT('',(82.8,54.55,0.));
#2361 = DIRECTION('',(0.,0.,1.));
#2362 = DIRECTION('',(1.,0.,0.));
#2363 = ADVANCED_FACE('',(#2364),#2390,.T.);
#2364 = FACE_BOUND('',#2365,.F.);
#2365 = EDGE_LOOP('',(#2366,#2374,#2375,#2383));
#2366 = ORIENTED_EDGE('',*,*,#2367,.F.);
#2367 = EDGE_CURVE('',#614,#2368,#2370,.T.);
#2368 = VERTEX_POINT('',#2369);
#2369 = CARTESIAN_POINT('',(74.550000000008,74.850000000008,-1.));
#2370 = LINE('',#2371,#2372);
#2371 = CARTESIAN_POINT('',(74.550000000008,74.850000000008,-1.));
#2372 = VECTOR('',#2373,1.);
#2373 = DIRECTION('',(-0.707106781187,-0.,-0.707106781187));
#2374 = ORIENTED_EDGE('',*,*,#613,.T.);
#2375 = ORIENTED_EDGE('',*,*,#2376,.T.);
#2376 = EDGE_CURVE('',#616,#2377,#2379,.T.);
#2377 = VERTEX_POINT('',#2378);
#2378 = CARTESIAN_POINT('',(72.550000000008,76.850000000008,-1.));
#2379 = LINE('',#2380,#2381);
#2380 = CARTESIAN_POINT('',(72.550000000008,76.850000000008,-1.));
#2381 = VECTOR('',#2382,1.);
#2382 = DIRECTION('',(-4.329780281177E-17,-0.707106781187,
    -0.707106781187));
#2383 = ORIENTED_EDGE('',*,*,#2384,.F.);
#2384 = EDGE_CURVE('',#2368,#2377,#2385,.T.);
#2385 = CIRCLE('',#2386,2.);
#2386 = AXIS2_PLACEMENT_3D('',#2387,#2388,#2389);
#2387 = CARTESIAN_POINT('',(72.550000000008,74.850000000008,-1.));
#2388 = DIRECTION('',(0.,0.,1.));
#2389 = DIRECTION('',(1.,0.,0.));
#2390 = CONICAL_SURFACE('',#2391,2.,0.785398163397);
#2391 = AXIS2_PLACEMENT_3D('',#2392,#2393,#2394);
#2392 = CARTESIAN_POINT('',(72.550000000008,74.850000000008,-1.));
#2393 = DIRECTION('',(0.,0.,1.));
#2394 = DIRECTION('',(1.,0.,0.));
#2395 = ADVANCED_FACE('',(#2396),#2414,.F.);
#2396 = FACE_BOUND('',#2397,.F.);
#2397 = EDGE_LOOP('',(#2398,#2406,#2407,#2408));
#2398 = ORIENTED_EDGE('',*,*,#2399,.F.);
#2399 = EDGE_CURVE('',#625,#2400,#2402,.T.);
#2400 = VERTEX_POINT('',#2401);
#2401 = CARTESIAN_POINT('',(74.550000000008,67.849999999992,-1.));
#2402 = LINE('',#2403,#2404);
#2403 = CARTESIAN_POINT('',(74.550000000008,67.849999999992,-1.));
#2404 = VECTOR('',#2405,1.);
#2405 = DIRECTION('',(-0.707106781187,4.329780281177E-17,-0.707106781187
    ));
#2406 = ORIENTED_EDGE('',*,*,#624,.T.);
#2407 = ORIENTED_EDGE('',*,*,#2367,.T.);
#2408 = ORIENTED_EDGE('',*,*,#2409,.F.);
#2409 = EDGE_CURVE('',#2400,#2368,#2410,.T.);
#2410 = LINE('',#2411,#2412);
#2411 = CARTESIAN_POINT('',(74.550000000008,67.849999999992,-1.));
#2412 = VECTOR('',#2413,1.);
#2413 = DIRECTION('',(0.,1.,0.));
#2414 = PLANE('',#2415);
#2415 = AXIS2_PLACEMENT_3D('',#2416,#2417,#2418);
#2416 = CARTESIAN_POINT('',(75.050000000008,67.849999999992,-0.5));
#2417 = DIRECTION('',(-0.707106781187,-5.911709633991E-18,0.707106781187
    ));
#2418 = DIRECTION('',(-4.180209970601E-18,1.,4.180209970601E-18));
#2419 = ADVANCED_FACE('',(#2420),#2438,.F.);
#2420 = FACE_BOUND('',#2421,.F.);
#2421 = EDGE_LOOP('',(#2422,#2423,#2424,#2432));
#2422 = ORIENTED_EDGE('',*,*,#2376,.F.);
#2423 = ORIENTED_EDGE('',*,*,#675,.T.);
#2424 = ORIENTED_EDGE('',*,*,#2425,.T.);
#2425 = EDGE_CURVE('',#667,#2426,#2428,.T.);
#2426 = VERTEX_POINT('',#2427);
#2427 = CARTESIAN_POINT('',(65.549999999992,76.850000000008,-1.));
#2428 = LINE('',#2429,#2430);
#2429 = CARTESIAN_POINT('',(65.549999999992,77.350000000008,-0.5));
#2430 = VECTOR('',#2431,1.);
#2431 = DIRECTION('',(-4.054583578972E-35,-0.707106781187,
    -0.707106781187));
#2432 = ORIENTED_EDGE('',*,*,#2433,.F.);
#2433 = EDGE_CURVE('',#2377,#2426,#2434,.T.);
#2434 = LINE('',#2435,#2436);
#2435 = CARTESIAN_POINT('',(72.550000000008,76.850000000008,-1.));
#2436 = VECTOR('',#2437,1.);
#2437 = DIRECTION('',(-1.,-0.,-0.));
#2438 = PLANE('',#2439);
#2439 = AXIS2_PLACEMENT_3D('',#2440,#2441,#2442);
#2440 = CARTESIAN_POINT('',(72.550000000008,77.350000000008,-0.5));
#2441 = DIRECTION('',(-5.911709633991E-18,-0.707106781187,0.707106781187
    ));
#2442 = DIRECTION('',(-1.,4.180209970601E-18,-4.180209970601E-18));
#2443 = ADVANCED_FACE('',(#2444),#2463,.T.);
#2444 = FACE_BOUND('',#2445,.F.);
#2445 = EDGE_LOOP('',(#2446,#2454,#2455,#2456));
#2446 = ORIENTED_EDGE('',*,*,#2447,.F.);
#2447 = EDGE_CURVE('',#633,#2448,#2450,.T.);
#2448 = VERTEX_POINT('',#2449);
#2449 = CARTESIAN_POINT('',(72.550000000008,65.849999999992,-1.));
#2450 = LINE('',#2451,#2452);
#2451 = CARTESIAN_POINT('',(72.550000000008,65.349999999992,-0.5));
#2452 = VECTOR('',#2453,1.);
#2453 = DIRECTION('',(4.054583578972E-35,0.707106781187,-0.707106781187)
  );
#2454 = ORIENTED_EDGE('',*,*,#632,.T.);
#2455 = ORIENTED_EDGE('',*,*,#2399,.T.);
#2456 = ORIENTED_EDGE('',*,*,#2457,.F.);
#2457 = EDGE_CURVE('',#2448,#2400,#2458,.T.);
#2458 = CIRCLE('',#2459,2.);
#2459 = AXIS2_PLACEMENT_3D('',#2460,#2461,#2462);
#2460 = CARTESIAN_POINT('',(72.550000000008,67.849999999992,-1.));
#2461 = DIRECTION('',(-0.,0.,1.));
#2462 = DIRECTION('',(0.,-1.,0.));
#2463 = CONICAL_SURFACE('',#2464,2.,0.785398163397);
#2464 = AXIS2_PLACEMENT_3D('',#2465,#2466,#2467);
#2465 = CARTESIAN_POINT('',(72.550000000008,67.849999999992,-1.));
#2466 = DIRECTION('',(0.,0.,1.));
#2467 = DIRECTION('',(0.,-1.,0.));
#2468 = ADVANCED_FACE('',(#2469),#2488,.T.);
#2469 = FACE_BOUND('',#2470,.F.);
#2470 = EDGE_LOOP('',(#2471,#2472,#2473,#2481));
#2471 = ORIENTED_EDGE('',*,*,#2425,.F.);
#2472 = ORIENTED_EDGE('',*,*,#666,.T.);
#2473 = ORIENTED_EDGE('',*,*,#2474,.T.);
#2474 = EDGE_CURVE('',#659,#2475,#2477,.T.);
#2475 = VERTEX_POINT('',#2476);
#2476 = CARTESIAN_POINT('',(63.549999999992,74.850000000008,-1.));
#2477 = LINE('',#2478,#2479);
#2478 = CARTESIAN_POINT('',(63.549999999992,74.850000000008,-1.));
#2479 = VECTOR('',#2480,1.);
#2480 = DIRECTION('',(0.707106781187,-4.329780281177E-17,-0.707106781187
    ));
#2481 = ORIENTED_EDGE('',*,*,#2482,.F.);
#2482 = EDGE_CURVE('',#2426,#2475,#2483,.T.);
#2483 = CIRCLE('',#2484,2.);
#2484 = AXIS2_PLACEMENT_3D('',#2485,#2486,#2487);
#2485 = CARTESIAN_POINT('',(65.549999999992,74.850000000008,-1.));
#2486 = DIRECTION('',(0.,-0.,1.));
#2487 = DIRECTION('',(0.,1.,0.));
#2488 = CONICAL_SURFACE('',#2489,2.,0.785398163397);
#2489 = AXIS2_PLACEMENT_3D('',#2490,#2491,#2492);
#2490 = CARTESIAN_POINT('',(65.549999999992,74.850000000008,-1.));
#2491 = DIRECTION('',(0.,0.,1.));
#2492 = DIRECTION('',(0.,1.,0.));
#2493 = ADVANCED_FACE('',(#2494),#2512,.F.);
#2494 = FACE_BOUND('',#2495,.F.);
#2495 = EDGE_LOOP('',(#2496,#2504,#2505,#2506));
#2496 = ORIENTED_EDGE('',*,*,#2497,.F.);
#2497 = EDGE_CURVE('',#642,#2498,#2500,.T.);
#2498 = VERTEX_POINT('',#2499);
#2499 = CARTESIAN_POINT('',(65.549999999992,65.849999999992,-1.));
#2500 = LINE('',#2501,#2502);
#2501 = CARTESIAN_POINT('',(65.549999999992,65.849999999992,-1.));
#2502 = VECTOR('',#2503,1.);
#2503 = DIRECTION('',(4.329780281177E-17,0.707106781187,-0.707106781187)
  );
#2504 = ORIENTED_EDGE('',*,*,#641,.T.);
#2505 = ORIENTED_EDGE('',*,*,#2447,.T.);
#2506 = ORIENTED_EDGE('',*,*,#2507,.F.);
#2507 = EDGE_CURVE('',#2498,#2448,#2508,.T.);
#2508 = LINE('',#2509,#2510);
#2509 = CARTESIAN_POINT('',(65.549999999992,65.849999999992,-1.));
#2510 = VECTOR('',#2511,1.);
#2511 = DIRECTION('',(1.,0.,0.));
#2512 = PLANE('',#2513);
#2513 = AXIS2_PLACEMENT_3D('',#2514,#2515,#2516);
#2514 = CARTESIAN_POINT('',(65.549999999992,65.349999999992,-0.5));
#2515 = DIRECTION('',(5.911709633991E-18,0.707106781187,0.707106781187)
  );
#2516 = DIRECTION('',(1.,-4.180209970601E-18,-4.180209970601E-18));
#2517 = ADVANCED_FACE('',(#2518),#2536,.F.);
#2518 = FACE_BOUND('',#2519,.F.);
#2519 = EDGE_LOOP('',(#2520,#2521,#2522,#2530));
#2520 = ORIENTED_EDGE('',*,*,#2474,.F.);
#2521 = ORIENTED_EDGE('',*,*,#658,.T.);
#2522 = ORIENTED_EDGE('',*,*,#2523,.T.);
#2523 = EDGE_CURVE('',#650,#2524,#2526,.T.);
#2524 = VERTEX_POINT('',#2525);
#2525 = CARTESIAN_POINT('',(63.549999999992,67.849999999992,-1.));
#2526 = LINE('',#2527,#2528);
#2527 = CARTESIAN_POINT('',(63.049999999992,67.849999999992,-0.5));
#2528 = VECTOR('',#2529,1.);
#2529 = DIRECTION('',(0.707106781187,-4.054583578972E-35,-0.707106781187
    ));
#2530 = ORIENTED_EDGE('',*,*,#2531,.F.);
#2531 = EDGE_CURVE('',#2475,#2524,#2532,.T.);
#2532 = LINE('',#2533,#2534);
#2533 = CARTESIAN_POINT('',(63.549999999992,74.850000000008,-1.));
#2534 = VECTOR('',#2535,1.);
#2535 = DIRECTION('',(-0.,-1.,-0.));
#2536 = PLANE('',#2537);
#2537 = AXIS2_PLACEMENT_3D('',#2538,#2539,#2540);
#2538 = CARTESIAN_POINT('',(63.049999999992,74.850000000008,-0.5));
#2539 = DIRECTION('',(0.707106781187,5.911709633991E-18,0.707106781187)
  );
#2540 = DIRECTION('',(4.180209970601E-18,-1.,4.180209970601E-18));
#2541 = ADVANCED_FACE('',(#2542),#2554,.T.);
#2542 = FACE_BOUND('',#2543,.F.);
#2543 = EDGE_LOOP('',(#2544,#2545,#2546,#2547));
#2544 = ORIENTED_EDGE('',*,*,#2523,.F.);
#2545 = ORIENTED_EDGE('',*,*,#649,.T.);
#2546 = ORIENTED_EDGE('',*,*,#2497,.T.);
#2547 = ORIENTED_EDGE('',*,*,#2548,.F.);
#2548 = EDGE_CURVE('',#2524,#2498,#2549,.T.);
#2549 = CIRCLE('',#2550,2.);
#2550 = AXIS2_PLACEMENT_3D('',#2551,#2552,#2553);
#2551 = CARTESIAN_POINT('',(65.549999999992,67.849999999992,-1.));
#2552 = DIRECTION('',(0.,0.,1.));
#2553 = DIRECTION('',(-1.,0.,0.));
#2554 = CONICAL_SURFACE('',#2555,2.,0.785398163397);
#2555 = AXIS2_PLACEMENT_3D('',#2556,#2557,#2558);
#2556 = CARTESIAN_POINT('',(65.549999999992,67.849999999992,-1.));
#2557 = DIRECTION('',(0.,0.,1.));
#2558 = DIRECTION('',(-1.,0.,0.));
#2559 = ADVANCED_FACE('',(#2560),#2579,.F.);
#2560 = FACE_BOUND('',#2561,.F.);
#2561 = EDGE_LOOP('',(#2562,#2571,#2577,#2578));
#2562 = ORIENTED_EDGE('',*,*,#2563,.F.);
#2563 = EDGE_CURVE('',#2564,#2564,#2566,.T.);
#2564 = VERTEX_POINT('',#2565);
#2565 = CARTESIAN_POINT('',(107.2,73.75,3.2));
#2566 = CIRCLE('',#2567,2.15);
#2567 = AXIS2_PLACEMENT_3D('',#2568,#2569,#2570);
#2568 = CARTESIAN_POINT('',(105.05,73.75,3.2));
#2569 = DIRECTION('',(0.,0.,1.));
#2570 = DIRECTION('',(1.,0.,0.));
#2571 = ORIENTED_EDGE('',*,*,#2572,.T.);
#2572 = EDGE_CURVE('',#2564,#684,#2573,.T.);
#2573 = LINE('',#2574,#2575);
#2574 = CARTESIAN_POINT('',(107.2,73.75,3.2));
#2575 = VECTOR('',#2576,1.);
#2576 = DIRECTION('',(-0.,-0.,-1.));
#2577 = ORIENTED_EDGE('',*,*,#683,.T.);
#2578 = ORIENTED_EDGE('',*,*,#2572,.F.);
#2579 = CYLINDRICAL_SURFACE('',#2580,2.15);
#2580 = AXIS2_PLACEMENT_3D('',#2581,#2582,#2583);
#2581 = CARTESIAN_POINT('',(105.05,73.75,3.2));
#2582 = DIRECTION('',(0.,0.,1.));
#2583 = DIRECTION('',(1.,0.,0.));
#2584 = ADVANCED_FACE('',(#2585,#2595,#2598,#2614,#2617,#2620,#2654,
    #2657,#2668,#2679,#2682,#2685,#2688,#2699,#2710,#2713,#2724,#2735,
    #2746,#2749,#2760),#2763,.T.);
#2585 = FACE_BOUND('',#2586,.T.);
#2586 = EDGE_LOOP('',(#2587,#2588,#2589,#2590,#2591,#2592,#2593,#2594));
#2587 = ORIENTED_EDGE('',*,*,#709,.T.);
#2588 = ORIENTED_EDGE('',*,*,#765,.T.);
#2589 = ORIENTED_EDGE('',*,*,#807,.T.);
#2590 = ORIENTED_EDGE('',*,*,#863,.T.);
#2591 = ORIENTED_EDGE('',*,*,#881,.T.);
#2592 = ORIENTED_EDGE('',*,*,#838,.F.);
#2593 = ORIENTED_EDGE('',*,*,#790,.T.);
#2594 = ORIENTED_EDGE('',*,*,#740,.F.);
#2595 = FACE_BOUND('',#2596,.T.);
#2596 = EDGE_LOOP('',(#2597));
#2597 = ORIENTED_EDGE('',*,*,#896,.F.);
#2598 = FACE_BOUND('',#2599,.T.);
#2599 = EDGE_LOOP('',(#2600,#2601,#2608,#2609,#2610,#2611,#2612,#2613));
#2600 = ORIENTED_EDGE('',*,*,#971,.F.);
#2601 = ORIENTED_EDGE('',*,*,#2602,.F.);
#2602 = EDGE_CURVE('',#1340,#972,#2603,.T.);
#2603 = CIRCLE('',#2604,1.);
#2604 = AXIS2_PLACEMENT_3D('',#2605,#2606,#2607);
#2605 = CARTESIAN_POINT('',(-74.05,-67.15,3.2));
#2606 = DIRECTION('',(0.,-0.,1.));
#2607 = DIRECTION('',(0.,1.,0.));
#2608 = ORIENTED_EDGE('',*,*,#1339,.F.);
#2609 = ORIENTED_EDGE('',*,*,#1289,.F.);
#2610 = ORIENTED_EDGE('',*,*,#1241,.F.);
#2611 = ORIENTED_EDGE('',*,*,#1191,.F.);
#2612 = ORIENTED_EDGE('',*,*,#1143,.F.);
#2613 = ORIENTED_EDGE('',*,*,#1093,.T.);
#2614 = FACE_BOUND('',#2615,.T.);
#2615 = EDGE_LOOP('',(#2616));
#2616 = ORIENTED_EDGE('',*,*,#921,.F.);
#2617 = FACE_BOUND('',#2618,.T.);
#2618 = EDGE_LOOP('',(#2619));
#2619 = ORIENTED_EDGE('',*,*,#946,.F.);
#2620 = FACE_BOUND('',#2621,.T.);
#2621 = EDGE_LOOP('',(#2622,#2632,#2640,#2648));
#2622 = ORIENTED_EDGE('',*,*,#2623,.F.);
#2623 = EDGE_CURVE('',#2624,#2626,#2628,.T.);
#2624 = VERTEX_POINT('',#2625);
#2625 = CARTESIAN_POINT('',(-70.05,-36.15,3.2));
#2626 = VERTEX_POINT('',#2627);
#2627 = CARTESIAN_POINT('',(-70.05,-68.15,3.2));
#2628 = LINE('',#2629,#2630);
#2629 = CARTESIAN_POINT('',(-70.05,-34.075,3.2));
#2630 = VECTOR('',#2631,1.);
#2631 = DIRECTION('',(0.,-1.,0.));
#2632 = ORIENTED_EDGE('',*,*,#2633,.F.);
#2633 = EDGE_CURVE('',#2634,#2624,#2636,.T.);
#2634 = VERTEX_POINT('',#2635);
#2635 = CARTESIAN_POINT('',(99.95,-36.15,3.2));
#2636 = LINE('',#2637,#2638);
#2637 = CARTESIAN_POINT('',(-35.025,-36.15,3.2));
#2638 = VECTOR('',#2639,1.);
#2639 = DIRECTION('',(-1.,0.,0.));
#2640 = ORIENTED_EDGE('',*,*,#2641,.F.);
#2641 = EDGE_CURVE('',#2642,#2634,#2644,.T.);
#2642 = VERTEX_POINT('',#2643);
#2643 = CARTESIAN_POINT('',(99.95,-68.15,3.2));
#2644 = LINE('',#2645,#2646);
#2645 = CARTESIAN_POINT('',(99.95,-18.075,3.2));
#2646 = VECTOR('',#2647,1.);
#2647 = DIRECTION('',(0.,1.,0.));
#2648 = ORIENTED_EDGE('',*,*,#2649,.F.);
#2649 = EDGE_CURVE('',#2626,#2642,#2650,.T.);
#2650 = LINE('',#2651,#2652);
#2651 = CARTESIAN_POINT('',(49.975,-68.15,3.2));
#2652 = VECTOR('',#2653,1.);
#2653 = DIRECTION('',(1.,0.,0.));
#2654 = FACE_BOUND('',#2655,.T.);
#2655 = EDGE_LOOP('',(#2656));
#2656 = ORIENTED_EDGE('',*,*,#1821,.F.);
#2657 = FACE_BOUND('',#2658,.T.);
#2658 = EDGE_LOOP('',(#2659));
#2659 = ORIENTED_EDGE('',*,*,#2660,.T.);
#2660 = EDGE_CURVE('',#2661,#2661,#2663,.T.);
#2661 = VERTEX_POINT('',#2662);
#2662 = CARTESIAN_POINT('',(34.9,-14.45,3.2));
#2663 = CIRCLE('',#2664,2.1);
#2664 = AXIS2_PLACEMENT_3D('',#2665,#2666,#2667);
#2665 = CARTESIAN_POINT('',(32.8,-14.45,3.2));
#2666 = DIRECTION('',(0.,0.,-1.));
#2667 = DIRECTION('',(1.,0.,0.));
#2668 = FACE_BOUND('',#2669,.T.);
#2669 = EDGE_LOOP('',(#2670));
#2670 = ORIENTED_EDGE('',*,*,#2671,.T.);
#2671 = EDGE_CURVE('',#2672,#2672,#2674,.T.);
#2672 = VERTEX_POINT('',#2673);
#2673 = CARTESIAN_POINT('',(84.9,-18.45,3.2));
#2674 = CIRCLE('',#2675,2.1);
#2675 = AXIS2_PLACEMENT_3D('',#2676,#2677,#2678);
#2676 = CARTESIAN_POINT('',(82.8,-18.45,3.2));
#2677 = DIRECTION('',(0.,0.,-1.));
#2678 = DIRECTION('',(1.,0.,0.));
#2679 = FACE_BOUND('',#2680,.T.);
#2680 = EDGE_LOOP('',(#2681));
#2681 = ORIENTED_EDGE('',*,*,#1896,.F.);
#2682 = FACE_BOUND('',#2683,.T.);
#2683 = EDGE_LOOP('',(#2684));
#2684 = ORIENTED_EDGE('',*,*,#1921,.F.);
#2685 = FACE_BOUND('',#2686,.T.);
#2686 = EDGE_LOOP('',(#2687));
#2687 = ORIENTED_EDGE('',*,*,#2142,.F.);
#2688 = FACE_BOUND('',#2689,.T.);
#2689 = EDGE_LOOP('',(#2690));
#2690 = ORIENTED_EDGE('',*,*,#2691,.T.);
#2691 = EDGE_CURVE('',#2692,#2692,#2694,.T.);
#2692 = VERTEX_POINT('',#2693);
#2693 = CARTESIAN_POINT('',(34.9,11.55,3.2));
#2694 = CIRCLE('',#2695,2.1);
#2695 = AXIS2_PLACEMENT_3D('',#2696,#2697,#2698);
#2696 = CARTESIAN_POINT('',(32.8,11.55,3.2));
#2697 = DIRECTION('',(0.,0.,-1.));
#2698 = DIRECTION('',(1.,0.,0.));
#2699 = FACE_BOUND('',#2700,.T.);
#2700 = EDGE_LOOP('',(#2701));
#2701 = ORIENTED_EDGE('',*,*,#2702,.T.);
#2702 = EDGE_CURVE('',#2703,#2703,#2705,.T.);
#2703 = VERTEX_POINT('',#2704);
#2704 = CARTESIAN_POINT('',(34.9,28.55,3.2));
#2705 = CIRCLE('',#2706,2.1);
#2706 = AXIS2_PLACEMENT_3D('',#2707,#2708,#2709);
#2707 = CARTESIAN_POINT('',(32.8,28.55,3.2));
#2708 = DIRECTION('',(0.,0.,-1.));
#2709 = DIRECTION('',(1.,0.,0.));
#2710 = FACE_BOUND('',#2711,.T.);
#2711 = EDGE_LOOP('',(#2712));
#2712 = ORIENTED_EDGE('',*,*,#2217,.F.);
#2713 = FACE_BOUND('',#2714,.T.);
#2714 = EDGE_LOOP('',(#2715));
#2715 = ORIENTED_EDGE('',*,*,#2716,.T.);
#2716 = EDGE_CURVE('',#2717,#2717,#2719,.T.);
#2717 = VERTEX_POINT('',#2718);
#2718 = CARTESIAN_POINT('',(84.9,11.55,3.2));
#2719 = CIRCLE('',#2720,2.1);
#2720 = AXIS2_PLACEMENT_3D('',#2721,#2722,#2723);
#2721 = CARTESIAN_POINT('',(82.8,11.55,3.2));
#2722 = DIRECTION('',(0.,0.,-1.));
#2723 = DIRECTION('',(1.,0.,0.));
#2724 = FACE_BOUND('',#2725,.T.);
#2725 = EDGE_LOOP('',(#2726));
#2726 = ORIENTED_EDGE('',*,*,#2727,.T.);
#2727 = EDGE_CURVE('',#2728,#2728,#2730,.T.);
#2728 = VERTEX_POINT('',#2729);
#2729 = CARTESIAN_POINT('',(84.9,24.55,3.2));
#2730 = CIRCLE('',#2731,2.1);
#2731 = AXIS2_PLACEMENT_3D('',#2732,#2733,#2734);
#2732 = CARTESIAN_POINT('',(82.8,24.55,3.2));
#2733 = DIRECTION('',(0.,0.,-1.));
#2734 = DIRECTION('',(1.,0.,0.));
#2735 = FACE_BOUND('',#2736,.T.);
#2736 = EDGE_LOOP('',(#2737));
#2737 = ORIENTED_EDGE('',*,*,#2738,.T.);
#2738 = EDGE_CURVE('',#2739,#2739,#2741,.T.);
#2739 = VERTEX_POINT('',#2740);
#2740 = CARTESIAN_POINT('',(34.9,54.55,3.2));
#2741 = CIRCLE('',#2742,2.1);
#2742 = AXIS2_PLACEMENT_3D('',#2743,#2744,#2745);
#2743 = CARTESIAN_POINT('',(32.8,54.55,3.2));
#2744 = DIRECTION('',(0.,0.,-1.));
#2745 = DIRECTION('',(1.,0.,0.));
#2746 = FACE_BOUND('',#2747,.T.);
#2747 = EDGE_LOOP('',(#2748));
#2748 = ORIENTED_EDGE('',*,*,#2317,.F.);
#2749 = FACE_BOUND('',#2750,.T.);
#2750 = EDGE_LOOP('',(#2751));
#2751 = ORIENTED_EDGE('',*,*,#2752,.T.);
#2752 = EDGE_CURVE('',#2753,#2753,#2755,.T.);
#2753 = VERTEX_POINT('',#2754);
#2754 = CARTESIAN_POINT('',(84.9,54.55,3.2));
#2755 = CIRCLE('',#2756,2.1);
#2756 = AXIS2_PLACEMENT_3D('',#2757,#2758,#2759);
#2757 = CARTESIAN_POINT('',(82.8,54.55,3.2));
#2758 = DIRECTION('',(0.,0.,-1.));
#2759 = DIRECTION('',(1.,0.,0.));
#2760 = FACE_BOUND('',#2761,.T.);
#2761 = EDGE_LOOP('',(#2762));
#2762 = ORIENTED_EDGE('',*,*,#2563,.F.);
#2763 = PLANE('',#2764);
#2764 = AXIS2_PLACEMENT_3D('',#2765,#2766,#2767);
#2765 = CARTESIAN_POINT('',(0.,0.,3.2));
#2766 = DIRECTION('',(0.,0.,1.));
#2767 = DIRECTION('',(1.,0.,0.));
#2768 = ADVANCED_FACE('',(#2769),#2775,.F.);
#2769 = FACE_BOUND('',#2770,.T.);
#2770 = EDGE_LOOP('',(#2771,#2772,#2773,#2774));
#2771 = ORIENTED_EDGE('',*,*,#2602,.T.);
#2772 = ORIENTED_EDGE('',*,*,#1037,.T.);
#2773 = ORIENTED_EDGE('',*,*,#1387,.F.);
#2774 = ORIENTED_EDGE('',*,*,#1349,.F.);
#2775 = CYLINDRICAL_SURFACE('',#2776,1.);
#2776 = AXIS2_PLACEMENT_3D('',#2777,#2778,#2779);
#2777 = CARTESIAN_POINT('',(-74.05,-67.15,3.2));
#2778 = DIRECTION('',(-0.,-0.,-1.));
#2779 = DIRECTION('',(0.,-1.,0.));
#2780 = ADVANCED_FACE('',(#2781),#2800,.T.);
#2781 = FACE_BOUND('',#2782,.T.);
#2782 = EDGE_LOOP('',(#2783,#2791,#2792,#2793));
#2783 = ORIENTED_EDGE('',*,*,#2784,.F.);
#2784 = EDGE_CURVE('',#1437,#2785,#2787,.T.);
#2785 = VERTEX_POINT('',#2786);
#2786 = CARTESIAN_POINT('',(-71.05,-71.15,-70.));
#2787 = LINE('',#2788,#2789);
#2788 = CARTESIAN_POINT('',(-71.05,-71.15,0.));
#2789 = VECTOR('',#2790,1.);
#2790 = DIRECTION('',(0.,0.,-1.));
#2791 = ORIENTED_EDGE('',*,*,#1446,.T.);
#2792 = ORIENTED_EDGE('',*,*,#1013,.T.);
#2793 = ORIENTED_EDGE('',*,*,#2794,.F.);
#2794 = EDGE_CURVE('',#2785,#1006,#2795,.T.);
#2795 = CIRCLE('',#2796,2.);
#2796 = AXIS2_PLACEMENT_3D('',#2797,#2798,#2799);
#2797 = CARTESIAN_POINT('',(-71.05,-69.15,-70.));
#2798 = DIRECTION('',(0.,0.,-1.));
#2799 = DIRECTION('',(0.,1.,0.));
#2800 = CYLINDRICAL_SURFACE('',#2801,2.);
#2801 = AXIS2_PLACEMENT_3D('',#2802,#2803,#2804);
#2802 = CARTESIAN_POINT('',(-71.05,-69.15,0.));
#2803 = DIRECTION('',(0.,0.,-1.));
#2804 = DIRECTION('',(0.,-1.,0.));
#2805 = ADVANCED_FACE('',(#2806),#2825,.T.);
#2806 = FACE_BOUND('',#2807,.F.);
#2807 = EDGE_LOOP('',(#2808,#2816,#2817,#2818));
#2808 = ORIENTED_EDGE('',*,*,#2809,.F.);
#2809 = EDGE_CURVE('',#1119,#2810,#2812,.T.);
#2810 = VERTEX_POINT('',#2811);
#2811 = CARTESIAN_POINT('',(-71.05,-33.15,-70.));
#2812 = LINE('',#2813,#2814);
#2813 = CARTESIAN_POINT('',(-71.05,-33.15,0.));
#2814 = VECTOR('',#2815,1.);
#2815 = DIRECTION('',(0.,0.,-1.));
#2816 = ORIENTED_EDGE('',*,*,#1118,.F.);
#2817 = ORIENTED_EDGE('',*,*,#997,.T.);
#2818 = ORIENTED_EDGE('',*,*,#2819,.F.);
#2819 = EDGE_CURVE('',#2810,#998,#2820,.T.);
#2820 = CIRCLE('',#2821,2.);
#2821 = AXIS2_PLACEMENT_3D('',#2822,#2823,#2824);
#2822 = CARTESIAN_POINT('',(-71.05,-35.15,-70.));
#2823 = DIRECTION('',(0.,-0.,1.));
#2824 = DIRECTION('',(0.,1.,0.));
#2825 = CYLINDRICAL_SURFACE('',#2826,2.);
#2826 = AXIS2_PLACEMENT_3D('',#2827,#2828,#2829);
#2827 = CARTESIAN_POINT('',(-71.05,-35.15,0.));
#2828 = DIRECTION('',(0.,0.,-1.));
#2829 = DIRECTION('',(0.,1.,0.));
#2830 = ADVANCED_FACE('',(#2831,#2876),#2910,.F.);
#2831 = FACE_BOUND('',#2832,.F.);
#2832 = EDGE_LOOP('',(#2833,#2841,#2850,#2858,#2867,#2873,#2874,#2875));
#2833 = ORIENTED_EDGE('',*,*,#2834,.T.);
#2834 = EDGE_CURVE('',#2785,#2835,#2837,.T.);
#2835 = VERTEX_POINT('',#2836);
#2836 = CARTESIAN_POINT('',(100.95,-71.15,-70.));
#2837 = LINE('',#2838,#2839);
#2838 = CARTESIAN_POINT('',(-73.05,-71.15,-70.));
#2839 = VECTOR('',#2840,1.);
#2840 = DIRECTION('',(1.,0.,0.));
#2841 = ORIENTED_EDGE('',*,*,#2842,.T.);
#2842 = EDGE_CURVE('',#2835,#2843,#2845,.T.);
#2843 = VERTEX_POINT('',#2844);
#2844 = CARTESIAN_POINT('',(102.95,-69.15,-70.));
#2845 = CIRCLE('',#2846,2.);
#2846 = AXIS2_PLACEMENT_3D('',#2847,#2848,#2849);
#2847 = CARTESIAN_POINT('',(100.95,-69.15,-70.));
#2848 = DIRECTION('',(0.,-0.,1.));
#2849 = DIRECTION('',(0.,1.,0.));
#2850 = ORIENTED_EDGE('',*,*,#2851,.T.);
#2851 = EDGE_CURVE('',#2843,#2852,#2854,.T.);
#2852 = VERTEX_POINT('',#2853);
#2853 = CARTESIAN_POINT('',(102.95,-35.15,-70.));
#2854 = LINE('',#2855,#2856);
#2855 = CARTESIAN_POINT('',(102.95,-71.15,-70.));
#2856 = VECTOR('',#2857,1.);
#2857 = DIRECTION('',(0.,1.,0.));
#2858 = ORIENTED_EDGE('',*,*,#2859,.T.);
#2859 = EDGE_CURVE('',#2852,#2860,#2862,.T.);
#2860 = VERTEX_POINT('',#2861);
#2861 = CARTESIAN_POINT('',(100.95,-33.15,-70.));
#2862 = CIRCLE('',#2863,2.);
#2863 = AXIS2_PLACEMENT_3D('',#2864,#2865,#2866);
#2864 = CARTESIAN_POINT('',(100.95,-35.15,-70.));
#2865 = DIRECTION('',(0.,-0.,1.));
#2866 = DIRECTION('',(0.,1.,0.));
#2867 = ORIENTED_EDGE('',*,*,#2868,.F.);
#2868 = EDGE_CURVE('',#2810,#2860,#2869,.T.);
#2869 = LINE('',#2870,#2871);
#2870 = CARTESIAN_POINT('',(-73.05,-33.15,-70.));
#2871 = VECTOR('',#2872,1.);
#2872 = DIRECTION('',(1.,0.,0.));
#2873 = ORIENTED_EDGE('',*,*,#2819,.T.);
#2874 = ORIENTED_EDGE('',*,*,#1005,.F.);
#2875 = ORIENTED_EDGE('',*,*,#2794,.F.);
#2876 = FACE_BOUND('',#2877,.F.);
#2877 = EDGE_LOOP('',(#2878,#2888,#2896,#2904));
#2878 = ORIENTED_EDGE('',*,*,#2879,.T.);
#2879 = EDGE_CURVE('',#2880,#2882,#2884,.T.);
#2880 = VERTEX_POINT('',#2881);
#2881 = CARTESIAN_POINT('',(-70.05,-68.15,-70.));
#2882 = VERTEX_POINT('',#2883);
#2883 = CARTESIAN_POINT('',(-70.05,-36.15,-70.));
#2884 = LINE('',#2885,#2886);
#2885 = CARTESIAN_POINT('',(-70.05,-68.15,-70.));
#2886 = VECTOR('',#2887,1.);
#2887 = DIRECTION('',(0.,1.,0.));
#2888 = ORIENTED_EDGE('',*,*,#2889,.F.);
#2889 = EDGE_CURVE('',#2890,#2882,#2892,.T.);
#2890 = VERTEX_POINT('',#2891);
#2891 = CARTESIAN_POINT('',(99.95,-36.15,-70.));
#2892 = LINE('',#2893,#2894);
#2893 = CARTESIAN_POINT('',(99.95,-36.15,-70.));
#2894 = VECTOR('',#2895,1.);
#2895 = DIRECTION('',(-1.,0.,0.));
#2896 = ORIENTED_EDGE('',*,*,#2897,.F.);
#2897 = EDGE_CURVE('',#2898,#2890,#2900,.T.);
#2898 = VERTEX_POINT('',#2899);
#2899 = CARTESIAN_POINT('',(99.95,-68.15,-70.));
#2900 = LINE('',#2901,#2902);
#2901 = CARTESIAN_POINT('',(99.95,-68.15,-70.));
#2902 = VECTOR('',#2903,1.);
#2903 = DIRECTION('',(0.,1.,0.));
#2904 = ORIENTED_EDGE('',*,*,#2905,.F.);
#2905 = EDGE_CURVE('',#2880,#2898,#2906,.T.);
#2906 = LINE('',#2907,#2908);
#2907 = CARTESIAN_POINT('',(-70.05,-68.15,-70.));
#2908 = VECTOR('',#2909,1.);
#2909 = DIRECTION('',(1.,0.,0.));
#2910 = PLANE('',#2911);
#2911 = AXIS2_PLACEMENT_3D('',#2912,#2913,#2914);
#2912 = CARTESIAN_POINT('',(14.95,-52.15,-70.));
#2913 = DIRECTION('',(0.,0.,1.));
#2914 = DIRECTION('',(1.,0.,0.));
#2915 = ADVANCED_FACE('',(#2916),#2941,.T.);
#2916 = FACE_BOUND('',#2917,.T.);
#2917 = EDGE_LOOP('',(#2918,#2919,#2927,#2935));
#2918 = ORIENTED_EDGE('',*,*,#1045,.F.);
#2919 = ORIENTED_EDGE('',*,*,#2920,.T.);
#2920 = EDGE_CURVE('',#1046,#2921,#2923,.T.);
#2921 = VERTEX_POINT('',#2922);
#2922 = CARTESIAN_POINT('',(-70.05,-38.15,-5.));
#2923 = LINE('',#2924,#2925);
#2924 = CARTESIAN_POINT('',(-73.05,-38.15,-5.));
#2925 = VECTOR('',#2926,1.);
#2926 = DIRECTION('',(1.,0.,0.));
#2927 = ORIENTED_EDGE('',*,*,#2928,.F.);
#2928 = EDGE_CURVE('',#2929,#2921,#2931,.T.);
#2929 = VERTEX_POINT('',#2930);
#2930 = CARTESIAN_POINT('',(-70.05,-66.15,-5.));
#2931 = LINE('',#2932,#2933);
#2932 = CARTESIAN_POINT('',(-70.05,-45.15,-5.));
#2933 = VECTOR('',#2934,1.);
#2934 = DIRECTION('',(0.,1.,0.));
#2935 = ORIENTED_EDGE('',*,*,#2936,.F.);
#2936 = EDGE_CURVE('',#1048,#2929,#2937,.T.);
#2937 = LINE('',#2938,#2939);
#2938 = CARTESIAN_POINT('',(-73.05,-66.15,-5.));
#2939 = VECTOR('',#2940,1.);
#2940 = DIRECTION('',(1.,0.,0.));
#2941 = PLANE('',#2942);
#2942 = AXIS2_PLACEMENT_3D('',#2943,#2944,#2945);
#2943 = CARTESIAN_POINT('',(-73.05,-38.15,-5.));
#2944 = DIRECTION('',(0.,0.,-1.));
#2945 = DIRECTION('',(0.,-1.,0.));
#2946 = ADVANCED_FACE('',(#2947),#2965,.T.);
#2947 = FACE_BOUND('',#2948,.T.);
#2948 = EDGE_LOOP('',(#2949,#2950,#2951,#2959));
#2949 = ORIENTED_EDGE('',*,*,#1055,.F.);
#2950 = ORIENTED_EDGE('',*,*,#2936,.T.);
#2951 = ORIENTED_EDGE('',*,*,#2952,.F.);
#2952 = EDGE_CURVE('',#2953,#2929,#2955,.T.);
#2953 = VERTEX_POINT('',#2954);
#2954 = CARTESIAN_POINT('',(-70.05,-66.15,-20.51752500005));
#2955 = LINE('',#2956,#2957);
#2956 = CARTESIAN_POINT('',(-70.05,-66.15,-19.2));
#2957 = VECTOR('',#2958,1.);
#2958 = DIRECTION('',(0.,0.,1.));
#2959 = ORIENTED_EDGE('',*,*,#2960,.F.);
#2960 = EDGE_CURVE('',#1056,#2953,#2961,.T.);
#2961 = LINE('',#2962,#2963);
#2962 = CARTESIAN_POINT('',(-73.05,-66.15,-20.51752500005));
#2963 = VECTOR('',#2964,1.);
#2964 = DIRECTION('',(1.,0.,0.));
#2965 = PLANE('',#2966);
#2966 = AXIS2_PLACEMENT_3D('',#2967,#2968,#2969);
#2967 = CARTESIAN_POINT('',(-73.05,-66.15,-5.));
#2968 = DIRECTION('',(0.,1.,0.));
#2969 = DIRECTION('',(0.,0.,-1.));
#2970 = ADVANCED_FACE('',(#2971),#2989,.T.);
#2971 = FACE_BOUND('',#2972,.T.);
#2972 = EDGE_LOOP('',(#2973,#2974,#2975,#2983));
#2973 = ORIENTED_EDGE('',*,*,#1063,.F.);
#2974 = ORIENTED_EDGE('',*,*,#2960,.T.);
#2975 = ORIENTED_EDGE('',*,*,#2976,.F.);
#2976 = EDGE_CURVE('',#2977,#2953,#2979,.T.);
#2977 = VERTEX_POINT('',#2978);
#2978 = CARTESIAN_POINT('',(-70.05,-52.15,-34.51752500005));
#2979 = LINE('',#2980,#2981);
#2980 = CARTESIAN_POINT('',(-70.05,-59.42938125001,-27.23814375003));
#2981 = VECTOR('',#2982,1.);
#2982 = DIRECTION('',(0.,-0.707106781187,0.707106781187));
#2983 = ORIENTED_EDGE('',*,*,#2984,.F.);
#2984 = EDGE_CURVE('',#1064,#2977,#2985,.T.);
#2985 = LINE('',#2986,#2987);
#2986 = CARTESIAN_POINT('',(-73.05,-52.15,-34.51752500005));
#2987 = VECTOR('',#2988,1.);
#2988 = DIRECTION('',(1.,0.,0.));
#2989 = PLANE('',#2990);
#2990 = AXIS2_PLACEMENT_3D('',#2991,#2992,#2993);
#2991 = CARTESIAN_POINT('',(-73.05,-66.15,-20.51752500005));
#2992 = DIRECTION('',(0.,0.707106781187,0.707106781187));
#2993 = DIRECTION('',(0.,0.707106781187,-0.707106781187));
#2994 = ADVANCED_FACE('',(#2995),#3013,.F.);
#2995 = FACE_BOUND('',#2996,.F.);
#2996 = EDGE_LOOP('',(#2997,#2998,#3006,#3012));
#2997 = ORIENTED_EDGE('',*,*,#1071,.F.);
#2998 = ORIENTED_EDGE('',*,*,#2999,.T.);
#2999 = EDGE_CURVE('',#1072,#3000,#3002,.T.);
#3000 = VERTEX_POINT('',#3001);
#3001 = CARTESIAN_POINT('',(-70.05,-38.15,-20.51752500005));
#3002 = LINE('',#3003,#3004);
#3003 = CARTESIAN_POINT('',(-73.05,-38.15,-20.51752500005));
#3004 = VECTOR('',#3005,1.);
#3005 = DIRECTION('',(1.,0.,0.));
#3006 = ORIENTED_EDGE('',*,*,#3007,.F.);
#3007 = EDGE_CURVE('',#2977,#3000,#3008,.T.);
#3008 = LINE('',#3009,#3010);
#3009 = CARTESIAN_POINT('',(-70.05,-44.87061874998,-27.23814375003));
#3010 = VECTOR('',#3011,1.);
#3011 = DIRECTION('',(0.,0.707106781187,0.707106781187));
#3012 = ORIENTED_EDGE('',*,*,#2984,.F.);
#3013 = PLANE('',#3014);
#3014 = AXIS2_PLACEMENT_3D('',#3015,#3016,#3017);
#3015 = CARTESIAN_POINT('',(-73.05,-38.15,-20.51752500005));
#3016 = DIRECTION('',(0.,0.707106781187,-0.707106781187));
#3017 = DIRECTION('',(0.,-0.707106781187,-0.707106781187));
#3018 = ADVANCED_FACE('',(#3019),#3030,.F.);
#3019 = FACE_BOUND('',#3020,.F.);
#3020 = EDGE_LOOP('',(#3021,#3022,#3023,#3029));
#3021 = ORIENTED_EDGE('',*,*,#1079,.F.);
#3022 = ORIENTED_EDGE('',*,*,#2920,.T.);
#3023 = ORIENTED_EDGE('',*,*,#3024,.F.);
#3024 = EDGE_CURVE('',#3000,#2921,#3025,.T.);
#3025 = LINE('',#3026,#3027);
#3026 = CARTESIAN_POINT('',(-70.05,-38.15,-19.2));
#3027 = VECTOR('',#3028,1.);
#3028 = DIRECTION('',(0.,0.,1.));
#3029 = ORIENTED_EDGE('',*,*,#2999,.F.);
#3030 = PLANE('',#3031);
#3031 = AXIS2_PLACEMENT_3D('',#3032,#3033,#3034);
#3032 = CARTESIAN_POINT('',(-73.05,-38.15,-5.));
#3033 = DIRECTION('',(0.,1.,0.));
#3034 = DIRECTION('',(0.,0.,-1.));
#3035 = ADVANCED_FACE('',(#3036),#3093,.F.);
#3036 = FACE_BOUND('',#3037,.F.);
#3037 = EDGE_LOOP('',(#3038,#3046,#3047,#3048,#3049,#3055,#3056,#3064,
    #3072,#3078,#3079,#3087));
#3038 = ORIENTED_EDGE('',*,*,#3039,.F.);
#3039 = EDGE_CURVE('',#1170,#3040,#3042,.T.);
#3040 = VERTEX_POINT('',#3041);
#3041 = CARTESIAN_POINT('',(-58.45,-33.15,-15.));
#3042 = LINE('',#3043,#3044);
#3043 = CARTESIAN_POINT('',(-58.45,-33.15,0.));
#3044 = VECTOR('',#3045,1.);
#3045 = DIRECTION('',(0.,0.,-1.));
#3046 = ORIENTED_EDGE('',*,*,#1177,.F.);
#3047 = ORIENTED_EDGE('',*,*,#2809,.T.);
#3048 = ORIENTED_EDGE('',*,*,#2868,.T.);
#3049 = ORIENTED_EDGE('',*,*,#3050,.F.);
#3050 = EDGE_CURVE('',#1633,#2860,#3051,.T.);
#3051 = LINE('',#3052,#3053);
#3052 = CARTESIAN_POINT('',(100.95,-33.15,0.));
#3053 = VECTOR('',#3054,1.);
#3054 = DIRECTION('',(0.,0.,-1.));
#3055 = ORIENTED_EDGE('',*,*,#1691,.F.);
#3056 = ORIENTED_EDGE('',*,*,#3057,.T.);
#3057 = EDGE_CURVE('',#1682,#3058,#3060,.T.);
#3058 = VERTEX_POINT('',#3059);
#3059 = CARTESIAN_POINT('',(46.550000000004,-33.15,-15.));
#3060 = LINE('',#3061,#3062);
#3061 = CARTESIAN_POINT('',(46.550000000004,-33.15,0.));
#3062 = VECTOR('',#3063,1.);
#3063 = DIRECTION('',(0.,0.,-1.));
#3064 = ORIENTED_EDGE('',*,*,#3065,.T.);
#3065 = EDGE_CURVE('',#3058,#3066,#3068,.T.);
#3066 = VERTEX_POINT('',#3067);
#3067 = CARTESIAN_POINT('',(31.549999999998,-33.15,-15.));
#3068 = LINE('',#3069,#3070);
#3069 = CARTESIAN_POINT('',(-17.,-33.15,-15.));
#3070 = VECTOR('',#3071,1.);
#3071 = DIRECTION('',(-1.,0.,0.));
#3072 = ORIENTED_EDGE('',*,*,#3073,.F.);
#3073 = EDGE_CURVE('',#1562,#3066,#3074,.T.);
#3074 = LINE('',#3075,#3076);
#3075 = CARTESIAN_POINT('',(31.549999999998,-33.15,0.));
#3076 = VECTOR('',#3077,1.);
#3077 = DIRECTION('',(0.,0.,-1.));
#3078 = ORIENTED_EDGE('',*,*,#1569,.F.);
#3079 = ORIENTED_EDGE('',*,*,#3080,.T.);
#3080 = EDGE_CURVE('',#1512,#3081,#3083,.T.);
#3081 = VERTEX_POINT('',#3082);
#3082 = CARTESIAN_POINT('',(-43.45,-33.15,-15.));
#3083 = LINE('',#3084,#3085);
#3084 = CARTESIAN_POINT('',(-43.45,-33.15,0.));
#3085 = VECTOR('',#3086,1.);
#3086 = DIRECTION('',(0.,0.,-1.));
#3087 = ORIENTED_EDGE('',*,*,#3088,.T.);
#3088 = EDGE_CURVE('',#3081,#3040,#3089,.T.);
#3089 = LINE('',#3090,#3091);
#3090 = CARTESIAN_POINT('',(-62.,-33.15,-15.));
#3091 = VECTOR('',#3092,1.);
#3092 = DIRECTION('',(-1.,0.,0.));
#3093 = PLANE('',#3094);
#3094 = AXIS2_PLACEMENT_3D('',#3095,#3096,#3097);
#3095 = CARTESIAN_POINT('',(-73.05,-33.15,0.));
#3096 = DIRECTION('',(0.,-1.,0.));
#3097 = DIRECTION('',(1.,0.,0.));
#3098 = ADVANCED_FACE('',(#3099),#3118,.F.);
#3099 = FACE_BOUND('',#3100,.T.);
#3100 = EDGE_LOOP('',(#3101,#3102,#3103,#3111));
#3101 = ORIENTED_EDGE('',*,*,#3039,.F.);
#3102 = ORIENTED_EDGE('',*,*,#1226,.T.);
#3103 = ORIENTED_EDGE('',*,*,#3104,.T.);
#3104 = EDGE_CURVE('',#1219,#3105,#3107,.T.);
#3105 = VERTEX_POINT('',#3106);
#3106 = CARTESIAN_POINT('',(-56.45,-31.15,-15.));
#3107 = LINE('',#3108,#3109);
#3108 = CARTESIAN_POINT('',(-56.45,-31.15,0.));
#3109 = VECTOR('',#3110,1.);
#3110 = DIRECTION('',(0.,0.,-1.));
#3111 = ORIENTED_EDGE('',*,*,#3112,.F.);
#3112 = EDGE_CURVE('',#3040,#3105,#3113,.T.);
#3113 = CIRCLE('',#3114,2.);
#3114 = AXIS2_PLACEMENT_3D('',#3115,#3116,#3117);
#3115 = CARTESIAN_POINT('',(-58.45,-31.15,-15.));
#3116 = DIRECTION('',(0.,-0.,1.));
#3117 = DIRECTION('',(0.,1.,0.));
#3118 = CYLINDRICAL_SURFACE('',#3119,2.);
#3119 = AXIS2_PLACEMENT_3D('',#3120,#3121,#3122);
#3120 = CARTESIAN_POINT('',(-58.45,-31.15,0.));
#3121 = DIRECTION('',(0.,0.,-1.));
#3122 = DIRECTION('',(0.,-1.,0.));
#3123 = ADVANCED_FACE('',(#3124),#3142,.T.);
#3124 = FACE_BOUND('',#3125,.T.);
#3125 = EDGE_LOOP('',(#3126,#3127,#3128,#3136));
#3126 = ORIENTED_EDGE('',*,*,#3104,.F.);
#3127 = ORIENTED_EDGE('',*,*,#1275,.T.);
#3128 = ORIENTED_EDGE('',*,*,#3129,.T.);
#3129 = EDGE_CURVE('',#1268,#3130,#3132,.T.);
#3130 = VERTEX_POINT('',#3131);
#3131 = CARTESIAN_POINT('',(-56.45,-22.15,-15.));
#3132 = LINE('',#3133,#3134);
#3133 = CARTESIAN_POINT('',(-56.45,-22.15,0.));
#3134 = VECTOR('',#3135,1.);
#3135 = DIRECTION('',(0.,0.,-1.));
#3136 = ORIENTED_EDGE('',*,*,#3137,.F.);
#3137 = EDGE_CURVE('',#3105,#3130,#3138,.T.);
#3138 = LINE('',#3139,#3140);
#3139 = CARTESIAN_POINT('',(-56.45,-31.15,-15.));
#3140 = VECTOR('',#3141,1.);
#3141 = DIRECTION('',(0.,1.,0.));
#3142 = PLANE('',#3143);
#3143 = AXIS2_PLACEMENT_3D('',#3144,#3145,#3146);
#3144 = CARTESIAN_POINT('',(-56.45,-26.65,-7.5));
#3145 = DIRECTION('',(-1.,8.164409319551E-16,0.));
#3146 = DIRECTION('',(-8.164409319551E-16,-1.,0.));
#3147 = ADVANCED_FACE('',(#3148),#3167,.T.);
#3148 = FACE_BOUND('',#3149,.F.);
#3149 = EDGE_LOOP('',(#3150,#3158,#3159,#3160));
#3150 = ORIENTED_EDGE('',*,*,#3151,.F.);
#3151 = EDGE_CURVE('',#1317,#3152,#3154,.T.);
#3152 = VERTEX_POINT('',#3153);
#3153 = CARTESIAN_POINT('',(-54.45,-20.15,-15.));
#3154 = LINE('',#3155,#3156);
#3155 = CARTESIAN_POINT('',(-54.45,-20.15,0.));
#3156 = VECTOR('',#3157,1.);
#3157 = DIRECTION('',(0.,0.,-1.));
#3158 = ORIENTED_EDGE('',*,*,#1324,.F.);
#3159 = ORIENTED_EDGE('',*,*,#3129,.T.);
#3160 = ORIENTED_EDGE('',*,*,#3161,.F.);
#3161 = EDGE_CURVE('',#3152,#3130,#3162,.T.);
#3162 = CIRCLE('',#3163,2.);
#3163 = AXIS2_PLACEMENT_3D('',#3164,#3165,#3166);
#3164 = CARTESIAN_POINT('',(-54.45,-22.15,-15.));
#3165 = DIRECTION('',(0.,-0.,1.));
#3166 = DIRECTION('',(0.,1.,0.));
#3167 = CYLINDRICAL_SURFACE('',#3168,2.);
#3168 = AXIS2_PLACEMENT_3D('',#3169,#3170,#3171);
#3169 = CARTESIAN_POINT('',(-54.45,-22.15,0.));
#3170 = DIRECTION('',(0.,0.,-1.));
#3171 = DIRECTION('',(0.,1.,0.));
#3172 = ADVANCED_FACE('',(#3173),#3191,.F.);
#3173 = FACE_BOUND('',#3174,.F.);
#3174 = EDGE_LOOP('',(#3175,#3176,#3184,#3190));
#3175 = ORIENTED_EDGE('',*,*,#3151,.T.);
#3176 = ORIENTED_EDGE('',*,*,#3177,.T.);
#3177 = EDGE_CURVE('',#3152,#3178,#3180,.T.);
#3178 = VERTEX_POINT('',#3179);
#3179 = CARTESIAN_POINT('',(-47.45,-20.15,-15.));
#3180 = LINE('',#3181,#3182);
#3181 = CARTESIAN_POINT('',(-56.45,-20.15,-15.));
#3182 = VECTOR('',#3183,1.);
#3183 = DIRECTION('',(1.,0.,0.));
#3184 = ORIENTED_EDGE('',*,*,#3185,.F.);
#3185 = EDGE_CURVE('',#1366,#3178,#3186,.T.);
#3186 = LINE('',#3187,#3188);
#3187 = CARTESIAN_POINT('',(-47.45,-20.15,0.));
#3188 = VECTOR('',#3189,1.);
#3189 = DIRECTION('',(0.,0.,-1.));
#3190 = ORIENTED_EDGE('',*,*,#1373,.F.);
#3191 = PLANE('',#3192);
#3192 = AXIS2_PLACEMENT_3D('',#3193,#3194,#3195);
#3193 = CARTESIAN_POINT('',(-56.45,-20.15,0.));
#3194 = DIRECTION('',(0.,-1.,0.));
#3195 = DIRECTION('',(1.,0.,0.));
#3196 = ADVANCED_FACE('',(#3197),#3216,.T.);
#3197 = FACE_BOUND('',#3198,.T.);
#3198 = EDGE_LOOP('',(#3199,#3200,#3201,#3209));
#3199 = ORIENTED_EDGE('',*,*,#3185,.F.);
#3200 = ORIENTED_EDGE('',*,*,#1421,.T.);
#3201 = ORIENTED_EDGE('',*,*,#3202,.T.);
#3202 = EDGE_CURVE('',#1414,#3203,#3205,.T.);
#3203 = VERTEX_POINT('',#3204);
#3204 = CARTESIAN_POINT('',(-45.45,-22.15,-15.));
#3205 = LINE('',#3206,#3207);
#3206 = CARTESIAN_POINT('',(-45.45,-22.15,0.));
#3207 = VECTOR('',#3208,1.);
#3208 = DIRECTION('',(0.,0.,-1.));
#3209 = ORIENTED_EDGE('',*,*,#3210,.F.);
#3210 = EDGE_CURVE('',#3178,#3203,#3211,.T.);
#3211 = CIRCLE('',#3212,2.);
#3212 = AXIS2_PLACEMENT_3D('',#3213,#3214,#3215);
#3213 = CARTESIAN_POINT('',(-47.45,-22.15,-15.));
#3214 = DIRECTION('',(0.,0.,-1.));
#3215 = DIRECTION('',(0.,1.,0.));
#3216 = CYLINDRICAL_SURFACE('',#3217,2.);
#3217 = AXIS2_PLACEMENT_3D('',#3218,#3219,#3220);
#3218 = CARTESIAN_POINT('',(-47.45,-22.15,0.));
#3219 = DIRECTION('',(0.,0.,-1.));
#3220 = DIRECTION('',(0.,1.,0.));
#3221 = ADVANCED_FACE('',(#3222),#3240,.T.);
#3222 = FACE_BOUND('',#3223,.T.);
#3223 = EDGE_LOOP('',(#3224,#3225,#3226,#3234));
#3224 = ORIENTED_EDGE('',*,*,#3202,.F.);
#3225 = ORIENTED_EDGE('',*,*,#1471,.T.);
#3226 = ORIENTED_EDGE('',*,*,#3227,.T.);
#3227 = EDGE_CURVE('',#1464,#3228,#3230,.T.);
#3228 = VERTEX_POINT('',#3229);
#3229 = CARTESIAN_POINT('',(-45.45,-31.15,-15.));
#3230 = LINE('',#3231,#3232);
#3231 = CARTESIAN_POINT('',(-45.45,-31.15,0.));
#3232 = VECTOR('',#3233,1.);
#3233 = DIRECTION('',(0.,0.,-1.));
#3234 = ORIENTED_EDGE('',*,*,#3235,.T.);
#3235 = EDGE_CURVE('',#3228,#3203,#3236,.T.);
#3236 = LINE('',#3237,#3238);
#3237 = CARTESIAN_POINT('',(-45.45,-4.149999999991,-15.));
#3238 = VECTOR('',#3239,1.);
#3239 = DIRECTION('',(0.,1.,0.));
#3240 = PLANE('',#3241);
#3241 = AXIS2_PLACEMENT_3D('',#3242,#3243,#3244);
#3242 = CARTESIAN_POINT('',(-45.45,-26.65,-7.5));
#3243 = DIRECTION('',(1.,8.164409319551E-16,0.));
#3244 = DIRECTION('',(-8.164409319551E-16,1.,0.));
#3245 = ADVANCED_FACE('',(#3246),#3257,.T.);
#3246 = FACE_BOUND('',#3247,.T.);
#3247 = EDGE_LOOP('',(#3248,#3249,#3250,#3256));
#3248 = ORIENTED_EDGE('',*,*,#2784,.T.);
#3249 = ORIENTED_EDGE('',*,*,#2834,.T.);
#3250 = ORIENTED_EDGE('',*,*,#3251,.F.);
#3251 = EDGE_CURVE('',#1486,#2835,#3252,.T.);
#3252 = LINE('',#3253,#3254);
#3253 = CARTESIAN_POINT('',(100.95,-71.15,0.));
#3254 = VECTOR('',#3255,1.);
#3255 = DIRECTION('',(0.,0.,-1.));
#3256 = ORIENTED_EDGE('',*,*,#1495,.T.);
#3257 = PLANE('',#3258);
#3258 = AXIS2_PLACEMENT_3D('',#3259,#3260,#3261);
#3259 = CARTESIAN_POINT('',(-73.05,-71.15,0.));
#3260 = DIRECTION('',(0.,-1.,0.));
#3261 = DIRECTION('',(1.,0.,0.));
#3262 = ADVANCED_FACE('',(#3263),#3275,.F.);
#3263 = FACE_BOUND('',#3264,.F.);
#3264 = EDGE_LOOP('',(#3265,#3266,#3267,#3268));
#3265 = ORIENTED_EDGE('',*,*,#3080,.F.);
#3266 = ORIENTED_EDGE('',*,*,#1519,.F.);
#3267 = ORIENTED_EDGE('',*,*,#3227,.T.);
#3268 = ORIENTED_EDGE('',*,*,#3269,.F.);
#3269 = EDGE_CURVE('',#3081,#3228,#3270,.T.);
#3270 = CIRCLE('',#3271,2.);
#3271 = AXIS2_PLACEMENT_3D('',#3272,#3273,#3274);
#3272 = CARTESIAN_POINT('',(-43.45,-31.15,-15.));
#3273 = DIRECTION('',(0.,0.,-1.));
#3274 = DIRECTION('',(0.,1.,0.));
#3275 = CYLINDRICAL_SURFACE('',#3276,2.);
#3276 = AXIS2_PLACEMENT_3D('',#3277,#3278,#3279);
#3277 = CARTESIAN_POINT('',(-43.45,-31.15,0.));
#3278 = DIRECTION('',(0.,0.,-1.));
#3279 = DIRECTION('',(0.,-1.,0.));
#3280 = ADVANCED_FACE('',(#3281),#3292,.T.);
#3281 = FACE_BOUND('',#3282,.F.);
#3282 = EDGE_LOOP('',(#3283,#3284,#3285,#3291));
#3283 = ORIENTED_EDGE('',*,*,#3251,.F.);
#3284 = ORIENTED_EDGE('',*,*,#1544,.F.);
#3285 = ORIENTED_EDGE('',*,*,#3286,.T.);
#3286 = EDGE_CURVE('',#1535,#2843,#3287,.T.);
#3287 = LINE('',#3288,#3289);
#3288 = CARTESIAN_POINT('',(102.95,-69.15,0.));
#3289 = VECTOR('',#3290,1.);
#3290 = DIRECTION('',(0.,0.,-1.));
#3291 = ORIENTED_EDGE('',*,*,#2842,.F.);
#3292 = CYLINDRICAL_SURFACE('',#3293,2.);
#3293 = AXIS2_PLACEMENT_3D('',#3294,#3295,#3296);
#3294 = CARTESIAN_POINT('',(100.95,-69.15,0.));
#3295 = DIRECTION('',(0.,0.,-1.));
#3296 = DIRECTION('',(0.,-1.,0.));
#3297 = ADVANCED_FACE('',(#3298),#3309,.T.);
#3298 = FACE_BOUND('',#3299,.T.);
#3299 = EDGE_LOOP('',(#3300,#3301,#3302,#3308));
#3300 = ORIENTED_EDGE('',*,*,#3286,.T.);
#3301 = ORIENTED_EDGE('',*,*,#2851,.T.);
#3302 = ORIENTED_EDGE('',*,*,#3303,.F.);
#3303 = EDGE_CURVE('',#1584,#2852,#3304,.T.);
#3304 = LINE('',#3305,#3306);
#3305 = CARTESIAN_POINT('',(102.95,-35.15,0.));
#3306 = VECTOR('',#3307,1.);
#3307 = DIRECTION('',(0.,0.,-1.));
#3308 = ORIENTED_EDGE('',*,*,#1593,.T.);
#3309 = PLANE('',#3310);
#3310 = AXIS2_PLACEMENT_3D('',#3311,#3312,#3313);
#3311 = CARTESIAN_POINT('',(102.95,-71.15,0.));
#3312 = DIRECTION('',(1.,0.,0.));
#3313 = DIRECTION('',(0.,1.,0.));
#3314 = ADVANCED_FACE('',(#3315),#3334,.F.);
#3315 = FACE_BOUND('',#3316,.T.);
#3316 = EDGE_LOOP('',(#3317,#3318,#3319,#3327));
#3317 = ORIENTED_EDGE('',*,*,#3073,.F.);
#3318 = ORIENTED_EDGE('',*,*,#1617,.T.);
#3319 = ORIENTED_EDGE('',*,*,#3320,.T.);
#3320 = EDGE_CURVE('',#1610,#3321,#3323,.T.);
#3321 = VERTEX_POINT('',#3322);
#3322 = CARTESIAN_POINT('',(33.549999999998,-31.15,-15.));
#3323 = LINE('',#3324,#3325);
#3324 = CARTESIAN_POINT('',(33.549999999998,-31.15,0.));
#3325 = VECTOR('',#3326,1.);
#3326 = DIRECTION('',(0.,0.,-1.));
#3327 = ORIENTED_EDGE('',*,*,#3328,.F.);
#3328 = EDGE_CURVE('',#3066,#3321,#3329,.T.);
#3329 = CIRCLE('',#3330,2.);
#3330 = AXIS2_PLACEMENT_3D('',#3331,#3332,#3333);
#3331 = CARTESIAN_POINT('',(31.549999999998,-31.15,-15.));
#3332 = DIRECTION('',(0.,-0.,1.));
#3333 = DIRECTION('',(0.,1.,0.));
#3334 = CYLINDRICAL_SURFACE('',#3335,2.);
#3335 = AXIS2_PLACEMENT_3D('',#3336,#3337,#3338);
#3336 = CARTESIAN_POINT('',(31.549999999998,-31.15,0.));
#3337 = DIRECTION('',(0.,0.,-1.));
#3338 = DIRECTION('',(0.,-1.,0.));
#3339 = ADVANCED_FACE('',(#3340),#3346,.T.);
#3340 = FACE_BOUND('',#3341,.F.);
#3341 = EDGE_LOOP('',(#3342,#3343,#3344,#3345));
#3342 = ORIENTED_EDGE('',*,*,#3303,.F.);
#3343 = ORIENTED_EDGE('',*,*,#1642,.F.);
#3344 = ORIENTED_EDGE('',*,*,#3050,.T.);
#3345 = ORIENTED_EDGE('',*,*,#2859,.F.);
#3346 = CYLINDRICAL_SURFACE('',#3347,2.);
#3347 = AXIS2_PLACEMENT_3D('',#3348,#3349,#3350);
#3348 = CARTESIAN_POINT('',(100.95,-35.15,0.));
#3349 = DIRECTION('',(0.,0.,-1.));
#3350 = DIRECTION('',(1.,0.,0.));
#3351 = ADVANCED_FACE('',(#3352),#3370,.T.);
#3352 = FACE_BOUND('',#3353,.T.);
#3353 = EDGE_LOOP('',(#3354,#3355,#3356,#3364));
#3354 = ORIENTED_EDGE('',*,*,#3320,.F.);
#3355 = ORIENTED_EDGE('',*,*,#1667,.T.);
#3356 = ORIENTED_EDGE('',*,*,#3357,.T.);
#3357 = EDGE_CURVE('',#1660,#3358,#3360,.T.);
#3358 = VERTEX_POINT('',#3359);
#3359 = CARTESIAN_POINT('',(33.549999999996,-22.14999999999,-15.));
#3360 = LINE('',#3361,#3362);
#3361 = CARTESIAN_POINT('',(33.549999999996,-22.14999999999,0.));
#3362 = VECTOR('',#3363,1.);
#3363 = DIRECTION('',(0.,0.,-1.));
#3364 = ORIENTED_EDGE('',*,*,#3365,.F.);
#3365 = EDGE_CURVE('',#3321,#3358,#3366,.T.);
#3366 = LINE('',#3367,#3368);
#3367 = CARTESIAN_POINT('',(33.549999999996,-31.15,-15.));
#3368 = VECTOR('',#3369,1.);
#3369 = DIRECTION('',(0.,1.,0.));
#3370 = PLANE('',#3371);
#3371 = AXIS2_PLACEMENT_3D('',#3372,#3373,#3374);
#3372 = CARTESIAN_POINT('',(33.549999999997,-26.64999999999,-7.5));
#3373 = DIRECTION('',(-1.,-2.220719334916E-13,-0.));
#3374 = DIRECTION('',(2.220719334916E-13,-1.,0.));
#3375 = ADVANCED_FACE('',(#3376),#3395,.T.);
#3376 = FACE_BOUND('',#3377,.F.);
#3377 = EDGE_LOOP('',(#3378,#3386,#3387,#3388));
#3378 = ORIENTED_EDGE('',*,*,#3379,.F.);
#3379 = EDGE_CURVE('',#1708,#3380,#3382,.T.);
#3380 = VERTEX_POINT('',#3381);
#3381 = CARTESIAN_POINT('',(35.549999999996,-20.14999999999,-15.));
#3382 = LINE('',#3383,#3384);
#3383 = CARTESIAN_POINT('',(35.549999999996,-20.14999999999,0.));
#3384 = VECTOR('',#3385,1.);
#3385 = DIRECTION('',(0.,0.,-1.));
#3386 = ORIENTED_EDGE('',*,*,#1715,.F.);
#3387 = ORIENTED_EDGE('',*,*,#3357,.T.);
#3388 = ORIENTED_EDGE('',*,*,#3389,.F.);
#3389 = EDGE_CURVE('',#3380,#3358,#3390,.T.);
#3390 = CIRCLE('',#3391,2.);
#3391 = AXIS2_PLACEMENT_3D('',#3392,#3393,#3394);
#3392 = CARTESIAN_POINT('',(35.549999999996,-22.14999999999,-15.));
#3393 = DIRECTION('',(0.,-0.,1.));
#3394 = DIRECTION('',(0.,1.,0.));
#3395 = CYLINDRICAL_SURFACE('',#3396,2.);
#3396 = AXIS2_PLACEMENT_3D('',#3397,#3398,#3399);
#3397 = CARTESIAN_POINT('',(35.549999999996,-22.14999999999,0.));
#3398 = DIRECTION('',(0.,0.,-1.));
#3399 = DIRECTION('',(0.,1.,0.));
#3400 = ADVANCED_FACE('',(#3401),#3420,.F.);
#3401 = FACE_BOUND('',#3402,.F.);
#3402 = EDGE_LOOP('',(#3403,#3404,#3405,#3413));
#3403 = ORIENTED_EDGE('',*,*,#3057,.F.);
#3404 = ORIENTED_EDGE('',*,*,#1740,.F.);
#3405 = ORIENTED_EDGE('',*,*,#3406,.T.);
#3406 = EDGE_CURVE('',#1731,#3407,#3409,.T.);
#3407 = VERTEX_POINT('',#3408);
#3408 = CARTESIAN_POINT('',(44.550000000004,-31.15,-15.));
#3409 = LINE('',#3410,#3411);
#3410 = CARTESIAN_POINT('',(44.550000000004,-31.15,0.));
#3411 = VECTOR('',#3412,1.);
#3412 = DIRECTION('',(0.,0.,-1.));
#3413 = ORIENTED_EDGE('',*,*,#3414,.F.);
#3414 = EDGE_CURVE('',#3058,#3407,#3415,.T.);
#3415 = CIRCLE('',#3416,2.);
#3416 = AXIS2_PLACEMENT_3D('',#3417,#3418,#3419);
#3417 = CARTESIAN_POINT('',(46.550000000004,-31.15,-15.));
#3418 = DIRECTION('',(0.,0.,-1.));
#3419 = DIRECTION('',(0.,1.,0.));
#3420 = CYLINDRICAL_SURFACE('',#3421,2.);
#3421 = AXIS2_PLACEMENT_3D('',#3422,#3423,#3424);
#3422 = CARTESIAN_POINT('',(46.550000000004,-31.15,0.));
#3423 = DIRECTION('',(0.,0.,-1.));
#3424 = DIRECTION('',(0.,-1.,0.));
#3425 = ADVANCED_FACE('',(#3426),#3444,.F.);
#3426 = FACE_BOUND('',#3427,.F.);
#3427 = EDGE_LOOP('',(#3428,#3429,#3437,#3443));
#3428 = ORIENTED_EDGE('',*,*,#3379,.T.);
#3429 = ORIENTED_EDGE('',*,*,#3430,.T.);
#3430 = EDGE_CURVE('',#3380,#3431,#3433,.T.);
#3431 = VERTEX_POINT('',#3432);
#3432 = CARTESIAN_POINT('',(42.550000000004,-20.14999999999,-15.));
#3433 = LINE('',#3434,#3435);
#3434 = CARTESIAN_POINT('',(33.549999999996,-20.14999999999,-15.));
#3435 = VECTOR('',#3436,1.);
#3436 = DIRECTION('',(1.,0.,0.));
#3437 = ORIENTED_EDGE('',*,*,#3438,.F.);
#3438 = EDGE_CURVE('',#1758,#3431,#3439,.T.);
#3439 = LINE('',#3440,#3441);
#3440 = CARTESIAN_POINT('',(42.550000000004,-20.14999999999,0.));
#3441 = VECTOR('',#3442,1.);
#3442 = DIRECTION('',(0.,0.,-1.));
#3443 = ORIENTED_EDGE('',*,*,#1765,.F.);
#3444 = PLANE('',#3445);
#3445 = AXIS2_PLACEMENT_3D('',#3446,#3447,#3448);
#3446 = CARTESIAN_POINT('',(33.549999999996,-20.14999999999,0.));
#3447 = DIRECTION('',(0.,-1.,0.));
#3448 = DIRECTION('',(1.,0.,0.));
#3449 = ADVANCED_FACE('',(#3450),#3468,.T.);
#3450 = FACE_BOUND('',#3451,.T.);
#3451 = EDGE_LOOP('',(#3452,#3460,#3461,#3462));
#3452 = ORIENTED_EDGE('',*,*,#3453,.F.);
#3453 = EDGE_CURVE('',#1780,#3454,#3456,.T.);
#3454 = VERTEX_POINT('',#3455);
#3455 = CARTESIAN_POINT('',(44.550000000004,-22.14999999999,-15.));
#3456 = LINE('',#3457,#3458);
#3457 = CARTESIAN_POINT('',(44.550000000004,-22.14999999999,0.));
#3458 = VECTOR('',#3459,1.);
#3459 = DIRECTION('',(0.,0.,-1.));
#3460 = ORIENTED_EDGE('',*,*,#1789,.T.);
#3461 = ORIENTED_EDGE('',*,*,#3406,.T.);
#3462 = ORIENTED_EDGE('',*,*,#3463,.T.);
#3463 = EDGE_CURVE('',#3407,#3454,#3464,.T.);
#3464 = LINE('',#3465,#3466);
#3465 = CARTESIAN_POINT('',(44.550000000004,-4.149999999993,-15.));
#3466 = VECTOR('',#3467,1.);
#3467 = DIRECTION('',(0.,1.,0.));
#3468 = PLANE('',#3469);
#3469 = AXIS2_PLACEMENT_3D('',#3470,#3471,#3472);
#3470 = CARTESIAN_POINT('',(44.550000000004,-26.64999999999,-7.5));
#3471 = DIRECTION('',(1.,-2.85754326184E-15,0.));
#3472 = DIRECTION('',(2.85754326184E-15,1.,0.));
#3473 = ADVANCED_FACE('',(#3474),#3486,.T.);
#3474 = FACE_BOUND('',#3475,.T.);
#3475 = EDGE_LOOP('',(#3476,#3477,#3478,#3479));
#3476 = ORIENTED_EDGE('',*,*,#3438,.F.);
#3477 = ORIENTED_EDGE('',*,*,#1806,.T.);
#3478 = ORIENTED_EDGE('',*,*,#3453,.T.);
#3479 = ORIENTED_EDGE('',*,*,#3480,.F.);
#3480 = EDGE_CURVE('',#3431,#3454,#3481,.T.);
#3481 = CIRCLE('',#3482,2.);
#3482 = AXIS2_PLACEMENT_3D('',#3483,#3484,#3485);
#3483 = CARTESIAN_POINT('',(42.550000000004,-22.14999999999,-15.));
#3484 = DIRECTION('',(0.,0.,-1.));
#3485 = DIRECTION('',(0.,1.,0.));
#3486 = CYLINDRICAL_SURFACE('',#3487,2.);
#3487 = AXIS2_PLACEMENT_3D('',#3488,#3489,#3490);
#3488 = CARTESIAN_POINT('',(42.550000000004,-22.14999999999,0.));
#3489 = DIRECTION('',(0.,0.,-1.));
#3490 = DIRECTION('',(0.,1.,0.));
#3491 = ADVANCED_FACE('',(#3492,#3495),#3506,.F.);
#3492 = FACE_BOUND('',#3493,.F.);
#3493 = EDGE_LOOP('',(#3494));
#3494 = ORIENTED_EDGE('',*,*,#1854,.F.);
#3495 = FACE_BOUND('',#3496,.F.);
#3496 = EDGE_LOOP('',(#3497));
#3497 = ORIENTED_EDGE('',*,*,#3498,.T.);
#3498 = EDGE_CURVE('',#3499,#3499,#3501,.T.);
#3499 = VERTEX_POINT('',#3500);
#3500 = CARTESIAN_POINT('',(34.9,-14.45,-7.6));
#3501 = CIRCLE('',#3502,2.1);
#3502 = AXIS2_PLACEMENT_3D('',#3503,#3504,#3505);
#3503 = CARTESIAN_POINT('',(32.8,-14.45,-7.6));
#3504 = DIRECTION('',(0.,0.,-1.));
#3505 = DIRECTION('',(1.,0.,0.));
#3506 = PLANE('',#3507);
#3507 = AXIS2_PLACEMENT_3D('',#3508,#3509,#3510);
#3508 = CARTESIAN_POINT('',(57.8,19.05,-7.6));
#3509 = DIRECTION('',(0.,0.,1.));
#3510 = DIRECTION('',(1.,0.,0.));
#3511 = ADVANCED_FACE('',(#3512,#3515),#3526,.F.);
#3512 = FACE_BOUND('',#3513,.F.);
#3513 = EDGE_LOOP('',(#3514));
#3514 = ORIENTED_EDGE('',*,*,#1879,.F.);
#3515 = FACE_BOUND('',#3516,.F.);
#3516 = EDGE_LOOP('',(#3517));
#3517 = ORIENTED_EDGE('',*,*,#3518,.T.);
#3518 = EDGE_CURVE('',#3519,#3519,#3521,.T.);
#3519 = VERTEX_POINT('',#3520);
#3520 = CARTESIAN_POINT('',(84.9,-18.45,-7.6));
#3521 = CIRCLE('',#3522,2.1);
#3522 = AXIS2_PLACEMENT_3D('',#3523,#3524,#3525);
#3523 = CARTESIAN_POINT('',(82.8,-18.45,-7.6));
#3524 = DIRECTION('',(0.,0.,-1.));
#3525 = DIRECTION('',(1.,0.,0.));
#3526 = PLANE('',#3527);
#3527 = AXIS2_PLACEMENT_3D('',#3528,#3529,#3530);
#3528 = CARTESIAN_POINT('',(57.8,19.05,-7.6));
#3529 = DIRECTION('',(0.,0.,1.));
#3530 = DIRECTION('',(1.,0.,0.));
#3531 = ADVANCED_FACE('',(#3532),#3558,.T.);
#3532 = FACE_BOUND('',#3533,.F.);
#3533 = EDGE_LOOP('',(#3534,#3542,#3543,#3551));
#3534 = ORIENTED_EDGE('',*,*,#3535,.F.);
#3535 = EDGE_CURVE('',#1947,#3536,#3538,.T.);
#3536 = VERTEX_POINT('',#3537);
#3537 = CARTESIAN_POINT('',(-67.44999999999,65.849999999992,-15.));
#3538 = LINE('',#3539,#3540);
#3539 = CARTESIAN_POINT('',(-67.44999999999,65.849999999992,0.));
#3540 = VECTOR('',#3541,1.);
#3541 = DIRECTION('',(0.,0.,-1.));
#3542 = ORIENTED_EDGE('',*,*,#1963,.T.);
#3543 = ORIENTED_EDGE('',*,*,#3544,.T.);
#3544 = EDGE_CURVE('',#1956,#3545,#3547,.T.);
#3545 = VERTEX_POINT('',#3546);
#3546 = CARTESIAN_POINT('',(-65.44999999999,67.849999999992,-15.));
#3547 = LINE('',#3548,#3549);
#3548 = CARTESIAN_POINT('',(-65.44999999999,67.849999999992,0.));
#3549 = VECTOR('',#3550,1.);
#3550 = DIRECTION('',(0.,0.,-1.));
#3551 = ORIENTED_EDGE('',*,*,#3552,.F.);
#3552 = EDGE_CURVE('',#3536,#3545,#3553,.T.);
#3553 = CIRCLE('',#3554,2.);
#3554 = AXIS2_PLACEMENT_3D('',#3555,#3556,#3557);
#3555 = CARTESIAN_POINT('',(-67.44999999999,67.849999999992,-15.));
#3556 = DIRECTION('',(0.,-0.,1.));
#3557 = DIRECTION('',(0.,1.,0.));
#3558 = CYLINDRICAL_SURFACE('',#3559,2.);
#3559 = AXIS2_PLACEMENT_3D('',#3560,#3561,#3562);
#3560 = CARTESIAN_POINT('',(-67.44999999999,67.849999999992,0.));
#3561 = DIRECTION('',(0.,0.,-1.));
#3562 = DIRECTION('',(0.,-1.,0.));
#3563 = ADVANCED_FACE('',(#3564),#3582,.F.);
#3564 = FACE_BOUND('',#3565,.F.);
#3565 = EDGE_LOOP('',(#3566,#3567,#3575,#3581));
#3566 = ORIENTED_EDGE('',*,*,#3535,.T.);
#3567 = ORIENTED_EDGE('',*,*,#3568,.T.);
#3568 = EDGE_CURVE('',#3536,#3569,#3571,.T.);
#3569 = VERTEX_POINT('',#3570);
#3570 = CARTESIAN_POINT('',(-74.45,65.849999999992,-15.));
#3571 = LINE('',#3572,#3573);
#3572 = CARTESIAN_POINT('',(-65.44999999999,65.849999999992,-15.));
#3573 = VECTOR('',#3574,1.);
#3574 = DIRECTION('',(-1.,0.,0.));
#3575 = ORIENTED_EDGE('',*,*,#3576,.F.);
#3576 = EDGE_CURVE('',#1979,#3569,#3577,.T.);
#3577 = LINE('',#3578,#3579);
#3578 = CARTESIAN_POINT('',(-74.45,65.849999999992,0.));
#3579 = VECTOR('',#3580,1.);
#3580 = DIRECTION('',(0.,0.,-1.));
#3581 = ORIENTED_EDGE('',*,*,#1988,.T.);
#3582 = PLANE('',#3583);
#3583 = AXIS2_PLACEMENT_3D('',#3584,#3585,#3586);
#3584 = CARTESIAN_POINT('',(-65.44999999999,65.849999999992,0.));
#3585 = DIRECTION('',(0.,1.,0.));
#3586 = DIRECTION('',(-1.,0.,0.));
#3587 = ADVANCED_FACE('',(#3588),#3606,.F.);
#3588 = FACE_BOUND('',#3589,.F.);
#3589 = EDGE_LOOP('',(#3590,#3598,#3604,#3605));
#3590 = ORIENTED_EDGE('',*,*,#3591,.T.);
#3591 = EDGE_CURVE('',#2005,#3592,#3594,.T.);
#3592 = VERTEX_POINT('',#3593);
#3593 = CARTESIAN_POINT('',(-65.44999999999,74.850000000008,-15.));
#3594 = LINE('',#3595,#3596);
#3595 = CARTESIAN_POINT('',(-65.44999999999,74.850000000008,0.));
#3596 = VECTOR('',#3597,1.);
#3597 = DIRECTION('',(0.,0.,-1.));
#3598 = ORIENTED_EDGE('',*,*,#3599,.T.);
#3599 = EDGE_CURVE('',#3592,#3545,#3600,.T.);
#3600 = LINE('',#3601,#3602);
#3601 = CARTESIAN_POINT('',(-65.44999999999,76.850000000008,-15.));
#3602 = VECTOR('',#3603,1.);
#3603 = DIRECTION('',(0.,-1.,0.));
#3604 = ORIENTED_EDGE('',*,*,#3544,.F.);
#3605 = ORIENTED_EDGE('',*,*,#2012,.T.);
#3606 = PLANE('',#3607);
#3607 = AXIS2_PLACEMENT_3D('',#3608,#3609,#3610);
#3608 = CARTESIAN_POINT('',(-65.44999999999,76.850000000008,0.));
#3609 = DIRECTION('',(-1.,-0.,-0.));
#3610 = DIRECTION('',(0.,-1.,0.));
#3611 = ADVANCED_FACE('',(#3612),#3631,.T.);
#3612 = FACE_BOUND('',#3613,.T.);
#3613 = EDGE_LOOP('',(#3614,#3615,#3616,#3624));
#3614 = ORIENTED_EDGE('',*,*,#3576,.F.);
#3615 = ORIENTED_EDGE('',*,*,#2036,.F.);
#3616 = ORIENTED_EDGE('',*,*,#3617,.T.);
#3617 = EDGE_CURVE('',#2027,#3618,#3620,.T.);
#3618 = VERTEX_POINT('',#3619);
#3619 = CARTESIAN_POINT('',(-76.45,67.849999999992,-15.));
#3620 = LINE('',#3621,#3622);
#3621 = CARTESIAN_POINT('',(-76.45,67.849999999992,0.));
#3622 = VECTOR('',#3623,1.);
#3623 = DIRECTION('',(0.,0.,-1.));
#3624 = ORIENTED_EDGE('',*,*,#3625,.F.);
#3625 = EDGE_CURVE('',#3569,#3618,#3626,.T.);
#3626 = CIRCLE('',#3627,2.);
#3627 = AXIS2_PLACEMENT_3D('',#3628,#3629,#3630);
#3628 = CARTESIAN_POINT('',(-74.45,67.849999999992,-15.));
#3629 = DIRECTION('',(0.,0.,-1.));
#3630 = DIRECTION('',(0.,1.,0.));
#3631 = CYLINDRICAL_SURFACE('',#3632,2.);
#3632 = AXIS2_PLACEMENT_3D('',#3633,#3634,#3635);
#3633 = CARTESIAN_POINT('',(-74.45,67.849999999992,0.));
#3634 = DIRECTION('',(0.,0.,-1.));
#3635 = DIRECTION('',(0.,-1.,0.));
#3636 = ADVANCED_FACE('',(#3637),#3656,.T.);
#3637 = FACE_BOUND('',#3638,.F.);
#3638 = EDGE_LOOP('',(#3639,#3640,#3641,#3649));
#3639 = ORIENTED_EDGE('',*,*,#3591,.F.);
#3640 = ORIENTED_EDGE('',*,*,#2061,.T.);
#3641 = ORIENTED_EDGE('',*,*,#3642,.T.);
#3642 = EDGE_CURVE('',#2054,#3643,#3645,.T.);
#3643 = VERTEX_POINT('',#3644);
#3644 = CARTESIAN_POINT('',(-67.44999999999,76.850000000008,-15.));
#3645 = LINE('',#3646,#3647);
#3646 = CARTESIAN_POINT('',(-67.44999999999,76.850000000008,0.));
#3647 = VECTOR('',#3648,1.);
#3648 = DIRECTION('',(0.,0.,-1.));
#3649 = ORIENTED_EDGE('',*,*,#3650,.F.);
#3650 = EDGE_CURVE('',#3592,#3643,#3651,.T.);
#3651 = CIRCLE('',#3652,2.);
#3652 = AXIS2_PLACEMENT_3D('',#3653,#3654,#3655);
#3653 = CARTESIAN_POINT('',(-67.44999999999,74.850000000008,-15.));
#3654 = DIRECTION('',(0.,-0.,1.));
#3655 = DIRECTION('',(0.,1.,0.));
#3656 = CYLINDRICAL_SURFACE('',#3657,2.);
#3657 = AXIS2_PLACEMENT_3D('',#3658,#3659,#3660);
#3658 = CARTESIAN_POINT('',(-67.44999999999,74.850000000008,0.));
#3659 = DIRECTION('',(0.,0.,-1.));
#3660 = DIRECTION('',(1.,0.,0.));
#3661 = ADVANCED_FACE('',(#3662),#3680,.F.);
#3662 = FACE_BOUND('',#3663,.F.);
#3663 = EDGE_LOOP('',(#3664,#3665,#3673,#3679));
#3664 = ORIENTED_EDGE('',*,*,#3617,.T.);
#3665 = ORIENTED_EDGE('',*,*,#3666,.T.);
#3666 = EDGE_CURVE('',#3618,#3667,#3669,.T.);
#3667 = VERTEX_POINT('',#3668);
#3668 = CARTESIAN_POINT('',(-76.45,74.850000000008,-15.));
#3669 = LINE('',#3670,#3671);
#3670 = CARTESIAN_POINT('',(-76.45,65.849999999992,-15.));
#3671 = VECTOR('',#3672,1.);
#3672 = DIRECTION('',(0.,1.,0.));
#3673 = ORIENTED_EDGE('',*,*,#3674,.F.);
#3674 = EDGE_CURVE('',#2077,#3667,#3675,.T.);
#3675 = LINE('',#3676,#3677);
#3676 = CARTESIAN_POINT('',(-76.45,74.850000000008,0.));
#3677 = VECTOR('',#3678,1.);
#3678 = DIRECTION('',(0.,0.,-1.));
#3679 = ORIENTED_EDGE('',*,*,#2086,.T.);
#3680 = PLANE('',#3681);
#3681 = AXIS2_PLACEMENT_3D('',#3682,#3683,#3684);
#3682 = CARTESIAN_POINT('',(-76.45,65.849999999992,0.));
#3683 = DIRECTION('',(1.,0.,0.));
#3684 = DIRECTION('',(0.,1.,0.));
#3685 = ADVANCED_FACE('',(#3686),#3704,.F.);
#3686 = FACE_BOUND('',#3687,.F.);
#3687 = EDGE_LOOP('',(#3688,#3696,#3702,#3703));
#3688 = ORIENTED_EDGE('',*,*,#3689,.T.);
#3689 = EDGE_CURVE('',#2103,#3690,#3692,.T.);
#3690 = VERTEX_POINT('',#3691);
#3691 = CARTESIAN_POINT('',(-74.45,76.850000000008,-15.));
#3692 = LINE('',#3693,#3694);
#3693 = CARTESIAN_POINT('',(-74.45,76.850000000008,0.));
#3694 = VECTOR('',#3695,1.);
#3695 = DIRECTION('',(0.,0.,-1.));
#3696 = ORIENTED_EDGE('',*,*,#3697,.T.);
#3697 = EDGE_CURVE('',#3690,#3643,#3698,.T.);
#3698 = LINE('',#3699,#3700);
#3699 = CARTESIAN_POINT('',(-76.45,76.850000000008,-15.));
#3700 = VECTOR('',#3701,1.);
#3701 = DIRECTION('',(1.,0.,0.));
#3702 = ORIENTED_EDGE('',*,*,#3642,.F.);
#3703 = ORIENTED_EDGE('',*,*,#2110,.T.);
#3704 = PLANE('',#3705);
#3705 = AXIS2_PLACEMENT_3D('',#3706,#3707,#3708);
#3706 = CARTESIAN_POINT('',(-76.45,76.850000000008,0.));
#3707 = DIRECTION('',(0.,-1.,0.));
#3708 = DIRECTION('',(1.,0.,0.));
#3709 = ADVANCED_FACE('',(#3710),#3722,.T.);
#3710 = FACE_BOUND('',#3711,.T.);
#3711 = EDGE_LOOP('',(#3712,#3713,#3714,#3715));
#3712 = ORIENTED_EDGE('',*,*,#3674,.F.);
#3713 = ORIENTED_EDGE('',*,*,#2127,.F.);
#3714 = ORIENTED_EDGE('',*,*,#3689,.T.);
#3715 = ORIENTED_EDGE('',*,*,#3716,.F.);
#3716 = EDGE_CURVE('',#3667,#3690,#3717,.T.);
#3717 = CIRCLE('',#3718,2.);
#3718 = AXIS2_PLACEMENT_3D('',#3719,#3720,#3721);
#3719 = CARTESIAN_POINT('',(-74.45,74.850000000008,-15.));
#3720 = DIRECTION('',(0.,0.,-1.));
#3721 = DIRECTION('',(0.,1.,0.));
#3722 = CYLINDRICAL_SURFACE('',#3723,2.);
#3723 = AXIS2_PLACEMENT_3D('',#3724,#3725,#3726);
#3724 = CARTESIAN_POINT('',(-74.45,74.850000000008,0.));
#3725 = DIRECTION('',(0.,0.,-1.));
#3726 = DIRECTION('',(-1.,-0.,-0.));
#3727 = ADVANCED_FACE('',(#3728,#3731),#3742,.F.);
#3728 = FACE_BOUND('',#3729,.F.);
#3729 = EDGE_LOOP('',(#3730));
#3730 = ORIENTED_EDGE('',*,*,#2175,.F.);
#3731 = FACE_BOUND('',#3732,.F.);
#3732 = EDGE_LOOP('',(#3733));
#3733 = ORIENTED_EDGE('',*,*,#3734,.T.);
#3734 = EDGE_CURVE('',#3735,#3735,#3737,.T.);
#3735 = VERTEX_POINT('',#3736);
#3736 = CARTESIAN_POINT('',(34.9,11.55,-7.6));
#3737 = CIRCLE('',#3738,2.1);
#3738 = AXIS2_PLACEMENT_3D('',#3739,#3740,#3741);
#3739 = CARTESIAN_POINT('',(32.8,11.55,-7.6));
#3740 = DIRECTION('',(0.,0.,-1.));
#3741 = DIRECTION('',(1.,0.,0.));
#3742 = PLANE('',#3743);
#3743 = AXIS2_PLACEMENT_3D('',#3744,#3745,#3746);
#3744 = CARTESIAN_POINT('',(57.8,19.05,-7.6));
#3745 = DIRECTION('',(0.,0.,1.));
#3746 = DIRECTION('',(1.,0.,0.));
#3747 = ADVANCED_FACE('',(#3748,#3751),#3762,.F.);
#3748 = FACE_BOUND('',#3749,.F.);
#3749 = EDGE_LOOP('',(#3750));
#3750 = ORIENTED_EDGE('',*,*,#2200,.F.);
#3751 = FACE_BOUND('',#3752,.F.);
#3752 = EDGE_LOOP('',(#3753));
#3753 = ORIENTED_EDGE('',*,*,#3754,.T.);
#3754 = EDGE_CURVE('',#3755,#3755,#3757,.T.);
#3755 = VERTEX_POINT('',#3756);
#3756 = CARTESIAN_POINT('',(34.9,28.55,-7.6));
#3757 = CIRCLE('',#3758,2.1);
#3758 = AXIS2_PLACEMENT_3D('',#3759,#3760,#3761);
#3759 = CARTESIAN_POINT('',(32.8,28.55,-7.6));
#3760 = DIRECTION('',(0.,0.,-1.));
#3761 = DIRECTION('',(1.,0.,0.));
#3762 = PLANE('',#3763);
#3763 = AXIS2_PLACEMENT_3D('',#3764,#3765,#3766);
#3764 = CARTESIAN_POINT('',(57.8,19.05,-7.6));
#3765 = DIRECTION('',(0.,0.,1.));
#3766 = DIRECTION('',(1.,0.,0.));
#3767 = ADVANCED_FACE('',(#3768,#3771),#3782,.F.);
#3768 = FACE_BOUND('',#3769,.F.);
#3769 = EDGE_LOOP('',(#3770));
#3770 = ORIENTED_EDGE('',*,*,#2250,.F.);
#3771 = FACE_BOUND('',#3772,.F.);
#3772 = EDGE_LOOP('',(#3773));
#3773 = ORIENTED_EDGE('',*,*,#3774,.T.);
#3774 = EDGE_CURVE('',#3775,#3775,#3777,.T.);
#3775 = VERTEX_POINT('',#3776);
#3776 = CARTESIAN_POINT('',(84.9,11.55,-7.6));
#3777 = CIRCLE('',#3778,2.1);
#3778 = AXIS2_PLACEMENT_3D('',#3779,#3780,#3781);
#3779 = CARTESIAN_POINT('',(82.8,11.55,-7.6));
#3780 = DIRECTION('',(0.,0.,-1.));
#3781 = DIRECTION('',(1.,0.,0.));
#3782 = PLANE('',#3783);
#3783 = AXIS2_PLACEMENT_3D('',#3784,#3785,#3786);
#3784 = CARTESIAN_POINT('',(57.8,19.05,-7.6));
#3785 = DIRECTION('',(0.,0.,1.));
#3786 = DIRECTION('',(1.,0.,0.));
#3787 = ADVANCED_FACE('',(#3788,#3791),#3802,.F.);
#3788 = FACE_BOUND('',#3789,.F.);
#3789 = EDGE_LOOP('',(#3790));
#3790 = ORIENTED_EDGE('',*,*,#2275,.F.);
#3791 = FACE_BOUND('',#3792,.F.);
#3792 = EDGE_LOOP('',(#3793));
#3793 = ORIENTED_EDGE('',*,*,#3794,.T.);
#3794 = EDGE_CURVE('',#3795,#3795,#3797,.T.);
#3795 = VERTEX_POINT('',#3796);
#3796 = CARTESIAN_POINT('',(84.9,24.55,-7.6));
#3797 = CIRCLE('',#3798,2.1);
#3798 = AXIS2_PLACEMENT_3D('',#3799,#3800,#3801);
#3799 = CARTESIAN_POINT('',(82.8,24.55,-7.6));
#3800 = DIRECTION('',(0.,0.,-1.));
#3801 = DIRECTION('',(1.,0.,0.));
#3802 = PLANE('',#3803);
#3803 = AXIS2_PLACEMENT_3D('',#3804,#3805,#3806);
#3804 = CARTESIAN_POINT('',(57.8,19.05,-7.6));
#3805 = DIRECTION('',(0.,0.,1.));
#3806 = DIRECTION('',(1.,0.,0.));
#3807 = ADVANCED_FACE('',(#3808,#3811),#3822,.F.);
#3808 = FACE_BOUND('',#3809,.F.);
#3809 = EDGE_LOOP('',(#3810));
#3810 = ORIENTED_EDGE('',*,*,#2300,.F.);
#3811 = FACE_BOUND('',#3812,.F.);
#3812 = EDGE_LOOP('',(#3813));
#3813 = ORIENTED_EDGE('',*,*,#3814,.T.);
#3814 = EDGE_CURVE('',#3815,#3815,#3817,.T.);
#3815 = VERTEX_POINT('',#3816);
#3816 = CARTESIAN_POINT('',(34.9,54.55,-7.6));
#3817 = CIRCLE('',#3818,2.1);
#3818 = AXIS2_PLACEMENT_3D('',#3819,#3820,#3821);
#3819 = CARTESIAN_POINT('',(32.8,54.55,-7.6));
#3820 = DIRECTION('',(0.,0.,-1.));
#3821 = DIRECTION('',(1.,0.,0.));
#3822 = PLANE('',#3823);
#3823 = AXIS2_PLACEMENT_3D('',#3824,#3825,#3826);
#3824 = CARTESIAN_POINT('',(57.8,19.05,-7.6));
#3825 = DIRECTION('',(0.,0.,1.));
#3826 = DIRECTION('',(1.,0.,0.));
#3827 = ADVANCED_FACE('',(#3828,#3831),#3842,.F.);
#3828 = FACE_BOUND('',#3829,.F.);
#3829 = EDGE_LOOP('',(#3830));
#3830 = ORIENTED_EDGE('',*,*,#2350,.F.);
#3831 = FACE_BOUND('',#3832,.F.);
#3832 = EDGE_LOOP('',(#3833));
#3833 = ORIENTED_EDGE('',*,*,#3834,.T.);
#3834 = EDGE_CURVE('',#3835,#3835,#3837,.T.);
#3835 = VERTEX_POINT('',#3836);
#3836 = CARTESIAN_POINT('',(84.9,54.55,-7.6));
#3837 = CIRCLE('',#3838,2.1);
#3838 = AXIS2_PLACEMENT_3D('',#3839,#3840,#3841);
#3839 = CARTESIAN_POINT('',(82.8,54.55,-7.6));
#3840 = DIRECTION('',(0.,0.,-1.));
#3841 = DIRECTION('',(1.,0.,0.));
#3842 = PLANE('',#3843);
#3843 = AXIS2_PLACEMENT_3D('',#3844,#3845,#3846);
#3844 = CARTESIAN_POINT('',(57.8,19.05,-7.6));
#3845 = DIRECTION('',(0.,0.,1.));
#3846 = DIRECTION('',(1.,0.,0.));
#3847 = ADVANCED_FACE('',(#3848),#3874,.T.);
#3848 = FACE_BOUND('',#3849,.F.);
#3849 = EDGE_LOOP('',(#3850,#3858,#3859,#3867));
#3850 = ORIENTED_EDGE('',*,*,#3851,.F.);
#3851 = EDGE_CURVE('',#2368,#3852,#3854,.T.);
#3852 = VERTEX_POINT('',#3853);
#3853 = CARTESIAN_POINT('',(74.550000000008,74.850000000008,-15.));
#3854 = LINE('',#3855,#3856);
#3855 = CARTESIAN_POINT('',(74.550000000008,74.850000000008,0.));
#3856 = VECTOR('',#3857,1.);
#3857 = DIRECTION('',(0.,0.,-1.));
#3858 = ORIENTED_EDGE('',*,*,#2384,.T.);
#3859 = ORIENTED_EDGE('',*,*,#3860,.T.);
#3860 = EDGE_CURVE('',#2377,#3861,#3863,.T.);
#3861 = VERTEX_POINT('',#3862);
#3862 = CARTESIAN_POINT('',(72.550000000008,76.850000000008,-15.));
#3863 = LINE('',#3864,#3865);
#3864 = CARTESIAN_POINT('',(72.550000000008,76.850000000008,0.));
#3865 = VECTOR('',#3866,1.);
#3866 = DIRECTION('',(0.,0.,-1.));
#3867 = ORIENTED_EDGE('',*,*,#3868,.F.);
#3868 = EDGE_CURVE('',#3852,#3861,#3869,.T.);
#3869 = CIRCLE('',#3870,2.);
#3870 = AXIS2_PLACEMENT_3D('',#3871,#3872,#3873);
#3871 = CARTESIAN_POINT('',(72.550000000008,74.850000000008,-15.));
#3872 = DIRECTION('',(0.,-0.,1.));
#3873 = DIRECTION('',(0.,1.,0.));
#3874 = CYLINDRICAL_SURFACE('',#3875,2.);
#3875 = AXIS2_PLACEMENT_3D('',#3876,#3877,#3878);
#3876 = CARTESIAN_POINT('',(72.550000000008,74.850000000008,0.));
#3877 = DIRECTION('',(0.,0.,-1.));
#3878 = DIRECTION('',(1.,0.,0.));
#3879 = ADVANCED_FACE('',(#3880),#3898,.F.);
#3880 = FACE_BOUND('',#3881,.F.);
#3881 = EDGE_LOOP('',(#3882,#3883,#3891,#3897));
#3882 = ORIENTED_EDGE('',*,*,#3851,.T.);
#3883 = ORIENTED_EDGE('',*,*,#3884,.T.);
#3884 = EDGE_CURVE('',#3852,#3885,#3887,.T.);
#3885 = VERTEX_POINT('',#3886);
#3886 = CARTESIAN_POINT('',(74.550000000008,67.849999999992,-15.));
#3887 = LINE('',#3888,#3889);
#3888 = CARTESIAN_POINT('',(74.550000000008,76.850000000008,-15.));
#3889 = VECTOR('',#3890,1.);
#3890 = DIRECTION('',(0.,-1.,0.));
#3891 = ORIENTED_EDGE('',*,*,#3892,.F.);
#3892 = EDGE_CURVE('',#2400,#3885,#3893,.T.);
#3893 = LINE('',#3894,#3895);
#3894 = CARTESIAN_POINT('',(74.550000000008,67.849999999992,0.));
#3895 = VECTOR('',#3896,1.);
#3896 = DIRECTION('',(0.,0.,-1.));
#3897 = ORIENTED_EDGE('',*,*,#2409,.T.);
#3898 = PLANE('',#3899);
#3899 = AXIS2_PLACEMENT_3D('',#3900,#3901,#3902);
#3900 = CARTESIAN_POINT('',(74.550000000008,76.850000000008,0.));
#3901 = DIRECTION('',(-1.,-0.,-0.));
#3902 = DIRECTION('',(0.,-1.,0.));
#3903 = ADVANCED_FACE('',(#3904),#3922,.F.);
#3904 = FACE_BOUND('',#3905,.F.);
#3905 = EDGE_LOOP('',(#3906,#3914,#3920,#3921));
#3906 = ORIENTED_EDGE('',*,*,#3907,.T.);
#3907 = EDGE_CURVE('',#2426,#3908,#3910,.T.);
#3908 = VERTEX_POINT('',#3909);
#3909 = CARTESIAN_POINT('',(65.549999999992,76.850000000008,-15.));
#3910 = LINE('',#3911,#3912);
#3911 = CARTESIAN_POINT('',(65.549999999992,76.850000000008,0.));
#3912 = VECTOR('',#3913,1.);
#3913 = DIRECTION('',(0.,0.,-1.));
#3914 = ORIENTED_EDGE('',*,*,#3915,.T.);
#3915 = EDGE_CURVE('',#3908,#3861,#3916,.T.);
#3916 = LINE('',#3917,#3918);
#3917 = CARTESIAN_POINT('',(63.549999999992,76.850000000008,-15.));
#3918 = VECTOR('',#3919,1.);
#3919 = DIRECTION('',(1.,0.,0.));
#3920 = ORIENTED_EDGE('',*,*,#3860,.F.);
#3921 = ORIENTED_EDGE('',*,*,#2433,.T.);
#3922 = PLANE('',#3923);
#3923 = AXIS2_PLACEMENT_3D('',#3924,#3925,#3926);
#3924 = CARTESIAN_POINT('',(63.549999999992,76.850000000008,0.));
#3925 = DIRECTION('',(0.,-1.,0.));
#3926 = DIRECTION('',(1.,0.,0.));
#3927 = ADVANCED_FACE('',(#3928),#3947,.T.);
#3928 = FACE_BOUND('',#3929,.F.);
#3929 = EDGE_LOOP('',(#3930,#3938,#3939,#3940));
#3930 = ORIENTED_EDGE('',*,*,#3931,.F.);
#3931 = EDGE_CURVE('',#2448,#3932,#3934,.T.);
#3932 = VERTEX_POINT('',#3933);
#3933 = CARTESIAN_POINT('',(72.550000000008,65.849999999992,-15.));
#3934 = LINE('',#3935,#3936);
#3935 = CARTESIAN_POINT('',(72.550000000008,65.849999999992,0.));
#3936 = VECTOR('',#3937,1.);
#3937 = DIRECTION('',(0.,0.,-1.));
#3938 = ORIENTED_EDGE('',*,*,#2457,.T.);
#3939 = ORIENTED_EDGE('',*,*,#3892,.T.);
#3940 = ORIENTED_EDGE('',*,*,#3941,.F.);
#3941 = EDGE_CURVE('',#3932,#3885,#3942,.T.);
#3942 = CIRCLE('',#3943,2.);
#3943 = AXIS2_PLACEMENT_3D('',#3944,#3945,#3946);
#3944 = CARTESIAN_POINT('',(72.550000000008,67.849999999992,-15.));
#3945 = DIRECTION('',(0.,-0.,1.));
#3946 = DIRECTION('',(0.,1.,0.));
#3947 = CYLINDRICAL_SURFACE('',#3948,2.);
#3948 = AXIS2_PLACEMENT_3D('',#3949,#3950,#3951);
#3949 = CARTESIAN_POINT('',(72.550000000008,67.849999999992,0.));
#3950 = DIRECTION('',(0.,0.,-1.));
#3951 = DIRECTION('',(0.,-1.,0.));
#3952 = ADVANCED_FACE('',(#3953),#3972,.T.);
#3953 = FACE_BOUND('',#3954,.T.);
#3954 = EDGE_LOOP('',(#3955,#3963,#3964,#3965));
#3955 = ORIENTED_EDGE('',*,*,#3956,.F.);
#3956 = EDGE_CURVE('',#2475,#3957,#3959,.T.);
#3957 = VERTEX_POINT('',#3958);
#3958 = CARTESIAN_POINT('',(63.549999999992,74.850000000008,-15.));
#3959 = LINE('',#3960,#3961);
#3960 = CARTESIAN_POINT('',(63.549999999992,74.850000000008,0.));
#3961 = VECTOR('',#3962,1.);
#3962 = DIRECTION('',(0.,0.,-1.));
#3963 = ORIENTED_EDGE('',*,*,#2482,.F.);
#3964 = ORIENTED_EDGE('',*,*,#3907,.T.);
#3965 = ORIENTED_EDGE('',*,*,#3966,.F.);
#3966 = EDGE_CURVE('',#3957,#3908,#3967,.T.);
#3967 = CIRCLE('',#3968,2.);
#3968 = AXIS2_PLACEMENT_3D('',#3969,#3970,#3971);
#3969 = CARTESIAN_POINT('',(65.549999999992,74.850000000008,-15.));
#3970 = DIRECTION('',(0.,0.,-1.));
#3971 = DIRECTION('',(0.,1.,0.));
#3972 = CYLINDRICAL_SURFACE('',#3973,2.);
#3973 = AXIS2_PLACEMENT_3D('',#3974,#3975,#3976);
#3974 = CARTESIAN_POINT('',(65.549999999992,74.850000000008,0.));
#3975 = DIRECTION('',(0.,0.,-1.));
#3976 = DIRECTION('',(-1.,-0.,-0.));
#3977 = ADVANCED_FACE('',(#3978),#3996,.F.);
#3978 = FACE_BOUND('',#3979,.F.);
#3979 = EDGE_LOOP('',(#3980,#3981,#3989,#3995));
#3980 = ORIENTED_EDGE('',*,*,#3931,.T.);
#3981 = ORIENTED_EDGE('',*,*,#3982,.T.);
#3982 = EDGE_CURVE('',#3932,#3983,#3985,.T.);
#3983 = VERTEX_POINT('',#3984);
#3984 = CARTESIAN_POINT('',(65.549999999992,65.849999999992,-15.));
#3985 = LINE('',#3986,#3987);
#3986 = CARTESIAN_POINT('',(74.550000000008,65.849999999992,-15.));
#3987 = VECTOR('',#3988,1.);
#3988 = DIRECTION('',(-1.,0.,0.));
#3989 = ORIENTED_EDGE('',*,*,#3990,.F.);
#3990 = EDGE_CURVE('',#2498,#3983,#3991,.T.);
#3991 = LINE('',#3992,#3993);
#3992 = CARTESIAN_POINT('',(65.549999999992,65.849999999992,0.));
#3993 = VECTOR('',#3994,1.);
#3994 = DIRECTION('',(0.,0.,-1.));
#3995 = ORIENTED_EDGE('',*,*,#2507,.T.);
#3996 = PLANE('',#3997);
#3997 = AXIS2_PLACEMENT_3D('',#3998,#3999,#4000);
#3998 = CARTESIAN_POINT('',(74.550000000008,65.849999999992,0.));
#3999 = DIRECTION('',(0.,1.,0.));
#4000 = DIRECTION('',(-1.,0.,0.));
#4001 = ADVANCED_FACE('',(#4002),#4020,.F.);
#4002 = FACE_BOUND('',#4003,.F.);
#4003 = EDGE_LOOP('',(#4004,#4012,#4018,#4019));
#4004 = ORIENTED_EDGE('',*,*,#4005,.T.);
#4005 = EDGE_CURVE('',#2524,#4006,#4008,.T.);
#4006 = VERTEX_POINT('',#4007);
#4007 = CARTESIAN_POINT('',(63.549999999992,67.849999999992,-15.));
#4008 = LINE('',#4009,#4010);
#4009 = CARTESIAN_POINT('',(63.549999999992,67.849999999992,0.));
#4010 = VECTOR('',#4011,1.);
#4011 = DIRECTION('',(0.,0.,-1.));
#4012 = ORIENTED_EDGE('',*,*,#4013,.T.);
#4013 = EDGE_CURVE('',#4006,#3957,#4014,.T.);
#4014 = LINE('',#4015,#4016);
#4015 = CARTESIAN_POINT('',(63.549999999992,65.849999999992,-15.));
#4016 = VECTOR('',#4017,1.);
#4017 = DIRECTION('',(0.,1.,0.));
#4018 = ORIENTED_EDGE('',*,*,#3956,.F.);
#4019 = ORIENTED_EDGE('',*,*,#2531,.T.);
#4020 = PLANE('',#4021);
#4021 = AXIS2_PLACEMENT_3D('',#4022,#4023,#4024);
#4022 = CARTESIAN_POINT('',(63.549999999992,65.849999999992,0.));
#4023 = DIRECTION('',(1.,0.,0.));
#4024 = DIRECTION('',(0.,1.,0.));
#4025 = ADVANCED_FACE('',(#4026),#4038,.T.);
#4026 = FACE_BOUND('',#4027,.T.);
#4027 = EDGE_LOOP('',(#4028,#4029,#4030,#4031));
#4028 = ORIENTED_EDGE('',*,*,#3990,.F.);
#4029 = ORIENTED_EDGE('',*,*,#2548,.F.);
#4030 = ORIENTED_EDGE('',*,*,#4005,.T.);
#4031 = ORIENTED_EDGE('',*,*,#4032,.F.);
#4032 = EDGE_CURVE('',#3983,#4006,#4033,.T.);
#4033 = CIRCLE('',#4034,2.);
#4034 = AXIS2_PLACEMENT_3D('',#4035,#4036,#4037);
#4035 = CARTESIAN_POINT('',(65.549999999992,67.849999999992,-15.));
#4036 = DIRECTION('',(0.,0.,-1.));
#4037 = DIRECTION('',(0.,1.,0.));
#4038 = CYLINDRICAL_SURFACE('',#4039,2.);
#4039 = AXIS2_PLACEMENT_3D('',#4040,#4041,#4042);
#4040 = CARTESIAN_POINT('',(65.549999999992,67.849999999992,0.));
#4041 = DIRECTION('',(0.,0.,-1.));
#4042 = DIRECTION('',(0.,-1.,0.));
#4043 = ADVANCED_FACE('',(#4044,#4060),#4067,.T.);
#4044 = FACE_BOUND('',#4045,.T.);
#4045 = EDGE_LOOP('',(#4046,#4047,#4053,#4054));
#4046 = ORIENTED_EDGE('',*,*,#2623,.T.);
#4047 = ORIENTED_EDGE('',*,*,#4048,.F.);
#4048 = EDGE_CURVE('',#2880,#2626,#4049,.T.);
#4049 = LINE('',#4050,#4051);
#4050 = CARTESIAN_POINT('',(-70.05,-68.15,0.));
#4051 = VECTOR('',#4052,1.);
#4052 = DIRECTION('',(0.,0.,1.));
#4053 = ORIENTED_EDGE('',*,*,#2879,.T.);
#4054 = ORIENTED_EDGE('',*,*,#4055,.F.);
#4055 = EDGE_CURVE('',#2624,#2882,#4056,.T.);
#4056 = LINE('',#4057,#4058);
#4057 = CARTESIAN_POINT('',(-70.05,-36.15,0.));
#4058 = VECTOR('',#4059,1.);
#4059 = DIRECTION('',(0.,0.,-1.));
#4060 = FACE_BOUND('',#4061,.T.);
#4061 = EDGE_LOOP('',(#4062,#4063,#4064,#4065,#4066));
#4062 = ORIENTED_EDGE('',*,*,#2952,.T.);
#4063 = ORIENTED_EDGE('',*,*,#2928,.T.);
#4064 = ORIENTED_EDGE('',*,*,#3024,.F.);
#4065 = ORIENTED_EDGE('',*,*,#3007,.F.);
#4066 = ORIENTED_EDGE('',*,*,#2976,.T.);
#4067 = PLANE('',#4068);
#4068 = AXIS2_PLACEMENT_3D('',#4069,#4070,#4071);
#4069 = CARTESIAN_POINT('',(-70.05,-52.15,-33.4));
#4070 = DIRECTION('',(1.,0.,0.));
#4071 = DIRECTION('',(0.,0.,1.));
#4072 = ADVANCED_FACE('',(#4073),#4084,.T.);
#4073 = FACE_BOUND('',#4074,.T.);
#4074 = EDGE_LOOP('',(#4075,#4081,#4082,#4083));
#4075 = ORIENTED_EDGE('',*,*,#4076,.T.);
#4076 = EDGE_CURVE('',#2890,#2634,#4077,.T.);
#4077 = LINE('',#4078,#4079);
#4078 = CARTESIAN_POINT('',(99.95,-36.15,0.));
#4079 = VECTOR('',#4080,1.);
#4080 = DIRECTION('',(0.,0.,1.));
#4081 = ORIENTED_EDGE('',*,*,#2633,.T.);
#4082 = ORIENTED_EDGE('',*,*,#4055,.T.);
#4083 = ORIENTED_EDGE('',*,*,#2889,.F.);
#4084 = PLANE('',#4085);
#4085 = AXIS2_PLACEMENT_3D('',#4086,#4087,#4088);
#4086 = CARTESIAN_POINT('',(14.95,-36.15,-33.4));
#4087 = DIRECTION('',(-0.,-1.,-0.));
#4088 = DIRECTION('',(0.,0.,-1.));
#4089 = ADVANCED_FACE('',(#4090),#4101,.T.);
#4090 = FACE_BOUND('',#4091,.T.);
#4091 = EDGE_LOOP('',(#4092,#4093,#4094,#4100));
#4092 = ORIENTED_EDGE('',*,*,#4048,.T.);
#4093 = ORIENTED_EDGE('',*,*,#2649,.T.);
#4094 = ORIENTED_EDGE('',*,*,#4095,.F.);
#4095 = EDGE_CURVE('',#2898,#2642,#4096,.T.);
#4096 = LINE('',#4097,#4098);
#4097 = CARTESIAN_POINT('',(99.95,-68.15,0.));
#4098 = VECTOR('',#4099,1.);
#4099 = DIRECTION('',(0.,0.,1.));
#4100 = ORIENTED_EDGE('',*,*,#2905,.F.);
#4101 = PLANE('',#4102);
#4102 = AXIS2_PLACEMENT_3D('',#4103,#4104,#4105);
#4103 = CARTESIAN_POINT('',(14.95,-68.15,-33.4));
#4104 = DIRECTION('',(0.,1.,0.));
#4105 = DIRECTION('',(0.,0.,1.));
#4106 = ADVANCED_FACE('',(#4107),#4113,.T.);
#4107 = FACE_BOUND('',#4108,.T.);
#4108 = EDGE_LOOP('',(#4109,#4110,#4111,#4112));
#4109 = ORIENTED_EDGE('',*,*,#4095,.T.);
#4110 = ORIENTED_EDGE('',*,*,#2641,.T.);
#4111 = ORIENTED_EDGE('',*,*,#4076,.F.);
#4112 = ORIENTED_EDGE('',*,*,#2897,.F.);
#4113 = PLANE('',#4114);
#4114 = AXIS2_PLACEMENT_3D('',#4115,#4116,#4117);
#4115 = CARTESIAN_POINT('',(99.95,-52.15,-33.4));
#4116 = DIRECTION('',(-1.,-0.,-0.));
#4117 = DIRECTION('',(0.,0.,-1.));
#4118 = ADVANCED_FACE('',(#4119),#4130,.F.);
#4119 = FACE_BOUND('',#4120,.F.);
#4120 = EDGE_LOOP('',(#4121,#4122,#4128,#4129));
#4121 = ORIENTED_EDGE('',*,*,#3498,.F.);
#4122 = ORIENTED_EDGE('',*,*,#4123,.T.);
#4123 = EDGE_CURVE('',#3499,#2661,#4124,.T.);
#4124 = LINE('',#4125,#4126);
#4125 = CARTESIAN_POINT('',(34.9,-14.45,-7.6));
#4126 = VECTOR('',#4127,1.);
#4127 = DIRECTION('',(0.,0.,1.));
#4128 = ORIENTED_EDGE('',*,*,#2660,.T.);
#4129 = ORIENTED_EDGE('',*,*,#4123,.F.);
#4130 = CYLINDRICAL_SURFACE('',#4131,2.1);
#4131 = AXIS2_PLACEMENT_3D('',#4132,#4133,#4134);
#4132 = CARTESIAN_POINT('',(32.8,-14.45,-7.6));
#4133 = DIRECTION('',(0.,0.,-1.));
#4134 = DIRECTION('',(1.,0.,0.));
#4135 = ADVANCED_FACE('',(#4136),#4147,.F.);
#4136 = FACE_BOUND('',#4137,.F.);
#4137 = EDGE_LOOP('',(#4138,#4139,#4145,#4146));
#4138 = ORIENTED_EDGE('',*,*,#3518,.F.);
#4139 = ORIENTED_EDGE('',*,*,#4140,.T.);
#4140 = EDGE_CURVE('',#3519,#2672,#4141,.T.);
#4141 = LINE('',#4142,#4143);
#4142 = CARTESIAN_POINT('',(84.9,-18.45,-7.6));
#4143 = VECTOR('',#4144,1.);
#4144 = DIRECTION('',(0.,0.,1.));
#4145 = ORIENTED_EDGE('',*,*,#2671,.T.);
#4146 = ORIENTED_EDGE('',*,*,#4140,.F.);
#4147 = CYLINDRICAL_SURFACE('',#4148,2.1);
#4148 = AXIS2_PLACEMENT_3D('',#4149,#4150,#4151);
#4149 = CARTESIAN_POINT('',(82.8,-18.45,-7.6));
#4150 = DIRECTION('',(0.,0.,-1.));
#4151 = DIRECTION('',(1.,0.,0.));
#4152 = ADVANCED_FACE('',(#4153),#4164,.F.);
#4153 = FACE_BOUND('',#4154,.F.);
#4154 = EDGE_LOOP('',(#4155,#4156,#4162,#4163));
#4155 = ORIENTED_EDGE('',*,*,#3734,.F.);
#4156 = ORIENTED_EDGE('',*,*,#4157,.T.);
#4157 = EDGE_CURVE('',#3735,#2692,#4158,.T.);
#4158 = LINE('',#4159,#4160);
#4159 = CARTESIAN_POINT('',(34.9,11.55,-7.6));
#4160 = VECTOR('',#4161,1.);
#4161 = DIRECTION('',(0.,0.,1.));
#4162 = ORIENTED_EDGE('',*,*,#2691,.T.);
#4163 = ORIENTED_EDGE('',*,*,#4157,.F.);
#4164 = CYLINDRICAL_SURFACE('',#4165,2.1);
#4165 = AXIS2_PLACEMENT_3D('',#4166,#4167,#4168);
#4166 = CARTESIAN_POINT('',(32.8,11.55,-7.6));
#4167 = DIRECTION('',(0.,0.,-1.));
#4168 = DIRECTION('',(1.,0.,0.));
#4169 = ADVANCED_FACE('',(#4170),#4181,.F.);
#4170 = FACE_BOUND('',#4171,.F.);
#4171 = EDGE_LOOP('',(#4172,#4173,#4179,#4180));
#4172 = ORIENTED_EDGE('',*,*,#3754,.F.);
#4173 = ORIENTED_EDGE('',*,*,#4174,.T.);
#4174 = EDGE_CURVE('',#3755,#2703,#4175,.T.);
#4175 = LINE('',#4176,#4177);
#4176 = CARTESIAN_POINT('',(34.9,28.55,-7.6));
#4177 = VECTOR('',#4178,1.);
#4178 = DIRECTION('',(0.,0.,1.));
#4179 = ORIENTED_EDGE('',*,*,#2702,.T.);
#4180 = ORIENTED_EDGE('',*,*,#4174,.F.);
#4181 = CYLINDRICAL_SURFACE('',#4182,2.1);
#4182 = AXIS2_PLACEMENT_3D('',#4183,#4184,#4185);
#4183 = CARTESIAN_POINT('',(32.8,28.55,-7.6));
#4184 = DIRECTION('',(0.,0.,-1.));
#4185 = DIRECTION('',(1.,0.,0.));
#4186 = ADVANCED_FACE('',(#4187),#4198,.F.);
#4187 = FACE_BOUND('',#4188,.F.);
#4188 = EDGE_LOOP('',(#4189,#4190,#4196,#4197));
#4189 = ORIENTED_EDGE('',*,*,#3774,.F.);
#4190 = ORIENTED_EDGE('',*,*,#4191,.T.);
#4191 = EDGE_CURVE('',#3775,#2717,#4192,.T.);
#4192 = LINE('',#4193,#4194);
#4193 = CARTESIAN_POINT('',(84.9,11.55,-7.6));
#4194 = VECTOR('',#4195,1.);
#4195 = DIRECTION('',(0.,0.,1.));
#4196 = ORIENTED_EDGE('',*,*,#2716,.T.);
#4197 = ORIENTED_EDGE('',*,*,#4191,.F.);
#4198 = CYLINDRICAL_SURFACE('',#4199,2.1);
#4199 = AXIS2_PLACEMENT_3D('',#4200,#4201,#4202);
#4200 = CARTESIAN_POINT('',(82.8,11.55,-7.6));
#4201 = DIRECTION('',(0.,0.,-1.));
#4202 = DIRECTION('',(1.,0.,0.));
#4203 = ADVANCED_FACE('',(#4204),#4215,.F.);
#4204 = FACE_BOUND('',#4205,.F.);
#4205 = EDGE_LOOP('',(#4206,#4207,#4213,#4214));
#4206 = ORIENTED_EDGE('',*,*,#3794,.F.);
#4207 = ORIENTED_EDGE('',*,*,#4208,.T.);
#4208 = EDGE_CURVE('',#3795,#2728,#4209,.T.);
#4209 = LINE('',#4210,#4211);
#4210 = CARTESIAN_POINT('',(84.9,24.55,-7.6));
#4211 = VECTOR('',#4212,1.);
#4212 = DIRECTION('',(0.,0.,1.));
#4213 = ORIENTED_EDGE('',*,*,#2727,.T.);
#4214 = ORIENTED_EDGE('',*,*,#4208,.F.);
#4215 = CYLINDRICAL_SURFACE('',#4216,2.1);
#4216 = AXIS2_PLACEMENT_3D('',#4217,#4218,#4219);
#4217 = CARTESIAN_POINT('',(82.8,24.55,-7.6));
#4218 = DIRECTION('',(0.,0.,-1.));
#4219 = DIRECTION('',(1.,0.,0.));
#4220 = ADVANCED_FACE('',(#4221),#4232,.F.);
#4221 = FACE_BOUND('',#4222,.F.);
#4222 = EDGE_LOOP('',(#4223,#4224,#4230,#4231));
#4223 = ORIENTED_EDGE('',*,*,#3814,.F.);
#4224 = ORIENTED_EDGE('',*,*,#4225,.T.);
#4225 = EDGE_CURVE('',#3815,#2739,#4226,.T.);
#4226 = LINE('',#4227,#4228);
#4227 = CARTESIAN_POINT('',(34.9,54.55,-7.6));
#4228 = VECTOR('',#4229,1.);
#4229 = DIRECTION('',(0.,0.,1.));
#4230 = ORIENTED_EDGE('',*,*,#2738,.T.);
#4231 = ORIENTED_EDGE('',*,*,#4225,.F.);
#4232 = CYLINDRICAL_SURFACE('',#4233,2.1);
#4233 = AXIS2_PLACEMENT_3D('',#4234,#4235,#4236);
#4234 = CARTESIAN_POINT('',(32.8,54.55,-7.6));
#4235 = DIRECTION('',(0.,0.,-1.));
#4236 = DIRECTION('',(1.,0.,0.));
#4237 = ADVANCED_FACE('',(#4238),#4249,.F.);
#4238 = FACE_BOUND('',#4239,.F.);
#4239 = EDGE_LOOP('',(#4240,#4241,#4247,#4248));
#4240 = ORIENTED_EDGE('',*,*,#3834,.F.);
#4241 = ORIENTED_EDGE('',*,*,#4242,.T.);
#4242 = EDGE_CURVE('',#3835,#2753,#4243,.T.);
#4243 = LINE('',#4244,#4245);
#4244 = CARTESIAN_POINT('',(84.9,54.55,-7.6));
#4245 = VECTOR('',#4246,1.);
#4246 = DIRECTION('',(0.,0.,1.));
#4247 = ORIENTED_EDGE('',*,*,#2752,.T.);
#4248 = ORIENTED_EDGE('',*,*,#4242,.F.);
#4249 = CYLINDRICAL_SURFACE('',#4250,2.1);
#4250 = AXIS2_PLACEMENT_3D('',#4251,#4252,#4253);
#4251 = CARTESIAN_POINT('',(82.8,54.55,-7.6));
#4252 = DIRECTION('',(0.,0.,-1.));
#4253 = DIRECTION('',(1.,0.,0.));
#4254 = ADVANCED_FACE('',(#4255,#4265),#4276,.T.);
#4255 = FACE_BOUND('',#4256,.T.);
#4256 = EDGE_LOOP('',(#4257,#4258,#4259,#4260,#4261,#4262,#4263,#4264));
#4257 = ORIENTED_EDGE('',*,*,#3235,.F.);
#4258 = ORIENTED_EDGE('',*,*,#3269,.F.);
#4259 = ORIENTED_EDGE('',*,*,#3088,.T.);
#4260 = ORIENTED_EDGE('',*,*,#3112,.T.);
#4261 = ORIENTED_EDGE('',*,*,#3137,.T.);
#4262 = ORIENTED_EDGE('',*,*,#3161,.F.);
#4263 = ORIENTED_EDGE('',*,*,#3177,.T.);
#4264 = ORIENTED_EDGE('',*,*,#3210,.T.);
#4265 = FACE_BOUND('',#4266,.T.);
#4266 = EDGE_LOOP('',(#4267));
#4267 = ORIENTED_EDGE('',*,*,#4268,.F.);
#4268 = EDGE_CURVE('',#4269,#4269,#4271,.T.);
#4269 = VERTEX_POINT('',#4270);
#4270 = CARTESIAN_POINT('',(-47.95,-25.65,-15.));
#4271 = CIRCLE('',#4272,3.);
#4272 = AXIS2_PLACEMENT_3D('',#4273,#4274,#4275);
#4273 = CARTESIAN_POINT('',(-50.95,-25.65,-15.));
#4274 = DIRECTION('',(0.,0.,-1.));
#4275 = DIRECTION('',(1.,0.,0.));
#4276 = PLANE('',#4277);
#4277 = AXIS2_PLACEMENT_3D('',#4278,#4279,#4280);
#4278 = CARTESIAN_POINT('',(-50.95,-26.65,-15.));
#4279 = DIRECTION('',(-0.,-0.,-1.));
#4280 = DIRECTION('',(-1.,0.,0.));
#4281 = ADVANCED_FACE('',(#4282,#4292),#4303,.T.);
#4282 = FACE_BOUND('',#4283,.T.);
#4283 = EDGE_LOOP('',(#4284,#4285,#4286,#4287,#4288,#4289,#4290,#4291));
#4284 = ORIENTED_EDGE('',*,*,#3463,.F.);
#4285 = ORIENTED_EDGE('',*,*,#3414,.F.);
#4286 = ORIENTED_EDGE('',*,*,#3065,.T.);
#4287 = ORIENTED_EDGE('',*,*,#3328,.T.);
#4288 = ORIENTED_EDGE('',*,*,#3365,.T.);
#4289 = ORIENTED_EDGE('',*,*,#3389,.F.);
#4290 = ORIENTED_EDGE('',*,*,#3430,.T.);
#4291 = ORIENTED_EDGE('',*,*,#3480,.T.);
#4292 = FACE_BOUND('',#4293,.T.);
#4293 = EDGE_LOOP('',(#4294));
#4294 = ORIENTED_EDGE('',*,*,#4295,.F.);
#4295 = EDGE_CURVE('',#4296,#4296,#4298,.T.);
#4296 = VERTEX_POINT('',#4297);
#4297 = CARTESIAN_POINT('',(42.05,-25.65,-15.));
#4298 = CIRCLE('',#4299,3.);
#4299 = AXIS2_PLACEMENT_3D('',#4300,#4301,#4302);
#4300 = CARTESIAN_POINT('',(39.05,-25.65,-15.));
#4301 = DIRECTION('',(0.,0.,-1.));
#4302 = DIRECTION('',(1.,0.,0.));
#4303 = PLANE('',#4304);
#4304 = AXIS2_PLACEMENT_3D('',#4305,#4306,#4307);
#4305 = CARTESIAN_POINT('',(39.050000000001,-26.64999999999,-15.));
#4306 = DIRECTION('',(-0.,-0.,-1.));
#4307 = DIRECTION('',(-1.,0.,0.));
#4308 = ADVANCED_FACE('',(#4309,#4319),#4330,.F.);
#4309 = FACE_BOUND('',#4310,.F.);
#4310 = EDGE_LOOP('',(#4311,#4312,#4313,#4314,#4315,#4316,#4317,#4318));
#4311 = ORIENTED_EDGE('',*,*,#3666,.F.);
#4312 = ORIENTED_EDGE('',*,*,#3625,.F.);
#4313 = ORIENTED_EDGE('',*,*,#3568,.F.);
#4314 = ORIENTED_EDGE('',*,*,#3552,.T.);
#4315 = ORIENTED_EDGE('',*,*,#3599,.F.);
#4316 = ORIENTED_EDGE('',*,*,#3650,.T.);
#4317 = ORIENTED_EDGE('',*,*,#3697,.F.);
#4318 = ORIENTED_EDGE('',*,*,#3716,.F.);
#4319 = FACE_BOUND('',#4320,.F.);
#4320 = EDGE_LOOP('',(#4321));
#4321 = ORIENTED_EDGE('',*,*,#4322,.T.);
#4322 = EDGE_CURVE('',#4323,#4323,#4325,.T.);
#4323 = VERTEX_POINT('',#4324);
#4324 = CARTESIAN_POINT('',(-67.95,71.35,-15.));
#4325 = CIRCLE('',#4326,3.);
#4326 = AXIS2_PLACEMENT_3D('',#4327,#4328,#4329);
#4327 = CARTESIAN_POINT('',(-70.95,71.35,-15.));
#4328 = DIRECTION('',(0.,0.,-1.));
#4329 = DIRECTION('',(1.,0.,0.));
#4330 = PLANE('',#4331);
#4331 = AXIS2_PLACEMENT_3D('',#4332,#4333,#4334);
#4332 = CARTESIAN_POINT('',(-3.449999999993,22.850000000019,-15.));
#4333 = DIRECTION('',(0.,0.,1.));
#4334 = DIRECTION('',(1.,0.,0.));
#4335 = ADVANCED_FACE('',(#4336,#4346),#4357,.F.);
#4336 = FACE_BOUND('',#4337,.F.);
#4337 = EDGE_LOOP('',(#4338,#4339,#4340,#4341,#4342,#4343,#4344,#4345));
#4338 = ORIENTED_EDGE('',*,*,#4013,.F.);
#4339 = ORIENTED_EDGE('',*,*,#4032,.F.);
#4340 = ORIENTED_EDGE('',*,*,#3982,.F.);
#4341 = ORIENTED_EDGE('',*,*,#3941,.T.);
#4342 = ORIENTED_EDGE('',*,*,#3884,.F.);
#4343 = ORIENTED_EDGE('',*,*,#3868,.T.);
#4344 = ORIENTED_EDGE('',*,*,#3915,.F.);
#4345 = ORIENTED_EDGE('',*,*,#3966,.F.);
#4346 = FACE_BOUND('',#4347,.F.);
#4347 = EDGE_LOOP('',(#4348));
#4348 = ORIENTED_EDGE('',*,*,#4349,.T.);
#4349 = EDGE_CURVE('',#4350,#4350,#4352,.T.);
#4350 = VERTEX_POINT('',#4351);
#4351 = CARTESIAN_POINT('',(72.05,71.35,-15.));
#4352 = CIRCLE('',#4353,3.);
#4353 = AXIS2_PLACEMENT_3D('',#4354,#4355,#4356);
#4354 = CARTESIAN_POINT('',(69.05,71.35,-15.));
#4355 = DIRECTION('',(0.,0.,-1.));
#4356 = DIRECTION('',(1.,0.,0.));
#4357 = PLANE('',#4358);
#4358 = AXIS2_PLACEMENT_3D('',#4359,#4360,#4361);
#4359 = CARTESIAN_POINT('',(-3.449999999993,22.850000000019,-15.));
#4360 = DIRECTION('',(0.,0.,1.));
#4361 = DIRECTION('',(1.,0.,0.));
#4362 = ADVANCED_FACE('',(#4363),#4382,.F.);
#4363 = FACE_BOUND('',#4364,.T.);
#4364 = EDGE_LOOP('',(#4365,#4373,#4374,#4375));
#4365 = ORIENTED_EDGE('',*,*,#4366,.T.);
#4366 = EDGE_CURVE('',#4367,#4269,#4369,.T.);
#4367 = VERTEX_POINT('',#4368);
#4368 = CARTESIAN_POINT('',(-47.95,-25.65,0.));
#4369 = LINE('',#4370,#4371);
#4370 = CARTESIAN_POINT('',(-47.95,-25.65,0.));
#4371 = VECTOR('',#4372,1.);
#4372 = DIRECTION('',(0.,0.,-1.));
#4373 = ORIENTED_EDGE('',*,*,#4268,.T.);
#4374 = ORIENTED_EDGE('',*,*,#4366,.F.);
#4375 = ORIENTED_EDGE('',*,*,#4376,.F.);
#4376 = EDGE_CURVE('',#4367,#4367,#4377,.T.);
#4377 = CIRCLE('',#4378,3.);
#4378 = AXIS2_PLACEMENT_3D('',#4379,#4380,#4381);
#4379 = CARTESIAN_POINT('',(-50.95,-25.65,0.));
#4380 = DIRECTION('',(0.,0.,-1.));
#4381 = DIRECTION('',(1.,0.,0.));
#4382 = CYLINDRICAL_SURFACE('',#4383,3.);
#4383 = AXIS2_PLACEMENT_3D('',#4384,#4385,#4386);
#4384 = CARTESIAN_POINT('',(-50.95,-25.65,0.));
#4385 = DIRECTION('',(0.,0.,1.));
#4386 = DIRECTION('',(1.,0.,0.));
#4387 = ADVANCED_FACE('',(#4388),#4407,.F.);
#4388 = FACE_BOUND('',#4389,.T.);
#4389 = EDGE_LOOP('',(#4390,#4398,#4399,#4400));
#4390 = ORIENTED_EDGE('',*,*,#4391,.T.);
#4391 = EDGE_CURVE('',#4392,#4296,#4394,.T.);
#4392 = VERTEX_POINT('',#4393);
#4393 = CARTESIAN_POINT('',(42.05,-25.65,0.));
#4394 = LINE('',#4395,#4396);
#4395 = CARTESIAN_POINT('',(42.05,-25.65,0.));
#4396 = VECTOR('',#4397,1.);
#4397 = DIRECTION('',(0.,0.,-1.));
#4398 = ORIENTED_EDGE('',*,*,#4295,.T.);
#4399 = ORIENTED_EDGE('',*,*,#4391,.F.);
#4400 = ORIENTED_EDGE('',*,*,#4401,.F.);
#4401 = EDGE_CURVE('',#4392,#4392,#4402,.T.);
#4402 = CIRCLE('',#4403,3.);
#4403 = AXIS2_PLACEMENT_3D('',#4404,#4405,#4406);
#4404 = CARTESIAN_POINT('',(39.05,-25.65,0.));
#4405 = DIRECTION('',(0.,0.,-1.));
#4406 = DIRECTION('',(1.,0.,0.));
#4407 = CYLINDRICAL_SURFACE('',#4408,3.);
#4408 = AXIS2_PLACEMENT_3D('',#4409,#4410,#4411);
#4409 = CARTESIAN_POINT('',(39.05,-25.65,0.));
#4410 = DIRECTION('',(0.,0.,1.));
#4411 = DIRECTION('',(1.,0.,0.));
#4412 = ADVANCED_FACE('',(#4413),#4432,.F.);
#4413 = FACE_BOUND('',#4414,.T.);
#4414 = EDGE_LOOP('',(#4415,#4423,#4424,#4425));
#4415 = ORIENTED_EDGE('',*,*,#4416,.T.);
#4416 = EDGE_CURVE('',#4417,#4323,#4419,.T.);
#4417 = VERTEX_POINT('',#4418);
#4418 = CARTESIAN_POINT('',(-67.95,71.35,0.));
#4419 = LINE('',#4420,#4421);
#4420 = CARTESIAN_POINT('',(-67.95,71.35,0.));
#4421 = VECTOR('',#4422,1.);
#4422 = DIRECTION('',(0.,0.,-1.));
#4423 = ORIENTED_EDGE('',*,*,#4322,.T.);
#4424 = ORIENTED_EDGE('',*,*,#4416,.F.);
#4425 = ORIENTED_EDGE('',*,*,#4426,.F.);
#4426 = EDGE_CURVE('',#4417,#4417,#4427,.T.);
#4427 = CIRCLE('',#4428,3.);
#4428 = AXIS2_PLACEMENT_3D('',#4429,#4430,#4431);
#4429 = CARTESIAN_POINT('',(-70.95,71.35,0.));
#4430 = DIRECTION('',(0.,0.,-1.));
#4431 = DIRECTION('',(1.,0.,0.));
#4432 = CYLINDRICAL_SURFACE('',#4433,3.);
#4433 = AXIS2_PLACEMENT_3D('',#4434,#4435,#4436);
#4434 = CARTESIAN_POINT('',(-70.95,71.35,0.));
#4435 = DIRECTION('',(0.,0.,1.));
#4436 = DIRECTION('',(1.,0.,0.));
#4437 = ADVANCED_FACE('',(#4438),#4457,.F.);
#4438 = FACE_BOUND('',#4439,.T.);
#4439 = EDGE_LOOP('',(#4440,#4448,#4449,#4450));
#4440 = ORIENTED_EDGE('',*,*,#4441,.T.);
#4441 = EDGE_CURVE('',#4442,#4350,#4444,.T.);
#4442 = VERTEX_POINT('',#4443);
#4443 = CARTESIAN_POINT('',(72.05,71.35,0.));
#4444 = LINE('',#4445,#4446);
#4445 = CARTESIAN_POINT('',(72.05,71.35,0.));
#4446 = VECTOR('',#4447,1.);
#4447 = DIRECTION('',(0.,0.,-1.));
#4448 = ORIENTED_EDGE('',*,*,#4349,.T.);
#4449 = ORIENTED_EDGE('',*,*,#4441,.F.);
#4450 = ORIENTED_EDGE('',*,*,#4451,.F.);
#4451 = EDGE_CURVE('',#4442,#4442,#4452,.T.);
#4452 = CIRCLE('',#4453,3.);
#4453 = AXIS2_PLACEMENT_3D('',#4454,#4455,#4456);
#4454 = CARTESIAN_POINT('',(69.05,71.35,0.));
#4455 = DIRECTION('',(0.,0.,-1.));
#4456 = DIRECTION('',(1.,0.,0.));
#4457 = CYLINDRICAL_SURFACE('',#4458,3.);
#4458 = AXIS2_PLACEMENT_3D('',#4459,#4460,#4461);
#4459 = CARTESIAN_POINT('',(69.05,71.35,0.));
#4460 = DIRECTION('',(0.,0.,1.));
#4461 = DIRECTION('',(1.,0.,0.));
#4462 = ADVANCED_FACE('',(#4463),#4466,.F.);
#4463 = FACE_BOUND('',#4464,.F.);
#4464 = EDGE_LOOP('',(#4465));
#4465 = ORIENTED_EDGE('',*,*,#4376,.F.);
#4466 = PLANE('',#4467);
#4467 = AXIS2_PLACEMENT_3D('',#4468,#4469,#4470);
#4468 = CARTESIAN_POINT('',(0.,0.,0.));
#4469 = DIRECTION('',(0.,0.,1.));
#4470 = DIRECTION('',(1.,0.,0.));
#4471 = ADVANCED_FACE('',(#4472),#4475,.F.);
#4472 = FACE_BOUND('',#4473,.F.);
#4473 = EDGE_LOOP('',(#4474));
#4474 = ORIENTED_EDGE('',*,*,#4401,.F.);
#4475 = PLANE('',#4476);
#4476 = AXIS2_PLACEMENT_3D('',#4477,#4478,#4479);
#4477 = CARTESIAN_POINT('',(0.,0.,0.));
#4478 = DIRECTION('',(0.,0.,1.));
#4479 = DIRECTION('',(1.,0.,0.));
#4480 = ADVANCED_FACE('',(#4481),#4484,.F.);
#4481 = FACE_BOUND('',#4482,.F.);
#4482 = EDGE_LOOP('',(#4483));
#4483 = ORIENTED_EDGE('',*,*,#4426,.F.);
#4484 = PLANE('',#4485);
#4485 = AXIS2_PLACEMENT_3D('',#4486,#4487,#4488);
#4486 = CARTESIAN_POINT('',(0.,0.,0.));
#4487 = DIRECTION('',(0.,0.,1.));
#4488 = DIRECTION('',(1.,0.,0.));
#4489 = ADVANCED_FACE('',(#4490),#4493,.F.);
#4490 = FACE_BOUND('',#4491,.F.);
#4491 = EDGE_LOOP('',(#4492));
#4492 = ORIENTED_EDGE('',*,*,#4451,.F.);
#4493 = PLANE('',#4494);
#4494 = AXIS2_PLACEMENT_3D('',#4495,#4496,#4497);
#4495 = CARTESIAN_POINT('',(0.,0.,0.));
#4496 = DIRECTION('',(0.,0.,1.));
#4497 = DIRECTION('',(1.,0.,0.));
#4498 = ( GEOMETRIC_REPRESENTATION_CONTEXT(3) 
GLOBAL_UNCERTAINTY_ASSIGNED_CONTEXT((#4502)) 
GLOBAL_UNIT_ASSIGNED_CONTEXT((#4499,#4500,#4501)) REPRESENTATION_CONTEXT
('Context #1','3D Context with UNIT and UNCERTAINTY') );
#4499 = ( LENGTH_UNIT() NAMED_UNIT(*) SI_UNIT(.MILLI.,.METRE.) );
#4500 = ( NAMED_UNIT(*) PLANE_ANGLE_UNIT() SI_UNIT($,.RADIAN.) );
#4501 = ( NAMED_UNIT(*) SI_UNIT($,.STERADIAN.) SOLID_ANGLE_UNIT() );
#4502 = UNCERTAINTY_MEASURE_WITH_UNIT(LENGTH_MEASURE(2.E-05),#4499,
  'distance_accuracy_value','confusion accuracy');
#4503 = PRODUCT_RELATED_PRODUCT_CATEGORY('part',$,(#7));
#4504 = MECHANICAL_DESIGN_GEOMETRIC_PRESENTATION_REPRESENTATION('',(
    #4505),#4498);
#4505 = STYLED_ITEM('color',(#4506),#15);
#4506 = PRESENTATION_STYLE_ASSIGNMENT((#4507,#4513));
#4507 = SURFACE_STYLE_USAGE(.BOTH.,#4508);
#4508 = SURFACE_SIDE_STYLE('',(#4509));
#4509 = SURFACE_STYLE_FILL_AREA(#4510);
#4510 = FILL_AREA_STYLE('',(#4511));
#4511 = FILL_AREA_STYLE_COLOUR('',#4512);
#4512 = COLOUR_RGB('',0.690297594764,0.831492722044,0.89771616367);
#4513 = CURVE_STYLE('',#4514,POSITIVE_LENGTH_MEASURE(0.1),#4515);
#4514 = DRAUGHTING_PRE_DEFINED_CURVE_FONT('continuous');
#4515 = DRAUGHTING_PRE_DEFINED_COLOUR('black');
ENDSEC;
END-ISO-10303-21;
