ISO-10303-21;
HEADER;
/* Generated by software containing ST-Developer
 * from STEP Tools, Inc. (www.steptools.com) 
 */
/* OPTION: using custom schema-name function */

FILE_DESCRIPTION(
/* description */ (''),
/* implementation_level */ '2;1');

FILE_NAME(
/* name */ '0528850274_stp.stp',
/* time_stamp */ '2026-03-12T08:27:38+05:30',
/* author */ (''),
/* organization */ (''),
/* preprocessor_version */ 'ST-DEVELOPER v19.4',
/* originating_system */ 'SIEMENS PLM Software NX2212.9160',
/* authorisation */ '');

FILE_SCHEMA (('AUTOMOTIVE_DESIGN { 1 0 10303 214 3 1 1 1 }'));
ENDSEC;

DATA;
#10=GEOMETRICALLY_BOUNDED_WIREFRAME_SHAPE_REPRESENTATION(
'0528850274_stp-None',(#25),#18604);
#11=SHAPE_REPRESENTATION_RELATIONSHIP('None',
'relationship between 0528850274_stp-None and 0528850274_stp-None',#24,
#13);
#12=SHAPE_REPRESENTATION_RELATIONSHIP('None',
'relationship between 0528850274_stp-None and 0528850274_stp-None',#24,
#10);
#13=ADVANCED_BREP_SHAPE_REPRESENTATION('0528850274_stp-None',(#31),#18604);
#14=SHAPE_DEFINITION_REPRESENTATION(#15,#24);
#15=PRODUCT_DEFINITION_SHAPE('','',#16);
#16=PRODUCT_DEFINITION(' ','',#18,#17);
#17=PRODUCT_DEFINITION_CONTEXT('part definition',#23,'design');
#18=PRODUCT_DEFINITION_FORMATION_WITH_SPECIFIED_SOURCE(' ',' ',#20,
 .NOT_KNOWN.);
#19=PRODUCT_RELATED_PRODUCT_CATEGORY('part','',(#20));
#20=PRODUCT('0528850274_stp','0528850274_stp',' ',(#21));
#21=PRODUCT_CONTEXT(' ',#23,'mechanical');
#22=APPLICATION_PROTOCOL_DEFINITION('international standard',
'automotive_design',2010,#23);
#23=APPLICATION_CONTEXT(
'core data for automotive mechanical design processes');
#24=SHAPE_REPRESENTATION('0528850274_stp-None',(#11594),#18604);
#25=GEOMETRIC_CURVE_SET('None',(#8658,#8659,#8660,#8661,#8662,#8663,#8664,
#8665,#8666,#8667,#8668,#8669,#8670,#8671,#8672,#8673,#8674,#8675,#8676,
#8677,#8678,#8679,#8680,#8681,#8682,#8683,#8684,#8685,#8686,#8687,#8688,
#8689,#8690,#8691,#8692,#8693,#8694,#8695,#8696,#8697,#8698,#8699,#8700,
#8701,#8702,#8703,#8704,#8705,#8706,#8707,#8708,#8709,#8710,#8711,#8712,
#8713,#8714,#8715,#8716,#8717,#8718,#8719,#8720,#8721,#8722,#8723,#8724,
#8725,#8726,#8727,#8728,#8729,#8730,#8731,#8732,#8733,#8734,#8735,#8736,
#8737,#8738,#8739,#8740,#8741,#8742,#8743,#8744,#8745,#8746,#8747,#8748,
#8749,#8750,#8751));
#26=SURFACE_STYLE_USAGE(.BOTH.,#27);
#27=SURFACE_SIDE_STYLE('',(#28));
#28=SURFACE_STYLE_FILL_AREA(#29);
#29=FILL_AREA_STYLE('',(#30));
#30=FILL_AREA_STYLE_COLOUR('',#8563);
#31=MANIFOLD_SOLID_BREP('0528850274_1',#32);
#32=CLOSED_SHELL('',(#198,#199,#200,#201,#202,#203,#204,#205,#206,#207,
#208,#209,#210,#211,#212,#213,#214,#215,#216,#217,#218,#219,#220,#221,#222,
#223,#224,#225,#226,#227,#228,#229,#230,#231,#232,#233,#234,#235,#236,#237,
#238,#239,#240,#241,#242,#243,#244,#245,#246,#247,#248,#249,#250,#251,#252,
#253,#254,#255,#256,#257,#258,#259,#260,#261,#262,#263,#264,#265,#266,#267,
#268,#269,#270,#271,#272,#273,#274,#275,#276,#277,#278,#279,#280,#281,#282,
#283,#284,#285,#286,#287,#288,#289,#290,#291,#292,#293,#294,#295,#296,#297,
#298,#299,#300,#301,#302,#303,#304,#305,#306,#307,#308,#309,#310,#311,#312,
#313,#314,#315,#316,#317,#318,#319,#320,#321,#322,#323,#324,#325,#326,#327,
#328,#329,#330,#331,#332,#333,#334,#335,#336,#337,#338,#339,#340,#341,#342,
#343,#344,#345,#346,#347,#348,#349,#350,#351,#352,#353,#354,#355,#356,#357,
#358,#359,#360,#361,#362,#363,#364,#365,#366,#367,#368,#369,#370,#371,#372,
#373,#374,#375,#376,#377,#378,#379,#380,#381,#382,#383,#384,#385,#386,#387,
#388,#389,#390,#391,#392,#393,#394,#395,#396,#397,#398,#399,#400,#401,#402,
#403,#404,#405,#406,#407,#408,#409,#410,#411,#412,#413,#414,#415,#416,#417,
#418,#419,#420,#421,#422,#423,#424,#425,#426,#427,#428,#429,#430,#431,#432,
#433,#434,#435,#436,#437,#438,#439,#440,#441,#442,#443,#444,#445,#446,#447,
#448,#449,#450,#451,#452,#453,#454,#455,#456,#457,#458,#459,#460,#461,#462,
#463,#464,#465,#466,#467,#468,#469,#470,#471,#472,#473,#474,#475,#476,#477,
#478,#479,#480,#481,#482,#483,#484,#485,#486,#487,#488,#489,#490,#491,#492,
#493,#494,#495,#496,#497,#498,#499,#500,#501,#502,#503,#504,#505,#506,#507,
#508,#509,#510,#511,#512,#513,#514,#515,#516,#517,#518,#519,#520,#521,#522,
#523,#524,#525,#526,#527,#528,#529,#530,#531,#532,#533,#534,#535,#536,#537,
#538,#539,#540,#541,#542,#543,#544,#545,#546,#547,#548,#549,#550,#551,#552,
#553,#554,#555,#556,#557,#558,#559,#560,#561,#562,#563,#564,#565,#566,#567,
#568,#569,#570,#571,#572,#573,#574,#575,#576,#577,#578,#579,#580,#581,#582,
#583,#584,#585,#586,#587,#588,#589,#590,#591,#592,#593,#594,#595,#596,#597,
#598,#599,#600,#601,#602,#603,#604,#605,#606,#607,#608,#609,#610,#611,#612,
#613,#614,#615,#616,#617,#618,#619,#620,#621,#622,#623,#624,#625,#626,#627,
#628,#629,#630,#631,#632,#633,#634,#635,#636,#637,#638,#639,#640,#641,#642,
#643,#644,#645,#646,#647,#648,#649,#650,#651,#652,#653,#654,#655,#656,#657,
#658,#659,#660,#661,#662,#663,#664,#665,#666,#667,#668,#669,#670,#671,#672,
#673,#674,#675,#676,#677,#678,#679,#680,#681,#682,#683,#684,#685,#686,#687,
#688,#689,#690,#691,#692,#693,#694,#695,#696,#697,#698,#699,#700,#701,#702,
#703,#704,#705,#706,#707,#708,#709,#710,#711,#712,#713,#714,#715,#716,#717,
#718,#719,#720,#721,#722,#723,#724,#725,#726,#727,#728,#729,#730,#731,#732,
#733,#734,#735,#736,#737,#738,#739,#740,#741,#742,#743,#744,#745,#746,#747,
#748,#749,#750,#751,#752,#753,#754,#755,#756,#757,#758,#759,#760,#761));
#33=FACE_BOUND('',#2262,.T.);
#34=FACE_BOUND('',#2263,.T.);
#35=FACE_BOUND('',#2264,.T.);
#36=FACE_BOUND('',#2265,.T.);
#37=FACE_BOUND('',#2266,.T.);
#38=FACE_BOUND('',#2267,.T.);
#39=FACE_BOUND('',#2268,.T.);
#40=FACE_BOUND('',#2269,.T.);
#41=FACE_BOUND('',#2270,.T.);
#42=FACE_BOUND('',#2271,.T.);
#43=FACE_BOUND('',#2272,.T.);
#44=FACE_BOUND('',#2273,.T.);
#45=FACE_BOUND('',#2274,.T.);
#46=FACE_BOUND('',#2275,.T.);
#47=FACE_BOUND('',#2276,.T.);
#48=FACE_BOUND('',#2277,.T.);
#49=FACE_BOUND('',#2278,.T.);
#50=FACE_BOUND('',#2279,.T.);
#51=FACE_BOUND('',#2280,.T.);
#52=FACE_BOUND('',#2281,.T.);
#53=FACE_BOUND('',#2282,.T.);
#54=FACE_BOUND('',#2290,.T.);
#55=FACE_BOUND('',#2291,.T.);
#56=FACE_BOUND('',#2292,.T.);
#57=FACE_BOUND('',#2293,.T.);
#58=FACE_BOUND('',#2294,.T.);
#59=FACE_BOUND('',#2295,.T.);
#60=FACE_BOUND('',#2296,.T.);
#61=FACE_BOUND('',#2297,.T.);
#62=FACE_BOUND('',#2298,.T.);
#63=FACE_BOUND('',#2299,.T.);
#64=FACE_BOUND('',#2300,.T.);
#65=FACE_BOUND('',#2312,.T.);
#66=FACE_BOUND('',#2313,.T.);
#67=FACE_BOUND('',#2314,.T.);
#68=FACE_BOUND('',#2315,.T.);
#69=FACE_BOUND('',#2316,.T.);
#70=FACE_BOUND('',#2317,.T.);
#71=FACE_BOUND('',#2318,.T.);
#72=FACE_BOUND('',#2319,.T.);
#73=FACE_BOUND('',#2320,.T.);
#74=FACE_BOUND('',#2321,.T.);
#75=FACE_BOUND('',#2322,.T.);
#76=FACE_BOUND('',#2323,.T.);
#77=FACE_BOUND('',#2324,.T.);
#78=FACE_BOUND('',#2342,.T.);
#79=FACE_BOUND('',#2343,.T.);
#80=FACE_BOUND('',#2344,.T.);
#81=FACE_BOUND('',#2345,.T.);
#82=FACE_BOUND('',#2348,.T.);
#83=FACE_BOUND('',#2349,.T.);
#84=FACE_BOUND('',#2350,.T.);
#85=FACE_BOUND('',#2351,.T.);
#86=FACE_BOUND('',#2352,.T.);
#87=FACE_BOUND('',#2353,.T.);
#88=FACE_BOUND('',#2354,.T.);
#89=FACE_BOUND('',#2355,.T.);
#90=CYLINDRICAL_SURFACE('',#11609,0.3);
#91=CYLINDRICAL_SURFACE('',#11620,0.3);
#92=CYLINDRICAL_SURFACE('',#11634,0.4);
#93=CYLINDRICAL_SURFACE('',#11639,0.4);
#94=CYLINDRICAL_SURFACE('',#11652,0.404);
#95=CYLINDRICAL_SURFACE('',#11661,0.15);
#96=CYLINDRICAL_SURFACE('',#11665,0.404);
#97=CYLINDRICAL_SURFACE('',#11673,0.15);
#98=CYLINDRICAL_SURFACE('',#11683,0.404);
#99=CYLINDRICAL_SURFACE('',#11687,0.15);
#100=CYLINDRICAL_SURFACE('',#11691,0.15);
#101=CYLINDRICAL_SURFACE('',#11695,0.404);
#102=CYLINDRICAL_SURFACE('',#11732,0.3);
#103=CYLINDRICAL_SURFACE('',#11736,0.3);
#104=CYLINDRICAL_SURFACE('',#11739,0.3);
#105=CYLINDRICAL_SURFACE('',#11743,0.3);
#106=CYLINDRICAL_SURFACE('',#11754,0.3);
#107=CYLINDRICAL_SURFACE('',#11765,0.3);
#108=CYLINDRICAL_SURFACE('',#11770,0.3);
#109=CYLINDRICAL_SURFACE('',#11776,0.3);
#110=CYLINDRICAL_SURFACE('',#11831,0.5);
#111=CYLINDRICAL_SURFACE('',#11836,0.5);
#112=CYLINDRICAL_SURFACE('',#11841,0.1);
#113=CYLINDRICAL_SURFACE('',#11849,0.3);
#114=CYLINDRICAL_SURFACE('',#11853,0.3);
#115=CYLINDRICAL_SURFACE('',#11861,0.1);
#116=CYLINDRICAL_SURFACE('',#11879,0.5);
#117=CYLINDRICAL_SURFACE('',#11884,0.5);
#118=CYLINDRICAL_SURFACE('',#11889,0.3);
#119=CYLINDRICAL_SURFACE('',#11897,0.1);
#120=CYLINDRICAL_SURFACE('',#11901,0.1);
#121=CYLINDRICAL_SURFACE('',#11909,0.3);
#122=CYLINDRICAL_SURFACE('',#11927,0.5);
#123=CYLINDRICAL_SURFACE('',#11932,0.5);
#124=CYLINDRICAL_SURFACE('',#11937,0.3);
#125=CYLINDRICAL_SURFACE('',#11945,0.1);
#126=CYLINDRICAL_SURFACE('',#11949,0.1);
#127=CYLINDRICAL_SURFACE('',#11957,0.3);
#128=CYLINDRICAL_SURFACE('',#11975,0.5);
#129=CYLINDRICAL_SURFACE('',#11980,0.5);
#130=CYLINDRICAL_SURFACE('',#11985,0.3);
#131=CYLINDRICAL_SURFACE('',#11993,0.1);
#132=CYLINDRICAL_SURFACE('',#11997,0.1);
#133=CYLINDRICAL_SURFACE('',#12005,0.3);
#134=CYLINDRICAL_SURFACE('',#12023,0.5);
#135=CYLINDRICAL_SURFACE('',#12028,0.5);
#136=CYLINDRICAL_SURFACE('',#12033,0.3);
#137=CYLINDRICAL_SURFACE('',#12041,0.1);
#138=CYLINDRICAL_SURFACE('',#12045,0.1);
#139=CYLINDRICAL_SURFACE('',#12053,0.3);
#140=CYLINDRICAL_SURFACE('',#12071,0.5);
#141=CYLINDRICAL_SURFACE('',#12076,0.5);
#142=CYLINDRICAL_SURFACE('',#12081,0.3);
#143=CYLINDRICAL_SURFACE('',#12089,0.1);
#144=CYLINDRICAL_SURFACE('',#12093,0.1);
#145=CYLINDRICAL_SURFACE('',#12101,0.3);
#146=CYLINDRICAL_SURFACE('',#12119,0.5);
#147=CYLINDRICAL_SURFACE('',#12124,0.5);
#148=CYLINDRICAL_SURFACE('',#12129,0.3);
#149=CYLINDRICAL_SURFACE('',#12137,0.1);
#150=CYLINDRICAL_SURFACE('',#12141,0.1);
#151=CYLINDRICAL_SURFACE('',#12149,0.3);
#152=CYLINDRICAL_SURFACE('',#12167,0.5);
#153=CYLINDRICAL_SURFACE('',#12172,0.5);
#154=CYLINDRICAL_SURFACE('',#12177,0.3);
#155=CYLINDRICAL_SURFACE('',#12185,0.1);
#156=CYLINDRICAL_SURFACE('',#12189,0.1);
#157=CYLINDRICAL_SURFACE('',#12197,0.3);
#158=CYLINDRICAL_SURFACE('',#12215,0.5);
#159=CYLINDRICAL_SURFACE('',#12220,0.5);
#160=CYLINDRICAL_SURFACE('',#12225,0.3);
#161=CYLINDRICAL_SURFACE('',#12233,0.1);
#162=CYLINDRICAL_SURFACE('',#12245,0.1);
#163=CYLINDRICAL_SURFACE('',#12252,0.3);
#164=CYLINDRICAL_SURFACE('',#12257,0.3);
#165=CYLINDRICAL_SURFACE('',#12265,0.1);
#166=CYLINDRICAL_SURFACE('',#12270,0.1);
#167=CYLINDRICAL_SURFACE('',#12278,0.3);
#168=CYLINDRICAL_SURFACE('',#12302,0.5);
#169=CYLINDRICAL_SURFACE('',#12307,0.5);
#170=CYLINDRICAL_SURFACE('',#12354,0.5);
#171=CYLINDRICAL_SURFACE('',#12355,0.5);
#172=CYLINDRICAL_SURFACE('',#12356,0.5);
#173=CYLINDRICAL_SURFACE('',#12357,0.5);
#174=CYLINDRICAL_SURFACE('',#12358,0.5);
#175=CYLINDRICAL_SURFACE('',#12359,0.5);
#176=CYLINDRICAL_SURFACE('',#12360,0.5);
#177=CYLINDRICAL_SURFACE('',#12361,0.5);
#178=CYLINDRICAL_SURFACE('',#12362,0.5);
#179=CYLINDRICAL_SURFACE('',#12363,0.5);
#180=CYLINDRICAL_SURFACE('',#12364,0.5);
#181=CYLINDRICAL_SURFACE('',#12365,0.5);
#182=CYLINDRICAL_SURFACE('',#12366,0.5);
#183=CYLINDRICAL_SURFACE('',#12367,0.5);
#184=CYLINDRICAL_SURFACE('',#12368,0.5);
#185=CYLINDRICAL_SURFACE('',#12369,0.5);
#186=CYLINDRICAL_SURFACE('',#12370,0.5);
#187=CYLINDRICAL_SURFACE('',#12371,0.5);
#188=CYLINDRICAL_SURFACE('',#12372,0.5);
#189=CYLINDRICAL_SURFACE('',#12373,0.5);
#190=CONICAL_SURFACE('',#11602,0.1542428103995,44.9999999999915);
#191=CONICAL_SURFACE('',#11604,0.1542428103995,44.9999999999915);
#192=CONICAL_SURFACE('',#11623,0.2499999999768,44.9999999999915);
#193=CONICAL_SURFACE('',#11629,0.2499999999768,44.9999999999915);
#194=CONICAL_SURFACE('',#12374,0.2499999999768,44.9999999999915);
#195=CONICAL_SURFACE('',#12375,0.2499999999768,44.9999999999915);
#196=CONICAL_SURFACE('',#12376,0.1542428103995,44.9999999999915);
#197=CONICAL_SURFACE('',#12377,0.1542428103995,44.9999999999915);
#198=ADVANCED_FACE('',(#1218),#762,.T.);
#199=ADVANCED_FACE('',(#1219),#763,.T.);
#200=ADVANCED_FACE('',(#1220),#190,.T.);
#201=ADVANCED_FACE('',(#1221),#191,.T.);
#202=ADVANCED_FACE('',(#1222),#90,.T.);
#203=ADVANCED_FACE('',(#1223),#764,.T.);
#204=ADVANCED_FACE('',(#1224),#765,.T.);
#205=ADVANCED_FACE('',(#1225),#766,.T.);
#206=ADVANCED_FACE('',(#1226),#767,.T.);
#207=ADVANCED_FACE('',(#1227),#768,.T.);
#208=ADVANCED_FACE('',(#1228),#769,.T.);
#209=ADVANCED_FACE('',(#1229),#91,.T.);
#210=ADVANCED_FACE('',(#1230),#192,.T.);
#211=ADVANCED_FACE('',(#1231),#770,.F.);
#212=ADVANCED_FACE('',(#1232),#193,.T.);
#213=ADVANCED_FACE('',(#1233),#92,.T.);
#214=ADVANCED_FACE('',(#1234),#93,.T.);
#215=ADVANCED_FACE('',(#1235),#771,.T.);
#216=ADVANCED_FACE('',(#1236),#772,.T.);
#217=ADVANCED_FACE('',(#1237),#773,.T.);
#218=ADVANCED_FACE('',(#1238),#774,.T.);
#219=ADVANCED_FACE('',(#1239),#775,.T.);
#220=ADVANCED_FACE('',(#1240),#776,.T.);
#221=ADVANCED_FACE('',(#1241),#777,.T.);
#222=ADVANCED_FACE('',(#1242),#778,.T.);
#223=ADVANCED_FACE('',(#1243),#779,.T.);
#224=ADVANCED_FACE('',(#1244),#780,.T.);
#225=ADVANCED_FACE('',(#1245),#94,.T.);
#226=ADVANCED_FACE('',(#1246),#781,.F.);
#227=ADVANCED_FACE('',(#1247),#782,.F.);
#228=ADVANCED_FACE('',(#1248),#783,.F.);
#229=ADVANCED_FACE('',(#1249),#784,.F.);
#230=ADVANCED_FACE('',(#1250),#785,.T.);
#231=ADVANCED_FACE('',(#1251),#95,.F.);
#232=ADVANCED_FACE('',(#1252),#786,.F.);
#233=ADVANCED_FACE('',(#1253),#96,.T.);
#234=ADVANCED_FACE('',(#1254),#787,.T.);
#235=ADVANCED_FACE('',(#1255),#788,.F.);
#236=ADVANCED_FACE('',(#1256),#789,.F.);
#237=ADVANCED_FACE('',(#1257),#790,.T.);
#238=ADVANCED_FACE('',(#1258),#791,.T.);
#239=ADVANCED_FACE('',(#1259),#792,.T.);
#240=ADVANCED_FACE('',(#1260),#97,.F.);
#241=ADVANCED_FACE('',(#1261),#793,.T.);
#242=ADVANCED_FACE('',(#1262),#794,.F.);
#243=ADVANCED_FACE('',(#1263),#795,.T.);
#244=ADVANCED_FACE('',(#1264),#796,.F.);
#245=ADVANCED_FACE('',(#1265),#797,.F.);
#246=ADVANCED_FACE('',(#1266),#798,.F.);
#247=ADVANCED_FACE('',(#1267),#799,.F.);
#248=ADVANCED_FACE('',(#1268),#98,.T.);
#249=ADVANCED_FACE('',(#1269),#800,.F.);
#250=ADVANCED_FACE('',(#1270),#99,.F.);
#251=ADVANCED_FACE('',(#1271),#801,.T.);
#252=ADVANCED_FACE('',(#1272),#100,.F.);
#253=ADVANCED_FACE('',(#1273),#802,.F.);
#254=ADVANCED_FACE('',(#1274),#101,.T.);
#255=ADVANCED_FACE('',(#1275),#803,.T.);
#256=ADVANCED_FACE('',(#1276),#804,.F.);
#257=ADVANCED_FACE('',(#1277),#805,.T.);
#258=ADVANCED_FACE('',(#1278),#806,.T.);
#259=ADVANCED_FACE('',(#1279),#807,.T.);
#260=ADVANCED_FACE('',(#1280),#808,.T.);
#261=ADVANCED_FACE('',(#1281),#809,.T.);
#262=ADVANCED_FACE('',(#1282),#810,.T.);
#263=ADVANCED_FACE('',(#1283),#811,.T.);
#264=ADVANCED_FACE('',(#1284),#812,.T.);
#265=ADVANCED_FACE('',(#1285),#813,.T.);
#266=ADVANCED_FACE('',(#1286),#814,.F.);
#267=ADVANCED_FACE('',(#1287),#815,.T.);
#268=ADVANCED_FACE('',(#1288),#816,.F.);
#269=ADVANCED_FACE('',(#1289),#817,.F.);
#270=ADVANCED_FACE('',(#1290),#818,.F.);
#271=ADVANCED_FACE('',(#1291),#819,.F.);
#272=ADVANCED_FACE('',(#1292),#820,.F.);
#273=ADVANCED_FACE('',(#1293),#821,.F.);
#274=ADVANCED_FACE('',(#1294),#822,.T.);
#275=ADVANCED_FACE('',(#1295),#823,.T.);
#276=ADVANCED_FACE('',(#1296),#824,.T.);
#277=ADVANCED_FACE('',(#1297),#825,.T.);
#278=ADVANCED_FACE('',(#1298),#826,.T.);
#279=ADVANCED_FACE('',(#1299),#827,.T.);
#280=ADVANCED_FACE('',(#1300),#828,.T.);
#281=ADVANCED_FACE('',(#1301),#829,.T.);
#282=ADVANCED_FACE('',(#1302),#830,.T.);
#283=ADVANCED_FACE('',(#1303),#831,.F.);
#284=ADVANCED_FACE('',(#1304),#832,.F.);
#285=ADVANCED_FACE('',(#1305),#833,.F.);
#286=ADVANCED_FACE('',(#1306),#834,.F.);
#287=ADVANCED_FACE('',(#1307),#835,.F.);
#288=ADVANCED_FACE('',(#1308),#836,.F.);
#289=ADVANCED_FACE('',(#1309),#102,.T.);
#290=ADVANCED_FACE('',(#1310),#837,.T.);
#291=ADVANCED_FACE('',(#1311),#103,.T.);
#292=ADVANCED_FACE('',(#1312),#104,.T.);
#293=ADVANCED_FACE('',(#1313),#838,.T.);
#294=ADVANCED_FACE('',(#1314),#105,.T.);
#295=ADVANCED_FACE('',(#1315),#839,.F.);
#296=ADVANCED_FACE('',(#1316),#840,.F.);
#297=ADVANCED_FACE('',(#1317),#841,.F.);
#298=ADVANCED_FACE('',(#1318),#842,.T.);
#299=ADVANCED_FACE('',(#1319),#843,.F.);
#300=ADVANCED_FACE('',(#1320),#844,.F.);
#301=ADVANCED_FACE('',(#1321),#845,.F.);
#302=ADVANCED_FACE('',(#1322),#846,.F.);
#303=ADVANCED_FACE('',(#1323),#106,.T.);
#304=ADVANCED_FACE('',(#1324),#847,.F.);
#305=ADVANCED_FACE('',(#1325),#848,.F.);
#306=ADVANCED_FACE('',(#1326),#849,.F.);
#307=ADVANCED_FACE('',(#1327),#850,.F.);
#308=ADVANCED_FACE('',(#1328),#851,.F.);
#309=ADVANCED_FACE('',(#1329),#852,.F.);
#310=ADVANCED_FACE('',(#1330),#853,.F.);
#311=ADVANCED_FACE('',(#1331),#854,.F.);
#312=ADVANCED_FACE('',(#1332),#107,.T.);
#313=ADVANCED_FACE('',(#1333),#855,.F.);
#314=ADVANCED_FACE('',(#1334),#856,.F.);
#315=ADVANCED_FACE('',(#1335),#108,.T.);
#316=ADVANCED_FACE('',(#1336),#857,.F.);
#317=ADVANCED_FACE('',(#1337),#858,.F.);
#318=ADVANCED_FACE('',(#1338),#859,.F.);
#319=ADVANCED_FACE('',(#1339),#109,.T.);
#320=ADVANCED_FACE('',(#1340),#860,.T.);
#321=ADVANCED_FACE('',(#1341),#861,.T.);
#322=ADVANCED_FACE('',(#1342),#862,.F.);
#323=ADVANCED_FACE('',(#1343),#863,.T.);
#324=ADVANCED_FACE('',(#1344),#864,.T.);
#325=ADVANCED_FACE('',(#1345),#865,.F.);
#326=ADVANCED_FACE('',(#1346),#866,.T.);
#327=ADVANCED_FACE('',(#1347),#867,.T.);
#328=ADVANCED_FACE('',(#1348),#868,.F.);
#329=ADVANCED_FACE('',(#1349),#869,.F.);
#330=ADVANCED_FACE('',(#1350),#870,.T.);
#331=ADVANCED_FACE('',(#1351),#871,.F.);
#332=ADVANCED_FACE('',(#1352),#872,.F.);
#333=ADVANCED_FACE('',(#1353),#873,.F.);
#334=ADVANCED_FACE('',(#1354),#874,.F.);
#335=ADVANCED_FACE('',(#1355),#875,.F.);
#336=ADVANCED_FACE('',(#1356),#876,.T.);
#337=ADVANCED_FACE('',(#1357),#877,.T.);
#338=ADVANCED_FACE('',(#1358),#878,.T.);
#339=ADVANCED_FACE('',(#1359),#879,.T.);
#340=ADVANCED_FACE('',(#1360),#880,.F.);
#341=ADVANCED_FACE('',(#1361),#881,.F.);
#342=ADVANCED_FACE('',(#1362),#882,.F.);
#343=ADVANCED_FACE('',(#1363),#883,.F.);
#344=ADVANCED_FACE('',(#1364),#884,.F.);
#345=ADVANCED_FACE('',(#1365),#885,.F.);
#346=ADVANCED_FACE('',(#1366),#886,.F.);
#347=ADVANCED_FACE('',(#1367),#887,.F.);
#348=ADVANCED_FACE('',(#1368),#888,.F.);
#349=ADVANCED_FACE('',(#1369),#889,.T.);
#350=ADVANCED_FACE('',(#1370),#890,.T.);
#351=ADVANCED_FACE('',(#1371),#891,.T.);
#352=ADVANCED_FACE('',(#1372),#892,.F.);
#353=ADVANCED_FACE('',(#1373),#893,.F.);
#354=ADVANCED_FACE('',(#1374),#894,.F.);
#355=ADVANCED_FACE('',(#1375),#895,.T.);
#356=ADVANCED_FACE('',(#1376),#896,.F.);
#357=ADVANCED_FACE('',(#1377),#897,.F.);
#358=ADVANCED_FACE('',(#1378),#898,.F.);
#359=ADVANCED_FACE('',(#1379),#899,.F.);
#360=ADVANCED_FACE('',(#1380),#900,.F.);
#361=ADVANCED_FACE('',(#1381),#901,.F.);
#362=ADVANCED_FACE('',(#1382),#902,.T.);
#363=ADVANCED_FACE('',(#1383),#903,.T.);
#364=ADVANCED_FACE('',(#1384),#904,.T.);
#365=ADVANCED_FACE('',(#1385),#905,.T.);
#366=ADVANCED_FACE('',(#1386),#906,.F.);
#367=ADVANCED_FACE('',(#1387),#907,.F.);
#368=ADVANCED_FACE('',(#1388),#908,.F.);
#369=ADVANCED_FACE('',(#1389),#909,.F.);
#370=ADVANCED_FACE('',(#1390),#910,.F.);
#371=ADVANCED_FACE('',(#1391),#911,.T.);
#372=ADVANCED_FACE('',(#1392),#110,.T.);
#373=ADVANCED_FACE('',(#1393),#912,.T.);
#374=ADVANCED_FACE('',(#1394),#913,.T.);
#375=ADVANCED_FACE('',(#1395),#111,.T.);
#376=ADVANCED_FACE('',(#1396),#914,.T.);
#377=ADVANCED_FACE('',(#1397),#915,.T.);
#378=ADVANCED_FACE('',(#1398),#112,.F.);
#379=ADVANCED_FACE('',(#1399),#916,.T.);
#380=ADVANCED_FACE('',(#1400),#917,.T.);
#381=ADVANCED_FACE('',(#1401),#918,.T.);
#382=ADVANCED_FACE('',(#1402),#919,.T.);
#383=ADVANCED_FACE('',(#1403),#920,.T.);
#384=ADVANCED_FACE('',(#1404),#113,.T.);
#385=ADVANCED_FACE('',(#1405),#921,.T.);
#386=ADVANCED_FACE('',(#1406),#114,.T.);
#387=ADVANCED_FACE('',(#1407),#922,.T.);
#388=ADVANCED_FACE('',(#1408),#923,.T.);
#389=ADVANCED_FACE('',(#1409),#924,.T.);
#390=ADVANCED_FACE('',(#1410),#925,.T.);
#391=ADVANCED_FACE('',(#1411),#926,.T.);
#392=ADVANCED_FACE('',(#1412),#115,.F.);
#393=ADVANCED_FACE('',(#1413),#927,.T.);
#394=ADVANCED_FACE('',(#1414),#928,.T.);
#395=ADVANCED_FACE('',(#1415),#929,.T.);
#396=ADVANCED_FACE('',(#1416),#930,.T.);
#397=ADVANCED_FACE('',(#1417),#931,.T.);
#398=ADVANCED_FACE('',(#1418),#932,.T.);
#399=ADVANCED_FACE('',(#1419),#933,.F.);
#400=ADVANCED_FACE('',(#1420),#934,.F.);
#401=ADVANCED_FACE('',(#1421),#935,.F.);
#402=ADVANCED_FACE('',(#1422),#936,.F.);
#403=ADVANCED_FACE('',(#1423),#937,.T.);
#404=ADVANCED_FACE('',(#1424),#116,.T.);
#405=ADVANCED_FACE('',(#1425),#938,.T.);
#406=ADVANCED_FACE('',(#1426),#939,.T.);
#407=ADVANCED_FACE('',(#1427),#117,.T.);
#408=ADVANCED_FACE('',(#1428),#940,.T.);
#409=ADVANCED_FACE('',(#1429),#941,.T.);
#410=ADVANCED_FACE('',(#1430),#118,.T.);
#411=ADVANCED_FACE('',(#1431),#942,.T.);
#412=ADVANCED_FACE('',(#1432),#943,.T.);
#413=ADVANCED_FACE('',(#1433),#944,.T.);
#414=ADVANCED_FACE('',(#1434),#945,.T.);
#415=ADVANCED_FACE('',(#1435),#946,.T.);
#416=ADVANCED_FACE('',(#1436),#119,.F.);
#417=ADVANCED_FACE('',(#1437),#947,.T.);
#418=ADVANCED_FACE('',(#1438),#120,.F.);
#419=ADVANCED_FACE('',(#1439),#948,.T.);
#420=ADVANCED_FACE('',(#1440),#949,.T.);
#421=ADVANCED_FACE('',(#1441),#950,.T.);
#422=ADVANCED_FACE('',(#1442),#951,.T.);
#423=ADVANCED_FACE('',(#1443),#952,.T.);
#424=ADVANCED_FACE('',(#1444),#121,.T.);
#425=ADVANCED_FACE('',(#1445),#953,.T.);
#426=ADVANCED_FACE('',(#1446),#954,.F.);
#427=ADVANCED_FACE('',(#1447),#955,.F.);
#428=ADVANCED_FACE('',(#1448),#956,.F.);
#429=ADVANCED_FACE('',(#1449),#957,.F.);
#430=ADVANCED_FACE('',(#1450),#958,.T.);
#431=ADVANCED_FACE('',(#1451),#959,.T.);
#432=ADVANCED_FACE('',(#1452),#960,.T.);
#433=ADVANCED_FACE('',(#1453),#961,.T.);
#434=ADVANCED_FACE('',(#1454),#962,.T.);
#435=ADVANCED_FACE('',(#1455),#963,.T.);
#436=ADVANCED_FACE('',(#1456),#122,.T.);
#437=ADVANCED_FACE('',(#1457),#964,.T.);
#438=ADVANCED_FACE('',(#1458),#965,.T.);
#439=ADVANCED_FACE('',(#1459),#123,.T.);
#440=ADVANCED_FACE('',(#1460),#966,.T.);
#441=ADVANCED_FACE('',(#1461),#967,.T.);
#442=ADVANCED_FACE('',(#1462),#124,.T.);
#443=ADVANCED_FACE('',(#1463),#968,.T.);
#444=ADVANCED_FACE('',(#1464),#969,.T.);
#445=ADVANCED_FACE('',(#1465),#970,.T.);
#446=ADVANCED_FACE('',(#1466),#971,.T.);
#447=ADVANCED_FACE('',(#1467),#972,.T.);
#448=ADVANCED_FACE('',(#1468),#125,.F.);
#449=ADVANCED_FACE('',(#1469),#973,.T.);
#450=ADVANCED_FACE('',(#1470),#126,.F.);
#451=ADVANCED_FACE('',(#1471),#974,.T.);
#452=ADVANCED_FACE('',(#1472),#975,.T.);
#453=ADVANCED_FACE('',(#1473),#976,.T.);
#454=ADVANCED_FACE('',(#1474),#977,.T.);
#455=ADVANCED_FACE('',(#1475),#978,.T.);
#456=ADVANCED_FACE('',(#1476),#127,.T.);
#457=ADVANCED_FACE('',(#1477),#979,.T.);
#458=ADVANCED_FACE('',(#1478),#980,.F.);
#459=ADVANCED_FACE('',(#1479),#981,.F.);
#460=ADVANCED_FACE('',(#1480),#982,.F.);
#461=ADVANCED_FACE('',(#1481),#983,.F.);
#462=ADVANCED_FACE('',(#1482),#984,.T.);
#463=ADVANCED_FACE('',(#1483),#985,.T.);
#464=ADVANCED_FACE('',(#1484),#986,.T.);
#465=ADVANCED_FACE('',(#1485),#987,.T.);
#466=ADVANCED_FACE('',(#1486),#988,.T.);
#467=ADVANCED_FACE('',(#1487),#989,.T.);
#468=ADVANCED_FACE('',(#1488),#128,.T.);
#469=ADVANCED_FACE('',(#1489),#990,.T.);
#470=ADVANCED_FACE('',(#1490),#991,.T.);
#471=ADVANCED_FACE('',(#1491),#129,.T.);
#472=ADVANCED_FACE('',(#1492),#992,.T.);
#473=ADVANCED_FACE('',(#1493),#993,.T.);
#474=ADVANCED_FACE('',(#1494),#130,.T.);
#475=ADVANCED_FACE('',(#1495),#994,.T.);
#476=ADVANCED_FACE('',(#1496),#995,.T.);
#477=ADVANCED_FACE('',(#1497),#996,.T.);
#478=ADVANCED_FACE('',(#1498),#997,.T.);
#479=ADVANCED_FACE('',(#1499),#998,.T.);
#480=ADVANCED_FACE('',(#1500),#131,.F.);
#481=ADVANCED_FACE('',(#1501),#999,.T.);
#482=ADVANCED_FACE('',(#1502),#132,.F.);
#483=ADVANCED_FACE('',(#1503),#1000,.T.);
#484=ADVANCED_FACE('',(#1504),#1001,.T.);
#485=ADVANCED_FACE('',(#1505),#1002,.T.);
#486=ADVANCED_FACE('',(#1506),#1003,.T.);
#487=ADVANCED_FACE('',(#1507),#1004,.T.);
#488=ADVANCED_FACE('',(#1508),#133,.T.);
#489=ADVANCED_FACE('',(#1509),#1005,.T.);
#490=ADVANCED_FACE('',(#1510),#1006,.F.);
#491=ADVANCED_FACE('',(#1511),#1007,.F.);
#492=ADVANCED_FACE('',(#1512),#1008,.F.);
#493=ADVANCED_FACE('',(#1513),#1009,.F.);
#494=ADVANCED_FACE('',(#1514),#1010,.T.);
#495=ADVANCED_FACE('',(#1515),#1011,.T.);
#496=ADVANCED_FACE('',(#1516),#1012,.T.);
#497=ADVANCED_FACE('',(#1517),#1013,.T.);
#498=ADVANCED_FACE('',(#1518),#1014,.T.);
#499=ADVANCED_FACE('',(#1519),#1015,.T.);
#500=ADVANCED_FACE('',(#1520),#134,.T.);
#501=ADVANCED_FACE('',(#1521),#1016,.T.);
#502=ADVANCED_FACE('',(#1522),#1017,.T.);
#503=ADVANCED_FACE('',(#1523),#135,.T.);
#504=ADVANCED_FACE('',(#1524),#1018,.T.);
#505=ADVANCED_FACE('',(#1525),#1019,.T.);
#506=ADVANCED_FACE('',(#1526),#136,.T.);
#507=ADVANCED_FACE('',(#1527),#1020,.T.);
#508=ADVANCED_FACE('',(#1528),#1021,.T.);
#509=ADVANCED_FACE('',(#1529),#1022,.T.);
#510=ADVANCED_FACE('',(#1530),#1023,.T.);
#511=ADVANCED_FACE('',(#1531),#1024,.T.);
#512=ADVANCED_FACE('',(#1532),#137,.F.);
#513=ADVANCED_FACE('',(#1533),#1025,.T.);
#514=ADVANCED_FACE('',(#1534),#138,.F.);
#515=ADVANCED_FACE('',(#1535),#1026,.T.);
#516=ADVANCED_FACE('',(#1536),#1027,.T.);
#517=ADVANCED_FACE('',(#1537),#1028,.T.);
#518=ADVANCED_FACE('',(#1538),#1029,.T.);
#519=ADVANCED_FACE('',(#1539),#1030,.T.);
#520=ADVANCED_FACE('',(#1540),#139,.T.);
#521=ADVANCED_FACE('',(#1541),#1031,.T.);
#522=ADVANCED_FACE('',(#1542),#1032,.F.);
#523=ADVANCED_FACE('',(#1543),#1033,.F.);
#524=ADVANCED_FACE('',(#1544),#1034,.F.);
#525=ADVANCED_FACE('',(#1545),#1035,.F.);
#526=ADVANCED_FACE('',(#1546),#1036,.T.);
#527=ADVANCED_FACE('',(#1547),#1037,.T.);
#528=ADVANCED_FACE('',(#1548),#1038,.T.);
#529=ADVANCED_FACE('',(#1549),#1039,.T.);
#530=ADVANCED_FACE('',(#1550),#1040,.T.);
#531=ADVANCED_FACE('',(#1551),#1041,.T.);
#532=ADVANCED_FACE('',(#1552),#140,.T.);
#533=ADVANCED_FACE('',(#1553),#1042,.T.);
#534=ADVANCED_FACE('',(#1554),#1043,.T.);
#535=ADVANCED_FACE('',(#1555),#141,.T.);
#536=ADVANCED_FACE('',(#1556),#1044,.T.);
#537=ADVANCED_FACE('',(#1557),#1045,.T.);
#538=ADVANCED_FACE('',(#1558),#142,.T.);
#539=ADVANCED_FACE('',(#1559),#1046,.T.);
#540=ADVANCED_FACE('',(#1560),#1047,.T.);
#541=ADVANCED_FACE('',(#1561),#1048,.T.);
#542=ADVANCED_FACE('',(#1562),#1049,.T.);
#543=ADVANCED_FACE('',(#1563),#1050,.T.);
#544=ADVANCED_FACE('',(#1564),#143,.F.);
#545=ADVANCED_FACE('',(#1565),#1051,.T.);
#546=ADVANCED_FACE('',(#1566),#144,.F.);
#547=ADVANCED_FACE('',(#1567),#1052,.T.);
#548=ADVANCED_FACE('',(#1568),#1053,.T.);
#549=ADVANCED_FACE('',(#1569),#1054,.T.);
#550=ADVANCED_FACE('',(#1570),#1055,.T.);
#551=ADVANCED_FACE('',(#1571),#1056,.T.);
#552=ADVANCED_FACE('',(#1572),#145,.T.);
#553=ADVANCED_FACE('',(#1573),#1057,.T.);
#554=ADVANCED_FACE('',(#1574),#1058,.F.);
#555=ADVANCED_FACE('',(#1575),#1059,.F.);
#556=ADVANCED_FACE('',(#1576),#1060,.F.);
#557=ADVANCED_FACE('',(#1577),#1061,.F.);
#558=ADVANCED_FACE('',(#1578),#1062,.T.);
#559=ADVANCED_FACE('',(#1579),#1063,.T.);
#560=ADVANCED_FACE('',(#1580),#1064,.T.);
#561=ADVANCED_FACE('',(#1581),#1065,.T.);
#562=ADVANCED_FACE('',(#1582),#1066,.T.);
#563=ADVANCED_FACE('',(#1583),#1067,.T.);
#564=ADVANCED_FACE('',(#1584),#146,.T.);
#565=ADVANCED_FACE('',(#1585),#1068,.T.);
#566=ADVANCED_FACE('',(#1586),#1069,.T.);
#567=ADVANCED_FACE('',(#1587),#147,.T.);
#568=ADVANCED_FACE('',(#1588),#1070,.T.);
#569=ADVANCED_FACE('',(#1589),#1071,.T.);
#570=ADVANCED_FACE('',(#1590),#148,.T.);
#571=ADVANCED_FACE('',(#1591),#1072,.T.);
#572=ADVANCED_FACE('',(#1592),#1073,.T.);
#573=ADVANCED_FACE('',(#1593),#1074,.T.);
#574=ADVANCED_FACE('',(#1594),#1075,.T.);
#575=ADVANCED_FACE('',(#1595),#1076,.T.);
#576=ADVANCED_FACE('',(#1596),#149,.F.);
#577=ADVANCED_FACE('',(#1597),#1077,.T.);
#578=ADVANCED_FACE('',(#1598),#150,.F.);
#579=ADVANCED_FACE('',(#1599),#1078,.T.);
#580=ADVANCED_FACE('',(#1600),#1079,.T.);
#581=ADVANCED_FACE('',(#1601),#1080,.T.);
#582=ADVANCED_FACE('',(#1602),#1081,.T.);
#583=ADVANCED_FACE('',(#1603),#1082,.T.);
#584=ADVANCED_FACE('',(#1604),#151,.T.);
#585=ADVANCED_FACE('',(#1605),#1083,.T.);
#586=ADVANCED_FACE('',(#1606),#1084,.F.);
#587=ADVANCED_FACE('',(#1607),#1085,.F.);
#588=ADVANCED_FACE('',(#1608),#1086,.F.);
#589=ADVANCED_FACE('',(#1609),#1087,.F.);
#590=ADVANCED_FACE('',(#1610),#1088,.T.);
#591=ADVANCED_FACE('',(#1611),#1089,.T.);
#592=ADVANCED_FACE('',(#1612),#1090,.T.);
#593=ADVANCED_FACE('',(#1613),#1091,.T.);
#594=ADVANCED_FACE('',(#1614),#1092,.T.);
#595=ADVANCED_FACE('',(#1615),#1093,.T.);
#596=ADVANCED_FACE('',(#1616),#152,.T.);
#597=ADVANCED_FACE('',(#1617),#1094,.T.);
#598=ADVANCED_FACE('',(#1618),#1095,.T.);
#599=ADVANCED_FACE('',(#1619),#153,.T.);
#600=ADVANCED_FACE('',(#1620),#1096,.T.);
#601=ADVANCED_FACE('',(#1621),#1097,.T.);
#602=ADVANCED_FACE('',(#1622),#154,.T.);
#603=ADVANCED_FACE('',(#1623),#1098,.T.);
#604=ADVANCED_FACE('',(#1624),#1099,.T.);
#605=ADVANCED_FACE('',(#1625),#1100,.T.);
#606=ADVANCED_FACE('',(#1626),#1101,.T.);
#607=ADVANCED_FACE('',(#1627),#1102,.T.);
#608=ADVANCED_FACE('',(#1628),#155,.F.);
#609=ADVANCED_FACE('',(#1629),#1103,.T.);
#610=ADVANCED_FACE('',(#1630),#156,.F.);
#611=ADVANCED_FACE('',(#1631),#1104,.T.);
#612=ADVANCED_FACE('',(#1632),#1105,.T.);
#613=ADVANCED_FACE('',(#1633),#1106,.T.);
#614=ADVANCED_FACE('',(#1634),#1107,.T.);
#615=ADVANCED_FACE('',(#1635),#1108,.T.);
#616=ADVANCED_FACE('',(#1636),#157,.T.);
#617=ADVANCED_FACE('',(#1637),#1109,.T.);
#618=ADVANCED_FACE('',(#1638),#1110,.F.);
#619=ADVANCED_FACE('',(#1639),#1111,.F.);
#620=ADVANCED_FACE('',(#1640),#1112,.F.);
#621=ADVANCED_FACE('',(#1641),#1113,.F.);
#622=ADVANCED_FACE('',(#1642),#1114,.T.);
#623=ADVANCED_FACE('',(#1643),#1115,.T.);
#624=ADVANCED_FACE('',(#1644),#1116,.T.);
#625=ADVANCED_FACE('',(#1645),#1117,.T.);
#626=ADVANCED_FACE('',(#1646),#1118,.T.);
#627=ADVANCED_FACE('',(#1647),#1119,.T.);
#628=ADVANCED_FACE('',(#1648),#158,.T.);
#629=ADVANCED_FACE('',(#1649),#1120,.T.);
#630=ADVANCED_FACE('',(#1650),#1121,.T.);
#631=ADVANCED_FACE('',(#1651),#159,.T.);
#632=ADVANCED_FACE('',(#1652),#1122,.T.);
#633=ADVANCED_FACE('',(#1653),#1123,.T.);
#634=ADVANCED_FACE('',(#1654),#160,.T.);
#635=ADVANCED_FACE('',(#1655),#1124,.T.);
#636=ADVANCED_FACE('',(#1656),#1125,.T.);
#637=ADVANCED_FACE('',(#1657),#1126,.T.);
#638=ADVANCED_FACE('',(#1658),#1127,.T.);
#639=ADVANCED_FACE('',(#1659),#1128,.T.);
#640=ADVANCED_FACE('',(#1660),#161,.F.);
#641=ADVANCED_FACE('',(#1661),#1129,.T.);
#642=ADVANCED_FACE('',(#1662),#1130,.F.);
#643=ADVANCED_FACE('',(#1663),#1131,.F.);
#644=ADVANCED_FACE('',(#1664),#1132,.F.);
#645=ADVANCED_FACE('',(#1665),#1133,.F.);
#646=ADVANCED_FACE('',(#1666),#1134,.T.);
#647=ADVANCED_FACE('',(#1667),#162,.F.);
#648=ADVANCED_FACE('',(#1668),#1135,.T.);
#649=ADVANCED_FACE('',(#1669),#1136,.T.);
#650=ADVANCED_FACE('',(#1670),#1137,.T.);
#651=ADVANCED_FACE('',(#1671),#1138,.T.);
#652=ADVANCED_FACE('',(#1672),#1139,.T.);
#653=ADVANCED_FACE('',(#1673),#163,.T.);
#654=ADVANCED_FACE('',(#1674),#1140,.T.);
#655=ADVANCED_FACE('',(#1675),#1141,.T.);
#656=ADVANCED_FACE('',(#1676),#164,.T.);
#657=ADVANCED_FACE('',(#1677),#1142,.T.);
#658=ADVANCED_FACE('',(#1678),#1143,.T.);
#659=ADVANCED_FACE('',(#1679),#1144,.T.);
#660=ADVANCED_FACE('',(#1680),#1145,.T.);
#661=ADVANCED_FACE('',(#1681),#1146,.T.);
#662=ADVANCED_FACE('',(#1682),#165,.F.);
#663=ADVANCED_FACE('',(#1683),#1147,.T.);
#664=ADVANCED_FACE('',(#1684),#1148,.T.);
#665=ADVANCED_FACE('',(#1685),#166,.F.);
#666=ADVANCED_FACE('',(#1686),#1149,.T.);
#667=ADVANCED_FACE('',(#1687),#1150,.T.);
#668=ADVANCED_FACE('',(#1688),#1151,.T.);
#669=ADVANCED_FACE('',(#1689),#1152,.T.);
#670=ADVANCED_FACE('',(#1690),#1153,.T.);
#671=ADVANCED_FACE('',(#1691),#167,.T.);
#672=ADVANCED_FACE('',(#1692),#1154,.T.);
#673=ADVANCED_FACE('',(#1693),#1155,.F.);
#674=ADVANCED_FACE('',(#1694),#1156,.F.);
#675=ADVANCED_FACE('',(#1695),#1157,.F.);
#676=ADVANCED_FACE('',(#1696),#1158,.F.);
#677=ADVANCED_FACE('',(#1697),#1159,.F.);
#678=ADVANCED_FACE('',(#1698),#1160,.F.);
#679=ADVANCED_FACE('',(#1699),#1161,.F.);
#680=ADVANCED_FACE('',(#1700),#1162,.F.);
#681=ADVANCED_FACE('',(#1701),#1163,.F.);
#682=ADVANCED_FACE('',(#1702),#1164,.F.);
#683=ADVANCED_FACE('',(#1703),#1165,.F.);
#684=ADVANCED_FACE('',(#1704),#1166,.F.);
#685=ADVANCED_FACE('',(#33,#34,#35,#36,#37,#38,#39,#40,#41,#42,#43,#44,
#45,#46,#47,#48,#49,#50,#51,#52,#53),#1167,.T.);
#686=ADVANCED_FACE('',(#1705),#1168,.T.);
#687=ADVANCED_FACE('',(#1706),#1169,.T.);
#688=ADVANCED_FACE('',(#1707),#1170,.T.);
#689=ADVANCED_FACE('',(#1708),#1171,.T.);
#690=ADVANCED_FACE('',(#1709),#1172,.T.);
#691=ADVANCED_FACE('',(#1710),#168,.T.);
#692=ADVANCED_FACE('',(#1711),#1173,.T.);
#693=ADVANCED_FACE('',(#54,#55,#56,#57,#58,#59,#60,#61,#62,#63,#64),#1174,
 .T.);
#694=ADVANCED_FACE('',(#1712),#169,.T.);
#695=ADVANCED_FACE('',(#1713),#1175,.T.);
#696=ADVANCED_FACE('',(#1714),#1176,.F.);
#697=ADVANCED_FACE('',(#1715),#1177,.F.);
#698=ADVANCED_FACE('',(#1716),#1178,.F.);
#699=ADVANCED_FACE('',(#1717),#1179,.F.);
#700=ADVANCED_FACE('',(#1718),#1180,.T.);
#701=ADVANCED_FACE('',(#1719),#1181,.T.);
#702=ADVANCED_FACE('',(#1720),#1182,.T.);
#703=ADVANCED_FACE('',(#1721),#1183,.T.);
#704=ADVANCED_FACE('',(#1722),#1184,.T.);
#705=ADVANCED_FACE('',(#65,#66,#67,#68,#69,#70,#71,#72,#73,#74,#75),#1185,
 .T.);
#706=ADVANCED_FACE('',(#76,#77),#1186,.F.);
#707=ADVANCED_FACE('',(#1723),#1187,.T.);
#708=ADVANCED_FACE('',(#1724),#1188,.T.);
#709=ADVANCED_FACE('',(#1725),#1189,.T.);
#710=ADVANCED_FACE('',(#1726),#1190,.F.);
#711=ADVANCED_FACE('',(#1727),#1191,.F.);
#712=ADVANCED_FACE('',(#1728),#1192,.F.);
#713=ADVANCED_FACE('',(#1729),#1193,.F.);
#714=ADVANCED_FACE('',(#1730),#1194,.F.);
#715=ADVANCED_FACE('',(#1731),#1195,.T.);
#716=ADVANCED_FACE('',(#1732),#1196,.F.);
#717=ADVANCED_FACE('',(#1733),#1197,.F.);
#718=ADVANCED_FACE('',(#1734),#1198,.F.);
#719=ADVANCED_FACE('',(#1735),#1199,.F.);
#720=ADVANCED_FACE('',(#1736),#1200,.T.);
#721=ADVANCED_FACE('',(#1737),#1201,.T.);
#722=ADVANCED_FACE('',(#1738),#1202,.T.);
#723=ADVANCED_FACE('',(#1739),#1203,.F.);
#724=ADVANCED_FACE('',(#78,#79),#1204,.F.);
#725=ADVANCED_FACE('',(#80,#81),#1205,.F.);
#726=ADVANCED_FACE('',(#1740),#1206,.F.);
#727=ADVANCED_FACE('',(#1741),#1207,.T.);
#728=ADVANCED_FACE('',(#82,#83,#84,#85,#86,#87,#88,#89),#1208,.T.);
#729=ADVANCED_FACE('',(#1742),#1209,.F.);
#730=ADVANCED_FACE('',(#1743),#1210,.F.);
#731=ADVANCED_FACE('',(#1744),#1211,.F.);
#732=ADVANCED_FACE('',(#1745),#1212,.F.);
#733=ADVANCED_FACE('',(#1746),#1213,.F.);
#734=ADVANCED_FACE('',(#1747),#1214,.F.);
#735=ADVANCED_FACE('',(#1748),#1215,.F.);
#736=ADVANCED_FACE('',(#1749),#1216,.F.);
#737=ADVANCED_FACE('',(#1750),#170,.T.);
#738=ADVANCED_FACE('',(#1751),#171,.T.);
#739=ADVANCED_FACE('',(#1752),#172,.T.);
#740=ADVANCED_FACE('',(#1753),#173,.T.);
#741=ADVANCED_FACE('',(#1754),#174,.T.);
#742=ADVANCED_FACE('',(#1755),#175,.T.);
#743=ADVANCED_FACE('',(#1756),#176,.T.);
#744=ADVANCED_FACE('',(#1757),#177,.T.);
#745=ADVANCED_FACE('',(#1758),#178,.T.);
#746=ADVANCED_FACE('',(#1759),#179,.T.);
#747=ADVANCED_FACE('',(#1760),#180,.T.);
#748=ADVANCED_FACE('',(#1761),#181,.T.);
#749=ADVANCED_FACE('',(#1762),#182,.T.);
#750=ADVANCED_FACE('',(#1763),#183,.T.);
#751=ADVANCED_FACE('',(#1764),#184,.T.);
#752=ADVANCED_FACE('',(#1765),#185,.T.);
#753=ADVANCED_FACE('',(#1766),#186,.T.);
#754=ADVANCED_FACE('',(#1767),#187,.T.);
#755=ADVANCED_FACE('',(#1768),#188,.T.);
#756=ADVANCED_FACE('',(#1769),#189,.T.);
#757=ADVANCED_FACE('',(#1770),#194,.T.);
#758=ADVANCED_FACE('',(#1771),#195,.T.);
#759=ADVANCED_FACE('',(#1772),#196,.T.);
#760=ADVANCED_FACE('',(#1773),#197,.T.);
#761=ADVANCED_FACE('',(#1774),#1217,.T.);
#762=PLANE('',#11599);
#763=PLANE('',#11600);
#764=PLANE('',#11610);
#765=PLANE('',#11611);
#766=PLANE('',#11612);
#767=PLANE('',#11613);
#768=PLANE('',#11614);
#769=PLANE('',#11615);
#770=PLANE('',#11627);
#771=PLANE('',#11640);
#772=PLANE('',#11641);
#773=PLANE('',#11642);
#774=PLANE('',#11643);
#775=PLANE('',#11644);
#776=PLANE('',#11645);
#777=PLANE('',#11646);
#778=PLANE('',#11647);
#779=PLANE('',#11648);
#780=PLANE('',#11649);
#781=PLANE('',#11654);
#782=PLANE('',#11655);
#783=PLANE('',#11656);
#784=PLANE('',#11657);
#785=PLANE('',#11658);
#786=PLANE('',#11663);
#787=PLANE('',#11666);
#788=PLANE('',#11667);
#789=PLANE('',#11669);
#790=PLANE('',#11670);
#791=PLANE('',#11671);
#792=PLANE('',#11672);
#793=PLANE('',#11674);
#794=PLANE('',#11675);
#795=PLANE('',#11676);
#796=PLANE('',#11677);
#797=PLANE('',#11678);
#798=PLANE('',#11679);
#799=PLANE('',#11680);
#800=PLANE('',#11685);
#801=PLANE('',#11688);
#802=PLANE('',#11693);
#803=PLANE('',#11696);
#804=PLANE('',#11697);
#805=PLANE('',#11698);
#806=PLANE('',#11699);
#807=PLANE('',#11700);
#808=PLANE('',#11701);
#809=PLANE('',#11702);
#810=PLANE('',#11703);
#811=PLANE('',#11704);
#812=PLANE('',#11705);
#813=PLANE('',#11706);
#814=PLANE('',#11707);
#815=PLANE('',#11708);
#816=PLANE('',#11709);
#817=PLANE('',#11710);
#818=PLANE('',#11711);
#819=PLANE('',#11712);
#820=PLANE('',#11713);
#821=PLANE('',#11714);
#822=PLANE('',#11715);
#823=PLANE('',#11716);
#824=PLANE('',#11717);
#825=PLANE('',#11718);
#826=PLANE('',#11719);
#827=PLANE('',#11720);
#828=PLANE('',#11721);
#829=PLANE('',#11722);
#830=PLANE('',#11723);
#831=PLANE('',#11724);
#832=PLANE('',#11725);
#833=PLANE('',#11726);
#834=PLANE('',#11727);
#835=PLANE('',#11728);
#836=PLANE('',#11729);
#837=PLANE('',#11733);
#838=PLANE('',#11740);
#839=PLANE('',#11744);
#840=PLANE('',#11745);
#841=PLANE('',#11746);
#842=PLANE('',#11747);
#843=PLANE('',#11748);
#844=PLANE('',#11749);
#845=PLANE('',#11750);
#846=PLANE('',#11751);
#847=PLANE('',#11755);
#848=PLANE('',#11756);
#849=PLANE('',#11757);
#850=PLANE('',#11758);
#851=PLANE('',#11759);
#852=PLANE('',#11760);
#853=PLANE('',#11761);
#854=PLANE('',#11762);
#855=PLANE('',#11766);
#856=PLANE('',#11767);
#857=PLANE('',#11771);
#858=PLANE('',#11772);
#859=PLANE('',#11773);
#860=PLANE('',#11777);
#861=PLANE('',#11778);
#862=PLANE('',#11779);
#863=PLANE('',#11780);
#864=PLANE('',#11781);
#865=PLANE('',#11782);
#866=PLANE('',#11783);
#867=PLANE('',#11784);
#868=PLANE('',#11785);
#869=PLANE('',#11786);
#870=PLANE('',#11787);
#871=PLANE('',#11788);
#872=PLANE('',#11789);
#873=PLANE('',#11790);
#874=PLANE('',#11791);
#875=PLANE('',#11792);
#876=PLANE('',#11793);
#877=PLANE('',#11794);
#878=PLANE('',#11795);
#879=PLANE('',#11796);
#880=PLANE('',#11797);
#881=PLANE('',#11798);
#882=PLANE('',#11799);
#883=PLANE('',#11800);
#884=PLANE('',#11801);
#885=PLANE('',#11802);
#886=PLANE('',#11803);
#887=PLANE('',#11804);
#888=PLANE('',#11805);
#889=PLANE('',#11806);
#890=PLANE('',#11807);
#891=PLANE('',#11808);
#892=PLANE('',#11809);
#893=PLANE('',#11810);
#894=PLANE('',#11811);
#895=PLANE('',#11812);
#896=PLANE('',#11813);
#897=PLANE('',#11814);
#898=PLANE('',#11815);
#899=PLANE('',#11816);
#900=PLANE('',#11817);
#901=PLANE('',#11818);
#902=PLANE('',#11819);
#903=PLANE('',#11820);
#904=PLANE('',#11821);
#905=PLANE('',#11822);
#906=PLANE('',#11823);
#907=PLANE('',#11824);
#908=PLANE('',#11825);
#909=PLANE('',#11826);
#910=PLANE('',#11827);
#911=PLANE('',#11828);
#912=PLANE('',#11832);
#913=PLANE('',#11833);
#914=PLANE('',#11837);
#915=PLANE('',#11838);
#916=PLANE('',#11842);
#917=PLANE('',#11843);
#918=PLANE('',#11844);
#919=PLANE('',#11845);
#920=PLANE('',#11846);
#921=PLANE('',#11850);
#922=PLANE('',#11854);
#923=PLANE('',#11855);
#924=PLANE('',#11856);
#925=PLANE('',#11857);
#926=PLANE('',#11858);
#927=PLANE('',#11862);
#928=PLANE('',#11864);
#929=PLANE('',#11866);
#930=PLANE('',#11867);
#931=PLANE('',#11868);
#932=PLANE('',#11869);
#933=PLANE('',#11871);
#934=PLANE('',#11873);
#935=PLANE('',#11874);
#936=PLANE('',#11875);
#937=PLANE('',#11876);
#938=PLANE('',#11880);
#939=PLANE('',#11881);
#940=PLANE('',#11885);
#941=PLANE('',#11886);
#942=PLANE('',#11890);
#943=PLANE('',#11891);
#944=PLANE('',#11892);
#945=PLANE('',#11893);
#946=PLANE('',#11894);
#947=PLANE('',#11898);
#948=PLANE('',#11902);
#949=PLANE('',#11903);
#950=PLANE('',#11904);
#951=PLANE('',#11905);
#952=PLANE('',#11906);
#953=PLANE('',#11910);
#954=PLANE('',#11912);
#955=PLANE('',#11914);
#956=PLANE('',#11915);
#957=PLANE('',#11916);
#958=PLANE('',#11917);
#959=PLANE('',#11919);
#960=PLANE('',#11921);
#961=PLANE('',#11922);
#962=PLANE('',#11923);
#963=PLANE('',#11924);
#964=PLANE('',#11928);
#965=PLANE('',#11929);
#966=PLANE('',#11933);
#967=PLANE('',#11934);
#968=PLANE('',#11938);
#969=PLANE('',#11939);
#970=PLANE('',#11940);
#971=PLANE('',#11941);
#972=PLANE('',#11942);
#973=PLANE('',#11946);
#974=PLANE('',#11950);
#975=PLANE('',#11951);
#976=PLANE('',#11952);
#977=PLANE('',#11953);
#978=PLANE('',#11954);
#979=PLANE('',#11958);
#980=PLANE('',#11960);
#981=PLANE('',#11962);
#982=PLANE('',#11963);
#983=PLANE('',#11964);
#984=PLANE('',#11965);
#985=PLANE('',#11967);
#986=PLANE('',#11969);
#987=PLANE('',#11970);
#988=PLANE('',#11971);
#989=PLANE('',#11972);
#990=PLANE('',#11976);
#991=PLANE('',#11977);
#992=PLANE('',#11981);
#993=PLANE('',#11982);
#994=PLANE('',#11986);
#995=PLANE('',#11987);
#996=PLANE('',#11988);
#997=PLANE('',#11989);
#998=PLANE('',#11990);
#999=PLANE('',#11994);
#1000=PLANE('',#11998);
#1001=PLANE('',#11999);
#1002=PLANE('',#12000);
#1003=PLANE('',#12001);
#1004=PLANE('',#12002);
#1005=PLANE('',#12006);
#1006=PLANE('',#12008);
#1007=PLANE('',#12010);
#1008=PLANE('',#12011);
#1009=PLANE('',#12012);
#1010=PLANE('',#12013);
#1011=PLANE('',#12015);
#1012=PLANE('',#12017);
#1013=PLANE('',#12018);
#1014=PLANE('',#12019);
#1015=PLANE('',#12020);
#1016=PLANE('',#12024);
#1017=PLANE('',#12025);
#1018=PLANE('',#12029);
#1019=PLANE('',#12030);
#1020=PLANE('',#12034);
#1021=PLANE('',#12035);
#1022=PLANE('',#12036);
#1023=PLANE('',#12037);
#1024=PLANE('',#12038);
#1025=PLANE('',#12042);
#1026=PLANE('',#12046);
#1027=PLANE('',#12047);
#1028=PLANE('',#12048);
#1029=PLANE('',#12049);
#1030=PLANE('',#12050);
#1031=PLANE('',#12054);
#1032=PLANE('',#12056);
#1033=PLANE('',#12058);
#1034=PLANE('',#12059);
#1035=PLANE('',#12060);
#1036=PLANE('',#12061);
#1037=PLANE('',#12063);
#1038=PLANE('',#12065);
#1039=PLANE('',#12066);
#1040=PLANE('',#12067);
#1041=PLANE('',#12068);
#1042=PLANE('',#12072);
#1043=PLANE('',#12073);
#1044=PLANE('',#12077);
#1045=PLANE('',#12078);
#1046=PLANE('',#12082);
#1047=PLANE('',#12083);
#1048=PLANE('',#12084);
#1049=PLANE('',#12085);
#1050=PLANE('',#12086);
#1051=PLANE('',#12090);
#1052=PLANE('',#12094);
#1053=PLANE('',#12095);
#1054=PLANE('',#12096);
#1055=PLANE('',#12097);
#1056=PLANE('',#12098);
#1057=PLANE('',#12102);
#1058=PLANE('',#12104);
#1059=PLANE('',#12106);
#1060=PLANE('',#12107);
#1061=PLANE('',#12108);
#1062=PLANE('',#12109);
#1063=PLANE('',#12111);
#1064=PLANE('',#12113);
#1065=PLANE('',#12114);
#1066=PLANE('',#12115);
#1067=PLANE('',#12116);
#1068=PLANE('',#12120);
#1069=PLANE('',#12121);
#1070=PLANE('',#12125);
#1071=PLANE('',#12126);
#1072=PLANE('',#12130);
#1073=PLANE('',#12131);
#1074=PLANE('',#12132);
#1075=PLANE('',#12133);
#1076=PLANE('',#12134);
#1077=PLANE('',#12138);
#1078=PLANE('',#12142);
#1079=PLANE('',#12143);
#1080=PLANE('',#12144);
#1081=PLANE('',#12145);
#1082=PLANE('',#12146);
#1083=PLANE('',#12150);
#1084=PLANE('',#12152);
#1085=PLANE('',#12154);
#1086=PLANE('',#12155);
#1087=PLANE('',#12156);
#1088=PLANE('',#12157);
#1089=PLANE('',#12159);
#1090=PLANE('',#12161);
#1091=PLANE('',#12162);
#1092=PLANE('',#12163);
#1093=PLANE('',#12164);
#1094=PLANE('',#12168);
#1095=PLANE('',#12169);
#1096=PLANE('',#12173);
#1097=PLANE('',#12174);
#1098=PLANE('',#12178);
#1099=PLANE('',#12179);
#1100=PLANE('',#12180);
#1101=PLANE('',#12181);
#1102=PLANE('',#12182);
#1103=PLANE('',#12186);
#1104=PLANE('',#12190);
#1105=PLANE('',#12191);
#1106=PLANE('',#12192);
#1107=PLANE('',#12193);
#1108=PLANE('',#12194);
#1109=PLANE('',#12198);
#1110=PLANE('',#12200);
#1111=PLANE('',#12202);
#1112=PLANE('',#12203);
#1113=PLANE('',#12204);
#1114=PLANE('',#12205);
#1115=PLANE('',#12207);
#1116=PLANE('',#12209);
#1117=PLANE('',#12210);
#1118=PLANE('',#12211);
#1119=PLANE('',#12212);
#1120=PLANE('',#12216);
#1121=PLANE('',#12217);
#1122=PLANE('',#12221);
#1123=PLANE('',#12222);
#1124=PLANE('',#12226);
#1125=PLANE('',#12227);
#1126=PLANE('',#12228);
#1127=PLANE('',#12229);
#1128=PLANE('',#12230);
#1129=PLANE('',#12234);
#1130=PLANE('',#12236);
#1131=PLANE('',#12238);
#1132=PLANE('',#12239);
#1133=PLANE('',#12242);
#1134=PLANE('',#12243);
#1135=PLANE('',#12246);
#1136=PLANE('',#12247);
#1137=PLANE('',#12248);
#1138=PLANE('',#12249);
#1139=PLANE('',#12250);
#1140=PLANE('',#12253);
#1141=PLANE('',#12254);
#1142=PLANE('',#12258);
#1143=PLANE('',#12259);
#1144=PLANE('',#12260);
#1145=PLANE('',#12261);
#1146=PLANE('',#12262);
#1147=PLANE('',#12266);
#1148=PLANE('',#12267);
#1149=PLANE('',#12271);
#1150=PLANE('',#12272);
#1151=PLANE('',#12273);
#1152=PLANE('',#12274);
#1153=PLANE('',#12275);
#1154=PLANE('',#12279);
#1155=PLANE('',#12280);
#1156=PLANE('',#12281);
#1157=PLANE('',#12282);
#1158=PLANE('',#12283);
#1159=PLANE('',#12284);
#1160=PLANE('',#12285);
#1161=PLANE('',#12286);
#1162=PLANE('',#12287);
#1163=PLANE('',#12288);
#1164=PLANE('',#12289);
#1165=PLANE('',#12290);
#1166=PLANE('',#12291);
#1167=PLANE('',#12292);
#1168=PLANE('',#12294);
#1169=PLANE('',#12296);
#1170=PLANE('',#12297);
#1171=PLANE('',#12298);
#1172=PLANE('',#12299);
#1173=PLANE('',#12303);
#1174=PLANE('',#12304);
#1175=PLANE('',#12308);
#1176=PLANE('',#12309);
#1177=PLANE('',#12310);
#1178=PLANE('',#12312);
#1179=PLANE('',#12314);
#1180=PLANE('',#12315);
#1181=PLANE('',#12316);
#1182=PLANE('',#12317);
#1183=PLANE('',#12319);
#1184=PLANE('',#12321);
#1185=PLANE('',#12322);
#1186=PLANE('',#12323);
#1187=PLANE('',#12324);
#1188=PLANE('',#12325);
#1189=PLANE('',#12326);
#1190=PLANE('',#12327);
#1191=PLANE('',#12328);
#1192=PLANE('',#12329);
#1193=PLANE('',#12330);
#1194=PLANE('',#12331);
#1195=PLANE('',#12332);
#1196=PLANE('',#12333);
#1197=PLANE('',#12334);
#1198=PLANE('',#12335);
#1199=PLANE('',#12336);
#1200=PLANE('',#12337);
#1201=PLANE('',#12338);
#1202=PLANE('',#12339);
#1203=PLANE('',#12340);
#1204=PLANE('',#12341);
#1205=PLANE('',#12342);
#1206=PLANE('',#12343);
#1207=PLANE('',#12344);
#1208=PLANE('',#12345);
#1209=PLANE('',#12346);
#1210=PLANE('',#12347);
#1211=PLANE('',#12348);
#1212=PLANE('',#12349);
#1213=PLANE('',#12350);
#1214=PLANE('',#12351);
#1215=PLANE('',#12352);
#1216=PLANE('',#12353);
#1217=PLANE('',#12378);
#1218=FACE_OUTER_BOUND('',#1775,.T.);
#1219=FACE_OUTER_BOUND('',#1776,.T.);
#1220=FACE_OUTER_BOUND('',#1777,.T.);
#1221=FACE_OUTER_BOUND('',#1778,.T.);
#1222=FACE_OUTER_BOUND('',#1779,.T.);
#1223=FACE_OUTER_BOUND('',#1780,.T.);
#1224=FACE_OUTER_BOUND('',#1781,.T.);
#1225=FACE_OUTER_BOUND('',#1782,.T.);
#1226=FACE_OUTER_BOUND('',#1783,.T.);
#1227=FACE_OUTER_BOUND('',#1784,.T.);
#1228=FACE_OUTER_BOUND('',#1785,.T.);
#1229=FACE_OUTER_BOUND('',#1786,.T.);
#1230=FACE_OUTER_BOUND('',#1787,.T.);
#1231=FACE_OUTER_BOUND('',#1788,.T.);
#1232=FACE_OUTER_BOUND('',#1789,.T.);
#1233=FACE_OUTER_BOUND('',#1790,.T.);
#1234=FACE_OUTER_BOUND('',#1791,.T.);
#1235=FACE_OUTER_BOUND('',#1792,.T.);
#1236=FACE_OUTER_BOUND('',#1793,.T.);
#1237=FACE_OUTER_BOUND('',#1794,.T.);
#1238=FACE_OUTER_BOUND('',#1795,.T.);
#1239=FACE_OUTER_BOUND('',#1796,.T.);
#1240=FACE_OUTER_BOUND('',#1797,.T.);
#1241=FACE_OUTER_BOUND('',#1798,.T.);
#1242=FACE_OUTER_BOUND('',#1799,.T.);
#1243=FACE_OUTER_BOUND('',#1800,.T.);
#1244=FACE_OUTER_BOUND('',#1801,.T.);
#1245=FACE_OUTER_BOUND('',#1802,.T.);
#1246=FACE_OUTER_BOUND('',#1803,.T.);
#1247=FACE_OUTER_BOUND('',#1804,.T.);
#1248=FACE_OUTER_BOUND('',#1805,.T.);
#1249=FACE_OUTER_BOUND('',#1806,.T.);
#1250=FACE_OUTER_BOUND('',#1807,.T.);
#1251=FACE_OUTER_BOUND('',#1808,.T.);
#1252=FACE_OUTER_BOUND('',#1809,.T.);
#1253=FACE_OUTER_BOUND('',#1810,.T.);
#1254=FACE_OUTER_BOUND('',#1811,.T.);
#1255=FACE_OUTER_BOUND('',#1812,.T.);
#1256=FACE_OUTER_BOUND('',#1813,.T.);
#1257=FACE_OUTER_BOUND('',#1814,.T.);
#1258=FACE_OUTER_BOUND('',#1815,.T.);
#1259=FACE_OUTER_BOUND('',#1816,.T.);
#1260=FACE_OUTER_BOUND('',#1817,.T.);
#1261=FACE_OUTER_BOUND('',#1818,.T.);
#1262=FACE_OUTER_BOUND('',#1819,.T.);
#1263=FACE_OUTER_BOUND('',#1820,.T.);
#1264=FACE_OUTER_BOUND('',#1821,.T.);
#1265=FACE_OUTER_BOUND('',#1822,.T.);
#1266=FACE_OUTER_BOUND('',#1823,.T.);
#1267=FACE_OUTER_BOUND('',#1824,.T.);
#1268=FACE_OUTER_BOUND('',#1825,.T.);
#1269=FACE_OUTER_BOUND('',#1826,.T.);
#1270=FACE_OUTER_BOUND('',#1827,.T.);
#1271=FACE_OUTER_BOUND('',#1828,.T.);
#1272=FACE_OUTER_BOUND('',#1829,.T.);
#1273=FACE_OUTER_BOUND('',#1830,.T.);
#1274=FACE_OUTER_BOUND('',#1831,.T.);
#1275=FACE_OUTER_BOUND('',#1832,.T.);
#1276=FACE_OUTER_BOUND('',#1833,.T.);
#1277=FACE_OUTER_BOUND('',#1834,.T.);
#1278=FACE_OUTER_BOUND('',#1835,.T.);
#1279=FACE_OUTER_BOUND('',#1836,.T.);
#1280=FACE_OUTER_BOUND('',#1837,.T.);
#1281=FACE_OUTER_BOUND('',#1838,.T.);
#1282=FACE_OUTER_BOUND('',#1839,.T.);
#1283=FACE_OUTER_BOUND('',#1840,.T.);
#1284=FACE_OUTER_BOUND('',#1841,.T.);
#1285=FACE_OUTER_BOUND('',#1842,.T.);
#1286=FACE_OUTER_BOUND('',#1843,.T.);
#1287=FACE_OUTER_BOUND('',#1844,.T.);
#1288=FACE_OUTER_BOUND('',#1845,.T.);
#1289=FACE_OUTER_BOUND('',#1846,.T.);
#1290=FACE_OUTER_BOUND('',#1847,.T.);
#1291=FACE_OUTER_BOUND('',#1848,.T.);
#1292=FACE_OUTER_BOUND('',#1849,.T.);
#1293=FACE_OUTER_BOUND('',#1850,.T.);
#1294=FACE_OUTER_BOUND('',#1851,.T.);
#1295=FACE_OUTER_BOUND('',#1852,.T.);
#1296=FACE_OUTER_BOUND('',#1853,.T.);
#1297=FACE_OUTER_BOUND('',#1854,.T.);
#1298=FACE_OUTER_BOUND('',#1855,.T.);
#1299=FACE_OUTER_BOUND('',#1856,.T.);
#1300=FACE_OUTER_BOUND('',#1857,.T.);
#1301=FACE_OUTER_BOUND('',#1858,.T.);
#1302=FACE_OUTER_BOUND('',#1859,.T.);
#1303=FACE_OUTER_BOUND('',#1860,.T.);
#1304=FACE_OUTER_BOUND('',#1861,.T.);
#1305=FACE_OUTER_BOUND('',#1862,.T.);
#1306=FACE_OUTER_BOUND('',#1863,.T.);
#1307=FACE_OUTER_BOUND('',#1864,.T.);
#1308=FACE_OUTER_BOUND('',#1865,.T.);
#1309=FACE_OUTER_BOUND('',#1866,.T.);
#1310=FACE_OUTER_BOUND('',#1867,.T.);
#1311=FACE_OUTER_BOUND('',#1868,.T.);
#1312=FACE_OUTER_BOUND('',#1869,.T.);
#1313=FACE_OUTER_BOUND('',#1870,.T.);
#1314=FACE_OUTER_BOUND('',#1871,.T.);
#1315=FACE_OUTER_BOUND('',#1872,.T.);
#1316=FACE_OUTER_BOUND('',#1873,.T.);
#1317=FACE_OUTER_BOUND('',#1874,.T.);
#1318=FACE_OUTER_BOUND('',#1875,.T.);
#1319=FACE_OUTER_BOUND('',#1876,.T.);
#1320=FACE_OUTER_BOUND('',#1877,.T.);
#1321=FACE_OUTER_BOUND('',#1878,.T.);
#1322=FACE_OUTER_BOUND('',#1879,.T.);
#1323=FACE_OUTER_BOUND('',#1880,.T.);
#1324=FACE_OUTER_BOUND('',#1881,.T.);
#1325=FACE_OUTER_BOUND('',#1882,.T.);
#1326=FACE_OUTER_BOUND('',#1883,.T.);
#1327=FACE_OUTER_BOUND('',#1884,.T.);
#1328=FACE_OUTER_BOUND('',#1885,.T.);
#1329=FACE_OUTER_BOUND('',#1886,.T.);
#1330=FACE_OUTER_BOUND('',#1887,.T.);
#1331=FACE_OUTER_BOUND('',#1888,.T.);
#1332=FACE_OUTER_BOUND('',#1889,.T.);
#1333=FACE_OUTER_BOUND('',#1890,.T.);
#1334=FACE_OUTER_BOUND('',#1891,.T.);
#1335=FACE_OUTER_BOUND('',#1892,.T.);
#1336=FACE_OUTER_BOUND('',#1893,.T.);
#1337=FACE_OUTER_BOUND('',#1894,.T.);
#1338=FACE_OUTER_BOUND('',#1895,.T.);
#1339=FACE_OUTER_BOUND('',#1896,.T.);
#1340=FACE_OUTER_BOUND('',#1897,.T.);
#1341=FACE_OUTER_BOUND('',#1898,.T.);
#1342=FACE_OUTER_BOUND('',#1899,.T.);
#1343=FACE_OUTER_BOUND('',#1900,.T.);
#1344=FACE_OUTER_BOUND('',#1901,.T.);
#1345=FACE_OUTER_BOUND('',#1902,.T.);
#1346=FACE_OUTER_BOUND('',#1903,.T.);
#1347=FACE_OUTER_BOUND('',#1904,.T.);
#1348=FACE_OUTER_BOUND('',#1905,.T.);
#1349=FACE_OUTER_BOUND('',#1906,.T.);
#1350=FACE_OUTER_BOUND('',#1907,.T.);
#1351=FACE_OUTER_BOUND('',#1908,.T.);
#1352=FACE_OUTER_BOUND('',#1909,.T.);
#1353=FACE_OUTER_BOUND('',#1910,.T.);
#1354=FACE_OUTER_BOUND('',#1911,.T.);
#1355=FACE_OUTER_BOUND('',#1912,.T.);
#1356=FACE_OUTER_BOUND('',#1913,.T.);
#1357=FACE_OUTER_BOUND('',#1914,.T.);
#1358=FACE_OUTER_BOUND('',#1915,.T.);
#1359=FACE_OUTER_BOUND('',#1916,.T.);
#1360=FACE_OUTER_BOUND('',#1917,.T.);
#1361=FACE_OUTER_BOUND('',#1918,.T.);
#1362=FACE_OUTER_BOUND('',#1919,.T.);
#1363=FACE_OUTER_BOUND('',#1920,.T.);
#1364=FACE_OUTER_BOUND('',#1921,.T.);
#1365=FACE_OUTER_BOUND('',#1922,.T.);
#1366=FACE_OUTER_BOUND('',#1923,.T.);
#1367=FACE_OUTER_BOUND('',#1924,.T.);
#1368=FACE_OUTER_BOUND('',#1925,.T.);
#1369=FACE_OUTER_BOUND('',#1926,.T.);
#1370=FACE_OUTER_BOUND('',#1927,.T.);
#1371=FACE_OUTER_BOUND('',#1928,.T.);
#1372=FACE_OUTER_BOUND('',#1929,.T.);
#1373=FACE_OUTER_BOUND('',#1930,.T.);
#1374=FACE_OUTER_BOUND('',#1931,.T.);
#1375=FACE_OUTER_BOUND('',#1932,.T.);
#1376=FACE_OUTER_BOUND('',#1933,.T.);
#1377=FACE_OUTER_BOUND('',#1934,.T.);
#1378=FACE_OUTER_BOUND('',#1935,.T.);
#1379=FACE_OUTER_BOUND('',#1936,.T.);
#1380=FACE_OUTER_BOUND('',#1937,.T.);
#1381=FACE_OUTER_BOUND('',#1938,.T.);
#1382=FACE_OUTER_BOUND('',#1939,.T.);
#1383=FACE_OUTER_BOUND('',#1940,.T.);
#1384=FACE_OUTER_BOUND('',#1941,.T.);
#1385=FACE_OUTER_BOUND('',#1942,.T.);
#1386=FACE_OUTER_BOUND('',#1943,.T.);
#1387=FACE_OUTER_BOUND('',#1944,.T.);
#1388=FACE_OUTER_BOUND('',#1945,.T.);
#1389=FACE_OUTER_BOUND('',#1946,.T.);
#1390=FACE_OUTER_BOUND('',#1947,.T.);
#1391=FACE_OUTER_BOUND('',#1948,.T.);
#1392=FACE_OUTER_BOUND('',#1949,.T.);
#1393=FACE_OUTER_BOUND('',#1950,.T.);
#1394=FACE_OUTER_BOUND('',#1951,.T.);
#1395=FACE_OUTER_BOUND('',#1952,.T.);
#1396=FACE_OUTER_BOUND('',#1953,.T.);
#1397=FACE_OUTER_BOUND('',#1954,.T.);
#1398=FACE_OUTER_BOUND('',#1955,.T.);
#1399=FACE_OUTER_BOUND('',#1956,.T.);
#1400=FACE_OUTER_BOUND('',#1957,.T.);
#1401=FACE_OUTER_BOUND('',#1958,.T.);
#1402=FACE_OUTER_BOUND('',#1959,.T.);
#1403=FACE_OUTER_BOUND('',#1960,.T.);
#1404=FACE_OUTER_BOUND('',#1961,.T.);
#1405=FACE_OUTER_BOUND('',#1962,.T.);
#1406=FACE_OUTER_BOUND('',#1963,.T.);
#1407=FACE_OUTER_BOUND('',#1964,.T.);
#1408=FACE_OUTER_BOUND('',#1965,.T.);
#1409=FACE_OUTER_BOUND('',#1966,.T.);
#1410=FACE_OUTER_BOUND('',#1967,.T.);
#1411=FACE_OUTER_BOUND('',#1968,.T.);
#1412=FACE_OUTER_BOUND('',#1969,.T.);
#1413=FACE_OUTER_BOUND('',#1970,.T.);
#1414=FACE_OUTER_BOUND('',#1971,.T.);
#1415=FACE_OUTER_BOUND('',#1972,.T.);
#1416=FACE_OUTER_BOUND('',#1973,.T.);
#1417=FACE_OUTER_BOUND('',#1974,.T.);
#1418=FACE_OUTER_BOUND('',#1975,.T.);
#1419=FACE_OUTER_BOUND('',#1976,.T.);
#1420=FACE_OUTER_BOUND('',#1977,.T.);
#1421=FACE_OUTER_BOUND('',#1978,.T.);
#1422=FACE_OUTER_BOUND('',#1979,.T.);
#1423=FACE_OUTER_BOUND('',#1980,.T.);
#1424=FACE_OUTER_BOUND('',#1981,.T.);
#1425=FACE_OUTER_BOUND('',#1982,.T.);
#1426=FACE_OUTER_BOUND('',#1983,.T.);
#1427=FACE_OUTER_BOUND('',#1984,.T.);
#1428=FACE_OUTER_BOUND('',#1985,.T.);
#1429=FACE_OUTER_BOUND('',#1986,.T.);
#1430=FACE_OUTER_BOUND('',#1987,.T.);
#1431=FACE_OUTER_BOUND('',#1988,.T.);
#1432=FACE_OUTER_BOUND('',#1989,.T.);
#1433=FACE_OUTER_BOUND('',#1990,.T.);
#1434=FACE_OUTER_BOUND('',#1991,.T.);
#1435=FACE_OUTER_BOUND('',#1992,.T.);
#1436=FACE_OUTER_BOUND('',#1993,.T.);
#1437=FACE_OUTER_BOUND('',#1994,.T.);
#1438=FACE_OUTER_BOUND('',#1995,.T.);
#1439=FACE_OUTER_BOUND('',#1996,.T.);
#1440=FACE_OUTER_BOUND('',#1997,.T.);
#1441=FACE_OUTER_BOUND('',#1998,.T.);
#1442=FACE_OUTER_BOUND('',#1999,.T.);
#1443=FACE_OUTER_BOUND('',#2000,.T.);
#1444=FACE_OUTER_BOUND('',#2001,.T.);
#1445=FACE_OUTER_BOUND('',#2002,.T.);
#1446=FACE_OUTER_BOUND('',#2003,.T.);
#1447=FACE_OUTER_BOUND('',#2004,.T.);
#1448=FACE_OUTER_BOUND('',#2005,.T.);
#1449=FACE_OUTER_BOUND('',#2006,.T.);
#1450=FACE_OUTER_BOUND('',#2007,.T.);
#1451=FACE_OUTER_BOUND('',#2008,.T.);
#1452=FACE_OUTER_BOUND('',#2009,.T.);
#1453=FACE_OUTER_BOUND('',#2010,.T.);
#1454=FACE_OUTER_BOUND('',#2011,.T.);
#1455=FACE_OUTER_BOUND('',#2012,.T.);
#1456=FACE_OUTER_BOUND('',#2013,.T.);
#1457=FACE_OUTER_BOUND('',#2014,.T.);
#1458=FACE_OUTER_BOUND('',#2015,.T.);
#1459=FACE_OUTER_BOUND('',#2016,.T.);
#1460=FACE_OUTER_BOUND('',#2017,.T.);
#1461=FACE_OUTER_BOUND('',#2018,.T.);
#1462=FACE_OUTER_BOUND('',#2019,.T.);
#1463=FACE_OUTER_BOUND('',#2020,.T.);
#1464=FACE_OUTER_BOUND('',#2021,.T.);
#1465=FACE_OUTER_BOUND('',#2022,.T.);
#1466=FACE_OUTER_BOUND('',#2023,.T.);
#1467=FACE_OUTER_BOUND('',#2024,.T.);
#1468=FACE_OUTER_BOUND('',#2025,.T.);
#1469=FACE_OUTER_BOUND('',#2026,.T.);
#1470=FACE_OUTER_BOUND('',#2027,.T.);
#1471=FACE_OUTER_BOUND('',#2028,.T.);
#1472=FACE_OUTER_BOUND('',#2029,.T.);
#1473=FACE_OUTER_BOUND('',#2030,.T.);
#1474=FACE_OUTER_BOUND('',#2031,.T.);
#1475=FACE_OUTER_BOUND('',#2032,.T.);
#1476=FACE_OUTER_BOUND('',#2033,.T.);
#1477=FACE_OUTER_BOUND('',#2034,.T.);
#1478=FACE_OUTER_BOUND('',#2035,.T.);
#1479=FACE_OUTER_BOUND('',#2036,.T.);
#1480=FACE_OUTER_BOUND('',#2037,.T.);
#1481=FACE_OUTER_BOUND('',#2038,.T.);
#1482=FACE_OUTER_BOUND('',#2039,.T.);
#1483=FACE_OUTER_BOUND('',#2040,.T.);
#1484=FACE_OUTER_BOUND('',#2041,.T.);
#1485=FACE_OUTER_BOUND('',#2042,.T.);
#1486=FACE_OUTER_BOUND('',#2043,.T.);
#1487=FACE_OUTER_BOUND('',#2044,.T.);
#1488=FACE_OUTER_BOUND('',#2045,.T.);
#1489=FACE_OUTER_BOUND('',#2046,.T.);
#1490=FACE_OUTER_BOUND('',#2047,.T.);
#1491=FACE_OUTER_BOUND('',#2048,.T.);
#1492=FACE_OUTER_BOUND('',#2049,.T.);
#1493=FACE_OUTER_BOUND('',#2050,.T.);
#1494=FACE_OUTER_BOUND('',#2051,.T.);
#1495=FACE_OUTER_BOUND('',#2052,.T.);
#1496=FACE_OUTER_BOUND('',#2053,.T.);
#1497=FACE_OUTER_BOUND('',#2054,.T.);
#1498=FACE_OUTER_BOUND('',#2055,.T.);
#1499=FACE_OUTER_BOUND('',#2056,.T.);
#1500=FACE_OUTER_BOUND('',#2057,.T.);
#1501=FACE_OUTER_BOUND('',#2058,.T.);
#1502=FACE_OUTER_BOUND('',#2059,.T.);
#1503=FACE_OUTER_BOUND('',#2060,.T.);
#1504=FACE_OUTER_BOUND('',#2061,.T.);
#1505=FACE_OUTER_BOUND('',#2062,.T.);
#1506=FACE_OUTER_BOUND('',#2063,.T.);
#1507=FACE_OUTER_BOUND('',#2064,.T.);
#1508=FACE_OUTER_BOUND('',#2065,.T.);
#1509=FACE_OUTER_BOUND('',#2066,.T.);
#1510=FACE_OUTER_BOUND('',#2067,.T.);
#1511=FACE_OUTER_BOUND('',#2068,.T.);
#1512=FACE_OUTER_BOUND('',#2069,.T.);
#1513=FACE_OUTER_BOUND('',#2070,.T.);
#1514=FACE_OUTER_BOUND('',#2071,.T.);
#1515=FACE_OUTER_BOUND('',#2072,.T.);
#1516=FACE_OUTER_BOUND('',#2073,.T.);
#1517=FACE_OUTER_BOUND('',#2074,.T.);
#1518=FACE_OUTER_BOUND('',#2075,.T.);
#1519=FACE_OUTER_BOUND('',#2076,.T.);
#1520=FACE_OUTER_BOUND('',#2077,.T.);
#1521=FACE_OUTER_BOUND('',#2078,.T.);
#1522=FACE_OUTER_BOUND('',#2079,.T.);
#1523=FACE_OUTER_BOUND('',#2080,.T.);
#1524=FACE_OUTER_BOUND('',#2081,.T.);
#1525=FACE_OUTER_BOUND('',#2082,.T.);
#1526=FACE_OUTER_BOUND('',#2083,.T.);
#1527=FACE_OUTER_BOUND('',#2084,.T.);
#1528=FACE_OUTER_BOUND('',#2085,.T.);
#1529=FACE_OUTER_BOUND('',#2086,.T.);
#1530=FACE_OUTER_BOUND('',#2087,.T.);
#1531=FACE_OUTER_BOUND('',#2088,.T.);
#1532=FACE_OUTER_BOUND('',#2089,.T.);
#1533=FACE_OUTER_BOUND('',#2090,.T.);
#1534=FACE_OUTER_BOUND('',#2091,.T.);
#1535=FACE_OUTER_BOUND('',#2092,.T.);
#1536=FACE_OUTER_BOUND('',#2093,.T.);
#1537=FACE_OUTER_BOUND('',#2094,.T.);
#1538=FACE_OUTER_BOUND('',#2095,.T.);
#1539=FACE_OUTER_BOUND('',#2096,.T.);
#1540=FACE_OUTER_BOUND('',#2097,.T.);
#1541=FACE_OUTER_BOUND('',#2098,.T.);
#1542=FACE_OUTER_BOUND('',#2099,.T.);
#1543=FACE_OUTER_BOUND('',#2100,.T.);
#1544=FACE_OUTER_BOUND('',#2101,.T.);
#1545=FACE_OUTER_BOUND('',#2102,.T.);
#1546=FACE_OUTER_BOUND('',#2103,.T.);
#1547=FACE_OUTER_BOUND('',#2104,.T.);
#1548=FACE_OUTER_BOUND('',#2105,.T.);
#1549=FACE_OUTER_BOUND('',#2106,.T.);
#1550=FACE_OUTER_BOUND('',#2107,.T.);
#1551=FACE_OUTER_BOUND('',#2108,.T.);
#1552=FACE_OUTER_BOUND('',#2109,.T.);
#1553=FACE_OUTER_BOUND('',#2110,.T.);
#1554=FACE_OUTER_BOUND('',#2111,.T.);
#1555=FACE_OUTER_BOUND('',#2112,.T.);
#1556=FACE_OUTER_BOUND('',#2113,.T.);
#1557=FACE_OUTER_BOUND('',#2114,.T.);
#1558=FACE_OUTER_BOUND('',#2115,.T.);
#1559=FACE_OUTER_BOUND('',#2116,.T.);
#1560=FACE_OUTER_BOUND('',#2117,.T.);
#1561=FACE_OUTER_BOUND('',#2118,.T.);
#1562=FACE_OUTER_BOUND('',#2119,.T.);
#1563=FACE_OUTER_BOUND('',#2120,.T.);
#1564=FACE_OUTER_BOUND('',#2121,.T.);
#1565=FACE_OUTER_BOUND('',#2122,.T.);
#1566=FACE_OUTER_BOUND('',#2123,.T.);
#1567=FACE_OUTER_BOUND('',#2124,.T.);
#1568=FACE_OUTER_BOUND('',#2125,.T.);
#1569=FACE_OUTER_BOUND('',#2126,.T.);
#1570=FACE_OUTER_BOUND('',#2127,.T.);
#1571=FACE_OUTER_BOUND('',#2128,.T.);
#1572=FACE_OUTER_BOUND('',#2129,.T.);
#1573=FACE_OUTER_BOUND('',#2130,.T.);
#1574=FACE_OUTER_BOUND('',#2131,.T.);
#1575=FACE_OUTER_BOUND('',#2132,.T.);
#1576=FACE_OUTER_BOUND('',#2133,.T.);
#1577=FACE_OUTER_BOUND('',#2134,.T.);
#1578=FACE_OUTER_BOUND('',#2135,.T.);
#1579=FACE_OUTER_BOUND('',#2136,.T.);
#1580=FACE_OUTER_BOUND('',#2137,.T.);
#1581=FACE_OUTER_BOUND('',#2138,.T.);
#1582=FACE_OUTER_BOUND('',#2139,.T.);
#1583=FACE_OUTER_BOUND('',#2140,.T.);
#1584=FACE_OUTER_BOUND('',#2141,.T.);
#1585=FACE_OUTER_BOUND('',#2142,.T.);
#1586=FACE_OUTER_BOUND('',#2143,.T.);
#1587=FACE_OUTER_BOUND('',#2144,.T.);
#1588=FACE_OUTER_BOUND('',#2145,.T.);
#1589=FACE_OUTER_BOUND('',#2146,.T.);
#1590=FACE_OUTER_BOUND('',#2147,.T.);
#1591=FACE_OUTER_BOUND('',#2148,.T.);
#1592=FACE_OUTER_BOUND('',#2149,.T.);
#1593=FACE_OUTER_BOUND('',#2150,.T.);
#1594=FACE_OUTER_BOUND('',#2151,.T.);
#1595=FACE_OUTER_BOUND('',#2152,.T.);
#1596=FACE_OUTER_BOUND('',#2153,.T.);
#1597=FACE_OUTER_BOUND('',#2154,.T.);
#1598=FACE_OUTER_BOUND('',#2155,.T.);
#1599=FACE_OUTER_BOUND('',#2156,.T.);
#1600=FACE_OUTER_BOUND('',#2157,.T.);
#1601=FACE_OUTER_BOUND('',#2158,.T.);
#1602=FACE_OUTER_BOUND('',#2159,.T.);
#1603=FACE_OUTER_BOUND('',#2160,.T.);
#1604=FACE_OUTER_BOUND('',#2161,.T.);
#1605=FACE_OUTER_BOUND('',#2162,.T.);
#1606=FACE_OUTER_BOUND('',#2163,.T.);
#1607=FACE_OUTER_BOUND('',#2164,.T.);
#1608=FACE_OUTER_BOUND('',#2165,.T.);
#1609=FACE_OUTER_BOUND('',#2166,.T.);
#1610=FACE_OUTER_BOUND('',#2167,.T.);
#1611=FACE_OUTER_BOUND('',#2168,.T.);
#1612=FACE_OUTER_BOUND('',#2169,.T.);
#1613=FACE_OUTER_BOUND('',#2170,.T.);
#1614=FACE_OUTER_BOUND('',#2171,.T.);
#1615=FACE_OUTER_BOUND('',#2172,.T.);
#1616=FACE_OUTER_BOUND('',#2173,.T.);
#1617=FACE_OUTER_BOUND('',#2174,.T.);
#1618=FACE_OUTER_BOUND('',#2175,.T.);
#1619=FACE_OUTER_BOUND('',#2176,.T.);
#1620=FACE_OUTER_BOUND('',#2177,.T.);
#1621=FACE_OUTER_BOUND('',#2178,.T.);
#1622=FACE_OUTER_BOUND('',#2179,.T.);
#1623=FACE_OUTER_BOUND('',#2180,.T.);
#1624=FACE_OUTER_BOUND('',#2181,.T.);
#1625=FACE_OUTER_BOUND('',#2182,.T.);
#1626=FACE_OUTER_BOUND('',#2183,.T.);
#1627=FACE_OUTER_BOUND('',#2184,.T.);
#1628=FACE_OUTER_BOUND('',#2185,.T.);
#1629=FACE_OUTER_BOUND('',#2186,.T.);
#1630=FACE_OUTER_BOUND('',#2187,.T.);
#1631=FACE_OUTER_BOUND('',#2188,.T.);
#1632=FACE_OUTER_BOUND('',#2189,.T.);
#1633=FACE_OUTER_BOUND('',#2190,.T.);
#1634=FACE_OUTER_BOUND('',#2191,.T.);
#1635=FACE_OUTER_BOUND('',#2192,.T.);
#1636=FACE_OUTER_BOUND('',#2193,.T.);
#1637=FACE_OUTER_BOUND('',#2194,.T.);
#1638=FACE_OUTER_BOUND('',#2195,.T.);
#1639=FACE_OUTER_BOUND('',#2196,.T.);
#1640=FACE_OUTER_BOUND('',#2197,.T.);
#1641=FACE_OUTER_BOUND('',#2198,.T.);
#1642=FACE_OUTER_BOUND('',#2199,.T.);
#1643=FACE_OUTER_BOUND('',#2200,.T.);
#1644=FACE_OUTER_BOUND('',#2201,.T.);
#1645=FACE_OUTER_BOUND('',#2202,.T.);
#1646=FACE_OUTER_BOUND('',#2203,.T.);
#1647=FACE_OUTER_BOUND('',#2204,.T.);
#1648=FACE_OUTER_BOUND('',#2205,.T.);
#1649=FACE_OUTER_BOUND('',#2206,.T.);
#1650=FACE_OUTER_BOUND('',#2207,.T.);
#1651=FACE_OUTER_BOUND('',#2208,.T.);
#1652=FACE_OUTER_BOUND('',#2209,.T.);
#1653=FACE_OUTER_BOUND('',#2210,.T.);
#1654=FACE_OUTER_BOUND('',#2211,.T.);
#1655=FACE_OUTER_BOUND('',#2212,.T.);
#1656=FACE_OUTER_BOUND('',#2213,.T.);
#1657=FACE_OUTER_BOUND('',#2214,.T.);
#1658=FACE_OUTER_BOUND('',#2215,.T.);
#1659=FACE_OUTER_BOUND('',#2216,.T.);
#1660=FACE_OUTER_BOUND('',#2217,.T.);
#1661=FACE_OUTER_BOUND('',#2218,.T.);
#1662=FACE_OUTER_BOUND('',#2219,.T.);
#1663=FACE_OUTER_BOUND('',#2220,.T.);
#1664=FACE_OUTER_BOUND('',#2221,.T.);
#1665=FACE_OUTER_BOUND('',#2222,.T.);
#1666=FACE_OUTER_BOUND('',#2223,.T.);
#1667=FACE_OUTER_BOUND('',#2224,.T.);
#1668=FACE_OUTER_BOUND('',#2225,.T.);
#1669=FACE_OUTER_BOUND('',#2226,.T.);
#1670=FACE_OUTER_BOUND('',#2227,.T.);
#1671=FACE_OUTER_BOUND('',#2228,.T.);
#1672=FACE_OUTER_BOUND('',#2229,.T.);
#1673=FACE_OUTER_BOUND('',#2230,.T.);
#1674=FACE_OUTER_BOUND('',#2231,.T.);
#1675=FACE_OUTER_BOUND('',#2232,.T.);
#1676=FACE_OUTER_BOUND('',#2233,.T.);
#1677=FACE_OUTER_BOUND('',#2234,.T.);
#1678=FACE_OUTER_BOUND('',#2235,.T.);
#1679=FACE_OUTER_BOUND('',#2236,.T.);
#1680=FACE_OUTER_BOUND('',#2237,.T.);
#1681=FACE_OUTER_BOUND('',#2238,.T.);
#1682=FACE_OUTER_BOUND('',#2239,.T.);
#1683=FACE_OUTER_BOUND('',#2240,.T.);
#1684=FACE_OUTER_BOUND('',#2241,.T.);
#1685=FACE_OUTER_BOUND('',#2242,.T.);
#1686=FACE_OUTER_BOUND('',#2243,.T.);
#1687=FACE_OUTER_BOUND('',#2244,.T.);
#1688=FACE_OUTER_BOUND('',#2245,.T.);
#1689=FACE_OUTER_BOUND('',#2246,.T.);
#1690=FACE_OUTER_BOUND('',#2247,.T.);
#1691=FACE_OUTER_BOUND('',#2248,.T.);
#1692=FACE_OUTER_BOUND('',#2249,.T.);
#1693=FACE_OUTER_BOUND('',#2250,.T.);
#1694=FACE_OUTER_BOUND('',#2251,.T.);
#1695=FACE_OUTER_BOUND('',#2252,.T.);
#1696=FACE_OUTER_BOUND('',#2253,.T.);
#1697=FACE_OUTER_BOUND('',#2254,.T.);
#1698=FACE_OUTER_BOUND('',#2255,.T.);
#1699=FACE_OUTER_BOUND('',#2256,.T.);
#1700=FACE_OUTER_BOUND('',#2257,.T.);
#1701=FACE_OUTER_BOUND('',#2258,.T.);
#1702=FACE_OUTER_BOUND('',#2259,.T.);
#1703=FACE_OUTER_BOUND('',#2260,.T.);
#1704=FACE_OUTER_BOUND('',#2261,.T.);
#1705=FACE_OUTER_BOUND('',#2283,.T.);
#1706=FACE_OUTER_BOUND('',#2284,.T.);
#1707=FACE_OUTER_BOUND('',#2285,.T.);
#1708=FACE_OUTER_BOUND('',#2286,.T.);
#1709=FACE_OUTER_BOUND('',#2287,.T.);
#1710=FACE_OUTER_BOUND('',#2288,.T.);
#1711=FACE_OUTER_BOUND('',#2289,.T.);
#1712=FACE_OUTER_BOUND('',#2301,.T.);
#1713=FACE_OUTER_BOUND('',#2302,.T.);
#1714=FACE_OUTER_BOUND('',#2303,.T.);
#1715=FACE_OUTER_BOUND('',#2304,.T.);
#1716=FACE_OUTER_BOUND('',#2305,.T.);
#1717=FACE_OUTER_BOUND('',#2306,.T.);
#1718=FACE_OUTER_BOUND('',#2307,.T.);
#1719=FACE_OUTER_BOUND('',#2308,.T.);
#1720=FACE_OUTER_BOUND('',#2309,.T.);
#1721=FACE_OUTER_BOUND('',#2310,.T.);
#1722=FACE_OUTER_BOUND('',#2311,.T.);
#1723=FACE_OUTER_BOUND('',#2325,.T.);
#1724=FACE_OUTER_BOUND('',#2326,.T.);
#1725=FACE_OUTER_BOUND('',#2327,.T.);
#1726=FACE_OUTER_BOUND('',#2328,.T.);
#1727=FACE_OUTER_BOUND('',#2329,.T.);
#1728=FACE_OUTER_BOUND('',#2330,.T.);
#1729=FACE_OUTER_BOUND('',#2331,.T.);
#1730=FACE_OUTER_BOUND('',#2332,.T.);
#1731=FACE_OUTER_BOUND('',#2333,.T.);
#1732=FACE_OUTER_BOUND('',#2334,.T.);
#1733=FACE_OUTER_BOUND('',#2335,.T.);
#1734=FACE_OUTER_BOUND('',#2336,.T.);
#1735=FACE_OUTER_BOUND('',#2337,.T.);
#1736=FACE_OUTER_BOUND('',#2338,.T.);
#1737=FACE_OUTER_BOUND('',#2339,.T.);
#1738=FACE_OUTER_BOUND('',#2340,.T.);
#1739=FACE_OUTER_BOUND('',#2341,.T.);
#1740=FACE_OUTER_BOUND('',#2346,.T.);
#1741=FACE_OUTER_BOUND('',#2347,.T.);
#1742=FACE_OUTER_BOUND('',#2356,.T.);
#1743=FACE_OUTER_BOUND('',#2357,.T.);
#1744=FACE_OUTER_BOUND('',#2358,.T.);
#1745=FACE_OUTER_BOUND('',#2359,.T.);
#1746=FACE_OUTER_BOUND('',#2360,.T.);
#1747=FACE_OUTER_BOUND('',#2361,.T.);
#1748=FACE_OUTER_BOUND('',#2362,.T.);
#1749=FACE_OUTER_BOUND('',#2363,.T.);
#1750=FACE_OUTER_BOUND('',#2364,.T.);
#1751=FACE_OUTER_BOUND('',#2365,.T.);
#1752=FACE_OUTER_BOUND('',#2366,.T.);
#1753=FACE_OUTER_BOUND('',#2367,.T.);
#1754=FACE_OUTER_BOUND('',#2368,.T.);
#1755=FACE_OUTER_BOUND('',#2369,.T.);
#1756=FACE_OUTER_BOUND('',#2370,.T.);
#1757=FACE_OUTER_BOUND('',#2371,.T.);
#1758=FACE_OUTER_BOUND('',#2372,.T.);
#1759=FACE_OUTER_BOUND('',#2373,.T.);
#1760=FACE_OUTER_BOUND('',#2374,.T.);
#1761=FACE_OUTER_BOUND('',#2375,.T.);
#1762=FACE_OUTER_BOUND('',#2376,.T.);
#1763=FACE_OUTER_BOUND('',#2377,.T.);
#1764=FACE_OUTER_BOUND('',#2378,.T.);
#1765=FACE_OUTER_BOUND('',#2379,.T.);
#1766=FACE_OUTER_BOUND('',#2380,.T.);
#1767=FACE_OUTER_BOUND('',#2381,.T.);
#1768=FACE_OUTER_BOUND('',#2382,.T.);
#1769=FACE_OUTER_BOUND('',#2383,.T.);
#1770=FACE_OUTER_BOUND('',#2384,.T.);
#1771=FACE_OUTER_BOUND('',#2385,.T.);
#1772=FACE_OUTER_BOUND('',#2386,.T.);
#1773=FACE_OUTER_BOUND('',#2387,.T.);
#1774=FACE_OUTER_BOUND('',#2388,.T.);
#1775=EDGE_LOOP('',(#2389,#2390,#2391,#2392));
#1776=EDGE_LOOP('',(#2393,#2394,#2395,#2396));
#1777=EDGE_LOOP('',(#2397,#2398,#2399));
#1778=EDGE_LOOP('',(#2400,#2401,#2402));
#1779=EDGE_LOOP('',(#2403,#2404,#2405,#2406,#2407,#2408,#2409,#2410,#2411));
#1780=EDGE_LOOP('',(#2412,#2413,#2414,#2415));
#1781=EDGE_LOOP('',(#2416,#2417,#2418,#2419));
#1782=EDGE_LOOP('',(#2420,#2421,#2422,#2423));
#1783=EDGE_LOOP('',(#2424,#2425,#2426,#2427));
#1784=EDGE_LOOP('',(#2428,#2429,#2430,#2431));
#1785=EDGE_LOOP('',(#2432,#2433,#2434,#2435));
#1786=EDGE_LOOP('',(#2436,#2437,#2438,#2439,#2440,#2441,#2442,#2443,#2444));
#1787=EDGE_LOOP('',(#2445,#2446,#2447,#2448));
#1788=EDGE_LOOP('',(#2449,#2450,#2451,#2452));
#1789=EDGE_LOOP('',(#2453,#2454,#2455,#2456));
#1790=EDGE_LOOP('',(#2457,#2458,#2459,#2460,#2461,#2462,#2463,#2464,#2465));
#1791=EDGE_LOOP('',(#2466,#2467,#2468,#2469,#2470,#2471,#2472,#2473,#2474));
#1792=EDGE_LOOP('',(#2475,#2476,#2477,#2478));
#1793=EDGE_LOOP('',(#2479,#2480,#2481,#2482));
#1794=EDGE_LOOP('',(#2483,#2484,#2485,#2486));
#1795=EDGE_LOOP('',(#2487,#2488,#2489,#2490));
#1796=EDGE_LOOP('',(#2491,#2492,#2493,#2494));
#1797=EDGE_LOOP('',(#2495,#2496,#2497,#2498));
#1798=EDGE_LOOP('',(#2499,#2500,#2501,#2502));
#1799=EDGE_LOOP('',(#2503,#2504,#2505,#2506));
#1800=EDGE_LOOP('',(#2507,#2508,#2509,#2510));
#1801=EDGE_LOOP('',(#2511,#2512,#2513,#2514));
#1802=EDGE_LOOP('',(#2515,#2516,#2517,#2518));
#1803=EDGE_LOOP('',(#2519,#2520,#2521,#2522,#2523,#2524,#2525,#2526));
#1804=EDGE_LOOP('',(#2527,#2528,#2529,#2530));
#1805=EDGE_LOOP('',(#2531,#2532,#2533,#2534));
#1806=EDGE_LOOP('',(#2535,#2536,#2537,#2538));
#1807=EDGE_LOOP('',(#2539,#2540,#2541,#2542,#2543,#2544,#2545,#2546));
#1808=EDGE_LOOP('',(#2547,#2548,#2549,#2550));
#1809=EDGE_LOOP('',(#2551,#2552,#2553,#2554,#2555,#2556,#2557,#2558));
#1810=EDGE_LOOP('',(#2559,#2560,#2561,#2562));
#1811=EDGE_LOOP('',(#2563,#2564,#2565,#2566,#2567,#2568,#2569,#2570,#2571,
#2572,#2573,#2574));
#1812=EDGE_LOOP('',(#2575,#2576,#2577,#2578));
#1813=EDGE_LOOP('',(#2579,#2580,#2581,#2582,#2583,#2584,#2585,#2586));
#1814=EDGE_LOOP('',(#2587,#2588,#2589,#2590,#2591,#2592,#2593,#2594));
#1815=EDGE_LOOP('',(#2595,#2596,#2597,#2598));
#1816=EDGE_LOOP('',(#2599,#2600,#2601,#2602,#2603,#2604,#2605,#2606));
#1817=EDGE_LOOP('',(#2607,#2608,#2609,#2610));
#1818=EDGE_LOOP('',(#2611,#2612,#2613,#2614,#2615,#2616,#2617,#2618,#2619,
#2620,#2621,#2622));
#1819=EDGE_LOOP('',(#2623,#2624,#2625,#2626,#2627,#2628,#2629,#2630));
#1820=EDGE_LOOP('',(#2631,#2632,#2633,#2634,#2635,#2636,#2637,#2638));
#1821=EDGE_LOOP('',(#2639,#2640,#2641,#2642));
#1822=EDGE_LOOP('',(#2643,#2644,#2645,#2646));
#1823=EDGE_LOOP('',(#2647,#2648,#2649,#2650));
#1824=EDGE_LOOP('',(#2651,#2652,#2653,#2654));
#1825=EDGE_LOOP('',(#2655,#2656,#2657,#2658));
#1826=EDGE_LOOP('',(#2659,#2660,#2661,#2662,#2663,#2664,#2665,#2666));
#1827=EDGE_LOOP('',(#2667,#2668,#2669,#2670));
#1828=EDGE_LOOP('',(#2671,#2672,#2673,#2674,#2675,#2676,#2677,#2678,#2679,
#2680,#2681,#2682));
#1829=EDGE_LOOP('',(#2683,#2684,#2685,#2686));
#1830=EDGE_LOOP('',(#2687,#2688,#2689,#2690,#2691,#2692,#2693,#2694));
#1831=EDGE_LOOP('',(#2695,#2696,#2697,#2698));
#1832=EDGE_LOOP('',(#2699,#2700,#2701,#2702,#2703,#2704,#2705,#2706,#2707,
#2708,#2709,#2710));
#1833=EDGE_LOOP('',(#2711,#2712,#2713,#2714,#2715,#2716,#2717,#2718));
#1834=EDGE_LOOP('',(#2719,#2720,#2721,#2722,#2723,#2724,#2725,#2726));
#1835=EDGE_LOOP('',(#2727,#2728,#2729,#2730));
#1836=EDGE_LOOP('',(#2731,#2732,#2733,#2734));
#1837=EDGE_LOOP('',(#2735,#2736,#2737,#2738));
#1838=EDGE_LOOP('',(#2739,#2740,#2741,#2742));
#1839=EDGE_LOOP('',(#2743,#2744,#2745,#2746));
#1840=EDGE_LOOP('',(#2747,#2748,#2749,#2750));
#1841=EDGE_LOOP('',(#2751,#2752,#2753,#2754));
#1842=EDGE_LOOP('',(#2755,#2756,#2757,#2758,#2759,#2760,#2761,#2762));
#1843=EDGE_LOOP('',(#2763,#2764,#2765,#2766,#2767,#2768,#2769,#2770));
#1844=EDGE_LOOP('',(#2771,#2772,#2773,#2774,#2775,#2776,#2777,#2778));
#1845=EDGE_LOOP('',(#2779,#2780,#2781,#2782));
#1846=EDGE_LOOP('',(#2783,#2784,#2785,#2786));
#1847=EDGE_LOOP('',(#2787,#2788,#2789,#2790));
#1848=EDGE_LOOP('',(#2791,#2792,#2793,#2794));
#1849=EDGE_LOOP('',(#2795,#2796,#2797,#2798));
#1850=EDGE_LOOP('',(#2799,#2800,#2801,#2802));
#1851=EDGE_LOOP('',(#2803,#2804,#2805,#2806));
#1852=EDGE_LOOP('',(#2807,#2808,#2809,#2810));
#1853=EDGE_LOOP('',(#2811,#2812,#2813,#2814));
#1854=EDGE_LOOP('',(#2815,#2816,#2817,#2818));
#1855=EDGE_LOOP('',(#2819,#2820,#2821,#2822));
#1856=EDGE_LOOP('',(#2823,#2824,#2825,#2826));
#1857=EDGE_LOOP('',(#2827,#2828,#2829,#2830));
#1858=EDGE_LOOP('',(#2831,#2832,#2833,#2834));
#1859=EDGE_LOOP('',(#2835,#2836,#2837,#2838,#2839,#2840,#2841,#2842));
#1860=EDGE_LOOP('',(#2843,#2844,#2845,#2846));
#1861=EDGE_LOOP('',(#2847,#2848,#2849,#2850));
#1862=EDGE_LOOP('',(#2851,#2852,#2853,#2854));
#1863=EDGE_LOOP('',(#2855,#2856,#2857,#2858));
#1864=EDGE_LOOP('',(#2859,#2860,#2861,#2862));
#1865=EDGE_LOOP('',(#2863,#2864,#2865,#2866));
#1866=EDGE_LOOP('',(#2867,#2868,#2869,#2870));
#1867=EDGE_LOOP('',(#2871,#2872,#2873,#2874));
#1868=EDGE_LOOP('',(#2875,#2876,#2877,#2878));
#1869=EDGE_LOOP('',(#2879,#2880,#2881,#2882));
#1870=EDGE_LOOP('',(#2883,#2884,#2885,#2886));
#1871=EDGE_LOOP('',(#2887,#2888,#2889,#2890));
#1872=EDGE_LOOP('',(#2891,#2892,#2893,#2894));
#1873=EDGE_LOOP('',(#2895,#2896,#2897,#2898));
#1874=EDGE_LOOP('',(#2899,#2900,#2901,#2902));
#1875=EDGE_LOOP('',(#2903,#2904,#2905,#2906));
#1876=EDGE_LOOP('',(#2907,#2908,#2909,#2910));
#1877=EDGE_LOOP('',(#2911,#2912,#2913,#2914));
#1878=EDGE_LOOP('',(#2915,#2916,#2917,#2918));
#1879=EDGE_LOOP('',(#2919,#2920,#2921,#2922,#2923));
#1880=EDGE_LOOP('',(#2924,#2925,#2926,#2927));
#1881=EDGE_LOOP('',(#2928,#2929,#2930,#2931));
#1882=EDGE_LOOP('',(#2932,#2933,#2934,#2935));
#1883=EDGE_LOOP('',(#2936,#2937,#2938,#2939));
#1884=EDGE_LOOP('',(#2940,#2941,#2942,#2943));
#1885=EDGE_LOOP('',(#2944,#2945,#2946,#2947));
#1886=EDGE_LOOP('',(#2948,#2949,#2950,#2951));
#1887=EDGE_LOOP('',(#2952,#2953,#2954,#2955,#2956));
#1888=EDGE_LOOP('',(#2957,#2958,#2959,#2960,#2961));
#1889=EDGE_LOOP('',(#2962,#2963,#2964,#2965));
#1890=EDGE_LOOP('',(#2966,#2967,#2968,#2969));
#1891=EDGE_LOOP('',(#2970,#2971,#2972,#2973,#2974));
#1892=EDGE_LOOP('',(#2975,#2976,#2977,#2978));
#1893=EDGE_LOOP('',(#2979,#2980,#2981,#2982));
#1894=EDGE_LOOP('',(#2983,#2984,#2985,#2986));
#1895=EDGE_LOOP('',(#2987,#2988,#2989,#2990,#2991));
#1896=EDGE_LOOP('',(#2992,#2993,#2994,#2995));
#1897=EDGE_LOOP('',(#2996,#2997,#2998,#2999));
#1898=EDGE_LOOP('',(#3000,#3001,#3002,#3003));
#1899=EDGE_LOOP('',(#3004,#3005,#3006,#3007));
#1900=EDGE_LOOP('',(#3008,#3009,#3010,#3011));
#1901=EDGE_LOOP('',(#3012,#3013,#3014,#3015));
#1902=EDGE_LOOP('',(#3016,#3017,#3018,#3019));
#1903=EDGE_LOOP('',(#3020,#3021,#3022,#3023));
#1904=EDGE_LOOP('',(#3024,#3025,#3026,#3027));
#1905=EDGE_LOOP('',(#3028,#3029,#3030,#3031));
#1906=EDGE_LOOP('',(#3032,#3033,#3034,#3035,#3036,#3037,#3038));
#1907=EDGE_LOOP('',(#3039,#3040,#3041,#3042));
#1908=EDGE_LOOP('',(#3043,#3044,#3045,#3046,#3047,#3048,#3049));
#1909=EDGE_LOOP('',(#3050,#3051,#3052,#3053));
#1910=EDGE_LOOP('',(#3054,#3055,#3056,#3057));
#1911=EDGE_LOOP('',(#3058,#3059,#3060,#3061,#3062,#3063,#3064,#3065,#3066,
#3067,#3068,#3069,#3070,#3071,#3072,#3073));
#1912=EDGE_LOOP('',(#3074,#3075,#3076,#3077));
#1913=EDGE_LOOP('',(#3078,#3079,#3080,#3081,#3082,#3083));
#1914=EDGE_LOOP('',(#3084,#3085,#3086,#3087,#3088,#3089));
#1915=EDGE_LOOP('',(#3090,#3091,#3092,#3093,#3094,#3095,#3096));
#1916=EDGE_LOOP('',(#3097,#3098,#3099,#3100,#3101,#3102));
#1917=EDGE_LOOP('',(#3103,#3104,#3105,#3106));
#1918=EDGE_LOOP('',(#3107,#3108,#3109,#3110,#3111,#3112,#3113,#3114,#3115,
#3116,#3117,#3118,#3119,#3120,#3121,#3122));
#1919=EDGE_LOOP('',(#3123,#3124,#3125,#3126));
#1920=EDGE_LOOP('',(#3127,#3128,#3129,#3130));
#1921=EDGE_LOOP('',(#3131,#3132,#3133,#3134));
#1922=EDGE_LOOP('',(#3135,#3136,#3137,#3138,#3139,#3140,#3141,#3142,#3143,
#3144,#3145,#3146));
#1923=EDGE_LOOP('',(#3147,#3148,#3149,#3150));
#1924=EDGE_LOOP('',(#3151,#3152,#3153,#3154));
#1925=EDGE_LOOP('',(#3155,#3156,#3157,#3158));
#1926=EDGE_LOOP('',(#3159,#3160,#3161,#3162));
#1927=EDGE_LOOP('',(#3163,#3164,#3165,#3166));
#1928=EDGE_LOOP('',(#3167,#3168,#3169,#3170));
#1929=EDGE_LOOP('',(#3171,#3172,#3173,#3174));
#1930=EDGE_LOOP('',(#3175,#3176,#3177,#3178));
#1931=EDGE_LOOP('',(#3179,#3180,#3181,#3182));
#1932=EDGE_LOOP('',(#3183,#3184,#3185,#3186,#3187,#3188,#3189,#3190,#3191,
#3192,#3193,#3194,#3195,#3196,#3197,#3198));
#1933=EDGE_LOOP('',(#3199,#3200,#3201,#3202));
#1934=EDGE_LOOP('',(#3203,#3204,#3205,#3206));
#1935=EDGE_LOOP('',(#3207,#3208,#3209,#3210,#3211,#3212,#3213,#3214,#3215,
#3216,#3217,#3218,#3219,#3220,#3221,#3222));
#1936=EDGE_LOOP('',(#3223,#3224,#3225,#3226));
#1937=EDGE_LOOP('',(#3227,#3228,#3229,#3230));
#1938=EDGE_LOOP('',(#3231,#3232,#3233,#3234));
#1939=EDGE_LOOP('',(#3235,#3236,#3237,#3238));
#1940=EDGE_LOOP('',(#3239,#3240,#3241,#3242));
#1941=EDGE_LOOP('',(#3243,#3244,#3245,#3246));
#1942=EDGE_LOOP('',(#3247,#3248,#3249,#3250));
#1943=EDGE_LOOP('',(#3251,#3252,#3253,#3254));
#1944=EDGE_LOOP('',(#3255,#3256,#3257,#3258,#3259,#3260,#3261,#3262,#3263,
#3264,#3265,#3266,#3267,#3268,#3269,#3270));
#1945=EDGE_LOOP('',(#3271,#3272,#3273,#3274));
#1946=EDGE_LOOP('',(#3275,#3276,#3277,#3278,#3279,#3280,#3281,#3282,#3283,
#3284,#3285,#3286));
#1947=EDGE_LOOP('',(#3287,#3288,#3289,#3290));
#1948=EDGE_LOOP('',(#3291,#3292,#3293,#3294));
#1949=EDGE_LOOP('',(#3295,#3296,#3297,#3298));
#1950=EDGE_LOOP('',(#3299,#3300,#3301,#3302));
#1951=EDGE_LOOP('',(#3303,#3304,#3305,#3306));
#1952=EDGE_LOOP('',(#3307,#3308,#3309,#3310));
#1953=EDGE_LOOP('',(#3311,#3312,#3313,#3314));
#1954=EDGE_LOOP('',(#3315,#3316,#3317,#3318));
#1955=EDGE_LOOP('',(#3319,#3320,#3321,#3322));
#1956=EDGE_LOOP('',(#3323,#3324,#3325,#3326));
#1957=EDGE_LOOP('',(#3327,#3328,#3329,#3330));
#1958=EDGE_LOOP('',(#3331,#3332,#3333,#3334));
#1959=EDGE_LOOP('',(#3335,#3336,#3337,#3338));
#1960=EDGE_LOOP('',(#3339,#3340,#3341,#3342));
#1961=EDGE_LOOP('',(#3343,#3344,#3345,#3346));
#1962=EDGE_LOOP('',(#3347,#3348,#3349,#3350));
#1963=EDGE_LOOP('',(#3351,#3352,#3353,#3354));
#1964=EDGE_LOOP('',(#3355,#3356,#3357,#3358));
#1965=EDGE_LOOP('',(#3359,#3360,#3361,#3362));
#1966=EDGE_LOOP('',(#3363,#3364,#3365,#3366));
#1967=EDGE_LOOP('',(#3367,#3368,#3369,#3370));
#1968=EDGE_LOOP('',(#3371,#3372,#3373,#3374));
#1969=EDGE_LOOP('',(#3375,#3376,#3377,#3378));
#1970=EDGE_LOOP('',(#3379,#3380,#3381,#3382));
#1971=EDGE_LOOP('',(#3383,#3384,#3385,#3386,#3387));
#1972=EDGE_LOOP('',(#3388,#3389,#3390,#3391,#3392));
#1973=EDGE_LOOP('',(#3393,#3394,#3395,#3396,#3397,#3398,#3399,#3400,#3401,
#3402));
#1974=EDGE_LOOP('',(#3403,#3404,#3405,#3406,#3407,#3408,#3409,#3410,#3411,
#3412));
#1975=EDGE_LOOP('',(#3413,#3414,#3415,#3416));
#1976=EDGE_LOOP('',(#3417,#3418,#3419,#3420,#3421));
#1977=EDGE_LOOP('',(#3422,#3423,#3424,#3425,#3426));
#1978=EDGE_LOOP('',(#3427,#3428,#3429,#3430,#3431,#3432,#3433,#3434,#3435,
#3436));
#1979=EDGE_LOOP('',(#3437,#3438,#3439,#3440,#3441,#3442,#3443,#3444,#3445,
#3446));
#1980=EDGE_LOOP('',(#3447,#3448,#3449,#3450));
#1981=EDGE_LOOP('',(#3451,#3452,#3453,#3454));
#1982=EDGE_LOOP('',(#3455,#3456,#3457,#3458));
#1983=EDGE_LOOP('',(#3459,#3460,#3461,#3462));
#1984=EDGE_LOOP('',(#3463,#3464,#3465,#3466));
#1985=EDGE_LOOP('',(#3467,#3468,#3469,#3470));
#1986=EDGE_LOOP('',(#3471,#3472,#3473,#3474));
#1987=EDGE_LOOP('',(#3475,#3476,#3477,#3478));
#1988=EDGE_LOOP('',(#3479,#3480,#3481,#3482));
#1989=EDGE_LOOP('',(#3483,#3484,#3485,#3486));
#1990=EDGE_LOOP('',(#3487,#3488,#3489,#3490));
#1991=EDGE_LOOP('',(#3491,#3492,#3493,#3494));
#1992=EDGE_LOOP('',(#3495,#3496,#3497,#3498));
#1993=EDGE_LOOP('',(#3499,#3500,#3501,#3502));
#1994=EDGE_LOOP('',(#3503,#3504,#3505,#3506));
#1995=EDGE_LOOP('',(#3507,#3508,#3509,#3510));
#1996=EDGE_LOOP('',(#3511,#3512,#3513,#3514));
#1997=EDGE_LOOP('',(#3515,#3516,#3517,#3518));
#1998=EDGE_LOOP('',(#3519,#3520,#3521,#3522));
#1999=EDGE_LOOP('',(#3523,#3524,#3525,#3526));
#2000=EDGE_LOOP('',(#3527,#3528,#3529,#3530));
#2001=EDGE_LOOP('',(#3531,#3532,#3533,#3534));
#2002=EDGE_LOOP('',(#3535,#3536,#3537,#3538));
#2003=EDGE_LOOP('',(#3539,#3540,#3541,#3542,#3543));
#2004=EDGE_LOOP('',(#3544,#3545,#3546,#3547,#3548));
#2005=EDGE_LOOP('',(#3549,#3550,#3551,#3552,#3553,#3554,#3555,#3556,#3557,
#3558));
#2006=EDGE_LOOP('',(#3559,#3560,#3561,#3562,#3563,#3564,#3565,#3566,#3567,
#3568));
#2007=EDGE_LOOP('',(#3569,#3570,#3571,#3572));
#2008=EDGE_LOOP('',(#3573,#3574,#3575,#3576,#3577));
#2009=EDGE_LOOP('',(#3578,#3579,#3580,#3581,#3582));
#2010=EDGE_LOOP('',(#3583,#3584,#3585,#3586,#3587,#3588,#3589,#3590,#3591,
#3592));
#2011=EDGE_LOOP('',(#3593,#3594,#3595,#3596,#3597,#3598,#3599,#3600,#3601,
#3602));
#2012=EDGE_LOOP('',(#3603,#3604,#3605,#3606));
#2013=EDGE_LOOP('',(#3607,#3608,#3609,#3610));
#2014=EDGE_LOOP('',(#3611,#3612,#3613,#3614));
#2015=EDGE_LOOP('',(#3615,#3616,#3617,#3618));
#2016=EDGE_LOOP('',(#3619,#3620,#3621,#3622));
#2017=EDGE_LOOP('',(#3623,#3624,#3625,#3626));
#2018=EDGE_LOOP('',(#3627,#3628,#3629,#3630));
#2019=EDGE_LOOP('',(#3631,#3632,#3633,#3634));
#2020=EDGE_LOOP('',(#3635,#3636,#3637,#3638));
#2021=EDGE_LOOP('',(#3639,#3640,#3641,#3642));
#2022=EDGE_LOOP('',(#3643,#3644,#3645,#3646));
#2023=EDGE_LOOP('',(#3647,#3648,#3649,#3650));
#2024=EDGE_LOOP('',(#3651,#3652,#3653,#3654));
#2025=EDGE_LOOP('',(#3655,#3656,#3657,#3658));
#2026=EDGE_LOOP('',(#3659,#3660,#3661,#3662));
#2027=EDGE_LOOP('',(#3663,#3664,#3665,#3666));
#2028=EDGE_LOOP('',(#3667,#3668,#3669,#3670));
#2029=EDGE_LOOP('',(#3671,#3672,#3673,#3674));
#2030=EDGE_LOOP('',(#3675,#3676,#3677,#3678));
#2031=EDGE_LOOP('',(#3679,#3680,#3681,#3682));
#2032=EDGE_LOOP('',(#3683,#3684,#3685,#3686));
#2033=EDGE_LOOP('',(#3687,#3688,#3689,#3690));
#2034=EDGE_LOOP('',(#3691,#3692,#3693,#3694));
#2035=EDGE_LOOP('',(#3695,#3696,#3697,#3698,#3699));
#2036=EDGE_LOOP('',(#3700,#3701,#3702,#3703,#3704));
#2037=EDGE_LOOP('',(#3705,#3706,#3707,#3708,#3709,#3710,#3711,#3712,#3713,
#3714));
#2038=EDGE_LOOP('',(#3715,#3716,#3717,#3718,#3719,#3720,#3721,#3722,#3723,
#3724));
#2039=EDGE_LOOP('',(#3725,#3726,#3727,#3728));
#2040=EDGE_LOOP('',(#3729,#3730,#3731,#3732,#3733));
#2041=EDGE_LOOP('',(#3734,#3735,#3736,#3737,#3738));
#2042=EDGE_LOOP('',(#3739,#3740,#3741,#3742,#3743,#3744,#3745,#3746,#3747,
#3748));
#2043=EDGE_LOOP('',(#3749,#3750,#3751,#3752,#3753,#3754,#3755,#3756,#3757,
#3758));
#2044=EDGE_LOOP('',(#3759,#3760,#3761,#3762));
#2045=EDGE_LOOP('',(#3763,#3764,#3765,#3766));
#2046=EDGE_LOOP('',(#3767,#3768,#3769,#3770));
#2047=EDGE_LOOP('',(#3771,#3772,#3773,#3774));
#2048=EDGE_LOOP('',(#3775,#3776,#3777,#3778));
#2049=EDGE_LOOP('',(#3779,#3780,#3781,#3782));
#2050=EDGE_LOOP('',(#3783,#3784,#3785,#3786));
#2051=EDGE_LOOP('',(#3787,#3788,#3789,#3790));
#2052=EDGE_LOOP('',(#3791,#3792,#3793,#3794));
#2053=EDGE_LOOP('',(#3795,#3796,#3797,#3798));
#2054=EDGE_LOOP('',(#3799,#3800,#3801,#3802));
#2055=EDGE_LOOP('',(#3803,#3804,#3805,#3806));
#2056=EDGE_LOOP('',(#3807,#3808,#3809,#3810));
#2057=EDGE_LOOP('',(#3811,#3812,#3813,#3814));
#2058=EDGE_LOOP('',(#3815,#3816,#3817,#3818));
#2059=EDGE_LOOP('',(#3819,#3820,#3821,#3822));
#2060=EDGE_LOOP('',(#3823,#3824,#3825,#3826));
#2061=EDGE_LOOP('',(#3827,#3828,#3829,#3830));
#2062=EDGE_LOOP('',(#3831,#3832,#3833,#3834));
#2063=EDGE_LOOP('',(#3835,#3836,#3837,#3838));
#2064=EDGE_LOOP('',(#3839,#3840,#3841,#3842));
#2065=EDGE_LOOP('',(#3843,#3844,#3845,#3846));
#2066=EDGE_LOOP('',(#3847,#3848,#3849,#3850));
#2067=EDGE_LOOP('',(#3851,#3852,#3853,#3854,#3855));
#2068=EDGE_LOOP('',(#3856,#3857,#3858,#3859,#3860));
#2069=EDGE_LOOP('',(#3861,#3862,#3863,#3864,#3865,#3866,#3867,#3868,#3869,
#3870));
#2070=EDGE_LOOP('',(#3871,#3872,#3873,#3874,#3875,#3876,#3877,#3878,#3879,
#3880));
#2071=EDGE_LOOP('',(#3881,#3882,#3883,#3884));
#2072=EDGE_LOOP('',(#3885,#3886,#3887,#3888,#3889));
#2073=EDGE_LOOP('',(#3890,#3891,#3892,#3893,#3894));
#2074=EDGE_LOOP('',(#3895,#3896,#3897,#3898,#3899,#3900,#3901,#3902,#3903,
#3904));
#2075=EDGE_LOOP('',(#3905,#3906,#3907,#3908,#3909,#3910,#3911,#3912,#3913,
#3914));
#2076=EDGE_LOOP('',(#3915,#3916,#3917,#3918));
#2077=EDGE_LOOP('',(#3919,#3920,#3921,#3922));
#2078=EDGE_LOOP('',(#3923,#3924,#3925,#3926));
#2079=EDGE_LOOP('',(#3927,#3928,#3929,#3930));
#2080=EDGE_LOOP('',(#3931,#3932,#3933,#3934));
#2081=EDGE_LOOP('',(#3935,#3936,#3937,#3938));
#2082=EDGE_LOOP('',(#3939,#3940,#3941,#3942));
#2083=EDGE_LOOP('',(#3943,#3944,#3945,#3946));
#2084=EDGE_LOOP('',(#3947,#3948,#3949,#3950));
#2085=EDGE_LOOP('',(#3951,#3952,#3953,#3954));
#2086=EDGE_LOOP('',(#3955,#3956,#3957,#3958));
#2087=EDGE_LOOP('',(#3959,#3960,#3961,#3962));
#2088=EDGE_LOOP('',(#3963,#3964,#3965,#3966));
#2089=EDGE_LOOP('',(#3967,#3968,#3969,#3970));
#2090=EDGE_LOOP('',(#3971,#3972,#3973,#3974));
#2091=EDGE_LOOP('',(#3975,#3976,#3977,#3978));
#2092=EDGE_LOOP('',(#3979,#3980,#3981,#3982));
#2093=EDGE_LOOP('',(#3983,#3984,#3985,#3986));
#2094=EDGE_LOOP('',(#3987,#3988,#3989,#3990));
#2095=EDGE_LOOP('',(#3991,#3992,#3993,#3994));
#2096=EDGE_LOOP('',(#3995,#3996,#3997,#3998));
#2097=EDGE_LOOP('',(#3999,#4000,#4001,#4002));
#2098=EDGE_LOOP('',(#4003,#4004,#4005,#4006));
#2099=EDGE_LOOP('',(#4007,#4008,#4009,#4010,#4011));
#2100=EDGE_LOOP('',(#4012,#4013,#4014,#4015,#4016));
#2101=EDGE_LOOP('',(#4017,#4018,#4019,#4020,#4021,#4022,#4023,#4024,#4025,
#4026));
#2102=EDGE_LOOP('',(#4027,#4028,#4029,#4030,#4031,#4032,#4033,#4034,#4035,
#4036));
#2103=EDGE_LOOP('',(#4037,#4038,#4039,#4040));
#2104=EDGE_LOOP('',(#4041,#4042,#4043,#4044,#4045));
#2105=EDGE_LOOP('',(#4046,#4047,#4048,#4049,#4050));
#2106=EDGE_LOOP('',(#4051,#4052,#4053,#4054,#4055,#4056,#4057,#4058,#4059,
#4060));
#2107=EDGE_LOOP('',(#4061,#4062,#4063,#4064,#4065,#4066,#4067,#4068,#4069,
#4070));
#2108=EDGE_LOOP('',(#4071,#4072,#4073,#4074));
#2109=EDGE_LOOP('',(#4075,#4076,#4077,#4078));
#2110=EDGE_LOOP('',(#4079,#4080,#4081,#4082));
#2111=EDGE_LOOP('',(#4083,#4084,#4085,#4086));
#2112=EDGE_LOOP('',(#4087,#4088,#4089,#4090));
#2113=EDGE_LOOP('',(#4091,#4092,#4093,#4094));
#2114=EDGE_LOOP('',(#4095,#4096,#4097,#4098));
#2115=EDGE_LOOP('',(#4099,#4100,#4101,#4102));
#2116=EDGE_LOOP('',(#4103,#4104,#4105,#4106));
#2117=EDGE_LOOP('',(#4107,#4108,#4109,#4110));
#2118=EDGE_LOOP('',(#4111,#4112,#4113,#4114));
#2119=EDGE_LOOP('',(#4115,#4116,#4117,#4118));
#2120=EDGE_LOOP('',(#4119,#4120,#4121,#4122));
#2121=EDGE_LOOP('',(#4123,#4124,#4125,#4126));
#2122=EDGE_LOOP('',(#4127,#4128,#4129,#4130));
#2123=EDGE_LOOP('',(#4131,#4132,#4133,#4134));
#2124=EDGE_LOOP('',(#4135,#4136,#4137,#4138));
#2125=EDGE_LOOP('',(#4139,#4140,#4141,#4142));
#2126=EDGE_LOOP('',(#4143,#4144,#4145,#4146));
#2127=EDGE_LOOP('',(#4147,#4148,#4149,#4150));
#2128=EDGE_LOOP('',(#4151,#4152,#4153,#4154));
#2129=EDGE_LOOP('',(#4155,#4156,#4157,#4158));
#2130=EDGE_LOOP('',(#4159,#4160,#4161,#4162));
#2131=EDGE_LOOP('',(#4163,#4164,#4165,#4166,#4167));
#2132=EDGE_LOOP('',(#4168,#4169,#4170,#4171,#4172));
#2133=EDGE_LOOP('',(#4173,#4174,#4175,#4176,#4177,#4178,#4179,#4180,#4181,
#4182));
#2134=EDGE_LOOP('',(#4183,#4184,#4185,#4186,#4187,#4188,#4189,#4190,#4191,
#4192));
#2135=EDGE_LOOP('',(#4193,#4194,#4195,#4196));
#2136=EDGE_LOOP('',(#4197,#4198,#4199,#4200,#4201));
#2137=EDGE_LOOP('',(#4202,#4203,#4204,#4205,#4206));
#2138=EDGE_LOOP('',(#4207,#4208,#4209,#4210,#4211,#4212,#4213,#4214,#4215,
#4216));
#2139=EDGE_LOOP('',(#4217,#4218,#4219,#4220,#4221,#4222,#4223,#4224,#4225,
#4226));
#2140=EDGE_LOOP('',(#4227,#4228,#4229,#4230));
#2141=EDGE_LOOP('',(#4231,#4232,#4233,#4234));
#2142=EDGE_LOOP('',(#4235,#4236,#4237,#4238));
#2143=EDGE_LOOP('',(#4239,#4240,#4241,#4242));
#2144=EDGE_LOOP('',(#4243,#4244,#4245,#4246));
#2145=EDGE_LOOP('',(#4247,#4248,#4249,#4250));
#2146=EDGE_LOOP('',(#4251,#4252,#4253,#4254));
#2147=EDGE_LOOP('',(#4255,#4256,#4257,#4258));
#2148=EDGE_LOOP('',(#4259,#4260,#4261,#4262));
#2149=EDGE_LOOP('',(#4263,#4264,#4265,#4266));
#2150=EDGE_LOOP('',(#4267,#4268,#4269,#4270));
#2151=EDGE_LOOP('',(#4271,#4272,#4273,#4274));
#2152=EDGE_LOOP('',(#4275,#4276,#4277,#4278));
#2153=EDGE_LOOP('',(#4279,#4280,#4281,#4282));
#2154=EDGE_LOOP('',(#4283,#4284,#4285,#4286));
#2155=EDGE_LOOP('',(#4287,#4288,#4289,#4290));
#2156=EDGE_LOOP('',(#4291,#4292,#4293,#4294));
#2157=EDGE_LOOP('',(#4295,#4296,#4297,#4298));
#2158=EDGE_LOOP('',(#4299,#4300,#4301,#4302));
#2159=EDGE_LOOP('',(#4303,#4304,#4305,#4306));
#2160=EDGE_LOOP('',(#4307,#4308,#4309,#4310));
#2161=EDGE_LOOP('',(#4311,#4312,#4313,#4314));
#2162=EDGE_LOOP('',(#4315,#4316,#4317,#4318));
#2163=EDGE_LOOP('',(#4319,#4320,#4321,#4322,#4323));
#2164=EDGE_LOOP('',(#4324,#4325,#4326,#4327,#4328));
#2165=EDGE_LOOP('',(#4329,#4330,#4331,#4332,#4333,#4334,#4335,#4336,#4337,
#4338));
#2166=EDGE_LOOP('',(#4339,#4340,#4341,#4342,#4343,#4344,#4345,#4346,#4347,
#4348));
#2167=EDGE_LOOP('',(#4349,#4350,#4351,#4352));
#2168=EDGE_LOOP('',(#4353,#4354,#4355,#4356,#4357));
#2169=EDGE_LOOP('',(#4358,#4359,#4360,#4361,#4362));
#2170=EDGE_LOOP('',(#4363,#4364,#4365,#4366,#4367,#4368,#4369,#4370,#4371,
#4372));
#2171=EDGE_LOOP('',(#4373,#4374,#4375,#4376,#4377,#4378,#4379,#4380,#4381,
#4382));
#2172=EDGE_LOOP('',(#4383,#4384,#4385,#4386));
#2173=EDGE_LOOP('',(#4387,#4388,#4389,#4390));
#2174=EDGE_LOOP('',(#4391,#4392,#4393,#4394));
#2175=EDGE_LOOP('',(#4395,#4396,#4397,#4398));
#2176=EDGE_LOOP('',(#4399,#4400,#4401,#4402));
#2177=EDGE_LOOP('',(#4403,#4404,#4405,#4406));
#2178=EDGE_LOOP('',(#4407,#4408,#4409,#4410));
#2179=EDGE_LOOP('',(#4411,#4412,#4413,#4414));
#2180=EDGE_LOOP('',(#4415,#4416,#4417,#4418));
#2181=EDGE_LOOP('',(#4419,#4420,#4421,#4422));
#2182=EDGE_LOOP('',(#4423,#4424,#4425,#4426));
#2183=EDGE_LOOP('',(#4427,#4428,#4429,#4430));
#2184=EDGE_LOOP('',(#4431,#4432,#4433,#4434));
#2185=EDGE_LOOP('',(#4435,#4436,#4437,#4438));
#2186=EDGE_LOOP('',(#4439,#4440,#4441,#4442));
#2187=EDGE_LOOP('',(#4443,#4444,#4445,#4446));
#2188=EDGE_LOOP('',(#4447,#4448,#4449,#4450));
#2189=EDGE_LOOP('',(#4451,#4452,#4453,#4454));
#2190=EDGE_LOOP('',(#4455,#4456,#4457,#4458));
#2191=EDGE_LOOP('',(#4459,#4460,#4461,#4462));
#2192=EDGE_LOOP('',(#4463,#4464,#4465,#4466));
#2193=EDGE_LOOP('',(#4467,#4468,#4469,#4470));
#2194=EDGE_LOOP('',(#4471,#4472,#4473,#4474));
#2195=EDGE_LOOP('',(#4475,#4476,#4477,#4478,#4479));
#2196=EDGE_LOOP('',(#4480,#4481,#4482,#4483,#4484));
#2197=EDGE_LOOP('',(#4485,#4486,#4487,#4488,#4489,#4490,#4491,#4492,#4493,
#4494));
#2198=EDGE_LOOP('',(#4495,#4496,#4497,#4498,#4499,#4500,#4501,#4502,#4503,
#4504));
#2199=EDGE_LOOP('',(#4505,#4506,#4507,#4508));
#2200=EDGE_LOOP('',(#4509,#4510,#4511,#4512,#4513));
#2201=EDGE_LOOP('',(#4514,#4515,#4516,#4517,#4518));
#2202=EDGE_LOOP('',(#4519,#4520,#4521,#4522,#4523,#4524,#4525,#4526,#4527,
#4528));
#2203=EDGE_LOOP('',(#4529,#4530,#4531,#4532,#4533,#4534,#4535,#4536,#4537,
#4538));
#2204=EDGE_LOOP('',(#4539,#4540,#4541,#4542));
#2205=EDGE_LOOP('',(#4543,#4544,#4545,#4546));
#2206=EDGE_LOOP('',(#4547,#4548,#4549,#4550));
#2207=EDGE_LOOP('',(#4551,#4552,#4553,#4554));
#2208=EDGE_LOOP('',(#4555,#4556,#4557,#4558));
#2209=EDGE_LOOP('',(#4559,#4560,#4561,#4562));
#2210=EDGE_LOOP('',(#4563,#4564,#4565,#4566));
#2211=EDGE_LOOP('',(#4567,#4568,#4569,#4570));
#2212=EDGE_LOOP('',(#4571,#4572,#4573,#4574));
#2213=EDGE_LOOP('',(#4575,#4576,#4577,#4578));
#2214=EDGE_LOOP('',(#4579,#4580,#4581,#4582));
#2215=EDGE_LOOP('',(#4583,#4584,#4585,#4586));
#2216=EDGE_LOOP('',(#4587,#4588,#4589,#4590));
#2217=EDGE_LOOP('',(#4591,#4592,#4593,#4594));
#2218=EDGE_LOOP('',(#4595,#4596,#4597,#4598));
#2219=EDGE_LOOP('',(#4599,#4600,#4601,#4602,#4603));
#2220=EDGE_LOOP('',(#4604,#4605,#4606,#4607,#4608));
#2221=EDGE_LOOP('',(#4609,#4610,#4611,#4612,#4613,#4614,#4615,#4616,#4617,
#4618));
#2222=EDGE_LOOP('',(#4619,#4620,#4621,#4622,#4623,#4624,#4625,#4626,#4627,
#4628));
#2223=EDGE_LOOP('',(#4629,#4630,#4631,#4632));
#2224=EDGE_LOOP('',(#4633,#4634,#4635,#4636));
#2225=EDGE_LOOP('',(#4637,#4638,#4639,#4640));
#2226=EDGE_LOOP('',(#4641,#4642,#4643,#4644));
#2227=EDGE_LOOP('',(#4645,#4646,#4647,#4648));
#2228=EDGE_LOOP('',(#4649,#4650,#4651,#4652));
#2229=EDGE_LOOP('',(#4653,#4654,#4655,#4656));
#2230=EDGE_LOOP('',(#4657,#4658,#4659,#4660));
#2231=EDGE_LOOP('',(#4661,#4662,#4663,#4664));
#2232=EDGE_LOOP('',(#4665,#4666,#4667,#4668));
#2233=EDGE_LOOP('',(#4669,#4670,#4671,#4672));
#2234=EDGE_LOOP('',(#4673,#4674,#4675,#4676));
#2235=EDGE_LOOP('',(#4677,#4678,#4679,#4680));
#2236=EDGE_LOOP('',(#4681,#4682,#4683,#4684));
#2237=EDGE_LOOP('',(#4685,#4686,#4687,#4688));
#2238=EDGE_LOOP('',(#4689,#4690,#4691,#4692));
#2239=EDGE_LOOP('',(#4693,#4694,#4695,#4696));
#2240=EDGE_LOOP('',(#4697,#4698,#4699,#4700));
#2241=EDGE_LOOP('',(#4701,#4702,#4703,#4704));
#2242=EDGE_LOOP('',(#4705,#4706,#4707,#4708));
#2243=EDGE_LOOP('',(#4709,#4710,#4711,#4712));
#2244=EDGE_LOOP('',(#4713,#4714,#4715,#4716));
#2245=EDGE_LOOP('',(#4717,#4718,#4719,#4720));
#2246=EDGE_LOOP('',(#4721,#4722,#4723,#4724));
#2247=EDGE_LOOP('',(#4725,#4726,#4727,#4728));
#2248=EDGE_LOOP('',(#4729,#4730,#4731,#4732));
#2249=EDGE_LOOP('',(#4733,#4734,#4735,#4736));
#2250=EDGE_LOOP('',(#4737,#4738,#4739,#4740));
#2251=EDGE_LOOP('',(#4741,#4742,#4743,#4744));
#2252=EDGE_LOOP('',(#4745,#4746,#4747,#4748));
#2253=EDGE_LOOP('',(#4749,#4750,#4751,#4752));
#2254=EDGE_LOOP('',(#4753,#4754,#4755,#4756));
#2255=EDGE_LOOP('',(#4757,#4758,#4759,#4760));
#2256=EDGE_LOOP('',(#4761,#4762,#4763,#4764));
#2257=EDGE_LOOP('',(#4765,#4766,#4767,#4768));
#2258=EDGE_LOOP('',(#4769,#4770,#4771,#4772));
#2259=EDGE_LOOP('',(#4773,#4774,#4775,#4776));
#2260=EDGE_LOOP('',(#4777,#4778,#4779,#4780));
#2261=EDGE_LOOP('',(#4781,#4782,#4783,#4784));
#2262=EDGE_LOOP('',(#4785,#4786,#4787,#4788));
#2263=EDGE_LOOP('',(#4789,#4790,#4791,#4792));
#2264=EDGE_LOOP('',(#4793,#4794,#4795,#4796));
#2265=EDGE_LOOP('',(#4797,#4798,#4799,#4800));
#2266=EDGE_LOOP('',(#4801,#4802,#4803,#4804));
#2267=EDGE_LOOP('',(#4805,#4806,#4807,#4808));
#2268=EDGE_LOOP('',(#4809,#4810,#4811,#4812));
#2269=EDGE_LOOP('',(#4813,#4814,#4815,#4816));
#2270=EDGE_LOOP('',(#4817,#4818,#4819,#4820));
#2271=EDGE_LOOP('',(#4821,#4822,#4823,#4824));
#2272=EDGE_LOOP('',(#4825,#4826,#4827,#4828));
#2273=EDGE_LOOP('',(#4829,#4830,#4831,#4832));
#2274=EDGE_LOOP('',(#4833,#4834,#4835,#4836));
#2275=EDGE_LOOP('',(#4837,#4838,#4839,#4840));
#2276=EDGE_LOOP('',(#4841,#4842,#4843,#4844));
#2277=EDGE_LOOP('',(#4845,#4846,#4847,#4848));
#2278=EDGE_LOOP('',(#4849,#4850,#4851,#4852));
#2279=EDGE_LOOP('',(#4853,#4854,#4855,#4856));
#2280=EDGE_LOOP('',(#4857,#4858,#4859,#4860));
#2281=EDGE_LOOP('',(#4861,#4862,#4863,#4864));
#2282=EDGE_LOOP('',(#4865,#4866,#4867,#4868,#4869,#4870,#4871,#4872,#4873,
#4874,#4875,#4876));
#2283=EDGE_LOOP('',(#4877,#4878,#4879,#4880,#4881));
#2284=EDGE_LOOP('',(#4882,#4883,#4884,#4885,#4886));
#2285=EDGE_LOOP('',(#4887,#4888,#4889,#4890,#4891,#4892,#4893,#4894,#4895,
#4896));
#2286=EDGE_LOOP('',(#4897,#4898,#4899,#4900,#4901,#4902,#4903,#4904,#4905,
#4906));
#2287=EDGE_LOOP('',(#4907,#4908,#4909,#4910));
#2288=EDGE_LOOP('',(#4911,#4912,#4913,#4914));
#2289=EDGE_LOOP('',(#4915,#4916,#4917,#4918));
#2290=EDGE_LOOP('',(#4919,#4920,#4921,#4922));
#2291=EDGE_LOOP('',(#4923,#4924,#4925,#4926));
#2292=EDGE_LOOP('',(#4927,#4928,#4929,#4930));
#2293=EDGE_LOOP('',(#4931,#4932,#4933,#4934));
#2294=EDGE_LOOP('',(#4935,#4936,#4937,#4938));
#2295=EDGE_LOOP('',(#4939,#4940,#4941,#4942));
#2296=EDGE_LOOP('',(#4943,#4944,#4945,#4946));
#2297=EDGE_LOOP('',(#4947,#4948,#4949,#4950));
#2298=EDGE_LOOP('',(#4951,#4952,#4953,#4954));
#2299=EDGE_LOOP('',(#4955,#4956,#4957,#4958));
#2300=EDGE_LOOP('',(#4959,#4960,#4961,#4962));
#2301=EDGE_LOOP('',(#4963,#4964,#4965,#4966));
#2302=EDGE_LOOP('',(#4967,#4968,#4969,#4970));
#2303=EDGE_LOOP('',(#4971,#4972,#4973,#4974,#4975,#4976,#4977,#4978,#4979,
#4980));
#2304=EDGE_LOOP('',(#4981,#4982,#4983,#4984,#4985,#4986,#4987,#4988,#4989,
#4990));
#2305=EDGE_LOOP('',(#4991,#4992,#4993,#4994,#4995));
#2306=EDGE_LOOP('',(#4996,#4997,#4998,#4999,#5000));
#2307=EDGE_LOOP('',(#5001,#5002,#5003,#5004));
#2308=EDGE_LOOP('',(#5005,#5006,#5007,#5008,#5009,#5010,#5011,#5012,#5013,
#5014));
#2309=EDGE_LOOP('',(#5015,#5016,#5017,#5018,#5019,#5020,#5021,#5022,#5023,
#5024));
#2310=EDGE_LOOP('',(#5025,#5026,#5027,#5028,#5029));
#2311=EDGE_LOOP('',(#5030,#5031,#5032,#5033,#5034));
#2312=EDGE_LOOP('',(#5035,#5036,#5037,#5038));
#2313=EDGE_LOOP('',(#5039,#5040,#5041,#5042));
#2314=EDGE_LOOP('',(#5043,#5044,#5045,#5046));
#2315=EDGE_LOOP('',(#5047,#5048,#5049,#5050));
#2316=EDGE_LOOP('',(#5051,#5052,#5053,#5054));
#2317=EDGE_LOOP('',(#5055,#5056,#5057,#5058));
#2318=EDGE_LOOP('',(#5059,#5060,#5061,#5062));
#2319=EDGE_LOOP('',(#5063,#5064,#5065,#5066));
#2320=EDGE_LOOP('',(#5067,#5068,#5069,#5070));
#2321=EDGE_LOOP('',(#5071,#5072,#5073,#5074));
#2322=EDGE_LOOP('',(#5075,#5076,#5077,#5078));
#2323=EDGE_LOOP('',(#5079,#5080,#5081,#5082,#5083,#5084,#5085,#5086));
#2324=EDGE_LOOP('',(#5087,#5088,#5089,#5090,#5091,#5092,#5093,#5094,#5095,
#5096,#5097,#5098,#5099,#5100,#5101,#5102,#5103,#5104,#5105,#5106,#5107,
#5108,#5109,#5110));
#2325=EDGE_LOOP('',(#5111,#5112,#5113,#5114,#5115,#5116,#5117,#5118,#5119,
#5120,#5121,#5122,#5123,#5124,#5125,#5126));
#2326=EDGE_LOOP('',(#5127,#5128,#5129,#5130));
#2327=EDGE_LOOP('',(#5131,#5132,#5133,#5134));
#2328=EDGE_LOOP('',(#5135,#5136,#5137,#5138,#5139,#5140,#5141,#5142,#5143,
#5144,#5145,#5146,#5147,#5148,#5149,#5150,#5151,#5152,#5153,#5154,#5155,
#5156,#5157,#5158));
#2329=EDGE_LOOP('',(#5159,#5160,#5161,#5162,#5163,#5164,#5165,#5166,#5167,
#5168,#5169,#5170,#5171,#5172,#5173,#5174,#5175,#5176,#5177,#5178,#5179,
#5180,#5181,#5182));
#2330=EDGE_LOOP('',(#5183,#5184,#5185,#5186));
#2331=EDGE_LOOP('',(#5187,#5188,#5189,#5190));
#2332=EDGE_LOOP('',(#5191,#5192,#5193,#5194,#5195));
#2333=EDGE_LOOP('',(#5196,#5197,#5198,#5199));
#2334=EDGE_LOOP('',(#5200,#5201,#5202,#5203,#5204));
#2335=EDGE_LOOP('',(#5205,#5206,#5207,#5208));
#2336=EDGE_LOOP('',(#5209,#5210,#5211,#5212));
#2337=EDGE_LOOP('',(#5213,#5214,#5215,#5216));
#2338=EDGE_LOOP('',(#5217,#5218,#5219,#5220,#5221,#5222));
#2339=EDGE_LOOP('',(#5223,#5224,#5225,#5226,#5227,#5228));
#2340=EDGE_LOOP('',(#5229,#5230,#5231,#5232));
#2341=EDGE_LOOP('',(#5233,#5234,#5235,#5236,#5237));
#2342=EDGE_LOOP('',(#5238,#5239,#5240,#5241));
#2343=EDGE_LOOP('',(#5242,#5243,#5244,#5245,#5246,#5247,#5248,#5249));
#2344=EDGE_LOOP('',(#5250,#5251,#5252,#5253));
#2345=EDGE_LOOP('',(#5254,#5255,#5256,#5257,#5258,#5259,#5260,#5261));
#2346=EDGE_LOOP('',(#5262,#5263,#5264,#5265,#5266,#5267,#5268));
#2347=EDGE_LOOP('',(#5269,#5270,#5271,#5272));
#2348=EDGE_LOOP('',(#5273,#5274,#5275,#5276));
#2349=EDGE_LOOP('',(#5277,#5278,#5279,#5280));
#2350=EDGE_LOOP('',(#5281,#5282,#5283,#5284));
#2351=EDGE_LOOP('',(#5285,#5286,#5287,#5288));
#2352=EDGE_LOOP('',(#5289,#5290,#5291,#5292,#5293,#5294,#5295,#5296,#5297,
#5298));
#2353=EDGE_LOOP('',(#5299,#5300,#5301,#5302,#5303,#5304,#5305,#5306,#5307,
#5308));
#2354=EDGE_LOOP('',(#5309,#5310,#5311,#5312,#5313,#5314,#5315,#5316,#5317,
#5318,#5319,#5320));
#2355=EDGE_LOOP('',(#5321,#5322,#5323,#5324,#5325,#5326,#5327,#5328,#5329,
#5330,#5331,#5332));
#2356=EDGE_LOOP('',(#5333,#5334,#5335,#5336,#5337,#5338,#5339));
#2357=EDGE_LOOP('',(#5340,#5341,#5342,#5343,#5344,#5345,#5346));
#2358=EDGE_LOOP('',(#5347,#5348,#5349,#5350,#5351,#5352,#5353,#5354));
#2359=EDGE_LOOP('',(#5355,#5356,#5357,#5358,#5359,#5360,#5361));
#2360=EDGE_LOOP('',(#5362,#5363,#5364,#5365,#5366,#5367,#5368));
#2361=EDGE_LOOP('',(#5369,#5370,#5371,#5372));
#2362=EDGE_LOOP('',(#5373,#5374,#5375,#5376));
#2363=EDGE_LOOP('',(#5377,#5378,#5379,#5380));
#2364=EDGE_LOOP('',(#5381,#5382,#5383,#5384));
#2365=EDGE_LOOP('',(#5385,#5386,#5387,#5388));
#2366=EDGE_LOOP('',(#5389,#5390,#5391,#5392));
#2367=EDGE_LOOP('',(#5393,#5394,#5395,#5396));
#2368=EDGE_LOOP('',(#5397,#5398,#5399,#5400));
#2369=EDGE_LOOP('',(#5401,#5402,#5403,#5404));
#2370=EDGE_LOOP('',(#5405,#5406,#5407,#5408));
#2371=EDGE_LOOP('',(#5409,#5410,#5411,#5412));
#2372=EDGE_LOOP('',(#5413,#5414,#5415,#5416));
#2373=EDGE_LOOP('',(#5417,#5418,#5419,#5420));
#2374=EDGE_LOOP('',(#5421,#5422,#5423,#5424));
#2375=EDGE_LOOP('',(#5425,#5426,#5427,#5428));
#2376=EDGE_LOOP('',(#5429,#5430,#5431,#5432));
#2377=EDGE_LOOP('',(#5433,#5434,#5435,#5436));
#2378=EDGE_LOOP('',(#5437,#5438,#5439,#5440));
#2379=EDGE_LOOP('',(#5441,#5442,#5443,#5444));
#2380=EDGE_LOOP('',(#5445,#5446,#5447,#5448));
#2381=EDGE_LOOP('',(#5449,#5450,#5451,#5452));
#2382=EDGE_LOOP('',(#5453,#5454,#5455,#5456));
#2383=EDGE_LOOP('',(#5457,#5458,#5459,#5460));
#2384=EDGE_LOOP('',(#5461,#5462,#5463,#5464));
#2385=EDGE_LOOP('',(#5465,#5466,#5467,#5468));
#2386=EDGE_LOOP('',(#5469,#5470,#5471));
#2387=EDGE_LOOP('',(#5472,#5473,#5474));
#2388=EDGE_LOOP('',(#5475,#5476,#5477,#5478,#5479,#5480,#5481,#5482));
#2389=ORIENTED_EDGE('',*,*,#6510,.F.);
#2390=ORIENTED_EDGE('',*,*,#6511,.F.);
#2391=ORIENTED_EDGE('',*,*,#6512,.T.);
#2392=ORIENTED_EDGE('',*,*,#6513,.T.);
#2393=ORIENTED_EDGE('',*,*,#6514,.F.);
#2394=ORIENTED_EDGE('',*,*,#6515,.F.);
#2395=ORIENTED_EDGE('',*,*,#6516,.T.);
#2396=ORIENTED_EDGE('',*,*,#6517,.T.);
#2397=ORIENTED_EDGE('',*,*,#6518,.T.);
#2398=ORIENTED_EDGE('',*,*,#6519,.T.);
#2399=ORIENTED_EDGE('',*,*,#6520,.F.);
#2400=ORIENTED_EDGE('',*,*,#6521,.T.);
#2401=ORIENTED_EDGE('',*,*,#6520,.T.);
#2402=ORIENTED_EDGE('',*,*,#6522,.T.);
#2403=ORIENTED_EDGE('',*,*,#6523,.T.);
#2404=ORIENTED_EDGE('',*,*,#6524,.F.);
#2405=ORIENTED_EDGE('',*,*,#6525,.T.);
#2406=ORIENTED_EDGE('',*,*,#6526,.F.);
#2407=ORIENTED_EDGE('',*,*,#6522,.F.);
#2408=ORIENTED_EDGE('',*,*,#6527,.F.);
#2409=ORIENTED_EDGE('',*,*,#6528,.F.);
#2410=ORIENTED_EDGE('',*,*,#6529,.F.);
#2411=ORIENTED_EDGE('',*,*,#6530,.F.);
#2412=ORIENTED_EDGE('',*,*,#6531,.T.);
#2413=ORIENTED_EDGE('',*,*,#6532,.F.);
#2414=ORIENTED_EDGE('',*,*,#6533,.F.);
#2415=ORIENTED_EDGE('',*,*,#6534,.T.);
#2416=ORIENTED_EDGE('',*,*,#6535,.T.);
#2417=ORIENTED_EDGE('',*,*,#6536,.F.);
#2418=ORIENTED_EDGE('',*,*,#6529,.T.);
#2419=ORIENTED_EDGE('',*,*,#6537,.T.);
#2420=ORIENTED_EDGE('',*,*,#6538,.F.);
#2421=ORIENTED_EDGE('',*,*,#6539,.F.);
#2422=ORIENTED_EDGE('',*,*,#6531,.F.);
#2423=ORIENTED_EDGE('',*,*,#6540,.T.);
#2424=ORIENTED_EDGE('',*,*,#6541,.T.);
#2425=ORIENTED_EDGE('',*,*,#6542,.F.);
#2426=ORIENTED_EDGE('',*,*,#6535,.F.);
#2427=ORIENTED_EDGE('',*,*,#6543,.T.);
#2428=ORIENTED_EDGE('',*,*,#6533,.T.);
#2429=ORIENTED_EDGE('',*,*,#6544,.F.);
#2430=ORIENTED_EDGE('',*,*,#6545,.T.);
#2431=ORIENTED_EDGE('',*,*,#6546,.T.);
#2432=ORIENTED_EDGE('',*,*,#6523,.F.);
#2433=ORIENTED_EDGE('',*,*,#6547,.F.);
#2434=ORIENTED_EDGE('',*,*,#6541,.F.);
#2435=ORIENTED_EDGE('',*,*,#6548,.T.);
#2436=ORIENTED_EDGE('',*,*,#6538,.T.);
#2437=ORIENTED_EDGE('',*,*,#6549,.F.);
#2438=ORIENTED_EDGE('',*,*,#6527,.T.);
#2439=ORIENTED_EDGE('',*,*,#6519,.F.);
#2440=ORIENTED_EDGE('',*,*,#6550,.F.);
#2441=ORIENTED_EDGE('',*,*,#6525,.F.);
#2442=ORIENTED_EDGE('',*,*,#6551,.F.);
#2443=ORIENTED_EDGE('',*,*,#6545,.F.);
#2444=ORIENTED_EDGE('',*,*,#6552,.F.);
#2445=ORIENTED_EDGE('',*,*,#6553,.T.);
#2446=ORIENTED_EDGE('',*,*,#6554,.T.);
#2447=ORIENTED_EDGE('',*,*,#6555,.F.);
#2448=ORIENTED_EDGE('',*,*,#6556,.F.);
#2449=ORIENTED_EDGE('',*,*,#6557,.T.);
#2450=ORIENTED_EDGE('',*,*,#6556,.T.);
#2451=ORIENTED_EDGE('',*,*,#6558,.T.);
#2452=ORIENTED_EDGE('',*,*,#6559,.T.);
#2453=ORIENTED_EDGE('',*,*,#6560,.T.);
#2454=ORIENTED_EDGE('',*,*,#6558,.F.);
#2455=ORIENTED_EDGE('',*,*,#6555,.T.);
#2456=ORIENTED_EDGE('',*,*,#6561,.T.);
#2457=ORIENTED_EDGE('',*,*,#6562,.T.);
#2458=ORIENTED_EDGE('',*,*,#6563,.F.);
#2459=ORIENTED_EDGE('',*,*,#6564,.T.);
#2460=ORIENTED_EDGE('',*,*,#6565,.F.);
#2461=ORIENTED_EDGE('',*,*,#6561,.F.);
#2462=ORIENTED_EDGE('',*,*,#6566,.F.);
#2463=ORIENTED_EDGE('',*,*,#6567,.F.);
#2464=ORIENTED_EDGE('',*,*,#6568,.F.);
#2465=ORIENTED_EDGE('',*,*,#6569,.F.);
#2466=ORIENTED_EDGE('',*,*,#6570,.T.);
#2467=ORIENTED_EDGE('',*,*,#6571,.F.);
#2468=ORIENTED_EDGE('',*,*,#6566,.T.);
#2469=ORIENTED_EDGE('',*,*,#6554,.F.);
#2470=ORIENTED_EDGE('',*,*,#6572,.F.);
#2471=ORIENTED_EDGE('',*,*,#6564,.F.);
#2472=ORIENTED_EDGE('',*,*,#6573,.F.);
#2473=ORIENTED_EDGE('',*,*,#6574,.F.);
#2474=ORIENTED_EDGE('',*,*,#6575,.F.);
#2475=ORIENTED_EDGE('',*,*,#6536,.T.);
#2476=ORIENTED_EDGE('',*,*,#6542,.T.);
#2477=ORIENTED_EDGE('',*,*,#6547,.T.);
#2478=ORIENTED_EDGE('',*,*,#6530,.T.);
#2479=ORIENTED_EDGE('',*,*,#6544,.T.);
#2480=ORIENTED_EDGE('',*,*,#6532,.T.);
#2481=ORIENTED_EDGE('',*,*,#6539,.T.);
#2482=ORIENTED_EDGE('',*,*,#6552,.T.);
#2483=ORIENTED_EDGE('',*,*,#6576,.T.);
#2484=ORIENTED_EDGE('',*,*,#6577,.T.);
#2485=ORIENTED_EDGE('',*,*,#6578,.T.);
#2486=ORIENTED_EDGE('',*,*,#6569,.T.);
#2487=ORIENTED_EDGE('',*,*,#6579,.T.);
#2488=ORIENTED_EDGE('',*,*,#6580,.T.);
#2489=ORIENTED_EDGE('',*,*,#6581,.T.);
#2490=ORIENTED_EDGE('',*,*,#6575,.T.);
#2491=ORIENTED_EDGE('',*,*,#6582,.T.);
#2492=ORIENTED_EDGE('',*,*,#6580,.F.);
#2493=ORIENTED_EDGE('',*,*,#6583,.F.);
#2494=ORIENTED_EDGE('',*,*,#6584,.T.);
#2495=ORIENTED_EDGE('',*,*,#6585,.T.);
#2496=ORIENTED_EDGE('',*,*,#6576,.F.);
#2497=ORIENTED_EDGE('',*,*,#6568,.T.);
#2498=ORIENTED_EDGE('',*,*,#6586,.T.);
#2499=ORIENTED_EDGE('',*,*,#6570,.F.);
#2500=ORIENTED_EDGE('',*,*,#6581,.F.);
#2501=ORIENTED_EDGE('',*,*,#6582,.F.);
#2502=ORIENTED_EDGE('',*,*,#6587,.T.);
#2503=ORIENTED_EDGE('',*,*,#6588,.T.);
#2504=ORIENTED_EDGE('',*,*,#6577,.F.);
#2505=ORIENTED_EDGE('',*,*,#6585,.F.);
#2506=ORIENTED_EDGE('',*,*,#6589,.T.);
#2507=ORIENTED_EDGE('',*,*,#6583,.T.);
#2508=ORIENTED_EDGE('',*,*,#6579,.F.);
#2509=ORIENTED_EDGE('',*,*,#6574,.T.);
#2510=ORIENTED_EDGE('',*,*,#6590,.T.);
#2511=ORIENTED_EDGE('',*,*,#6562,.F.);
#2512=ORIENTED_EDGE('',*,*,#6578,.F.);
#2513=ORIENTED_EDGE('',*,*,#6588,.F.);
#2514=ORIENTED_EDGE('',*,*,#6591,.T.);
#2515=ORIENTED_EDGE('',*,*,#6592,.T.);
#2516=ORIENTED_EDGE('',*,*,#6593,.T.);
#2517=ORIENTED_EDGE('',*,*,#6594,.F.);
#2518=ORIENTED_EDGE('',*,*,#6595,.F.);
#2519=ORIENTED_EDGE('',*,*,#6596,.F.);
#2520=ORIENTED_EDGE('',*,*,#6597,.T.);
#2521=ORIENTED_EDGE('',*,*,#6598,.F.);
#2522=ORIENTED_EDGE('',*,*,#6599,.F.);
#2523=ORIENTED_EDGE('',*,*,#6594,.T.);
#2524=ORIENTED_EDGE('',*,*,#6600,.T.);
#2525=ORIENTED_EDGE('',*,*,#6601,.F.);
#2526=ORIENTED_EDGE('',*,*,#6602,.F.);
#2527=ORIENTED_EDGE('',*,*,#6603,.T.);
#2528=ORIENTED_EDGE('',*,*,#6598,.T.);
#2529=ORIENTED_EDGE('',*,*,#6604,.F.);
#2530=ORIENTED_EDGE('',*,*,#6605,.F.);
#2531=ORIENTED_EDGE('',*,*,#6606,.T.);
#2532=ORIENTED_EDGE('',*,*,#6607,.F.);
#2533=ORIENTED_EDGE('',*,*,#6608,.F.);
#2534=ORIENTED_EDGE('',*,*,#6609,.T.);
#2535=ORIENTED_EDGE('',*,*,#6610,.T.);
#2536=ORIENTED_EDGE('',*,*,#6611,.T.);
#2537=ORIENTED_EDGE('',*,*,#6612,.F.);
#2538=ORIENTED_EDGE('',*,*,#6613,.F.);
#2539=ORIENTED_EDGE('',*,*,#6614,.T.);
#2540=ORIENTED_EDGE('',*,*,#6615,.T.);
#2541=ORIENTED_EDGE('',*,*,#6616,.F.);
#2542=ORIENTED_EDGE('',*,*,#6617,.F.);
#2543=ORIENTED_EDGE('',*,*,#6618,.F.);
#2544=ORIENTED_EDGE('',*,*,#6619,.F.);
#2545=ORIENTED_EDGE('',*,*,#6620,.T.);
#2546=ORIENTED_EDGE('',*,*,#6621,.F.);
#2547=ORIENTED_EDGE('',*,*,#6622,.F.);
#2548=ORIENTED_EDGE('',*,*,#6619,.T.);
#2549=ORIENTED_EDGE('',*,*,#6623,.T.);
#2550=ORIENTED_EDGE('',*,*,#6624,.F.);
#2551=ORIENTED_EDGE('',*,*,#6611,.F.);
#2552=ORIENTED_EDGE('',*,*,#6625,.F.);
#2553=ORIENTED_EDGE('',*,*,#6626,.F.);
#2554=ORIENTED_EDGE('',*,*,#6627,.T.);
#2555=ORIENTED_EDGE('',*,*,#6628,.F.);
#2556=ORIENTED_EDGE('',*,*,#6620,.F.);
#2557=ORIENTED_EDGE('',*,*,#6622,.T.);
#2558=ORIENTED_EDGE('',*,*,#6629,.T.);
#2559=ORIENTED_EDGE('',*,*,#6626,.T.);
#2560=ORIENTED_EDGE('',*,*,#6630,.T.);
#2561=ORIENTED_EDGE('',*,*,#6631,.F.);
#2562=ORIENTED_EDGE('',*,*,#6632,.F.);
#2563=ORIENTED_EDGE('',*,*,#6625,.T.);
#2564=ORIENTED_EDGE('',*,*,#6610,.F.);
#2565=ORIENTED_EDGE('',*,*,#6633,.T.);
#2566=ORIENTED_EDGE('',*,*,#6634,.T.);
#2567=ORIENTED_EDGE('',*,*,#6635,.F.);
#2568=ORIENTED_EDGE('',*,*,#6595,.T.);
#2569=ORIENTED_EDGE('',*,*,#6599,.T.);
#2570=ORIENTED_EDGE('',*,*,#6603,.F.);
#2571=ORIENTED_EDGE('',*,*,#6636,.F.);
#2572=ORIENTED_EDGE('',*,*,#6608,.T.);
#2573=ORIENTED_EDGE('',*,*,#6637,.F.);
#2574=ORIENTED_EDGE('',*,*,#6630,.F.);
#2575=ORIENTED_EDGE('',*,*,#6638,.T.);
#2576=ORIENTED_EDGE('',*,*,#6639,.F.);
#2577=ORIENTED_EDGE('',*,*,#6634,.F.);
#2578=ORIENTED_EDGE('',*,*,#6640,.T.);
#2579=ORIENTED_EDGE('',*,*,#6641,.F.);
#2580=ORIENTED_EDGE('',*,*,#6642,.F.);
#2581=ORIENTED_EDGE('',*,*,#6592,.F.);
#2582=ORIENTED_EDGE('',*,*,#6635,.T.);
#2583=ORIENTED_EDGE('',*,*,#6639,.T.);
#2584=ORIENTED_EDGE('',*,*,#6643,.F.);
#2585=ORIENTED_EDGE('',*,*,#6644,.T.);
#2586=ORIENTED_EDGE('',*,*,#6645,.T.);
#2587=ORIENTED_EDGE('',*,*,#6646,.T.);
#2588=ORIENTED_EDGE('',*,*,#6647,.T.);
#2589=ORIENTED_EDGE('',*,*,#6648,.F.);
#2590=ORIENTED_EDGE('',*,*,#6649,.F.);
#2591=ORIENTED_EDGE('',*,*,#6600,.F.);
#2592=ORIENTED_EDGE('',*,*,#6593,.F.);
#2593=ORIENTED_EDGE('',*,*,#6642,.T.);
#2594=ORIENTED_EDGE('',*,*,#6650,.F.);
#2595=ORIENTED_EDGE('',*,*,#6651,.T.);
#2596=ORIENTED_EDGE('',*,*,#6652,.F.);
#2597=ORIENTED_EDGE('',*,*,#6647,.F.);
#2598=ORIENTED_EDGE('',*,*,#6653,.T.);
#2599=ORIENTED_EDGE('',*,*,#6645,.F.);
#2600=ORIENTED_EDGE('',*,*,#6654,.T.);
#2601=ORIENTED_EDGE('',*,*,#6602,.T.);
#2602=ORIENTED_EDGE('',*,*,#6655,.T.);
#2603=ORIENTED_EDGE('',*,*,#6656,.F.);
#2604=ORIENTED_EDGE('',*,*,#6651,.F.);
#2605=ORIENTED_EDGE('',*,*,#6657,.T.);
#2606=ORIENTED_EDGE('',*,*,#6658,.T.);
#2607=ORIENTED_EDGE('',*,*,#6644,.F.);
#2608=ORIENTED_EDGE('',*,*,#6659,.T.);
#2609=ORIENTED_EDGE('',*,*,#6596,.T.);
#2610=ORIENTED_EDGE('',*,*,#6654,.F.);
#2611=ORIENTED_EDGE('',*,*,#6643,.T.);
#2612=ORIENTED_EDGE('',*,*,#6638,.F.);
#2613=ORIENTED_EDGE('',*,*,#6660,.T.);
#2614=ORIENTED_EDGE('',*,*,#6612,.T.);
#2615=ORIENTED_EDGE('',*,*,#6629,.F.);
#2616=ORIENTED_EDGE('',*,*,#6624,.T.);
#2617=ORIENTED_EDGE('',*,*,#6661,.T.);
#2618=ORIENTED_EDGE('',*,*,#6606,.F.);
#2619=ORIENTED_EDGE('',*,*,#6662,.F.);
#2620=ORIENTED_EDGE('',*,*,#6604,.T.);
#2621=ORIENTED_EDGE('',*,*,#6597,.F.);
#2622=ORIENTED_EDGE('',*,*,#6659,.F.);
#2623=ORIENTED_EDGE('',*,*,#6623,.F.);
#2624=ORIENTED_EDGE('',*,*,#6618,.T.);
#2625=ORIENTED_EDGE('',*,*,#6663,.F.);
#2626=ORIENTED_EDGE('',*,*,#6664,.F.);
#2627=ORIENTED_EDGE('',*,*,#6631,.T.);
#2628=ORIENTED_EDGE('',*,*,#6637,.T.);
#2629=ORIENTED_EDGE('',*,*,#6607,.T.);
#2630=ORIENTED_EDGE('',*,*,#6661,.F.);
#2631=ORIENTED_EDGE('',*,*,#6627,.F.);
#2632=ORIENTED_EDGE('',*,*,#6632,.T.);
#2633=ORIENTED_EDGE('',*,*,#6664,.T.);
#2634=ORIENTED_EDGE('',*,*,#6665,.T.);
#2635=ORIENTED_EDGE('',*,*,#6666,.F.);
#2636=ORIENTED_EDGE('',*,*,#6667,.F.);
#2637=ORIENTED_EDGE('',*,*,#6668,.T.);
#2638=ORIENTED_EDGE('',*,*,#6669,.T.);
#2639=ORIENTED_EDGE('',*,*,#6670,.T.);
#2640=ORIENTED_EDGE('',*,*,#6671,.T.);
#2641=ORIENTED_EDGE('',*,*,#6672,.F.);
#2642=ORIENTED_EDGE('',*,*,#6673,.F.);
#2643=ORIENTED_EDGE('',*,*,#6674,.T.);
#2644=ORIENTED_EDGE('',*,*,#6675,.F.);
#2645=ORIENTED_EDGE('',*,*,#6676,.F.);
#2646=ORIENTED_EDGE('',*,*,#6677,.T.);
#2647=ORIENTED_EDGE('',*,*,#6678,.T.);
#2648=ORIENTED_EDGE('',*,*,#6679,.T.);
#2649=ORIENTED_EDGE('',*,*,#6680,.F.);
#2650=ORIENTED_EDGE('',*,*,#6681,.F.);
#2651=ORIENTED_EDGE('',*,*,#6682,.T.);
#2652=ORIENTED_EDGE('',*,*,#6683,.F.);
#2653=ORIENTED_EDGE('',*,*,#6684,.F.);
#2654=ORIENTED_EDGE('',*,*,#6685,.T.);
#2655=ORIENTED_EDGE('',*,*,#6686,.T.);
#2656=ORIENTED_EDGE('',*,*,#6687,.T.);
#2657=ORIENTED_EDGE('',*,*,#6688,.F.);
#2658=ORIENTED_EDGE('',*,*,#6689,.F.);
#2659=ORIENTED_EDGE('',*,*,#6683,.T.);
#2660=ORIENTED_EDGE('',*,*,#6690,.F.);
#2661=ORIENTED_EDGE('',*,*,#6691,.T.);
#2662=ORIENTED_EDGE('',*,*,#6692,.T.);
#2663=ORIENTED_EDGE('',*,*,#6693,.F.);
#2664=ORIENTED_EDGE('',*,*,#6694,.F.);
#2665=ORIENTED_EDGE('',*,*,#6686,.F.);
#2666=ORIENTED_EDGE('',*,*,#6695,.T.);
#2667=ORIENTED_EDGE('',*,*,#6691,.F.);
#2668=ORIENTED_EDGE('',*,*,#6696,.T.);
#2669=ORIENTED_EDGE('',*,*,#6697,.T.);
#2670=ORIENTED_EDGE('',*,*,#6698,.F.);
#2671=ORIENTED_EDGE('',*,*,#6690,.T.);
#2672=ORIENTED_EDGE('',*,*,#6682,.F.);
#2673=ORIENTED_EDGE('',*,*,#6699,.T.);
#2674=ORIENTED_EDGE('',*,*,#6672,.T.);
#2675=ORIENTED_EDGE('',*,*,#6700,.F.);
#2676=ORIENTED_EDGE('',*,*,#6701,.T.);
#2677=ORIENTED_EDGE('',*,*,#6702,.T.);
#2678=ORIENTED_EDGE('',*,*,#6674,.F.);
#2679=ORIENTED_EDGE('',*,*,#6703,.F.);
#2680=ORIENTED_EDGE('',*,*,#6680,.T.);
#2681=ORIENTED_EDGE('',*,*,#6704,.F.);
#2682=ORIENTED_EDGE('',*,*,#6696,.F.);
#2683=ORIENTED_EDGE('',*,*,#6705,.F.);
#2684=ORIENTED_EDGE('',*,*,#6706,.T.);
#2685=ORIENTED_EDGE('',*,*,#6707,.T.);
#2686=ORIENTED_EDGE('',*,*,#6701,.F.);
#2687=ORIENTED_EDGE('',*,*,#6708,.T.);
#2688=ORIENTED_EDGE('',*,*,#6709,.T.);
#2689=ORIENTED_EDGE('',*,*,#6675,.T.);
#2690=ORIENTED_EDGE('',*,*,#6702,.F.);
#2691=ORIENTED_EDGE('',*,*,#6707,.F.);
#2692=ORIENTED_EDGE('',*,*,#6710,.T.);
#2693=ORIENTED_EDGE('',*,*,#6711,.F.);
#2694=ORIENTED_EDGE('',*,*,#6712,.F.);
#2695=ORIENTED_EDGE('',*,*,#6713,.T.);
#2696=ORIENTED_EDGE('',*,*,#6714,.T.);
#2697=ORIENTED_EDGE('',*,*,#6708,.F.);
#2698=ORIENTED_EDGE('',*,*,#6715,.F.);
#2699=ORIENTED_EDGE('',*,*,#6716,.T.);
#2700=ORIENTED_EDGE('',*,*,#6670,.F.);
#2701=ORIENTED_EDGE('',*,*,#6717,.T.);
#2702=ORIENTED_EDGE('',*,*,#6684,.T.);
#2703=ORIENTED_EDGE('',*,*,#6695,.F.);
#2704=ORIENTED_EDGE('',*,*,#6689,.T.);
#2705=ORIENTED_EDGE('',*,*,#6718,.T.);
#2706=ORIENTED_EDGE('',*,*,#6678,.F.);
#2707=ORIENTED_EDGE('',*,*,#6719,.F.);
#2708=ORIENTED_EDGE('',*,*,#6676,.T.);
#2709=ORIENTED_EDGE('',*,*,#6709,.F.);
#2710=ORIENTED_EDGE('',*,*,#6714,.F.);
#2711=ORIENTED_EDGE('',*,*,#6688,.T.);
#2712=ORIENTED_EDGE('',*,*,#6720,.T.);
#2713=ORIENTED_EDGE('',*,*,#6721,.F.);
#2714=ORIENTED_EDGE('',*,*,#6722,.F.);
#2715=ORIENTED_EDGE('',*,*,#6697,.F.);
#2716=ORIENTED_EDGE('',*,*,#6704,.T.);
#2717=ORIENTED_EDGE('',*,*,#6679,.F.);
#2718=ORIENTED_EDGE('',*,*,#6718,.F.);
#2719=ORIENTED_EDGE('',*,*,#6692,.F.);
#2720=ORIENTED_EDGE('',*,*,#6698,.T.);
#2721=ORIENTED_EDGE('',*,*,#6722,.T.);
#2722=ORIENTED_EDGE('',*,*,#6723,.T.);
#2723=ORIENTED_EDGE('',*,*,#6724,.F.);
#2724=ORIENTED_EDGE('',*,*,#6725,.F.);
#2725=ORIENTED_EDGE('',*,*,#6726,.T.);
#2726=ORIENTED_EDGE('',*,*,#6727,.T.);
#2727=ORIENTED_EDGE('',*,*,#6719,.T.);
#2728=ORIENTED_EDGE('',*,*,#6681,.T.);
#2729=ORIENTED_EDGE('',*,*,#6703,.T.);
#2730=ORIENTED_EDGE('',*,*,#6677,.F.);
#2731=ORIENTED_EDGE('',*,*,#6662,.T.);
#2732=ORIENTED_EDGE('',*,*,#6609,.F.);
#2733=ORIENTED_EDGE('',*,*,#6636,.T.);
#2734=ORIENTED_EDGE('',*,*,#6605,.T.);
#2735=ORIENTED_EDGE('',*,*,#6648,.T.);
#2736=ORIENTED_EDGE('',*,*,#6652,.T.);
#2737=ORIENTED_EDGE('',*,*,#6656,.T.);
#2738=ORIENTED_EDGE('',*,*,#6728,.T.);
#2739=ORIENTED_EDGE('',*,*,#6616,.T.);
#2740=ORIENTED_EDGE('',*,*,#6729,.T.);
#2741=ORIENTED_EDGE('',*,*,#6666,.T.);
#2742=ORIENTED_EDGE('',*,*,#6730,.T.);
#2743=ORIENTED_EDGE('',*,*,#6731,.T.);
#2744=ORIENTED_EDGE('',*,*,#6732,.T.);
#2745=ORIENTED_EDGE('',*,*,#6724,.T.);
#2746=ORIENTED_EDGE('',*,*,#6733,.T.);
#2747=ORIENTED_EDGE('',*,*,#6734,.T.);
#2748=ORIENTED_EDGE('',*,*,#6735,.T.);
#2749=ORIENTED_EDGE('',*,*,#6736,.T.);
#2750=ORIENTED_EDGE('',*,*,#6737,.T.);
#2751=ORIENTED_EDGE('',*,*,#6738,.T.);
#2752=ORIENTED_EDGE('',*,*,#6735,.F.);
#2753=ORIENTED_EDGE('',*,*,#6739,.F.);
#2754=ORIENTED_EDGE('',*,*,#6740,.T.);
#2755=ORIENTED_EDGE('',*,*,#6741,.F.);
#2756=ORIENTED_EDGE('',*,*,#6715,.T.);
#2757=ORIENTED_EDGE('',*,*,#6712,.T.);
#2758=ORIENTED_EDGE('',*,*,#6742,.T.);
#2759=ORIENTED_EDGE('',*,*,#6736,.F.);
#2760=ORIENTED_EDGE('',*,*,#6738,.F.);
#2761=ORIENTED_EDGE('',*,*,#6743,.T.);
#2762=ORIENTED_EDGE('',*,*,#6744,.T.);
#2763=ORIENTED_EDGE('',*,*,#6745,.F.);
#2764=ORIENTED_EDGE('',*,*,#6746,.F.);
#2765=ORIENTED_EDGE('',*,*,#6705,.T.);
#2766=ORIENTED_EDGE('',*,*,#6700,.T.);
#2767=ORIENTED_EDGE('',*,*,#6671,.F.);
#2768=ORIENTED_EDGE('',*,*,#6716,.F.);
#2769=ORIENTED_EDGE('',*,*,#6713,.F.);
#2770=ORIENTED_EDGE('',*,*,#6741,.T.);
#2771=ORIENTED_EDGE('',*,*,#6747,.T.);
#2772=ORIENTED_EDGE('',*,*,#6739,.T.);
#2773=ORIENTED_EDGE('',*,*,#6734,.F.);
#2774=ORIENTED_EDGE('',*,*,#6748,.F.);
#2775=ORIENTED_EDGE('',*,*,#6710,.F.);
#2776=ORIENTED_EDGE('',*,*,#6706,.F.);
#2777=ORIENTED_EDGE('',*,*,#6746,.T.);
#2778=ORIENTED_EDGE('',*,*,#6749,.F.);
#2779=ORIENTED_EDGE('',*,*,#6699,.F.);
#2780=ORIENTED_EDGE('',*,*,#6685,.F.);
#2781=ORIENTED_EDGE('',*,*,#6717,.F.);
#2782=ORIENTED_EDGE('',*,*,#6673,.T.);
#2783=ORIENTED_EDGE('',*,*,#6633,.F.);
#2784=ORIENTED_EDGE('',*,*,#6613,.T.);
#2785=ORIENTED_EDGE('',*,*,#6660,.F.);
#2786=ORIENTED_EDGE('',*,*,#6640,.F.);
#2787=ORIENTED_EDGE('',*,*,#6657,.F.);
#2788=ORIENTED_EDGE('',*,*,#6653,.F.);
#2789=ORIENTED_EDGE('',*,*,#6646,.F.);
#2790=ORIENTED_EDGE('',*,*,#6750,.F.);
#2791=ORIENTED_EDGE('',*,*,#6668,.F.);
#2792=ORIENTED_EDGE('',*,*,#6751,.F.);
#2793=ORIENTED_EDGE('',*,*,#6614,.F.);
#2794=ORIENTED_EDGE('',*,*,#6752,.F.);
#2795=ORIENTED_EDGE('',*,*,#6726,.F.);
#2796=ORIENTED_EDGE('',*,*,#6753,.F.);
#2797=ORIENTED_EDGE('',*,*,#6754,.F.);
#2798=ORIENTED_EDGE('',*,*,#6755,.F.);
#2799=ORIENTED_EDGE('',*,*,#6743,.F.);
#2800=ORIENTED_EDGE('',*,*,#6740,.F.);
#2801=ORIENTED_EDGE('',*,*,#6747,.F.);
#2802=ORIENTED_EDGE('',*,*,#6756,.F.);
#2803=ORIENTED_EDGE('',*,*,#6655,.F.);
#2804=ORIENTED_EDGE('',*,*,#6601,.T.);
#2805=ORIENTED_EDGE('',*,*,#6649,.T.);
#2806=ORIENTED_EDGE('',*,*,#6728,.F.);
#2807=ORIENTED_EDGE('',*,*,#6665,.F.);
#2808=ORIENTED_EDGE('',*,*,#6663,.T.);
#2809=ORIENTED_EDGE('',*,*,#6617,.T.);
#2810=ORIENTED_EDGE('',*,*,#6730,.F.);
#2811=ORIENTED_EDGE('',*,*,#6723,.F.);
#2812=ORIENTED_EDGE('',*,*,#6721,.T.);
#2813=ORIENTED_EDGE('',*,*,#6757,.T.);
#2814=ORIENTED_EDGE('',*,*,#6733,.F.);
#2815=ORIENTED_EDGE('',*,*,#6742,.F.);
#2816=ORIENTED_EDGE('',*,*,#6711,.T.);
#2817=ORIENTED_EDGE('',*,*,#6748,.T.);
#2818=ORIENTED_EDGE('',*,*,#6737,.F.);
#2819=ORIENTED_EDGE('',*,*,#6650,.T.);
#2820=ORIENTED_EDGE('',*,*,#6641,.T.);
#2821=ORIENTED_EDGE('',*,*,#6658,.F.);
#2822=ORIENTED_EDGE('',*,*,#6750,.T.);
#2823=ORIENTED_EDGE('',*,*,#6621,.T.);
#2824=ORIENTED_EDGE('',*,*,#6628,.T.);
#2825=ORIENTED_EDGE('',*,*,#6669,.F.);
#2826=ORIENTED_EDGE('',*,*,#6752,.T.);
#2827=ORIENTED_EDGE('',*,*,#6758,.T.);
#2828=ORIENTED_EDGE('',*,*,#6693,.T.);
#2829=ORIENTED_EDGE('',*,*,#6727,.F.);
#2830=ORIENTED_EDGE('',*,*,#6755,.T.);
#2831=ORIENTED_EDGE('',*,*,#6749,.T.);
#2832=ORIENTED_EDGE('',*,*,#6745,.T.);
#2833=ORIENTED_EDGE('',*,*,#6744,.F.);
#2834=ORIENTED_EDGE('',*,*,#6756,.T.);
#2835=ORIENTED_EDGE('',*,*,#6754,.T.);
#2836=ORIENTED_EDGE('',*,*,#6759,.T.);
#2837=ORIENTED_EDGE('',*,*,#6731,.F.);
#2838=ORIENTED_EDGE('',*,*,#6757,.F.);
#2839=ORIENTED_EDGE('',*,*,#6720,.F.);
#2840=ORIENTED_EDGE('',*,*,#6687,.F.);
#2841=ORIENTED_EDGE('',*,*,#6694,.T.);
#2842=ORIENTED_EDGE('',*,*,#6758,.F.);
#2843=ORIENTED_EDGE('',*,*,#6760,.F.);
#2844=ORIENTED_EDGE('',*,*,#6761,.F.);
#2845=ORIENTED_EDGE('',*,*,#6762,.T.);
#2846=ORIENTED_EDGE('',*,*,#6763,.T.);
#2847=ORIENTED_EDGE('',*,*,#6764,.T.);
#2848=ORIENTED_EDGE('',*,*,#6765,.T.);
#2849=ORIENTED_EDGE('',*,*,#6766,.F.);
#2850=ORIENTED_EDGE('',*,*,#6763,.F.);
#2851=ORIENTED_EDGE('',*,*,#6767,.T.);
#2852=ORIENTED_EDGE('',*,*,#6768,.T.);
#2853=ORIENTED_EDGE('',*,*,#6769,.T.);
#2854=ORIENTED_EDGE('',*,*,#6765,.F.);
#2855=ORIENTED_EDGE('',*,*,#6770,.T.);
#2856=ORIENTED_EDGE('',*,*,#6771,.T.);
#2857=ORIENTED_EDGE('',*,*,#6772,.T.);
#2858=ORIENTED_EDGE('',*,*,#6773,.F.);
#2859=ORIENTED_EDGE('',*,*,#6774,.T.);
#2860=ORIENTED_EDGE('',*,*,#6773,.T.);
#2861=ORIENTED_EDGE('',*,*,#6775,.F.);
#2862=ORIENTED_EDGE('',*,*,#6776,.F.);
#2863=ORIENTED_EDGE('',*,*,#6777,.F.);
#2864=ORIENTED_EDGE('',*,*,#6778,.F.);
#2865=ORIENTED_EDGE('',*,*,#6779,.T.);
#2866=ORIENTED_EDGE('',*,*,#6776,.T.);
#2867=ORIENTED_EDGE('',*,*,#6780,.T.);
#2868=ORIENTED_EDGE('',*,*,#6781,.F.);
#2869=ORIENTED_EDGE('',*,*,#6782,.T.);
#2870=ORIENTED_EDGE('',*,*,#6783,.T.);
#2871=ORIENTED_EDGE('',*,*,#6784,.T.);
#2872=ORIENTED_EDGE('',*,*,#6785,.F.);
#2873=ORIENTED_EDGE('',*,*,#6786,.T.);
#2874=ORIENTED_EDGE('',*,*,#6781,.T.);
#2875=ORIENTED_EDGE('',*,*,#6787,.T.);
#2876=ORIENTED_EDGE('',*,*,#6788,.F.);
#2877=ORIENTED_EDGE('',*,*,#6789,.T.);
#2878=ORIENTED_EDGE('',*,*,#6785,.T.);
#2879=ORIENTED_EDGE('',*,*,#6790,.T.);
#2880=ORIENTED_EDGE('',*,*,#6791,.F.);
#2881=ORIENTED_EDGE('',*,*,#6792,.T.);
#2882=ORIENTED_EDGE('',*,*,#6793,.T.);
#2883=ORIENTED_EDGE('',*,*,#6794,.T.);
#2884=ORIENTED_EDGE('',*,*,#6795,.F.);
#2885=ORIENTED_EDGE('',*,*,#6796,.T.);
#2886=ORIENTED_EDGE('',*,*,#6791,.T.);
#2887=ORIENTED_EDGE('',*,*,#6797,.T.);
#2888=ORIENTED_EDGE('',*,*,#6798,.F.);
#2889=ORIENTED_EDGE('',*,*,#6799,.T.);
#2890=ORIENTED_EDGE('',*,*,#6795,.T.);
#2891=ORIENTED_EDGE('',*,*,#6800,.T.);
#2892=ORIENTED_EDGE('',*,*,#6801,.T.);
#2893=ORIENTED_EDGE('',*,*,#6802,.T.);
#2894=ORIENTED_EDGE('',*,*,#6803,.F.);
#2895=ORIENTED_EDGE('',*,*,#6804,.T.);
#2896=ORIENTED_EDGE('',*,*,#6803,.T.);
#2897=ORIENTED_EDGE('',*,*,#6805,.F.);
#2898=ORIENTED_EDGE('',*,*,#6806,.F.);
#2899=ORIENTED_EDGE('',*,*,#6807,.F.);
#2900=ORIENTED_EDGE('',*,*,#6808,.F.);
#2901=ORIENTED_EDGE('',*,*,#6809,.T.);
#2902=ORIENTED_EDGE('',*,*,#6806,.T.);
#2903=ORIENTED_EDGE('',*,*,#6810,.T.);
#2904=ORIENTED_EDGE('',*,*,#6811,.F.);
#2905=ORIENTED_EDGE('',*,*,#6812,.F.);
#2906=ORIENTED_EDGE('',*,*,#6813,.T.);
#2907=ORIENTED_EDGE('',*,*,#6814,.F.);
#2908=ORIENTED_EDGE('',*,*,#6815,.F.);
#2909=ORIENTED_EDGE('',*,*,#6816,.F.);
#2910=ORIENTED_EDGE('',*,*,#6817,.T.);
#2911=ORIENTED_EDGE('',*,*,#6815,.T.);
#2912=ORIENTED_EDGE('',*,*,#6818,.F.);
#2913=ORIENTED_EDGE('',*,*,#6819,.F.);
#2914=ORIENTED_EDGE('',*,*,#6820,.T.);
#2915=ORIENTED_EDGE('',*,*,#6821,.T.);
#2916=ORIENTED_EDGE('',*,*,#6819,.T.);
#2917=ORIENTED_EDGE('',*,*,#6822,.F.);
#2918=ORIENTED_EDGE('',*,*,#6823,.F.);
#2919=ORIENTED_EDGE('',*,*,#6824,.F.);
#2920=ORIENTED_EDGE('',*,*,#6825,.F.);
#2921=ORIENTED_EDGE('',*,*,#6826,.T.);
#2922=ORIENTED_EDGE('',*,*,#6827,.F.);
#2923=ORIENTED_EDGE('',*,*,#6828,.F.);
#2924=ORIENTED_EDGE('',*,*,#6829,.F.);
#2925=ORIENTED_EDGE('',*,*,#6826,.F.);
#2926=ORIENTED_EDGE('',*,*,#6830,.F.);
#2927=ORIENTED_EDGE('',*,*,#6831,.T.);
#2928=ORIENTED_EDGE('',*,*,#6832,.T.);
#2929=ORIENTED_EDGE('',*,*,#6833,.T.);
#2930=ORIENTED_EDGE('',*,*,#6834,.F.);
#2931=ORIENTED_EDGE('',*,*,#6835,.F.);
#2932=ORIENTED_EDGE('',*,*,#6836,.F.);
#2933=ORIENTED_EDGE('',*,*,#6837,.T.);
#2934=ORIENTED_EDGE('',*,*,#6838,.T.);
#2935=ORIENTED_EDGE('',*,*,#6839,.F.);
#2936=ORIENTED_EDGE('',*,*,#6840,.F.);
#2937=ORIENTED_EDGE('',*,*,#6841,.T.);
#2938=ORIENTED_EDGE('',*,*,#6836,.T.);
#2939=ORIENTED_EDGE('',*,*,#6842,.F.);
#2940=ORIENTED_EDGE('',*,*,#6843,.F.);
#2941=ORIENTED_EDGE('',*,*,#6844,.T.);
#2942=ORIENTED_EDGE('',*,*,#6840,.T.);
#2943=ORIENTED_EDGE('',*,*,#6845,.T.);
#2944=ORIENTED_EDGE('',*,*,#6846,.F.);
#2945=ORIENTED_EDGE('',*,*,#6847,.T.);
#2946=ORIENTED_EDGE('',*,*,#6843,.T.);
#2947=ORIENTED_EDGE('',*,*,#6848,.T.);
#2948=ORIENTED_EDGE('',*,*,#6849,.F.);
#2949=ORIENTED_EDGE('',*,*,#6850,.T.);
#2950=ORIENTED_EDGE('',*,*,#6846,.T.);
#2951=ORIENTED_EDGE('',*,*,#6851,.F.);
#2952=ORIENTED_EDGE('',*,*,#6852,.F.);
#2953=ORIENTED_EDGE('',*,*,#6853,.F.);
#2954=ORIENTED_EDGE('',*,*,#6854,.T.);
#2955=ORIENTED_EDGE('',*,*,#6849,.T.);
#2956=ORIENTED_EDGE('',*,*,#6855,.F.);
#2957=ORIENTED_EDGE('',*,*,#6856,.F.);
#2958=ORIENTED_EDGE('',*,*,#6857,.F.);
#2959=ORIENTED_EDGE('',*,*,#6858,.F.);
#2960=ORIENTED_EDGE('',*,*,#6853,.T.);
#2961=ORIENTED_EDGE('',*,*,#6859,.T.);
#2962=ORIENTED_EDGE('',*,*,#6860,.F.);
#2963=ORIENTED_EDGE('',*,*,#6857,.T.);
#2964=ORIENTED_EDGE('',*,*,#6861,.F.);
#2965=ORIENTED_EDGE('',*,*,#6862,.T.);
#2966=ORIENTED_EDGE('',*,*,#6863,.T.);
#2967=ORIENTED_EDGE('',*,*,#6864,.T.);
#2968=ORIENTED_EDGE('',*,*,#6865,.F.);
#2969=ORIENTED_EDGE('',*,*,#6866,.T.);
#2970=ORIENTED_EDGE('',*,*,#6867,.F.);
#2971=ORIENTED_EDGE('',*,*,#6868,.F.);
#2972=ORIENTED_EDGE('',*,*,#6869,.T.);
#2973=ORIENTED_EDGE('',*,*,#6870,.F.);
#2974=ORIENTED_EDGE('',*,*,#6871,.F.);
#2975=ORIENTED_EDGE('',*,*,#6872,.F.);
#2976=ORIENTED_EDGE('',*,*,#6869,.F.);
#2977=ORIENTED_EDGE('',*,*,#6873,.F.);
#2978=ORIENTED_EDGE('',*,*,#6874,.T.);
#2979=ORIENTED_EDGE('',*,*,#6875,.F.);
#2980=ORIENTED_EDGE('',*,*,#6876,.F.);
#2981=ORIENTED_EDGE('',*,*,#6877,.F.);
#2982=ORIENTED_EDGE('',*,*,#6878,.F.);
#2983=ORIENTED_EDGE('',*,*,#6879,.T.);
#2984=ORIENTED_EDGE('',*,*,#6880,.T.);
#2985=ORIENTED_EDGE('',*,*,#6881,.T.);
#2986=ORIENTED_EDGE('',*,*,#6882,.T.);
#2987=ORIENTED_EDGE('',*,*,#6883,.F.);
#2988=ORIENTED_EDGE('',*,*,#6884,.F.);
#2989=ORIENTED_EDGE('',*,*,#6885,.F.);
#2990=ORIENTED_EDGE('',*,*,#6886,.T.);
#2991=ORIENTED_EDGE('',*,*,#6887,.T.);
#2992=ORIENTED_EDGE('',*,*,#6888,.F.);
#2993=ORIENTED_EDGE('',*,*,#6884,.T.);
#2994=ORIENTED_EDGE('',*,*,#6889,.F.);
#2995=ORIENTED_EDGE('',*,*,#6890,.T.);
#2996=ORIENTED_EDGE('',*,*,#6891,.T.);
#2997=ORIENTED_EDGE('',*,*,#6892,.F.);
#2998=ORIENTED_EDGE('',*,*,#6893,.T.);
#2999=ORIENTED_EDGE('',*,*,#6894,.T.);
#3000=ORIENTED_EDGE('',*,*,#6895,.F.);
#3001=ORIENTED_EDGE('',*,*,#6896,.F.);
#3002=ORIENTED_EDGE('',*,*,#6897,.T.);
#3003=ORIENTED_EDGE('',*,*,#6898,.T.);
#3004=ORIENTED_EDGE('',*,*,#6899,.F.);
#3005=ORIENTED_EDGE('',*,*,#6900,.F.);
#3006=ORIENTED_EDGE('',*,*,#6901,.F.);
#3007=ORIENTED_EDGE('',*,*,#6902,.F.);
#3008=ORIENTED_EDGE('',*,*,#6903,.T.);
#3009=ORIENTED_EDGE('',*,*,#6895,.T.);
#3010=ORIENTED_EDGE('',*,*,#6904,.F.);
#3011=ORIENTED_EDGE('',*,*,#6905,.F.);
#3012=ORIENTED_EDGE('',*,*,#6906,.F.);
#3013=ORIENTED_EDGE('',*,*,#6907,.F.);
#3014=ORIENTED_EDGE('',*,*,#6908,.T.);
#3015=ORIENTED_EDGE('',*,*,#6899,.T.);
#3016=ORIENTED_EDGE('',*,*,#6909,.T.);
#3017=ORIENTED_EDGE('',*,*,#6910,.F.);
#3018=ORIENTED_EDGE('',*,*,#6907,.T.);
#3019=ORIENTED_EDGE('',*,*,#6911,.T.);
#3020=ORIENTED_EDGE('',*,*,#6912,.T.);
#3021=ORIENTED_EDGE('',*,*,#6913,.T.);
#3022=ORIENTED_EDGE('',*,*,#6914,.T.);
#3023=ORIENTED_EDGE('',*,*,#6915,.T.);
#3024=ORIENTED_EDGE('',*,*,#6916,.T.);
#3025=ORIENTED_EDGE('',*,*,#6917,.T.);
#3026=ORIENTED_EDGE('',*,*,#6909,.F.);
#3027=ORIENTED_EDGE('',*,*,#6918,.T.);
#3028=ORIENTED_EDGE('',*,*,#6919,.F.);
#3029=ORIENTED_EDGE('',*,*,#6920,.F.);
#3030=ORIENTED_EDGE('',*,*,#6921,.F.);
#3031=ORIENTED_EDGE('',*,*,#6922,.F.);
#3032=ORIENTED_EDGE('',*,*,#6914,.F.);
#3033=ORIENTED_EDGE('',*,*,#6923,.T.);
#3034=ORIENTED_EDGE('',*,*,#6920,.T.);
#3035=ORIENTED_EDGE('',*,*,#6924,.F.);
#3036=ORIENTED_EDGE('',*,*,#6925,.T.);
#3037=ORIENTED_EDGE('',*,*,#6926,.T.);
#3038=ORIENTED_EDGE('',*,*,#6927,.F.);
#3039=ORIENTED_EDGE('',*,*,#6928,.T.);
#3040=ORIENTED_EDGE('',*,*,#6929,.T.);
#3041=ORIENTED_EDGE('',*,*,#6925,.F.);
#3042=ORIENTED_EDGE('',*,*,#6930,.F.);
#3043=ORIENTED_EDGE('',*,*,#6931,.F.);
#3044=ORIENTED_EDGE('',*,*,#6932,.F.);
#3045=ORIENTED_EDGE('',*,*,#6916,.F.);
#3046=ORIENTED_EDGE('',*,*,#6933,.F.);
#3047=ORIENTED_EDGE('',*,*,#6934,.T.);
#3048=ORIENTED_EDGE('',*,*,#6928,.F.);
#3049=ORIENTED_EDGE('',*,*,#6935,.F.);
#3050=ORIENTED_EDGE('',*,*,#6936,.T.);
#3051=ORIENTED_EDGE('',*,*,#6931,.T.);
#3052=ORIENTED_EDGE('',*,*,#6937,.F.);
#3053=ORIENTED_EDGE('',*,*,#6938,.T.);
#3054=ORIENTED_EDGE('',*,*,#6939,.F.);
#3055=ORIENTED_EDGE('',*,*,#6940,.F.);
#3056=ORIENTED_EDGE('',*,*,#6941,.T.);
#3057=ORIENTED_EDGE('',*,*,#6942,.F.);
#3058=ORIENTED_EDGE('',*,*,#6874,.F.);
#3059=ORIENTED_EDGE('',*,*,#6943,.T.);
#3060=ORIENTED_EDGE('',*,*,#6875,.T.);
#3061=ORIENTED_EDGE('',*,*,#6944,.T.);
#3062=ORIENTED_EDGE('',*,*,#6881,.F.);
#3063=ORIENTED_EDGE('',*,*,#6945,.T.);
#3064=ORIENTED_EDGE('',*,*,#6890,.F.);
#3065=ORIENTED_EDGE('',*,*,#6946,.F.);
#3066=ORIENTED_EDGE('',*,*,#6901,.T.);
#3067=ORIENTED_EDGE('',*,*,#6947,.F.);
#3068=ORIENTED_EDGE('',*,*,#6938,.F.);
#3069=ORIENTED_EDGE('',*,*,#6948,.F.);
#3070=ORIENTED_EDGE('',*,*,#6942,.T.);
#3071=ORIENTED_EDGE('',*,*,#6949,.F.);
#3072=ORIENTED_EDGE('',*,*,#6950,.F.);
#3073=ORIENTED_EDGE('',*,*,#6951,.F.);
#3074=ORIENTED_EDGE('',*,*,#6905,.T.);
#3075=ORIENTED_EDGE('',*,*,#6952,.F.);
#3076=ORIENTED_EDGE('',*,*,#6950,.T.);
#3077=ORIENTED_EDGE('',*,*,#6953,.F.);
#3078=ORIENTED_EDGE('',*,*,#6954,.T.);
#3079=ORIENTED_EDGE('',*,*,#6955,.T.);
#3080=ORIENTED_EDGE('',*,*,#6892,.T.);
#3081=ORIENTED_EDGE('',*,*,#6956,.T.);
#3082=ORIENTED_EDGE('',*,*,#6863,.F.);
#3083=ORIENTED_EDGE('',*,*,#6957,.T.);
#3084=ORIENTED_EDGE('',*,*,#6958,.T.);
#3085=ORIENTED_EDGE('',*,*,#6921,.T.);
#3086=ORIENTED_EDGE('',*,*,#6923,.F.);
#3087=ORIENTED_EDGE('',*,*,#6913,.F.);
#3088=ORIENTED_EDGE('',*,*,#6959,.T.);
#3089=ORIENTED_EDGE('',*,*,#6960,.T.);
#3090=ORIENTED_EDGE('',*,*,#6908,.F.);
#3091=ORIENTED_EDGE('',*,*,#6910,.T.);
#3092=ORIENTED_EDGE('',*,*,#6917,.F.);
#3093=ORIENTED_EDGE('',*,*,#6932,.T.);
#3094=ORIENTED_EDGE('',*,*,#6936,.F.);
#3095=ORIENTED_EDGE('',*,*,#6947,.T.);
#3096=ORIENTED_EDGE('',*,*,#6900,.T.);
#3097=ORIENTED_EDGE('',*,*,#6949,.T.);
#3098=ORIENTED_EDGE('',*,*,#6941,.F.);
#3099=ORIENTED_EDGE('',*,*,#6961,.F.);
#3100=ORIENTED_EDGE('',*,*,#6896,.T.);
#3101=ORIENTED_EDGE('',*,*,#6903,.F.);
#3102=ORIENTED_EDGE('',*,*,#6953,.T.);
#3103=ORIENTED_EDGE('',*,*,#6962,.T.);
#3104=ORIENTED_EDGE('',*,*,#6963,.F.);
#3105=ORIENTED_EDGE('',*,*,#6964,.T.);
#3106=ORIENTED_EDGE('',*,*,#6960,.F.);
#3107=ORIENTED_EDGE('',*,*,#6831,.F.);
#3108=ORIENTED_EDGE('',*,*,#6965,.T.);
#3109=ORIENTED_EDGE('',*,*,#6966,.T.);
#3110=ORIENTED_EDGE('',*,*,#6967,.F.);
#3111=ORIENTED_EDGE('',*,*,#6833,.F.);
#3112=ORIENTED_EDGE('',*,*,#6968,.T.);
#3113=ORIENTED_EDGE('',*,*,#6862,.F.);
#3114=ORIENTED_EDGE('',*,*,#6969,.T.);
#3115=ORIENTED_EDGE('',*,*,#6970,.T.);
#3116=ORIENTED_EDGE('',*,*,#6957,.F.);
#3117=ORIENTED_EDGE('',*,*,#6866,.F.);
#3118=ORIENTED_EDGE('',*,*,#6971,.F.);
#3119=ORIENTED_EDGE('',*,*,#6922,.T.);
#3120=ORIENTED_EDGE('',*,*,#6958,.F.);
#3121=ORIENTED_EDGE('',*,*,#6964,.F.);
#3122=ORIENTED_EDGE('',*,*,#6972,.T.);
#3123=ORIENTED_EDGE('',*,*,#6973,.T.);
#3124=ORIENTED_EDGE('',*,*,#6966,.F.);
#3125=ORIENTED_EDGE('',*,*,#6974,.F.);
#3126=ORIENTED_EDGE('',*,*,#6975,.T.);
#3127=ORIENTED_EDGE('',*,*,#6976,.F.);
#3128=ORIENTED_EDGE('',*,*,#6977,.F.);
#3129=ORIENTED_EDGE('',*,*,#6978,.F.);
#3130=ORIENTED_EDGE('',*,*,#6979,.T.);
#3131=ORIENTED_EDGE('',*,*,#6980,.T.);
#3132=ORIENTED_EDGE('',*,*,#6981,.T.);
#3133=ORIENTED_EDGE('',*,*,#6982,.F.);
#3134=ORIENTED_EDGE('',*,*,#6983,.F.);
#3135=ORIENTED_EDGE('',*,*,#6984,.F.);
#3136=ORIENTED_EDGE('',*,*,#6816,.T.);
#3137=ORIENTED_EDGE('',*,*,#6820,.F.);
#3138=ORIENTED_EDGE('',*,*,#6821,.F.);
#3139=ORIENTED_EDGE('',*,*,#6985,.F.);
#3140=ORIENTED_EDGE('',*,*,#6834,.T.);
#3141=ORIENTED_EDGE('',*,*,#6967,.T.);
#3142=ORIENTED_EDGE('',*,*,#6973,.F.);
#3143=ORIENTED_EDGE('',*,*,#6986,.F.);
#3144=ORIENTED_EDGE('',*,*,#6978,.T.);
#3145=ORIENTED_EDGE('',*,*,#6987,.F.);
#3146=ORIENTED_EDGE('',*,*,#6980,.F.);
#3147=ORIENTED_EDGE('',*,*,#6977,.T.);
#3148=ORIENTED_EDGE('',*,*,#6988,.F.);
#3149=ORIENTED_EDGE('',*,*,#6981,.F.);
#3150=ORIENTED_EDGE('',*,*,#6987,.T.);
#3151=ORIENTED_EDGE('',*,*,#6510,.T.);
#3152=ORIENTED_EDGE('',*,*,#6989,.F.);
#3153=ORIENTED_EDGE('',*,*,#6990,.F.);
#3154=ORIENTED_EDGE('',*,*,#6991,.F.);
#3155=ORIENTED_EDGE('',*,*,#6992,.T.);
#3156=ORIENTED_EDGE('',*,*,#6516,.F.);
#3157=ORIENTED_EDGE('',*,*,#6993,.T.);
#3158=ORIENTED_EDGE('',*,*,#6994,.F.);
#3159=ORIENTED_EDGE('',*,*,#6995,.T.);
#3160=ORIENTED_EDGE('',*,*,#6996,.T.);
#3161=ORIENTED_EDGE('',*,*,#6997,.F.);
#3162=ORIENTED_EDGE('',*,*,#6998,.F.);
#3163=ORIENTED_EDGE('',*,*,#6997,.T.);
#3164=ORIENTED_EDGE('',*,*,#6999,.T.);
#3165=ORIENTED_EDGE('',*,*,#7000,.F.);
#3166=ORIENTED_EDGE('',*,*,#7001,.T.);
#3167=ORIENTED_EDGE('',*,*,#7002,.T.);
#3168=ORIENTED_EDGE('',*,*,#7003,.F.);
#3169=ORIENTED_EDGE('',*,*,#7004,.F.);
#3170=ORIENTED_EDGE('',*,*,#7000,.T.);
#3171=ORIENTED_EDGE('',*,*,#7005,.T.);
#3172=ORIENTED_EDGE('',*,*,#7006,.T.);
#3173=ORIENTED_EDGE('',*,*,#7007,.T.);
#3174=ORIENTED_EDGE('',*,*,#7008,.F.);
#3175=ORIENTED_EDGE('',*,*,#7009,.T.);
#3176=ORIENTED_EDGE('',*,*,#7008,.T.);
#3177=ORIENTED_EDGE('',*,*,#7010,.F.);
#3178=ORIENTED_EDGE('',*,*,#7011,.F.);
#3179=ORIENTED_EDGE('',*,*,#7012,.F.);
#3180=ORIENTED_EDGE('',*,*,#7013,.F.);
#3181=ORIENTED_EDGE('',*,*,#7014,.T.);
#3182=ORIENTED_EDGE('',*,*,#7011,.T.);
#3183=ORIENTED_EDGE('',*,*,#6989,.T.);
#3184=ORIENTED_EDGE('',*,*,#6513,.F.);
#3185=ORIENTED_EDGE('',*,*,#7015,.T.);
#3186=ORIENTED_EDGE('',*,*,#7016,.T.);
#3187=ORIENTED_EDGE('',*,*,#7003,.T.);
#3188=ORIENTED_EDGE('',*,*,#7017,.T.);
#3189=ORIENTED_EDGE('',*,*,#7006,.F.);
#3190=ORIENTED_EDGE('',*,*,#7018,.T.);
#3191=ORIENTED_EDGE('',*,*,#7013,.T.);
#3192=ORIENTED_EDGE('',*,*,#7019,.T.);
#3193=ORIENTED_EDGE('',*,*,#6801,.F.);
#3194=ORIENTED_EDGE('',*,*,#7020,.T.);
#3195=ORIENTED_EDGE('',*,*,#6808,.T.);
#3196=ORIENTED_EDGE('',*,*,#7021,.T.);
#3197=ORIENTED_EDGE('',*,*,#6813,.F.);
#3198=ORIENTED_EDGE('',*,*,#7022,.F.);
#3199=ORIENTED_EDGE('',*,*,#7023,.T.);
#3200=ORIENTED_EDGE('',*,*,#7024,.T.);
#3201=ORIENTED_EDGE('',*,*,#7025,.F.);
#3202=ORIENTED_EDGE('',*,*,#6514,.T.);
#3203=ORIENTED_EDGE('',*,*,#7026,.T.);
#3204=ORIENTED_EDGE('',*,*,#7015,.F.);
#3205=ORIENTED_EDGE('',*,*,#6512,.F.);
#3206=ORIENTED_EDGE('',*,*,#7027,.T.);
#3207=ORIENTED_EDGE('',*,*,#6515,.T.);
#3208=ORIENTED_EDGE('',*,*,#7025,.T.);
#3209=ORIENTED_EDGE('',*,*,#7028,.F.);
#3210=ORIENTED_EDGE('',*,*,#6835,.T.);
#3211=ORIENTED_EDGE('',*,*,#6985,.T.);
#3212=ORIENTED_EDGE('',*,*,#6823,.T.);
#3213=ORIENTED_EDGE('',*,*,#7029,.F.);
#3214=ORIENTED_EDGE('',*,*,#6817,.F.);
#3215=ORIENTED_EDGE('',*,*,#6984,.T.);
#3216=ORIENTED_EDGE('',*,*,#6983,.T.);
#3217=ORIENTED_EDGE('',*,*,#7030,.F.);
#3218=ORIENTED_EDGE('',*,*,#6979,.F.);
#3219=ORIENTED_EDGE('',*,*,#6986,.T.);
#3220=ORIENTED_EDGE('',*,*,#6975,.F.);
#3221=ORIENTED_EDGE('',*,*,#7031,.T.);
#3222=ORIENTED_EDGE('',*,*,#6993,.F.);
#3223=ORIENTED_EDGE('',*,*,#7032,.T.);
#3224=ORIENTED_EDGE('',*,*,#7033,.F.);
#3225=ORIENTED_EDGE('',*,*,#7034,.F.);
#3226=ORIENTED_EDGE('',*,*,#7035,.T.);
#3227=ORIENTED_EDGE('',*,*,#7036,.T.);
#3228=ORIENTED_EDGE('',*,*,#7037,.F.);
#3229=ORIENTED_EDGE('',*,*,#7038,.F.);
#3230=ORIENTED_EDGE('',*,*,#7039,.F.);
#3231=ORIENTED_EDGE('',*,*,#7040,.T.);
#3232=ORIENTED_EDGE('',*,*,#7041,.F.);
#3233=ORIENTED_EDGE('',*,*,#7042,.F.);
#3234=ORIENTED_EDGE('',*,*,#7043,.F.);
#3235=ORIENTED_EDGE('',*,*,#6822,.T.);
#3236=ORIENTED_EDGE('',*,*,#6818,.T.);
#3237=ORIENTED_EDGE('',*,*,#6814,.T.);
#3238=ORIENTED_EDGE('',*,*,#7029,.T.);
#3239=ORIENTED_EDGE('',*,*,#6982,.T.);
#3240=ORIENTED_EDGE('',*,*,#6988,.T.);
#3241=ORIENTED_EDGE('',*,*,#6976,.T.);
#3242=ORIENTED_EDGE('',*,*,#7030,.T.);
#3243=ORIENTED_EDGE('',*,*,#7033,.T.);
#3244=ORIENTED_EDGE('',*,*,#7044,.T.);
#3245=ORIENTED_EDGE('',*,*,#7037,.T.);
#3246=ORIENTED_EDGE('',*,*,#7045,.F.);
#3247=ORIENTED_EDGE('',*,*,#7046,.T.);
#3248=ORIENTED_EDGE('',*,*,#7047,.T.);
#3249=ORIENTED_EDGE('',*,*,#7041,.T.);
#3250=ORIENTED_EDGE('',*,*,#7048,.F.);
#3251=ORIENTED_EDGE('',*,*,#7042,.T.);
#3252=ORIENTED_EDGE('',*,*,#7047,.F.);
#3253=ORIENTED_EDGE('',*,*,#7049,.F.);
#3254=ORIENTED_EDGE('',*,*,#7050,.T.);
#3255=ORIENTED_EDGE('',*,*,#6511,.T.);
#3256=ORIENTED_EDGE('',*,*,#6991,.T.);
#3257=ORIENTED_EDGE('',*,*,#7051,.F.);
#3258=ORIENTED_EDGE('',*,*,#6879,.F.);
#3259=ORIENTED_EDGE('',*,*,#7052,.F.);
#3260=ORIENTED_EDGE('',*,*,#7053,.T.);
#3261=ORIENTED_EDGE('',*,*,#7048,.T.);
#3262=ORIENTED_EDGE('',*,*,#7040,.F.);
#3263=ORIENTED_EDGE('',*,*,#7054,.F.);
#3264=ORIENTED_EDGE('',*,*,#7034,.T.);
#3265=ORIENTED_EDGE('',*,*,#7045,.T.);
#3266=ORIENTED_EDGE('',*,*,#7036,.F.);
#3267=ORIENTED_EDGE('',*,*,#7055,.F.);
#3268=ORIENTED_EDGE('',*,*,#6877,.T.);
#3269=ORIENTED_EDGE('',*,*,#7056,.T.);
#3270=ORIENTED_EDGE('',*,*,#7027,.F.);
#3271=ORIENTED_EDGE('',*,*,#7049,.T.);
#3272=ORIENTED_EDGE('',*,*,#7046,.F.);
#3273=ORIENTED_EDGE('',*,*,#7053,.F.);
#3274=ORIENTED_EDGE('',*,*,#7057,.T.);
#3275=ORIENTED_EDGE('',*,*,#7052,.T.);
#3276=ORIENTED_EDGE('',*,*,#6882,.F.);
#3277=ORIENTED_EDGE('',*,*,#6944,.F.);
#3278=ORIENTED_EDGE('',*,*,#6878,.T.);
#3279=ORIENTED_EDGE('',*,*,#7055,.T.);
#3280=ORIENTED_EDGE('',*,*,#7039,.T.);
#3281=ORIENTED_EDGE('',*,*,#7058,.F.);
#3282=ORIENTED_EDGE('',*,*,#7035,.F.);
#3283=ORIENTED_EDGE('',*,*,#7054,.T.);
#3284=ORIENTED_EDGE('',*,*,#7043,.T.);
#3285=ORIENTED_EDGE('',*,*,#7050,.F.);
#3286=ORIENTED_EDGE('',*,*,#7057,.F.);
#3287=ORIENTED_EDGE('',*,*,#7044,.F.);
#3288=ORIENTED_EDGE('',*,*,#7032,.F.);
#3289=ORIENTED_EDGE('',*,*,#7058,.T.);
#3290=ORIENTED_EDGE('',*,*,#7038,.T.);
#3291=ORIENTED_EDGE('',*,*,#7059,.T.);
#3292=ORIENTED_EDGE('',*,*,#7060,.T.);
#3293=ORIENTED_EDGE('',*,*,#7061,.F.);
#3294=ORIENTED_EDGE('',*,*,#7062,.F.);
#3295=ORIENTED_EDGE('',*,*,#7063,.T.);
#3296=ORIENTED_EDGE('',*,*,#7064,.F.);
#3297=ORIENTED_EDGE('',*,*,#7060,.F.);
#3298=ORIENTED_EDGE('',*,*,#7065,.T.);
#3299=ORIENTED_EDGE('',*,*,#7066,.F.);
#3300=ORIENTED_EDGE('',*,*,#7067,.F.);
#3301=ORIENTED_EDGE('',*,*,#7068,.T.);
#3302=ORIENTED_EDGE('',*,*,#7069,.T.);
#3303=ORIENTED_EDGE('',*,*,#7070,.T.);
#3304=ORIENTED_EDGE('',*,*,#7071,.T.);
#3305=ORIENTED_EDGE('',*,*,#7072,.F.);
#3306=ORIENTED_EDGE('',*,*,#7073,.F.);
#3307=ORIENTED_EDGE('',*,*,#7074,.T.);
#3308=ORIENTED_EDGE('',*,*,#7075,.T.);
#3309=ORIENTED_EDGE('',*,*,#7076,.T.);
#3310=ORIENTED_EDGE('',*,*,#7077,.F.);
#3311=ORIENTED_EDGE('',*,*,#7078,.F.);
#3312=ORIENTED_EDGE('',*,*,#7076,.F.);
#3313=ORIENTED_EDGE('',*,*,#7079,.T.);
#3314=ORIENTED_EDGE('',*,*,#7080,.T.);
#3315=ORIENTED_EDGE('',*,*,#7081,.T.);
#3316=ORIENTED_EDGE('',*,*,#7082,.T.);
#3317=ORIENTED_EDGE('',*,*,#7083,.F.);
#3318=ORIENTED_EDGE('',*,*,#7084,.F.);
#3319=ORIENTED_EDGE('',*,*,#7085,.T.);
#3320=ORIENTED_EDGE('',*,*,#7086,.F.);
#3321=ORIENTED_EDGE('',*,*,#7082,.F.);
#3322=ORIENTED_EDGE('',*,*,#7087,.T.);
#3323=ORIENTED_EDGE('',*,*,#7088,.T.);
#3324=ORIENTED_EDGE('',*,*,#7089,.F.);
#3325=ORIENTED_EDGE('',*,*,#7085,.F.);
#3326=ORIENTED_EDGE('',*,*,#7090,.T.);
#3327=ORIENTED_EDGE('',*,*,#7091,.T.);
#3328=ORIENTED_EDGE('',*,*,#7092,.F.);
#3329=ORIENTED_EDGE('',*,*,#7088,.F.);
#3330=ORIENTED_EDGE('',*,*,#7093,.T.);
#3331=ORIENTED_EDGE('',*,*,#7094,.T.);
#3332=ORIENTED_EDGE('',*,*,#7095,.F.);
#3333=ORIENTED_EDGE('',*,*,#7091,.F.);
#3334=ORIENTED_EDGE('',*,*,#7096,.T.);
#3335=ORIENTED_EDGE('',*,*,#7097,.T.);
#3336=ORIENTED_EDGE('',*,*,#7098,.F.);
#3337=ORIENTED_EDGE('',*,*,#7094,.F.);
#3338=ORIENTED_EDGE('',*,*,#7099,.T.);
#3339=ORIENTED_EDGE('',*,*,#7100,.T.);
#3340=ORIENTED_EDGE('',*,*,#7101,.F.);
#3341=ORIENTED_EDGE('',*,*,#7097,.F.);
#3342=ORIENTED_EDGE('',*,*,#7102,.T.);
#3343=ORIENTED_EDGE('',*,*,#7103,.T.);
#3344=ORIENTED_EDGE('',*,*,#7104,.F.);
#3345=ORIENTED_EDGE('',*,*,#7100,.F.);
#3346=ORIENTED_EDGE('',*,*,#7105,.T.);
#3347=ORIENTED_EDGE('',*,*,#7106,.F.);
#3348=ORIENTED_EDGE('',*,*,#7103,.F.);
#3349=ORIENTED_EDGE('',*,*,#7107,.T.);
#3350=ORIENTED_EDGE('',*,*,#7108,.T.);
#3351=ORIENTED_EDGE('',*,*,#7109,.T.);
#3352=ORIENTED_EDGE('',*,*,#7110,.F.);
#3353=ORIENTED_EDGE('',*,*,#7111,.F.);
#3354=ORIENTED_EDGE('',*,*,#7112,.T.);
#3355=ORIENTED_EDGE('',*,*,#7113,.T.);
#3356=ORIENTED_EDGE('',*,*,#7114,.F.);
#3357=ORIENTED_EDGE('',*,*,#7109,.F.);
#3358=ORIENTED_EDGE('',*,*,#7115,.T.);
#3359=ORIENTED_EDGE('',*,*,#7116,.T.);
#3360=ORIENTED_EDGE('',*,*,#7117,.F.);
#3361=ORIENTED_EDGE('',*,*,#7113,.F.);
#3362=ORIENTED_EDGE('',*,*,#7118,.T.);
#3363=ORIENTED_EDGE('',*,*,#7119,.T.);
#3364=ORIENTED_EDGE('',*,*,#7120,.F.);
#3365=ORIENTED_EDGE('',*,*,#7116,.F.);
#3366=ORIENTED_EDGE('',*,*,#7121,.T.);
#3367=ORIENTED_EDGE('',*,*,#7122,.T.);
#3368=ORIENTED_EDGE('',*,*,#7123,.F.);
#3369=ORIENTED_EDGE('',*,*,#7119,.F.);
#3370=ORIENTED_EDGE('',*,*,#7124,.T.);
#3371=ORIENTED_EDGE('',*,*,#7125,.T.);
#3372=ORIENTED_EDGE('',*,*,#7126,.F.);
#3373=ORIENTED_EDGE('',*,*,#7122,.F.);
#3374=ORIENTED_EDGE('',*,*,#7127,.T.);
#3375=ORIENTED_EDGE('',*,*,#7128,.T.);
#3376=ORIENTED_EDGE('',*,*,#7129,.F.);
#3377=ORIENTED_EDGE('',*,*,#7125,.F.);
#3378=ORIENTED_EDGE('',*,*,#7130,.T.);
#3379=ORIENTED_EDGE('',*,*,#7131,.F.);
#3380=ORIENTED_EDGE('',*,*,#7128,.F.);
#3381=ORIENTED_EDGE('',*,*,#7132,.T.);
#3382=ORIENTED_EDGE('',*,*,#7133,.T.);
#3383=ORIENTED_EDGE('',*,*,#7061,.T.);
#3384=ORIENTED_EDGE('',*,*,#7064,.T.);
#3385=ORIENTED_EDGE('',*,*,#7134,.T.);
#3386=ORIENTED_EDGE('',*,*,#7066,.T.);
#3387=ORIENTED_EDGE('',*,*,#7135,.T.);
#3388=ORIENTED_EDGE('',*,*,#7072,.T.);
#3389=ORIENTED_EDGE('',*,*,#7136,.T.);
#3390=ORIENTED_EDGE('',*,*,#7077,.T.);
#3391=ORIENTED_EDGE('',*,*,#7078,.T.);
#3392=ORIENTED_EDGE('',*,*,#7137,.T.);
#3393=ORIENTED_EDGE('',*,*,#7083,.T.);
#3394=ORIENTED_EDGE('',*,*,#7086,.T.);
#3395=ORIENTED_EDGE('',*,*,#7089,.T.);
#3396=ORIENTED_EDGE('',*,*,#7092,.T.);
#3397=ORIENTED_EDGE('',*,*,#7095,.T.);
#3398=ORIENTED_EDGE('',*,*,#7098,.T.);
#3399=ORIENTED_EDGE('',*,*,#7101,.T.);
#3400=ORIENTED_EDGE('',*,*,#7104,.T.);
#3401=ORIENTED_EDGE('',*,*,#7106,.T.);
#3402=ORIENTED_EDGE('',*,*,#7138,.T.);
#3403=ORIENTED_EDGE('',*,*,#7139,.T.);
#3404=ORIENTED_EDGE('',*,*,#7110,.T.);
#3405=ORIENTED_EDGE('',*,*,#7114,.T.);
#3406=ORIENTED_EDGE('',*,*,#7117,.T.);
#3407=ORIENTED_EDGE('',*,*,#7120,.T.);
#3408=ORIENTED_EDGE('',*,*,#7123,.T.);
#3409=ORIENTED_EDGE('',*,*,#7126,.T.);
#3410=ORIENTED_EDGE('',*,*,#7129,.T.);
#3411=ORIENTED_EDGE('',*,*,#7131,.T.);
#3412=ORIENTED_EDGE('',*,*,#7140,.T.);
#3413=ORIENTED_EDGE('',*,*,#7141,.T.);
#3414=ORIENTED_EDGE('',*,*,#7111,.T.);
#3415=ORIENTED_EDGE('',*,*,#7139,.F.);
#3416=ORIENTED_EDGE('',*,*,#7142,.F.);
#3417=ORIENTED_EDGE('',*,*,#7068,.F.);
#3418=ORIENTED_EDGE('',*,*,#7143,.F.);
#3419=ORIENTED_EDGE('',*,*,#7065,.F.);
#3420=ORIENTED_EDGE('',*,*,#7059,.F.);
#3421=ORIENTED_EDGE('',*,*,#7144,.T.);
#3422=ORIENTED_EDGE('',*,*,#7079,.F.);
#3423=ORIENTED_EDGE('',*,*,#7075,.F.);
#3424=ORIENTED_EDGE('',*,*,#7145,.F.);
#3425=ORIENTED_EDGE('',*,*,#7070,.F.);
#3426=ORIENTED_EDGE('',*,*,#7146,.T.);
#3427=ORIENTED_EDGE('',*,*,#7107,.F.);
#3428=ORIENTED_EDGE('',*,*,#7105,.F.);
#3429=ORIENTED_EDGE('',*,*,#7102,.F.);
#3430=ORIENTED_EDGE('',*,*,#7099,.F.);
#3431=ORIENTED_EDGE('',*,*,#7096,.F.);
#3432=ORIENTED_EDGE('',*,*,#7093,.F.);
#3433=ORIENTED_EDGE('',*,*,#7090,.F.);
#3434=ORIENTED_EDGE('',*,*,#7087,.F.);
#3435=ORIENTED_EDGE('',*,*,#7081,.F.);
#3436=ORIENTED_EDGE('',*,*,#7147,.F.);
#3437=ORIENTED_EDGE('',*,*,#7132,.F.);
#3438=ORIENTED_EDGE('',*,*,#7130,.F.);
#3439=ORIENTED_EDGE('',*,*,#7127,.F.);
#3440=ORIENTED_EDGE('',*,*,#7124,.F.);
#3441=ORIENTED_EDGE('',*,*,#7121,.F.);
#3442=ORIENTED_EDGE('',*,*,#7118,.F.);
#3443=ORIENTED_EDGE('',*,*,#7115,.F.);
#3444=ORIENTED_EDGE('',*,*,#7112,.F.);
#3445=ORIENTED_EDGE('',*,*,#7141,.F.);
#3446=ORIENTED_EDGE('',*,*,#7148,.F.);
#3447=ORIENTED_EDGE('',*,*,#7149,.F.);
#3448=ORIENTED_EDGE('',*,*,#7150,.T.);
#3449=ORIENTED_EDGE('',*,*,#7151,.T.);
#3450=ORIENTED_EDGE('',*,*,#7152,.T.);
#3451=ORIENTED_EDGE('',*,*,#7153,.T.);
#3452=ORIENTED_EDGE('',*,*,#7154,.F.);
#3453=ORIENTED_EDGE('',*,*,#7155,.T.);
#3454=ORIENTED_EDGE('',*,*,#7156,.T.);
#3455=ORIENTED_EDGE('',*,*,#7157,.T.);
#3456=ORIENTED_EDGE('',*,*,#7155,.F.);
#3457=ORIENTED_EDGE('',*,*,#7158,.F.);
#3458=ORIENTED_EDGE('',*,*,#7159,.F.);
#3459=ORIENTED_EDGE('',*,*,#7160,.F.);
#3460=ORIENTED_EDGE('',*,*,#7161,.T.);
#3461=ORIENTED_EDGE('',*,*,#7162,.T.);
#3462=ORIENTED_EDGE('',*,*,#7163,.T.);
#3463=ORIENTED_EDGE('',*,*,#7164,.T.);
#3464=ORIENTED_EDGE('',*,*,#7165,.T.);
#3465=ORIENTED_EDGE('',*,*,#7161,.F.);
#3466=ORIENTED_EDGE('',*,*,#7166,.F.);
#3467=ORIENTED_EDGE('',*,*,#7167,.T.);
#3468=ORIENTED_EDGE('',*,*,#7168,.F.);
#3469=ORIENTED_EDGE('',*,*,#7169,.F.);
#3470=ORIENTED_EDGE('',*,*,#7170,.F.);
#3471=ORIENTED_EDGE('',*,*,#7171,.F.);
#3472=ORIENTED_EDGE('',*,*,#7172,.T.);
#3473=ORIENTED_EDGE('',*,*,#7173,.T.);
#3474=ORIENTED_EDGE('',*,*,#7174,.T.);
#3475=ORIENTED_EDGE('',*,*,#7175,.T.);
#3476=ORIENTED_EDGE('',*,*,#7176,.T.);
#3477=ORIENTED_EDGE('',*,*,#7172,.F.);
#3478=ORIENTED_EDGE('',*,*,#7177,.F.);
#3479=ORIENTED_EDGE('',*,*,#7178,.T.);
#3480=ORIENTED_EDGE('',*,*,#7179,.T.);
#3481=ORIENTED_EDGE('',*,*,#7175,.F.);
#3482=ORIENTED_EDGE('',*,*,#7180,.F.);
#3483=ORIENTED_EDGE('',*,*,#7181,.T.);
#3484=ORIENTED_EDGE('',*,*,#7182,.T.);
#3485=ORIENTED_EDGE('',*,*,#7178,.F.);
#3486=ORIENTED_EDGE('',*,*,#7183,.F.);
#3487=ORIENTED_EDGE('',*,*,#7184,.T.);
#3488=ORIENTED_EDGE('',*,*,#7185,.T.);
#3489=ORIENTED_EDGE('',*,*,#7181,.F.);
#3490=ORIENTED_EDGE('',*,*,#7186,.F.);
#3491=ORIENTED_EDGE('',*,*,#7187,.T.);
#3492=ORIENTED_EDGE('',*,*,#7188,.T.);
#3493=ORIENTED_EDGE('',*,*,#7184,.F.);
#3494=ORIENTED_EDGE('',*,*,#7189,.F.);
#3495=ORIENTED_EDGE('',*,*,#7190,.T.);
#3496=ORIENTED_EDGE('',*,*,#7191,.T.);
#3497=ORIENTED_EDGE('',*,*,#7187,.F.);
#3498=ORIENTED_EDGE('',*,*,#7192,.F.);
#3499=ORIENTED_EDGE('',*,*,#7193,.T.);
#3500=ORIENTED_EDGE('',*,*,#7194,.T.);
#3501=ORIENTED_EDGE('',*,*,#7190,.F.);
#3502=ORIENTED_EDGE('',*,*,#7195,.F.);
#3503=ORIENTED_EDGE('',*,*,#7196,.T.);
#3504=ORIENTED_EDGE('',*,*,#7193,.F.);
#3505=ORIENTED_EDGE('',*,*,#7197,.F.);
#3506=ORIENTED_EDGE('',*,*,#7198,.F.);
#3507=ORIENTED_EDGE('',*,*,#7199,.T.);
#3508=ORIENTED_EDGE('',*,*,#7200,.T.);
#3509=ORIENTED_EDGE('',*,*,#7201,.F.);
#3510=ORIENTED_EDGE('',*,*,#7202,.F.);
#3511=ORIENTED_EDGE('',*,*,#7203,.T.);
#3512=ORIENTED_EDGE('',*,*,#7204,.T.);
#3513=ORIENTED_EDGE('',*,*,#7199,.F.);
#3514=ORIENTED_EDGE('',*,*,#7205,.F.);
#3515=ORIENTED_EDGE('',*,*,#7206,.T.);
#3516=ORIENTED_EDGE('',*,*,#7207,.T.);
#3517=ORIENTED_EDGE('',*,*,#7203,.F.);
#3518=ORIENTED_EDGE('',*,*,#7208,.F.);
#3519=ORIENTED_EDGE('',*,*,#7209,.T.);
#3520=ORIENTED_EDGE('',*,*,#7210,.T.);
#3521=ORIENTED_EDGE('',*,*,#7206,.F.);
#3522=ORIENTED_EDGE('',*,*,#7211,.F.);
#3523=ORIENTED_EDGE('',*,*,#7212,.T.);
#3524=ORIENTED_EDGE('',*,*,#7213,.T.);
#3525=ORIENTED_EDGE('',*,*,#7209,.F.);
#3526=ORIENTED_EDGE('',*,*,#7214,.F.);
#3527=ORIENTED_EDGE('',*,*,#7215,.T.);
#3528=ORIENTED_EDGE('',*,*,#7216,.T.);
#3529=ORIENTED_EDGE('',*,*,#7212,.F.);
#3530=ORIENTED_EDGE('',*,*,#7217,.F.);
#3531=ORIENTED_EDGE('',*,*,#7218,.T.);
#3532=ORIENTED_EDGE('',*,*,#7219,.T.);
#3533=ORIENTED_EDGE('',*,*,#7215,.F.);
#3534=ORIENTED_EDGE('',*,*,#7220,.F.);
#3535=ORIENTED_EDGE('',*,*,#7221,.T.);
#3536=ORIENTED_EDGE('',*,*,#7218,.F.);
#3537=ORIENTED_EDGE('',*,*,#7222,.F.);
#3538=ORIENTED_EDGE('',*,*,#7223,.F.);
#3539=ORIENTED_EDGE('',*,*,#7151,.F.);
#3540=ORIENTED_EDGE('',*,*,#7224,.F.);
#3541=ORIENTED_EDGE('',*,*,#7156,.F.);
#3542=ORIENTED_EDGE('',*,*,#7157,.F.);
#3543=ORIENTED_EDGE('',*,*,#7225,.T.);
#3544=ORIENTED_EDGE('',*,*,#7162,.F.);
#3545=ORIENTED_EDGE('',*,*,#7165,.F.);
#3546=ORIENTED_EDGE('',*,*,#7226,.F.);
#3547=ORIENTED_EDGE('',*,*,#7167,.F.);
#3548=ORIENTED_EDGE('',*,*,#7227,.T.);
#3549=ORIENTED_EDGE('',*,*,#7173,.F.);
#3550=ORIENTED_EDGE('',*,*,#7176,.F.);
#3551=ORIENTED_EDGE('',*,*,#7179,.F.);
#3552=ORIENTED_EDGE('',*,*,#7182,.F.);
#3553=ORIENTED_EDGE('',*,*,#7185,.F.);
#3554=ORIENTED_EDGE('',*,*,#7188,.F.);
#3555=ORIENTED_EDGE('',*,*,#7191,.F.);
#3556=ORIENTED_EDGE('',*,*,#7194,.F.);
#3557=ORIENTED_EDGE('',*,*,#7196,.F.);
#3558=ORIENTED_EDGE('',*,*,#7228,.F.);
#3559=ORIENTED_EDGE('',*,*,#7229,.F.);
#3560=ORIENTED_EDGE('',*,*,#7200,.F.);
#3561=ORIENTED_EDGE('',*,*,#7204,.F.);
#3562=ORIENTED_EDGE('',*,*,#7207,.F.);
#3563=ORIENTED_EDGE('',*,*,#7210,.F.);
#3564=ORIENTED_EDGE('',*,*,#7213,.F.);
#3565=ORIENTED_EDGE('',*,*,#7216,.F.);
#3566=ORIENTED_EDGE('',*,*,#7219,.F.);
#3567=ORIENTED_EDGE('',*,*,#7221,.F.);
#3568=ORIENTED_EDGE('',*,*,#7230,.F.);
#3569=ORIENTED_EDGE('',*,*,#7231,.F.);
#3570=ORIENTED_EDGE('',*,*,#7201,.T.);
#3571=ORIENTED_EDGE('',*,*,#7229,.T.);
#3572=ORIENTED_EDGE('',*,*,#7232,.T.);
#3573=ORIENTED_EDGE('',*,*,#7158,.T.);
#3574=ORIENTED_EDGE('',*,*,#7154,.T.);
#3575=ORIENTED_EDGE('',*,*,#7233,.T.);
#3576=ORIENTED_EDGE('',*,*,#7149,.T.);
#3577=ORIENTED_EDGE('',*,*,#7234,.T.);
#3578=ORIENTED_EDGE('',*,*,#7169,.T.);
#3579=ORIENTED_EDGE('',*,*,#7235,.T.);
#3580=ORIENTED_EDGE('',*,*,#7166,.T.);
#3581=ORIENTED_EDGE('',*,*,#7160,.T.);
#3582=ORIENTED_EDGE('',*,*,#7236,.T.);
#3583=ORIENTED_EDGE('',*,*,#7197,.T.);
#3584=ORIENTED_EDGE('',*,*,#7195,.T.);
#3585=ORIENTED_EDGE('',*,*,#7192,.T.);
#3586=ORIENTED_EDGE('',*,*,#7189,.T.);
#3587=ORIENTED_EDGE('',*,*,#7186,.T.);
#3588=ORIENTED_EDGE('',*,*,#7183,.T.);
#3589=ORIENTED_EDGE('',*,*,#7180,.T.);
#3590=ORIENTED_EDGE('',*,*,#7177,.T.);
#3591=ORIENTED_EDGE('',*,*,#7171,.T.);
#3592=ORIENTED_EDGE('',*,*,#7237,.T.);
#3593=ORIENTED_EDGE('',*,*,#7222,.T.);
#3594=ORIENTED_EDGE('',*,*,#7220,.T.);
#3595=ORIENTED_EDGE('',*,*,#7217,.T.);
#3596=ORIENTED_EDGE('',*,*,#7214,.T.);
#3597=ORIENTED_EDGE('',*,*,#7211,.T.);
#3598=ORIENTED_EDGE('',*,*,#7208,.T.);
#3599=ORIENTED_EDGE('',*,*,#7205,.T.);
#3600=ORIENTED_EDGE('',*,*,#7202,.T.);
#3601=ORIENTED_EDGE('',*,*,#7231,.T.);
#3602=ORIENTED_EDGE('',*,*,#7238,.T.);
#3603=ORIENTED_EDGE('',*,*,#7239,.F.);
#3604=ORIENTED_EDGE('',*,*,#7240,.T.);
#3605=ORIENTED_EDGE('',*,*,#7241,.T.);
#3606=ORIENTED_EDGE('',*,*,#7242,.T.);
#3607=ORIENTED_EDGE('',*,*,#7243,.T.);
#3608=ORIENTED_EDGE('',*,*,#7244,.F.);
#3609=ORIENTED_EDGE('',*,*,#7245,.T.);
#3610=ORIENTED_EDGE('',*,*,#7246,.T.);
#3611=ORIENTED_EDGE('',*,*,#7247,.T.);
#3612=ORIENTED_EDGE('',*,*,#7245,.F.);
#3613=ORIENTED_EDGE('',*,*,#7248,.F.);
#3614=ORIENTED_EDGE('',*,*,#7249,.F.);
#3615=ORIENTED_EDGE('',*,*,#7250,.F.);
#3616=ORIENTED_EDGE('',*,*,#7251,.T.);
#3617=ORIENTED_EDGE('',*,*,#7252,.T.);
#3618=ORIENTED_EDGE('',*,*,#7253,.T.);
#3619=ORIENTED_EDGE('',*,*,#7254,.T.);
#3620=ORIENTED_EDGE('',*,*,#7255,.T.);
#3621=ORIENTED_EDGE('',*,*,#7251,.F.);
#3622=ORIENTED_EDGE('',*,*,#7256,.F.);
#3623=ORIENTED_EDGE('',*,*,#7257,.T.);
#3624=ORIENTED_EDGE('',*,*,#7258,.F.);
#3625=ORIENTED_EDGE('',*,*,#7259,.F.);
#3626=ORIENTED_EDGE('',*,*,#7260,.F.);
#3627=ORIENTED_EDGE('',*,*,#7261,.F.);
#3628=ORIENTED_EDGE('',*,*,#7262,.T.);
#3629=ORIENTED_EDGE('',*,*,#7263,.T.);
#3630=ORIENTED_EDGE('',*,*,#7264,.T.);
#3631=ORIENTED_EDGE('',*,*,#7265,.T.);
#3632=ORIENTED_EDGE('',*,*,#7266,.T.);
#3633=ORIENTED_EDGE('',*,*,#7262,.F.);
#3634=ORIENTED_EDGE('',*,*,#7267,.F.);
#3635=ORIENTED_EDGE('',*,*,#7268,.T.);
#3636=ORIENTED_EDGE('',*,*,#7269,.T.);
#3637=ORIENTED_EDGE('',*,*,#7265,.F.);
#3638=ORIENTED_EDGE('',*,*,#7270,.F.);
#3639=ORIENTED_EDGE('',*,*,#7271,.T.);
#3640=ORIENTED_EDGE('',*,*,#7272,.T.);
#3641=ORIENTED_EDGE('',*,*,#7268,.F.);
#3642=ORIENTED_EDGE('',*,*,#7273,.F.);
#3643=ORIENTED_EDGE('',*,*,#7274,.T.);
#3644=ORIENTED_EDGE('',*,*,#7275,.T.);
#3645=ORIENTED_EDGE('',*,*,#7271,.F.);
#3646=ORIENTED_EDGE('',*,*,#7276,.F.);
#3647=ORIENTED_EDGE('',*,*,#7277,.T.);
#3648=ORIENTED_EDGE('',*,*,#7278,.T.);
#3649=ORIENTED_EDGE('',*,*,#7274,.F.);
#3650=ORIENTED_EDGE('',*,*,#7279,.F.);
#3651=ORIENTED_EDGE('',*,*,#7280,.T.);
#3652=ORIENTED_EDGE('',*,*,#7281,.T.);
#3653=ORIENTED_EDGE('',*,*,#7277,.F.);
#3654=ORIENTED_EDGE('',*,*,#7282,.F.);
#3655=ORIENTED_EDGE('',*,*,#7283,.T.);
#3656=ORIENTED_EDGE('',*,*,#7284,.T.);
#3657=ORIENTED_EDGE('',*,*,#7280,.F.);
#3658=ORIENTED_EDGE('',*,*,#7285,.F.);
#3659=ORIENTED_EDGE('',*,*,#7286,.T.);
#3660=ORIENTED_EDGE('',*,*,#7283,.F.);
#3661=ORIENTED_EDGE('',*,*,#7287,.F.);
#3662=ORIENTED_EDGE('',*,*,#7288,.F.);
#3663=ORIENTED_EDGE('',*,*,#7289,.T.);
#3664=ORIENTED_EDGE('',*,*,#7290,.T.);
#3665=ORIENTED_EDGE('',*,*,#7291,.F.);
#3666=ORIENTED_EDGE('',*,*,#7292,.F.);
#3667=ORIENTED_EDGE('',*,*,#7293,.T.);
#3668=ORIENTED_EDGE('',*,*,#7294,.T.);
#3669=ORIENTED_EDGE('',*,*,#7289,.F.);
#3670=ORIENTED_EDGE('',*,*,#7295,.F.);
#3671=ORIENTED_EDGE('',*,*,#7296,.T.);
#3672=ORIENTED_EDGE('',*,*,#7297,.T.);
#3673=ORIENTED_EDGE('',*,*,#7293,.F.);
#3674=ORIENTED_EDGE('',*,*,#7298,.F.);
#3675=ORIENTED_EDGE('',*,*,#7299,.T.);
#3676=ORIENTED_EDGE('',*,*,#7300,.T.);
#3677=ORIENTED_EDGE('',*,*,#7296,.F.);
#3678=ORIENTED_EDGE('',*,*,#7301,.F.);
#3679=ORIENTED_EDGE('',*,*,#7302,.T.);
#3680=ORIENTED_EDGE('',*,*,#7303,.T.);
#3681=ORIENTED_EDGE('',*,*,#7299,.F.);
#3682=ORIENTED_EDGE('',*,*,#7304,.F.);
#3683=ORIENTED_EDGE('',*,*,#7305,.T.);
#3684=ORIENTED_EDGE('',*,*,#7306,.T.);
#3685=ORIENTED_EDGE('',*,*,#7302,.F.);
#3686=ORIENTED_EDGE('',*,*,#7307,.F.);
#3687=ORIENTED_EDGE('',*,*,#7308,.T.);
#3688=ORIENTED_EDGE('',*,*,#7309,.T.);
#3689=ORIENTED_EDGE('',*,*,#7305,.F.);
#3690=ORIENTED_EDGE('',*,*,#7310,.F.);
#3691=ORIENTED_EDGE('',*,*,#7311,.T.);
#3692=ORIENTED_EDGE('',*,*,#7308,.F.);
#3693=ORIENTED_EDGE('',*,*,#7312,.F.);
#3694=ORIENTED_EDGE('',*,*,#7313,.F.);
#3695=ORIENTED_EDGE('',*,*,#7241,.F.);
#3696=ORIENTED_EDGE('',*,*,#7314,.F.);
#3697=ORIENTED_EDGE('',*,*,#7246,.F.);
#3698=ORIENTED_EDGE('',*,*,#7247,.F.);
#3699=ORIENTED_EDGE('',*,*,#7315,.T.);
#3700=ORIENTED_EDGE('',*,*,#7252,.F.);
#3701=ORIENTED_EDGE('',*,*,#7255,.F.);
#3702=ORIENTED_EDGE('',*,*,#7316,.F.);
#3703=ORIENTED_EDGE('',*,*,#7257,.F.);
#3704=ORIENTED_EDGE('',*,*,#7317,.T.);
#3705=ORIENTED_EDGE('',*,*,#7263,.F.);
#3706=ORIENTED_EDGE('',*,*,#7266,.F.);
#3707=ORIENTED_EDGE('',*,*,#7269,.F.);
#3708=ORIENTED_EDGE('',*,*,#7272,.F.);
#3709=ORIENTED_EDGE('',*,*,#7275,.F.);
#3710=ORIENTED_EDGE('',*,*,#7278,.F.);
#3711=ORIENTED_EDGE('',*,*,#7281,.F.);
#3712=ORIENTED_EDGE('',*,*,#7284,.F.);
#3713=ORIENTED_EDGE('',*,*,#7286,.F.);
#3714=ORIENTED_EDGE('',*,*,#7318,.F.);
#3715=ORIENTED_EDGE('',*,*,#7319,.F.);
#3716=ORIENTED_EDGE('',*,*,#7290,.F.);
#3717=ORIENTED_EDGE('',*,*,#7294,.F.);
#3718=ORIENTED_EDGE('',*,*,#7297,.F.);
#3719=ORIENTED_EDGE('',*,*,#7300,.F.);
#3720=ORIENTED_EDGE('',*,*,#7303,.F.);
#3721=ORIENTED_EDGE('',*,*,#7306,.F.);
#3722=ORIENTED_EDGE('',*,*,#7309,.F.);
#3723=ORIENTED_EDGE('',*,*,#7311,.F.);
#3724=ORIENTED_EDGE('',*,*,#7320,.F.);
#3725=ORIENTED_EDGE('',*,*,#7321,.F.);
#3726=ORIENTED_EDGE('',*,*,#7291,.T.);
#3727=ORIENTED_EDGE('',*,*,#7319,.T.);
#3728=ORIENTED_EDGE('',*,*,#7322,.T.);
#3729=ORIENTED_EDGE('',*,*,#7248,.T.);
#3730=ORIENTED_EDGE('',*,*,#7244,.T.);
#3731=ORIENTED_EDGE('',*,*,#7323,.T.);
#3732=ORIENTED_EDGE('',*,*,#7239,.T.);
#3733=ORIENTED_EDGE('',*,*,#7324,.T.);
#3734=ORIENTED_EDGE('',*,*,#7259,.T.);
#3735=ORIENTED_EDGE('',*,*,#7325,.T.);
#3736=ORIENTED_EDGE('',*,*,#7256,.T.);
#3737=ORIENTED_EDGE('',*,*,#7250,.T.);
#3738=ORIENTED_EDGE('',*,*,#7326,.T.);
#3739=ORIENTED_EDGE('',*,*,#7287,.T.);
#3740=ORIENTED_EDGE('',*,*,#7285,.T.);
#3741=ORIENTED_EDGE('',*,*,#7282,.T.);
#3742=ORIENTED_EDGE('',*,*,#7279,.T.);
#3743=ORIENTED_EDGE('',*,*,#7276,.T.);
#3744=ORIENTED_EDGE('',*,*,#7273,.T.);
#3745=ORIENTED_EDGE('',*,*,#7270,.T.);
#3746=ORIENTED_EDGE('',*,*,#7267,.T.);
#3747=ORIENTED_EDGE('',*,*,#7261,.T.);
#3748=ORIENTED_EDGE('',*,*,#7327,.T.);
#3749=ORIENTED_EDGE('',*,*,#7312,.T.);
#3750=ORIENTED_EDGE('',*,*,#7310,.T.);
#3751=ORIENTED_EDGE('',*,*,#7307,.T.);
#3752=ORIENTED_EDGE('',*,*,#7304,.T.);
#3753=ORIENTED_EDGE('',*,*,#7301,.T.);
#3754=ORIENTED_EDGE('',*,*,#7298,.T.);
#3755=ORIENTED_EDGE('',*,*,#7295,.T.);
#3756=ORIENTED_EDGE('',*,*,#7292,.T.);
#3757=ORIENTED_EDGE('',*,*,#7321,.T.);
#3758=ORIENTED_EDGE('',*,*,#7328,.T.);
#3759=ORIENTED_EDGE('',*,*,#7329,.F.);
#3760=ORIENTED_EDGE('',*,*,#7330,.T.);
#3761=ORIENTED_EDGE('',*,*,#7331,.T.);
#3762=ORIENTED_EDGE('',*,*,#7332,.T.);
#3763=ORIENTED_EDGE('',*,*,#7333,.T.);
#3764=ORIENTED_EDGE('',*,*,#7334,.F.);
#3765=ORIENTED_EDGE('',*,*,#7335,.T.);
#3766=ORIENTED_EDGE('',*,*,#7336,.T.);
#3767=ORIENTED_EDGE('',*,*,#7337,.T.);
#3768=ORIENTED_EDGE('',*,*,#7335,.F.);
#3769=ORIENTED_EDGE('',*,*,#7338,.F.);
#3770=ORIENTED_EDGE('',*,*,#7339,.F.);
#3771=ORIENTED_EDGE('',*,*,#7340,.F.);
#3772=ORIENTED_EDGE('',*,*,#7341,.T.);
#3773=ORIENTED_EDGE('',*,*,#7342,.T.);
#3774=ORIENTED_EDGE('',*,*,#7343,.T.);
#3775=ORIENTED_EDGE('',*,*,#7344,.T.);
#3776=ORIENTED_EDGE('',*,*,#7345,.T.);
#3777=ORIENTED_EDGE('',*,*,#7341,.F.);
#3778=ORIENTED_EDGE('',*,*,#7346,.F.);
#3779=ORIENTED_EDGE('',*,*,#7347,.T.);
#3780=ORIENTED_EDGE('',*,*,#7348,.F.);
#3781=ORIENTED_EDGE('',*,*,#7349,.F.);
#3782=ORIENTED_EDGE('',*,*,#7350,.F.);
#3783=ORIENTED_EDGE('',*,*,#7351,.F.);
#3784=ORIENTED_EDGE('',*,*,#7352,.T.);
#3785=ORIENTED_EDGE('',*,*,#7353,.T.);
#3786=ORIENTED_EDGE('',*,*,#7354,.T.);
#3787=ORIENTED_EDGE('',*,*,#7355,.T.);
#3788=ORIENTED_EDGE('',*,*,#7356,.T.);
#3789=ORIENTED_EDGE('',*,*,#7352,.F.);
#3790=ORIENTED_EDGE('',*,*,#7357,.F.);
#3791=ORIENTED_EDGE('',*,*,#7358,.T.);
#3792=ORIENTED_EDGE('',*,*,#7359,.T.);
#3793=ORIENTED_EDGE('',*,*,#7355,.F.);
#3794=ORIENTED_EDGE('',*,*,#7360,.F.);
#3795=ORIENTED_EDGE('',*,*,#7361,.T.);
#3796=ORIENTED_EDGE('',*,*,#7362,.T.);
#3797=ORIENTED_EDGE('',*,*,#7358,.F.);
#3798=ORIENTED_EDGE('',*,*,#7363,.F.);
#3799=ORIENTED_EDGE('',*,*,#7364,.T.);
#3800=ORIENTED_EDGE('',*,*,#7365,.T.);
#3801=ORIENTED_EDGE('',*,*,#7361,.F.);
#3802=ORIENTED_EDGE('',*,*,#7366,.F.);
#3803=ORIENTED_EDGE('',*,*,#7367,.T.);
#3804=ORIENTED_EDGE('',*,*,#7368,.T.);
#3805=ORIENTED_EDGE('',*,*,#7364,.F.);
#3806=ORIENTED_EDGE('',*,*,#7369,.F.);
#3807=ORIENTED_EDGE('',*,*,#7370,.T.);
#3808=ORIENTED_EDGE('',*,*,#7371,.T.);
#3809=ORIENTED_EDGE('',*,*,#7367,.F.);
#3810=ORIENTED_EDGE('',*,*,#7372,.F.);
#3811=ORIENTED_EDGE('',*,*,#7373,.T.);
#3812=ORIENTED_EDGE('',*,*,#7374,.T.);
#3813=ORIENTED_EDGE('',*,*,#7370,.F.);
#3814=ORIENTED_EDGE('',*,*,#7375,.F.);
#3815=ORIENTED_EDGE('',*,*,#7376,.T.);
#3816=ORIENTED_EDGE('',*,*,#7373,.F.);
#3817=ORIENTED_EDGE('',*,*,#7377,.F.);
#3818=ORIENTED_EDGE('',*,*,#7378,.F.);
#3819=ORIENTED_EDGE('',*,*,#7379,.T.);
#3820=ORIENTED_EDGE('',*,*,#7380,.T.);
#3821=ORIENTED_EDGE('',*,*,#7381,.F.);
#3822=ORIENTED_EDGE('',*,*,#7382,.F.);
#3823=ORIENTED_EDGE('',*,*,#7383,.T.);
#3824=ORIENTED_EDGE('',*,*,#7384,.T.);
#3825=ORIENTED_EDGE('',*,*,#7379,.F.);
#3826=ORIENTED_EDGE('',*,*,#7385,.F.);
#3827=ORIENTED_EDGE('',*,*,#7386,.T.);
#3828=ORIENTED_EDGE('',*,*,#7387,.T.);
#3829=ORIENTED_EDGE('',*,*,#7383,.F.);
#3830=ORIENTED_EDGE('',*,*,#7388,.F.);
#3831=ORIENTED_EDGE('',*,*,#7389,.T.);
#3832=ORIENTED_EDGE('',*,*,#7390,.T.);
#3833=ORIENTED_EDGE('',*,*,#7386,.F.);
#3834=ORIENTED_EDGE('',*,*,#7391,.F.);
#3835=ORIENTED_EDGE('',*,*,#7392,.T.);
#3836=ORIENTED_EDGE('',*,*,#7393,.T.);
#3837=ORIENTED_EDGE('',*,*,#7389,.F.);
#3838=ORIENTED_EDGE('',*,*,#7394,.F.);
#3839=ORIENTED_EDGE('',*,*,#7395,.T.);
#3840=ORIENTED_EDGE('',*,*,#7396,.T.);
#3841=ORIENTED_EDGE('',*,*,#7392,.F.);
#3842=ORIENTED_EDGE('',*,*,#7397,.F.);
#3843=ORIENTED_EDGE('',*,*,#7398,.T.);
#3844=ORIENTED_EDGE('',*,*,#7399,.T.);
#3845=ORIENTED_EDGE('',*,*,#7395,.F.);
#3846=ORIENTED_EDGE('',*,*,#7400,.F.);
#3847=ORIENTED_EDGE('',*,*,#7401,.T.);
#3848=ORIENTED_EDGE('',*,*,#7398,.F.);
#3849=ORIENTED_EDGE('',*,*,#7402,.F.);
#3850=ORIENTED_EDGE('',*,*,#7403,.F.);
#3851=ORIENTED_EDGE('',*,*,#7331,.F.);
#3852=ORIENTED_EDGE('',*,*,#7404,.F.);
#3853=ORIENTED_EDGE('',*,*,#7336,.F.);
#3854=ORIENTED_EDGE('',*,*,#7337,.F.);
#3855=ORIENTED_EDGE('',*,*,#7405,.T.);
#3856=ORIENTED_EDGE('',*,*,#7342,.F.);
#3857=ORIENTED_EDGE('',*,*,#7345,.F.);
#3858=ORIENTED_EDGE('',*,*,#7406,.F.);
#3859=ORIENTED_EDGE('',*,*,#7347,.F.);
#3860=ORIENTED_EDGE('',*,*,#7407,.T.);
#3861=ORIENTED_EDGE('',*,*,#7353,.F.);
#3862=ORIENTED_EDGE('',*,*,#7356,.F.);
#3863=ORIENTED_EDGE('',*,*,#7359,.F.);
#3864=ORIENTED_EDGE('',*,*,#7362,.F.);
#3865=ORIENTED_EDGE('',*,*,#7365,.F.);
#3866=ORIENTED_EDGE('',*,*,#7368,.F.);
#3867=ORIENTED_EDGE('',*,*,#7371,.F.);
#3868=ORIENTED_EDGE('',*,*,#7374,.F.);
#3869=ORIENTED_EDGE('',*,*,#7376,.F.);
#3870=ORIENTED_EDGE('',*,*,#7408,.F.);
#3871=ORIENTED_EDGE('',*,*,#7409,.F.);
#3872=ORIENTED_EDGE('',*,*,#7380,.F.);
#3873=ORIENTED_EDGE('',*,*,#7384,.F.);
#3874=ORIENTED_EDGE('',*,*,#7387,.F.);
#3875=ORIENTED_EDGE('',*,*,#7390,.F.);
#3876=ORIENTED_EDGE('',*,*,#7393,.F.);
#3877=ORIENTED_EDGE('',*,*,#7396,.F.);
#3878=ORIENTED_EDGE('',*,*,#7399,.F.);
#3879=ORIENTED_EDGE('',*,*,#7401,.F.);
#3880=ORIENTED_EDGE('',*,*,#7410,.F.);
#3881=ORIENTED_EDGE('',*,*,#7411,.F.);
#3882=ORIENTED_EDGE('',*,*,#7381,.T.);
#3883=ORIENTED_EDGE('',*,*,#7409,.T.);
#3884=ORIENTED_EDGE('',*,*,#7412,.T.);
#3885=ORIENTED_EDGE('',*,*,#7338,.T.);
#3886=ORIENTED_EDGE('',*,*,#7334,.T.);
#3887=ORIENTED_EDGE('',*,*,#7413,.T.);
#3888=ORIENTED_EDGE('',*,*,#7329,.T.);
#3889=ORIENTED_EDGE('',*,*,#7414,.T.);
#3890=ORIENTED_EDGE('',*,*,#7349,.T.);
#3891=ORIENTED_EDGE('',*,*,#7415,.T.);
#3892=ORIENTED_EDGE('',*,*,#7346,.T.);
#3893=ORIENTED_EDGE('',*,*,#7340,.T.);
#3894=ORIENTED_EDGE('',*,*,#7416,.T.);
#3895=ORIENTED_EDGE('',*,*,#7377,.T.);
#3896=ORIENTED_EDGE('',*,*,#7375,.T.);
#3897=ORIENTED_EDGE('',*,*,#7372,.T.);
#3898=ORIENTED_EDGE('',*,*,#7369,.T.);
#3899=ORIENTED_EDGE('',*,*,#7366,.T.);
#3900=ORIENTED_EDGE('',*,*,#7363,.T.);
#3901=ORIENTED_EDGE('',*,*,#7360,.T.);
#3902=ORIENTED_EDGE('',*,*,#7357,.T.);
#3903=ORIENTED_EDGE('',*,*,#7351,.T.);
#3904=ORIENTED_EDGE('',*,*,#7417,.T.);
#3905=ORIENTED_EDGE('',*,*,#7402,.T.);
#3906=ORIENTED_EDGE('',*,*,#7400,.T.);
#3907=ORIENTED_EDGE('',*,*,#7397,.T.);
#3908=ORIENTED_EDGE('',*,*,#7394,.T.);
#3909=ORIENTED_EDGE('',*,*,#7391,.T.);
#3910=ORIENTED_EDGE('',*,*,#7388,.T.);
#3911=ORIENTED_EDGE('',*,*,#7385,.T.);
#3912=ORIENTED_EDGE('',*,*,#7382,.T.);
#3913=ORIENTED_EDGE('',*,*,#7411,.T.);
#3914=ORIENTED_EDGE('',*,*,#7418,.T.);
#3915=ORIENTED_EDGE('',*,*,#7419,.F.);
#3916=ORIENTED_EDGE('',*,*,#7420,.T.);
#3917=ORIENTED_EDGE('',*,*,#7421,.T.);
#3918=ORIENTED_EDGE('',*,*,#7422,.T.);
#3919=ORIENTED_EDGE('',*,*,#7423,.T.);
#3920=ORIENTED_EDGE('',*,*,#7424,.F.);
#3921=ORIENTED_EDGE('',*,*,#7425,.T.);
#3922=ORIENTED_EDGE('',*,*,#7426,.T.);
#3923=ORIENTED_EDGE('',*,*,#7427,.T.);
#3924=ORIENTED_EDGE('',*,*,#7425,.F.);
#3925=ORIENTED_EDGE('',*,*,#7428,.F.);
#3926=ORIENTED_EDGE('',*,*,#7429,.F.);
#3927=ORIENTED_EDGE('',*,*,#7430,.F.);
#3928=ORIENTED_EDGE('',*,*,#7431,.T.);
#3929=ORIENTED_EDGE('',*,*,#7432,.T.);
#3930=ORIENTED_EDGE('',*,*,#7433,.T.);
#3931=ORIENTED_EDGE('',*,*,#7434,.T.);
#3932=ORIENTED_EDGE('',*,*,#7435,.T.);
#3933=ORIENTED_EDGE('',*,*,#7431,.F.);
#3934=ORIENTED_EDGE('',*,*,#7436,.F.);
#3935=ORIENTED_EDGE('',*,*,#7437,.T.);
#3936=ORIENTED_EDGE('',*,*,#7438,.F.);
#3937=ORIENTED_EDGE('',*,*,#7439,.F.);
#3938=ORIENTED_EDGE('',*,*,#7440,.F.);
#3939=ORIENTED_EDGE('',*,*,#7441,.F.);
#3940=ORIENTED_EDGE('',*,*,#7442,.T.);
#3941=ORIENTED_EDGE('',*,*,#7443,.T.);
#3942=ORIENTED_EDGE('',*,*,#7444,.T.);
#3943=ORIENTED_EDGE('',*,*,#7445,.T.);
#3944=ORIENTED_EDGE('',*,*,#7446,.T.);
#3945=ORIENTED_EDGE('',*,*,#7442,.F.);
#3946=ORIENTED_EDGE('',*,*,#7447,.F.);
#3947=ORIENTED_EDGE('',*,*,#7448,.T.);
#3948=ORIENTED_EDGE('',*,*,#7449,.T.);
#3949=ORIENTED_EDGE('',*,*,#7445,.F.);
#3950=ORIENTED_EDGE('',*,*,#7450,.F.);
#3951=ORIENTED_EDGE('',*,*,#7451,.T.);
#3952=ORIENTED_EDGE('',*,*,#7452,.T.);
#3953=ORIENTED_EDGE('',*,*,#7448,.F.);
#3954=ORIENTED_EDGE('',*,*,#7453,.F.);
#3955=ORIENTED_EDGE('',*,*,#7454,.T.);
#3956=ORIENTED_EDGE('',*,*,#7455,.T.);
#3957=ORIENTED_EDGE('',*,*,#7451,.F.);
#3958=ORIENTED_EDGE('',*,*,#7456,.F.);
#3959=ORIENTED_EDGE('',*,*,#7457,.T.);
#3960=ORIENTED_EDGE('',*,*,#7458,.T.);
#3961=ORIENTED_EDGE('',*,*,#7454,.F.);
#3962=ORIENTED_EDGE('',*,*,#7459,.F.);
#3963=ORIENTED_EDGE('',*,*,#7460,.T.);
#3964=ORIENTED_EDGE('',*,*,#7461,.T.);
#3965=ORIENTED_EDGE('',*,*,#7457,.F.);
#3966=ORIENTED_EDGE('',*,*,#7462,.F.);
#3967=ORIENTED_EDGE('',*,*,#7463,.T.);
#3968=ORIENTED_EDGE('',*,*,#7464,.T.);
#3969=ORIENTED_EDGE('',*,*,#7460,.F.);
#3970=ORIENTED_EDGE('',*,*,#7465,.F.);
#3971=ORIENTED_EDGE('',*,*,#7466,.T.);
#3972=ORIENTED_EDGE('',*,*,#7463,.F.);
#3973=ORIENTED_EDGE('',*,*,#7467,.F.);
#3974=ORIENTED_EDGE('',*,*,#7468,.F.);
#3975=ORIENTED_EDGE('',*,*,#7469,.T.);
#3976=ORIENTED_EDGE('',*,*,#7470,.T.);
#3977=ORIENTED_EDGE('',*,*,#7471,.F.);
#3978=ORIENTED_EDGE('',*,*,#7472,.F.);
#3979=ORIENTED_EDGE('',*,*,#7473,.T.);
#3980=ORIENTED_EDGE('',*,*,#7474,.T.);
#3981=ORIENTED_EDGE('',*,*,#7469,.F.);
#3982=ORIENTED_EDGE('',*,*,#7475,.F.);
#3983=ORIENTED_EDGE('',*,*,#7476,.T.);
#3984=ORIENTED_EDGE('',*,*,#7477,.T.);
#3985=ORIENTED_EDGE('',*,*,#7473,.F.);
#3986=ORIENTED_EDGE('',*,*,#7478,.F.);
#3987=ORIENTED_EDGE('',*,*,#7479,.T.);
#3988=ORIENTED_EDGE('',*,*,#7480,.T.);
#3989=ORIENTED_EDGE('',*,*,#7476,.F.);
#3990=ORIENTED_EDGE('',*,*,#7481,.F.);
#3991=ORIENTED_EDGE('',*,*,#7482,.T.);
#3992=ORIENTED_EDGE('',*,*,#7483,.T.);
#3993=ORIENTED_EDGE('',*,*,#7479,.F.);
#3994=ORIENTED_EDGE('',*,*,#7484,.F.);
#3995=ORIENTED_EDGE('',*,*,#7485,.T.);
#3996=ORIENTED_EDGE('',*,*,#7486,.T.);
#3997=ORIENTED_EDGE('',*,*,#7482,.F.);
#3998=ORIENTED_EDGE('',*,*,#7487,.F.);
#3999=ORIENTED_EDGE('',*,*,#7488,.T.);
#4000=ORIENTED_EDGE('',*,*,#7489,.T.);
#4001=ORIENTED_EDGE('',*,*,#7485,.F.);
#4002=ORIENTED_EDGE('',*,*,#7490,.F.);
#4003=ORIENTED_EDGE('',*,*,#7491,.T.);
#4004=ORIENTED_EDGE('',*,*,#7488,.F.);
#4005=ORIENTED_EDGE('',*,*,#7492,.F.);
#4006=ORIENTED_EDGE('',*,*,#7493,.F.);
#4007=ORIENTED_EDGE('',*,*,#7421,.F.);
#4008=ORIENTED_EDGE('',*,*,#7494,.F.);
#4009=ORIENTED_EDGE('',*,*,#7426,.F.);
#4010=ORIENTED_EDGE('',*,*,#7427,.F.);
#4011=ORIENTED_EDGE('',*,*,#7495,.T.);
#4012=ORIENTED_EDGE('',*,*,#7432,.F.);
#4013=ORIENTED_EDGE('',*,*,#7435,.F.);
#4014=ORIENTED_EDGE('',*,*,#7496,.F.);
#4015=ORIENTED_EDGE('',*,*,#7437,.F.);
#4016=ORIENTED_EDGE('',*,*,#7497,.T.);
#4017=ORIENTED_EDGE('',*,*,#7443,.F.);
#4018=ORIENTED_EDGE('',*,*,#7446,.F.);
#4019=ORIENTED_EDGE('',*,*,#7449,.F.);
#4020=ORIENTED_EDGE('',*,*,#7452,.F.);
#4021=ORIENTED_EDGE('',*,*,#7455,.F.);
#4022=ORIENTED_EDGE('',*,*,#7458,.F.);
#4023=ORIENTED_EDGE('',*,*,#7461,.F.);
#4024=ORIENTED_EDGE('',*,*,#7464,.F.);
#4025=ORIENTED_EDGE('',*,*,#7466,.F.);
#4026=ORIENTED_EDGE('',*,*,#7498,.F.);
#4027=ORIENTED_EDGE('',*,*,#7499,.F.);
#4028=ORIENTED_EDGE('',*,*,#7470,.F.);
#4029=ORIENTED_EDGE('',*,*,#7474,.F.);
#4030=ORIENTED_EDGE('',*,*,#7477,.F.);
#4031=ORIENTED_EDGE('',*,*,#7480,.F.);
#4032=ORIENTED_EDGE('',*,*,#7483,.F.);
#4033=ORIENTED_EDGE('',*,*,#7486,.F.);
#4034=ORIENTED_EDGE('',*,*,#7489,.F.);
#4035=ORIENTED_EDGE('',*,*,#7491,.F.);
#4036=ORIENTED_EDGE('',*,*,#7500,.F.);
#4037=ORIENTED_EDGE('',*,*,#7501,.F.);
#4038=ORIENTED_EDGE('',*,*,#7471,.T.);
#4039=ORIENTED_EDGE('',*,*,#7499,.T.);
#4040=ORIENTED_EDGE('',*,*,#7502,.T.);
#4041=ORIENTED_EDGE('',*,*,#7428,.T.);
#4042=ORIENTED_EDGE('',*,*,#7424,.T.);
#4043=ORIENTED_EDGE('',*,*,#7503,.T.);
#4044=ORIENTED_EDGE('',*,*,#7419,.T.);
#4045=ORIENTED_EDGE('',*,*,#7504,.T.);
#4046=ORIENTED_EDGE('',*,*,#7439,.T.);
#4047=ORIENTED_EDGE('',*,*,#7505,.T.);
#4048=ORIENTED_EDGE('',*,*,#7436,.T.);
#4049=ORIENTED_EDGE('',*,*,#7430,.T.);
#4050=ORIENTED_EDGE('',*,*,#7506,.T.);
#4051=ORIENTED_EDGE('',*,*,#7467,.T.);
#4052=ORIENTED_EDGE('',*,*,#7465,.T.);
#4053=ORIENTED_EDGE('',*,*,#7462,.T.);
#4054=ORIENTED_EDGE('',*,*,#7459,.T.);
#4055=ORIENTED_EDGE('',*,*,#7456,.T.);
#4056=ORIENTED_EDGE('',*,*,#7453,.T.);
#4057=ORIENTED_EDGE('',*,*,#7450,.T.);
#4058=ORIENTED_EDGE('',*,*,#7447,.T.);
#4059=ORIENTED_EDGE('',*,*,#7441,.T.);
#4060=ORIENTED_EDGE('',*,*,#7507,.T.);
#4061=ORIENTED_EDGE('',*,*,#7492,.T.);
#4062=ORIENTED_EDGE('',*,*,#7490,.T.);
#4063=ORIENTED_EDGE('',*,*,#7487,.T.);
#4064=ORIENTED_EDGE('',*,*,#7484,.T.);
#4065=ORIENTED_EDGE('',*,*,#7481,.T.);
#4066=ORIENTED_EDGE('',*,*,#7478,.T.);
#4067=ORIENTED_EDGE('',*,*,#7475,.T.);
#4068=ORIENTED_EDGE('',*,*,#7472,.T.);
#4069=ORIENTED_EDGE('',*,*,#7501,.T.);
#4070=ORIENTED_EDGE('',*,*,#7508,.T.);
#4071=ORIENTED_EDGE('',*,*,#7509,.F.);
#4072=ORIENTED_EDGE('',*,*,#7510,.T.);
#4073=ORIENTED_EDGE('',*,*,#7511,.T.);
#4074=ORIENTED_EDGE('',*,*,#7512,.T.);
#4075=ORIENTED_EDGE('',*,*,#7513,.T.);
#4076=ORIENTED_EDGE('',*,*,#7514,.F.);
#4077=ORIENTED_EDGE('',*,*,#7515,.T.);
#4078=ORIENTED_EDGE('',*,*,#7516,.T.);
#4079=ORIENTED_EDGE('',*,*,#7517,.T.);
#4080=ORIENTED_EDGE('',*,*,#7515,.F.);
#4081=ORIENTED_EDGE('',*,*,#7518,.F.);
#4082=ORIENTED_EDGE('',*,*,#7519,.F.);
#4083=ORIENTED_EDGE('',*,*,#7520,.F.);
#4084=ORIENTED_EDGE('',*,*,#7521,.T.);
#4085=ORIENTED_EDGE('',*,*,#7522,.T.);
#4086=ORIENTED_EDGE('',*,*,#7523,.T.);
#4087=ORIENTED_EDGE('',*,*,#7524,.T.);
#4088=ORIENTED_EDGE('',*,*,#7525,.T.);
#4089=ORIENTED_EDGE('',*,*,#7521,.F.);
#4090=ORIENTED_EDGE('',*,*,#7526,.F.);
#4091=ORIENTED_EDGE('',*,*,#7527,.T.);
#4092=ORIENTED_EDGE('',*,*,#7528,.F.);
#4093=ORIENTED_EDGE('',*,*,#7529,.F.);
#4094=ORIENTED_EDGE('',*,*,#7530,.F.);
#4095=ORIENTED_EDGE('',*,*,#7531,.F.);
#4096=ORIENTED_EDGE('',*,*,#7532,.T.);
#4097=ORIENTED_EDGE('',*,*,#7533,.T.);
#4098=ORIENTED_EDGE('',*,*,#7534,.T.);
#4099=ORIENTED_EDGE('',*,*,#7535,.T.);
#4100=ORIENTED_EDGE('',*,*,#7536,.T.);
#4101=ORIENTED_EDGE('',*,*,#7532,.F.);
#4102=ORIENTED_EDGE('',*,*,#7537,.F.);
#4103=ORIENTED_EDGE('',*,*,#7538,.T.);
#4104=ORIENTED_EDGE('',*,*,#7539,.T.);
#4105=ORIENTED_EDGE('',*,*,#7535,.F.);
#4106=ORIENTED_EDGE('',*,*,#7540,.F.);
#4107=ORIENTED_EDGE('',*,*,#7541,.T.);
#4108=ORIENTED_EDGE('',*,*,#7542,.T.);
#4109=ORIENTED_EDGE('',*,*,#7538,.F.);
#4110=ORIENTED_EDGE('',*,*,#7543,.F.);
#4111=ORIENTED_EDGE('',*,*,#7544,.T.);
#4112=ORIENTED_EDGE('',*,*,#7545,.T.);
#4113=ORIENTED_EDGE('',*,*,#7541,.F.);
#4114=ORIENTED_EDGE('',*,*,#7546,.F.);
#4115=ORIENTED_EDGE('',*,*,#7547,.T.);
#4116=ORIENTED_EDGE('',*,*,#7548,.T.);
#4117=ORIENTED_EDGE('',*,*,#7544,.F.);
#4118=ORIENTED_EDGE('',*,*,#7549,.F.);
#4119=ORIENTED_EDGE('',*,*,#7550,.T.);
#4120=ORIENTED_EDGE('',*,*,#7551,.T.);
#4121=ORIENTED_EDGE('',*,*,#7547,.F.);
#4122=ORIENTED_EDGE('',*,*,#7552,.F.);
#4123=ORIENTED_EDGE('',*,*,#7553,.T.);
#4124=ORIENTED_EDGE('',*,*,#7554,.T.);
#4125=ORIENTED_EDGE('',*,*,#7550,.F.);
#4126=ORIENTED_EDGE('',*,*,#7555,.F.);
#4127=ORIENTED_EDGE('',*,*,#7556,.T.);
#4128=ORIENTED_EDGE('',*,*,#7553,.F.);
#4129=ORIENTED_EDGE('',*,*,#7557,.F.);
#4130=ORIENTED_EDGE('',*,*,#7558,.F.);
#4131=ORIENTED_EDGE('',*,*,#7559,.T.);
#4132=ORIENTED_EDGE('',*,*,#7560,.T.);
#4133=ORIENTED_EDGE('',*,*,#7561,.F.);
#4134=ORIENTED_EDGE('',*,*,#7562,.F.);
#4135=ORIENTED_EDGE('',*,*,#7563,.T.);
#4136=ORIENTED_EDGE('',*,*,#7564,.T.);
#4137=ORIENTED_EDGE('',*,*,#7559,.F.);
#4138=ORIENTED_EDGE('',*,*,#7565,.F.);
#4139=ORIENTED_EDGE('',*,*,#7566,.T.);
#4140=ORIENTED_EDGE('',*,*,#7567,.T.);
#4141=ORIENTED_EDGE('',*,*,#7563,.F.);
#4142=ORIENTED_EDGE('',*,*,#7568,.F.);
#4143=ORIENTED_EDGE('',*,*,#7569,.T.);
#4144=ORIENTED_EDGE('',*,*,#7570,.T.);
#4145=ORIENTED_EDGE('',*,*,#7566,.F.);
#4146=ORIENTED_EDGE('',*,*,#7571,.F.);
#4147=ORIENTED_EDGE('',*,*,#7572,.T.);
#4148=ORIENTED_EDGE('',*,*,#7573,.T.);
#4149=ORIENTED_EDGE('',*,*,#7569,.F.);
#4150=ORIENTED_EDGE('',*,*,#7574,.F.);
#4151=ORIENTED_EDGE('',*,*,#7575,.T.);
#4152=ORIENTED_EDGE('',*,*,#7576,.T.);
#4153=ORIENTED_EDGE('',*,*,#7572,.F.);
#4154=ORIENTED_EDGE('',*,*,#7577,.F.);
#4155=ORIENTED_EDGE('',*,*,#7578,.T.);
#4156=ORIENTED_EDGE('',*,*,#7579,.T.);
#4157=ORIENTED_EDGE('',*,*,#7575,.F.);
#4158=ORIENTED_EDGE('',*,*,#7580,.F.);
#4159=ORIENTED_EDGE('',*,*,#7581,.T.);
#4160=ORIENTED_EDGE('',*,*,#7578,.F.);
#4161=ORIENTED_EDGE('',*,*,#7582,.F.);
#4162=ORIENTED_EDGE('',*,*,#7583,.F.);
#4163=ORIENTED_EDGE('',*,*,#7511,.F.);
#4164=ORIENTED_EDGE('',*,*,#7584,.F.);
#4165=ORIENTED_EDGE('',*,*,#7516,.F.);
#4166=ORIENTED_EDGE('',*,*,#7517,.F.);
#4167=ORIENTED_EDGE('',*,*,#7585,.T.);
#4168=ORIENTED_EDGE('',*,*,#7522,.F.);
#4169=ORIENTED_EDGE('',*,*,#7525,.F.);
#4170=ORIENTED_EDGE('',*,*,#7586,.F.);
#4171=ORIENTED_EDGE('',*,*,#7527,.F.);
#4172=ORIENTED_EDGE('',*,*,#7587,.T.);
#4173=ORIENTED_EDGE('',*,*,#7533,.F.);
#4174=ORIENTED_EDGE('',*,*,#7536,.F.);
#4175=ORIENTED_EDGE('',*,*,#7539,.F.);
#4176=ORIENTED_EDGE('',*,*,#7542,.F.);
#4177=ORIENTED_EDGE('',*,*,#7545,.F.);
#4178=ORIENTED_EDGE('',*,*,#7548,.F.);
#4179=ORIENTED_EDGE('',*,*,#7551,.F.);
#4180=ORIENTED_EDGE('',*,*,#7554,.F.);
#4181=ORIENTED_EDGE('',*,*,#7556,.F.);
#4182=ORIENTED_EDGE('',*,*,#7588,.F.);
#4183=ORIENTED_EDGE('',*,*,#7589,.F.);
#4184=ORIENTED_EDGE('',*,*,#7560,.F.);
#4185=ORIENTED_EDGE('',*,*,#7564,.F.);
#4186=ORIENTED_EDGE('',*,*,#7567,.F.);
#4187=ORIENTED_EDGE('',*,*,#7570,.F.);
#4188=ORIENTED_EDGE('',*,*,#7573,.F.);
#4189=ORIENTED_EDGE('',*,*,#7576,.F.);
#4190=ORIENTED_EDGE('',*,*,#7579,.F.);
#4191=ORIENTED_EDGE('',*,*,#7581,.F.);
#4192=ORIENTED_EDGE('',*,*,#7590,.F.);
#4193=ORIENTED_EDGE('',*,*,#7591,.F.);
#4194=ORIENTED_EDGE('',*,*,#7561,.T.);
#4195=ORIENTED_EDGE('',*,*,#7589,.T.);
#4196=ORIENTED_EDGE('',*,*,#7592,.T.);
#4197=ORIENTED_EDGE('',*,*,#7518,.T.);
#4198=ORIENTED_EDGE('',*,*,#7514,.T.);
#4199=ORIENTED_EDGE('',*,*,#7593,.T.);
#4200=ORIENTED_EDGE('',*,*,#7509,.T.);
#4201=ORIENTED_EDGE('',*,*,#7594,.T.);
#4202=ORIENTED_EDGE('',*,*,#7529,.T.);
#4203=ORIENTED_EDGE('',*,*,#7595,.T.);
#4204=ORIENTED_EDGE('',*,*,#7526,.T.);
#4205=ORIENTED_EDGE('',*,*,#7520,.T.);
#4206=ORIENTED_EDGE('',*,*,#7596,.T.);
#4207=ORIENTED_EDGE('',*,*,#7557,.T.);
#4208=ORIENTED_EDGE('',*,*,#7555,.T.);
#4209=ORIENTED_EDGE('',*,*,#7552,.T.);
#4210=ORIENTED_EDGE('',*,*,#7549,.T.);
#4211=ORIENTED_EDGE('',*,*,#7546,.T.);
#4212=ORIENTED_EDGE('',*,*,#7543,.T.);
#4213=ORIENTED_EDGE('',*,*,#7540,.T.);
#4214=ORIENTED_EDGE('',*,*,#7537,.T.);
#4215=ORIENTED_EDGE('',*,*,#7531,.T.);
#4216=ORIENTED_EDGE('',*,*,#7597,.T.);
#4217=ORIENTED_EDGE('',*,*,#7582,.T.);
#4218=ORIENTED_EDGE('',*,*,#7580,.T.);
#4219=ORIENTED_EDGE('',*,*,#7577,.T.);
#4220=ORIENTED_EDGE('',*,*,#7574,.T.);
#4221=ORIENTED_EDGE('',*,*,#7571,.T.);
#4222=ORIENTED_EDGE('',*,*,#7568,.T.);
#4223=ORIENTED_EDGE('',*,*,#7565,.T.);
#4224=ORIENTED_EDGE('',*,*,#7562,.T.);
#4225=ORIENTED_EDGE('',*,*,#7591,.T.);
#4226=ORIENTED_EDGE('',*,*,#7598,.T.);
#4227=ORIENTED_EDGE('',*,*,#7599,.F.);
#4228=ORIENTED_EDGE('',*,*,#7600,.T.);
#4229=ORIENTED_EDGE('',*,*,#7601,.T.);
#4230=ORIENTED_EDGE('',*,*,#7602,.T.);
#4231=ORIENTED_EDGE('',*,*,#7603,.T.);
#4232=ORIENTED_EDGE('',*,*,#7604,.F.);
#4233=ORIENTED_EDGE('',*,*,#7605,.T.);
#4234=ORIENTED_EDGE('',*,*,#7606,.T.);
#4235=ORIENTED_EDGE('',*,*,#7607,.T.);
#4236=ORIENTED_EDGE('',*,*,#7605,.F.);
#4237=ORIENTED_EDGE('',*,*,#7608,.F.);
#4238=ORIENTED_EDGE('',*,*,#7609,.F.);
#4239=ORIENTED_EDGE('',*,*,#7610,.F.);
#4240=ORIENTED_EDGE('',*,*,#7611,.T.);
#4241=ORIENTED_EDGE('',*,*,#7612,.T.);
#4242=ORIENTED_EDGE('',*,*,#7613,.T.);
#4243=ORIENTED_EDGE('',*,*,#7614,.T.);
#4244=ORIENTED_EDGE('',*,*,#7615,.T.);
#4245=ORIENTED_EDGE('',*,*,#7611,.F.);
#4246=ORIENTED_EDGE('',*,*,#7616,.F.);
#4247=ORIENTED_EDGE('',*,*,#7617,.T.);
#4248=ORIENTED_EDGE('',*,*,#7618,.F.);
#4249=ORIENTED_EDGE('',*,*,#7619,.F.);
#4250=ORIENTED_EDGE('',*,*,#7620,.F.);
#4251=ORIENTED_EDGE('',*,*,#7621,.F.);
#4252=ORIENTED_EDGE('',*,*,#7622,.T.);
#4253=ORIENTED_EDGE('',*,*,#7623,.T.);
#4254=ORIENTED_EDGE('',*,*,#7624,.T.);
#4255=ORIENTED_EDGE('',*,*,#7625,.T.);
#4256=ORIENTED_EDGE('',*,*,#7626,.T.);
#4257=ORIENTED_EDGE('',*,*,#7622,.F.);
#4258=ORIENTED_EDGE('',*,*,#7627,.F.);
#4259=ORIENTED_EDGE('',*,*,#7628,.T.);
#4260=ORIENTED_EDGE('',*,*,#7629,.T.);
#4261=ORIENTED_EDGE('',*,*,#7625,.F.);
#4262=ORIENTED_EDGE('',*,*,#7630,.F.);
#4263=ORIENTED_EDGE('',*,*,#7631,.T.);
#4264=ORIENTED_EDGE('',*,*,#7632,.T.);
#4265=ORIENTED_EDGE('',*,*,#7628,.F.);
#4266=ORIENTED_EDGE('',*,*,#7633,.F.);
#4267=ORIENTED_EDGE('',*,*,#7634,.T.);
#4268=ORIENTED_EDGE('',*,*,#7635,.T.);
#4269=ORIENTED_EDGE('',*,*,#7631,.F.);
#4270=ORIENTED_EDGE('',*,*,#7636,.F.);
#4271=ORIENTED_EDGE('',*,*,#7637,.T.);
#4272=ORIENTED_EDGE('',*,*,#7638,.T.);
#4273=ORIENTED_EDGE('',*,*,#7634,.F.);
#4274=ORIENTED_EDGE('',*,*,#7639,.F.);
#4275=ORIENTED_EDGE('',*,*,#7640,.T.);
#4276=ORIENTED_EDGE('',*,*,#7641,.T.);
#4277=ORIENTED_EDGE('',*,*,#7637,.F.);
#4278=ORIENTED_EDGE('',*,*,#7642,.F.);
#4279=ORIENTED_EDGE('',*,*,#7643,.T.);
#4280=ORIENTED_EDGE('',*,*,#7644,.T.);
#4281=ORIENTED_EDGE('',*,*,#7640,.F.);
#4282=ORIENTED_EDGE('',*,*,#7645,.F.);
#4283=ORIENTED_EDGE('',*,*,#7646,.T.);
#4284=ORIENTED_EDGE('',*,*,#7643,.F.);
#4285=ORIENTED_EDGE('',*,*,#7647,.F.);
#4286=ORIENTED_EDGE('',*,*,#7648,.F.);
#4287=ORIENTED_EDGE('',*,*,#7649,.T.);
#4288=ORIENTED_EDGE('',*,*,#7650,.T.);
#4289=ORIENTED_EDGE('',*,*,#7651,.F.);
#4290=ORIENTED_EDGE('',*,*,#7652,.F.);
#4291=ORIENTED_EDGE('',*,*,#7653,.T.);
#4292=ORIENTED_EDGE('',*,*,#7654,.T.);
#4293=ORIENTED_EDGE('',*,*,#7649,.F.);
#4294=ORIENTED_EDGE('',*,*,#7655,.F.);
#4295=ORIENTED_EDGE('',*,*,#7656,.T.);
#4296=ORIENTED_EDGE('',*,*,#7657,.T.);
#4297=ORIENTED_EDGE('',*,*,#7653,.F.);
#4298=ORIENTED_EDGE('',*,*,#7658,.F.);
#4299=ORIENTED_EDGE('',*,*,#7659,.T.);
#4300=ORIENTED_EDGE('',*,*,#7660,.T.);
#4301=ORIENTED_EDGE('',*,*,#7656,.F.);
#4302=ORIENTED_EDGE('',*,*,#7661,.F.);
#4303=ORIENTED_EDGE('',*,*,#7662,.T.);
#4304=ORIENTED_EDGE('',*,*,#7663,.T.);
#4305=ORIENTED_EDGE('',*,*,#7659,.F.);
#4306=ORIENTED_EDGE('',*,*,#7664,.F.);
#4307=ORIENTED_EDGE('',*,*,#7665,.T.);
#4308=ORIENTED_EDGE('',*,*,#7666,.T.);
#4309=ORIENTED_EDGE('',*,*,#7662,.F.);
#4310=ORIENTED_EDGE('',*,*,#7667,.F.);
#4311=ORIENTED_EDGE('',*,*,#7668,.T.);
#4312=ORIENTED_EDGE('',*,*,#7669,.T.);
#4313=ORIENTED_EDGE('',*,*,#7665,.F.);
#4314=ORIENTED_EDGE('',*,*,#7670,.F.);
#4315=ORIENTED_EDGE('',*,*,#7671,.T.);
#4316=ORIENTED_EDGE('',*,*,#7668,.F.);
#4317=ORIENTED_EDGE('',*,*,#7672,.F.);
#4318=ORIENTED_EDGE('',*,*,#7673,.F.);
#4319=ORIENTED_EDGE('',*,*,#7601,.F.);
#4320=ORIENTED_EDGE('',*,*,#7674,.F.);
#4321=ORIENTED_EDGE('',*,*,#7606,.F.);
#4322=ORIENTED_EDGE('',*,*,#7607,.F.);
#4323=ORIENTED_EDGE('',*,*,#7675,.T.);
#4324=ORIENTED_EDGE('',*,*,#7612,.F.);
#4325=ORIENTED_EDGE('',*,*,#7615,.F.);
#4326=ORIENTED_EDGE('',*,*,#7676,.F.);
#4327=ORIENTED_EDGE('',*,*,#7617,.F.);
#4328=ORIENTED_EDGE('',*,*,#7677,.T.);
#4329=ORIENTED_EDGE('',*,*,#7623,.F.);
#4330=ORIENTED_EDGE('',*,*,#7626,.F.);
#4331=ORIENTED_EDGE('',*,*,#7629,.F.);
#4332=ORIENTED_EDGE('',*,*,#7632,.F.);
#4333=ORIENTED_EDGE('',*,*,#7635,.F.);
#4334=ORIENTED_EDGE('',*,*,#7638,.F.);
#4335=ORIENTED_EDGE('',*,*,#7641,.F.);
#4336=ORIENTED_EDGE('',*,*,#7644,.F.);
#4337=ORIENTED_EDGE('',*,*,#7646,.F.);
#4338=ORIENTED_EDGE('',*,*,#7678,.F.);
#4339=ORIENTED_EDGE('',*,*,#7679,.F.);
#4340=ORIENTED_EDGE('',*,*,#7650,.F.);
#4341=ORIENTED_EDGE('',*,*,#7654,.F.);
#4342=ORIENTED_EDGE('',*,*,#7657,.F.);
#4343=ORIENTED_EDGE('',*,*,#7660,.F.);
#4344=ORIENTED_EDGE('',*,*,#7663,.F.);
#4345=ORIENTED_EDGE('',*,*,#7666,.F.);
#4346=ORIENTED_EDGE('',*,*,#7669,.F.);
#4347=ORIENTED_EDGE('',*,*,#7671,.F.);
#4348=ORIENTED_EDGE('',*,*,#7680,.F.);
#4349=ORIENTED_EDGE('',*,*,#7681,.F.);
#4350=ORIENTED_EDGE('',*,*,#7651,.T.);
#4351=ORIENTED_EDGE('',*,*,#7679,.T.);
#4352=ORIENTED_EDGE('',*,*,#7682,.T.);
#4353=ORIENTED_EDGE('',*,*,#7608,.T.);
#4354=ORIENTED_EDGE('',*,*,#7604,.T.);
#4355=ORIENTED_EDGE('',*,*,#7683,.T.);
#4356=ORIENTED_EDGE('',*,*,#7599,.T.);
#4357=ORIENTED_EDGE('',*,*,#7684,.T.);
#4358=ORIENTED_EDGE('',*,*,#7619,.T.);
#4359=ORIENTED_EDGE('',*,*,#7685,.T.);
#4360=ORIENTED_EDGE('',*,*,#7616,.T.);
#4361=ORIENTED_EDGE('',*,*,#7610,.T.);
#4362=ORIENTED_EDGE('',*,*,#7686,.T.);
#4363=ORIENTED_EDGE('',*,*,#7647,.T.);
#4364=ORIENTED_EDGE('',*,*,#7645,.T.);
#4365=ORIENTED_EDGE('',*,*,#7642,.T.);
#4366=ORIENTED_EDGE('',*,*,#7639,.T.);
#4367=ORIENTED_EDGE('',*,*,#7636,.T.);
#4368=ORIENTED_EDGE('',*,*,#7633,.T.);
#4369=ORIENTED_EDGE('',*,*,#7630,.T.);
#4370=ORIENTED_EDGE('',*,*,#7627,.T.);
#4371=ORIENTED_EDGE('',*,*,#7621,.T.);
#4372=ORIENTED_EDGE('',*,*,#7687,.T.);
#4373=ORIENTED_EDGE('',*,*,#7672,.T.);
#4374=ORIENTED_EDGE('',*,*,#7670,.T.);
#4375=ORIENTED_EDGE('',*,*,#7667,.T.);
#4376=ORIENTED_EDGE('',*,*,#7664,.T.);
#4377=ORIENTED_EDGE('',*,*,#7661,.T.);
#4378=ORIENTED_EDGE('',*,*,#7658,.T.);
#4379=ORIENTED_EDGE('',*,*,#7655,.T.);
#4380=ORIENTED_EDGE('',*,*,#7652,.T.);
#4381=ORIENTED_EDGE('',*,*,#7681,.T.);
#4382=ORIENTED_EDGE('',*,*,#7688,.T.);
#4383=ORIENTED_EDGE('',*,*,#7689,.F.);
#4384=ORIENTED_EDGE('',*,*,#7690,.T.);
#4385=ORIENTED_EDGE('',*,*,#7691,.T.);
#4386=ORIENTED_EDGE('',*,*,#7692,.T.);
#4387=ORIENTED_EDGE('',*,*,#7693,.T.);
#4388=ORIENTED_EDGE('',*,*,#7694,.F.);
#4389=ORIENTED_EDGE('',*,*,#7695,.T.);
#4390=ORIENTED_EDGE('',*,*,#7696,.T.);
#4391=ORIENTED_EDGE('',*,*,#7697,.T.);
#4392=ORIENTED_EDGE('',*,*,#7695,.F.);
#4393=ORIENTED_EDGE('',*,*,#7698,.F.);
#4394=ORIENTED_EDGE('',*,*,#7699,.F.);
#4395=ORIENTED_EDGE('',*,*,#7700,.F.);
#4396=ORIENTED_EDGE('',*,*,#7701,.T.);
#4397=ORIENTED_EDGE('',*,*,#7702,.T.);
#4398=ORIENTED_EDGE('',*,*,#7703,.T.);
#4399=ORIENTED_EDGE('',*,*,#7704,.T.);
#4400=ORIENTED_EDGE('',*,*,#7705,.T.);
#4401=ORIENTED_EDGE('',*,*,#7701,.F.);
#4402=ORIENTED_EDGE('',*,*,#7706,.F.);
#4403=ORIENTED_EDGE('',*,*,#7707,.T.);
#4404=ORIENTED_EDGE('',*,*,#7708,.F.);
#4405=ORIENTED_EDGE('',*,*,#7709,.F.);
#4406=ORIENTED_EDGE('',*,*,#7710,.F.);
#4407=ORIENTED_EDGE('',*,*,#7711,.F.);
#4408=ORIENTED_EDGE('',*,*,#7712,.T.);
#4409=ORIENTED_EDGE('',*,*,#7713,.T.);
#4410=ORIENTED_EDGE('',*,*,#7714,.T.);
#4411=ORIENTED_EDGE('',*,*,#7715,.T.);
#4412=ORIENTED_EDGE('',*,*,#7716,.T.);
#4413=ORIENTED_EDGE('',*,*,#7712,.F.);
#4414=ORIENTED_EDGE('',*,*,#7717,.F.);
#4415=ORIENTED_EDGE('',*,*,#7718,.T.);
#4416=ORIENTED_EDGE('',*,*,#7719,.T.);
#4417=ORIENTED_EDGE('',*,*,#7715,.F.);
#4418=ORIENTED_EDGE('',*,*,#7720,.F.);
#4419=ORIENTED_EDGE('',*,*,#7721,.T.);
#4420=ORIENTED_EDGE('',*,*,#7722,.T.);
#4421=ORIENTED_EDGE('',*,*,#7718,.F.);
#4422=ORIENTED_EDGE('',*,*,#7723,.F.);
#4423=ORIENTED_EDGE('',*,*,#7724,.T.);
#4424=ORIENTED_EDGE('',*,*,#7725,.T.);
#4425=ORIENTED_EDGE('',*,*,#7721,.F.);
#4426=ORIENTED_EDGE('',*,*,#7726,.F.);
#4427=ORIENTED_EDGE('',*,*,#7727,.T.);
#4428=ORIENTED_EDGE('',*,*,#7728,.T.);
#4429=ORIENTED_EDGE('',*,*,#7724,.F.);
#4430=ORIENTED_EDGE('',*,*,#7729,.F.);
#4431=ORIENTED_EDGE('',*,*,#7730,.T.);
#4432=ORIENTED_EDGE('',*,*,#7731,.T.);
#4433=ORIENTED_EDGE('',*,*,#7727,.F.);
#4434=ORIENTED_EDGE('',*,*,#7732,.F.);
#4435=ORIENTED_EDGE('',*,*,#7733,.T.);
#4436=ORIENTED_EDGE('',*,*,#7734,.T.);
#4437=ORIENTED_EDGE('',*,*,#7730,.F.);
#4438=ORIENTED_EDGE('',*,*,#7735,.F.);
#4439=ORIENTED_EDGE('',*,*,#7736,.T.);
#4440=ORIENTED_EDGE('',*,*,#7733,.F.);
#4441=ORIENTED_EDGE('',*,*,#7737,.F.);
#4442=ORIENTED_EDGE('',*,*,#7738,.F.);
#4443=ORIENTED_EDGE('',*,*,#7739,.T.);
#4444=ORIENTED_EDGE('',*,*,#7740,.T.);
#4445=ORIENTED_EDGE('',*,*,#7741,.F.);
#4446=ORIENTED_EDGE('',*,*,#7742,.F.);
#4447=ORIENTED_EDGE('',*,*,#7743,.T.);
#4448=ORIENTED_EDGE('',*,*,#7744,.T.);
#4449=ORIENTED_EDGE('',*,*,#7739,.F.);
#4450=ORIENTED_EDGE('',*,*,#7745,.F.);
#4451=ORIENTED_EDGE('',*,*,#7746,.T.);
#4452=ORIENTED_EDGE('',*,*,#7747,.T.);
#4453=ORIENTED_EDGE('',*,*,#7743,.F.);
#4454=ORIENTED_EDGE('',*,*,#7748,.F.);
#4455=ORIENTED_EDGE('',*,*,#7749,.T.);
#4456=ORIENTED_EDGE('',*,*,#7750,.T.);
#4457=ORIENTED_EDGE('',*,*,#7746,.F.);
#4458=ORIENTED_EDGE('',*,*,#7751,.F.);
#4459=ORIENTED_EDGE('',*,*,#7752,.T.);
#4460=ORIENTED_EDGE('',*,*,#7753,.T.);
#4461=ORIENTED_EDGE('',*,*,#7749,.F.);
#4462=ORIENTED_EDGE('',*,*,#7754,.F.);
#4463=ORIENTED_EDGE('',*,*,#7755,.T.);
#4464=ORIENTED_EDGE('',*,*,#7756,.T.);
#4465=ORIENTED_EDGE('',*,*,#7752,.F.);
#4466=ORIENTED_EDGE('',*,*,#7757,.F.);
#4467=ORIENTED_EDGE('',*,*,#7758,.T.);
#4468=ORIENTED_EDGE('',*,*,#7759,.T.);
#4469=ORIENTED_EDGE('',*,*,#7755,.F.);
#4470=ORIENTED_EDGE('',*,*,#7760,.F.);
#4471=ORIENTED_EDGE('',*,*,#7761,.T.);
#4472=ORIENTED_EDGE('',*,*,#7758,.F.);
#4473=ORIENTED_EDGE('',*,*,#7762,.F.);
#4474=ORIENTED_EDGE('',*,*,#7763,.F.);
#4475=ORIENTED_EDGE('',*,*,#7691,.F.);
#4476=ORIENTED_EDGE('',*,*,#7764,.F.);
#4477=ORIENTED_EDGE('',*,*,#7696,.F.);
#4478=ORIENTED_EDGE('',*,*,#7697,.F.);
#4479=ORIENTED_EDGE('',*,*,#7765,.T.);
#4480=ORIENTED_EDGE('',*,*,#7702,.F.);
#4481=ORIENTED_EDGE('',*,*,#7705,.F.);
#4482=ORIENTED_EDGE('',*,*,#7766,.F.);
#4483=ORIENTED_EDGE('',*,*,#7707,.F.);
#4484=ORIENTED_EDGE('',*,*,#7767,.T.);
#4485=ORIENTED_EDGE('',*,*,#7713,.F.);
#4486=ORIENTED_EDGE('',*,*,#7716,.F.);
#4487=ORIENTED_EDGE('',*,*,#7719,.F.);
#4488=ORIENTED_EDGE('',*,*,#7722,.F.);
#4489=ORIENTED_EDGE('',*,*,#7725,.F.);
#4490=ORIENTED_EDGE('',*,*,#7728,.F.);
#4491=ORIENTED_EDGE('',*,*,#7731,.F.);
#4492=ORIENTED_EDGE('',*,*,#7734,.F.);
#4493=ORIENTED_EDGE('',*,*,#7736,.F.);
#4494=ORIENTED_EDGE('',*,*,#7768,.F.);
#4495=ORIENTED_EDGE('',*,*,#7769,.F.);
#4496=ORIENTED_EDGE('',*,*,#7740,.F.);
#4497=ORIENTED_EDGE('',*,*,#7744,.F.);
#4498=ORIENTED_EDGE('',*,*,#7747,.F.);
#4499=ORIENTED_EDGE('',*,*,#7750,.F.);
#4500=ORIENTED_EDGE('',*,*,#7753,.F.);
#4501=ORIENTED_EDGE('',*,*,#7756,.F.);
#4502=ORIENTED_EDGE('',*,*,#7759,.F.);
#4503=ORIENTED_EDGE('',*,*,#7761,.F.);
#4504=ORIENTED_EDGE('',*,*,#7770,.F.);
#4505=ORIENTED_EDGE('',*,*,#7771,.F.);
#4506=ORIENTED_EDGE('',*,*,#7741,.T.);
#4507=ORIENTED_EDGE('',*,*,#7769,.T.);
#4508=ORIENTED_EDGE('',*,*,#7772,.T.);
#4509=ORIENTED_EDGE('',*,*,#7698,.T.);
#4510=ORIENTED_EDGE('',*,*,#7694,.T.);
#4511=ORIENTED_EDGE('',*,*,#7773,.T.);
#4512=ORIENTED_EDGE('',*,*,#7689,.T.);
#4513=ORIENTED_EDGE('',*,*,#7774,.T.);
#4514=ORIENTED_EDGE('',*,*,#7709,.T.);
#4515=ORIENTED_EDGE('',*,*,#7775,.T.);
#4516=ORIENTED_EDGE('',*,*,#7706,.T.);
#4517=ORIENTED_EDGE('',*,*,#7700,.T.);
#4518=ORIENTED_EDGE('',*,*,#7776,.T.);
#4519=ORIENTED_EDGE('',*,*,#7737,.T.);
#4520=ORIENTED_EDGE('',*,*,#7735,.T.);
#4521=ORIENTED_EDGE('',*,*,#7732,.T.);
#4522=ORIENTED_EDGE('',*,*,#7729,.T.);
#4523=ORIENTED_EDGE('',*,*,#7726,.T.);
#4524=ORIENTED_EDGE('',*,*,#7723,.T.);
#4525=ORIENTED_EDGE('',*,*,#7720,.T.);
#4526=ORIENTED_EDGE('',*,*,#7717,.T.);
#4527=ORIENTED_EDGE('',*,*,#7711,.T.);
#4528=ORIENTED_EDGE('',*,*,#7777,.T.);
#4529=ORIENTED_EDGE('',*,*,#7762,.T.);
#4530=ORIENTED_EDGE('',*,*,#7760,.T.);
#4531=ORIENTED_EDGE('',*,*,#7757,.T.);
#4532=ORIENTED_EDGE('',*,*,#7754,.T.);
#4533=ORIENTED_EDGE('',*,*,#7751,.T.);
#4534=ORIENTED_EDGE('',*,*,#7748,.T.);
#4535=ORIENTED_EDGE('',*,*,#7745,.T.);
#4536=ORIENTED_EDGE('',*,*,#7742,.T.);
#4537=ORIENTED_EDGE('',*,*,#7771,.T.);
#4538=ORIENTED_EDGE('',*,*,#7778,.T.);
#4539=ORIENTED_EDGE('',*,*,#7779,.F.);
#4540=ORIENTED_EDGE('',*,*,#7780,.T.);
#4541=ORIENTED_EDGE('',*,*,#7781,.T.);
#4542=ORIENTED_EDGE('',*,*,#7782,.T.);
#4543=ORIENTED_EDGE('',*,*,#7783,.T.);
#4544=ORIENTED_EDGE('',*,*,#7784,.F.);
#4545=ORIENTED_EDGE('',*,*,#7785,.T.);
#4546=ORIENTED_EDGE('',*,*,#7786,.T.);
#4547=ORIENTED_EDGE('',*,*,#7787,.T.);
#4548=ORIENTED_EDGE('',*,*,#7785,.F.);
#4549=ORIENTED_EDGE('',*,*,#7788,.F.);
#4550=ORIENTED_EDGE('',*,*,#7789,.F.);
#4551=ORIENTED_EDGE('',*,*,#7790,.F.);
#4552=ORIENTED_EDGE('',*,*,#7791,.T.);
#4553=ORIENTED_EDGE('',*,*,#7792,.T.);
#4554=ORIENTED_EDGE('',*,*,#7793,.T.);
#4555=ORIENTED_EDGE('',*,*,#7794,.T.);
#4556=ORIENTED_EDGE('',*,*,#7795,.T.);
#4557=ORIENTED_EDGE('',*,*,#7791,.F.);
#4558=ORIENTED_EDGE('',*,*,#7796,.F.);
#4559=ORIENTED_EDGE('',*,*,#7797,.T.);
#4560=ORIENTED_EDGE('',*,*,#7798,.F.);
#4561=ORIENTED_EDGE('',*,*,#7799,.F.);
#4562=ORIENTED_EDGE('',*,*,#7800,.F.);
#4563=ORIENTED_EDGE('',*,*,#7801,.F.);
#4564=ORIENTED_EDGE('',*,*,#7802,.T.);
#4565=ORIENTED_EDGE('',*,*,#7803,.T.);
#4566=ORIENTED_EDGE('',*,*,#7804,.T.);
#4567=ORIENTED_EDGE('',*,*,#7805,.T.);
#4568=ORIENTED_EDGE('',*,*,#7806,.T.);
#4569=ORIENTED_EDGE('',*,*,#7802,.F.);
#4570=ORIENTED_EDGE('',*,*,#7807,.F.);
#4571=ORIENTED_EDGE('',*,*,#7808,.T.);
#4572=ORIENTED_EDGE('',*,*,#7809,.T.);
#4573=ORIENTED_EDGE('',*,*,#7805,.F.);
#4574=ORIENTED_EDGE('',*,*,#7810,.F.);
#4575=ORIENTED_EDGE('',*,*,#7811,.T.);
#4576=ORIENTED_EDGE('',*,*,#7812,.T.);
#4577=ORIENTED_EDGE('',*,*,#7808,.F.);
#4578=ORIENTED_EDGE('',*,*,#7813,.F.);
#4579=ORIENTED_EDGE('',*,*,#7814,.T.);
#4580=ORIENTED_EDGE('',*,*,#7815,.T.);
#4581=ORIENTED_EDGE('',*,*,#7811,.F.);
#4582=ORIENTED_EDGE('',*,*,#7816,.F.);
#4583=ORIENTED_EDGE('',*,*,#7817,.T.);
#4584=ORIENTED_EDGE('',*,*,#7818,.T.);
#4585=ORIENTED_EDGE('',*,*,#7814,.F.);
#4586=ORIENTED_EDGE('',*,*,#7819,.F.);
#4587=ORIENTED_EDGE('',*,*,#7820,.T.);
#4588=ORIENTED_EDGE('',*,*,#7821,.T.);
#4589=ORIENTED_EDGE('',*,*,#7817,.F.);
#4590=ORIENTED_EDGE('',*,*,#7822,.F.);
#4591=ORIENTED_EDGE('',*,*,#7823,.T.);
#4592=ORIENTED_EDGE('',*,*,#7824,.T.);
#4593=ORIENTED_EDGE('',*,*,#7820,.F.);
#4594=ORIENTED_EDGE('',*,*,#7825,.F.);
#4595=ORIENTED_EDGE('',*,*,#7826,.T.);
#4596=ORIENTED_EDGE('',*,*,#7823,.F.);
#4597=ORIENTED_EDGE('',*,*,#7827,.F.);
#4598=ORIENTED_EDGE('',*,*,#7828,.F.);
#4599=ORIENTED_EDGE('',*,*,#7781,.F.);
#4600=ORIENTED_EDGE('',*,*,#7829,.F.);
#4601=ORIENTED_EDGE('',*,*,#7786,.F.);
#4602=ORIENTED_EDGE('',*,*,#7787,.F.);
#4603=ORIENTED_EDGE('',*,*,#7830,.T.);
#4604=ORIENTED_EDGE('',*,*,#7792,.F.);
#4605=ORIENTED_EDGE('',*,*,#7795,.F.);
#4606=ORIENTED_EDGE('',*,*,#7831,.F.);
#4607=ORIENTED_EDGE('',*,*,#7797,.F.);
#4608=ORIENTED_EDGE('',*,*,#7832,.T.);
#4609=ORIENTED_EDGE('',*,*,#7803,.F.);
#4610=ORIENTED_EDGE('',*,*,#7806,.F.);
#4611=ORIENTED_EDGE('',*,*,#7809,.F.);
#4612=ORIENTED_EDGE('',*,*,#7812,.F.);
#4613=ORIENTED_EDGE('',*,*,#7815,.F.);
#4614=ORIENTED_EDGE('',*,*,#7818,.F.);
#4615=ORIENTED_EDGE('',*,*,#7821,.F.);
#4616=ORIENTED_EDGE('',*,*,#7824,.F.);
#4617=ORIENTED_EDGE('',*,*,#7826,.F.);
#4618=ORIENTED_EDGE('',*,*,#7833,.F.);
#4619=ORIENTED_EDGE('',*,*,#7834,.F.);
#4620=ORIENTED_EDGE('',*,*,#7835,.F.);
#4621=ORIENTED_EDGE('',*,*,#7836,.F.);
#4622=ORIENTED_EDGE('',*,*,#7837,.F.);
#4623=ORIENTED_EDGE('',*,*,#7838,.F.);
#4624=ORIENTED_EDGE('',*,*,#7839,.F.);
#4625=ORIENTED_EDGE('',*,*,#7840,.F.);
#4626=ORIENTED_EDGE('',*,*,#7841,.F.);
#4627=ORIENTED_EDGE('',*,*,#7842,.F.);
#4628=ORIENTED_EDGE('',*,*,#7843,.F.);
#4629=ORIENTED_EDGE('',*,*,#7844,.F.);
#4630=ORIENTED_EDGE('',*,*,#7845,.T.);
#4631=ORIENTED_EDGE('',*,*,#7834,.T.);
#4632=ORIENTED_EDGE('',*,*,#7846,.T.);
#4633=ORIENTED_EDGE('',*,*,#7847,.T.);
#4634=ORIENTED_EDGE('',*,*,#7835,.T.);
#4635=ORIENTED_EDGE('',*,*,#7845,.F.);
#4636=ORIENTED_EDGE('',*,*,#7848,.F.);
#4637=ORIENTED_EDGE('',*,*,#7849,.T.);
#4638=ORIENTED_EDGE('',*,*,#7836,.T.);
#4639=ORIENTED_EDGE('',*,*,#7847,.F.);
#4640=ORIENTED_EDGE('',*,*,#7850,.F.);
#4641=ORIENTED_EDGE('',*,*,#7851,.T.);
#4642=ORIENTED_EDGE('',*,*,#7837,.T.);
#4643=ORIENTED_EDGE('',*,*,#7849,.F.);
#4644=ORIENTED_EDGE('',*,*,#7852,.F.);
#4645=ORIENTED_EDGE('',*,*,#7853,.T.);
#4646=ORIENTED_EDGE('',*,*,#7838,.T.);
#4647=ORIENTED_EDGE('',*,*,#7851,.F.);
#4648=ORIENTED_EDGE('',*,*,#7854,.F.);
#4649=ORIENTED_EDGE('',*,*,#7855,.T.);
#4650=ORIENTED_EDGE('',*,*,#7839,.T.);
#4651=ORIENTED_EDGE('',*,*,#7853,.F.);
#4652=ORIENTED_EDGE('',*,*,#7856,.F.);
#4653=ORIENTED_EDGE('',*,*,#7857,.T.);
#4654=ORIENTED_EDGE('',*,*,#7840,.T.);
#4655=ORIENTED_EDGE('',*,*,#7855,.F.);
#4656=ORIENTED_EDGE('',*,*,#7858,.F.);
#4657=ORIENTED_EDGE('',*,*,#7859,.T.);
#4658=ORIENTED_EDGE('',*,*,#7841,.T.);
#4659=ORIENTED_EDGE('',*,*,#7857,.F.);
#4660=ORIENTED_EDGE('',*,*,#7860,.F.);
#4661=ORIENTED_EDGE('',*,*,#7842,.T.);
#4662=ORIENTED_EDGE('',*,*,#7859,.F.);
#4663=ORIENTED_EDGE('',*,*,#7861,.F.);
#4664=ORIENTED_EDGE('',*,*,#7862,.F.);
#4665=ORIENTED_EDGE('',*,*,#7863,.T.);
#4666=ORIENTED_EDGE('',*,*,#7864,.T.);
#4667=ORIENTED_EDGE('',*,*,#7865,.T.);
#4668=ORIENTED_EDGE('',*,*,#7866,.F.);
#4669=ORIENTED_EDGE('',*,*,#7867,.T.);
#4670=ORIENTED_EDGE('',*,*,#7868,.T.);
#4671=ORIENTED_EDGE('',*,*,#7863,.F.);
#4672=ORIENTED_EDGE('',*,*,#7869,.F.);
#4673=ORIENTED_EDGE('',*,*,#7870,.T.);
#4674=ORIENTED_EDGE('',*,*,#7871,.T.);
#4675=ORIENTED_EDGE('',*,*,#7867,.F.);
#4676=ORIENTED_EDGE('',*,*,#7872,.F.);
#4677=ORIENTED_EDGE('',*,*,#7873,.T.);
#4678=ORIENTED_EDGE('',*,*,#7874,.T.);
#4679=ORIENTED_EDGE('',*,*,#7870,.F.);
#4680=ORIENTED_EDGE('',*,*,#7875,.F.);
#4681=ORIENTED_EDGE('',*,*,#7876,.T.);
#4682=ORIENTED_EDGE('',*,*,#7877,.T.);
#4683=ORIENTED_EDGE('',*,*,#7873,.F.);
#4684=ORIENTED_EDGE('',*,*,#7878,.F.);
#4685=ORIENTED_EDGE('',*,*,#7879,.T.);
#4686=ORIENTED_EDGE('',*,*,#7880,.T.);
#4687=ORIENTED_EDGE('',*,*,#7876,.F.);
#4688=ORIENTED_EDGE('',*,*,#7881,.F.);
#4689=ORIENTED_EDGE('',*,*,#7882,.T.);
#4690=ORIENTED_EDGE('',*,*,#7883,.T.);
#4691=ORIENTED_EDGE('',*,*,#7879,.F.);
#4692=ORIENTED_EDGE('',*,*,#7884,.F.);
#4693=ORIENTED_EDGE('',*,*,#7885,.T.);
#4694=ORIENTED_EDGE('',*,*,#7886,.T.);
#4695=ORIENTED_EDGE('',*,*,#7882,.F.);
#4696=ORIENTED_EDGE('',*,*,#7887,.F.);
#4697=ORIENTED_EDGE('',*,*,#7888,.T.);
#4698=ORIENTED_EDGE('',*,*,#7885,.F.);
#4699=ORIENTED_EDGE('',*,*,#7889,.F.);
#4700=ORIENTED_EDGE('',*,*,#7890,.F.);
#4701=ORIENTED_EDGE('',*,*,#7891,.F.);
#4702=ORIENTED_EDGE('',*,*,#7892,.T.);
#4703=ORIENTED_EDGE('',*,*,#7893,.T.);
#4704=ORIENTED_EDGE('',*,*,#7894,.T.);
#4705=ORIENTED_EDGE('',*,*,#7895,.T.);
#4706=ORIENTED_EDGE('',*,*,#7896,.T.);
#4707=ORIENTED_EDGE('',*,*,#7892,.F.);
#4708=ORIENTED_EDGE('',*,*,#7897,.F.);
#4709=ORIENTED_EDGE('',*,*,#7898,.T.);
#4710=ORIENTED_EDGE('',*,*,#7899,.T.);
#4711=ORIENTED_EDGE('',*,*,#7895,.F.);
#4712=ORIENTED_EDGE('',*,*,#7900,.F.);
#4713=ORIENTED_EDGE('',*,*,#7901,.T.);
#4714=ORIENTED_EDGE('',*,*,#7902,.T.);
#4715=ORIENTED_EDGE('',*,*,#7898,.F.);
#4716=ORIENTED_EDGE('',*,*,#7903,.F.);
#4717=ORIENTED_EDGE('',*,*,#7904,.T.);
#4718=ORIENTED_EDGE('',*,*,#7905,.T.);
#4719=ORIENTED_EDGE('',*,*,#7901,.F.);
#4720=ORIENTED_EDGE('',*,*,#7906,.F.);
#4721=ORIENTED_EDGE('',*,*,#7907,.T.);
#4722=ORIENTED_EDGE('',*,*,#7908,.T.);
#4723=ORIENTED_EDGE('',*,*,#7904,.F.);
#4724=ORIENTED_EDGE('',*,*,#7909,.F.);
#4725=ORIENTED_EDGE('',*,*,#7910,.T.);
#4726=ORIENTED_EDGE('',*,*,#7911,.T.);
#4727=ORIENTED_EDGE('',*,*,#7907,.F.);
#4728=ORIENTED_EDGE('',*,*,#7912,.F.);
#4729=ORIENTED_EDGE('',*,*,#7913,.T.);
#4730=ORIENTED_EDGE('',*,*,#7914,.T.);
#4731=ORIENTED_EDGE('',*,*,#7910,.F.);
#4732=ORIENTED_EDGE('',*,*,#7915,.F.);
#4733=ORIENTED_EDGE('',*,*,#7916,.T.);
#4734=ORIENTED_EDGE('',*,*,#7913,.F.);
#4735=ORIENTED_EDGE('',*,*,#7917,.F.);
#4736=ORIENTED_EDGE('',*,*,#7918,.F.);
#4737=ORIENTED_EDGE('',*,*,#7919,.T.);
#4738=ORIENTED_EDGE('',*,*,#7920,.F.);
#4739=ORIENTED_EDGE('',*,*,#7921,.F.);
#4740=ORIENTED_EDGE('',*,*,#7922,.T.);
#4741=ORIENTED_EDGE('',*,*,#7923,.T.);
#4742=ORIENTED_EDGE('',*,*,#7924,.F.);
#4743=ORIENTED_EDGE('',*,*,#7919,.F.);
#4744=ORIENTED_EDGE('',*,*,#7925,.T.);
#4745=ORIENTED_EDGE('',*,*,#7926,.T.);
#4746=ORIENTED_EDGE('',*,*,#7927,.F.);
#4747=ORIENTED_EDGE('',*,*,#7923,.F.);
#4748=ORIENTED_EDGE('',*,*,#7928,.T.);
#4749=ORIENTED_EDGE('',*,*,#7929,.T.);
#4750=ORIENTED_EDGE('',*,*,#7930,.F.);
#4751=ORIENTED_EDGE('',*,*,#7926,.F.);
#4752=ORIENTED_EDGE('',*,*,#7931,.T.);
#4753=ORIENTED_EDGE('',*,*,#7932,.T.);
#4754=ORIENTED_EDGE('',*,*,#7933,.F.);
#4755=ORIENTED_EDGE('',*,*,#7929,.F.);
#4756=ORIENTED_EDGE('',*,*,#7934,.T.);
#4757=ORIENTED_EDGE('',*,*,#7935,.T.);
#4758=ORIENTED_EDGE('',*,*,#7936,.F.);
#4759=ORIENTED_EDGE('',*,*,#7932,.F.);
#4760=ORIENTED_EDGE('',*,*,#7937,.T.);
#4761=ORIENTED_EDGE('',*,*,#7938,.T.);
#4762=ORIENTED_EDGE('',*,*,#7939,.F.);
#4763=ORIENTED_EDGE('',*,*,#7935,.F.);
#4764=ORIENTED_EDGE('',*,*,#7940,.T.);
#4765=ORIENTED_EDGE('',*,*,#7941,.T.);
#4766=ORIENTED_EDGE('',*,*,#7942,.F.);
#4767=ORIENTED_EDGE('',*,*,#7938,.F.);
#4768=ORIENTED_EDGE('',*,*,#7943,.T.);
#4769=ORIENTED_EDGE('',*,*,#7944,.T.);
#4770=ORIENTED_EDGE('',*,*,#7945,.F.);
#4771=ORIENTED_EDGE('',*,*,#7941,.F.);
#4772=ORIENTED_EDGE('',*,*,#7946,.T.);
#4773=ORIENTED_EDGE('',*,*,#7947,.T.);
#4774=ORIENTED_EDGE('',*,*,#7948,.F.);
#4775=ORIENTED_EDGE('',*,*,#7944,.F.);
#4776=ORIENTED_EDGE('',*,*,#7949,.T.);
#4777=ORIENTED_EDGE('',*,*,#7950,.T.);
#4778=ORIENTED_EDGE('',*,*,#7951,.F.);
#4779=ORIENTED_EDGE('',*,*,#7947,.F.);
#4780=ORIENTED_EDGE('',*,*,#7952,.T.);
#4781=ORIENTED_EDGE('',*,*,#7921,.T.);
#4782=ORIENTED_EDGE('',*,*,#7953,.F.);
#4783=ORIENTED_EDGE('',*,*,#7950,.F.);
#4784=ORIENTED_EDGE('',*,*,#7954,.T.);
#4785=ORIENTED_EDGE('',*,*,#7084,.T.);
#4786=ORIENTED_EDGE('',*,*,#7138,.F.);
#4787=ORIENTED_EDGE('',*,*,#7108,.F.);
#4788=ORIENTED_EDGE('',*,*,#7147,.T.);
#4789=ORIENTED_EDGE('',*,*,#7142,.T.);
#4790=ORIENTED_EDGE('',*,*,#7140,.F.);
#4791=ORIENTED_EDGE('',*,*,#7133,.F.);
#4792=ORIENTED_EDGE('',*,*,#7148,.T.);
#4793=ORIENTED_EDGE('',*,*,#7174,.F.);
#4794=ORIENTED_EDGE('',*,*,#7228,.T.);
#4795=ORIENTED_EDGE('',*,*,#7198,.T.);
#4796=ORIENTED_EDGE('',*,*,#7237,.F.);
#4797=ORIENTED_EDGE('',*,*,#7232,.F.);
#4798=ORIENTED_EDGE('',*,*,#7230,.T.);
#4799=ORIENTED_EDGE('',*,*,#7223,.T.);
#4800=ORIENTED_EDGE('',*,*,#7238,.F.);
#4801=ORIENTED_EDGE('',*,*,#7264,.F.);
#4802=ORIENTED_EDGE('',*,*,#7318,.T.);
#4803=ORIENTED_EDGE('',*,*,#7288,.T.);
#4804=ORIENTED_EDGE('',*,*,#7327,.F.);
#4805=ORIENTED_EDGE('',*,*,#7322,.F.);
#4806=ORIENTED_EDGE('',*,*,#7320,.T.);
#4807=ORIENTED_EDGE('',*,*,#7313,.T.);
#4808=ORIENTED_EDGE('',*,*,#7328,.F.);
#4809=ORIENTED_EDGE('',*,*,#7354,.F.);
#4810=ORIENTED_EDGE('',*,*,#7408,.T.);
#4811=ORIENTED_EDGE('',*,*,#7378,.T.);
#4812=ORIENTED_EDGE('',*,*,#7417,.F.);
#4813=ORIENTED_EDGE('',*,*,#7412,.F.);
#4814=ORIENTED_EDGE('',*,*,#7410,.T.);
#4815=ORIENTED_EDGE('',*,*,#7403,.T.);
#4816=ORIENTED_EDGE('',*,*,#7418,.F.);
#4817=ORIENTED_EDGE('',*,*,#7444,.F.);
#4818=ORIENTED_EDGE('',*,*,#7498,.T.);
#4819=ORIENTED_EDGE('',*,*,#7468,.T.);
#4820=ORIENTED_EDGE('',*,*,#7507,.F.);
#4821=ORIENTED_EDGE('',*,*,#7502,.F.);
#4822=ORIENTED_EDGE('',*,*,#7500,.T.);
#4823=ORIENTED_EDGE('',*,*,#7493,.T.);
#4824=ORIENTED_EDGE('',*,*,#7508,.F.);
#4825=ORIENTED_EDGE('',*,*,#7534,.F.);
#4826=ORIENTED_EDGE('',*,*,#7588,.T.);
#4827=ORIENTED_EDGE('',*,*,#7558,.T.);
#4828=ORIENTED_EDGE('',*,*,#7597,.F.);
#4829=ORIENTED_EDGE('',*,*,#7592,.F.);
#4830=ORIENTED_EDGE('',*,*,#7590,.T.);
#4831=ORIENTED_EDGE('',*,*,#7583,.T.);
#4832=ORIENTED_EDGE('',*,*,#7598,.F.);
#4833=ORIENTED_EDGE('',*,*,#7624,.F.);
#4834=ORIENTED_EDGE('',*,*,#7678,.T.);
#4835=ORIENTED_EDGE('',*,*,#7648,.T.);
#4836=ORIENTED_EDGE('',*,*,#7687,.F.);
#4837=ORIENTED_EDGE('',*,*,#7682,.F.);
#4838=ORIENTED_EDGE('',*,*,#7680,.T.);
#4839=ORIENTED_EDGE('',*,*,#7673,.T.);
#4840=ORIENTED_EDGE('',*,*,#7688,.F.);
#4841=ORIENTED_EDGE('',*,*,#7714,.F.);
#4842=ORIENTED_EDGE('',*,*,#7768,.T.);
#4843=ORIENTED_EDGE('',*,*,#7738,.T.);
#4844=ORIENTED_EDGE('',*,*,#7777,.F.);
#4845=ORIENTED_EDGE('',*,*,#7772,.F.);
#4846=ORIENTED_EDGE('',*,*,#7770,.T.);
#4847=ORIENTED_EDGE('',*,*,#7763,.T.);
#4848=ORIENTED_EDGE('',*,*,#7778,.F.);
#4849=ORIENTED_EDGE('',*,*,#7804,.F.);
#4850=ORIENTED_EDGE('',*,*,#7833,.T.);
#4851=ORIENTED_EDGE('',*,*,#7828,.T.);
#4852=ORIENTED_EDGE('',*,*,#7955,.F.);
#4853=ORIENTED_EDGE('',*,*,#7846,.F.);
#4854=ORIENTED_EDGE('',*,*,#7843,.T.);
#4855=ORIENTED_EDGE('',*,*,#7862,.T.);
#4856=ORIENTED_EDGE('',*,*,#7956,.F.);
#4857=ORIENTED_EDGE('',*,*,#7865,.F.);
#4858=ORIENTED_EDGE('',*,*,#7957,.T.);
#4859=ORIENTED_EDGE('',*,*,#7890,.T.);
#4860=ORIENTED_EDGE('',*,*,#7958,.F.);
#4861=ORIENTED_EDGE('',*,*,#7894,.F.);
#4862=ORIENTED_EDGE('',*,*,#7959,.T.);
#4863=ORIENTED_EDGE('',*,*,#7918,.T.);
#4864=ORIENTED_EDGE('',*,*,#7960,.F.);
#4865=ORIENTED_EDGE('',*,*,#7920,.T.);
#4866=ORIENTED_EDGE('',*,*,#7924,.T.);
#4867=ORIENTED_EDGE('',*,*,#7927,.T.);
#4868=ORIENTED_EDGE('',*,*,#7930,.T.);
#4869=ORIENTED_EDGE('',*,*,#7933,.T.);
#4870=ORIENTED_EDGE('',*,*,#7936,.T.);
#4871=ORIENTED_EDGE('',*,*,#7939,.T.);
#4872=ORIENTED_EDGE('',*,*,#7942,.T.);
#4873=ORIENTED_EDGE('',*,*,#7945,.T.);
#4874=ORIENTED_EDGE('',*,*,#7948,.T.);
#4875=ORIENTED_EDGE('',*,*,#7951,.T.);
#4876=ORIENTED_EDGE('',*,*,#7953,.T.);
#4877=ORIENTED_EDGE('',*,*,#7788,.T.);
#4878=ORIENTED_EDGE('',*,*,#7784,.T.);
#4879=ORIENTED_EDGE('',*,*,#7961,.T.);
#4880=ORIENTED_EDGE('',*,*,#7779,.T.);
#4881=ORIENTED_EDGE('',*,*,#7962,.T.);
#4882=ORIENTED_EDGE('',*,*,#7799,.T.);
#4883=ORIENTED_EDGE('',*,*,#7963,.T.);
#4884=ORIENTED_EDGE('',*,*,#7796,.T.);
#4885=ORIENTED_EDGE('',*,*,#7790,.T.);
#4886=ORIENTED_EDGE('',*,*,#7964,.T.);
#4887=ORIENTED_EDGE('',*,*,#7827,.T.);
#4888=ORIENTED_EDGE('',*,*,#7825,.T.);
#4889=ORIENTED_EDGE('',*,*,#7822,.T.);
#4890=ORIENTED_EDGE('',*,*,#7819,.T.);
#4891=ORIENTED_EDGE('',*,*,#7816,.T.);
#4892=ORIENTED_EDGE('',*,*,#7813,.T.);
#4893=ORIENTED_EDGE('',*,*,#7810,.T.);
#4894=ORIENTED_EDGE('',*,*,#7807,.T.);
#4895=ORIENTED_EDGE('',*,*,#7801,.T.);
#4896=ORIENTED_EDGE('',*,*,#7955,.T.);
#4897=ORIENTED_EDGE('',*,*,#7861,.T.);
#4898=ORIENTED_EDGE('',*,*,#7860,.T.);
#4899=ORIENTED_EDGE('',*,*,#7858,.T.);
#4900=ORIENTED_EDGE('',*,*,#7856,.T.);
#4901=ORIENTED_EDGE('',*,*,#7854,.T.);
#4902=ORIENTED_EDGE('',*,*,#7852,.T.);
#4903=ORIENTED_EDGE('',*,*,#7850,.T.);
#4904=ORIENTED_EDGE('',*,*,#7848,.T.);
#4905=ORIENTED_EDGE('',*,*,#7844,.T.);
#4906=ORIENTED_EDGE('',*,*,#7956,.T.);
#4907=ORIENTED_EDGE('',*,*,#7965,.F.);
#4908=ORIENTED_EDGE('',*,*,#7966,.T.);
#4909=ORIENTED_EDGE('',*,*,#7967,.T.);
#4910=ORIENTED_EDGE('',*,*,#7968,.T.);
#4911=ORIENTED_EDGE('',*,*,#7969,.T.);
#4912=ORIENTED_EDGE('',*,*,#7970,.F.);
#4913=ORIENTED_EDGE('',*,*,#7971,.T.);
#4914=ORIENTED_EDGE('',*,*,#7972,.T.);
#4915=ORIENTED_EDGE('',*,*,#7973,.T.);
#4916=ORIENTED_EDGE('',*,*,#7971,.F.);
#4917=ORIENTED_EDGE('',*,*,#7974,.F.);
#4918=ORIENTED_EDGE('',*,*,#7975,.F.);
#4919=ORIENTED_EDGE('',*,*,#7976,.T.);
#4920=ORIENTED_EDGE('',*,*,#6793,.F.);
#4921=ORIENTED_EDGE('',*,*,#7977,.T.);
#4922=ORIENTED_EDGE('',*,*,#6788,.T.);
#4923=ORIENTED_EDGE('',*,*,#7968,.F.);
#4924=ORIENTED_EDGE('',*,*,#7978,.F.);
#4925=ORIENTED_EDGE('',*,*,#7975,.T.);
#4926=ORIENTED_EDGE('',*,*,#7979,.F.);
#4927=ORIENTED_EDGE('',*,*,#7062,.T.);
#4928=ORIENTED_EDGE('',*,*,#7135,.F.);
#4929=ORIENTED_EDGE('',*,*,#7069,.F.);
#4930=ORIENTED_EDGE('',*,*,#7144,.F.);
#4931=ORIENTED_EDGE('',*,*,#7152,.F.);
#4932=ORIENTED_EDGE('',*,*,#7225,.F.);
#4933=ORIENTED_EDGE('',*,*,#7159,.T.);
#4934=ORIENTED_EDGE('',*,*,#7234,.F.);
#4935=ORIENTED_EDGE('',*,*,#7242,.F.);
#4936=ORIENTED_EDGE('',*,*,#7315,.F.);
#4937=ORIENTED_EDGE('',*,*,#7249,.T.);
#4938=ORIENTED_EDGE('',*,*,#7324,.F.);
#4939=ORIENTED_EDGE('',*,*,#7332,.F.);
#4940=ORIENTED_EDGE('',*,*,#7405,.F.);
#4941=ORIENTED_EDGE('',*,*,#7339,.T.);
#4942=ORIENTED_EDGE('',*,*,#7414,.F.);
#4943=ORIENTED_EDGE('',*,*,#7422,.F.);
#4944=ORIENTED_EDGE('',*,*,#7495,.F.);
#4945=ORIENTED_EDGE('',*,*,#7429,.T.);
#4946=ORIENTED_EDGE('',*,*,#7504,.F.);
#4947=ORIENTED_EDGE('',*,*,#7512,.F.);
#4948=ORIENTED_EDGE('',*,*,#7585,.F.);
#4949=ORIENTED_EDGE('',*,*,#7519,.T.);
#4950=ORIENTED_EDGE('',*,*,#7594,.F.);
#4951=ORIENTED_EDGE('',*,*,#7602,.F.);
#4952=ORIENTED_EDGE('',*,*,#7675,.F.);
#4953=ORIENTED_EDGE('',*,*,#7609,.T.);
#4954=ORIENTED_EDGE('',*,*,#7684,.F.);
#4955=ORIENTED_EDGE('',*,*,#7692,.F.);
#4956=ORIENTED_EDGE('',*,*,#7765,.F.);
#4957=ORIENTED_EDGE('',*,*,#7699,.T.);
#4958=ORIENTED_EDGE('',*,*,#7774,.F.);
#4959=ORIENTED_EDGE('',*,*,#7782,.F.);
#4960=ORIENTED_EDGE('',*,*,#7830,.F.);
#4961=ORIENTED_EDGE('',*,*,#7789,.T.);
#4962=ORIENTED_EDGE('',*,*,#7962,.F.);
#4963=ORIENTED_EDGE('',*,*,#7980,.T.);
#4964=ORIENTED_EDGE('',*,*,#7981,.T.);
#4965=ORIENTED_EDGE('',*,*,#7982,.F.);
#4966=ORIENTED_EDGE('',*,*,#7983,.F.);
#4967=ORIENTED_EDGE('',*,*,#7984,.T.);
#4968=ORIENTED_EDGE('',*,*,#7985,.F.);
#4969=ORIENTED_EDGE('',*,*,#7986,.F.);
#4970=ORIENTED_EDGE('',*,*,#7987,.F.);
#4971=ORIENTED_EDGE('',*,*,#7893,.F.);
#4972=ORIENTED_EDGE('',*,*,#7896,.F.);
#4973=ORIENTED_EDGE('',*,*,#7899,.F.);
#4974=ORIENTED_EDGE('',*,*,#7902,.F.);
#4975=ORIENTED_EDGE('',*,*,#7905,.F.);
#4976=ORIENTED_EDGE('',*,*,#7908,.F.);
#4977=ORIENTED_EDGE('',*,*,#7911,.F.);
#4978=ORIENTED_EDGE('',*,*,#7914,.F.);
#4979=ORIENTED_EDGE('',*,*,#7916,.F.);
#4980=ORIENTED_EDGE('',*,*,#7959,.F.);
#4981=ORIENTED_EDGE('',*,*,#7868,.F.);
#4982=ORIENTED_EDGE('',*,*,#7871,.F.);
#4983=ORIENTED_EDGE('',*,*,#7874,.F.);
#4984=ORIENTED_EDGE('',*,*,#7877,.F.);
#4985=ORIENTED_EDGE('',*,*,#7880,.F.);
#4986=ORIENTED_EDGE('',*,*,#7883,.F.);
#4987=ORIENTED_EDGE('',*,*,#7886,.F.);
#4988=ORIENTED_EDGE('',*,*,#7888,.F.);
#4989=ORIENTED_EDGE('',*,*,#7957,.F.);
#4990=ORIENTED_EDGE('',*,*,#7864,.F.);
#4991=ORIENTED_EDGE('',*,*,#7967,.F.);
#4992=ORIENTED_EDGE('',*,*,#7988,.F.);
#4993=ORIENTED_EDGE('',*,*,#7972,.F.);
#4994=ORIENTED_EDGE('',*,*,#7973,.F.);
#4995=ORIENTED_EDGE('',*,*,#7978,.T.);
#4996=ORIENTED_EDGE('',*,*,#7989,.F.);
#4997=ORIENTED_EDGE('',*,*,#7981,.F.);
#4998=ORIENTED_EDGE('',*,*,#7990,.F.);
#4999=ORIENTED_EDGE('',*,*,#7984,.F.);
#5000=ORIENTED_EDGE('',*,*,#7991,.T.);
#5001=ORIENTED_EDGE('',*,*,#7992,.F.);
#5002=ORIENTED_EDGE('',*,*,#7982,.T.);
#5003=ORIENTED_EDGE('',*,*,#7989,.T.);
#5004=ORIENTED_EDGE('',*,*,#7993,.T.);
#5005=ORIENTED_EDGE('',*,*,#7917,.T.);
#5006=ORIENTED_EDGE('',*,*,#7915,.T.);
#5007=ORIENTED_EDGE('',*,*,#7912,.T.);
#5008=ORIENTED_EDGE('',*,*,#7909,.T.);
#5009=ORIENTED_EDGE('',*,*,#7906,.T.);
#5010=ORIENTED_EDGE('',*,*,#7903,.T.);
#5011=ORIENTED_EDGE('',*,*,#7900,.T.);
#5012=ORIENTED_EDGE('',*,*,#7897,.T.);
#5013=ORIENTED_EDGE('',*,*,#7891,.T.);
#5014=ORIENTED_EDGE('',*,*,#7960,.T.);
#5015=ORIENTED_EDGE('',*,*,#7958,.T.);
#5016=ORIENTED_EDGE('',*,*,#7889,.T.);
#5017=ORIENTED_EDGE('',*,*,#7887,.T.);
#5018=ORIENTED_EDGE('',*,*,#7884,.T.);
#5019=ORIENTED_EDGE('',*,*,#7881,.T.);
#5020=ORIENTED_EDGE('',*,*,#7878,.T.);
#5021=ORIENTED_EDGE('',*,*,#7875,.T.);
#5022=ORIENTED_EDGE('',*,*,#7872,.T.);
#5023=ORIENTED_EDGE('',*,*,#7869,.T.);
#5024=ORIENTED_EDGE('',*,*,#7866,.T.);
#5025=ORIENTED_EDGE('',*,*,#7974,.T.);
#5026=ORIENTED_EDGE('',*,*,#7970,.T.);
#5027=ORIENTED_EDGE('',*,*,#7994,.T.);
#5028=ORIENTED_EDGE('',*,*,#7965,.T.);
#5029=ORIENTED_EDGE('',*,*,#7979,.T.);
#5030=ORIENTED_EDGE('',*,*,#7986,.T.);
#5031=ORIENTED_EDGE('',*,*,#7995,.T.);
#5032=ORIENTED_EDGE('',*,*,#7983,.T.);
#5033=ORIENTED_EDGE('',*,*,#7992,.T.);
#5034=ORIENTED_EDGE('',*,*,#7996,.T.);
#5035=ORIENTED_EDGE('',*,*,#7997,.T.);
#5036=ORIENTED_EDGE('',*,*,#6783,.F.);
#5037=ORIENTED_EDGE('',*,*,#7998,.T.);
#5038=ORIENTED_EDGE('',*,*,#6798,.T.);
#5039=ORIENTED_EDGE('',*,*,#7993,.F.);
#5040=ORIENTED_EDGE('',*,*,#7991,.F.);
#5041=ORIENTED_EDGE('',*,*,#7987,.T.);
#5042=ORIENTED_EDGE('',*,*,#7996,.F.);
#5043=ORIENTED_EDGE('',*,*,#7073,.T.);
#5044=ORIENTED_EDGE('',*,*,#7137,.F.);
#5045=ORIENTED_EDGE('',*,*,#7080,.F.);
#5046=ORIENTED_EDGE('',*,*,#7146,.F.);
#5047=ORIENTED_EDGE('',*,*,#7163,.F.);
#5048=ORIENTED_EDGE('',*,*,#7227,.F.);
#5049=ORIENTED_EDGE('',*,*,#7170,.T.);
#5050=ORIENTED_EDGE('',*,*,#7236,.F.);
#5051=ORIENTED_EDGE('',*,*,#7253,.F.);
#5052=ORIENTED_EDGE('',*,*,#7317,.F.);
#5053=ORIENTED_EDGE('',*,*,#7260,.T.);
#5054=ORIENTED_EDGE('',*,*,#7326,.F.);
#5055=ORIENTED_EDGE('',*,*,#7343,.F.);
#5056=ORIENTED_EDGE('',*,*,#7407,.F.);
#5057=ORIENTED_EDGE('',*,*,#7350,.T.);
#5058=ORIENTED_EDGE('',*,*,#7416,.F.);
#5059=ORIENTED_EDGE('',*,*,#7433,.F.);
#5060=ORIENTED_EDGE('',*,*,#7497,.F.);
#5061=ORIENTED_EDGE('',*,*,#7440,.T.);
#5062=ORIENTED_EDGE('',*,*,#7506,.F.);
#5063=ORIENTED_EDGE('',*,*,#7523,.F.);
#5064=ORIENTED_EDGE('',*,*,#7587,.F.);
#5065=ORIENTED_EDGE('',*,*,#7530,.T.);
#5066=ORIENTED_EDGE('',*,*,#7596,.F.);
#5067=ORIENTED_EDGE('',*,*,#7613,.F.);
#5068=ORIENTED_EDGE('',*,*,#7677,.F.);
#5069=ORIENTED_EDGE('',*,*,#7620,.T.);
#5070=ORIENTED_EDGE('',*,*,#7686,.F.);
#5071=ORIENTED_EDGE('',*,*,#7703,.F.);
#5072=ORIENTED_EDGE('',*,*,#7767,.F.);
#5073=ORIENTED_EDGE('',*,*,#7710,.T.);
#5074=ORIENTED_EDGE('',*,*,#7776,.F.);
#5075=ORIENTED_EDGE('',*,*,#7793,.F.);
#5076=ORIENTED_EDGE('',*,*,#7832,.F.);
#5077=ORIENTED_EDGE('',*,*,#7800,.T.);
#5078=ORIENTED_EDGE('',*,*,#7964,.F.);
#5079=ORIENTED_EDGE('',*,*,#6797,.F.);
#5080=ORIENTED_EDGE('',*,*,#6794,.F.);
#5081=ORIENTED_EDGE('',*,*,#6790,.F.);
#5082=ORIENTED_EDGE('',*,*,#7976,.F.);
#5083=ORIENTED_EDGE('',*,*,#6787,.F.);
#5084=ORIENTED_EDGE('',*,*,#6784,.F.);
#5085=ORIENTED_EDGE('',*,*,#6780,.F.);
#5086=ORIENTED_EDGE('',*,*,#7997,.F.);
#5087=ORIENTED_EDGE('',*,*,#6775,.T.);
#5088=ORIENTED_EDGE('',*,*,#6772,.F.);
#5089=ORIENTED_EDGE('',*,*,#7999,.F.);
#5090=ORIENTED_EDGE('',*,*,#6760,.T.);
#5091=ORIENTED_EDGE('',*,*,#6766,.T.);
#5092=ORIENTED_EDGE('',*,*,#6769,.F.);
#5093=ORIENTED_EDGE('',*,*,#8000,.F.);
#5094=ORIENTED_EDGE('',*,*,#8001,.F.);
#5095=ORIENTED_EDGE('',*,*,#8002,.F.);
#5096=ORIENTED_EDGE('',*,*,#6810,.F.);
#5097=ORIENTED_EDGE('',*,*,#7021,.F.);
#5098=ORIENTED_EDGE('',*,*,#6807,.T.);
#5099=ORIENTED_EDGE('',*,*,#6805,.T.);
#5100=ORIENTED_EDGE('',*,*,#6802,.F.);
#5101=ORIENTED_EDGE('',*,*,#7019,.F.);
#5102=ORIENTED_EDGE('',*,*,#7012,.T.);
#5103=ORIENTED_EDGE('',*,*,#7010,.T.);
#5104=ORIENTED_EDGE('',*,*,#7007,.F.);
#5105=ORIENTED_EDGE('',*,*,#7017,.F.);
#5106=ORIENTED_EDGE('',*,*,#7002,.F.);
#5107=ORIENTED_EDGE('',*,*,#6999,.F.);
#5108=ORIENTED_EDGE('',*,*,#6996,.F.);
#5109=ORIENTED_EDGE('',*,*,#8003,.F.);
#5110=ORIENTED_EDGE('',*,*,#6777,.T.);
#5111=ORIENTED_EDGE('',*,*,#8004,.F.);
#5112=ORIENTED_EDGE('',*,*,#7023,.F.);
#5113=ORIENTED_EDGE('',*,*,#6517,.F.);
#5114=ORIENTED_EDGE('',*,*,#6992,.F.);
#5115=ORIENTED_EDGE('',*,*,#8005,.F.);
#5116=ORIENTED_EDGE('',*,*,#8006,.T.);
#5117=ORIENTED_EDGE('',*,*,#8000,.T.);
#5118=ORIENTED_EDGE('',*,*,#6768,.F.);
#5119=ORIENTED_EDGE('',*,*,#8007,.T.);
#5120=ORIENTED_EDGE('',*,*,#6761,.T.);
#5121=ORIENTED_EDGE('',*,*,#7999,.T.);
#5122=ORIENTED_EDGE('',*,*,#6771,.F.);
#5123=ORIENTED_EDGE('',*,*,#8008,.T.);
#5124=ORIENTED_EDGE('',*,*,#6778,.T.);
#5125=ORIENTED_EDGE('',*,*,#8003,.T.);
#5126=ORIENTED_EDGE('',*,*,#6995,.F.);
#5127=ORIENTED_EDGE('',*,*,#8009,.T.);
#5128=ORIENTED_EDGE('',*,*,#8001,.T.);
#5129=ORIENTED_EDGE('',*,*,#8006,.F.);
#5130=ORIENTED_EDGE('',*,*,#8010,.F.);
#5131=ORIENTED_EDGE('',*,*,#6811,.T.);
#5132=ORIENTED_EDGE('',*,*,#8002,.T.);
#5133=ORIENTED_EDGE('',*,*,#8009,.F.);
#5134=ORIENTED_EDGE('',*,*,#8011,.T.);
#5135=ORIENTED_EDGE('',*,*,#7004,.T.);
#5136=ORIENTED_EDGE('',*,*,#7016,.F.);
#5137=ORIENTED_EDGE('',*,*,#7026,.F.);
#5138=ORIENTED_EDGE('',*,*,#7056,.F.);
#5139=ORIENTED_EDGE('',*,*,#6876,.T.);
#5140=ORIENTED_EDGE('',*,*,#6943,.F.);
#5141=ORIENTED_EDGE('',*,*,#6873,.T.);
#5142=ORIENTED_EDGE('',*,*,#6868,.T.);
#5143=ORIENTED_EDGE('',*,*,#8012,.F.);
#5144=ORIENTED_EDGE('',*,*,#6837,.F.);
#5145=ORIENTED_EDGE('',*,*,#6841,.F.);
#5146=ORIENTED_EDGE('',*,*,#6844,.F.);
#5147=ORIENTED_EDGE('',*,*,#6847,.F.);
#5148=ORIENTED_EDGE('',*,*,#6850,.F.);
#5149=ORIENTED_EDGE('',*,*,#6854,.F.);
#5150=ORIENTED_EDGE('',*,*,#6858,.T.);
#5151=ORIENTED_EDGE('',*,*,#6860,.T.);
#5152=ORIENTED_EDGE('',*,*,#6968,.F.);
#5153=ORIENTED_EDGE('',*,*,#6832,.F.);
#5154=ORIENTED_EDGE('',*,*,#7028,.T.);
#5155=ORIENTED_EDGE('',*,*,#7024,.F.);
#5156=ORIENTED_EDGE('',*,*,#8004,.T.);
#5157=ORIENTED_EDGE('',*,*,#6998,.T.);
#5158=ORIENTED_EDGE('',*,*,#7001,.F.);
#5159=ORIENTED_EDGE('',*,*,#8010,.T.);
#5160=ORIENTED_EDGE('',*,*,#8005,.T.);
#5161=ORIENTED_EDGE('',*,*,#6994,.T.);
#5162=ORIENTED_EDGE('',*,*,#7031,.F.);
#5163=ORIENTED_EDGE('',*,*,#6974,.T.);
#5164=ORIENTED_EDGE('',*,*,#6965,.F.);
#5165=ORIENTED_EDGE('',*,*,#6830,.T.);
#5166=ORIENTED_EDGE('',*,*,#6825,.T.);
#5167=ORIENTED_EDGE('',*,*,#8013,.F.);
#5168=ORIENTED_EDGE('',*,*,#8014,.F.);
#5169=ORIENTED_EDGE('',*,*,#8015,.F.);
#5170=ORIENTED_EDGE('',*,*,#8016,.F.);
#5171=ORIENTED_EDGE('',*,*,#8017,.F.);
#5172=ORIENTED_EDGE('',*,*,#8018,.F.);
#5173=ORIENTED_EDGE('',*,*,#8019,.F.);
#5174=ORIENTED_EDGE('',*,*,#6885,.T.);
#5175=ORIENTED_EDGE('',*,*,#6888,.T.);
#5176=ORIENTED_EDGE('',*,*,#6945,.F.);
#5177=ORIENTED_EDGE('',*,*,#6880,.F.);
#5178=ORIENTED_EDGE('',*,*,#7051,.T.);
#5179=ORIENTED_EDGE('',*,*,#6990,.T.);
#5180=ORIENTED_EDGE('',*,*,#7022,.T.);
#5181=ORIENTED_EDGE('',*,*,#6812,.T.);
#5182=ORIENTED_EDGE('',*,*,#8011,.F.);
#5183=ORIENTED_EDGE('',*,*,#8020,.F.);
#5184=ORIENTED_EDGE('',*,*,#8017,.T.);
#5185=ORIENTED_EDGE('',*,*,#8021,.T.);
#5186=ORIENTED_EDGE('',*,*,#8022,.T.);
#5187=ORIENTED_EDGE('',*,*,#8023,.F.);
#5188=ORIENTED_EDGE('',*,*,#8018,.T.);
#5189=ORIENTED_EDGE('',*,*,#8020,.T.);
#5190=ORIENTED_EDGE('',*,*,#8024,.F.);
#5191=ORIENTED_EDGE('',*,*,#8025,.F.);
#5192=ORIENTED_EDGE('',*,*,#6886,.F.);
#5193=ORIENTED_EDGE('',*,*,#8019,.T.);
#5194=ORIENTED_EDGE('',*,*,#8023,.T.);
#5195=ORIENTED_EDGE('',*,*,#8026,.F.);
#5196=ORIENTED_EDGE('',*,*,#8027,.F.);
#5197=ORIENTED_EDGE('',*,*,#8028,.T.);
#5198=ORIENTED_EDGE('',*,*,#8026,.T.);
#5199=ORIENTED_EDGE('',*,*,#8029,.F.);
#5200=ORIENTED_EDGE('',*,*,#8030,.F.);
#5201=ORIENTED_EDGE('',*,*,#8013,.T.);
#5202=ORIENTED_EDGE('',*,*,#6824,.T.);
#5203=ORIENTED_EDGE('',*,*,#8031,.F.);
#5204=ORIENTED_EDGE('',*,*,#8027,.T.);
#5205=ORIENTED_EDGE('',*,*,#8032,.F.);
#5206=ORIENTED_EDGE('',*,*,#8014,.T.);
#5207=ORIENTED_EDGE('',*,*,#8030,.T.);
#5208=ORIENTED_EDGE('',*,*,#8033,.F.);
#5209=ORIENTED_EDGE('',*,*,#8034,.F.);
#5210=ORIENTED_EDGE('',*,*,#8015,.T.);
#5211=ORIENTED_EDGE('',*,*,#8032,.T.);
#5212=ORIENTED_EDGE('',*,*,#8035,.F.);
#5213=ORIENTED_EDGE('',*,*,#8021,.F.);
#5214=ORIENTED_EDGE('',*,*,#8016,.T.);
#5215=ORIENTED_EDGE('',*,*,#8034,.T.);
#5216=ORIENTED_EDGE('',*,*,#8036,.T.);
#5217=ORIENTED_EDGE('',*,*,#6842,.T.);
#5218=ORIENTED_EDGE('',*,*,#6839,.T.);
#5219=ORIENTED_EDGE('',*,*,#8037,.T.);
#5220=ORIENTED_EDGE('',*,*,#6851,.T.);
#5221=ORIENTED_EDGE('',*,*,#6848,.F.);
#5222=ORIENTED_EDGE('',*,*,#6845,.F.);
#5223=ORIENTED_EDGE('',*,*,#8035,.T.);
#5224=ORIENTED_EDGE('',*,*,#8033,.T.);
#5225=ORIENTED_EDGE('',*,*,#8029,.T.);
#5226=ORIENTED_EDGE('',*,*,#8024,.T.);
#5227=ORIENTED_EDGE('',*,*,#8022,.F.);
#5228=ORIENTED_EDGE('',*,*,#8036,.F.);
#5229=ORIENTED_EDGE('',*,*,#8038,.F.);
#5230=ORIENTED_EDGE('',*,*,#8039,.T.);
#5231=ORIENTED_EDGE('',*,*,#6855,.T.);
#5232=ORIENTED_EDGE('',*,*,#8037,.F.);
#5233=ORIENTED_EDGE('',*,*,#6838,.F.);
#5234=ORIENTED_EDGE('',*,*,#8012,.T.);
#5235=ORIENTED_EDGE('',*,*,#6867,.T.);
#5236=ORIENTED_EDGE('',*,*,#8040,.F.);
#5237=ORIENTED_EDGE('',*,*,#8038,.T.);
#5238=ORIENTED_EDGE('',*,*,#6753,.T.);
#5239=ORIENTED_EDGE('',*,*,#6725,.T.);
#5240=ORIENTED_EDGE('',*,*,#6732,.F.);
#5241=ORIENTED_EDGE('',*,*,#6759,.F.);
#5242=ORIENTED_EDGE('',*,*,#6828,.T.);
#5243=ORIENTED_EDGE('',*,*,#6926,.F.);
#5244=ORIENTED_EDGE('',*,*,#6929,.F.);
#5245=ORIENTED_EDGE('',*,*,#6934,.F.);
#5246=ORIENTED_EDGE('',*,*,#6887,.F.);
#5247=ORIENTED_EDGE('',*,*,#8025,.T.);
#5248=ORIENTED_EDGE('',*,*,#8028,.F.);
#5249=ORIENTED_EDGE('',*,*,#8031,.T.);
#5250=ORIENTED_EDGE('',*,*,#6729,.F.);
#5251=ORIENTED_EDGE('',*,*,#6615,.F.);
#5252=ORIENTED_EDGE('',*,*,#6751,.T.);
#5253=ORIENTED_EDGE('',*,*,#6667,.T.);
#5254=ORIENTED_EDGE('',*,*,#6871,.T.);
#5255=ORIENTED_EDGE('',*,*,#8041,.F.);
#5256=ORIENTED_EDGE('',*,*,#8042,.F.);
#5257=ORIENTED_EDGE('',*,*,#8043,.F.);
#5258=ORIENTED_EDGE('',*,*,#6859,.F.);
#5259=ORIENTED_EDGE('',*,*,#6852,.T.);
#5260=ORIENTED_EDGE('',*,*,#8039,.F.);
#5261=ORIENTED_EDGE('',*,*,#8040,.T.);
#5262=ORIENTED_EDGE('',*,*,#6897,.F.);
#5263=ORIENTED_EDGE('',*,*,#6961,.T.);
#5264=ORIENTED_EDGE('',*,*,#6940,.T.);
#5265=ORIENTED_EDGE('',*,*,#8044,.F.);
#5266=ORIENTED_EDGE('',*,*,#8045,.T.);
#5267=ORIENTED_EDGE('',*,*,#8041,.T.);
#5268=ORIENTED_EDGE('',*,*,#8046,.F.);
#5269=ORIENTED_EDGE('',*,*,#8047,.F.);
#5270=ORIENTED_EDGE('',*,*,#8048,.T.);
#5271=ORIENTED_EDGE('',*,*,#8042,.T.);
#5272=ORIENTED_EDGE('',*,*,#8045,.F.);
#5273=ORIENTED_EDGE('',*,*,#7020,.F.);
#5274=ORIENTED_EDGE('',*,*,#6800,.F.);
#5275=ORIENTED_EDGE('',*,*,#6804,.F.);
#5276=ORIENTED_EDGE('',*,*,#6809,.F.);
#5277=ORIENTED_EDGE('',*,*,#6767,.F.);
#5278=ORIENTED_EDGE('',*,*,#6764,.F.);
#5279=ORIENTED_EDGE('',*,*,#6762,.F.);
#5280=ORIENTED_EDGE('',*,*,#8007,.F.);
#5281=ORIENTED_EDGE('',*,*,#7005,.F.);
#5282=ORIENTED_EDGE('',*,*,#7009,.F.);
#5283=ORIENTED_EDGE('',*,*,#7014,.F.);
#5284=ORIENTED_EDGE('',*,*,#7018,.F.);
#5285=ORIENTED_EDGE('',*,*,#8008,.F.);
#5286=ORIENTED_EDGE('',*,*,#6770,.F.);
#5287=ORIENTED_EDGE('',*,*,#6774,.F.);
#5288=ORIENTED_EDGE('',*,*,#6779,.F.);
#5289=ORIENTED_EDGE('',*,*,#6537,.F.);
#5290=ORIENTED_EDGE('',*,*,#6528,.T.);
#5291=ORIENTED_EDGE('',*,*,#6549,.T.);
#5292=ORIENTED_EDGE('',*,*,#6540,.F.);
#5293=ORIENTED_EDGE('',*,*,#6534,.F.);
#5294=ORIENTED_EDGE('',*,*,#6546,.F.);
#5295=ORIENTED_EDGE('',*,*,#6551,.T.);
#5296=ORIENTED_EDGE('',*,*,#6524,.T.);
#5297=ORIENTED_EDGE('',*,*,#6548,.F.);
#5298=ORIENTED_EDGE('',*,*,#6543,.F.);
#5299=ORIENTED_EDGE('',*,*,#6589,.F.);
#5300=ORIENTED_EDGE('',*,*,#6586,.F.);
#5301=ORIENTED_EDGE('',*,*,#6567,.T.);
#5302=ORIENTED_EDGE('',*,*,#6571,.T.);
#5303=ORIENTED_EDGE('',*,*,#6587,.F.);
#5304=ORIENTED_EDGE('',*,*,#6584,.F.);
#5305=ORIENTED_EDGE('',*,*,#6590,.F.);
#5306=ORIENTED_EDGE('',*,*,#6573,.T.);
#5307=ORIENTED_EDGE('',*,*,#6563,.T.);
#5308=ORIENTED_EDGE('',*,*,#6591,.F.);
#5309=ORIENTED_EDGE('',*,*,#7952,.F.);
#5310=ORIENTED_EDGE('',*,*,#7949,.F.);
#5311=ORIENTED_EDGE('',*,*,#7946,.F.);
#5312=ORIENTED_EDGE('',*,*,#7943,.F.);
#5313=ORIENTED_EDGE('',*,*,#7940,.F.);
#5314=ORIENTED_EDGE('',*,*,#7937,.F.);
#5315=ORIENTED_EDGE('',*,*,#7934,.F.);
#5316=ORIENTED_EDGE('',*,*,#7931,.F.);
#5317=ORIENTED_EDGE('',*,*,#7928,.F.);
#5318=ORIENTED_EDGE('',*,*,#7925,.F.);
#5319=ORIENTED_EDGE('',*,*,#7922,.F.);
#5320=ORIENTED_EDGE('',*,*,#7954,.F.);
#5321=ORIENTED_EDGE('',*,*,#8044,.T.);
#5322=ORIENTED_EDGE('',*,*,#6939,.T.);
#5323=ORIENTED_EDGE('',*,*,#6948,.T.);
#5324=ORIENTED_EDGE('',*,*,#6937,.T.);
#5325=ORIENTED_EDGE('',*,*,#6935,.T.);
#5326=ORIENTED_EDGE('',*,*,#6930,.T.);
#5327=ORIENTED_EDGE('',*,*,#6924,.T.);
#5328=ORIENTED_EDGE('',*,*,#6919,.T.);
#5329=ORIENTED_EDGE('',*,*,#6971,.T.);
#5330=ORIENTED_EDGE('',*,*,#6865,.T.);
#5331=ORIENTED_EDGE('',*,*,#8049,.T.);
#5332=ORIENTED_EDGE('',*,*,#8047,.T.);
#5333=ORIENTED_EDGE('',*,*,#6864,.F.);
#5334=ORIENTED_EDGE('',*,*,#6956,.F.);
#5335=ORIENTED_EDGE('',*,*,#6891,.F.);
#5336=ORIENTED_EDGE('',*,*,#8050,.F.);
#5337=ORIENTED_EDGE('',*,*,#8043,.T.);
#5338=ORIENTED_EDGE('',*,*,#8048,.F.);
#5339=ORIENTED_EDGE('',*,*,#8049,.F.);
#5340=ORIENTED_EDGE('',*,*,#6827,.T.);
#5341=ORIENTED_EDGE('',*,*,#6829,.T.);
#5342=ORIENTED_EDGE('',*,*,#6972,.F.);
#5343=ORIENTED_EDGE('',*,*,#6963,.T.);
#5344=ORIENTED_EDGE('',*,*,#8051,.F.);
#5345=ORIENTED_EDGE('',*,*,#6915,.F.);
#5346=ORIENTED_EDGE('',*,*,#6927,.T.);
#5347=ORIENTED_EDGE('',*,*,#6918,.F.);
#5348=ORIENTED_EDGE('',*,*,#6911,.F.);
#5349=ORIENTED_EDGE('',*,*,#6906,.T.);
#5350=ORIENTED_EDGE('',*,*,#6902,.T.);
#5351=ORIENTED_EDGE('',*,*,#6946,.T.);
#5352=ORIENTED_EDGE('',*,*,#6889,.T.);
#5353=ORIENTED_EDGE('',*,*,#6883,.T.);
#5354=ORIENTED_EDGE('',*,*,#6933,.T.);
#5355=ORIENTED_EDGE('',*,*,#6870,.T.);
#5356=ORIENTED_EDGE('',*,*,#6872,.T.);
#5357=ORIENTED_EDGE('',*,*,#6951,.T.);
#5358=ORIENTED_EDGE('',*,*,#6952,.T.);
#5359=ORIENTED_EDGE('',*,*,#6904,.T.);
#5360=ORIENTED_EDGE('',*,*,#6898,.F.);
#5361=ORIENTED_EDGE('',*,*,#8046,.T.);
#5362=ORIENTED_EDGE('',*,*,#6894,.F.);
#5363=ORIENTED_EDGE('',*,*,#8052,.F.);
#5364=ORIENTED_EDGE('',*,*,#8053,.T.);
#5365=ORIENTED_EDGE('',*,*,#6969,.F.);
#5366=ORIENTED_EDGE('',*,*,#6861,.T.);
#5367=ORIENTED_EDGE('',*,*,#6856,.T.);
#5368=ORIENTED_EDGE('',*,*,#8050,.T.);
#5369=ORIENTED_EDGE('',*,*,#8054,.F.);
#5370=ORIENTED_EDGE('',*,*,#6954,.F.);
#5371=ORIENTED_EDGE('',*,*,#6970,.F.);
#5372=ORIENTED_EDGE('',*,*,#8053,.F.);
#5373=ORIENTED_EDGE('',*,*,#6959,.F.);
#5374=ORIENTED_EDGE('',*,*,#6912,.F.);
#5375=ORIENTED_EDGE('',*,*,#8051,.T.);
#5376=ORIENTED_EDGE('',*,*,#6962,.F.);
#5377=ORIENTED_EDGE('',*,*,#8052,.T.);
#5378=ORIENTED_EDGE('',*,*,#6893,.F.);
#5379=ORIENTED_EDGE('',*,*,#6955,.F.);
#5380=ORIENTED_EDGE('',*,*,#8054,.T.);
#5381=ORIENTED_EDGE('',*,*,#7980,.F.);
#5382=ORIENTED_EDGE('',*,*,#7995,.F.);
#5383=ORIENTED_EDGE('',*,*,#7985,.T.);
#5384=ORIENTED_EDGE('',*,*,#7990,.T.);
#5385=ORIENTED_EDGE('',*,*,#7969,.F.);
#5386=ORIENTED_EDGE('',*,*,#7988,.T.);
#5387=ORIENTED_EDGE('',*,*,#7966,.F.);
#5388=ORIENTED_EDGE('',*,*,#7994,.F.);
#5389=ORIENTED_EDGE('',*,*,#7794,.F.);
#5390=ORIENTED_EDGE('',*,*,#7963,.F.);
#5391=ORIENTED_EDGE('',*,*,#7798,.T.);
#5392=ORIENTED_EDGE('',*,*,#7831,.T.);
#5393=ORIENTED_EDGE('',*,*,#7783,.F.);
#5394=ORIENTED_EDGE('',*,*,#7829,.T.);
#5395=ORIENTED_EDGE('',*,*,#7780,.F.);
#5396=ORIENTED_EDGE('',*,*,#7961,.F.);
#5397=ORIENTED_EDGE('',*,*,#7704,.F.);
#5398=ORIENTED_EDGE('',*,*,#7775,.F.);
#5399=ORIENTED_EDGE('',*,*,#7708,.T.);
#5400=ORIENTED_EDGE('',*,*,#7766,.T.);
#5401=ORIENTED_EDGE('',*,*,#7693,.F.);
#5402=ORIENTED_EDGE('',*,*,#7764,.T.);
#5403=ORIENTED_EDGE('',*,*,#7690,.F.);
#5404=ORIENTED_EDGE('',*,*,#7773,.F.);
#5405=ORIENTED_EDGE('',*,*,#7614,.F.);
#5406=ORIENTED_EDGE('',*,*,#7685,.F.);
#5407=ORIENTED_EDGE('',*,*,#7618,.T.);
#5408=ORIENTED_EDGE('',*,*,#7676,.T.);
#5409=ORIENTED_EDGE('',*,*,#7603,.F.);
#5410=ORIENTED_EDGE('',*,*,#7674,.T.);
#5411=ORIENTED_EDGE('',*,*,#7600,.F.);
#5412=ORIENTED_EDGE('',*,*,#7683,.F.);
#5413=ORIENTED_EDGE('',*,*,#7524,.F.);
#5414=ORIENTED_EDGE('',*,*,#7595,.F.);
#5415=ORIENTED_EDGE('',*,*,#7528,.T.);
#5416=ORIENTED_EDGE('',*,*,#7586,.T.);
#5417=ORIENTED_EDGE('',*,*,#7513,.F.);
#5418=ORIENTED_EDGE('',*,*,#7584,.T.);
#5419=ORIENTED_EDGE('',*,*,#7510,.F.);
#5420=ORIENTED_EDGE('',*,*,#7593,.F.);
#5421=ORIENTED_EDGE('',*,*,#7434,.F.);
#5422=ORIENTED_EDGE('',*,*,#7505,.F.);
#5423=ORIENTED_EDGE('',*,*,#7438,.T.);
#5424=ORIENTED_EDGE('',*,*,#7496,.T.);
#5425=ORIENTED_EDGE('',*,*,#7423,.F.);
#5426=ORIENTED_EDGE('',*,*,#7494,.T.);
#5427=ORIENTED_EDGE('',*,*,#7420,.F.);
#5428=ORIENTED_EDGE('',*,*,#7503,.F.);
#5429=ORIENTED_EDGE('',*,*,#7344,.F.);
#5430=ORIENTED_EDGE('',*,*,#7415,.F.);
#5431=ORIENTED_EDGE('',*,*,#7348,.T.);
#5432=ORIENTED_EDGE('',*,*,#7406,.T.);
#5433=ORIENTED_EDGE('',*,*,#7333,.F.);
#5434=ORIENTED_EDGE('',*,*,#7404,.T.);
#5435=ORIENTED_EDGE('',*,*,#7330,.F.);
#5436=ORIENTED_EDGE('',*,*,#7413,.F.);
#5437=ORIENTED_EDGE('',*,*,#7254,.F.);
#5438=ORIENTED_EDGE('',*,*,#7325,.F.);
#5439=ORIENTED_EDGE('',*,*,#7258,.T.);
#5440=ORIENTED_EDGE('',*,*,#7316,.T.);
#5441=ORIENTED_EDGE('',*,*,#7243,.F.);
#5442=ORIENTED_EDGE('',*,*,#7314,.T.);
#5443=ORIENTED_EDGE('',*,*,#7240,.F.);
#5444=ORIENTED_EDGE('',*,*,#7323,.F.);
#5445=ORIENTED_EDGE('',*,*,#7164,.F.);
#5446=ORIENTED_EDGE('',*,*,#7235,.F.);
#5447=ORIENTED_EDGE('',*,*,#7168,.T.);
#5448=ORIENTED_EDGE('',*,*,#7226,.T.);
#5449=ORIENTED_EDGE('',*,*,#7153,.F.);
#5450=ORIENTED_EDGE('',*,*,#7224,.T.);
#5451=ORIENTED_EDGE('',*,*,#7150,.F.);
#5452=ORIENTED_EDGE('',*,*,#7233,.F.);
#5453=ORIENTED_EDGE('',*,*,#7074,.F.);
#5454=ORIENTED_EDGE('',*,*,#7136,.F.);
#5455=ORIENTED_EDGE('',*,*,#7071,.F.);
#5456=ORIENTED_EDGE('',*,*,#7145,.T.);
#5457=ORIENTED_EDGE('',*,*,#7063,.F.);
#5458=ORIENTED_EDGE('',*,*,#7143,.T.);
#5459=ORIENTED_EDGE('',*,*,#7067,.T.);
#5460=ORIENTED_EDGE('',*,*,#7134,.F.);
#5461=ORIENTED_EDGE('',*,*,#6560,.F.);
#5462=ORIENTED_EDGE('',*,*,#6565,.T.);
#5463=ORIENTED_EDGE('',*,*,#8055,.F.);
#5464=ORIENTED_EDGE('',*,*,#6559,.F.);
#5465=ORIENTED_EDGE('',*,*,#6553,.F.);
#5466=ORIENTED_EDGE('',*,*,#6557,.F.);
#5467=ORIENTED_EDGE('',*,*,#8055,.T.);
#5468=ORIENTED_EDGE('',*,*,#6572,.T.);
#5469=ORIENTED_EDGE('',*,*,#6521,.F.);
#5470=ORIENTED_EDGE('',*,*,#6526,.T.);
#5471=ORIENTED_EDGE('',*,*,#8056,.F.);
#5472=ORIENTED_EDGE('',*,*,#6518,.F.);
#5473=ORIENTED_EDGE('',*,*,#8056,.T.);
#5474=ORIENTED_EDGE('',*,*,#6550,.T.);
#5475=ORIENTED_EDGE('',*,*,#6796,.F.);
#5476=ORIENTED_EDGE('',*,*,#6799,.F.);
#5477=ORIENTED_EDGE('',*,*,#7998,.F.);
#5478=ORIENTED_EDGE('',*,*,#6782,.F.);
#5479=ORIENTED_EDGE('',*,*,#6786,.F.);
#5480=ORIENTED_EDGE('',*,*,#6789,.F.);
#5481=ORIENTED_EDGE('',*,*,#7977,.F.);
#5482=ORIENTED_EDGE('',*,*,#6792,.F.);
#5483=VERTEX_POINT('',#15466);
#5484=VERTEX_POINT('',#15467);
#5485=VERTEX_POINT('',#15469);
#5486=VERTEX_POINT('',#15471);
#5487=VERTEX_POINT('',#15475);
#5488=VERTEX_POINT('',#15476);
#5489=VERTEX_POINT('',#15478);
#5490=VERTEX_POINT('',#15480);
#5491=VERTEX_POINT('',#15484);
#5492=VERTEX_POINT('',#15485);
#5493=VERTEX_POINT('',#15487);
#5494=VERTEX_POINT('',#15491);
#5495=VERTEX_POINT('',#15495);
#5496=VERTEX_POINT('',#15496);
#5497=VERTEX_POINT('',#15498);
#5498=VERTEX_POINT('',#15500);
#5499=VERTEX_POINT('',#15503);
#5500=VERTEX_POINT('',#15505);
#5501=VERTEX_POINT('',#15507);
#5502=VERTEX_POINT('',#15511);
#5503=VERTEX_POINT('',#15512);
#5504=VERTEX_POINT('',#15514);
#5505=VERTEX_POINT('',#15516);
#5506=VERTEX_POINT('',#15520);
#5507=VERTEX_POINT('',#15521);
#5508=VERTEX_POINT('',#15526);
#5509=VERTEX_POINT('',#15527);
#5510=VERTEX_POINT('',#15532);
#5511=VERTEX_POINT('',#15533);
#5512=VERTEX_POINT('',#15538);
#5513=VERTEX_POINT('',#15540);
#5514=VERTEX_POINT('',#15552);
#5515=VERTEX_POINT('',#15553);
#5516=VERTEX_POINT('',#15555);
#5517=VERTEX_POINT('',#15557);
#5518=VERTEX_POINT('',#15561);
#5519=VERTEX_POINT('',#15563);
#5520=VERTEX_POINT('',#15567);
#5521=VERTEX_POINT('',#15571);
#5522=VERTEX_POINT('',#15572);
#5523=VERTEX_POINT('',#15574);
#5524=VERTEX_POINT('',#15576);
#5525=VERTEX_POINT('',#15579);
#5526=VERTEX_POINT('',#15581);
#5527=VERTEX_POINT('',#15583);
#5528=VERTEX_POINT('',#15587);
#5529=VERTEX_POINT('',#15588);
#5530=VERTEX_POINT('',#15592);
#5531=VERTEX_POINT('',#15594);
#5532=VERTEX_POINT('',#15600);
#5533=VERTEX_POINT('',#15602);
#5534=VERTEX_POINT('',#15606);
#5535=VERTEX_POINT('',#15608);
#5536=VERTEX_POINT('',#15612);
#5537=VERTEX_POINT('',#15614);
#5538=VERTEX_POINT('',#15618);
#5539=VERTEX_POINT('',#15624);
#5540=VERTEX_POINT('',#15632);
#5541=VERTEX_POINT('',#15633);
#5542=VERTEX_POINT('',#15635);
#5543=VERTEX_POINT('',#15637);
#5544=VERTEX_POINT('',#15641);
#5545=VERTEX_POINT('',#15642);
#5546=VERTEX_POINT('',#15644);
#5547=VERTEX_POINT('',#15646);
#5548=VERTEX_POINT('',#15649);
#5549=VERTEX_POINT('',#15651);
#5550=VERTEX_POINT('',#15655);
#5551=VERTEX_POINT('',#15657);
#5552=VERTEX_POINT('',#15661);
#5553=VERTEX_POINT('',#15662);
#5554=VERTEX_POINT('',#15664);
#5555=VERTEX_POINT('',#15666);
#5556=VERTEX_POINT('',#15670);
#5557=VERTEX_POINT('',#15671);
#5558=VERTEX_POINT('',#15673);
#5559=VERTEX_POINT('',#15675);
#5560=VERTEX_POINT('',#15679);
#5561=VERTEX_POINT('',#15680);
#5562=VERTEX_POINT('',#15682);
#5563=VERTEX_POINT('',#15684);
#5564=VERTEX_POINT('',#15686);
#5565=VERTEX_POINT('',#15688);
#5566=VERTEX_POINT('',#15690);
#5567=VERTEX_POINT('',#15692);
#5568=VERTEX_POINT('',#15696);
#5569=VERTEX_POINT('',#15698);
#5570=VERTEX_POINT('',#15702);
#5571=VERTEX_POINT('',#15704);
#5572=VERTEX_POINT('',#15706);
#5573=VERTEX_POINT('',#15711);
#5574=VERTEX_POINT('',#15713);
#5575=VERTEX_POINT('',#15717);
#5576=VERTEX_POINT('',#15719);
#5577=VERTEX_POINT('',#15725);
#5578=VERTEX_POINT('',#15726);
#5579=VERTEX_POINT('',#15731);
#5580=VERTEX_POINT('',#15732);
#5581=VERTEX_POINT('',#15735);
#5582=VERTEX_POINT('',#15737);
#5583=VERTEX_POINT('',#15741);
#5584=VERTEX_POINT('',#15742);
#5585=VERTEX_POINT('',#15744);
#5586=VERTEX_POINT('',#15746);
#5587=VERTEX_POINT('',#15751);
#5588=VERTEX_POINT('',#15752);
#5589=VERTEX_POINT('',#15758);
#5590=VERTEX_POINT('',#15761);
#5591=VERTEX_POINT('',#15771);
#5592=VERTEX_POINT('',#15775);
#5593=VERTEX_POINT('',#15777);
#5594=VERTEX_POINT('',#15779);
#5595=VERTEX_POINT('',#15781);
#5596=VERTEX_POINT('',#15785);
#5597=VERTEX_POINT('',#15786);
#5598=VERTEX_POINT('',#15788);
#5599=VERTEX_POINT('',#15790);
#5600=VERTEX_POINT('',#15794);
#5601=VERTEX_POINT('',#15795);
#5602=VERTEX_POINT('',#15797);
#5603=VERTEX_POINT('',#15799);
#5604=VERTEX_POINT('',#15803);
#5605=VERTEX_POINT('',#15804);
#5606=VERTEX_POINT('',#15806);
#5607=VERTEX_POINT('',#15808);
#5608=VERTEX_POINT('',#15812);
#5609=VERTEX_POINT('',#15813);
#5610=VERTEX_POINT('',#15815);
#5611=VERTEX_POINT('',#15817);
#5612=VERTEX_POINT('',#15821);
#5613=VERTEX_POINT('',#15822);
#5614=VERTEX_POINT('',#15824);
#5615=VERTEX_POINT('',#15826);
#5616=VERTEX_POINT('',#15830);
#5617=VERTEX_POINT('',#15832);
#5618=VERTEX_POINT('',#15834);
#5619=VERTEX_POINT('',#15836);
#5620=VERTEX_POINT('',#15841);
#5621=VERTEX_POINT('',#15843);
#5622=VERTEX_POINT('',#15848);
#5623=VERTEX_POINT('',#15850);
#5624=VERTEX_POINT('',#15856);
#5625=VERTEX_POINT('',#15858);
#5626=VERTEX_POINT('',#15862);
#5627=VERTEX_POINT('',#15863);
#5628=VERTEX_POINT('',#15866);
#5629=VERTEX_POINT('',#15868);
#5630=VERTEX_POINT('',#15872);
#5631=VERTEX_POINT('',#15873);
#5632=VERTEX_POINT('',#15883);
#5633=VERTEX_POINT('',#15885);
#5634=VERTEX_POINT('',#15889);
#5635=VERTEX_POINT('',#15891);
#5636=VERTEX_POINT('',#15893);
#5637=VERTEX_POINT('',#15895);
#5638=VERTEX_POINT('',#15906);
#5639=VERTEX_POINT('',#15907);
#5640=VERTEX_POINT('',#15912);
#5641=VERTEX_POINT('',#15913);
#5642=VERTEX_POINT('',#15915);
#5643=VERTEX_POINT('',#15917);
#5644=VERTEX_POINT('',#15921);
#5645=VERTEX_POINT('',#15923);
#5646=VERTEX_POINT('',#15927);
#5647=VERTEX_POINT('',#15930);
#5648=VERTEX_POINT('',#15934);
#5649=VERTEX_POINT('',#15938);
#5650=VERTEX_POINT('',#15950);
#5651=VERTEX_POINT('',#15952);
#5652=VERTEX_POINT('',#15970);
#5653=VERTEX_POINT('',#15971);
#5654=VERTEX_POINT('',#15973);
#5655=VERTEX_POINT('',#15975);
#5656=VERTEX_POINT('',#15979);
#5657=VERTEX_POINT('',#15981);
#5658=VERTEX_POINT('',#15985);
#5659=VERTEX_POINT('',#15987);
#5660=VERTEX_POINT('',#15991);
#5661=VERTEX_POINT('',#15992);
#5662=VERTEX_POINT('',#15994);
#5663=VERTEX_POINT('',#15996);
#5664=VERTEX_POINT('',#16000);
#5665=VERTEX_POINT('',#16002);
#5666=VERTEX_POINT('',#16006);
#5667=VERTEX_POINT('',#16008);
#5668=VERTEX_POINT('',#16012);
#5669=VERTEX_POINT('',#16013);
#5670=VERTEX_POINT('',#16015);
#5671=VERTEX_POINT('',#16017);
#5672=VERTEX_POINT('',#16021);
#5673=VERTEX_POINT('',#16023);
#5674=VERTEX_POINT('',#16027);
#5675=VERTEX_POINT('',#16029);
#5676=VERTEX_POINT('',#16033);
#5677=VERTEX_POINT('',#16034);
#5678=VERTEX_POINT('',#16036);
#5679=VERTEX_POINT('',#16038);
#5680=VERTEX_POINT('',#16042);
#5681=VERTEX_POINT('',#16044);
#5682=VERTEX_POINT('',#16048);
#5683=VERTEX_POINT('',#16050);
#5684=VERTEX_POINT('',#16054);
#5685=VERTEX_POINT('',#16055);
#5686=VERTEX_POINT('',#16057);
#5687=VERTEX_POINT('',#16059);
#5688=VERTEX_POINT('',#16063);
#5689=VERTEX_POINT('',#16065);
#5690=VERTEX_POINT('',#16069);
#5691=VERTEX_POINT('',#16071);
#5692=VERTEX_POINT('',#16075);
#5693=VERTEX_POINT('',#16076);
#5694=VERTEX_POINT('',#16078);
#5695=VERTEX_POINT('',#16080);
#5696=VERTEX_POINT('',#16084);
#5697=VERTEX_POINT('',#16085);
#5698=VERTEX_POINT('',#16087);
#5699=VERTEX_POINT('',#16089);
#5700=VERTEX_POINT('',#16093);
#5701=VERTEX_POINT('',#16095);
#5702=VERTEX_POINT('',#16099);
#5703=VERTEX_POINT('',#16101);
#5704=VERTEX_POINT('',#16105);
#5705=VERTEX_POINT('',#16106);
#5706=VERTEX_POINT('',#16108);
#5707=VERTEX_POINT('',#16110);
#5708=VERTEX_POINT('',#16112);
#5709=VERTEX_POINT('',#16116);
#5710=VERTEX_POINT('',#16118);
#5711=VERTEX_POINT('',#16122);
#5712=VERTEX_POINT('',#16123);
#5713=VERTEX_POINT('',#16125);
#5714=VERTEX_POINT('',#16127);
#5715=VERTEX_POINT('',#16131);
#5716=VERTEX_POINT('',#16132);
#5717=VERTEX_POINT('',#16134);
#5718=VERTEX_POINT('',#16136);
#5719=VERTEX_POINT('',#16140);
#5720=VERTEX_POINT('',#16141);
#5721=VERTEX_POINT('',#16146);
#5722=VERTEX_POINT('',#16147);
#5723=VERTEX_POINT('',#16152);
#5724=VERTEX_POINT('',#16153);
#5725=VERTEX_POINT('',#16158);
#5726=VERTEX_POINT('',#16159);
#5727=VERTEX_POINT('',#16164);
#5728=VERTEX_POINT('',#16165);
#5729=VERTEX_POINT('',#16167);
#5730=VERTEX_POINT('',#16172);
#5731=VERTEX_POINT('',#16173);
#5732=VERTEX_POINT('',#16175);
#5733=VERTEX_POINT('',#16180);
#5734=VERTEX_POINT('',#16182);
#5735=VERTEX_POINT('',#16186);
#5736=VERTEX_POINT('',#16187);
#5737=VERTEX_POINT('',#16189);
#5738=VERTEX_POINT('',#16191);
#5739=VERTEX_POINT('',#16195);
#5740=VERTEX_POINT('',#16196);
#5741=VERTEX_POINT('',#16198);
#5742=VERTEX_POINT('',#16200);
#5743=VERTEX_POINT('',#16202);
#5744=VERTEX_POINT('',#16206);
#5745=VERTEX_POINT('',#16208);
#5746=VERTEX_POINT('',#16212);
#5747=VERTEX_POINT('',#16213);
#5748=VERTEX_POINT('',#16215);
#5749=VERTEX_POINT('',#16217);
#5750=VERTEX_POINT('',#16221);
#5751=VERTEX_POINT('',#16222);
#5752=VERTEX_POINT('',#16224);
#5753=VERTEX_POINT('',#16226);
#5754=VERTEX_POINT('',#16230);
#5755=VERTEX_POINT('',#16231);
#5756=VERTEX_POINT('',#16233);
#5757=VERTEX_POINT('',#16235);
#5758=VERTEX_POINT('',#16237);
#5759=VERTEX_POINT('',#16241);
#5760=VERTEX_POINT('',#16243);
#5761=VERTEX_POINT('',#16247);
#5762=VERTEX_POINT('',#16248);
#5763=VERTEX_POINT('',#16250);
#5764=VERTEX_POINT('',#16252);
#5765=VERTEX_POINT('',#16256);
#5766=VERTEX_POINT('',#16257);
#5767=VERTEX_POINT('',#16259);
#5768=VERTEX_POINT('',#16261);
#5769=VERTEX_POINT('',#16265);
#5770=VERTEX_POINT('',#16266);
#5771=VERTEX_POINT('',#16268);
#5772=VERTEX_POINT('',#16270);
#5773=VERTEX_POINT('',#16274);
#5774=VERTEX_POINT('',#16276);
#5775=VERTEX_POINT('',#16280);
#5776=VERTEX_POINT('',#16282);
#5777=VERTEX_POINT('',#16286);
#5778=VERTEX_POINT('',#16287);
#5779=VERTEX_POINT('',#16292);
#5780=VERTEX_POINT('',#16293);
#5781=VERTEX_POINT('',#16295);
#5782=VERTEX_POINT('',#16297);
#5783=VERTEX_POINT('',#16301);
#5784=VERTEX_POINT('',#16302);
#5785=VERTEX_POINT('',#16307);
#5786=VERTEX_POINT('',#16308);
#5787=VERTEX_POINT('',#16310);
#5788=VERTEX_POINT('',#16312);
#5789=VERTEX_POINT('',#16317);
#5790=VERTEX_POINT('',#16319);
#5791=VERTEX_POINT('',#16324);
#5792=VERTEX_POINT('',#16325);
#5793=VERTEX_POINT('',#16330);
#5794=VERTEX_POINT('',#16331);
#5795=VERTEX_POINT('',#16338);
#5796=VERTEX_POINT('',#16340);
#5797=VERTEX_POINT('',#16344);
#5798=VERTEX_POINT('',#16345);
#5799=VERTEX_POINT('',#16347);
#5800=VERTEX_POINT('',#16349);
#5801=VERTEX_POINT('',#16359);
#5802=VERTEX_POINT('',#16361);
#5803=VERTEX_POINT('',#16368);
#5804=VERTEX_POINT('',#16369);
#5805=VERTEX_POINT('',#16375);
#5806=VERTEX_POINT('',#16377);
#5807=VERTEX_POINT('',#16384);
#5808=VERTEX_POINT('',#16386);
#5809=VERTEX_POINT('',#16390);
#5810=VERTEX_POINT('',#16392);
#5811=VERTEX_POINT('',#16396);
#5812=VERTEX_POINT('',#16402);
#5813=VERTEX_POINT('',#16404);
#5814=VERTEX_POINT('',#16408);
#5815=VERTEX_POINT('',#16409);
#5816=VERTEX_POINT('',#16411);
#5817=VERTEX_POINT('',#16413);
#5818=VERTEX_POINT('',#16417);
#5819=VERTEX_POINT('',#16418);
#5820=VERTEX_POINT('',#16420);
#5821=VERTEX_POINT('',#16422);
#5822=VERTEX_POINT('',#16433);
#5823=VERTEX_POINT('',#16435);
#5824=VERTEX_POINT('',#16439);
#5825=VERTEX_POINT('',#16441);
#5826=VERTEX_POINT('',#16445);
#5827=VERTEX_POINT('',#16446);
#5828=VERTEX_POINT('',#16448);
#5829=VERTEX_POINT('',#16450);
#5830=VERTEX_POINT('',#16454);
#5831=VERTEX_POINT('',#16456);
#5832=VERTEX_POINT('',#16460);
#5833=VERTEX_POINT('',#16462);
#5834=VERTEX_POINT('',#16466);
#5835=VERTEX_POINT('',#16467);
#5836=VERTEX_POINT('',#16469);
#5837=VERTEX_POINT('',#16471);
#5838=VERTEX_POINT('',#16475);
#5839=VERTEX_POINT('',#16477);
#5840=VERTEX_POINT('',#16481);
#5841=VERTEX_POINT('',#16483);
#5842=VERTEX_POINT('',#16487);
#5843=VERTEX_POINT('',#16497);
#5844=VERTEX_POINT('',#16499);
#5845=VERTEX_POINT('',#16503);
#5846=VERTEX_POINT('',#16512);
#5847=VERTEX_POINT('',#16513);
#5848=VERTEX_POINT('',#16515);
#5849=VERTEX_POINT('',#16517);
#5850=VERTEX_POINT('',#16521);
#5851=VERTEX_POINT('',#16522);
#5852=VERTEX_POINT('',#16524);
#5853=VERTEX_POINT('',#16526);
#5854=VERTEX_POINT('',#16530);
#5855=VERTEX_POINT('',#16531);
#5856=VERTEX_POINT('',#16533);
#5857=VERTEX_POINT('',#16535);
#5858=VERTEX_POINT('',#16544);
#5859=VERTEX_POINT('',#16545);
#5860=VERTEX_POINT('',#16550);
#5861=VERTEX_POINT('',#16555);
#5862=VERTEX_POINT('',#16567);
#5863=VERTEX_POINT('',#16568);
#5864=VERTEX_POINT('',#16570);
#5865=VERTEX_POINT('',#16572);
#5866=VERTEX_POINT('',#16576);
#5867=VERTEX_POINT('',#16577);
#5868=VERTEX_POINT('',#16582);
#5869=VERTEX_POINT('',#16583);
#5870=VERTEX_POINT('',#16585);
#5871=VERTEX_POINT('',#16587);
#5872=VERTEX_POINT('',#16591);
#5873=VERTEX_POINT('',#16592);
#5874=VERTEX_POINT('',#16594);
#5875=VERTEX_POINT('',#16596);
#5876=VERTEX_POINT('',#16600);
#5877=VERTEX_POINT('',#16601);
#5878=VERTEX_POINT('',#16603);
#5879=VERTEX_POINT('',#16605);
#5880=VERTEX_POINT('',#16609);
#5881=VERTEX_POINT('',#16611);
#5882=VERTEX_POINT('',#16615);
#5883=VERTEX_POINT('',#16616);
#5884=VERTEX_POINT('',#16618);
#5885=VERTEX_POINT('',#16620);
#5886=VERTEX_POINT('',#16624);
#5887=VERTEX_POINT('',#16625);
#5888=VERTEX_POINT('',#16630);
#5889=VERTEX_POINT('',#16631);
#5890=VERTEX_POINT('',#16636);
#5891=VERTEX_POINT('',#16637);
#5892=VERTEX_POINT('',#16642);
#5893=VERTEX_POINT('',#16643);
#5894=VERTEX_POINT('',#16648);
#5895=VERTEX_POINT('',#16649);
#5896=VERTEX_POINT('',#16654);
#5897=VERTEX_POINT('',#16655);
#5898=VERTEX_POINT('',#16660);
#5899=VERTEX_POINT('',#16661);
#5900=VERTEX_POINT('',#16666);
#5901=VERTEX_POINT('',#16668);
#5902=VERTEX_POINT('',#16672);
#5903=VERTEX_POINT('',#16673);
#5904=VERTEX_POINT('',#16675);
#5905=VERTEX_POINT('',#16677);
#5906=VERTEX_POINT('',#16681);
#5907=VERTEX_POINT('',#16682);
#5908=VERTEX_POINT('',#16687);
#5909=VERTEX_POINT('',#16688);
#5910=VERTEX_POINT('',#16693);
#5911=VERTEX_POINT('',#16694);
#5912=VERTEX_POINT('',#16699);
#5913=VERTEX_POINT('',#16700);
#5914=VERTEX_POINT('',#16705);
#5915=VERTEX_POINT('',#16706);
#5916=VERTEX_POINT('',#16711);
#5917=VERTEX_POINT('',#16712);
#5918=VERTEX_POINT('',#16717);
#5919=VERTEX_POINT('',#16719);
#5920=VERTEX_POINT('',#16731);
#5921=VERTEX_POINT('',#16735);
#5922=VERTEX_POINT('',#16749);
#5923=VERTEX_POINT('',#16750);
#5924=VERTEX_POINT('',#16752);
#5925=VERTEX_POINT('',#16754);
#5926=VERTEX_POINT('',#16758);
#5927=VERTEX_POINT('',#16759);
#5928=VERTEX_POINT('',#16761);
#5929=VERTEX_POINT('',#16763);
#5930=VERTEX_POINT('',#16767);
#5931=VERTEX_POINT('',#16769);
#5932=VERTEX_POINT('',#16773);
#5933=VERTEX_POINT('',#16774);
#5934=VERTEX_POINT('',#16776);
#5935=VERTEX_POINT('',#16778);
#5936=VERTEX_POINT('',#16782);
#5937=VERTEX_POINT('',#16783);
#5938=VERTEX_POINT('',#16788);
#5939=VERTEX_POINT('',#16789);
#5940=VERTEX_POINT('',#16791);
#5941=VERTEX_POINT('',#16793);
#5942=VERTEX_POINT('',#16797);
#5943=VERTEX_POINT('',#16798);
#5944=VERTEX_POINT('',#16800);
#5945=VERTEX_POINT('',#16802);
#5946=VERTEX_POINT('',#16806);
#5947=VERTEX_POINT('',#16807);
#5948=VERTEX_POINT('',#16812);
#5949=VERTEX_POINT('',#16813);
#5950=VERTEX_POINT('',#16818);
#5951=VERTEX_POINT('',#16819);
#5952=VERTEX_POINT('',#16824);
#5953=VERTEX_POINT('',#16825);
#5954=VERTEX_POINT('',#16830);
#5955=VERTEX_POINT('',#16831);
#5956=VERTEX_POINT('',#16836);
#5957=VERTEX_POINT('',#16837);
#5958=VERTEX_POINT('',#16842);
#5959=VERTEX_POINT('',#16843);
#5960=VERTEX_POINT('',#16848);
#5961=VERTEX_POINT('',#16850);
#5962=VERTEX_POINT('',#16854);
#5963=VERTEX_POINT('',#16855);
#5964=VERTEX_POINT('',#16857);
#5965=VERTEX_POINT('',#16859);
#5966=VERTEX_POINT('',#16863);
#5967=VERTEX_POINT('',#16864);
#5968=VERTEX_POINT('',#16869);
#5969=VERTEX_POINT('',#16870);
#5970=VERTEX_POINT('',#16875);
#5971=VERTEX_POINT('',#16876);
#5972=VERTEX_POINT('',#16881);
#5973=VERTEX_POINT('',#16882);
#5974=VERTEX_POINT('',#16887);
#5975=VERTEX_POINT('',#16888);
#5976=VERTEX_POINT('',#16893);
#5977=VERTEX_POINT('',#16894);
#5978=VERTEX_POINT('',#16899);
#5979=VERTEX_POINT('',#16901);
#5980=VERTEX_POINT('',#16913);
#5981=VERTEX_POINT('',#16917);
#5982=VERTEX_POINT('',#16931);
#5983=VERTEX_POINT('',#16932);
#5984=VERTEX_POINT('',#16934);
#5985=VERTEX_POINT('',#16936);
#5986=VERTEX_POINT('',#16940);
#5987=VERTEX_POINT('',#16941);
#5988=VERTEX_POINT('',#16943);
#5989=VERTEX_POINT('',#16945);
#5990=VERTEX_POINT('',#16949);
#5991=VERTEX_POINT('',#16951);
#5992=VERTEX_POINT('',#16955);
#5993=VERTEX_POINT('',#16956);
#5994=VERTEX_POINT('',#16958);
#5995=VERTEX_POINT('',#16960);
#5996=VERTEX_POINT('',#16964);
#5997=VERTEX_POINT('',#16965);
#5998=VERTEX_POINT('',#16970);
#5999=VERTEX_POINT('',#16971);
#6000=VERTEX_POINT('',#16973);
#6001=VERTEX_POINT('',#16975);
#6002=VERTEX_POINT('',#16979);
#6003=VERTEX_POINT('',#16980);
#6004=VERTEX_POINT('',#16982);
#6005=VERTEX_POINT('',#16984);
#6006=VERTEX_POINT('',#16988);
#6007=VERTEX_POINT('',#16989);
#6008=VERTEX_POINT('',#16994);
#6009=VERTEX_POINT('',#16995);
#6010=VERTEX_POINT('',#17000);
#6011=VERTEX_POINT('',#17001);
#6012=VERTEX_POINT('',#17006);
#6013=VERTEX_POINT('',#17007);
#6014=VERTEX_POINT('',#17012);
#6015=VERTEX_POINT('',#17013);
#6016=VERTEX_POINT('',#17018);
#6017=VERTEX_POINT('',#17019);
#6018=VERTEX_POINT('',#17024);
#6019=VERTEX_POINT('',#17025);
#6020=VERTEX_POINT('',#17030);
#6021=VERTEX_POINT('',#17032);
#6022=VERTEX_POINT('',#17036);
#6023=VERTEX_POINT('',#17037);
#6024=VERTEX_POINT('',#17039);
#6025=VERTEX_POINT('',#17041);
#6026=VERTEX_POINT('',#17045);
#6027=VERTEX_POINT('',#17046);
#6028=VERTEX_POINT('',#17051);
#6029=VERTEX_POINT('',#17052);
#6030=VERTEX_POINT('',#17057);
#6031=VERTEX_POINT('',#17058);
#6032=VERTEX_POINT('',#17063);
#6033=VERTEX_POINT('',#17064);
#6034=VERTEX_POINT('',#17069);
#6035=VERTEX_POINT('',#17070);
#6036=VERTEX_POINT('',#17075);
#6037=VERTEX_POINT('',#17076);
#6038=VERTEX_POINT('',#17081);
#6039=VERTEX_POINT('',#17083);
#6040=VERTEX_POINT('',#17095);
#6041=VERTEX_POINT('',#17099);
#6042=VERTEX_POINT('',#17113);
#6043=VERTEX_POINT('',#17114);
#6044=VERTEX_POINT('',#17116);
#6045=VERTEX_POINT('',#17118);
#6046=VERTEX_POINT('',#17122);
#6047=VERTEX_POINT('',#17123);
#6048=VERTEX_POINT('',#17125);
#6049=VERTEX_POINT('',#17127);
#6050=VERTEX_POINT('',#17131);
#6051=VERTEX_POINT('',#17133);
#6052=VERTEX_POINT('',#17137);
#6053=VERTEX_POINT('',#17138);
#6054=VERTEX_POINT('',#17140);
#6055=VERTEX_POINT('',#17142);
#6056=VERTEX_POINT('',#17146);
#6057=VERTEX_POINT('',#17147);
#6058=VERTEX_POINT('',#17152);
#6059=VERTEX_POINT('',#17153);
#6060=VERTEX_POINT('',#17155);
#6061=VERTEX_POINT('',#17157);
#6062=VERTEX_POINT('',#17161);
#6063=VERTEX_POINT('',#17162);
#6064=VERTEX_POINT('',#17164);
#6065=VERTEX_POINT('',#17166);
#6066=VERTEX_POINT('',#17170);
#6067=VERTEX_POINT('',#17171);
#6068=VERTEX_POINT('',#17176);
#6069=VERTEX_POINT('',#17177);
#6070=VERTEX_POINT('',#17182);
#6071=VERTEX_POINT('',#17183);
#6072=VERTEX_POINT('',#17188);
#6073=VERTEX_POINT('',#17189);
#6074=VERTEX_POINT('',#17194);
#6075=VERTEX_POINT('',#17195);
#6076=VERTEX_POINT('',#17200);
#6077=VERTEX_POINT('',#17201);
#6078=VERTEX_POINT('',#17206);
#6079=VERTEX_POINT('',#17207);
#6080=VERTEX_POINT('',#17212);
#6081=VERTEX_POINT('',#17214);
#6082=VERTEX_POINT('',#17218);
#6083=VERTEX_POINT('',#17219);
#6084=VERTEX_POINT('',#17221);
#6085=VERTEX_POINT('',#17223);
#6086=VERTEX_POINT('',#17227);
#6087=VERTEX_POINT('',#17228);
#6088=VERTEX_POINT('',#17233);
#6089=VERTEX_POINT('',#17234);
#6090=VERTEX_POINT('',#17239);
#6091=VERTEX_POINT('',#17240);
#6092=VERTEX_POINT('',#17245);
#6093=VERTEX_POINT('',#17246);
#6094=VERTEX_POINT('',#17251);
#6095=VERTEX_POINT('',#17252);
#6096=VERTEX_POINT('',#17257);
#6097=VERTEX_POINT('',#17258);
#6098=VERTEX_POINT('',#17263);
#6099=VERTEX_POINT('',#17265);
#6100=VERTEX_POINT('',#17277);
#6101=VERTEX_POINT('',#17281);
#6102=VERTEX_POINT('',#17295);
#6103=VERTEX_POINT('',#17296);
#6104=VERTEX_POINT('',#17298);
#6105=VERTEX_POINT('',#17300);
#6106=VERTEX_POINT('',#17304);
#6107=VERTEX_POINT('',#17305);
#6108=VERTEX_POINT('',#17307);
#6109=VERTEX_POINT('',#17309);
#6110=VERTEX_POINT('',#17313);
#6111=VERTEX_POINT('',#17315);
#6112=VERTEX_POINT('',#17319);
#6113=VERTEX_POINT('',#17320);
#6114=VERTEX_POINT('',#17322);
#6115=VERTEX_POINT('',#17324);
#6116=VERTEX_POINT('',#17328);
#6117=VERTEX_POINT('',#17329);
#6118=VERTEX_POINT('',#17334);
#6119=VERTEX_POINT('',#17335);
#6120=VERTEX_POINT('',#17337);
#6121=VERTEX_POINT('',#17339);
#6122=VERTEX_POINT('',#17343);
#6123=VERTEX_POINT('',#17344);
#6124=VERTEX_POINT('',#17346);
#6125=VERTEX_POINT('',#17348);
#6126=VERTEX_POINT('',#17352);
#6127=VERTEX_POINT('',#17353);
#6128=VERTEX_POINT('',#17358);
#6129=VERTEX_POINT('',#17359);
#6130=VERTEX_POINT('',#17364);
#6131=VERTEX_POINT('',#17365);
#6132=VERTEX_POINT('',#17370);
#6133=VERTEX_POINT('',#17371);
#6134=VERTEX_POINT('',#17376);
#6135=VERTEX_POINT('',#17377);
#6136=VERTEX_POINT('',#17382);
#6137=VERTEX_POINT('',#17383);
#6138=VERTEX_POINT('',#17388);
#6139=VERTEX_POINT('',#17389);
#6140=VERTEX_POINT('',#17394);
#6141=VERTEX_POINT('',#17396);
#6142=VERTEX_POINT('',#17400);
#6143=VERTEX_POINT('',#17401);
#6144=VERTEX_POINT('',#17403);
#6145=VERTEX_POINT('',#17405);
#6146=VERTEX_POINT('',#17409);
#6147=VERTEX_POINT('',#17410);
#6148=VERTEX_POINT('',#17415);
#6149=VERTEX_POINT('',#17416);
#6150=VERTEX_POINT('',#17421);
#6151=VERTEX_POINT('',#17422);
#6152=VERTEX_POINT('',#17427);
#6153=VERTEX_POINT('',#17428);
#6154=VERTEX_POINT('',#17433);
#6155=VERTEX_POINT('',#17434);
#6156=VERTEX_POINT('',#17439);
#6157=VERTEX_POINT('',#17440);
#6158=VERTEX_POINT('',#17445);
#6159=VERTEX_POINT('',#17447);
#6160=VERTEX_POINT('',#17459);
#6161=VERTEX_POINT('',#17463);
#6162=VERTEX_POINT('',#17477);
#6163=VERTEX_POINT('',#17478);
#6164=VERTEX_POINT('',#17480);
#6165=VERTEX_POINT('',#17482);
#6166=VERTEX_POINT('',#17486);
#6167=VERTEX_POINT('',#17487);
#6168=VERTEX_POINT('',#17489);
#6169=VERTEX_POINT('',#17491);
#6170=VERTEX_POINT('',#17495);
#6171=VERTEX_POINT('',#17497);
#6172=VERTEX_POINT('',#17501);
#6173=VERTEX_POINT('',#17502);
#6174=VERTEX_POINT('',#17504);
#6175=VERTEX_POINT('',#17506);
#6176=VERTEX_POINT('',#17510);
#6177=VERTEX_POINT('',#17511);
#6178=VERTEX_POINT('',#17516);
#6179=VERTEX_POINT('',#17517);
#6180=VERTEX_POINT('',#17519);
#6181=VERTEX_POINT('',#17521);
#6182=VERTEX_POINT('',#17525);
#6183=VERTEX_POINT('',#17526);
#6184=VERTEX_POINT('',#17528);
#6185=VERTEX_POINT('',#17530);
#6186=VERTEX_POINT('',#17534);
#6187=VERTEX_POINT('',#17535);
#6188=VERTEX_POINT('',#17540);
#6189=VERTEX_POINT('',#17541);
#6190=VERTEX_POINT('',#17546);
#6191=VERTEX_POINT('',#17547);
#6192=VERTEX_POINT('',#17552);
#6193=VERTEX_POINT('',#17553);
#6194=VERTEX_POINT('',#17558);
#6195=VERTEX_POINT('',#17559);
#6196=VERTEX_POINT('',#17564);
#6197=VERTEX_POINT('',#17565);
#6198=VERTEX_POINT('',#17570);
#6199=VERTEX_POINT('',#17571);
#6200=VERTEX_POINT('',#17576);
#6201=VERTEX_POINT('',#17578);
#6202=VERTEX_POINT('',#17582);
#6203=VERTEX_POINT('',#17583);
#6204=VERTEX_POINT('',#17585);
#6205=VERTEX_POINT('',#17587);
#6206=VERTEX_POINT('',#17591);
#6207=VERTEX_POINT('',#17592);
#6208=VERTEX_POINT('',#17597);
#6209=VERTEX_POINT('',#17598);
#6210=VERTEX_POINT('',#17603);
#6211=VERTEX_POINT('',#17604);
#6212=VERTEX_POINT('',#17609);
#6213=VERTEX_POINT('',#17610);
#6214=VERTEX_POINT('',#17615);
#6215=VERTEX_POINT('',#17616);
#6216=VERTEX_POINT('',#17621);
#6217=VERTEX_POINT('',#17622);
#6218=VERTEX_POINT('',#17627);
#6219=VERTEX_POINT('',#17629);
#6220=VERTEX_POINT('',#17641);
#6221=VERTEX_POINT('',#17645);
#6222=VERTEX_POINT('',#17659);
#6223=VERTEX_POINT('',#17660);
#6224=VERTEX_POINT('',#17662);
#6225=VERTEX_POINT('',#17664);
#6226=VERTEX_POINT('',#17668);
#6227=VERTEX_POINT('',#17669);
#6228=VERTEX_POINT('',#17671);
#6229=VERTEX_POINT('',#17673);
#6230=VERTEX_POINT('',#17677);
#6231=VERTEX_POINT('',#17679);
#6232=VERTEX_POINT('',#17683);
#6233=VERTEX_POINT('',#17684);
#6234=VERTEX_POINT('',#17686);
#6235=VERTEX_POINT('',#17688);
#6236=VERTEX_POINT('',#17692);
#6237=VERTEX_POINT('',#17693);
#6238=VERTEX_POINT('',#17698);
#6239=VERTEX_POINT('',#17699);
#6240=VERTEX_POINT('',#17701);
#6241=VERTEX_POINT('',#17703);
#6242=VERTEX_POINT('',#17707);
#6243=VERTEX_POINT('',#17708);
#6244=VERTEX_POINT('',#17710);
#6245=VERTEX_POINT('',#17712);
#6246=VERTEX_POINT('',#17716);
#6247=VERTEX_POINT('',#17717);
#6248=VERTEX_POINT('',#17722);
#6249=VERTEX_POINT('',#17723);
#6250=VERTEX_POINT('',#17728);
#6251=VERTEX_POINT('',#17729);
#6252=VERTEX_POINT('',#17734);
#6253=VERTEX_POINT('',#17735);
#6254=VERTEX_POINT('',#17740);
#6255=VERTEX_POINT('',#17741);
#6256=VERTEX_POINT('',#17746);
#6257=VERTEX_POINT('',#17747);
#6258=VERTEX_POINT('',#17752);
#6259=VERTEX_POINT('',#17753);
#6260=VERTEX_POINT('',#17758);
#6261=VERTEX_POINT('',#17760);
#6262=VERTEX_POINT('',#17764);
#6263=VERTEX_POINT('',#17765);
#6264=VERTEX_POINT('',#17767);
#6265=VERTEX_POINT('',#17769);
#6266=VERTEX_POINT('',#17773);
#6267=VERTEX_POINT('',#17774);
#6268=VERTEX_POINT('',#17779);
#6269=VERTEX_POINT('',#17780);
#6270=VERTEX_POINT('',#17785);
#6271=VERTEX_POINT('',#17786);
#6272=VERTEX_POINT('',#17791);
#6273=VERTEX_POINT('',#17792);
#6274=VERTEX_POINT('',#17797);
#6275=VERTEX_POINT('',#17798);
#6276=VERTEX_POINT('',#17803);
#6277=VERTEX_POINT('',#17804);
#6278=VERTEX_POINT('',#17809);
#6279=VERTEX_POINT('',#17811);
#6280=VERTEX_POINT('',#17823);
#6281=VERTEX_POINT('',#17827);
#6282=VERTEX_POINT('',#17841);
#6283=VERTEX_POINT('',#17842);
#6284=VERTEX_POINT('',#17844);
#6285=VERTEX_POINT('',#17846);
#6286=VERTEX_POINT('',#17850);
#6287=VERTEX_POINT('',#17851);
#6288=VERTEX_POINT('',#17853);
#6289=VERTEX_POINT('',#17855);
#6290=VERTEX_POINT('',#17859);
#6291=VERTEX_POINT('',#17861);
#6292=VERTEX_POINT('',#17865);
#6293=VERTEX_POINT('',#17866);
#6294=VERTEX_POINT('',#17868);
#6295=VERTEX_POINT('',#17870);
#6296=VERTEX_POINT('',#17874);
#6297=VERTEX_POINT('',#17875);
#6298=VERTEX_POINT('',#17880);
#6299=VERTEX_POINT('',#17881);
#6300=VERTEX_POINT('',#17883);
#6301=VERTEX_POINT('',#17885);
#6302=VERTEX_POINT('',#17889);
#6303=VERTEX_POINT('',#17890);
#6304=VERTEX_POINT('',#17892);
#6305=VERTEX_POINT('',#17894);
#6306=VERTEX_POINT('',#17898);
#6307=VERTEX_POINT('',#17899);
#6308=VERTEX_POINT('',#17904);
#6309=VERTEX_POINT('',#17905);
#6310=VERTEX_POINT('',#17910);
#6311=VERTEX_POINT('',#17911);
#6312=VERTEX_POINT('',#17916);
#6313=VERTEX_POINT('',#17917);
#6314=VERTEX_POINT('',#17922);
#6315=VERTEX_POINT('',#17923);
#6316=VERTEX_POINT('',#17928);
#6317=VERTEX_POINT('',#17929);
#6318=VERTEX_POINT('',#17934);
#6319=VERTEX_POINT('',#17935);
#6320=VERTEX_POINT('',#17940);
#6321=VERTEX_POINT('',#17942);
#6322=VERTEX_POINT('',#17946);
#6323=VERTEX_POINT('',#17947);
#6324=VERTEX_POINT('',#17949);
#6325=VERTEX_POINT('',#17951);
#6326=VERTEX_POINT('',#17955);
#6327=VERTEX_POINT('',#17956);
#6328=VERTEX_POINT('',#17961);
#6329=VERTEX_POINT('',#17962);
#6330=VERTEX_POINT('',#17967);
#6331=VERTEX_POINT('',#17968);
#6332=VERTEX_POINT('',#17973);
#6333=VERTEX_POINT('',#17974);
#6334=VERTEX_POINT('',#17979);
#6335=VERTEX_POINT('',#17980);
#6336=VERTEX_POINT('',#17985);
#6337=VERTEX_POINT('',#17986);
#6338=VERTEX_POINT('',#17991);
#6339=VERTEX_POINT('',#17993);
#6340=VERTEX_POINT('',#18005);
#6341=VERTEX_POINT('',#18009);
#6342=VERTEX_POINT('',#18023);
#6343=VERTEX_POINT('',#18024);
#6344=VERTEX_POINT('',#18026);
#6345=VERTEX_POINT('',#18028);
#6346=VERTEX_POINT('',#18032);
#6347=VERTEX_POINT('',#18033);
#6348=VERTEX_POINT('',#18035);
#6349=VERTEX_POINT('',#18037);
#6350=VERTEX_POINT('',#18041);
#6351=VERTEX_POINT('',#18043);
#6352=VERTEX_POINT('',#18047);
#6353=VERTEX_POINT('',#18048);
#6354=VERTEX_POINT('',#18050);
#6355=VERTEX_POINT('',#18052);
#6356=VERTEX_POINT('',#18056);
#6357=VERTEX_POINT('',#18057);
#6358=VERTEX_POINT('',#18062);
#6359=VERTEX_POINT('',#18063);
#6360=VERTEX_POINT('',#18065);
#6361=VERTEX_POINT('',#18067);
#6362=VERTEX_POINT('',#18071);
#6363=VERTEX_POINT('',#18072);
#6364=VERTEX_POINT('',#18074);
#6365=VERTEX_POINT('',#18076);
#6366=VERTEX_POINT('',#18080);
#6367=VERTEX_POINT('',#18081);
#6368=VERTEX_POINT('',#18086);
#6369=VERTEX_POINT('',#18087);
#6370=VERTEX_POINT('',#18092);
#6371=VERTEX_POINT('',#18093);
#6372=VERTEX_POINT('',#18098);
#6373=VERTEX_POINT('',#18099);
#6374=VERTEX_POINT('',#18104);
#6375=VERTEX_POINT('',#18105);
#6376=VERTEX_POINT('',#18110);
#6377=VERTEX_POINT('',#18111);
#6378=VERTEX_POINT('',#18116);
#6379=VERTEX_POINT('',#18117);
#6380=VERTEX_POINT('',#18122);
#6381=VERTEX_POINT('',#18124);
#6382=VERTEX_POINT('',#18136);
#6383=VERTEX_POINT('',#18137);
#6384=VERTEX_POINT('',#18139);
#6385=VERTEX_POINT('',#18141);
#6386=VERTEX_POINT('',#18143);
#6387=VERTEX_POINT('',#18145);
#6388=VERTEX_POINT('',#18147);
#6389=VERTEX_POINT('',#18149);
#6390=VERTEX_POINT('',#18151);
#6391=VERTEX_POINT('',#18153);
#6392=VERTEX_POINT('',#18157);
#6393=VERTEX_POINT('',#18158);
#6394=VERTEX_POINT('',#18163);
#6395=VERTEX_POINT('',#18167);
#6396=VERTEX_POINT('',#18171);
#6397=VERTEX_POINT('',#18175);
#6398=VERTEX_POINT('',#18179);
#6399=VERTEX_POINT('',#18183);
#6400=VERTEX_POINT('',#18187);
#6401=VERTEX_POINT('',#18191);
#6402=VERTEX_POINT('',#18195);
#6403=VERTEX_POINT('',#18196);
#6404=VERTEX_POINT('',#18198);
#6405=VERTEX_POINT('',#18200);
#6406=VERTEX_POINT('',#18204);
#6407=VERTEX_POINT('',#18205);
#6408=VERTEX_POINT('',#18210);
#6409=VERTEX_POINT('',#18211);
#6410=VERTEX_POINT('',#18216);
#6411=VERTEX_POINT('',#18217);
#6412=VERTEX_POINT('',#18222);
#6413=VERTEX_POINT('',#18223);
#6414=VERTEX_POINT('',#18228);
#6415=VERTEX_POINT('',#18229);
#6416=VERTEX_POINT('',#18234);
#6417=VERTEX_POINT('',#18235);
#6418=VERTEX_POINT('',#18240);
#6419=VERTEX_POINT('',#18241);
#6420=VERTEX_POINT('',#18246);
#6421=VERTEX_POINT('',#18248);
#6422=VERTEX_POINT('',#18252);
#6423=VERTEX_POINT('',#18253);
#6424=VERTEX_POINT('',#18255);
#6425=VERTEX_POINT('',#18257);
#6426=VERTEX_POINT('',#18261);
#6427=VERTEX_POINT('',#18262);
#6428=VERTEX_POINT('',#18267);
#6429=VERTEX_POINT('',#18268);
#6430=VERTEX_POINT('',#18273);
#6431=VERTEX_POINT('',#18274);
#6432=VERTEX_POINT('',#18279);
#6433=VERTEX_POINT('',#18280);
#6434=VERTEX_POINT('',#18285);
#6435=VERTEX_POINT('',#18286);
#6436=VERTEX_POINT('',#18291);
#6437=VERTEX_POINT('',#18292);
#6438=VERTEX_POINT('',#18297);
#6439=VERTEX_POINT('',#18298);
#6440=VERTEX_POINT('',#18303);
#6441=VERTEX_POINT('',#18305);
#6442=VERTEX_POINT('',#18309);
#6443=VERTEX_POINT('',#18310);
#6444=VERTEX_POINT('',#18312);
#6445=VERTEX_POINT('',#18314);
#6446=VERTEX_POINT('',#18318);
#6447=VERTEX_POINT('',#18319);
#6448=VERTEX_POINT('',#18324);
#6449=VERTEX_POINT('',#18325);
#6450=VERTEX_POINT('',#18330);
#6451=VERTEX_POINT('',#18331);
#6452=VERTEX_POINT('',#18336);
#6453=VERTEX_POINT('',#18337);
#6454=VERTEX_POINT('',#18342);
#6455=VERTEX_POINT('',#18343);
#6456=VERTEX_POINT('',#18348);
#6457=VERTEX_POINT('',#18349);
#6458=VERTEX_POINT('',#18354);
#6459=VERTEX_POINT('',#18355);
#6460=VERTEX_POINT('',#18360);
#6461=VERTEX_POINT('',#18361);
#6462=VERTEX_POINT('',#18366);
#6463=VERTEX_POINT('',#18367);
#6464=VERTEX_POINT('',#18372);
#6465=VERTEX_POINT('',#18373);
#6466=VERTEX_POINT('',#18396);
#6467=VERTEX_POINT('',#18397);
#6468=VERTEX_POINT('',#18399);
#6469=VERTEX_POINT('',#18401);
#6470=VERTEX_POINT('',#18405);
#6471=VERTEX_POINT('',#18406);
#6472=VERTEX_POINT('',#18408);
#6473=VERTEX_POINT('',#18410);
#6474=VERTEX_POINT('',#18414);
#6475=VERTEX_POINT('',#18416);
#6476=VERTEX_POINT('',#18425);
#6477=VERTEX_POINT('',#18426);
#6478=VERTEX_POINT('',#18428);
#6479=VERTEX_POINT('',#18430);
#6480=VERTEX_POINT('',#18434);
#6481=VERTEX_POINT('',#18435);
#6482=VERTEX_POINT('',#18437);
#6483=VERTEX_POINT('',#18439);
#6484=VERTEX_POINT('',#18447);
#6485=VERTEX_POINT('',#18452);
#6486=VERTEX_POINT('',#18467);
#6487=VERTEX_POINT('',#18469);
#6488=VERTEX_POINT('',#18475);
#6489=VERTEX_POINT('',#18481);
#6490=VERTEX_POINT('',#18489);
#6491=VERTEX_POINT('',#18491);
#6492=VERTEX_POINT('',#18493);
#6493=VERTEX_POINT('',#18495);
#6494=VERTEX_POINT('',#18497);
#6495=VERTEX_POINT('',#18499);
#6496=VERTEX_POINT('',#18503);
#6497=VERTEX_POINT('',#18505);
#6498=VERTEX_POINT('',#18509);
#6499=VERTEX_POINT('',#18513);
#6500=VERTEX_POINT('',#18517);
#6501=VERTEX_POINT('',#18518);
#6502=VERTEX_POINT('',#18526);
#6503=VERTEX_POINT('',#18530);
#6504=VERTEX_POINT('',#18539);
#6505=VERTEX_POINT('',#18546);
#6506=VERTEX_POINT('',#18548);
#6507=VERTEX_POINT('',#18552);
#6508=VERTEX_POINT('',#18557);
#6509=VERTEX_POINT('',#18569);
#6510=EDGE_CURVE('',#5483,#5484,#8842,.T.);
#6511=EDGE_CURVE('',#5485,#5483,#8843,.T.);
#6512=EDGE_CURVE('',#5485,#5486,#8844,.T.);
#6513=EDGE_CURVE('',#5486,#5484,#8845,.T.);
#6514=EDGE_CURVE('',#5487,#5488,#8846,.T.);
#6515=EDGE_CURVE('',#5489,#5487,#8847,.T.);
#6516=EDGE_CURVE('',#5489,#5490,#8848,.T.);
#6517=EDGE_CURVE('',#5490,#5488,#8849,.T.);
#6518=EDGE_CURVE('',#5491,#5492,#8850,.T.);
#6519=EDGE_CURVE('',#5492,#5493,#8061,.T.);
#6520=EDGE_CURVE('',#5491,#5493,#8851,.T.);
#6521=EDGE_CURVE('',#5494,#5491,#8852,.T.);
#6522=EDGE_CURVE('',#5493,#5494,#8062,.T.);
#6523=EDGE_CURVE('',#5495,#5496,#8853,.T.);
#6524=EDGE_CURVE('',#5497,#5496,#8063,.T.);
#6525=EDGE_CURVE('',#5497,#5498,#8854,.T.);
#6526=EDGE_CURVE('',#5494,#5498,#8064,.T.);
#6527=EDGE_CURVE('',#5499,#5493,#8855,.T.);
#6528=EDGE_CURVE('',#5500,#5499,#8065,.T.);
#6529=EDGE_CURVE('',#5501,#5500,#8856,.T.);
#6530=EDGE_CURVE('',#5495,#5501,#8066,.T.);
#6531=EDGE_CURVE('',#5502,#5503,#8857,.T.);
#6532=EDGE_CURVE('',#5504,#5503,#8858,.T.);
#6533=EDGE_CURVE('',#5505,#5504,#8859,.T.);
#6534=EDGE_CURVE('',#5505,#5502,#8860,.T.);
#6535=EDGE_CURVE('',#5506,#5507,#8861,.T.);
#6536=EDGE_CURVE('',#5501,#5507,#8862,.T.);
#6537=EDGE_CURVE('',#5500,#5506,#8863,.T.);
#6538=EDGE_CURVE('',#5508,#5509,#8864,.T.);
#6539=EDGE_CURVE('',#5503,#5508,#8865,.T.);
#6540=EDGE_CURVE('',#5502,#5509,#8866,.T.);
#6541=EDGE_CURVE('',#5510,#5511,#8867,.T.);
#6542=EDGE_CURVE('',#5507,#5511,#8868,.T.);
#6543=EDGE_CURVE('',#5506,#5510,#8869,.T.);
#6544=EDGE_CURVE('',#5512,#5504,#8870,.T.);
#6545=EDGE_CURVE('',#5512,#5513,#8871,.T.);
#6546=EDGE_CURVE('',#5513,#5505,#8872,.T.);
#6547=EDGE_CURVE('',#5511,#5495,#8873,.T.);
#6548=EDGE_CURVE('',#5510,#5496,#8874,.T.);
#6549=EDGE_CURVE('',#5499,#5509,#8067,.T.);
#6550=EDGE_CURVE('',#5498,#5492,#8068,.T.);
#6551=EDGE_CURVE('',#5513,#5497,#8069,.T.);
#6552=EDGE_CURVE('',#5508,#5512,#8070,.T.);
#6553=EDGE_CURVE('',#5514,#5515,#8875,.T.);
#6554=EDGE_CURVE('',#5515,#5516,#8071,.T.);
#6555=EDGE_CURVE('',#5517,#5516,#8876,.T.);
#6556=EDGE_CURVE('',#5514,#5517,#8072,.T.);
#6557=EDGE_CURVE('',#5518,#5514,#8073,.T.);
#6558=EDGE_CURVE('',#5517,#5519,#8074,.T.);
#6559=EDGE_CURVE('',#5519,#5518,#8075,.T.);
#6560=EDGE_CURVE('',#5520,#5519,#8877,.T.);
#6561=EDGE_CURVE('',#5516,#5520,#8076,.T.);
#6562=EDGE_CURVE('',#5521,#5522,#8878,.T.);
#6563=EDGE_CURVE('',#5523,#5522,#8077,.T.);
#6564=EDGE_CURVE('',#5523,#5524,#8879,.T.);
#6565=EDGE_CURVE('',#5520,#5524,#8078,.T.);
#6566=EDGE_CURVE('',#5525,#5516,#8880,.T.);
#6567=EDGE_CURVE('',#5526,#5525,#8079,.T.);
#6568=EDGE_CURVE('',#5527,#5526,#8881,.T.);
#6569=EDGE_CURVE('',#5521,#5527,#8080,.T.);
#6570=EDGE_CURVE('',#5528,#5529,#8882,.T.);
#6571=EDGE_CURVE('',#5525,#5529,#8081,.T.);
#6572=EDGE_CURVE('',#5524,#5515,#8082,.T.);
#6573=EDGE_CURVE('',#5530,#5523,#8083,.T.);
#6574=EDGE_CURVE('',#5531,#5530,#8883,.T.);
#6575=EDGE_CURVE('',#5528,#5531,#8084,.T.);
#6576=EDGE_CURVE('',#5527,#5532,#8884,.T.);
#6577=EDGE_CURVE('',#5532,#5533,#8885,.T.);
#6578=EDGE_CURVE('',#5533,#5521,#8886,.T.);
#6579=EDGE_CURVE('',#5531,#5534,#8887,.T.);
#6580=EDGE_CURVE('',#5534,#5535,#8888,.T.);
#6581=EDGE_CURVE('',#5535,#5528,#8889,.T.);
#6582=EDGE_CURVE('',#5536,#5535,#8890,.T.);
#6583=EDGE_CURVE('',#5537,#5534,#8891,.T.);
#6584=EDGE_CURVE('',#5537,#5536,#8892,.T.);
#6585=EDGE_CURVE('',#5538,#5532,#8893,.T.);
#6586=EDGE_CURVE('',#5526,#5538,#8894,.T.);
#6587=EDGE_CURVE('',#5536,#5529,#8895,.T.);
#6588=EDGE_CURVE('',#5539,#5533,#8896,.T.);
#6589=EDGE_CURVE('',#5538,#5539,#8897,.T.);
#6590=EDGE_CURVE('',#5530,#5537,#8898,.T.);
#6591=EDGE_CURVE('',#5539,#5522,#8899,.T.);
#6592=EDGE_CURVE('',#5540,#5541,#8085,.T.);
#6593=EDGE_CURVE('',#5541,#5542,#8900,.T.);
#6594=EDGE_CURVE('',#5543,#5542,#8086,.T.);
#6595=EDGE_CURVE('',#5540,#5543,#8901,.T.);
#6596=EDGE_CURVE('',#5544,#5545,#8087,.T.);
#6597=EDGE_CURVE('',#5544,#5546,#8902,.T.);
#6598=EDGE_CURVE('',#5547,#5546,#8903,.T.);
#6599=EDGE_CURVE('',#5543,#5547,#8904,.T.);
#6600=EDGE_CURVE('',#5542,#5548,#8905,.T.);
#6601=EDGE_CURVE('',#5549,#5548,#8906,.T.);
#6602=EDGE_CURVE('',#5545,#5549,#8907,.T.);
#6603=EDGE_CURVE('',#5550,#5547,#8908,.T.);
#6604=EDGE_CURVE('',#5551,#5546,#8909,.T.);
#6605=EDGE_CURVE('',#5550,#5551,#8910,.T.);
#6606=EDGE_CURVE('',#5552,#5553,#8911,.T.);
#6607=EDGE_CURVE('',#5554,#5553,#8912,.T.);
#6608=EDGE_CURVE('',#5555,#5554,#8913,.T.);
#6609=EDGE_CURVE('',#5555,#5552,#8914,.T.);
#6610=EDGE_CURVE('',#5556,#5557,#8915,.T.);
#6611=EDGE_CURVE('',#5557,#5558,#8916,.T.);
#6612=EDGE_CURVE('',#5559,#5558,#8917,.T.);
#6613=EDGE_CURVE('',#5556,#5559,#8918,.T.);
#6614=EDGE_CURVE('',#5560,#5561,#8919,.T.);
#6615=EDGE_CURVE('',#5561,#5562,#8920,.T.);
#6616=EDGE_CURVE('',#5563,#5562,#8921,.T.);
#6617=EDGE_CURVE('',#5564,#5563,#8922,.T.);
#6618=EDGE_CURVE('',#5565,#5564,#8923,.T.);
#6619=EDGE_CURVE('',#5566,#5565,#8924,.T.);
#6620=EDGE_CURVE('',#5566,#5567,#8925,.T.);
#6621=EDGE_CURVE('',#5560,#5567,#8926,.T.);
#6622=EDGE_CURVE('',#5566,#5568,#8088,.T.);
#6623=EDGE_CURVE('',#5565,#5569,#8089,.T.);
#6624=EDGE_CURVE('',#5568,#5569,#8927,.T.);
#6625=EDGE_CURVE('',#5570,#5557,#8928,.T.);
#6626=EDGE_CURVE('',#5571,#5570,#8090,.T.);
#6627=EDGE_CURVE('',#5571,#5572,#8929,.T.);
#6628=EDGE_CURVE('',#5567,#5572,#8930,.T.);
#6629=EDGE_CURVE('',#5568,#5558,#8931,.T.);
#6630=EDGE_CURVE('',#5570,#5573,#8932,.T.);
#6631=EDGE_CURVE('',#5574,#5573,#8091,.T.);
#6632=EDGE_CURVE('',#5571,#5574,#8933,.T.);
#6633=EDGE_CURVE('',#5556,#5575,#8934,.T.);
#6634=EDGE_CURVE('',#5575,#5576,#8935,.T.);
#6635=EDGE_CURVE('',#5540,#5576,#8936,.T.);
#6636=EDGE_CURVE('',#5555,#5550,#8937,.T.);
#6637=EDGE_CURVE('',#5573,#5554,#8938,.T.);
#6638=EDGE_CURVE('',#5577,#5578,#8939,.T.);
#6639=EDGE_CURVE('',#5576,#5578,#8940,.T.);
#6640=EDGE_CURVE('',#5575,#5577,#8941,.T.);
#6641=EDGE_CURVE('',#5579,#5580,#8942,.T.);
#6642=EDGE_CURVE('',#5541,#5579,#8943,.T.);
#6643=EDGE_CURVE('',#5581,#5578,#8944,.T.);
#6644=EDGE_CURVE('',#5581,#5582,#8092,.T.);
#6645=EDGE_CURVE('',#5582,#5580,#8945,.T.);
#6646=EDGE_CURVE('',#5583,#5584,#8946,.T.);
#6647=EDGE_CURVE('',#5584,#5585,#8947,.T.);
#6648=EDGE_CURVE('',#5586,#5585,#8948,.T.);
#6649=EDGE_CURVE('',#5548,#5586,#8949,.T.);
#6650=EDGE_CURVE('',#5583,#5579,#8950,.T.);
#6651=EDGE_CURVE('',#5587,#5588,#8951,.T.);
#6652=EDGE_CURVE('',#5585,#5588,#8952,.T.);
#6653=EDGE_CURVE('',#5584,#5587,#8953,.T.);
#6654=EDGE_CURVE('',#5582,#5545,#8954,.T.);
#6655=EDGE_CURVE('',#5549,#5589,#8955,.T.);
#6656=EDGE_CURVE('',#5588,#5589,#8956,.T.);
#6657=EDGE_CURVE('',#5587,#5590,#8957,.T.);
#6658=EDGE_CURVE('',#5590,#5580,#8958,.T.);
#6659=EDGE_CURVE('',#5581,#5544,#8959,.T.);
#6660=EDGE_CURVE('',#5577,#5559,#8960,.T.);
#6661=EDGE_CURVE('',#5569,#5553,#8961,.T.);
#6662=EDGE_CURVE('',#5551,#5552,#8962,.T.);
#6663=EDGE_CURVE('',#5591,#5564,#8963,.T.);
#6664=EDGE_CURVE('',#5574,#5591,#8964,.T.);
#6665=EDGE_CURVE('',#5591,#5592,#8965,.T.);
#6666=EDGE_CURVE('',#5593,#5592,#8966,.T.);
#6667=EDGE_CURVE('',#5594,#5593,#8967,.T.);
#6668=EDGE_CURVE('',#5594,#5595,#8968,.T.);
#6669=EDGE_CURVE('',#5595,#5572,#8969,.T.);
#6670=EDGE_CURVE('',#5596,#5597,#8970,.T.);
#6671=EDGE_CURVE('',#5597,#5598,#8971,.T.);
#6672=EDGE_CURVE('',#5599,#5598,#8972,.T.);
#6673=EDGE_CURVE('',#5596,#5599,#8973,.T.);
#6674=EDGE_CURVE('',#5600,#5601,#8974,.T.);
#6675=EDGE_CURVE('',#5602,#5601,#8975,.T.);
#6676=EDGE_CURVE('',#5603,#5602,#8976,.T.);
#6677=EDGE_CURVE('',#5603,#5600,#8977,.T.);
#6678=EDGE_CURVE('',#5604,#5605,#8978,.T.);
#6679=EDGE_CURVE('',#5605,#5606,#8979,.T.);
#6680=EDGE_CURVE('',#5607,#5606,#8980,.T.);
#6681=EDGE_CURVE('',#5604,#5607,#8981,.T.);
#6682=EDGE_CURVE('',#5608,#5609,#8982,.T.);
#6683=EDGE_CURVE('',#5610,#5609,#8983,.T.);
#6684=EDGE_CURVE('',#5611,#5610,#8984,.T.);
#6685=EDGE_CURVE('',#5611,#5608,#8985,.T.);
#6686=EDGE_CURVE('',#5612,#5613,#8093,.T.);
#6687=EDGE_CURVE('',#5613,#5614,#8986,.T.);
#6688=EDGE_CURVE('',#5615,#5614,#8094,.T.);
#6689=EDGE_CURVE('',#5612,#5615,#8987,.T.);
#6690=EDGE_CURVE('',#5616,#5609,#8988,.T.);
#6691=EDGE_CURVE('',#5616,#5617,#8095,.T.);
#6692=EDGE_CURVE('',#5617,#5618,#8989,.T.);
#6693=EDGE_CURVE('',#5619,#5618,#8990,.T.);
#6694=EDGE_CURVE('',#5613,#5619,#8991,.T.);
#6695=EDGE_CURVE('',#5612,#5610,#8992,.T.);
#6696=EDGE_CURVE('',#5616,#5620,#8993,.T.);
#6697=EDGE_CURVE('',#5620,#5621,#8096,.T.);
#6698=EDGE_CURVE('',#5617,#5621,#8994,.T.);
#6699=EDGE_CURVE('',#5608,#5599,#8995,.T.);
#6700=EDGE_CURVE('',#5622,#5598,#8996,.T.);
#6701=EDGE_CURVE('',#5622,#5623,#8997,.T.);
#6702=EDGE_CURVE('',#5623,#5601,#8998,.T.);
#6703=EDGE_CURVE('',#5607,#5600,#8999,.T.);
#6704=EDGE_CURVE('',#5620,#5606,#9000,.T.);
#6705=EDGE_CURVE('',#5624,#5622,#8097,.T.);
#6706=EDGE_CURVE('',#5624,#5625,#9001,.T.);
#6707=EDGE_CURVE('',#5625,#5623,#8098,.T.);
#6708=EDGE_CURVE('',#5626,#5627,#8099,.T.);
#6709=EDGE_CURVE('',#5627,#5602,#9002,.T.);
#6710=EDGE_CURVE('',#5625,#5628,#9003,.T.);
#6711=EDGE_CURVE('',#5629,#5628,#9004,.T.);
#6712=EDGE_CURVE('',#5626,#5629,#9005,.T.);
#6713=EDGE_CURVE('',#5630,#5631,#8100,.T.);
#6714=EDGE_CURVE('',#5631,#5627,#9006,.T.);
#6715=EDGE_CURVE('',#5630,#5626,#9007,.T.);
#6716=EDGE_CURVE('',#5631,#5597,#9008,.T.);
#6717=EDGE_CURVE('',#5596,#5611,#9009,.T.);
#6718=EDGE_CURVE('',#5615,#5605,#9010,.T.);
#6719=EDGE_CURVE('',#5603,#5604,#9011,.T.);
#6720=EDGE_CURVE('',#5614,#5632,#9012,.T.);
#6721=EDGE_CURVE('',#5633,#5632,#9013,.T.);
#6722=EDGE_CURVE('',#5621,#5633,#9014,.T.);
#6723=EDGE_CURVE('',#5633,#5634,#9015,.T.);
#6724=EDGE_CURVE('',#5635,#5634,#9016,.T.);
#6725=EDGE_CURVE('',#5636,#5635,#9017,.T.);
#6726=EDGE_CURVE('',#5636,#5637,#9018,.T.);
#6727=EDGE_CURVE('',#5637,#5618,#9019,.T.);
#6728=EDGE_CURVE('',#5589,#5586,#9020,.T.);
#6729=EDGE_CURVE('',#5562,#5593,#9021,.T.);
#6730=EDGE_CURVE('',#5592,#5563,#9022,.T.);
#6731=EDGE_CURVE('',#5638,#5639,#9023,.T.);
#6732=EDGE_CURVE('',#5639,#5635,#9024,.T.);
#6733=EDGE_CURVE('',#5634,#5638,#9025,.T.);
#6734=EDGE_CURVE('',#5640,#5641,#9026,.T.);
#6735=EDGE_CURVE('',#5641,#5642,#9027,.T.);
#6736=EDGE_CURVE('',#5642,#5643,#9028,.T.);
#6737=EDGE_CURVE('',#5643,#5640,#9029,.T.);
#6738=EDGE_CURVE('',#5644,#5642,#9030,.T.);
#6739=EDGE_CURVE('',#5645,#5641,#9031,.T.);
#6740=EDGE_CURVE('',#5645,#5644,#9032,.T.);
#6741=EDGE_CURVE('',#5630,#5646,#9033,.T.);
#6742=EDGE_CURVE('',#5629,#5643,#9034,.T.);
#6743=EDGE_CURVE('',#5644,#5647,#9035,.T.);
#6744=EDGE_CURVE('',#5647,#5646,#9036,.T.);
#6745=EDGE_CURVE('',#5648,#5646,#9037,.T.);
#6746=EDGE_CURVE('',#5624,#5648,#9038,.T.);
#6747=EDGE_CURVE('',#5649,#5645,#9039,.T.);
#6748=EDGE_CURVE('',#5628,#5640,#9040,.T.);
#6749=EDGE_CURVE('',#5649,#5648,#9041,.T.);
#6750=EDGE_CURVE('',#5590,#5583,#9042,.T.);
#6751=EDGE_CURVE('',#5561,#5594,#9043,.T.);
#6752=EDGE_CURVE('',#5595,#5560,#9044,.T.);
#6753=EDGE_CURVE('',#5650,#5636,#9045,.T.);
#6754=EDGE_CURVE('',#5651,#5650,#9046,.T.);
#6755=EDGE_CURVE('',#5637,#5651,#9047,.T.);
#6756=EDGE_CURVE('',#5647,#5649,#9048,.T.);
#6757=EDGE_CURVE('',#5632,#5638,#9049,.T.);
#6758=EDGE_CURVE('',#5651,#5619,#9050,.T.);
#6759=EDGE_CURVE('',#5650,#5639,#9051,.T.);
#6760=EDGE_CURVE('',#5652,#5653,#9052,.T.);
#6761=EDGE_CURVE('',#5654,#5652,#9053,.T.);
#6762=EDGE_CURVE('',#5654,#5655,#9054,.T.);
#6763=EDGE_CURVE('',#5655,#5653,#9055,.T.);
#6764=EDGE_CURVE('',#5655,#5656,#9056,.T.);
#6765=EDGE_CURVE('',#5656,#5657,#9057,.T.);
#6766=EDGE_CURVE('',#5653,#5657,#9058,.T.);
#6767=EDGE_CURVE('',#5656,#5658,#9059,.T.);
#6768=EDGE_CURVE('',#5658,#5659,#9060,.T.);
#6769=EDGE_CURVE('',#5659,#5657,#9061,.T.);
#6770=EDGE_CURVE('',#5660,#5661,#9062,.T.);
#6771=EDGE_CURVE('',#5661,#5662,#9063,.T.);
#6772=EDGE_CURVE('',#5662,#5663,#9064,.T.);
#6773=EDGE_CURVE('',#5660,#5663,#9065,.T.);
#6774=EDGE_CURVE('',#5664,#5660,#9066,.T.);
#6775=EDGE_CURVE('',#5665,#5663,#9067,.T.);
#6776=EDGE_CURVE('',#5664,#5665,#9068,.T.);
#6777=EDGE_CURVE('',#5666,#5665,#9069,.T.);
#6778=EDGE_CURVE('',#5667,#5666,#9070,.T.);
#6779=EDGE_CURVE('',#5667,#5664,#9071,.T.);
#6780=EDGE_CURVE('',#5668,#5669,#8101,.T.);
#6781=EDGE_CURVE('',#5670,#5669,#9072,.T.);
#6782=EDGE_CURVE('',#5670,#5671,#8102,.T.);
#6783=EDGE_CURVE('',#5671,#5668,#9073,.T.);
#6784=EDGE_CURVE('',#5669,#5672,#9074,.T.);
#6785=EDGE_CURVE('',#5673,#5672,#9075,.T.);
#6786=EDGE_CURVE('',#5673,#5670,#9076,.T.);
#6787=EDGE_CURVE('',#5672,#5674,#8103,.T.);
#6788=EDGE_CURVE('',#5675,#5674,#9077,.T.);
#6789=EDGE_CURVE('',#5675,#5673,#8104,.T.);
#6790=EDGE_CURVE('',#5676,#5677,#8105,.T.);
#6791=EDGE_CURVE('',#5678,#5677,#9078,.T.);
#6792=EDGE_CURVE('',#5678,#5679,#8106,.T.);
#6793=EDGE_CURVE('',#5679,#5676,#9079,.T.);
#6794=EDGE_CURVE('',#5677,#5680,#9080,.T.);
#6795=EDGE_CURVE('',#5681,#5680,#9081,.T.);
#6796=EDGE_CURVE('',#5681,#5678,#9082,.T.);
#6797=EDGE_CURVE('',#5680,#5682,#8107,.T.);
#6798=EDGE_CURVE('',#5683,#5682,#9083,.T.);
#6799=EDGE_CURVE('',#5683,#5681,#8108,.T.);
#6800=EDGE_CURVE('',#5684,#5685,#9084,.T.);
#6801=EDGE_CURVE('',#5685,#5686,#9085,.T.);
#6802=EDGE_CURVE('',#5686,#5687,#9086,.T.);
#6803=EDGE_CURVE('',#5684,#5687,#9087,.T.);
#6804=EDGE_CURVE('',#5688,#5684,#9088,.T.);
#6805=EDGE_CURVE('',#5689,#5687,#9089,.T.);
#6806=EDGE_CURVE('',#5688,#5689,#9090,.T.);
#6807=EDGE_CURVE('',#5690,#5689,#9091,.T.);
#6808=EDGE_CURVE('',#5691,#5690,#9092,.T.);
#6809=EDGE_CURVE('',#5691,#5688,#9093,.T.);
#6810=EDGE_CURVE('',#5692,#5693,#9094,.T.);
#6811=EDGE_CURVE('',#5694,#5693,#9095,.T.);
#6812=EDGE_CURVE('',#5695,#5694,#9096,.T.);
#6813=EDGE_CURVE('',#5695,#5692,#9097,.T.);
#6814=EDGE_CURVE('',#5696,#5697,#9098,.T.);
#6815=EDGE_CURVE('',#5698,#5696,#9099,.T.);
#6816=EDGE_CURVE('',#5699,#5698,#9100,.T.);
#6817=EDGE_CURVE('',#5699,#5697,#9101,.T.);
#6818=EDGE_CURVE('',#5700,#5696,#9102,.T.);
#6819=EDGE_CURVE('',#5701,#5700,#9103,.T.);
#6820=EDGE_CURVE('',#5701,#5698,#9104,.T.);
#6821=EDGE_CURVE('',#5702,#5701,#9105,.T.);
#6822=EDGE_CURVE('',#5703,#5700,#9106,.T.);
#6823=EDGE_CURVE('',#5702,#5703,#9107,.T.);
#6824=EDGE_CURVE('',#5704,#5705,#9108,.T.);
#6825=EDGE_CURVE('',#5706,#5704,#9109,.T.);
#6826=EDGE_CURVE('',#5706,#5707,#9110,.T.);
#6827=EDGE_CURVE('',#5708,#5707,#9111,.T.);
#6828=EDGE_CURVE('',#5705,#5708,#9112,.T.);
#6829=EDGE_CURVE('',#5707,#5709,#8109,.T.);
#6830=EDGE_CURVE('',#5710,#5706,#8110,.T.);
#6831=EDGE_CURVE('',#5710,#5709,#9113,.T.);
#6832=EDGE_CURVE('',#5711,#5712,#9114,.T.);
#6833=EDGE_CURVE('',#5712,#5713,#9115,.T.);
#6834=EDGE_CURVE('',#5714,#5713,#9116,.T.);
#6835=EDGE_CURVE('',#5711,#5714,#9117,.T.);
#6836=EDGE_CURVE('',#5715,#5716,#9118,.T.);
#6837=EDGE_CURVE('',#5715,#5717,#9119,.T.);
#6838=EDGE_CURVE('',#5717,#5718,#9120,.T.);
#6839=EDGE_CURVE('',#5716,#5718,#9121,.T.);
#6840=EDGE_CURVE('',#5719,#5720,#9122,.T.);
#6841=EDGE_CURVE('',#5719,#5715,#9123,.T.);
#6842=EDGE_CURVE('',#5720,#5716,#9124,.T.);
#6843=EDGE_CURVE('',#5721,#5722,#9125,.T.);
#6844=EDGE_CURVE('',#5721,#5719,#9126,.T.);
#6845=EDGE_CURVE('',#5720,#5722,#9127,.T.);
#6846=EDGE_CURVE('',#5723,#5724,#9128,.T.);
#6847=EDGE_CURVE('',#5723,#5721,#9129,.T.);
#6848=EDGE_CURVE('',#5722,#5724,#9130,.T.);
#6849=EDGE_CURVE('',#5725,#5726,#9131,.T.);
#6850=EDGE_CURVE('',#5725,#5723,#9132,.T.);
#6851=EDGE_CURVE('',#5726,#5724,#9133,.T.);
#6852=EDGE_CURVE('',#5727,#5728,#9134,.T.);
#6853=EDGE_CURVE('',#5729,#5727,#9135,.T.);
#6854=EDGE_CURVE('',#5729,#5725,#9136,.T.);
#6855=EDGE_CURVE('',#5728,#5726,#9137,.T.);
#6856=EDGE_CURVE('',#5730,#5731,#9138,.T.);
#6857=EDGE_CURVE('',#5732,#5730,#9139,.T.);
#6858=EDGE_CURVE('',#5729,#5732,#9140,.T.);
#6859=EDGE_CURVE('',#5727,#5731,#9141,.T.);
#6860=EDGE_CURVE('',#5732,#5733,#8111,.T.);
#6861=EDGE_CURVE('',#5734,#5730,#8112,.T.);
#6862=EDGE_CURVE('',#5734,#5733,#9142,.T.);
#6863=EDGE_CURVE('',#5735,#5736,#9143,.T.);
#6864=EDGE_CURVE('',#5736,#5737,#9144,.T.);
#6865=EDGE_CURVE('',#5738,#5737,#9145,.T.);
#6866=EDGE_CURVE('',#5738,#5735,#9146,.T.);
#6867=EDGE_CURVE('',#5739,#5740,#9147,.T.);
#6868=EDGE_CURVE('',#5741,#5739,#9148,.T.);
#6869=EDGE_CURVE('',#5741,#5742,#9149,.T.);
#6870=EDGE_CURVE('',#5743,#5742,#9150,.T.);
#6871=EDGE_CURVE('',#5740,#5743,#9151,.T.);
#6872=EDGE_CURVE('',#5742,#5744,#8113,.T.);
#6873=EDGE_CURVE('',#5745,#5741,#8114,.T.);
#6874=EDGE_CURVE('',#5745,#5744,#9152,.T.);
#6875=EDGE_CURVE('',#5746,#5747,#9153,.T.);
#6876=EDGE_CURVE('',#5748,#5746,#9154,.T.);
#6877=EDGE_CURVE('',#5749,#5748,#9155,.T.);
#6878=EDGE_CURVE('',#5747,#5749,#9156,.T.);
#6879=EDGE_CURVE('',#5750,#5751,#9157,.T.);
#6880=EDGE_CURVE('',#5751,#5752,#9158,.T.);
#6881=EDGE_CURVE('',#5752,#5753,#9159,.T.);
#6882=EDGE_CURVE('',#5753,#5750,#9160,.T.);
#6883=EDGE_CURVE('',#5754,#5755,#9161,.T.);
#6884=EDGE_CURVE('',#5756,#5754,#9162,.T.);
#6885=EDGE_CURVE('',#5757,#5756,#9163,.T.);
#6886=EDGE_CURVE('',#5757,#5758,#9164,.T.);
#6887=EDGE_CURVE('',#5758,#5755,#9165,.T.);
#6888=EDGE_CURVE('',#5756,#5759,#8115,.T.);
#6889=EDGE_CURVE('',#5760,#5754,#8116,.T.);
#6890=EDGE_CURVE('',#5760,#5759,#9166,.T.);
#6891=EDGE_CURVE('',#5761,#5762,#9167,.T.);
#6892=EDGE_CURVE('',#5763,#5762,#9168,.T.);
#6893=EDGE_CURVE('',#5763,#5764,#9169,.T.);
#6894=EDGE_CURVE('',#5764,#5761,#9170,.T.);
#6895=EDGE_CURVE('',#5765,#5766,#9171,.T.);
#6896=EDGE_CURVE('',#5767,#5765,#9172,.T.);
#6897=EDGE_CURVE('',#5767,#5768,#9173,.T.);
#6898=EDGE_CURVE('',#5768,#5766,#9174,.T.);
#6899=EDGE_CURVE('',#5769,#5770,#9175,.T.);
#6900=EDGE_CURVE('',#5771,#5769,#9176,.T.);
#6901=EDGE_CURVE('',#5772,#5771,#9177,.T.);
#6902=EDGE_CURVE('',#5770,#5772,#9178,.T.);
#6903=EDGE_CURVE('',#5773,#5765,#9179,.T.);
#6904=EDGE_CURVE('',#5774,#5766,#9180,.T.);
#6905=EDGE_CURVE('',#5773,#5774,#9181,.T.);
#6906=EDGE_CURVE('',#5775,#5770,#9182,.T.);
#6907=EDGE_CURVE('',#5776,#5775,#9183,.T.);
#6908=EDGE_CURVE('',#5776,#5769,#9184,.T.);
#6909=EDGE_CURVE('',#5777,#5778,#9185,.T.);
#6910=EDGE_CURVE('',#5776,#5778,#9186,.T.);
#6911=EDGE_CURVE('',#5775,#5777,#9187,.T.);
#6912=EDGE_CURVE('',#5779,#5780,#9188,.T.);
#6913=EDGE_CURVE('',#5780,#5781,#9189,.T.);
#6914=EDGE_CURVE('',#5781,#5782,#9190,.T.);
#6915=EDGE_CURVE('',#5782,#5779,#9191,.T.);
#6916=EDGE_CURVE('',#5783,#5784,#9192,.T.);
#6917=EDGE_CURVE('',#5784,#5778,#9193,.T.);
#6918=EDGE_CURVE('',#5777,#5783,#9194,.T.);
#6919=EDGE_CURVE('',#5785,#5786,#9195,.T.);
#6920=EDGE_CURVE('',#5787,#5785,#9196,.T.);
#6921=EDGE_CURVE('',#5788,#5787,#9197,.T.);
#6922=EDGE_CURVE('',#5786,#5788,#9198,.T.);
#6923=EDGE_CURVE('',#5781,#5787,#9199,.T.);
#6924=EDGE_CURVE('',#5789,#5785,#9200,.T.);
#6925=EDGE_CURVE('',#5789,#5790,#9201,.T.);
#6926=EDGE_CURVE('',#5790,#5708,#9202,.T.);
#6927=EDGE_CURVE('',#5782,#5708,#9203,.T.);
#6928=EDGE_CURVE('',#5791,#5792,#9204,.T.);
#6929=EDGE_CURVE('',#5792,#5790,#9205,.T.);
#6930=EDGE_CURVE('',#5791,#5789,#9206,.T.);
#6931=EDGE_CURVE('',#5793,#5794,#9207,.T.);
#6932=EDGE_CURVE('',#5784,#5793,#9208,.T.);
#6933=EDGE_CURVE('',#5755,#5783,#9209,.T.);
#6934=EDGE_CURVE('',#5755,#5792,#9210,.T.);
#6935=EDGE_CURVE('',#5794,#5791,#9211,.T.);
#6936=EDGE_CURVE('',#5795,#5793,#9212,.T.);
#6937=EDGE_CURVE('',#5796,#5794,#9213,.T.);
#6938=EDGE_CURVE('',#5796,#5795,#9214,.T.);
#6939=EDGE_CURVE('',#5797,#5798,#9215,.T.);
#6940=EDGE_CURVE('',#5799,#5797,#9216,.T.);
#6941=EDGE_CURVE('',#5799,#5800,#9217,.T.);
#6942=EDGE_CURVE('',#5798,#5800,#9218,.T.);
#6943=EDGE_CURVE('',#5745,#5746,#9219,.T.);
#6944=EDGE_CURVE('',#5747,#5753,#9220,.T.);
#6945=EDGE_CURVE('',#5752,#5759,#9221,.T.);
#6946=EDGE_CURVE('',#5772,#5760,#9222,.T.);
#6947=EDGE_CURVE('',#5795,#5771,#9223,.T.);
#6948=EDGE_CURVE('',#5798,#5796,#9224,.T.);
#6949=EDGE_CURVE('',#5801,#5800,#9225,.T.);
#6950=EDGE_CURVE('',#5802,#5801,#9226,.T.);
#6951=EDGE_CURVE('',#5744,#5802,#9227,.T.);
#6952=EDGE_CURVE('',#5802,#5774,#9228,.T.);
#6953=EDGE_CURVE('',#5773,#5801,#9229,.T.);
#6954=EDGE_CURVE('',#5803,#5804,#9230,.T.);
#6955=EDGE_CURVE('',#5804,#5763,#9231,.T.);
#6956=EDGE_CURVE('',#5762,#5736,#9232,.T.);
#6957=EDGE_CURVE('',#5735,#5803,#9233,.T.);
#6958=EDGE_CURVE('',#5805,#5788,#9234,.T.);
#6959=EDGE_CURVE('',#5780,#5806,#9235,.T.);
#6960=EDGE_CURVE('',#5806,#5805,#9236,.T.);
#6961=EDGE_CURVE('',#5767,#5799,#9237,.T.);
#6962=EDGE_CURVE('',#5806,#5807,#9238,.T.);
#6963=EDGE_CURVE('',#5808,#5807,#9239,.T.);
#6964=EDGE_CURVE('',#5808,#5805,#9240,.T.);
#6965=EDGE_CURVE('',#5710,#5809,#9241,.T.);
#6966=EDGE_CURVE('',#5809,#5810,#9242,.T.);
#6967=EDGE_CURVE('',#5713,#5810,#9243,.T.);
#6968=EDGE_CURVE('',#5712,#5733,#9244,.T.);
#6969=EDGE_CURVE('',#5734,#5811,#9245,.T.);
#6970=EDGE_CURVE('',#5811,#5803,#9246,.T.);
#6971=EDGE_CURVE('',#5786,#5738,#9247,.T.);
#6972=EDGE_CURVE('',#5808,#5709,#9248,.T.);
#6973=EDGE_CURVE('',#5812,#5810,#9249,.T.);
#6974=EDGE_CURVE('',#5813,#5809,#9250,.T.);
#6975=EDGE_CURVE('',#5813,#5812,#9251,.T.);
#6976=EDGE_CURVE('',#5814,#5815,#9252,.T.);
#6977=EDGE_CURVE('',#5816,#5814,#9253,.T.);
#6978=EDGE_CURVE('',#5817,#5816,#9254,.T.);
#6979=EDGE_CURVE('',#5817,#5815,#9255,.T.);
#6980=EDGE_CURVE('',#5818,#5819,#9256,.T.);
#6981=EDGE_CURVE('',#5819,#5820,#9257,.T.);
#6982=EDGE_CURVE('',#5821,#5820,#9258,.T.);
#6983=EDGE_CURVE('',#5818,#5821,#9259,.T.);
#6984=EDGE_CURVE('',#5699,#5818,#9260,.T.);
#6985=EDGE_CURVE('',#5714,#5702,#9261,.T.);
#6986=EDGE_CURVE('',#5817,#5812,#9262,.T.);
#6987=EDGE_CURVE('',#5819,#5816,#9263,.T.);
#6988=EDGE_CURVE('',#5820,#5814,#9264,.T.);
#6989=EDGE_CURVE('',#5822,#5484,#9265,.T.);
#6990=EDGE_CURVE('',#5823,#5822,#9266,.T.);
#6991=EDGE_CURVE('',#5483,#5823,#9267,.T.);
#6992=EDGE_CURVE('',#5824,#5490,#9268,.T.);
#6993=EDGE_CURVE('',#5489,#5825,#9269,.T.);
#6994=EDGE_CURVE('',#5824,#5825,#9270,.T.);
#6995=EDGE_CURVE('',#5826,#5827,#9271,.T.);
#6996=EDGE_CURVE('',#5827,#5828,#9272,.T.);
#6997=EDGE_CURVE('',#5829,#5828,#9273,.T.);
#6998=EDGE_CURVE('',#5826,#5829,#9274,.T.);
#6999=EDGE_CURVE('',#5828,#5830,#9275,.T.);
#7000=EDGE_CURVE('',#5831,#5830,#9276,.T.);
#7001=EDGE_CURVE('',#5831,#5829,#9277,.T.);
#7002=EDGE_CURVE('',#5830,#5832,#9278,.T.);
#7003=EDGE_CURVE('',#5833,#5832,#9279,.T.);
#7004=EDGE_CURVE('',#5831,#5833,#9280,.T.);
#7005=EDGE_CURVE('',#5834,#5835,#9281,.T.);
#7006=EDGE_CURVE('',#5835,#5836,#9282,.T.);
#7007=EDGE_CURVE('',#5836,#5837,#9283,.T.);
#7008=EDGE_CURVE('',#5834,#5837,#9284,.T.);
#7009=EDGE_CURVE('',#5838,#5834,#9285,.T.);
#7010=EDGE_CURVE('',#5839,#5837,#9286,.T.);
#7011=EDGE_CURVE('',#5838,#5839,#9287,.T.);
#7012=EDGE_CURVE('',#5840,#5839,#9288,.T.);
#7013=EDGE_CURVE('',#5841,#5840,#9289,.T.);
#7014=EDGE_CURVE('',#5841,#5838,#9290,.T.);
#7015=EDGE_CURVE('',#5486,#5842,#9291,.T.);
#7016=EDGE_CURVE('',#5842,#5833,#9292,.T.);
#7017=EDGE_CURVE('',#5832,#5836,#9293,.T.);
#7018=EDGE_CURVE('',#5835,#5841,#9294,.T.);
#7019=EDGE_CURVE('',#5840,#5686,#9295,.T.);
#7020=EDGE_CURVE('',#5685,#5691,#9296,.T.);
#7021=EDGE_CURVE('',#5690,#5692,#9297,.T.);
#7022=EDGE_CURVE('',#5822,#5695,#9298,.T.);
#7023=EDGE_CURVE('',#5488,#5843,#9299,.T.);
#7024=EDGE_CURVE('',#5843,#5844,#9300,.T.);
#7025=EDGE_CURVE('',#5487,#5844,#9301,.T.);
#7026=EDGE_CURVE('',#5845,#5842,#9302,.T.);
#7027=EDGE_CURVE('',#5485,#5845,#9303,.T.);
#7028=EDGE_CURVE('',#5711,#5844,#9304,.T.);
#7029=EDGE_CURVE('',#5697,#5703,#9305,.T.);
#7030=EDGE_CURVE('',#5815,#5821,#9306,.T.);
#7031=EDGE_CURVE('',#5813,#5825,#9307,.T.);
#7032=EDGE_CURVE('',#5846,#5847,#9308,.T.);
#7033=EDGE_CURVE('',#5848,#5847,#9309,.T.);
#7034=EDGE_CURVE('',#5849,#5848,#9310,.T.);
#7035=EDGE_CURVE('',#5849,#5846,#9311,.T.);
#7036=EDGE_CURVE('',#5850,#5851,#9312,.T.);
#7037=EDGE_CURVE('',#5852,#5851,#9313,.T.);
#7038=EDGE_CURVE('',#5853,#5852,#9314,.T.);
#7039=EDGE_CURVE('',#5850,#5853,#9315,.T.);
#7040=EDGE_CURVE('',#5854,#5855,#9316,.T.);
#7041=EDGE_CURVE('',#5856,#5855,#9317,.T.);
#7042=EDGE_CURVE('',#5857,#5856,#9318,.T.);
#7043=EDGE_CURVE('',#5854,#5857,#9319,.T.);
#7044=EDGE_CURVE('',#5847,#5852,#9320,.T.);
#7045=EDGE_CURVE('',#5848,#5851,#9321,.T.);
#7046=EDGE_CURVE('',#5858,#5859,#9322,.T.);
#7047=EDGE_CURVE('',#5859,#5856,#9323,.T.);
#7048=EDGE_CURVE('',#5858,#5855,#9324,.T.);
#7049=EDGE_CURVE('',#5860,#5859,#9325,.T.);
#7050=EDGE_CURVE('',#5860,#5857,#9326,.T.);
#7051=EDGE_CURVE('',#5751,#5823,#9327,.T.);
#7052=EDGE_CURVE('',#5861,#5750,#9328,.T.);
#7053=EDGE_CURVE('',#5861,#5858,#9329,.T.);
#7054=EDGE_CURVE('',#5849,#5854,#9330,.T.);
#7055=EDGE_CURVE('',#5749,#5850,#9331,.T.);
#7056=EDGE_CURVE('',#5748,#5845,#9332,.T.);
#7057=EDGE_CURVE('',#5861,#5860,#9333,.T.);
#7058=EDGE_CURVE('',#5846,#5853,#9334,.T.);
#7059=EDGE_CURVE('',#5862,#5863,#9335,.T.);
#7060=EDGE_CURVE('',#5863,#5864,#9336,.T.);
#7061=EDGE_CURVE('',#5865,#5864,#9337,.T.);
#7062=EDGE_CURVE('',#5862,#5865,#9338,.T.);
#7063=EDGE_CURVE('',#5866,#5867,#9339,.T.);
#7064=EDGE_CURVE('',#5864,#5867,#8117,.T.);
#7065=EDGE_CURVE('',#5863,#5866,#8118,.T.);
#7066=EDGE_CURVE('',#5868,#5869,#9340,.T.);
#7067=EDGE_CURVE('',#5870,#5868,#9341,.T.);
#7068=EDGE_CURVE('',#5870,#5871,#9342,.T.);
#7069=EDGE_CURVE('',#5871,#5869,#9343,.T.);
#7070=EDGE_CURVE('',#5872,#5873,#9344,.T.);
#7071=EDGE_CURVE('',#5873,#5874,#9345,.T.);
#7072=EDGE_CURVE('',#5875,#5874,#9346,.T.);
#7073=EDGE_CURVE('',#5872,#5875,#9347,.T.);
#7074=EDGE_CURVE('',#5876,#5877,#9348,.T.);
#7075=EDGE_CURVE('',#5877,#5878,#8119,.T.);
#7076=EDGE_CURVE('',#5878,#5879,#9349,.T.);
#7077=EDGE_CURVE('',#5876,#5879,#8120,.T.);
#7078=EDGE_CURVE('',#5879,#5880,#9350,.T.);
#7079=EDGE_CURVE('',#5878,#5881,#9351,.T.);
#7080=EDGE_CURVE('',#5881,#5880,#9352,.T.);
#7081=EDGE_CURVE('',#5882,#5883,#9353,.T.);
#7082=EDGE_CURVE('',#5883,#5884,#9354,.T.);
#7083=EDGE_CURVE('',#5885,#5884,#9355,.T.);
#7084=EDGE_CURVE('',#5882,#5885,#9356,.T.);
#7085=EDGE_CURVE('',#5886,#5887,#9357,.T.);
#7086=EDGE_CURVE('',#5884,#5887,#8121,.T.);
#7087=EDGE_CURVE('',#5883,#5886,#8122,.T.);
#7088=EDGE_CURVE('',#5888,#5889,#9358,.T.);
#7089=EDGE_CURVE('',#5887,#5889,#9359,.T.);
#7090=EDGE_CURVE('',#5886,#5888,#9360,.T.);
#7091=EDGE_CURVE('',#5890,#5891,#9361,.T.);
#7092=EDGE_CURVE('',#5889,#5891,#9362,.T.);
#7093=EDGE_CURVE('',#5888,#5890,#9363,.T.);
#7094=EDGE_CURVE('',#5892,#5893,#9364,.T.);
#7095=EDGE_CURVE('',#5891,#5893,#9365,.T.);
#7096=EDGE_CURVE('',#5890,#5892,#9366,.T.);
#7097=EDGE_CURVE('',#5894,#5895,#9367,.T.);
#7098=EDGE_CURVE('',#5893,#5895,#9368,.T.);
#7099=EDGE_CURVE('',#5892,#5894,#9369,.T.);
#7100=EDGE_CURVE('',#5896,#5897,#9370,.T.);
#7101=EDGE_CURVE('',#5895,#5897,#9371,.T.);
#7102=EDGE_CURVE('',#5894,#5896,#9372,.T.);
#7103=EDGE_CURVE('',#5898,#5899,#9373,.T.);
#7104=EDGE_CURVE('',#5897,#5899,#8123,.T.);
#7105=EDGE_CURVE('',#5896,#5898,#8124,.T.);
#7106=EDGE_CURVE('',#5899,#5900,#9374,.T.);
#7107=EDGE_CURVE('',#5898,#5901,#9375,.T.);
#7108=EDGE_CURVE('',#5901,#5900,#9376,.T.);
#7109=EDGE_CURVE('',#5902,#5903,#9377,.T.);
#7110=EDGE_CURVE('',#5904,#5903,#8125,.T.);
#7111=EDGE_CURVE('',#5905,#5904,#9378,.T.);
#7112=EDGE_CURVE('',#5905,#5902,#8126,.T.);
#7113=EDGE_CURVE('',#5906,#5907,#9379,.T.);
#7114=EDGE_CURVE('',#5903,#5907,#9380,.T.);
#7115=EDGE_CURVE('',#5902,#5906,#9381,.T.);
#7116=EDGE_CURVE('',#5908,#5909,#9382,.T.);
#7117=EDGE_CURVE('',#5907,#5909,#9383,.T.);
#7118=EDGE_CURVE('',#5906,#5908,#9384,.T.);
#7119=EDGE_CURVE('',#5910,#5911,#9385,.T.);
#7120=EDGE_CURVE('',#5909,#5911,#9386,.T.);
#7121=EDGE_CURVE('',#5908,#5910,#9387,.T.);
#7122=EDGE_CURVE('',#5912,#5913,#9388,.T.);
#7123=EDGE_CURVE('',#5911,#5913,#9389,.T.);
#7124=EDGE_CURVE('',#5910,#5912,#9390,.T.);
#7125=EDGE_CURVE('',#5914,#5915,#9391,.T.);
#7126=EDGE_CURVE('',#5913,#5915,#9392,.T.);
#7127=EDGE_CURVE('',#5912,#5914,#9393,.T.);
#7128=EDGE_CURVE('',#5916,#5917,#9394,.T.);
#7129=EDGE_CURVE('',#5915,#5917,#8127,.T.);
#7130=EDGE_CURVE('',#5914,#5916,#8128,.T.);
#7131=EDGE_CURVE('',#5917,#5918,#9395,.T.);
#7132=EDGE_CURVE('',#5916,#5919,#9396,.T.);
#7133=EDGE_CURVE('',#5919,#5918,#9397,.T.);
#7134=EDGE_CURVE('',#5867,#5868,#8129,.T.);
#7135=EDGE_CURVE('',#5869,#5865,#9398,.T.);
#7136=EDGE_CURVE('',#5874,#5876,#8130,.T.);
#7137=EDGE_CURVE('',#5880,#5875,#9399,.T.);
#7138=EDGE_CURVE('',#5900,#5885,#9400,.T.);
#7139=EDGE_CURVE('',#5920,#5904,#9401,.T.);
#7140=EDGE_CURVE('',#5918,#5920,#9402,.T.);
#7141=EDGE_CURVE('',#5921,#5905,#9403,.T.);
#7142=EDGE_CURVE('',#5921,#5920,#9404,.T.);
#7143=EDGE_CURVE('',#5866,#5870,#8131,.T.);
#7144=EDGE_CURVE('',#5862,#5871,#9405,.T.);
#7145=EDGE_CURVE('',#5873,#5877,#8132,.T.);
#7146=EDGE_CURVE('',#5872,#5881,#9406,.T.);
#7147=EDGE_CURVE('',#5901,#5882,#9407,.T.);
#7148=EDGE_CURVE('',#5919,#5921,#9408,.T.);
#7149=EDGE_CURVE('',#5922,#5923,#9409,.T.);
#7150=EDGE_CURVE('',#5922,#5924,#9410,.T.);
#7151=EDGE_CURVE('',#5924,#5925,#9411,.T.);
#7152=EDGE_CURVE('',#5925,#5923,#9412,.T.);
#7153=EDGE_CURVE('',#5926,#5927,#9413,.T.);
#7154=EDGE_CURVE('',#5928,#5927,#8133,.T.);
#7155=EDGE_CURVE('',#5928,#5929,#9414,.T.);
#7156=EDGE_CURVE('',#5929,#5926,#8134,.T.);
#7157=EDGE_CURVE('',#5930,#5929,#9415,.T.);
#7158=EDGE_CURVE('',#5931,#5928,#9416,.T.);
#7159=EDGE_CURVE('',#5930,#5931,#9417,.T.);
#7160=EDGE_CURVE('',#5932,#5933,#9418,.T.);
#7161=EDGE_CURVE('',#5932,#5934,#9419,.T.);
#7162=EDGE_CURVE('',#5934,#5935,#9420,.T.);
#7163=EDGE_CURVE('',#5935,#5933,#9421,.T.);
#7164=EDGE_CURVE('',#5936,#5937,#9422,.T.);
#7165=EDGE_CURVE('',#5937,#5934,#8135,.T.);
#7166=EDGE_CURVE('',#5936,#5932,#8136,.T.);
#7167=EDGE_CURVE('',#5938,#5939,#9423,.T.);
#7168=EDGE_CURVE('',#5940,#5939,#9424,.T.);
#7169=EDGE_CURVE('',#5941,#5940,#9425,.T.);
#7170=EDGE_CURVE('',#5938,#5941,#9426,.T.);
#7171=EDGE_CURVE('',#5942,#5943,#9427,.T.);
#7172=EDGE_CURVE('',#5942,#5944,#9428,.T.);
#7173=EDGE_CURVE('',#5944,#5945,#9429,.T.);
#7174=EDGE_CURVE('',#5945,#5943,#9430,.T.);
#7175=EDGE_CURVE('',#5946,#5947,#9431,.T.);
#7176=EDGE_CURVE('',#5947,#5944,#8137,.T.);
#7177=EDGE_CURVE('',#5946,#5942,#8138,.T.);
#7178=EDGE_CURVE('',#5948,#5949,#9432,.T.);
#7179=EDGE_CURVE('',#5949,#5947,#9433,.T.);
#7180=EDGE_CURVE('',#5948,#5946,#9434,.T.);
#7181=EDGE_CURVE('',#5950,#5951,#9435,.T.);
#7182=EDGE_CURVE('',#5951,#5949,#9436,.T.);
#7183=EDGE_CURVE('',#5950,#5948,#9437,.T.);
#7184=EDGE_CURVE('',#5952,#5953,#9438,.T.);
#7185=EDGE_CURVE('',#5953,#5951,#9439,.T.);
#7186=EDGE_CURVE('',#5952,#5950,#9440,.T.);
#7187=EDGE_CURVE('',#5954,#5955,#9441,.T.);
#7188=EDGE_CURVE('',#5955,#5953,#9442,.T.);
#7189=EDGE_CURVE('',#5954,#5952,#9443,.T.);
#7190=EDGE_CURVE('',#5956,#5957,#9444,.T.);
#7191=EDGE_CURVE('',#5957,#5955,#9445,.T.);
#7192=EDGE_CURVE('',#5956,#5954,#9446,.T.);
#7193=EDGE_CURVE('',#5958,#5959,#9447,.T.);
#7194=EDGE_CURVE('',#5959,#5957,#8139,.T.);
#7195=EDGE_CURVE('',#5958,#5956,#8140,.T.);
#7196=EDGE_CURVE('',#5960,#5959,#9448,.T.);
#7197=EDGE_CURVE('',#5961,#5958,#9449,.T.);
#7198=EDGE_CURVE('',#5960,#5961,#9450,.T.);
#7199=EDGE_CURVE('',#5962,#5963,#9451,.T.);
#7200=EDGE_CURVE('',#5963,#5964,#8141,.T.);
#7201=EDGE_CURVE('',#5965,#5964,#9452,.T.);
#7202=EDGE_CURVE('',#5962,#5965,#8142,.T.);
#7203=EDGE_CURVE('',#5966,#5967,#9453,.T.);
#7204=EDGE_CURVE('',#5967,#5963,#9454,.T.);
#7205=EDGE_CURVE('',#5966,#5962,#9455,.T.);
#7206=EDGE_CURVE('',#5968,#5969,#9456,.T.);
#7207=EDGE_CURVE('',#5969,#5967,#9457,.T.);
#7208=EDGE_CURVE('',#5968,#5966,#9458,.T.);
#7209=EDGE_CURVE('',#5970,#5971,#9459,.T.);
#7210=EDGE_CURVE('',#5971,#5969,#9460,.T.);
#7211=EDGE_CURVE('',#5970,#5968,#9461,.T.);
#7212=EDGE_CURVE('',#5972,#5973,#9462,.T.);
#7213=EDGE_CURVE('',#5973,#5971,#9463,.T.);
#7214=EDGE_CURVE('',#5972,#5970,#9464,.T.);
#7215=EDGE_CURVE('',#5974,#5975,#9465,.T.);
#7216=EDGE_CURVE('',#5975,#5973,#9466,.T.);
#7217=EDGE_CURVE('',#5974,#5972,#9467,.T.);
#7218=EDGE_CURVE('',#5976,#5977,#9468,.T.);
#7219=EDGE_CURVE('',#5977,#5975,#8143,.T.);
#7220=EDGE_CURVE('',#5976,#5974,#8144,.T.);
#7221=EDGE_CURVE('',#5978,#5977,#9469,.T.);
#7222=EDGE_CURVE('',#5979,#5976,#9470,.T.);
#7223=EDGE_CURVE('',#5978,#5979,#9471,.T.);
#7224=EDGE_CURVE('',#5926,#5924,#8145,.T.);
#7225=EDGE_CURVE('',#5930,#5925,#9472,.T.);
#7226=EDGE_CURVE('',#5939,#5937,#8146,.T.);
#7227=EDGE_CURVE('',#5938,#5935,#9473,.T.);
#7228=EDGE_CURVE('',#5945,#5960,#9474,.T.);
#7229=EDGE_CURVE('',#5964,#5980,#9475,.T.);
#7230=EDGE_CURVE('',#5980,#5978,#9476,.T.);
#7231=EDGE_CURVE('',#5965,#5981,#9477,.T.);
#7232=EDGE_CURVE('',#5980,#5981,#9478,.T.);
#7233=EDGE_CURVE('',#5927,#5922,#8147,.T.);
#7234=EDGE_CURVE('',#5923,#5931,#9479,.T.);
#7235=EDGE_CURVE('',#5940,#5936,#8148,.T.);
#7236=EDGE_CURVE('',#5933,#5941,#9480,.T.);
#7237=EDGE_CURVE('',#5943,#5961,#9481,.T.);
#7238=EDGE_CURVE('',#5981,#5979,#9482,.T.);
#7239=EDGE_CURVE('',#5982,#5983,#9483,.T.);
#7240=EDGE_CURVE('',#5982,#5984,#9484,.T.);
#7241=EDGE_CURVE('',#5984,#5985,#9485,.T.);
#7242=EDGE_CURVE('',#5985,#5983,#9486,.T.);
#7243=EDGE_CURVE('',#5986,#5987,#9487,.T.);
#7244=EDGE_CURVE('',#5988,#5987,#8149,.T.);
#7245=EDGE_CURVE('',#5988,#5989,#9488,.T.);
#7246=EDGE_CURVE('',#5989,#5986,#8150,.T.);
#7247=EDGE_CURVE('',#5990,#5989,#9489,.T.);
#7248=EDGE_CURVE('',#5991,#5988,#9490,.T.);
#7249=EDGE_CURVE('',#5990,#5991,#9491,.T.);
#7250=EDGE_CURVE('',#5992,#5993,#9492,.T.);
#7251=EDGE_CURVE('',#5992,#5994,#9493,.T.);
#7252=EDGE_CURVE('',#5994,#5995,#9494,.T.);
#7253=EDGE_CURVE('',#5995,#5993,#9495,.T.);
#7254=EDGE_CURVE('',#5996,#5997,#9496,.T.);
#7255=EDGE_CURVE('',#5997,#5994,#8151,.T.);
#7256=EDGE_CURVE('',#5996,#5992,#8152,.T.);
#7257=EDGE_CURVE('',#5998,#5999,#9497,.T.);
#7258=EDGE_CURVE('',#6000,#5999,#9498,.T.);
#7259=EDGE_CURVE('',#6001,#6000,#9499,.T.);
#7260=EDGE_CURVE('',#5998,#6001,#9500,.T.);
#7261=EDGE_CURVE('',#6002,#6003,#9501,.T.);
#7262=EDGE_CURVE('',#6002,#6004,#9502,.T.);
#7263=EDGE_CURVE('',#6004,#6005,#9503,.T.);
#7264=EDGE_CURVE('',#6005,#6003,#9504,.T.);
#7265=EDGE_CURVE('',#6006,#6007,#9505,.T.);
#7266=EDGE_CURVE('',#6007,#6004,#8153,.T.);
#7267=EDGE_CURVE('',#6006,#6002,#8154,.T.);
#7268=EDGE_CURVE('',#6008,#6009,#9506,.T.);
#7269=EDGE_CURVE('',#6009,#6007,#9507,.T.);
#7270=EDGE_CURVE('',#6008,#6006,#9508,.T.);
#7271=EDGE_CURVE('',#6010,#6011,#9509,.T.);
#7272=EDGE_CURVE('',#6011,#6009,#9510,.T.);
#7273=EDGE_CURVE('',#6010,#6008,#9511,.T.);
#7274=EDGE_CURVE('',#6012,#6013,#9512,.T.);
#7275=EDGE_CURVE('',#6013,#6011,#9513,.T.);
#7276=EDGE_CURVE('',#6012,#6010,#9514,.T.);
#7277=EDGE_CURVE('',#6014,#6015,#9515,.T.);
#7278=EDGE_CURVE('',#6015,#6013,#9516,.T.);
#7279=EDGE_CURVE('',#6014,#6012,#9517,.T.);
#7280=EDGE_CURVE('',#6016,#6017,#9518,.T.);
#7281=EDGE_CURVE('',#6017,#6015,#9519,.T.);
#7282=EDGE_CURVE('',#6016,#6014,#9520,.T.);
#7283=EDGE_CURVE('',#6018,#6019,#9521,.T.);
#7284=EDGE_CURVE('',#6019,#6017,#8155,.T.);
#7285=EDGE_CURVE('',#6018,#6016,#8156,.T.);
#7286=EDGE_CURVE('',#6020,#6019,#9522,.T.);
#7287=EDGE_CURVE('',#6021,#6018,#9523,.T.);
#7288=EDGE_CURVE('',#6020,#6021,#9524,.T.);
#7289=EDGE_CURVE('',#6022,#6023,#9525,.T.);
#7290=EDGE_CURVE('',#6023,#6024,#8157,.T.);
#7291=EDGE_CURVE('',#6025,#6024,#9526,.T.);
#7292=EDGE_CURVE('',#6022,#6025,#8158,.T.);
#7293=EDGE_CURVE('',#6026,#6027,#9527,.T.);
#7294=EDGE_CURVE('',#6027,#6023,#9528,.T.);
#7295=EDGE_CURVE('',#6026,#6022,#9529,.T.);
#7296=EDGE_CURVE('',#6028,#6029,#9530,.T.);
#7297=EDGE_CURVE('',#6029,#6027,#9531,.T.);
#7298=EDGE_CURVE('',#6028,#6026,#9532,.T.);
#7299=EDGE_CURVE('',#6030,#6031,#9533,.T.);
#7300=EDGE_CURVE('',#6031,#6029,#9534,.T.);
#7301=EDGE_CURVE('',#6030,#6028,#9535,.T.);
#7302=EDGE_CURVE('',#6032,#6033,#9536,.T.);
#7303=EDGE_CURVE('',#6033,#6031,#9537,.T.);
#7304=EDGE_CURVE('',#6032,#6030,#9538,.T.);
#7305=EDGE_CURVE('',#6034,#6035,#9539,.T.);
#7306=EDGE_CURVE('',#6035,#6033,#9540,.T.);
#7307=EDGE_CURVE('',#6034,#6032,#9541,.T.);
#7308=EDGE_CURVE('',#6036,#6037,#9542,.T.);
#7309=EDGE_CURVE('',#6037,#6035,#8159,.T.);
#7310=EDGE_CURVE('',#6036,#6034,#8160,.T.);
#7311=EDGE_CURVE('',#6038,#6037,#9543,.T.);
#7312=EDGE_CURVE('',#6039,#6036,#9544,.T.);
#7313=EDGE_CURVE('',#6038,#6039,#9545,.T.);
#7314=EDGE_CURVE('',#5986,#5984,#8161,.T.);
#7315=EDGE_CURVE('',#5990,#5985,#9546,.T.);
#7316=EDGE_CURVE('',#5999,#5997,#8162,.T.);
#7317=EDGE_CURVE('',#5998,#5995,#9547,.T.);
#7318=EDGE_CURVE('',#6005,#6020,#9548,.T.);
#7319=EDGE_CURVE('',#6024,#6040,#9549,.T.);
#7320=EDGE_CURVE('',#6040,#6038,#9550,.T.);
#7321=EDGE_CURVE('',#6025,#6041,#9551,.T.);
#7322=EDGE_CURVE('',#6040,#6041,#9552,.T.);
#7323=EDGE_CURVE('',#5987,#5982,#8163,.T.);
#7324=EDGE_CURVE('',#5983,#5991,#9553,.T.);
#7325=EDGE_CURVE('',#6000,#5996,#8164,.T.);
#7326=EDGE_CURVE('',#5993,#6001,#9554,.T.);
#7327=EDGE_CURVE('',#6003,#6021,#9555,.T.);
#7328=EDGE_CURVE('',#6041,#6039,#9556,.T.);
#7329=EDGE_CURVE('',#6042,#6043,#9557,.T.);
#7330=EDGE_CURVE('',#6042,#6044,#9558,.T.);
#7331=EDGE_CURVE('',#6044,#6045,#9559,.T.);
#7332=EDGE_CURVE('',#6045,#6043,#9560,.T.);
#7333=EDGE_CURVE('',#6046,#6047,#9561,.T.);
#7334=EDGE_CURVE('',#6048,#6047,#8165,.T.);
#7335=EDGE_CURVE('',#6048,#6049,#9562,.T.);
#7336=EDGE_CURVE('',#6049,#6046,#8166,.T.);
#7337=EDGE_CURVE('',#6050,#6049,#9563,.T.);
#7338=EDGE_CURVE('',#6051,#6048,#9564,.T.);
#7339=EDGE_CURVE('',#6050,#6051,#9565,.T.);
#7340=EDGE_CURVE('',#6052,#6053,#9566,.T.);
#7341=EDGE_CURVE('',#6052,#6054,#9567,.T.);
#7342=EDGE_CURVE('',#6054,#6055,#9568,.T.);
#7343=EDGE_CURVE('',#6055,#6053,#9569,.T.);
#7344=EDGE_CURVE('',#6056,#6057,#9570,.T.);
#7345=EDGE_CURVE('',#6057,#6054,#8167,.T.);
#7346=EDGE_CURVE('',#6056,#6052,#8168,.T.);
#7347=EDGE_CURVE('',#6058,#6059,#9571,.T.);
#7348=EDGE_CURVE('',#6060,#6059,#9572,.T.);
#7349=EDGE_CURVE('',#6061,#6060,#9573,.T.);
#7350=EDGE_CURVE('',#6058,#6061,#9574,.T.);
#7351=EDGE_CURVE('',#6062,#6063,#9575,.T.);
#7352=EDGE_CURVE('',#6062,#6064,#9576,.T.);
#7353=EDGE_CURVE('',#6064,#6065,#9577,.T.);
#7354=EDGE_CURVE('',#6065,#6063,#9578,.T.);
#7355=EDGE_CURVE('',#6066,#6067,#9579,.T.);
#7356=EDGE_CURVE('',#6067,#6064,#8169,.T.);
#7357=EDGE_CURVE('',#6066,#6062,#8170,.T.);
#7358=EDGE_CURVE('',#6068,#6069,#9580,.T.);
#7359=EDGE_CURVE('',#6069,#6067,#9581,.T.);
#7360=EDGE_CURVE('',#6068,#6066,#9582,.T.);
#7361=EDGE_CURVE('',#6070,#6071,#9583,.T.);
#7362=EDGE_CURVE('',#6071,#6069,#9584,.T.);
#7363=EDGE_CURVE('',#6070,#6068,#9585,.T.);
#7364=EDGE_CURVE('',#6072,#6073,#9586,.T.);
#7365=EDGE_CURVE('',#6073,#6071,#9587,.T.);
#7366=EDGE_CURVE('',#6072,#6070,#9588,.T.);
#7367=EDGE_CURVE('',#6074,#6075,#9589,.T.);
#7368=EDGE_CURVE('',#6075,#6073,#9590,.T.);
#7369=EDGE_CURVE('',#6074,#6072,#9591,.T.);
#7370=EDGE_CURVE('',#6076,#6077,#9592,.T.);
#7371=EDGE_CURVE('',#6077,#6075,#9593,.T.);
#7372=EDGE_CURVE('',#6076,#6074,#9594,.T.);
#7373=EDGE_CURVE('',#6078,#6079,#9595,.T.);
#7374=EDGE_CURVE('',#6079,#6077,#8171,.T.);
#7375=EDGE_CURVE('',#6078,#6076,#8172,.T.);
#7376=EDGE_CURVE('',#6080,#6079,#9596,.T.);
#7377=EDGE_CURVE('',#6081,#6078,#9597,.T.);
#7378=EDGE_CURVE('',#6080,#6081,#9598,.T.);
#7379=EDGE_CURVE('',#6082,#6083,#9599,.T.);
#7380=EDGE_CURVE('',#6083,#6084,#8173,.T.);
#7381=EDGE_CURVE('',#6085,#6084,#9600,.T.);
#7382=EDGE_CURVE('',#6082,#6085,#8174,.T.);
#7383=EDGE_CURVE('',#6086,#6087,#9601,.T.);
#7384=EDGE_CURVE('',#6087,#6083,#9602,.T.);
#7385=EDGE_CURVE('',#6086,#6082,#9603,.T.);
#7386=EDGE_CURVE('',#6088,#6089,#9604,.T.);
#7387=EDGE_CURVE('',#6089,#6087,#9605,.T.);
#7388=EDGE_CURVE('',#6088,#6086,#9606,.T.);
#7389=EDGE_CURVE('',#6090,#6091,#9607,.T.);
#7390=EDGE_CURVE('',#6091,#6089,#9608,.T.);
#7391=EDGE_CURVE('',#6090,#6088,#9609,.T.);
#7392=EDGE_CURVE('',#6092,#6093,#9610,.T.);
#7393=EDGE_CURVE('',#6093,#6091,#9611,.T.);
#7394=EDGE_CURVE('',#6092,#6090,#9612,.T.);
#7395=EDGE_CURVE('',#6094,#6095,#9613,.T.);
#7396=EDGE_CURVE('',#6095,#6093,#9614,.T.);
#7397=EDGE_CURVE('',#6094,#6092,#9615,.T.);
#7398=EDGE_CURVE('',#6096,#6097,#9616,.T.);
#7399=EDGE_CURVE('',#6097,#6095,#8175,.T.);
#7400=EDGE_CURVE('',#6096,#6094,#8176,.T.);
#7401=EDGE_CURVE('',#6098,#6097,#9617,.T.);
#7402=EDGE_CURVE('',#6099,#6096,#9618,.T.);
#7403=EDGE_CURVE('',#6098,#6099,#9619,.T.);
#7404=EDGE_CURVE('',#6046,#6044,#8177,.T.);
#7405=EDGE_CURVE('',#6050,#6045,#9620,.T.);
#7406=EDGE_CURVE('',#6059,#6057,#8178,.T.);
#7407=EDGE_CURVE('',#6058,#6055,#9621,.T.);
#7408=EDGE_CURVE('',#6065,#6080,#9622,.T.);
#7409=EDGE_CURVE('',#6084,#6100,#9623,.T.);
#7410=EDGE_CURVE('',#6100,#6098,#9624,.T.);
#7411=EDGE_CURVE('',#6085,#6101,#9625,.T.);
#7412=EDGE_CURVE('',#6100,#6101,#9626,.T.);
#7413=EDGE_CURVE('',#6047,#6042,#8179,.T.);
#7414=EDGE_CURVE('',#6043,#6051,#9627,.T.);
#7415=EDGE_CURVE('',#6060,#6056,#8180,.T.);
#7416=EDGE_CURVE('',#6053,#6061,#9628,.T.);
#7417=EDGE_CURVE('',#6063,#6081,#9629,.T.);
#7418=EDGE_CURVE('',#6101,#6099,#9630,.T.);
#7419=EDGE_CURVE('',#6102,#6103,#9631,.T.);
#7420=EDGE_CURVE('',#6102,#6104,#9632,.T.);
#7421=EDGE_CURVE('',#6104,#6105,#9633,.T.);
#7422=EDGE_CURVE('',#6105,#6103,#9634,.T.);
#7423=EDGE_CURVE('',#6106,#6107,#9635,.T.);
#7424=EDGE_CURVE('',#6108,#6107,#8181,.T.);
#7425=EDGE_CURVE('',#6108,#6109,#9636,.T.);
#7426=EDGE_CURVE('',#6109,#6106,#8182,.T.);
#7427=EDGE_CURVE('',#6110,#6109,#9637,.T.);
#7428=EDGE_CURVE('',#6111,#6108,#9638,.T.);
#7429=EDGE_CURVE('',#6110,#6111,#9639,.T.);
#7430=EDGE_CURVE('',#6112,#6113,#9640,.T.);
#7431=EDGE_CURVE('',#6112,#6114,#9641,.T.);
#7432=EDGE_CURVE('',#6114,#6115,#9642,.T.);
#7433=EDGE_CURVE('',#6115,#6113,#9643,.T.);
#7434=EDGE_CURVE('',#6116,#6117,#9644,.T.);
#7435=EDGE_CURVE('',#6117,#6114,#8183,.T.);
#7436=EDGE_CURVE('',#6116,#6112,#8184,.T.);
#7437=EDGE_CURVE('',#6118,#6119,#9645,.T.);
#7438=EDGE_CURVE('',#6120,#6119,#9646,.T.);
#7439=EDGE_CURVE('',#6121,#6120,#9647,.T.);
#7440=EDGE_CURVE('',#6118,#6121,#9648,.T.);
#7441=EDGE_CURVE('',#6122,#6123,#9649,.T.);
#7442=EDGE_CURVE('',#6122,#6124,#9650,.T.);
#7443=EDGE_CURVE('',#6124,#6125,#9651,.T.);
#7444=EDGE_CURVE('',#6125,#6123,#9652,.T.);
#7445=EDGE_CURVE('',#6126,#6127,#9653,.T.);
#7446=EDGE_CURVE('',#6127,#6124,#8185,.T.);
#7447=EDGE_CURVE('',#6126,#6122,#8186,.T.);
#7448=EDGE_CURVE('',#6128,#6129,#9654,.T.);
#7449=EDGE_CURVE('',#6129,#6127,#9655,.T.);
#7450=EDGE_CURVE('',#6128,#6126,#9656,.T.);
#7451=EDGE_CURVE('',#6130,#6131,#9657,.T.);
#7452=EDGE_CURVE('',#6131,#6129,#9658,.T.);
#7453=EDGE_CURVE('',#6130,#6128,#9659,.T.);
#7454=EDGE_CURVE('',#6132,#6133,#9660,.T.);
#7455=EDGE_CURVE('',#6133,#6131,#9661,.T.);
#7456=EDGE_CURVE('',#6132,#6130,#9662,.T.);
#7457=EDGE_CURVE('',#6134,#6135,#9663,.T.);
#7458=EDGE_CURVE('',#6135,#6133,#9664,.T.);
#7459=EDGE_CURVE('',#6134,#6132,#9665,.T.);
#7460=EDGE_CURVE('',#6136,#6137,#9666,.T.);
#7461=EDGE_CURVE('',#6137,#6135,#9667,.T.);
#7462=EDGE_CURVE('',#6136,#6134,#9668,.T.);
#7463=EDGE_CURVE('',#6138,#6139,#9669,.T.);
#7464=EDGE_CURVE('',#6139,#6137,#8187,.T.);
#7465=EDGE_CURVE('',#6138,#6136,#8188,.T.);
#7466=EDGE_CURVE('',#6140,#6139,#9670,.T.);
#7467=EDGE_CURVE('',#6141,#6138,#9671,.T.);
#7468=EDGE_CURVE('',#6140,#6141,#9672,.T.);
#7469=EDGE_CURVE('',#6142,#6143,#9673,.T.);
#7470=EDGE_CURVE('',#6143,#6144,#8189,.T.);
#7471=EDGE_CURVE('',#6145,#6144,#9674,.T.);
#7472=EDGE_CURVE('',#6142,#6145,#8190,.T.);
#7473=EDGE_CURVE('',#6146,#6147,#9675,.T.);
#7474=EDGE_CURVE('',#6147,#6143,#9676,.T.);
#7475=EDGE_CURVE('',#6146,#6142,#9677,.T.);
#7476=EDGE_CURVE('',#6148,#6149,#9678,.T.);
#7477=EDGE_CURVE('',#6149,#6147,#9679,.T.);
#7478=EDGE_CURVE('',#6148,#6146,#9680,.T.);
#7479=EDGE_CURVE('',#6150,#6151,#9681,.T.);
#7480=EDGE_CURVE('',#6151,#6149,#9682,.T.);
#7481=EDGE_CURVE('',#6150,#6148,#9683,.T.);
#7482=EDGE_CURVE('',#6152,#6153,#9684,.T.);
#7483=EDGE_CURVE('',#6153,#6151,#9685,.T.);
#7484=EDGE_CURVE('',#6152,#6150,#9686,.T.);
#7485=EDGE_CURVE('',#6154,#6155,#9687,.T.);
#7486=EDGE_CURVE('',#6155,#6153,#9688,.T.);
#7487=EDGE_CURVE('',#6154,#6152,#9689,.T.);
#7488=EDGE_CURVE('',#6156,#6157,#9690,.T.);
#7489=EDGE_CURVE('',#6157,#6155,#8191,.T.);
#7490=EDGE_CURVE('',#6156,#6154,#8192,.T.);
#7491=EDGE_CURVE('',#6158,#6157,#9691,.T.);
#7492=EDGE_CURVE('',#6159,#6156,#9692,.T.);
#7493=EDGE_CURVE('',#6158,#6159,#9693,.T.);
#7494=EDGE_CURVE('',#6106,#6104,#8193,.T.);
#7495=EDGE_CURVE('',#6110,#6105,#9694,.T.);
#7496=EDGE_CURVE('',#6119,#6117,#8194,.T.);
#7497=EDGE_CURVE('',#6118,#6115,#9695,.T.);
#7498=EDGE_CURVE('',#6125,#6140,#9696,.T.);
#7499=EDGE_CURVE('',#6144,#6160,#9697,.T.);
#7500=EDGE_CURVE('',#6160,#6158,#9698,.T.);
#7501=EDGE_CURVE('',#6145,#6161,#9699,.T.);
#7502=EDGE_CURVE('',#6160,#6161,#9700,.T.);
#7503=EDGE_CURVE('',#6107,#6102,#8195,.T.);
#7504=EDGE_CURVE('',#6103,#6111,#9701,.T.);
#7505=EDGE_CURVE('',#6120,#6116,#8196,.T.);
#7506=EDGE_CURVE('',#6113,#6121,#9702,.T.);
#7507=EDGE_CURVE('',#6123,#6141,#9703,.T.);
#7508=EDGE_CURVE('',#6161,#6159,#9704,.T.);
#7509=EDGE_CURVE('',#6162,#6163,#9705,.T.);
#7510=EDGE_CURVE('',#6162,#6164,#9706,.T.);
#7511=EDGE_CURVE('',#6164,#6165,#9707,.T.);
#7512=EDGE_CURVE('',#6165,#6163,#9708,.T.);
#7513=EDGE_CURVE('',#6166,#6167,#9709,.T.);
#7514=EDGE_CURVE('',#6168,#6167,#8197,.T.);
#7515=EDGE_CURVE('',#6168,#6169,#9710,.T.);
#7516=EDGE_CURVE('',#6169,#6166,#8198,.T.);
#7517=EDGE_CURVE('',#6170,#6169,#9711,.T.);
#7518=EDGE_CURVE('',#6171,#6168,#9712,.T.);
#7519=EDGE_CURVE('',#6170,#6171,#9713,.T.);
#7520=EDGE_CURVE('',#6172,#6173,#9714,.T.);
#7521=EDGE_CURVE('',#6172,#6174,#9715,.T.);
#7522=EDGE_CURVE('',#6174,#6175,#9716,.T.);
#7523=EDGE_CURVE('',#6175,#6173,#9717,.T.);
#7524=EDGE_CURVE('',#6176,#6177,#9718,.T.);
#7525=EDGE_CURVE('',#6177,#6174,#8199,.T.);
#7526=EDGE_CURVE('',#6176,#6172,#8200,.T.);
#7527=EDGE_CURVE('',#6178,#6179,#9719,.T.);
#7528=EDGE_CURVE('',#6180,#6179,#9720,.T.);
#7529=EDGE_CURVE('',#6181,#6180,#9721,.T.);
#7530=EDGE_CURVE('',#6178,#6181,#9722,.T.);
#7531=EDGE_CURVE('',#6182,#6183,#9723,.T.);
#7532=EDGE_CURVE('',#6182,#6184,#9724,.T.);
#7533=EDGE_CURVE('',#6184,#6185,#9725,.T.);
#7534=EDGE_CURVE('',#6185,#6183,#9726,.T.);
#7535=EDGE_CURVE('',#6186,#6187,#9727,.T.);
#7536=EDGE_CURVE('',#6187,#6184,#8201,.T.);
#7537=EDGE_CURVE('',#6186,#6182,#8202,.T.);
#7538=EDGE_CURVE('',#6188,#6189,#9728,.T.);
#7539=EDGE_CURVE('',#6189,#6187,#9729,.T.);
#7540=EDGE_CURVE('',#6188,#6186,#9730,.T.);
#7541=EDGE_CURVE('',#6190,#6191,#9731,.T.);
#7542=EDGE_CURVE('',#6191,#6189,#9732,.T.);
#7543=EDGE_CURVE('',#6190,#6188,#9733,.T.);
#7544=EDGE_CURVE('',#6192,#6193,#9734,.T.);
#7545=EDGE_CURVE('',#6193,#6191,#9735,.T.);
#7546=EDGE_CURVE('',#6192,#6190,#9736,.T.);
#7547=EDGE_CURVE('',#6194,#6195,#9737,.T.);
#7548=EDGE_CURVE('',#6195,#6193,#9738,.T.);
#7549=EDGE_CURVE('',#6194,#6192,#9739,.T.);
#7550=EDGE_CURVE('',#6196,#6197,#9740,.T.);
#7551=EDGE_CURVE('',#6197,#6195,#9741,.T.);
#7552=EDGE_CURVE('',#6196,#6194,#9742,.T.);
#7553=EDGE_CURVE('',#6198,#6199,#9743,.T.);
#7554=EDGE_CURVE('',#6199,#6197,#8203,.T.);
#7555=EDGE_CURVE('',#6198,#6196,#8204,.T.);
#7556=EDGE_CURVE('',#6200,#6199,#9744,.T.);
#7557=EDGE_CURVE('',#6201,#6198,#9745,.T.);
#7558=EDGE_CURVE('',#6200,#6201,#9746,.T.);
#7559=EDGE_CURVE('',#6202,#6203,#9747,.T.);
#7560=EDGE_CURVE('',#6203,#6204,#8205,.T.);
#7561=EDGE_CURVE('',#6205,#6204,#9748,.T.);
#7562=EDGE_CURVE('',#6202,#6205,#8206,.T.);
#7563=EDGE_CURVE('',#6206,#6207,#9749,.T.);
#7564=EDGE_CURVE('',#6207,#6203,#9750,.T.);
#7565=EDGE_CURVE('',#6206,#6202,#9751,.T.);
#7566=EDGE_CURVE('',#6208,#6209,#9752,.T.);
#7567=EDGE_CURVE('',#6209,#6207,#9753,.T.);
#7568=EDGE_CURVE('',#6208,#6206,#9754,.T.);
#7569=EDGE_CURVE('',#6210,#6211,#9755,.T.);
#7570=EDGE_CURVE('',#6211,#6209,#9756,.T.);
#7571=EDGE_CURVE('',#6210,#6208,#9757,.T.);
#7572=EDGE_CURVE('',#6212,#6213,#9758,.T.);
#7573=EDGE_CURVE('',#6213,#6211,#9759,.T.);
#7574=EDGE_CURVE('',#6212,#6210,#9760,.T.);
#7575=EDGE_CURVE('',#6214,#6215,#9761,.T.);
#7576=EDGE_CURVE('',#6215,#6213,#9762,.T.);
#7577=EDGE_CURVE('',#6214,#6212,#9763,.T.);
#7578=EDGE_CURVE('',#6216,#6217,#9764,.T.);
#7579=EDGE_CURVE('',#6217,#6215,#8207,.T.);
#7580=EDGE_CURVE('',#6216,#6214,#8208,.T.);
#7581=EDGE_CURVE('',#6218,#6217,#9765,.T.);
#7582=EDGE_CURVE('',#6219,#6216,#9766,.T.);
#7583=EDGE_CURVE('',#6218,#6219,#9767,.T.);
#7584=EDGE_CURVE('',#6166,#6164,#8209,.T.);
#7585=EDGE_CURVE('',#6170,#6165,#9768,.T.);
#7586=EDGE_CURVE('',#6179,#6177,#8210,.T.);
#7587=EDGE_CURVE('',#6178,#6175,#9769,.T.);
#7588=EDGE_CURVE('',#6185,#6200,#9770,.T.);
#7589=EDGE_CURVE('',#6204,#6220,#9771,.T.);
#7590=EDGE_CURVE('',#6220,#6218,#9772,.T.);
#7591=EDGE_CURVE('',#6205,#6221,#9773,.T.);
#7592=EDGE_CURVE('',#6220,#6221,#9774,.T.);
#7593=EDGE_CURVE('',#6167,#6162,#8211,.T.);
#7594=EDGE_CURVE('',#6163,#6171,#9775,.T.);
#7595=EDGE_CURVE('',#6180,#6176,#8212,.T.);
#7596=EDGE_CURVE('',#6173,#6181,#9776,.T.);
#7597=EDGE_CURVE('',#6183,#6201,#9777,.T.);
#7598=EDGE_CURVE('',#6221,#6219,#9778,.T.);
#7599=EDGE_CURVE('',#6222,#6223,#9779,.T.);
#7600=EDGE_CURVE('',#6222,#6224,#9780,.T.);
#7601=EDGE_CURVE('',#6224,#6225,#9781,.T.);
#7602=EDGE_CURVE('',#6225,#6223,#9782,.T.);
#7603=EDGE_CURVE('',#6226,#6227,#9783,.T.);
#7604=EDGE_CURVE('',#6228,#6227,#8213,.T.);
#7605=EDGE_CURVE('',#6228,#6229,#9784,.T.);
#7606=EDGE_CURVE('',#6229,#6226,#8214,.T.);
#7607=EDGE_CURVE('',#6230,#6229,#9785,.T.);
#7608=EDGE_CURVE('',#6231,#6228,#9786,.T.);
#7609=EDGE_CURVE('',#6230,#6231,#9787,.T.);
#7610=EDGE_CURVE('',#6232,#6233,#9788,.T.);
#7611=EDGE_CURVE('',#6232,#6234,#9789,.T.);
#7612=EDGE_CURVE('',#6234,#6235,#9790,.T.);
#7613=EDGE_CURVE('',#6235,#6233,#9791,.T.);
#7614=EDGE_CURVE('',#6236,#6237,#9792,.T.);
#7615=EDGE_CURVE('',#6237,#6234,#8215,.T.);
#7616=EDGE_CURVE('',#6236,#6232,#8216,.T.);
#7617=EDGE_CURVE('',#6238,#6239,#9793,.T.);
#7618=EDGE_CURVE('',#6240,#6239,#9794,.T.);
#7619=EDGE_CURVE('',#6241,#6240,#9795,.T.);
#7620=EDGE_CURVE('',#6238,#6241,#9796,.T.);
#7621=EDGE_CURVE('',#6242,#6243,#9797,.T.);
#7622=EDGE_CURVE('',#6242,#6244,#9798,.T.);
#7623=EDGE_CURVE('',#6244,#6245,#9799,.T.);
#7624=EDGE_CURVE('',#6245,#6243,#9800,.T.);
#7625=EDGE_CURVE('',#6246,#6247,#9801,.T.);
#7626=EDGE_CURVE('',#6247,#6244,#8217,.T.);
#7627=EDGE_CURVE('',#6246,#6242,#8218,.T.);
#7628=EDGE_CURVE('',#6248,#6249,#9802,.T.);
#7629=EDGE_CURVE('',#6249,#6247,#9803,.T.);
#7630=EDGE_CURVE('',#6248,#6246,#9804,.T.);
#7631=EDGE_CURVE('',#6250,#6251,#9805,.T.);
#7632=EDGE_CURVE('',#6251,#6249,#9806,.T.);
#7633=EDGE_CURVE('',#6250,#6248,#9807,.T.);
#7634=EDGE_CURVE('',#6252,#6253,#9808,.T.);
#7635=EDGE_CURVE('',#6253,#6251,#9809,.T.);
#7636=EDGE_CURVE('',#6252,#6250,#9810,.T.);
#7637=EDGE_CURVE('',#6254,#6255,#9811,.T.);
#7638=EDGE_CURVE('',#6255,#6253,#9812,.T.);
#7639=EDGE_CURVE('',#6254,#6252,#9813,.T.);
#7640=EDGE_CURVE('',#6256,#6257,#9814,.T.);
#7641=EDGE_CURVE('',#6257,#6255,#9815,.T.);
#7642=EDGE_CURVE('',#6256,#6254,#9816,.T.);
#7643=EDGE_CURVE('',#6258,#6259,#9817,.T.);
#7644=EDGE_CURVE('',#6259,#6257,#8219,.T.);
#7645=EDGE_CURVE('',#6258,#6256,#8220,.T.);
#7646=EDGE_CURVE('',#6260,#6259,#9818,.T.);
#7647=EDGE_CURVE('',#6261,#6258,#9819,.T.);
#7648=EDGE_CURVE('',#6260,#6261,#9820,.T.);
#7649=EDGE_CURVE('',#6262,#6263,#9821,.T.);
#7650=EDGE_CURVE('',#6263,#6264,#8221,.T.);
#7651=EDGE_CURVE('',#6265,#6264,#9822,.T.);
#7652=EDGE_CURVE('',#6262,#6265,#8222,.T.);
#7653=EDGE_CURVE('',#6266,#6267,#9823,.T.);
#7654=EDGE_CURVE('',#6267,#6263,#9824,.T.);
#7655=EDGE_CURVE('',#6266,#6262,#9825,.T.);
#7656=EDGE_CURVE('',#6268,#6269,#9826,.T.);
#7657=EDGE_CURVE('',#6269,#6267,#9827,.T.);
#7658=EDGE_CURVE('',#6268,#6266,#9828,.T.);
#7659=EDGE_CURVE('',#6270,#6271,#9829,.T.);
#7660=EDGE_CURVE('',#6271,#6269,#9830,.T.);
#7661=EDGE_CURVE('',#6270,#6268,#9831,.T.);
#7662=EDGE_CURVE('',#6272,#6273,#9832,.T.);
#7663=EDGE_CURVE('',#6273,#6271,#9833,.T.);
#7664=EDGE_CURVE('',#6272,#6270,#9834,.T.);
#7665=EDGE_CURVE('',#6274,#6275,#9835,.T.);
#7666=EDGE_CURVE('',#6275,#6273,#9836,.T.);
#7667=EDGE_CURVE('',#6274,#6272,#9837,.T.);
#7668=EDGE_CURVE('',#6276,#6277,#9838,.T.);
#7669=EDGE_CURVE('',#6277,#6275,#8223,.T.);
#7670=EDGE_CURVE('',#6276,#6274,#8224,.T.);
#7671=EDGE_CURVE('',#6278,#6277,#9839,.T.);
#7672=EDGE_CURVE('',#6279,#6276,#9840,.T.);
#7673=EDGE_CURVE('',#6278,#6279,#9841,.T.);
#7674=EDGE_CURVE('',#6226,#6224,#8225,.T.);
#7675=EDGE_CURVE('',#6230,#6225,#9842,.T.);
#7676=EDGE_CURVE('',#6239,#6237,#8226,.T.);
#7677=EDGE_CURVE('',#6238,#6235,#9843,.T.);
#7678=EDGE_CURVE('',#6245,#6260,#9844,.T.);
#7679=EDGE_CURVE('',#6264,#6280,#9845,.T.);
#7680=EDGE_CURVE('',#6280,#6278,#9846,.T.);
#7681=EDGE_CURVE('',#6265,#6281,#9847,.T.);
#7682=EDGE_CURVE('',#6280,#6281,#9848,.T.);
#7683=EDGE_CURVE('',#6227,#6222,#8227,.T.);
#7684=EDGE_CURVE('',#6223,#6231,#9849,.T.);
#7685=EDGE_CURVE('',#6240,#6236,#8228,.T.);
#7686=EDGE_CURVE('',#6233,#6241,#9850,.T.);
#7687=EDGE_CURVE('',#6243,#6261,#9851,.T.);
#7688=EDGE_CURVE('',#6281,#6279,#9852,.T.);
#7689=EDGE_CURVE('',#6282,#6283,#9853,.T.);
#7690=EDGE_CURVE('',#6282,#6284,#9854,.T.);
#7691=EDGE_CURVE('',#6284,#6285,#9855,.T.);
#7692=EDGE_CURVE('',#6285,#6283,#9856,.T.);
#7693=EDGE_CURVE('',#6286,#6287,#9857,.T.);
#7694=EDGE_CURVE('',#6288,#6287,#8229,.T.);
#7695=EDGE_CURVE('',#6288,#6289,#9858,.T.);
#7696=EDGE_CURVE('',#6289,#6286,#8230,.T.);
#7697=EDGE_CURVE('',#6290,#6289,#9859,.T.);
#7698=EDGE_CURVE('',#6291,#6288,#9860,.T.);
#7699=EDGE_CURVE('',#6290,#6291,#9861,.T.);
#7700=EDGE_CURVE('',#6292,#6293,#9862,.T.);
#7701=EDGE_CURVE('',#6292,#6294,#9863,.T.);
#7702=EDGE_CURVE('',#6294,#6295,#9864,.T.);
#7703=EDGE_CURVE('',#6295,#6293,#9865,.T.);
#7704=EDGE_CURVE('',#6296,#6297,#9866,.T.);
#7705=EDGE_CURVE('',#6297,#6294,#8231,.T.);
#7706=EDGE_CURVE('',#6296,#6292,#8232,.T.);
#7707=EDGE_CURVE('',#6298,#6299,#9867,.T.);
#7708=EDGE_CURVE('',#6300,#6299,#9868,.T.);
#7709=EDGE_CURVE('',#6301,#6300,#9869,.T.);
#7710=EDGE_CURVE('',#6298,#6301,#9870,.T.);
#7711=EDGE_CURVE('',#6302,#6303,#9871,.T.);
#7712=EDGE_CURVE('',#6302,#6304,#9872,.T.);
#7713=EDGE_CURVE('',#6304,#6305,#9873,.T.);
#7714=EDGE_CURVE('',#6305,#6303,#9874,.T.);
#7715=EDGE_CURVE('',#6306,#6307,#9875,.T.);
#7716=EDGE_CURVE('',#6307,#6304,#8233,.T.);
#7717=EDGE_CURVE('',#6306,#6302,#8234,.T.);
#7718=EDGE_CURVE('',#6308,#6309,#9876,.T.);
#7719=EDGE_CURVE('',#6309,#6307,#9877,.T.);
#7720=EDGE_CURVE('',#6308,#6306,#9878,.T.);
#7721=EDGE_CURVE('',#6310,#6311,#9879,.T.);
#7722=EDGE_CURVE('',#6311,#6309,#9880,.T.);
#7723=EDGE_CURVE('',#6310,#6308,#9881,.T.);
#7724=EDGE_CURVE('',#6312,#6313,#9882,.T.);
#7725=EDGE_CURVE('',#6313,#6311,#9883,.T.);
#7726=EDGE_CURVE('',#6312,#6310,#9884,.T.);
#7727=EDGE_CURVE('',#6314,#6315,#9885,.T.);
#7728=EDGE_CURVE('',#6315,#6313,#9886,.T.);
#7729=EDGE_CURVE('',#6314,#6312,#9887,.T.);
#7730=EDGE_CURVE('',#6316,#6317,#9888,.T.);
#7731=EDGE_CURVE('',#6317,#6315,#9889,.T.);
#7732=EDGE_CURVE('',#6316,#6314,#9890,.T.);
#7733=EDGE_CURVE('',#6318,#6319,#9891,.T.);
#7734=EDGE_CURVE('',#6319,#6317,#8235,.T.);
#7735=EDGE_CURVE('',#6318,#6316,#8236,.T.);
#7736=EDGE_CURVE('',#6320,#6319,#9892,.T.);
#7737=EDGE_CURVE('',#6321,#6318,#9893,.T.);
#7738=EDGE_CURVE('',#6320,#6321,#9894,.T.);
#7739=EDGE_CURVE('',#6322,#6323,#9895,.T.);
#7740=EDGE_CURVE('',#6323,#6324,#8237,.T.);
#7741=EDGE_CURVE('',#6325,#6324,#9896,.T.);
#7742=EDGE_CURVE('',#6322,#6325,#8238,.T.);
#7743=EDGE_CURVE('',#6326,#6327,#9897,.T.);
#7744=EDGE_CURVE('',#6327,#6323,#9898,.T.);
#7745=EDGE_CURVE('',#6326,#6322,#9899,.T.);
#7746=EDGE_CURVE('',#6328,#6329,#9900,.T.);
#7747=EDGE_CURVE('',#6329,#6327,#9901,.T.);
#7748=EDGE_CURVE('',#6328,#6326,#9902,.T.);
#7749=EDGE_CURVE('',#6330,#6331,#9903,.T.);
#7750=EDGE_CURVE('',#6331,#6329,#9904,.T.);
#7751=EDGE_CURVE('',#6330,#6328,#9905,.T.);
#7752=EDGE_CURVE('',#6332,#6333,#9906,.T.);
#7753=EDGE_CURVE('',#6333,#6331,#9907,.T.);
#7754=EDGE_CURVE('',#6332,#6330,#9908,.T.);
#7755=EDGE_CURVE('',#6334,#6335,#9909,.T.);
#7756=EDGE_CURVE('',#6335,#6333,#9910,.T.);
#7757=EDGE_CURVE('',#6334,#6332,#9911,.T.);
#7758=EDGE_CURVE('',#6336,#6337,#9912,.T.);
#7759=EDGE_CURVE('',#6337,#6335,#8239,.T.);
#7760=EDGE_CURVE('',#6336,#6334,#8240,.T.);
#7761=EDGE_CURVE('',#6338,#6337,#9913,.T.);
#7762=EDGE_CURVE('',#6339,#6336,#9914,.T.);
#7763=EDGE_CURVE('',#6338,#6339,#9915,.T.);
#7764=EDGE_CURVE('',#6286,#6284,#8241,.T.);
#7765=EDGE_CURVE('',#6290,#6285,#9916,.T.);
#7766=EDGE_CURVE('',#6299,#6297,#8242,.T.);
#7767=EDGE_CURVE('',#6298,#6295,#9917,.T.);
#7768=EDGE_CURVE('',#6305,#6320,#9918,.T.);
#7769=EDGE_CURVE('',#6324,#6340,#9919,.T.);
#7770=EDGE_CURVE('',#6340,#6338,#9920,.T.);
#7771=EDGE_CURVE('',#6325,#6341,#9921,.T.);
#7772=EDGE_CURVE('',#6340,#6341,#9922,.T.);
#7773=EDGE_CURVE('',#6287,#6282,#8243,.T.);
#7774=EDGE_CURVE('',#6283,#6291,#9923,.T.);
#7775=EDGE_CURVE('',#6300,#6296,#8244,.T.);
#7776=EDGE_CURVE('',#6293,#6301,#9924,.T.);
#7777=EDGE_CURVE('',#6303,#6321,#9925,.T.);
#7778=EDGE_CURVE('',#6341,#6339,#9926,.T.);
#7779=EDGE_CURVE('',#6342,#6343,#9927,.T.);
#7780=EDGE_CURVE('',#6342,#6344,#9928,.T.);
#7781=EDGE_CURVE('',#6344,#6345,#9929,.T.);
#7782=EDGE_CURVE('',#6345,#6343,#9930,.T.);
#7783=EDGE_CURVE('',#6346,#6347,#9931,.T.);
#7784=EDGE_CURVE('',#6348,#6347,#8245,.T.);
#7785=EDGE_CURVE('',#6348,#6349,#9932,.T.);
#7786=EDGE_CURVE('',#6349,#6346,#8246,.T.);
#7787=EDGE_CURVE('',#6350,#6349,#9933,.T.);
#7788=EDGE_CURVE('',#6351,#6348,#9934,.T.);
#7789=EDGE_CURVE('',#6350,#6351,#9935,.T.);
#7790=EDGE_CURVE('',#6352,#6353,#9936,.T.);
#7791=EDGE_CURVE('',#6352,#6354,#9937,.T.);
#7792=EDGE_CURVE('',#6354,#6355,#9938,.T.);
#7793=EDGE_CURVE('',#6355,#6353,#9939,.T.);
#7794=EDGE_CURVE('',#6356,#6357,#9940,.T.);
#7795=EDGE_CURVE('',#6357,#6354,#8247,.T.);
#7796=EDGE_CURVE('',#6356,#6352,#8248,.T.);
#7797=EDGE_CURVE('',#6358,#6359,#9941,.T.);
#7798=EDGE_CURVE('',#6360,#6359,#9942,.T.);
#7799=EDGE_CURVE('',#6361,#6360,#9943,.T.);
#7800=EDGE_CURVE('',#6358,#6361,#9944,.T.);
#7801=EDGE_CURVE('',#6362,#6363,#9945,.T.);
#7802=EDGE_CURVE('',#6362,#6364,#9946,.T.);
#7803=EDGE_CURVE('',#6364,#6365,#9947,.T.);
#7804=EDGE_CURVE('',#6365,#6363,#9948,.T.);
#7805=EDGE_CURVE('',#6366,#6367,#9949,.T.);
#7806=EDGE_CURVE('',#6367,#6364,#8249,.T.);
#7807=EDGE_CURVE('',#6366,#6362,#8250,.T.);
#7808=EDGE_CURVE('',#6368,#6369,#9950,.T.);
#7809=EDGE_CURVE('',#6369,#6367,#9951,.T.);
#7810=EDGE_CURVE('',#6368,#6366,#9952,.T.);
#7811=EDGE_CURVE('',#6370,#6371,#9953,.T.);
#7812=EDGE_CURVE('',#6371,#6369,#9954,.T.);
#7813=EDGE_CURVE('',#6370,#6368,#9955,.T.);
#7814=EDGE_CURVE('',#6372,#6373,#9956,.T.);
#7815=EDGE_CURVE('',#6373,#6371,#9957,.T.);
#7816=EDGE_CURVE('',#6372,#6370,#9958,.T.);
#7817=EDGE_CURVE('',#6374,#6375,#9959,.T.);
#7818=EDGE_CURVE('',#6375,#6373,#9960,.T.);
#7819=EDGE_CURVE('',#6374,#6372,#9961,.T.);
#7820=EDGE_CURVE('',#6376,#6377,#9962,.T.);
#7821=EDGE_CURVE('',#6377,#6375,#9963,.T.);
#7822=EDGE_CURVE('',#6376,#6374,#9964,.T.);
#7823=EDGE_CURVE('',#6378,#6379,#9965,.T.);
#7824=EDGE_CURVE('',#6379,#6377,#8251,.T.);
#7825=EDGE_CURVE('',#6378,#6376,#8252,.T.);
#7826=EDGE_CURVE('',#6380,#6379,#9966,.T.);
#7827=EDGE_CURVE('',#6381,#6378,#9967,.T.);
#7828=EDGE_CURVE('',#6380,#6381,#9968,.T.);
#7829=EDGE_CURVE('',#6346,#6344,#8253,.T.);
#7830=EDGE_CURVE('',#6350,#6345,#9969,.T.);
#7831=EDGE_CURVE('',#6359,#6357,#8254,.T.);
#7832=EDGE_CURVE('',#6358,#6355,#9970,.T.);
#7833=EDGE_CURVE('',#6365,#6380,#9971,.T.);
#7834=EDGE_CURVE('',#6382,#6383,#9972,.T.);
#7835=EDGE_CURVE('',#6384,#6382,#8255,.T.);
#7836=EDGE_CURVE('',#6385,#6384,#9973,.T.);
#7837=EDGE_CURVE('',#6386,#6385,#9974,.T.);
#7838=EDGE_CURVE('',#6387,#6386,#9975,.T.);
#7839=EDGE_CURVE('',#6388,#6387,#9976,.T.);
#7840=EDGE_CURVE('',#6389,#6388,#9977,.T.);
#7841=EDGE_CURVE('',#6390,#6389,#8256,.T.);
#7842=EDGE_CURVE('',#6391,#6390,#9978,.T.);
#7843=EDGE_CURVE('',#6383,#6391,#9979,.T.);
#7844=EDGE_CURVE('',#6392,#6393,#9980,.T.);
#7845=EDGE_CURVE('',#6392,#6382,#9981,.T.);
#7846=EDGE_CURVE('',#6383,#6393,#9982,.T.);
#7847=EDGE_CURVE('',#6394,#6384,#9983,.T.);
#7848=EDGE_CURVE('',#6394,#6392,#8257,.T.);
#7849=EDGE_CURVE('',#6395,#6385,#9984,.T.);
#7850=EDGE_CURVE('',#6395,#6394,#9985,.T.);
#7851=EDGE_CURVE('',#6396,#6386,#9986,.T.);
#7852=EDGE_CURVE('',#6396,#6395,#9987,.T.);
#7853=EDGE_CURVE('',#6397,#6387,#9988,.T.);
#7854=EDGE_CURVE('',#6397,#6396,#9989,.T.);
#7855=EDGE_CURVE('',#6398,#6388,#9990,.T.);
#7856=EDGE_CURVE('',#6398,#6397,#9991,.T.);
#7857=EDGE_CURVE('',#6399,#6389,#9992,.T.);
#7858=EDGE_CURVE('',#6399,#6398,#9993,.T.);
#7859=EDGE_CURVE('',#6400,#6390,#9994,.T.);
#7860=EDGE_CURVE('',#6400,#6399,#8258,.T.);
#7861=EDGE_CURVE('',#6401,#6400,#9995,.T.);
#7862=EDGE_CURVE('',#6391,#6401,#9996,.T.);
#7863=EDGE_CURVE('',#6402,#6403,#9997,.T.);
#7864=EDGE_CURVE('',#6403,#6404,#9998,.T.);
#7865=EDGE_CURVE('',#6404,#6405,#9999,.T.);
#7866=EDGE_CURVE('',#6402,#6405,#10000,.T.);
#7867=EDGE_CURVE('',#6406,#6407,#10001,.T.);
#7868=EDGE_CURVE('',#6407,#6403,#8259,.T.);
#7869=EDGE_CURVE('',#6406,#6402,#8260,.T.);
#7870=EDGE_CURVE('',#6408,#6409,#10002,.T.);
#7871=EDGE_CURVE('',#6409,#6407,#10003,.T.);
#7872=EDGE_CURVE('',#6408,#6406,#10004,.T.);
#7873=EDGE_CURVE('',#6410,#6411,#10005,.T.);
#7874=EDGE_CURVE('',#6411,#6409,#10006,.T.);
#7875=EDGE_CURVE('',#6410,#6408,#10007,.T.);
#7876=EDGE_CURVE('',#6412,#6413,#10008,.T.);
#7877=EDGE_CURVE('',#6413,#6411,#10009,.T.);
#7878=EDGE_CURVE('',#6412,#6410,#10010,.T.);
#7879=EDGE_CURVE('',#6414,#6415,#10011,.T.);
#7880=EDGE_CURVE('',#6415,#6413,#10012,.T.);
#7881=EDGE_CURVE('',#6414,#6412,#10013,.T.);
#7882=EDGE_CURVE('',#6416,#6417,#10014,.T.);
#7883=EDGE_CURVE('',#6417,#6415,#10015,.T.);
#7884=EDGE_CURVE('',#6416,#6414,#10016,.T.);
#7885=EDGE_CURVE('',#6418,#6419,#10017,.T.);
#7886=EDGE_CURVE('',#6419,#6417,#8261,.T.);
#7887=EDGE_CURVE('',#6418,#6416,#8262,.T.);
#7888=EDGE_CURVE('',#6420,#6419,#10018,.T.);
#7889=EDGE_CURVE('',#6421,#6418,#10019,.T.);
#7890=EDGE_CURVE('',#6420,#6421,#10020,.T.);
#7891=EDGE_CURVE('',#6422,#6423,#10021,.T.);
#7892=EDGE_CURVE('',#6422,#6424,#10022,.T.);
#7893=EDGE_CURVE('',#6424,#6425,#10023,.T.);
#7894=EDGE_CURVE('',#6425,#6423,#10024,.T.);
#7895=EDGE_CURVE('',#6426,#6427,#10025,.T.);
#7896=EDGE_CURVE('',#6427,#6424,#8263,.T.);
#7897=EDGE_CURVE('',#6426,#6422,#8264,.T.);
#7898=EDGE_CURVE('',#6428,#6429,#10026,.T.);
#7899=EDGE_CURVE('',#6429,#6427,#10027,.T.);
#7900=EDGE_CURVE('',#6428,#6426,#10028,.T.);
#7901=EDGE_CURVE('',#6430,#6431,#10029,.T.);
#7902=EDGE_CURVE('',#6431,#6429,#10030,.T.);
#7903=EDGE_CURVE('',#6430,#6428,#10031,.T.);
#7904=EDGE_CURVE('',#6432,#6433,#10032,.T.);
#7905=EDGE_CURVE('',#6433,#6431,#10033,.T.);
#7906=EDGE_CURVE('',#6432,#6430,#10034,.T.);
#7907=EDGE_CURVE('',#6434,#6435,#10035,.T.);
#7908=EDGE_CURVE('',#6435,#6433,#10036,.T.);
#7909=EDGE_CURVE('',#6434,#6432,#10037,.T.);
#7910=EDGE_CURVE('',#6436,#6437,#10038,.T.);
#7911=EDGE_CURVE('',#6437,#6435,#10039,.T.);
#7912=EDGE_CURVE('',#6436,#6434,#10040,.T.);
#7913=EDGE_CURVE('',#6438,#6439,#10041,.T.);
#7914=EDGE_CURVE('',#6439,#6437,#8265,.T.);
#7915=EDGE_CURVE('',#6438,#6436,#8266,.T.);
#7916=EDGE_CURVE('',#6440,#6439,#10042,.T.);
#7917=EDGE_CURVE('',#6441,#6438,#10043,.T.);
#7918=EDGE_CURVE('',#6440,#6441,#10044,.T.);
#7919=EDGE_CURVE('',#6442,#6443,#10045,.T.);
#7920=EDGE_CURVE('',#6444,#6443,#10046,.T.);
#7921=EDGE_CURVE('',#6445,#6444,#10047,.T.);
#7922=EDGE_CURVE('',#6445,#6442,#10048,.T.);
#7923=EDGE_CURVE('',#6446,#6447,#10049,.T.);
#7924=EDGE_CURVE('',#6443,#6447,#10050,.T.);
#7925=EDGE_CURVE('',#6442,#6446,#10051,.T.);
#7926=EDGE_CURVE('',#6448,#6449,#10052,.T.);
#7927=EDGE_CURVE('',#6447,#6449,#10053,.T.);
#7928=EDGE_CURVE('',#6446,#6448,#10054,.T.);
#7929=EDGE_CURVE('',#6450,#6451,#10055,.T.);
#7930=EDGE_CURVE('',#6449,#6451,#10056,.T.);
#7931=EDGE_CURVE('',#6448,#6450,#10057,.T.);
#7932=EDGE_CURVE('',#6452,#6453,#10058,.T.);
#7933=EDGE_CURVE('',#6451,#6453,#10059,.T.);
#7934=EDGE_CURVE('',#6450,#6452,#10060,.T.);
#7935=EDGE_CURVE('',#6454,#6455,#10061,.T.);
#7936=EDGE_CURVE('',#6453,#6455,#10062,.T.);
#7937=EDGE_CURVE('',#6452,#6454,#10063,.T.);
#7938=EDGE_CURVE('',#6456,#6457,#10064,.T.);
#7939=EDGE_CURVE('',#6455,#6457,#10065,.T.);
#7940=EDGE_CURVE('',#6454,#6456,#10066,.T.);
#7941=EDGE_CURVE('',#6458,#6459,#10067,.T.);
#7942=EDGE_CURVE('',#6457,#6459,#10068,.T.);
#7943=EDGE_CURVE('',#6456,#6458,#10069,.T.);
#7944=EDGE_CURVE('',#6460,#6461,#10070,.T.);
#7945=EDGE_CURVE('',#6459,#6461,#10071,.T.);
#7946=EDGE_CURVE('',#6458,#6460,#10072,.T.);
#7947=EDGE_CURVE('',#6462,#6463,#10073,.T.);
#7948=EDGE_CURVE('',#6461,#6463,#10074,.T.);
#7949=EDGE_CURVE('',#6460,#6462,#10075,.T.);
#7950=EDGE_CURVE('',#6464,#6465,#10076,.T.);
#7951=EDGE_CURVE('',#6463,#6465,#10077,.T.);
#7952=EDGE_CURVE('',#6462,#6464,#10078,.T.);
#7953=EDGE_CURVE('',#6465,#6444,#10079,.T.);
#7954=EDGE_CURVE('',#6464,#6445,#10080,.T.);
#7955=EDGE_CURVE('',#6363,#6381,#10081,.T.);
#7956=EDGE_CURVE('',#6393,#6401,#10082,.T.);
#7957=EDGE_CURVE('',#6404,#6420,#10083,.T.);
#7958=EDGE_CURVE('',#6405,#6421,#10084,.T.);
#7959=EDGE_CURVE('',#6425,#6440,#10085,.T.);
#7960=EDGE_CURVE('',#6423,#6441,#10086,.T.);
#7961=EDGE_CURVE('',#6347,#6342,#8267,.T.);
#7962=EDGE_CURVE('',#6343,#6351,#10087,.T.);
#7963=EDGE_CURVE('',#6360,#6356,#8268,.T.);
#7964=EDGE_CURVE('',#6353,#6361,#10088,.T.);
#7965=EDGE_CURVE('',#6466,#6467,#10089,.T.);
#7966=EDGE_CURVE('',#6466,#6468,#10090,.T.);
#7967=EDGE_CURVE('',#6468,#6469,#10091,.T.);
#7968=EDGE_CURVE('',#6469,#6467,#10092,.T.);
#7969=EDGE_CURVE('',#6470,#6471,#10093,.T.);
#7970=EDGE_CURVE('',#6472,#6471,#8269,.T.);
#7971=EDGE_CURVE('',#6472,#6473,#10094,.T.);
#7972=EDGE_CURVE('',#6473,#6470,#8270,.T.);
#7973=EDGE_CURVE('',#6474,#6473,#10095,.T.);
#7974=EDGE_CURVE('',#6475,#6472,#10096,.T.);
#7975=EDGE_CURVE('',#6474,#6475,#10097,.T.);
#7976=EDGE_CURVE('',#5674,#5676,#10098,.T.);
#7977=EDGE_CURVE('',#5679,#5675,#10099,.T.);
#7978=EDGE_CURVE('',#6474,#6469,#10100,.T.);
#7979=EDGE_CURVE('',#6467,#6475,#10101,.T.);
#7980=EDGE_CURVE('',#6476,#6477,#10102,.T.);
#7981=EDGE_CURVE('',#6477,#6478,#8271,.T.);
#7982=EDGE_CURVE('',#6479,#6478,#10103,.T.);
#7983=EDGE_CURVE('',#6476,#6479,#8272,.T.);
#7984=EDGE_CURVE('',#6480,#6481,#10104,.T.);
#7985=EDGE_CURVE('',#6482,#6481,#10105,.T.);
#7986=EDGE_CURVE('',#6483,#6482,#10106,.T.);
#7987=EDGE_CURVE('',#6480,#6483,#10107,.T.);
#7988=EDGE_CURVE('',#6470,#6468,#8273,.T.);
#7989=EDGE_CURVE('',#6478,#6484,#10108,.T.);
#7990=EDGE_CURVE('',#6481,#6477,#8274,.T.);
#7991=EDGE_CURVE('',#6480,#6484,#10109,.T.);
#7992=EDGE_CURVE('',#6479,#6485,#10110,.T.);
#7993=EDGE_CURVE('',#6484,#6485,#10111,.T.);
#7994=EDGE_CURVE('',#6471,#6466,#8275,.T.);
#7995=EDGE_CURVE('',#6482,#6476,#8276,.T.);
#7996=EDGE_CURVE('',#6485,#6483,#10112,.T.);
#7997=EDGE_CURVE('',#5682,#5668,#10113,.T.);
#7998=EDGE_CURVE('',#5671,#5683,#10114,.T.);
#7999=EDGE_CURVE('',#5652,#5662,#10115,.T.);
#8000=EDGE_CURVE('',#6486,#5659,#10116,.T.);
#8001=EDGE_CURVE('',#6487,#6486,#10117,.T.);
#8002=EDGE_CURVE('',#5693,#6487,#10118,.T.);
#8003=EDGE_CURVE('',#5666,#5827,#10119,.T.);
#8004=EDGE_CURVE('',#5843,#5826,#10120,.T.);
#8005=EDGE_CURVE('',#6488,#5824,#10121,.T.);
#8006=EDGE_CURVE('',#6488,#6486,#10122,.T.);
#8007=EDGE_CURVE('',#5658,#5654,#10123,.T.);
#8008=EDGE_CURVE('',#5661,#5667,#10124,.T.);
#8009=EDGE_CURVE('',#6489,#6487,#10125,.T.);
#8010=EDGE_CURVE('',#6489,#6488,#10126,.T.);
#8011=EDGE_CURVE('',#6489,#5694,#10127,.T.);
#8012=EDGE_CURVE('',#5717,#5739,#10128,.T.);
#8013=EDGE_CURVE('',#6490,#5704,#10129,.T.);
#8014=EDGE_CURVE('',#6491,#6490,#10130,.T.);
#8015=EDGE_CURVE('',#6492,#6491,#10131,.T.);
#8016=EDGE_CURVE('',#6493,#6492,#10132,.T.);
#8017=EDGE_CURVE('',#6494,#6493,#10133,.T.);
#8018=EDGE_CURVE('',#6495,#6494,#10134,.T.);
#8019=EDGE_CURVE('',#5757,#6495,#10135,.T.);
#8020=EDGE_CURVE('',#6494,#6496,#10136,.T.);
#8021=EDGE_CURVE('',#6493,#6497,#10137,.T.);
#8022=EDGE_CURVE('',#6497,#6496,#10138,.T.);
#8023=EDGE_CURVE('',#6495,#6498,#10139,.T.);
#8024=EDGE_CURVE('',#6498,#6496,#10140,.T.);
#8025=EDGE_CURVE('',#5758,#6499,#10141,.T.);
#8026=EDGE_CURVE('',#6499,#6498,#10142,.T.);
#8027=EDGE_CURVE('',#6500,#6501,#10143,.T.);
#8028=EDGE_CURVE('',#6500,#6499,#10144,.T.);
#8029=EDGE_CURVE('',#6501,#6498,#10145,.T.);
#8030=EDGE_CURVE('',#6490,#6501,#10146,.T.);
#8031=EDGE_CURVE('',#6500,#5705,#10147,.T.);
#8032=EDGE_CURVE('',#6491,#6502,#10148,.T.);
#8033=EDGE_CURVE('',#6502,#6501,#10149,.T.);
#8034=EDGE_CURVE('',#6492,#6503,#10150,.T.);
#8035=EDGE_CURVE('',#6503,#6502,#10151,.T.);
#8036=EDGE_CURVE('',#6503,#6497,#10152,.T.);
#8037=EDGE_CURVE('',#5718,#5726,#10153,.T.);
#8038=EDGE_CURVE('',#6504,#5718,#10154,.T.);
#8039=EDGE_CURVE('',#6504,#5728,#10155,.T.);
#8040=EDGE_CURVE('',#6504,#5740,#10156,.T.);
#8041=EDGE_CURVE('',#6505,#5743,#10157,.T.);
#8042=EDGE_CURVE('',#6506,#6505,#10158,.T.);
#8043=EDGE_CURVE('',#5731,#6506,#10159,.T.);
#8044=EDGE_CURVE('',#6507,#5797,#10160,.T.);
#8045=EDGE_CURVE('',#6507,#6505,#10161,.T.);
#8046=EDGE_CURVE('',#5768,#5743,#10162,.T.);
#8047=EDGE_CURVE('',#6508,#6507,#10163,.T.);
#8048=EDGE_CURVE('',#6508,#6506,#10164,.T.);
#8049=EDGE_CURVE('',#5737,#6508,#10165,.T.);
#8050=EDGE_CURVE('',#5731,#5761,#10166,.T.);
#8051=EDGE_CURVE('',#5779,#5807,#10167,.T.);
#8052=EDGE_CURVE('',#6509,#5764,#10168,.T.);
#8053=EDGE_CURVE('',#6509,#5811,#10169,.T.);
#8054=EDGE_CURVE('',#5804,#6509,#10170,.T.);
#8055=EDGE_CURVE('',#5518,#5524,#10171,.T.);
#8056=EDGE_CURVE('',#5491,#5498,#10172,.T.);
#8057=CIRCLE('',#11595,0.45);
#8058=CIRCLE('',#11596,0.45);
#8059=CIRCLE('',#11597,0.35);
#8060=CIRCLE('',#11598,0.35);
#8061=CIRCLE('',#11601,0.3);
#8062=CIRCLE('',#11603,0.3);
#8063=CIRCLE('',#11605,0.3);
#8064=CIRCLE('',#11606,0.3);
#8065=CIRCLE('',#11607,0.3);
#8066=CIRCLE('',#11608,0.3);
#8067=CIRCLE('',#11616,0.3);
#8068=CIRCLE('',#11617,0.3);
#8069=CIRCLE('',#11618,0.3);
#8070=CIRCLE('',#11619,0.3);
#8071=CIRCLE('',#11621,0.4);
#8072=CIRCLE('',#11622,0.1);
#8073=CIRCLE('',#11624,0.1);
#8074=CIRCLE('',#11625,0.1);
#8075=CIRCLE('',#11626,0.1);
#8076=CIRCLE('',#11628,0.4);
#8077=CIRCLE('',#11630,0.4);
#8078=CIRCLE('',#11631,0.4);
#8079=CIRCLE('',#11632,0.4);
#8080=CIRCLE('',#11633,0.4);
#8081=CIRCLE('',#11635,0.4);
#8082=CIRCLE('',#11636,0.4);
#8083=CIRCLE('',#11637,0.4);
#8084=CIRCLE('',#11638,0.4);
#8085=CIRCLE('',#11650,0.404);
#8086=CIRCLE('',#11651,0.404);
#8087=CIRCLE('',#11653,0.15);
#8088=CIRCLE('',#11659,0.15);
#8089=CIRCLE('',#11660,0.15);
#8090=CIRCLE('',#11662,0.404);
#8091=CIRCLE('',#11664,0.404);
#8092=CIRCLE('',#11668,0.15);
#8093=CIRCLE('',#11681,0.404);
#8094=CIRCLE('',#11682,0.404);
#8095=CIRCLE('',#11684,0.15);
#8096=CIRCLE('',#11686,0.15);
#8097=CIRCLE('',#11689,0.15);
#8098=CIRCLE('',#11690,0.15);
#8099=CIRCLE('',#11692,0.404);
#8100=CIRCLE('',#11694,0.404);
#8101=CIRCLE('',#11730,0.3);
#8102=CIRCLE('',#11731,0.3);
#8103=CIRCLE('',#11734,0.3);
#8104=CIRCLE('',#11735,0.3);
#8105=CIRCLE('',#11737,0.3);
#8106=CIRCLE('',#11738,0.3);
#8107=CIRCLE('',#11741,0.3);
#8108=CIRCLE('',#11742,0.3);
#8109=CIRCLE('',#11752,0.3);
#8110=CIRCLE('',#11753,0.3);
#8111=CIRCLE('',#11763,0.3);
#8112=CIRCLE('',#11764,0.3);
#8113=CIRCLE('',#11768,0.3);
#8114=CIRCLE('',#11769,0.3);
#8115=CIRCLE('',#11774,0.3);
#8116=CIRCLE('',#11775,0.3);
#8117=CIRCLE('',#11829,0.5);
#8118=CIRCLE('',#11830,0.5);
#8119=CIRCLE('',#11834,0.5);
#8120=CIRCLE('',#11835,0.5);
#8121=CIRCLE('',#11839,0.1);
#8122=CIRCLE('',#11840,0.1);
#8123=CIRCLE('',#11847,0.3);
#8124=CIRCLE('',#11848,0.3);
#8125=CIRCLE('',#11851,0.3);
#8126=CIRCLE('',#11852,0.3);
#8127=CIRCLE('',#11859,0.1);
#8128=CIRCLE('',#11860,0.1);
#8129=CIRCLE('',#11863,0.5);
#8130=CIRCLE('',#11865,0.5);
#8131=CIRCLE('',#11870,0.5);
#8132=CIRCLE('',#11872,0.5);
#8133=CIRCLE('',#11877,0.5);
#8134=CIRCLE('',#11878,0.5);
#8135=CIRCLE('',#11882,0.5);
#8136=CIRCLE('',#11883,0.5);
#8137=CIRCLE('',#11887,0.3);
#8138=CIRCLE('',#11888,0.3);
#8139=CIRCLE('',#11895,0.1);
#8140=CIRCLE('',#11896,0.1);
#8141=CIRCLE('',#11899,0.1);
#8142=CIRCLE('',#11900,0.1);
#8143=CIRCLE('',#11907,0.3);
#8144=CIRCLE('',#11908,0.3);
#8145=CIRCLE('',#11911,0.5);
#8146=CIRCLE('',#11913,0.5);
#8147=CIRCLE('',#11918,0.5);
#8148=CIRCLE('',#11920,0.5);
#8149=CIRCLE('',#11925,0.5);
#8150=CIRCLE('',#11926,0.5);
#8151=CIRCLE('',#11930,0.5);
#8152=CIRCLE('',#11931,0.5);
#8153=CIRCLE('',#11935,0.3);
#8154=CIRCLE('',#11936,0.3);
#8155=CIRCLE('',#11943,0.1);
#8156=CIRCLE('',#11944,0.1);
#8157=CIRCLE('',#11947,0.1);
#8158=CIRCLE('',#11948,0.1);
#8159=CIRCLE('',#11955,0.3);
#8160=CIRCLE('',#11956,0.3);
#8161=CIRCLE('',#11959,0.5);
#8162=CIRCLE('',#11961,0.5);
#8163=CIRCLE('',#11966,0.5);
#8164=CIRCLE('',#11968,0.5);
#8165=CIRCLE('',#11973,0.5);
#8166=CIRCLE('',#11974,0.5);
#8167=CIRCLE('',#11978,0.5);
#8168=CIRCLE('',#11979,0.5);
#8169=CIRCLE('',#11983,0.3);
#8170=CIRCLE('',#11984,0.3);
#8171=CIRCLE('',#11991,0.1);
#8172=CIRCLE('',#11992,0.1);
#8173=CIRCLE('',#11995,0.1);
#8174=CIRCLE('',#11996,0.1);
#8175=CIRCLE('',#12003,0.3);
#8176=CIRCLE('',#12004,0.3);
#8177=CIRCLE('',#12007,0.5);
#8178=CIRCLE('',#12009,0.5);
#8179=CIRCLE('',#12014,0.5);
#8180=CIRCLE('',#12016,0.5);
#8181=CIRCLE('',#12021,0.5);
#8182=CIRCLE('',#12022,0.5);
#8183=CIRCLE('',#12026,0.5);
#8184=CIRCLE('',#12027,0.5);
#8185=CIRCLE('',#12031,0.3);
#8186=CIRCLE('',#12032,0.3);
#8187=CIRCLE('',#12039,0.1);
#8188=CIRCLE('',#12040,0.1);
#8189=CIRCLE('',#12043,0.1);
#8190=CIRCLE('',#12044,0.1);
#8191=CIRCLE('',#12051,0.3);
#8192=CIRCLE('',#12052,0.3);
#8193=CIRCLE('',#12055,0.5);
#8194=CIRCLE('',#12057,0.5);
#8195=CIRCLE('',#12062,0.5);
#8196=CIRCLE('',#12064,0.5);
#8197=CIRCLE('',#12069,0.5);
#8198=CIRCLE('',#12070,0.5);
#8199=CIRCLE('',#12074,0.5);
#8200=CIRCLE('',#12075,0.5);
#8201=CIRCLE('',#12079,0.3);
#8202=CIRCLE('',#12080,0.3);
#8203=CIRCLE('',#12087,0.1);
#8204=CIRCLE('',#12088,0.1);
#8205=CIRCLE('',#12091,0.1);
#8206=CIRCLE('',#12092,0.1);
#8207=CIRCLE('',#12099,0.3);
#8208=CIRCLE('',#12100,0.3);
#8209=CIRCLE('',#12103,0.5);
#8210=CIRCLE('',#12105,0.5);
#8211=CIRCLE('',#12110,0.5);
#8212=CIRCLE('',#12112,0.5);
#8213=CIRCLE('',#12117,0.5);
#8214=CIRCLE('',#12118,0.5);
#8215=CIRCLE('',#12122,0.5);
#8216=CIRCLE('',#12123,0.5);
#8217=CIRCLE('',#12127,0.3);
#8218=CIRCLE('',#12128,0.3);
#8219=CIRCLE('',#12135,0.1);
#8220=CIRCLE('',#12136,0.1);
#8221=CIRCLE('',#12139,0.1);
#8222=CIRCLE('',#12140,0.1);
#8223=CIRCLE('',#12147,0.3);
#8224=CIRCLE('',#12148,0.3);
#8225=CIRCLE('',#12151,0.5);
#8226=CIRCLE('',#12153,0.5);
#8227=CIRCLE('',#12158,0.5);
#8228=CIRCLE('',#12160,0.5);
#8229=CIRCLE('',#12165,0.5);
#8230=CIRCLE('',#12166,0.5);
#8231=CIRCLE('',#12170,0.5);
#8232=CIRCLE('',#12171,0.5);
#8233=CIRCLE('',#12175,0.3);
#8234=CIRCLE('',#12176,0.3);
#8235=CIRCLE('',#12183,0.1);
#8236=CIRCLE('',#12184,0.1);
#8237=CIRCLE('',#12187,0.1);
#8238=CIRCLE('',#12188,0.1);
#8239=CIRCLE('',#12195,0.3);
#8240=CIRCLE('',#12196,0.3);
#8241=CIRCLE('',#12199,0.5);
#8242=CIRCLE('',#12201,0.5);
#8243=CIRCLE('',#12206,0.5);
#8244=CIRCLE('',#12208,0.5);
#8245=CIRCLE('',#12213,0.5);
#8246=CIRCLE('',#12214,0.5);
#8247=CIRCLE('',#12218,0.5);
#8248=CIRCLE('',#12219,0.5);
#8249=CIRCLE('',#12223,0.3);
#8250=CIRCLE('',#12224,0.3);
#8251=CIRCLE('',#12231,0.1);
#8252=CIRCLE('',#12232,0.1);
#8253=CIRCLE('',#12235,0.5);
#8254=CIRCLE('',#12237,0.5);
#8255=CIRCLE('',#12240,0.1);
#8256=CIRCLE('',#12241,0.3);
#8257=CIRCLE('',#12244,0.1);
#8258=CIRCLE('',#12251,0.3);
#8259=CIRCLE('',#12255,0.3);
#8260=CIRCLE('',#12256,0.3);
#8261=CIRCLE('',#12263,0.1);
#8262=CIRCLE('',#12264,0.1);
#8263=CIRCLE('',#12268,0.1);
#8264=CIRCLE('',#12269,0.1);
#8265=CIRCLE('',#12276,0.3);
#8266=CIRCLE('',#12277,0.3);
#8267=CIRCLE('',#12293,0.5);
#8268=CIRCLE('',#12295,0.5);
#8269=CIRCLE('',#12300,0.5);
#8270=CIRCLE('',#12301,0.5);
#8271=CIRCLE('',#12305,0.5);
#8272=CIRCLE('',#12306,0.5);
#8273=CIRCLE('',#12311,0.5);
#8274=CIRCLE('',#12313,0.5);
#8275=CIRCLE('',#12318,0.5);
#8276=CIRCLE('',#12320,0.5);
#8277=PRESENTATION_LAYER_ASSIGNMENT('1','Layer 1',(#8658,#8659,#8660,#8661,
#8662,#8663,#8664,#8665,#8666,#8667,#8668,#8669,#8670,#8671,#8672,#8673,
#8674,#8675,#8676,#8677,#8678,#8679,#8680,#8681,#8682,#8683,#8684,#8685,
#8686,#8687,#8688,#8689,#8690,#8691,#8692,#8693,#8694,#8695,#8696,#8697,
#8698,#8699,#8700,#8701,#8702,#8703,#8704,#8705,#8706,#8707,#8708,#8709,
#8710,#8711,#8712,#8713,#8714,#8715,#8716,#8717,#8718,#8719,#8720,#8721,
#8722,#8723,#8724,#8725,#8726,#8727,#8728,#8729,#8730,#8731,#8732,#8733,
#8734,#8735,#8736,#8737,#8738,#8739,#8740,#8741,#8742,#8743,#8744,#8745,
#8746,#8747,#8748,#8749,#8750,#8751,#31));
#8278=STYLED_ITEM('',(#8373),#8658);
#8279=STYLED_ITEM('',(#8374),#8659);
#8280=STYLED_ITEM('',(#8375),#8660);
#8281=STYLED_ITEM('',(#8376),#8661);
#8282=STYLED_ITEM('',(#8377),#8662);
#8283=STYLED_ITEM('',(#8378),#8663);
#8284=STYLED_ITEM('',(#8379),#8664);
#8285=STYLED_ITEM('',(#8380),#8665);
#8286=STYLED_ITEM('',(#8381),#8666);
#8287=STYLED_ITEM('',(#8382),#8667);
#8288=STYLED_ITEM('',(#8383),#8668);
#8289=STYLED_ITEM('',(#8384),#8669);
#8290=STYLED_ITEM('',(#8385),#8670);
#8291=STYLED_ITEM('',(#8386),#8671);
#8292=STYLED_ITEM('',(#8387),#8672);
#8293=STYLED_ITEM('',(#8388),#8673);
#8294=STYLED_ITEM('',(#8389),#8674);
#8295=STYLED_ITEM('',(#8390),#8675);
#8296=STYLED_ITEM('',(#8391),#8676);
#8297=STYLED_ITEM('',(#8392),#8677);
#8298=STYLED_ITEM('',(#8393),#8678);
#8299=STYLED_ITEM('',(#8394),#8679);
#8300=STYLED_ITEM('',(#8395),#8680);
#8301=STYLED_ITEM('',(#8396),#8681);
#8302=STYLED_ITEM('',(#8397),#8682);
#8303=STYLED_ITEM('',(#8398),#8683);
#8304=STYLED_ITEM('',(#8399),#8684);
#8305=STYLED_ITEM('',(#8400),#8685);
#8306=STYLED_ITEM('',(#8401),#8686);
#8307=STYLED_ITEM('',(#8402),#8687);
#8308=STYLED_ITEM('',(#8403),#8688);
#8309=STYLED_ITEM('',(#8404),#8689);
#8310=STYLED_ITEM('',(#8405),#8690);
#8311=STYLED_ITEM('',(#8406),#8691);
#8312=STYLED_ITEM('',(#8407),#8692);
#8313=STYLED_ITEM('',(#8408),#8693);
#8314=STYLED_ITEM('',(#8409),#8694);
#8315=STYLED_ITEM('',(#8410),#8695);
#8316=STYLED_ITEM('',(#8411),#8696);
#8317=STYLED_ITEM('',(#8412),#8697);
#8318=STYLED_ITEM('',(#8413),#8698);
#8319=STYLED_ITEM('',(#8414),#8699);
#8320=STYLED_ITEM('',(#8415),#8700);
#8321=STYLED_ITEM('',(#8416),#8701);
#8322=STYLED_ITEM('',(#8417),#8702);
#8323=STYLED_ITEM('',(#8418),#8703);
#8324=STYLED_ITEM('',(#8419),#8704);
#8325=STYLED_ITEM('',(#8420),#8705);
#8326=STYLED_ITEM('',(#8421),#8706);
#8327=STYLED_ITEM('',(#8422),#8707);
#8328=STYLED_ITEM('',(#8423),#8708);
#8329=STYLED_ITEM('',(#8424),#8709);
#8330=STYLED_ITEM('',(#8425),#8710);
#8331=STYLED_ITEM('',(#8426),#8711);
#8332=STYLED_ITEM('',(#8427),#8712);
#8333=STYLED_ITEM('',(#8428),#8713);
#8334=STYLED_ITEM('',(#8429),#8714);
#8335=STYLED_ITEM('',(#8430),#8715);
#8336=STYLED_ITEM('',(#8431),#8716);
#8337=STYLED_ITEM('',(#8432),#8717);
#8338=STYLED_ITEM('',(#8433),#8718);
#8339=STYLED_ITEM('',(#8434),#8719);
#8340=STYLED_ITEM('',(#8435),#8720);
#8341=STYLED_ITEM('',(#8436),#8721);
#8342=STYLED_ITEM('',(#8437),#8722);
#8343=STYLED_ITEM('',(#8438),#8723);
#8344=STYLED_ITEM('',(#8439),#8724);
#8345=STYLED_ITEM('',(#8440),#8725);
#8346=STYLED_ITEM('',(#8441),#8726);
#8347=STYLED_ITEM('',(#8442),#8727);
#8348=STYLED_ITEM('',(#8443),#8728);
#8349=STYLED_ITEM('',(#8444),#8729);
#8350=STYLED_ITEM('',(#8445),#8730);
#8351=STYLED_ITEM('',(#8446),#8731);
#8352=STYLED_ITEM('',(#8447),#8732);
#8353=STYLED_ITEM('',(#8448),#8733);
#8354=STYLED_ITEM('',(#8449),#8734);
#8355=STYLED_ITEM('',(#8450),#8735);
#8356=STYLED_ITEM('',(#8451),#8736);
#8357=STYLED_ITEM('',(#8452),#8737);
#8358=STYLED_ITEM('',(#8453),#8738);
#8359=STYLED_ITEM('',(#8454),#8739);
#8360=STYLED_ITEM('',(#8455),#8740);
#8361=STYLED_ITEM('',(#8456),#8741);
#8362=STYLED_ITEM('',(#8457),#8742);
#8363=STYLED_ITEM('',(#8458),#8743);
#8364=STYLED_ITEM('',(#8459),#8744);
#8365=STYLED_ITEM('',(#8460),#8745);
#8366=STYLED_ITEM('',(#8461),#8746);
#8367=STYLED_ITEM('',(#8462),#8747);
#8368=STYLED_ITEM('',(#8463),#8748);
#8369=STYLED_ITEM('',(#8464),#8749);
#8370=STYLED_ITEM('',(#8465),#8750);
#8371=STYLED_ITEM('',(#8466),#8751);
#8372=STYLED_ITEM('',(#8467),#31);
#8373=PRESENTATION_STYLE_ASSIGNMENT((#8468));
#8374=PRESENTATION_STYLE_ASSIGNMENT((#8469));
#8375=PRESENTATION_STYLE_ASSIGNMENT((#8470));
#8376=PRESENTATION_STYLE_ASSIGNMENT((#8471));
#8377=PRESENTATION_STYLE_ASSIGNMENT((#8472));
#8378=PRESENTATION_STYLE_ASSIGNMENT((#8473));
#8379=PRESENTATION_STYLE_ASSIGNMENT((#8474));
#8380=PRESENTATION_STYLE_ASSIGNMENT((#8475));
#8381=PRESENTATION_STYLE_ASSIGNMENT((#8476));
#8382=PRESENTATION_STYLE_ASSIGNMENT((#8477));
#8383=PRESENTATION_STYLE_ASSIGNMENT((#8478));
#8384=PRESENTATION_STYLE_ASSIGNMENT((#8479));
#8385=PRESENTATION_STYLE_ASSIGNMENT((#8480));
#8386=PRESENTATION_STYLE_ASSIGNMENT((#8481));
#8387=PRESENTATION_STYLE_ASSIGNMENT((#8482));
#8388=PRESENTATION_STYLE_ASSIGNMENT((#8483));
#8389=PRESENTATION_STYLE_ASSIGNMENT((#8484));
#8390=PRESENTATION_STYLE_ASSIGNMENT((#8485));
#8391=PRESENTATION_STYLE_ASSIGNMENT((#8486));
#8392=PRESENTATION_STYLE_ASSIGNMENT((#8487));
#8393=PRESENTATION_STYLE_ASSIGNMENT((#8488));
#8394=PRESENTATION_STYLE_ASSIGNMENT((#8489));
#8395=PRESENTATION_STYLE_ASSIGNMENT((#8490));
#8396=PRESENTATION_STYLE_ASSIGNMENT((#8491));
#8397=PRESENTATION_STYLE_ASSIGNMENT((#8492));
#8398=PRESENTATION_STYLE_ASSIGNMENT((#8493));
#8399=PRESENTATION_STYLE_ASSIGNMENT((#8494));
#8400=PRESENTATION_STYLE_ASSIGNMENT((#8495));
#8401=PRESENTATION_STYLE_ASSIGNMENT((#8496));
#8402=PRESENTATION_STYLE_ASSIGNMENT((#8497));
#8403=PRESENTATION_STYLE_ASSIGNMENT((#8498));
#8404=PRESENTATION_STYLE_ASSIGNMENT((#8499));
#8405=PRESENTATION_STYLE_ASSIGNMENT((#8500));
#8406=PRESENTATION_STYLE_ASSIGNMENT((#8501));
#8407=PRESENTATION_STYLE_ASSIGNMENT((#8502));
#8408=PRESENTATION_STYLE_ASSIGNMENT((#8503));
#8409=PRESENTATION_STYLE_ASSIGNMENT((#8504));
#8410=PRESENTATION_STYLE_ASSIGNMENT((#8505));
#8411=PRESENTATION_STYLE_ASSIGNMENT((#8506));
#8412=PRESENTATION_STYLE_ASSIGNMENT((#8507));
#8413=PRESENTATION_STYLE_ASSIGNMENT((#8508));
#8414=PRESENTATION_STYLE_ASSIGNMENT((#8509));
#8415=PRESENTATION_STYLE_ASSIGNMENT((#8510));
#8416=PRESENTATION_STYLE_ASSIGNMENT((#8511));
#8417=PRESENTATION_STYLE_ASSIGNMENT((#8512));
#8418=PRESENTATION_STYLE_ASSIGNMENT((#8513));
#8419=PRESENTATION_STYLE_ASSIGNMENT((#8514));
#8420=PRESENTATION_STYLE_ASSIGNMENT((#8515));
#8421=PRESENTATION_STYLE_ASSIGNMENT((#8516));
#8422=PRESENTATION_STYLE_ASSIGNMENT((#8517));
#8423=PRESENTATION_STYLE_ASSIGNMENT((#8518));
#8424=PRESENTATION_STYLE_ASSIGNMENT((#8519));
#8425=PRESENTATION_STYLE_ASSIGNMENT((#8520));
#8426=PRESENTATION_STYLE_ASSIGNMENT((#8521));
#8427=PRESENTATION_STYLE_ASSIGNMENT((#8522));
#8428=PRESENTATION_STYLE_ASSIGNMENT((#8523));
#8429=PRESENTATION_STYLE_ASSIGNMENT((#8524));
#8430=PRESENTATION_STYLE_ASSIGNMENT((#8525));
#8431=PRESENTATION_STYLE_ASSIGNMENT((#8526));
#8432=PRESENTATION_STYLE_ASSIGNMENT((#8527));
#8433=PRESENTATION_STYLE_ASSIGNMENT((#8528));
#8434=PRESENTATION_STYLE_ASSIGNMENT((#8529));
#8435=PRESENTATION_STYLE_ASSIGNMENT((#8530));
#8436=PRESENTATION_STYLE_ASSIGNMENT((#8531));
#8437=PRESENTATION_STYLE_ASSIGNMENT((#8532));
#8438=PRESENTATION_STYLE_ASSIGNMENT((#8533));
#8439=PRESENTATION_STYLE_ASSIGNMENT((#8534));
#8440=PRESENTATION_STYLE_ASSIGNMENT((#8535));
#8441=PRESENTATION_STYLE_ASSIGNMENT((#8536));
#8442=PRESENTATION_STYLE_ASSIGNMENT((#8537));
#8443=PRESENTATION_STYLE_ASSIGNMENT((#8538));
#8444=PRESENTATION_STYLE_ASSIGNMENT((#8539));
#8445=PRESENTATION_STYLE_ASSIGNMENT((#8540));
#8446=PRESENTATION_STYLE_ASSIGNMENT((#8541));
#8447=PRESENTATION_STYLE_ASSIGNMENT((#8542));
#8448=PRESENTATION_STYLE_ASSIGNMENT((#8543));
#8449=PRESENTATION_STYLE_ASSIGNMENT((#8544));
#8450=PRESENTATION_STYLE_ASSIGNMENT((#8545));
#8451=PRESENTATION_STYLE_ASSIGNMENT((#8546));
#8452=PRESENTATION_STYLE_ASSIGNMENT((#8547));
#8453=PRESENTATION_STYLE_ASSIGNMENT((#8548));
#8454=PRESENTATION_STYLE_ASSIGNMENT((#8549));
#8455=PRESENTATION_STYLE_ASSIGNMENT((#8550));
#8456=PRESENTATION_STYLE_ASSIGNMENT((#8551));
#8457=PRESENTATION_STYLE_ASSIGNMENT((#8552));
#8458=PRESENTATION_STYLE_ASSIGNMENT((#8553));
#8459=PRESENTATION_STYLE_ASSIGNMENT((#8554));
#8460=PRESENTATION_STYLE_ASSIGNMENT((#8555));
#8461=PRESENTATION_STYLE_ASSIGNMENT((#8556));
#8462=PRESENTATION_STYLE_ASSIGNMENT((#8557));
#8463=PRESENTATION_STYLE_ASSIGNMENT((#8558));
#8464=PRESENTATION_STYLE_ASSIGNMENT((#8559));
#8465=PRESENTATION_STYLE_ASSIGNMENT((#8560));
#8466=PRESENTATION_STYLE_ASSIGNMENT((#8561));
#8467=PRESENTATION_STYLE_ASSIGNMENT((#26));
#8468=CURVE_STYLE('',#8564,POSITIVE_LENGTH_MEASURE(0.18),#8562);
#8469=CURVE_STYLE('',#8565,POSITIVE_LENGTH_MEASURE(0.18),#8562);
#8470=CURVE_STYLE('',#8566,POSITIVE_LENGTH_MEASURE(0.18),#8562);
#8471=CURVE_STYLE('',#8567,POSITIVE_LENGTH_MEASURE(0.18),#8562);
#8472=CURVE_STYLE('',#8568,POSITIVE_LENGTH_MEASURE(0.18),#8562);
#8473=CURVE_STYLE('',#8569,POSITIVE_LENGTH_MEASURE(0.18),#8562);
#8474=CURVE_STYLE('',#8570,POSITIVE_LENGTH_MEASURE(0.18),#8562);
#8475=CURVE_STYLE('',#8571,POSITIVE_LENGTH_MEASURE(0.18),#8562);
#8476=CURVE_STYLE('',#8572,POSITIVE_LENGTH_MEASURE(0.18),#8562);
#8477=CURVE_STYLE('',#8573,POSITIVE_LENGTH_MEASURE(0.18),#8562);
#8478=CURVE_STYLE('',#8574,POSITIVE_LENGTH_MEASURE(0.18),#8562);
#8479=CURVE_STYLE('',#8575,POSITIVE_LENGTH_MEASURE(0.18),#8562);
#8480=CURVE_STYLE('',#8576,POSITIVE_LENGTH_MEASURE(0.18),#8562);
#8481=CURVE_STYLE('',#8577,POSITIVE_LENGTH_MEASURE(0.18),#8562);
#8482=CURVE_STYLE('',#8578,POSITIVE_LENGTH_MEASURE(0.18),#8562);
#8483=CURVE_STYLE('',#8579,POSITIVE_LENGTH_MEASURE(0.18),#8562);
#8484=CURVE_STYLE('',#8580,POSITIVE_LENGTH_MEASURE(0.18),#8562);
#8485=CURVE_STYLE('',#8581,POSITIVE_LENGTH_MEASURE(0.18),#8562);
#8486=CURVE_STYLE('',#8582,POSITIVE_LENGTH_MEASURE(0.18),#8562);
#8487=CURVE_STYLE('',#8583,POSITIVE_LENGTH_MEASURE(0.18),#8562);
#8488=CURVE_STYLE('',#8584,POSITIVE_LENGTH_MEASURE(0.18),#8562);
#8489=CURVE_STYLE('',#8585,POSITIVE_LENGTH_MEASURE(0.18),#8562);
#8490=CURVE_STYLE('',#8586,POSITIVE_LENGTH_MEASURE(0.18),#8562);
#8491=CURVE_STYLE('',#8587,POSITIVE_LENGTH_MEASURE(0.18),#8562);
#8492=CURVE_STYLE('',#8588,POSITIVE_LENGTH_MEASURE(0.18),#8562);
#8493=CURVE_STYLE('',#8589,POSITIVE_LENGTH_MEASURE(0.18),#8562);
#8494=CURVE_STYLE('',#8590,POSITIVE_LENGTH_MEASURE(0.18),#8562);
#8495=CURVE_STYLE('',#8591,POSITIVE_LENGTH_MEASURE(0.18),#8562);
#8496=CURVE_STYLE('',#8592,POSITIVE_LENGTH_MEASURE(0.18),#8562);
#8497=CURVE_STYLE('',#8593,POSITIVE_LENGTH_MEASURE(0.18),#8562);
#8498=CURVE_STYLE('',#8594,POSITIVE_LENGTH_MEASURE(0.18),#8562);
#8499=CURVE_STYLE('',#8595,POSITIVE_LENGTH_MEASURE(0.18),#8562);
#8500=CURVE_STYLE('',#8596,POSITIVE_LENGTH_MEASURE(0.18),#8562);
#8501=CURVE_STYLE('',#8597,POSITIVE_LENGTH_MEASURE(0.18),#8562);
#8502=CURVE_STYLE('',#8598,POSITIVE_LENGTH_MEASURE(0.18),#8562);
#8503=CURVE_STYLE('',#8599,POSITIVE_LENGTH_MEASURE(0.18),#8562);
#8504=CURVE_STYLE('',#8600,POSITIVE_LENGTH_MEASURE(0.18),#8562);
#8505=CURVE_STYLE('',#8601,POSITIVE_LENGTH_MEASURE(0.18),#8562);
#8506=CURVE_STYLE('',#8602,POSITIVE_LENGTH_MEASURE(0.18),#8562);
#8507=CURVE_STYLE('',#8603,POSITIVE_LENGTH_MEASURE(0.18),#8562);
#8508=CURVE_STYLE('',#8604,POSITIVE_LENGTH_MEASURE(0.18),#8562);
#8509=CURVE_STYLE('',#8605,POSITIVE_LENGTH_MEASURE(0.18),#8562);
#8510=CURVE_STYLE('',#8606,POSITIVE_LENGTH_MEASURE(0.18),#8562);
#8511=CURVE_STYLE('',#8607,POSITIVE_LENGTH_MEASURE(0.18),#8562);
#8512=CURVE_STYLE('',#8608,POSITIVE_LENGTH_MEASURE(0.18),#8562);
#8513=CURVE_STYLE('',#8609,POSITIVE_LENGTH_MEASURE(0.18),#8562);
#8514=CURVE_STYLE('',#8610,POSITIVE_LENGTH_MEASURE(0.18),#8562);
#8515=CURVE_STYLE('',#8611,POSITIVE_LENGTH_MEASURE(0.18),#8562);
#8516=CURVE_STYLE('',#8612,POSITIVE_LENGTH_MEASURE(0.18),#8562);
#8517=CURVE_STYLE('',#8613,POSITIVE_LENGTH_MEASURE(0.18),#8562);
#8518=CURVE_STYLE('',#8614,POSITIVE_LENGTH_MEASURE(0.18),#8562);
#8519=CURVE_STYLE('',#8615,POSITIVE_LENGTH_MEASURE(0.18),#8562);
#8520=CURVE_STYLE('',#8616,POSITIVE_LENGTH_MEASURE(0.18),#8562);
#8521=CURVE_STYLE('',#8617,POSITIVE_LENGTH_MEASURE(0.18),#8562);
#8522=CURVE_STYLE('',#8618,POSITIVE_LENGTH_MEASURE(0.18),#8562);
#8523=CURVE_STYLE('',#8619,POSITIVE_LENGTH_MEASURE(0.18),#8562);
#8524=CURVE_STYLE('',#8620,POSITIVE_LENGTH_MEASURE(0.18),#8562);
#8525=CURVE_STYLE('',#8621,POSITIVE_LENGTH_MEASURE(0.18),#8562);
#8526=CURVE_STYLE('',#8622,POSITIVE_LENGTH_MEASURE(0.18),#8562);
#8527=CURVE_STYLE('',#8623,POSITIVE_LENGTH_MEASURE(0.18),#8562);
#8528=CURVE_STYLE('',#8624,POSITIVE_LENGTH_MEASURE(0.18),#8562);
#8529=CURVE_STYLE('',#8625,POSITIVE_LENGTH_MEASURE(0.18),#8562);
#8530=CURVE_STYLE('',#8626,POSITIVE_LENGTH_MEASURE(0.18),#8562);
#8531=CURVE_STYLE('',#8627,POSITIVE_LENGTH_MEASURE(0.18),#8562);
#8532=CURVE_STYLE('',#8628,POSITIVE_LENGTH_MEASURE(0.18),#8562);
#8533=CURVE_STYLE('',#8629,POSITIVE_LENGTH_MEASURE(0.18),#8562);
#8534=CURVE_STYLE('',#8630,POSITIVE_LENGTH_MEASURE(0.18),#8562);
#8535=CURVE_STYLE('',#8631,POSITIVE_LENGTH_MEASURE(0.18),#8562);
#8536=CURVE_STYLE('',#8632,POSITIVE_LENGTH_MEASURE(0.18),#8562);
#8537=CURVE_STYLE('',#8633,POSITIVE_LENGTH_MEASURE(0.18),#8562);
#8538=CURVE_STYLE('',#8634,POSITIVE_LENGTH_MEASURE(0.18),#8562);
#8539=CURVE_STYLE('',#8635,POSITIVE_LENGTH_MEASURE(0.18),#8562);
#8540=CURVE_STYLE('',#8636,POSITIVE_LENGTH_MEASURE(0.18),#8562);
#8541=CURVE_STYLE('',#8637,POSITIVE_LENGTH_MEASURE(0.18),#8562);
#8542=CURVE_STYLE('',#8638,POSITIVE_LENGTH_MEASURE(0.18),#8562);
#8543=CURVE_STYLE('',#8639,POSITIVE_LENGTH_MEASURE(0.18),#8562);
#8544=CURVE_STYLE('',#8640,POSITIVE_LENGTH_MEASURE(0.18),#8562);
#8545=CURVE_STYLE('',#8641,POSITIVE_LENGTH_MEASURE(0.18),#8562);
#8546=CURVE_STYLE('',#8642,POSITIVE_LENGTH_MEASURE(0.18),#8562);
#8547=CURVE_STYLE('',#8643,POSITIVE_LENGTH_MEASURE(0.18),#8562);
#8548=CURVE_STYLE('',#8644,POSITIVE_LENGTH_MEASURE(0.18),#8562);
#8549=CURVE_STYLE('',#8645,POSITIVE_LENGTH_MEASURE(0.18),#8562);
#8550=CURVE_STYLE('',#8646,POSITIVE_LENGTH_MEASURE(0.18),#8562);
#8551=CURVE_STYLE('',#8647,POSITIVE_LENGTH_MEASURE(0.18),#8562);
#8552=CURVE_STYLE('',#8648,POSITIVE_LENGTH_MEASURE(0.18),#8562);
#8553=CURVE_STYLE('',#8649,POSITIVE_LENGTH_MEASURE(0.18),#8562);
#8554=CURVE_STYLE('',#8650,POSITIVE_LENGTH_MEASURE(0.18),#8562);
#8555=CURVE_STYLE('',#8651,POSITIVE_LENGTH_MEASURE(0.18),#8562);
#8556=CURVE_STYLE('',#8652,POSITIVE_LENGTH_MEASURE(0.18),#8562);
#8557=CURVE_STYLE('',#8653,POSITIVE_LENGTH_MEASURE(0.18),#8562);
#8558=CURVE_STYLE('',#8654,POSITIVE_LENGTH_MEASURE(0.18),#8562);
#8559=CURVE_STYLE('',#8655,POSITIVE_LENGTH_MEASURE(0.18),#8562);
#8560=CURVE_STYLE('',#8656,POSITIVE_LENGTH_MEASURE(0.18),#8562);
#8561=CURVE_STYLE('',#8657,POSITIVE_LENGTH_MEASURE(0.18),#8562);
#8562=COLOUR_RGB('Medium Royal',0.2,0.4,0.8);
#8563=COLOUR_RGB('medium steel',0.596078431372549,0.666666666666667,0.686274509803922);
#8564=DRAUGHTING_PRE_DEFINED_CURVE_FONT('continuous');
#8565=DRAUGHTING_PRE_DEFINED_CURVE_FONT('continuous');
#8566=DRAUGHTING_PRE_DEFINED_CURVE_FONT('continuous');
#8567=DRAUGHTING_PRE_DEFINED_CURVE_FONT('continuous');
#8568=DRAUGHTING_PRE_DEFINED_CURVE_FONT('continuous');
#8569=DRAUGHTING_PRE_DEFINED_CURVE_FONT('continuous');
#8570=DRAUGHTING_PRE_DEFINED_CURVE_FONT('continuous');
#8571=DRAUGHTING_PRE_DEFINED_CURVE_FONT('continuous');
#8572=DRAUGHTING_PRE_DEFINED_CURVE_FONT('continuous');
#8573=DRAUGHTING_PRE_DEFINED_CURVE_FONT('continuous');
#8574=DRAUGHTING_PRE_DEFINED_CURVE_FONT('continuous');
#8575=DRAUGHTING_PRE_DEFINED_CURVE_FONT('continuous');
#8576=DRAUGHTING_PRE_DEFINED_CURVE_FONT('continuous');
#8577=DRAUGHTING_PRE_DEFINED_CURVE_FONT('continuous');
#8578=DRAUGHTING_PRE_DEFINED_CURVE_FONT('continuous');
#8579=DRAUGHTING_PRE_DEFINED_CURVE_FONT('continuous');
#8580=DRAUGHTING_PRE_DEFINED_CURVE_FONT('continuous');
#8581=DRAUGHTING_PRE_DEFINED_CURVE_FONT('continuous');
#8582=DRAUGHTING_PRE_DEFINED_CURVE_FONT('continuous');
#8583=DRAUGHTING_PRE_DEFINED_CURVE_FONT('continuous');
#8584=DRAUGHTING_PRE_DEFINED_CURVE_FONT('continuous');
#8585=DRAUGHTING_PRE_DEFINED_CURVE_FONT('continuous');
#8586=DRAUGHTING_PRE_DEFINED_CURVE_FONT('continuous');
#8587=DRAUGHTING_PRE_DEFINED_CURVE_FONT('continuous');
#8588=DRAUGHTING_PRE_DEFINED_CURVE_FONT('continuous');
#8589=DRAUGHTING_PRE_DEFINED_CURVE_FONT('continuous');
#8590=DRAUGHTING_PRE_DEFINED_CURVE_FONT('continuous');
#8591=DRAUGHTING_PRE_DEFINED_CURVE_FONT('continuous');
#8592=DRAUGHTING_PRE_DEFINED_CURVE_FONT('continuous');
#8593=DRAUGHTING_PRE_DEFINED_CURVE_FONT('continuous');
#8594=DRAUGHTING_PRE_DEFINED_CURVE_FONT('continuous');
#8595=DRAUGHTING_PRE_DEFINED_CURVE_FONT('continuous');
#8596=DRAUGHTING_PRE_DEFINED_CURVE_FONT('continuous');
#8597=DRAUGHTING_PRE_DEFINED_CURVE_FONT('continuous');
#8598=DRAUGHTING_PRE_DEFINED_CURVE_FONT('continuous');
#8599=DRAUGHTING_PRE_DEFINED_CURVE_FONT('continuous');
#8600=DRAUGHTING_PRE_DEFINED_CURVE_FONT('continuous');
#8601=DRAUGHTING_PRE_DEFINED_CURVE_FONT('continuous');
#8602=DRAUGHTING_PRE_DEFINED_CURVE_FONT('continuous');
#8603=DRAUGHTING_PRE_DEFINED_CURVE_FONT('continuous');
#8604=DRAUGHTING_PRE_DEFINED_CURVE_FONT('continuous');
#8605=DRAUGHTING_PRE_DEFINED_CURVE_FONT('continuous');
#8606=DRAUGHTING_PRE_DEFINED_CURVE_FONT('continuous');
#8607=DRAUGHTING_PRE_DEFINED_CURVE_FONT('continuous');
#8608=DRAUGHTING_PRE_DEFINED_CURVE_FONT('continuous');
#8609=DRAUGHTING_PRE_DEFINED_CURVE_FONT('continuous');
#8610=DRAUGHTING_PRE_DEFINED_CURVE_FONT('continuous');
#8611=DRAUGHTING_PRE_DEFINED_CURVE_FONT('continuous');
#8612=DRAUGHTING_PRE_DEFINED_CURVE_FONT('continuous');
#8613=DRAUGHTING_PRE_DEFINED_CURVE_FONT('continuous');
#8614=DRAUGHTING_PRE_DEFINED_CURVE_FONT('continuous');
#8615=DRAUGHTING_PRE_DEFINED_CURVE_FONT('continuous');
#8616=DRAUGHTING_PRE_DEFINED_CURVE_FONT('continuous');
#8617=DRAUGHTING_PRE_DEFINED_CURVE_FONT('continuous');
#8618=DRAUGHTING_PRE_DEFINED_CURVE_FONT('continuous');
#8619=DRAUGHTING_PRE_DEFINED_CURVE_FONT('continuous');
#8620=DRAUGHTING_PRE_DEFINED_CURVE_FONT('continuous');
#8621=DRAUGHTING_PRE_DEFINED_CURVE_FONT('continuous');
#8622=DRAUGHTING_PRE_DEFINED_CURVE_FONT('continuous');
#8623=DRAUGHTING_PRE_DEFINED_CURVE_FONT('continuous');
#8624=DRAUGHTING_PRE_DEFINED_CURVE_FONT('continuous');
#8625=DRAUGHTING_PRE_DEFINED_CURVE_FONT('continuous');
#8626=DRAUGHTING_PRE_DEFINED_CURVE_FONT('continuous');
#8627=DRAUGHTING_PRE_DEFINED_CURVE_FONT('continuous');
#8628=DRAUGHTING_PRE_DEFINED_CURVE_FONT('continuous');
#8629=DRAUGHTING_PRE_DEFINED_CURVE_FONT('continuous');
#8630=DRAUGHTING_PRE_DEFINED_CURVE_FONT('continuous');
#8631=DRAUGHTING_PRE_DEFINED_CURVE_FONT('continuous');
#8632=DRAUGHTING_PRE_DEFINED_CURVE_FONT('continuous');
#8633=DRAUGHTING_PRE_DEFINED_CURVE_FONT('continuous');
#8634=DRAUGHTING_PRE_DEFINED_CURVE_FONT('continuous');
#8635=DRAUGHTING_PRE_DEFINED_CURVE_FONT('continuous');
#8636=DRAUGHTING_PRE_DEFINED_CURVE_FONT('continuous');
#8637=DRAUGHTING_PRE_DEFINED_CURVE_FONT('continuous');
#8638=DRAUGHTING_PRE_DEFINED_CURVE_FONT('continuous');
#8639=DRAUGHTING_PRE_DEFINED_CURVE_FONT('continuous');
#8640=DRAUGHTING_PRE_DEFINED_CURVE_FONT('continuous');
#8641=DRAUGHTING_PRE_DEFINED_CURVE_FONT('continuous');
#8642=DRAUGHTING_PRE_DEFINED_CURVE_FONT('continuous');
#8643=DRAUGHTING_PRE_DEFINED_CURVE_FONT('continuous');
#8644=DRAUGHTING_PRE_DEFINED_CURVE_FONT('continuous');
#8645=DRAUGHTING_PRE_DEFINED_CURVE_FONT('continuous');
#8646=DRAUGHTING_PRE_DEFINED_CURVE_FONT('continuous');
#8647=DRAUGHTING_PRE_DEFINED_CURVE_FONT('continuous');
#8648=DRAUGHTING_PRE_DEFINED_CURVE_FONT('continuous');
#8649=DRAUGHTING_PRE_DEFINED_CURVE_FONT('continuous');
#8650=DRAUGHTING_PRE_DEFINED_CURVE_FONT('continuous');
#8651=DRAUGHTING_PRE_DEFINED_CURVE_FONT('continuous');
#8652=DRAUGHTING_PRE_DEFINED_CURVE_FONT('continuous');
#8653=DRAUGHTING_PRE_DEFINED_CURVE_FONT('continuous');
#8654=DRAUGHTING_PRE_DEFINED_CURVE_FONT('continuous');
#8655=DRAUGHTING_PRE_DEFINED_CURVE_FONT('continuous');
#8656=DRAUGHTING_PRE_DEFINED_CURVE_FONT('continuous');
#8657=DRAUGHTING_PRE_DEFINED_CURVE_FONT('continuous');
#8658=TRIMMED_CURVE('',#8752,(PARAMETER_VALUE(0.)),(PARAMETER_VALUE(1.)),
 .T.,.PARAMETER.);
#8659=TRIMMED_CURVE('',#8753,(PARAMETER_VALUE(0.)),(PARAMETER_VALUE(1.)),
 .T.,.PARAMETER.);
#8660=TRIMMED_CURVE('',#8754,(PARAMETER_VALUE(0.)),(PARAMETER_VALUE(1.)),
 .T.,.PARAMETER.);
#8661=TRIMMED_CURVE('',#8755,(PARAMETER_VALUE(0.)),(PARAMETER_VALUE(1.)),
 .T.,.PARAMETER.);
#8662=TRIMMED_CURVE('',#8756,(PARAMETER_VALUE(0.)),(PARAMETER_VALUE(1.)),
 .T.,.PARAMETER.);
#8663=TRIMMED_CURVE('',#8757,(PARAMETER_VALUE(0.)),(PARAMETER_VALUE(1.)),
 .T.,.PARAMETER.);
#8664=TRIMMED_CURVE('',#8758,(PARAMETER_VALUE(0.)),(PARAMETER_VALUE(1.)),
 .T.,.PARAMETER.);
#8665=TRIMMED_CURVE('',#8759,(PARAMETER_VALUE(0.)),(PARAMETER_VALUE(1.)),
 .T.,.PARAMETER.);
#8666=TRIMMED_CURVE('',#8760,(PARAMETER_VALUE(0.)),(PARAMETER_VALUE(1.)),
 .T.,.PARAMETER.);
#8667=TRIMMED_CURVE('',#8761,(PARAMETER_VALUE(0.)),(PARAMETER_VALUE(1.)),
 .T.,.PARAMETER.);
#8668=TRIMMED_CURVE('',#8762,(PARAMETER_VALUE(0.)),(PARAMETER_VALUE(1.)),
 .T.,.PARAMETER.);
#8669=TRIMMED_CURVE('',#8763,(PARAMETER_VALUE(0.)),(PARAMETER_VALUE(1.)),
 .T.,.PARAMETER.);
#8670=TRIMMED_CURVE('',#8764,(PARAMETER_VALUE(0.)),(PARAMETER_VALUE(1.)),
 .T.,.PARAMETER.);
#8671=TRIMMED_CURVE('',#8765,(PARAMETER_VALUE(0.)),(PARAMETER_VALUE(1.)),
 .T.,.PARAMETER.);
#8672=TRIMMED_CURVE('',#8766,(PARAMETER_VALUE(0.)),(PARAMETER_VALUE(1.)),
 .T.,.PARAMETER.);
#8673=TRIMMED_CURVE('',#8767,(PARAMETER_VALUE(0.)),(PARAMETER_VALUE(1.)),
 .T.,.PARAMETER.);
#8674=TRIMMED_CURVE('',#8768,(PARAMETER_VALUE(0.)),(PARAMETER_VALUE(1.)),
 .T.,.PARAMETER.);
#8675=TRIMMED_CURVE('',#8769,(PARAMETER_VALUE(0.)),(PARAMETER_VALUE(1.)),
 .T.,.PARAMETER.);
#8676=TRIMMED_CURVE('',#8770,(PARAMETER_VALUE(0.)),(PARAMETER_VALUE(1.)),
 .T.,.PARAMETER.);
#8677=TRIMMED_CURVE('',#8771,(PARAMETER_VALUE(0.)),(PARAMETER_VALUE(1.)),
 .T.,.PARAMETER.);
#8678=TRIMMED_CURVE('',#8772,(PARAMETER_VALUE(0.)),(PARAMETER_VALUE(1.)),
 .T.,.PARAMETER.);
#8679=TRIMMED_CURVE('',#8773,(PARAMETER_VALUE(0.)),(PARAMETER_VALUE(1.)),
 .T.,.PARAMETER.);
#8680=TRIMMED_CURVE('',#8774,(PARAMETER_VALUE(0.)),(PARAMETER_VALUE(1.)),
 .T.,.PARAMETER.);
#8681=TRIMMED_CURVE('',#8775,(PARAMETER_VALUE(0.)),(PARAMETER_VALUE(1.)),
 .T.,.PARAMETER.);
#8682=TRIMMED_CURVE('',#8776,(PARAMETER_VALUE(0.)),(PARAMETER_VALUE(1.)),
 .T.,.PARAMETER.);
#8683=TRIMMED_CURVE('',#8777,(PARAMETER_VALUE(0.)),(PARAMETER_VALUE(1.)),
 .T.,.PARAMETER.);
#8684=TRIMMED_CURVE('',#8778,(PARAMETER_VALUE(0.)),(PARAMETER_VALUE(1.)),
 .T.,.PARAMETER.);
#8685=TRIMMED_CURVE('',#8779,(PARAMETER_VALUE(0.)),(PARAMETER_VALUE(1.)),
 .T.,.PARAMETER.);
#8686=TRIMMED_CURVE('',#8780,(PARAMETER_VALUE(0.)),(PARAMETER_VALUE(1.)),
 .T.,.PARAMETER.);
#8687=TRIMMED_CURVE('',#8781,(PARAMETER_VALUE(0.)),(PARAMETER_VALUE(1.)),
 .T.,.PARAMETER.);
#8688=TRIMMED_CURVE('',#8782,(PARAMETER_VALUE(0.)),(PARAMETER_VALUE(1.)),
 .T.,.PARAMETER.);
#8689=TRIMMED_CURVE('',#8783,(PARAMETER_VALUE(0.)),(PARAMETER_VALUE(1.)),
 .T.,.PARAMETER.);
#8690=TRIMMED_CURVE('',#8784,(PARAMETER_VALUE(0.)),(PARAMETER_VALUE(1.)),
 .T.,.PARAMETER.);
#8691=TRIMMED_CURVE('',#8785,(PARAMETER_VALUE(0.)),(PARAMETER_VALUE(1.)),
 .T.,.PARAMETER.);
#8692=TRIMMED_CURVE('',#8786,(PARAMETER_VALUE(0.)),(PARAMETER_VALUE(1.)),
 .T.,.PARAMETER.);
#8693=TRIMMED_CURVE('',#8787,(PARAMETER_VALUE(0.)),(PARAMETER_VALUE(1.)),
 .T.,.PARAMETER.);
#8694=TRIMMED_CURVE('',#8788,(PARAMETER_VALUE(0.)),(PARAMETER_VALUE(1.)),
 .T.,.PARAMETER.);
#8695=TRIMMED_CURVE('',#8789,(PARAMETER_VALUE(0.)),(PARAMETER_VALUE(1.)),
 .T.,.PARAMETER.);
#8696=TRIMMED_CURVE('',#8790,(PARAMETER_VALUE(0.)),(PARAMETER_VALUE(1.)),
 .T.,.PARAMETER.);
#8697=TRIMMED_CURVE('',#8791,(PARAMETER_VALUE(0.)),(PARAMETER_VALUE(1.)),
 .T.,.PARAMETER.);
#8698=TRIMMED_CURVE('',#8792,(PARAMETER_VALUE(0.)),(PARAMETER_VALUE(1.)),
 .T.,.PARAMETER.);
#8699=TRIMMED_CURVE('',#8793,(PARAMETER_VALUE(0.)),(PARAMETER_VALUE(1.)),
 .T.,.PARAMETER.);
#8700=TRIMMED_CURVE('',#8794,(PARAMETER_VALUE(0.)),(PARAMETER_VALUE(1.)),
 .T.,.PARAMETER.);
#8701=TRIMMED_CURVE('',#8795,(PARAMETER_VALUE(0.)),(PARAMETER_VALUE(1.)),
 .T.,.PARAMETER.);
#8702=TRIMMED_CURVE('',#8796,(PARAMETER_VALUE(0.)),(PARAMETER_VALUE(1.)),
 .T.,.PARAMETER.);
#8703=TRIMMED_CURVE('',#8797,(PARAMETER_VALUE(0.)),(PARAMETER_VALUE(1.)),
 .T.,.PARAMETER.);
#8704=TRIMMED_CURVE('',#8798,(PARAMETER_VALUE(0.)),(PARAMETER_VALUE(1.)),
 .T.,.PARAMETER.);
#8705=TRIMMED_CURVE('',#8799,(PARAMETER_VALUE(0.)),(PARAMETER_VALUE(1.)),
 .T.,.PARAMETER.);
#8706=TRIMMED_CURVE('',#8800,(PARAMETER_VALUE(0.)),(PARAMETER_VALUE(1.)),
 .T.,.PARAMETER.);
#8707=TRIMMED_CURVE('',#8801,(PARAMETER_VALUE(0.)),(PARAMETER_VALUE(1.)),
 .T.,.PARAMETER.);
#8708=TRIMMED_CURVE('',#8802,(PARAMETER_VALUE(0.)),(PARAMETER_VALUE(1.)),
 .T.,.PARAMETER.);
#8709=TRIMMED_CURVE('',#8803,(PARAMETER_VALUE(0.)),(PARAMETER_VALUE(1.)),
 .T.,.PARAMETER.);
#8710=TRIMMED_CURVE('',#8804,(PARAMETER_VALUE(0.)),(PARAMETER_VALUE(1.)),
 .T.,.PARAMETER.);
#8711=TRIMMED_CURVE('',#8805,(PARAMETER_VALUE(0.)),(PARAMETER_VALUE(1.)),
 .T.,.PARAMETER.);
#8712=TRIMMED_CURVE('',#8806,(PARAMETER_VALUE(0.)),(PARAMETER_VALUE(1.)),
 .T.,.PARAMETER.);
#8713=TRIMMED_CURVE('',#8807,(PARAMETER_VALUE(0.)),(PARAMETER_VALUE(1.)),
 .T.,.PARAMETER.);
#8714=TRIMMED_CURVE('',#8808,(PARAMETER_VALUE(0.)),(PARAMETER_VALUE(1.)),
 .T.,.PARAMETER.);
#8715=TRIMMED_CURVE('',#8809,(PARAMETER_VALUE(0.)),(PARAMETER_VALUE(1.)),
 .T.,.PARAMETER.);
#8716=TRIMMED_CURVE('',#8810,(PARAMETER_VALUE(0.)),(PARAMETER_VALUE(1.)),
 .T.,.PARAMETER.);
#8717=TRIMMED_CURVE('',#8811,(PARAMETER_VALUE(0.)),(PARAMETER_VALUE(1.)),
 .T.,.PARAMETER.);
#8718=TRIMMED_CURVE('',#8812,(PARAMETER_VALUE(0.)),(PARAMETER_VALUE(1.)),
 .T.,.PARAMETER.);
#8719=TRIMMED_CURVE('',#8813,(PARAMETER_VALUE(0.)),(PARAMETER_VALUE(1.)),
 .T.,.PARAMETER.);
#8720=TRIMMED_CURVE('',#8814,(PARAMETER_VALUE(0.)),(PARAMETER_VALUE(1.)),
 .T.,.PARAMETER.);
#8721=TRIMMED_CURVE('',#8815,(PARAMETER_VALUE(0.)),(PARAMETER_VALUE(1.)),
 .T.,.PARAMETER.);
#8722=TRIMMED_CURVE('',#8816,(PARAMETER_VALUE(0.)),(PARAMETER_VALUE(1.)),
 .T.,.PARAMETER.);
#8723=TRIMMED_CURVE('',#8817,(PARAMETER_VALUE(0.)),(PARAMETER_VALUE(1.)),
 .T.,.PARAMETER.);
#8724=TRIMMED_CURVE('',#8818,(PARAMETER_VALUE(0.)),(PARAMETER_VALUE(1.)),
 .T.,.PARAMETER.);
#8725=TRIMMED_CURVE('',#8819,(PARAMETER_VALUE(0.)),(PARAMETER_VALUE(1.)),
 .T.,.PARAMETER.);
#8726=TRIMMED_CURVE('',#8820,(PARAMETER_VALUE(0.)),(PARAMETER_VALUE(1.)),
 .T.,.PARAMETER.);
#8727=TRIMMED_CURVE('',#8821,(PARAMETER_VALUE(0.)),(PARAMETER_VALUE(1.)),
 .T.,.PARAMETER.);
#8728=TRIMMED_CURVE('',#8822,(PARAMETER_VALUE(0.)),(PARAMETER_VALUE(1.)),
 .T.,.PARAMETER.);
#8729=TRIMMED_CURVE('',#8823,(PARAMETER_VALUE(0.)),(PARAMETER_VALUE(1.)),
 .T.,.PARAMETER.);
#8730=TRIMMED_CURVE('',#8824,(PARAMETER_VALUE(0.)),(PARAMETER_VALUE(1.)),
 .T.,.PARAMETER.);
#8731=TRIMMED_CURVE('',#8825,(PARAMETER_VALUE(0.)),(PARAMETER_VALUE(1.)),
 .T.,.PARAMETER.);
#8732=TRIMMED_CURVE('',#8826,(PARAMETER_VALUE(0.)),(PARAMETER_VALUE(1.)),
 .T.,.PARAMETER.);
#8733=TRIMMED_CURVE('',#8827,(PARAMETER_VALUE(0.)),(PARAMETER_VALUE(1.)),
 .T.,.PARAMETER.);
#8734=TRIMMED_CURVE('',#8828,(PARAMETER_VALUE(0.)),(PARAMETER_VALUE(1.)),
 .T.,.PARAMETER.);
#8735=TRIMMED_CURVE('',#8829,(PARAMETER_VALUE(0.)),(PARAMETER_VALUE(1.)),
 .T.,.PARAMETER.);
#8736=TRIMMED_CURVE('',#8830,(PARAMETER_VALUE(0.)),(PARAMETER_VALUE(1.)),
 .T.,.PARAMETER.);
#8737=TRIMMED_CURVE('',#8831,(PARAMETER_VALUE(0.)),(PARAMETER_VALUE(1.)),
 .T.,.PARAMETER.);
#8738=TRIMMED_CURVE('',#8832,(PARAMETER_VALUE(0.)),(PARAMETER_VALUE(1.)),
 .T.,.PARAMETER.);
#8739=TRIMMED_CURVE('',#8833,(PARAMETER_VALUE(0.)),(PARAMETER_VALUE(1.)),
 .T.,.PARAMETER.);
#8740=TRIMMED_CURVE('',#8834,(PARAMETER_VALUE(0.)),(PARAMETER_VALUE(1.)),
 .T.,.PARAMETER.);
#8741=TRIMMED_CURVE('',#8835,(PARAMETER_VALUE(0.)),(PARAMETER_VALUE(1.)),
 .T.,.PARAMETER.);
#8742=TRIMMED_CURVE('',#8836,(PARAMETER_VALUE(0.)),(PARAMETER_VALUE(1.)),
 .T.,.PARAMETER.);
#8743=TRIMMED_CURVE('',#8837,(PARAMETER_VALUE(0.)),(PARAMETER_VALUE(1.)),
 .T.,.PARAMETER.);
#8744=TRIMMED_CURVE('',#8838,(PARAMETER_VALUE(0.)),(PARAMETER_VALUE(1.)),
 .T.,.PARAMETER.);
#8745=TRIMMED_CURVE('',#8839,(PARAMETER_VALUE(0.)),(PARAMETER_VALUE(1.)),
 .T.,.PARAMETER.);
#8746=TRIMMED_CURVE('A_4',#8840,(PARAMETER_VALUE(0.)),(
PARAMETER_VALUE(1.)),.T.,.PARAMETER.);
#8747=TRIMMED_CURVE('A_5',#8841,(PARAMETER_VALUE(0.)),(
PARAMETER_VALUE(1.)),.T.,.PARAMETER.);
#8748=TRIMMED_CURVE('',#8057,(PARAMETER_VALUE(0.)),(PARAMETER_VALUE(179.999999999966)),
 .T.,.PARAMETER.);
#8749=TRIMMED_CURVE('',#8058,(PARAMETER_VALUE(0.)),(PARAMETER_VALUE(179.999999999966)),
 .T.,.PARAMETER.);
#8750=TRIMMED_CURVE('',#8059,(PARAMETER_VALUE(0.)),(PARAMETER_VALUE(179.999999999966)),
 .T.,.PARAMETER.);
#8751=TRIMMED_CURVE('',#8060,(PARAMETER_VALUE(0.)),(PARAMETER_VALUE(179.999999999966)),
 .T.,.PARAMETER.);
#8752=LINE('',#15371,#10173);
#8753=LINE('',#15372,#10174);
#8754=LINE('',#15373,#10175);
#8755=LINE('',#15374,#10176);
#8756=LINE('',#15375,#10177);
#8757=LINE('',#15376,#10178);
#8758=LINE('',#15377,#10179);
#8759=LINE('',#15378,#10180);
#8760=LINE('',#15379,#10181);
#8761=LINE('',#15380,#10182);
#8762=LINE('',#15381,#10183);
#8763=LINE('',#15382,#10184);
#8764=LINE('',#15383,#10185);
#8765=LINE('',#15384,#10186);
#8766=LINE('',#15385,#10187);
#8767=LINE('',#15386,#10188);
#8768=LINE('',#15387,#10189);
#8769=LINE('',#15388,#10190);
#8770=LINE('',#15389,#10191);
#8771=LINE('',#15390,#10192);
#8772=LINE('',#15391,#10193);
#8773=LINE('',#15392,#10194);
#8774=LINE('',#15393,#10195);
#8775=LINE('',#15394,#10196);
#8776=LINE('',#15395,#10197);
#8777=LINE('',#15396,#10198);
#8778=LINE('',#15397,#10199);
#8779=LINE('',#15398,#10200);
#8780=LINE('',#15399,#10201);
#8781=LINE('',#15400,#10202);
#8782=LINE('',#15401,#10203);
#8783=LINE('',#15402,#10204);
#8784=LINE('',#15403,#10205);
#8785=LINE('',#15404,#10206);
#8786=LINE('',#15405,#10207);
#8787=LINE('',#15406,#10208);
#8788=LINE('',#15407,#10209);
#8789=LINE('',#15408,#10210);
#8790=LINE('',#15409,#10211);
#8791=LINE('',#15410,#10212);
#8792=LINE('',#15411,#10213);
#8793=LINE('',#15412,#10214);
#8794=LINE('',#15413,#10215);
#8795=LINE('',#15414,#10216);
#8796=LINE('',#15415,#10217);
#8797=LINE('',#15416,#10218);
#8798=LINE('',#15417,#10219);
#8799=LINE('',#15418,#10220);
#8800=LINE('',#15419,#10221);
#8801=LINE('',#15420,#10222);
#8802=LINE('',#15421,#10223);
#8803=LINE('',#15422,#10224);
#8804=LINE('',#15423,#10225);
#8805=LINE('',#15424,#10226);
#8806=LINE('',#15425,#10227);
#8807=LINE('',#15426,#10228);
#8808=LINE('',#15427,#10229);
#8809=LINE('',#15428,#10230);
#8810=LINE('',#15429,#10231);
#8811=LINE('',#15430,#10232);
#8812=LINE('',#15431,#10233);
#8813=LINE('',#15432,#10234);
#8814=LINE('',#15433,#10235);
#8815=LINE('',#15434,#10236);
#8816=LINE('',#15435,#10237);
#8817=LINE('',#15436,#10238);
#8818=LINE('',#15437,#10239);
#8819=LINE('',#15438,#10240);
#8820=LINE('',#15439,#10241);
#8821=LINE('',#15440,#10242);
#8822=LINE('',#15441,#10243);
#8823=LINE('',#15442,#10244);
#8824=LINE('',#15443,#10245);
#8825=LINE('',#15444,#10246);
#8826=LINE('',#15445,#10247);
#8827=LINE('',#15446,#10248);
#8828=LINE('',#15447,#10249);
#8829=LINE('',#15448,#10250);
#8830=LINE('',#15449,#10251);
#8831=LINE('',#15450,#10252);
#8832=LINE('',#15451,#10253);
#8833=LINE('',#15452,#10254);
#8834=LINE('',#15453,#10255);
#8835=LINE('',#15454,#10256);
#8836=LINE('',#15455,#10257);
#8837=LINE('',#15456,#10258);
#8838=LINE('',#15457,#10259);
#8839=LINE('',#15458,#10260);
#8840=LINE('A_4',#15459,#10261);
#8841=LINE('A_5',#15460,#10262);
#8842=LINE('',#15465,#10263);
#8843=LINE('',#15468,#10264);
#8844=LINE('',#15470,#10265);
#8845=LINE('',#15472,#10266);
#8846=LINE('',#15474,#10267);
#8847=LINE('',#15477,#10268);
#8848=LINE('',#15479,#10269);
#8849=LINE('',#15481,#10270);
#8850=LINE('',#15483,#10271);
#8851=LINE('',#15488,#10272);
#8852=LINE('',#15490,#10273);
#8853=LINE('',#15494,#10274);
#8854=LINE('',#15499,#10275);
#8855=LINE('',#15502,#10276);
#8856=LINE('',#15506,#10277);
#8857=LINE('',#15510,#10278);
#8858=LINE('',#15513,#10279);
#8859=LINE('',#15515,#10280);
#8860=LINE('',#15517,#10281);
#8861=LINE('',#15519,#10282);
#8862=LINE('',#15522,#10283);
#8863=LINE('',#15523,#10284);
#8864=LINE('',#15525,#10285);
#8865=LINE('',#15528,#10286);
#8866=LINE('',#15529,#10287);
#8867=LINE('',#15531,#10288);
#8868=LINE('',#15534,#10289);
#8869=LINE('',#15535,#10290);
#8870=LINE('',#15537,#10291);
#8871=LINE('',#15539,#10292);
#8872=LINE('',#15541,#10293);
#8873=LINE('',#15543,#10294);
#8874=LINE('',#15544,#10295);
#8875=LINE('',#15551,#10296);
#8876=LINE('',#15556,#10297);
#8877=LINE('',#15566,#10298);
#8878=LINE('',#15570,#10299);
#8879=LINE('',#15575,#10300);
#8880=LINE('',#15578,#10301);
#8881=LINE('',#15582,#10302);
#8882=LINE('',#15586,#10303);
#8883=LINE('',#15593,#10304);
#8884=LINE('',#15599,#10305);
#8885=LINE('',#15601,#10306);
#8886=LINE('',#15603,#10307);
#8887=LINE('',#15605,#10308);
#8888=LINE('',#15607,#10309);
#8889=LINE('',#15609,#10310);
#8890=LINE('',#15611,#10311);
#8891=LINE('',#15613,#10312);
#8892=LINE('',#15615,#10313);
#8893=LINE('',#15617,#10314);
#8894=LINE('',#15619,#10315);
#8895=LINE('',#15621,#10316);
#8896=LINE('',#15623,#10317);
#8897=LINE('',#15625,#10318);
#8898=LINE('',#15627,#10319);
#8899=LINE('',#15629,#10320);
#8900=LINE('',#15634,#10321);
#8901=LINE('',#15638,#10322);
#8902=LINE('',#15643,#10323);
#8903=LINE('',#15645,#10324);
#8904=LINE('',#15647,#10325);
#8905=LINE('',#15648,#10326);
#8906=LINE('',#15650,#10327);
#8907=LINE('',#15652,#10328);
#8908=LINE('',#15654,#10329);
#8909=LINE('',#15656,#10330);
#8910=LINE('',#15658,#10331);
#8911=LINE('',#15660,#10332);
#8912=LINE('',#15663,#10333);
#8913=LINE('',#15665,#10334);
#8914=LINE('',#15667,#10335);
#8915=LINE('',#15669,#10336);
#8916=LINE('',#15672,#10337);
#8917=LINE('',#15674,#10338);
#8918=LINE('',#15676,#10339);
#8919=LINE('',#15678,#10340);
#8920=LINE('',#15681,#10341);
#8921=LINE('',#15683,#10342);
#8922=LINE('',#15685,#10343);
#8923=LINE('',#15687,#10344);
#8924=LINE('',#15689,#10345);
#8925=LINE('',#15691,#10346);
#8926=LINE('',#15693,#10347);
#8927=LINE('',#15699,#10348);
#8928=LINE('',#15701,#10349);
#8929=LINE('',#15705,#10350);
#8930=LINE('',#15707,#10351);
#8931=LINE('',#15708,#10352);
#8932=LINE('',#15710,#10353);
#8933=LINE('',#15714,#10354);
#8934=LINE('',#15716,#10355);
#8935=LINE('',#15718,#10356);
#8936=LINE('',#15720,#10357);
#8937=LINE('',#15721,#10358);
#8938=LINE('',#15722,#10359);
#8939=LINE('',#15724,#10360);
#8940=LINE('',#15727,#10361);
#8941=LINE('',#15728,#10362);
#8942=LINE('',#15730,#10363);
#8943=LINE('',#15733,#10364);
#8944=LINE('',#15734,#10365);
#8945=LINE('',#15738,#10366);
#8946=LINE('',#15740,#10367);
#8947=LINE('',#15743,#10368);
#8948=LINE('',#15745,#10369);
#8949=LINE('',#15747,#10370);
#8950=LINE('',#15748,#10371);
#8951=LINE('',#15750,#10372);
#8952=LINE('',#15753,#10373);
#8953=LINE('',#15754,#10374);
#8954=LINE('',#15756,#10375);
#8955=LINE('',#15757,#10376);
#8956=LINE('',#15759,#10377);
#8957=LINE('',#15760,#10378);
#8958=LINE('',#15762,#10379);
#8959=LINE('',#15764,#10380);
#8960=LINE('',#15766,#10381);
#8961=LINE('',#15767,#10382);
#8962=LINE('',#15768,#10383);
#8963=LINE('',#15770,#10384);
#8964=LINE('',#15772,#10385);
#8965=LINE('',#15774,#10386);
#8966=LINE('',#15776,#10387);
#8967=LINE('',#15778,#10388);
#8968=LINE('',#15780,#10389);
#8969=LINE('',#15782,#10390);
#8970=LINE('',#15784,#10391);
#8971=LINE('',#15787,#10392);
#8972=LINE('',#15789,#10393);
#8973=LINE('',#15791,#10394);
#8974=LINE('',#15793,#10395);
#8975=LINE('',#15796,#10396);
#8976=LINE('',#15798,#10397);
#8977=LINE('',#15800,#10398);
#8978=LINE('',#15802,#10399);
#8979=LINE('',#15805,#10400);
#8980=LINE('',#15807,#10401);
#8981=LINE('',#15809,#10402);
#8982=LINE('',#15811,#10403);
#8983=LINE('',#15814,#10404);
#8984=LINE('',#15816,#10405);
#8985=LINE('',#15818,#10406);
#8986=LINE('',#15823,#10407);
#8987=LINE('',#15827,#10408);
#8988=LINE('',#15829,#10409);
#8989=LINE('',#15833,#10410);
#8990=LINE('',#15835,#10411);
#8991=LINE('',#15837,#10412);
#8992=LINE('',#15838,#10413);
#8993=LINE('',#15840,#10414);
#8994=LINE('',#15844,#10415);
#8995=LINE('',#15846,#10416);
#8996=LINE('',#15847,#10417);
#8997=LINE('',#15849,#10418);
#8998=LINE('',#15851,#10419);
#8999=LINE('',#15852,#10420);
#9000=LINE('',#15853,#10421);
#9001=LINE('',#15857,#10422);
#9002=LINE('',#15864,#10423);
#9003=LINE('',#15865,#10424);
#9004=LINE('',#15867,#10425);
#9005=LINE('',#15869,#10426);
#9006=LINE('',#15874,#10427);
#9007=LINE('',#15875,#10428);
#9008=LINE('',#15877,#10429);
#9009=LINE('',#15878,#10430);
#9010=LINE('',#15879,#10431);
#9011=LINE('',#15880,#10432);
#9012=LINE('',#15882,#10433);
#9013=LINE('',#15884,#10434);
#9014=LINE('',#15886,#10435);
#9015=LINE('',#15888,#10436);
#9016=LINE('',#15890,#10437);
#9017=LINE('',#15892,#10438);
#9018=LINE('',#15894,#10439);
#9019=LINE('',#15896,#10440);
#9020=LINE('',#15900,#10441);
#9021=LINE('',#15902,#10442);
#9022=LINE('',#15903,#10443);
#9023=LINE('',#15905,#10444);
#9024=LINE('',#15908,#10445);
#9025=LINE('',#15909,#10446);
#9026=LINE('',#15911,#10447);
#9027=LINE('',#15914,#10448);
#9028=LINE('',#15916,#10449);
#9029=LINE('',#15918,#10450);
#9030=LINE('',#15920,#10451);
#9031=LINE('',#15922,#10452);
#9032=LINE('',#15924,#10453);
#9033=LINE('',#15926,#10454);
#9034=LINE('',#15928,#10455);
#9035=LINE('',#15929,#10456);
#9036=LINE('',#15931,#10457);
#9037=LINE('',#15933,#10458);
#9038=LINE('',#15935,#10459);
#9039=LINE('',#15937,#10460);
#9040=LINE('',#15939,#10461);
#9041=LINE('',#15940,#10462);
#9042=LINE('',#15944,#10463);
#9043=LINE('',#15946,#10464);
#9044=LINE('',#15947,#10465);
#9045=LINE('',#15949,#10466);
#9046=LINE('',#15951,#10467);
#9047=LINE('',#15953,#10468);
#9048=LINE('',#15955,#10469);
#9049=LINE('',#15959,#10470);
#9050=LINE('',#15964,#10471);
#9051=LINE('',#15967,#10472);
#9052=LINE('',#15969,#10473);
#9053=LINE('',#15972,#10474);
#9054=LINE('',#15974,#10475);
#9055=LINE('',#15976,#10476);
#9056=LINE('',#15978,#10477);
#9057=LINE('',#15980,#10478);
#9058=LINE('',#15982,#10479);
#9059=LINE('',#15984,#10480);
#9060=LINE('',#15986,#10481);
#9061=LINE('',#15988,#10482);
#9062=LINE('',#15990,#10483);
#9063=LINE('',#15993,#10484);
#9064=LINE('',#15995,#10485);
#9065=LINE('',#15997,#10486);
#9066=LINE('',#15999,#10487);
#9067=LINE('',#16001,#10488);
#9068=LINE('',#16003,#10489);
#9069=LINE('',#16005,#10490);
#9070=LINE('',#16007,#10491);
#9071=LINE('',#16009,#10492);
#9072=LINE('',#16014,#10493);
#9073=LINE('',#16018,#10494);
#9074=LINE('',#16020,#10495);
#9075=LINE('',#16022,#10496);
#9076=LINE('',#16024,#10497);
#9077=LINE('',#16028,#10498);
#9078=LINE('',#16035,#10499);
#9079=LINE('',#16039,#10500);
#9080=LINE('',#16041,#10501);
#9081=LINE('',#16043,#10502);
#9082=LINE('',#16045,#10503);
#9083=LINE('',#16049,#10504);
#9084=LINE('',#16053,#10505);
#9085=LINE('',#16056,#10506);
#9086=LINE('',#16058,#10507);
#9087=LINE('',#16060,#10508);
#9088=LINE('',#16062,#10509);
#9089=LINE('',#16064,#10510);
#9090=LINE('',#16066,#10511);
#9091=LINE('',#16068,#10512);
#9092=LINE('',#16070,#10513);
#9093=LINE('',#16072,#10514);
#9094=LINE('',#16074,#10515);
#9095=LINE('',#16077,#10516);
#9096=LINE('',#16079,#10517);
#9097=LINE('',#16081,#10518);
#9098=LINE('',#16083,#10519);
#9099=LINE('',#16086,#10520);
#9100=LINE('',#16088,#10521);
#9101=LINE('',#16090,#10522);
#9102=LINE('',#16092,#10523);
#9103=LINE('',#16094,#10524);
#9104=LINE('',#16096,#10525);
#9105=LINE('',#16098,#10526);
#9106=LINE('',#16100,#10527);
#9107=LINE('',#16102,#10528);
#9108=LINE('',#16104,#10529);
#9109=LINE('',#16107,#10530);
#9110=LINE('',#16109,#10531);
#9111=LINE('',#16111,#10532);
#9112=LINE('',#16113,#10533);
#9113=LINE('',#16119,#10534);
#9114=LINE('',#16121,#10535);
#9115=LINE('',#16124,#10536);
#9116=LINE('',#16126,#10537);
#9117=LINE('',#16128,#10538);
#9118=LINE('',#16130,#10539);
#9119=LINE('',#16133,#10540);
#9120=LINE('',#16135,#10541);
#9121=LINE('',#16137,#10542);
#9122=LINE('',#16139,#10543);
#9123=LINE('',#16142,#10544);
#9124=LINE('',#16143,#10545);
#9125=LINE('',#16145,#10546);
#9126=LINE('',#16148,#10547);
#9127=LINE('',#16149,#10548);
#9128=LINE('',#16151,#10549);
#9129=LINE('',#16154,#10550);
#9130=LINE('',#16155,#10551);
#9131=LINE('',#16157,#10552);
#9132=LINE('',#16160,#10553);
#9133=LINE('',#16161,#10554);
#9134=LINE('',#16163,#10555);
#9135=LINE('',#16166,#10556);
#9136=LINE('',#16168,#10557);
#9137=LINE('',#16169,#10558);
#9138=LINE('',#16171,#10559);
#9139=LINE('',#16174,#10560);
#9140=LINE('',#16176,#10561);
#9141=LINE('',#16177,#10562);
#9142=LINE('',#16183,#10563);
#9143=LINE('',#16185,#10564);
#9144=LINE('',#16188,#10565);
#9145=LINE('',#16190,#10566);
#9146=LINE('',#16192,#10567);
#9147=LINE('',#16194,#10568);
#9148=LINE('',#16197,#10569);
#9149=LINE('',#16199,#10570);
#9150=LINE('',#16201,#10571);
#9151=LINE('',#16203,#10572);
#9152=LINE('',#16209,#10573);
#9153=LINE('',#16211,#10574);
#9154=LINE('',#16214,#10575);
#9155=LINE('',#16216,#10576);
#9156=LINE('',#16218,#10577);
#9157=LINE('',#16220,#10578);
#9158=LINE('',#16223,#10579);
#9159=LINE('',#16225,#10580);
#9160=LINE('',#16227,#10581);
#9161=LINE('',#16229,#10582);
#9162=LINE('',#16232,#10583);
#9163=LINE('',#16234,#10584);
#9164=LINE('',#16236,#10585);
#9165=LINE('',#16238,#10586);
#9166=LINE('',#16244,#10587);
#9167=LINE('',#16246,#10588);
#9168=LINE('',#16249,#10589);
#9169=LINE('',#16251,#10590);
#9170=LINE('',#16253,#10591);
#9171=LINE('',#16255,#10592);
#9172=LINE('',#16258,#10593);
#9173=LINE('',#16260,#10594);
#9174=LINE('',#16262,#10595);
#9175=LINE('',#16264,#10596);
#9176=LINE('',#16267,#10597);
#9177=LINE('',#16269,#10598);
#9178=LINE('',#16271,#10599);
#9179=LINE('',#16273,#10600);
#9180=LINE('',#16275,#10601);
#9181=LINE('',#16277,#10602);
#9182=LINE('',#16279,#10603);
#9183=LINE('',#16281,#10604);
#9184=LINE('',#16283,#10605);
#9185=LINE('',#16285,#10606);
#9186=LINE('',#16288,#10607);
#9187=LINE('',#16289,#10608);
#9188=LINE('',#16291,#10609);
#9189=LINE('',#16294,#10610);
#9190=LINE('',#16296,#10611);
#9191=LINE('',#16298,#10612);
#9192=LINE('',#16300,#10613);
#9193=LINE('',#16303,#10614);
#9194=LINE('',#16304,#10615);
#9195=LINE('',#16306,#10616);
#9196=LINE('',#16309,#10617);
#9197=LINE('',#16311,#10618);
#9198=LINE('',#16313,#10619);
#9199=LINE('',#16315,#10620);
#9200=LINE('',#16316,#10621);
#9201=LINE('',#16318,#10622);
#9202=LINE('',#16320,#10623);
#9203=LINE('',#16321,#10624);
#9204=LINE('',#16323,#10625);
#9205=LINE('',#16326,#10626);
#9206=LINE('',#16327,#10627);
#9207=LINE('',#16329,#10628);
#9208=LINE('',#16332,#10629);
#9209=LINE('',#16333,#10630);
#9210=LINE('',#16334,#10631);
#9211=LINE('',#16335,#10632);
#9212=LINE('',#16337,#10633);
#9213=LINE('',#16339,#10634);
#9214=LINE('',#16341,#10635);
#9215=LINE('',#16343,#10636);
#9216=LINE('',#16346,#10637);
#9217=LINE('',#16348,#10638);
#9218=LINE('',#16350,#10639);
#9219=LINE('',#16352,#10640);
#9220=LINE('',#16353,#10641);
#9221=LINE('',#16354,#10642);
#9222=LINE('',#16355,#10643);
#9223=LINE('',#16356,#10644);
#9224=LINE('',#16357,#10645);
#9225=LINE('',#16358,#10646);
#9226=LINE('',#16360,#10647);
#9227=LINE('',#16362,#10648);
#9228=LINE('',#16364,#10649);
#9229=LINE('',#16365,#10650);
#9230=LINE('',#16367,#10651);
#9231=LINE('',#16370,#10652);
#9232=LINE('',#16371,#10653);
#9233=LINE('',#16372,#10654);
#9234=LINE('',#16374,#10655);
#9235=LINE('',#16376,#10656);
#9236=LINE('',#16378,#10657);
#9237=LINE('',#16381,#10658);
#9238=LINE('',#16383,#10659);
#9239=LINE('',#16385,#10660);
#9240=LINE('',#16387,#10661);
#9241=LINE('',#16389,#10662);
#9242=LINE('',#16391,#10663);
#9243=LINE('',#16393,#10664);
#9244=LINE('',#16394,#10665);
#9245=LINE('',#16395,#10666);
#9246=LINE('',#16397,#10667);
#9247=LINE('',#16398,#10668);
#9248=LINE('',#16399,#10669);
#9249=LINE('',#16401,#10670);
#9250=LINE('',#16403,#10671);
#9251=LINE('',#16405,#10672);
#9252=LINE('',#16407,#10673);
#9253=LINE('',#16410,#10674);
#9254=LINE('',#16412,#10675);
#9255=LINE('',#16414,#10676);
#9256=LINE('',#16416,#10677);
#9257=LINE('',#16419,#10678);
#9258=LINE('',#16421,#10679);
#9259=LINE('',#16423,#10680);
#9260=LINE('',#16425,#10681);
#9261=LINE('',#16426,#10682);
#9262=LINE('',#16427,#10683);
#9263=LINE('',#16428,#10684);
#9264=LINE('',#16430,#10685);
#9265=LINE('',#16432,#10686);
#9266=LINE('',#16434,#10687);
#9267=LINE('',#16436,#10688);
#9268=LINE('',#16438,#10689);
#9269=LINE('',#16440,#10690);
#9270=LINE('',#16442,#10691);
#9271=LINE('',#16444,#10692);
#9272=LINE('',#16447,#10693);
#9273=LINE('',#16449,#10694);
#9274=LINE('',#16451,#10695);
#9275=LINE('',#16453,#10696);
#9276=LINE('',#16455,#10697);
#9277=LINE('',#16457,#10698);
#9278=LINE('',#16459,#10699);
#9279=LINE('',#16461,#10700);
#9280=LINE('',#16463,#10701);
#9281=LINE('',#16465,#10702);
#9282=LINE('',#16468,#10703);
#9283=LINE('',#16470,#10704);
#9284=LINE('',#16472,#10705);
#9285=LINE('',#16474,#10706);
#9286=LINE('',#16476,#10707);
#9287=LINE('',#16478,#10708);
#9288=LINE('',#16480,#10709);
#9289=LINE('',#16482,#10710);
#9290=LINE('',#16484,#10711);
#9291=LINE('',#16486,#10712);
#9292=LINE('',#16488,#10713);
#9293=LINE('',#16489,#10714);
#9294=LINE('',#16490,#10715);
#9295=LINE('',#16491,#10716);
#9296=LINE('',#16492,#10717);
#9297=LINE('',#16493,#10718);
#9298=LINE('',#16494,#10719);
#9299=LINE('',#16496,#10720);
#9300=LINE('',#16498,#10721);
#9301=LINE('',#16500,#10722);
#9302=LINE('',#16502,#10723);
#9303=LINE('',#16504,#10724);
#9304=LINE('',#16506,#10725);
#9305=LINE('',#16507,#10726);
#9306=LINE('',#16508,#10727);
#9307=LINE('',#16509,#10728);
#9308=LINE('',#16511,#10729);
#9309=LINE('',#16514,#10730);
#9310=LINE('',#16516,#10731);
#9311=LINE('',#16518,#10732);
#9312=LINE('',#16520,#10733);
#9313=LINE('',#16523,#10734);
#9314=LINE('',#16525,#10735);
#9315=LINE('',#16527,#10736);
#9316=LINE('',#16529,#10737);
#9317=LINE('',#16532,#10738);
#9318=LINE('',#16534,#10739);
#9319=LINE('',#16536,#10740);
#9320=LINE('',#16540,#10741);
#9321=LINE('',#16541,#10742);
#9322=LINE('',#16543,#10743);
#9323=LINE('',#16546,#10744);
#9324=LINE('',#16547,#10745);
#9325=LINE('',#16549,#10746);
#9326=LINE('',#16551,#10747);
#9327=LINE('',#16553,#10748);
#9328=LINE('',#16554,#10749);
#9329=LINE('',#16556,#10750);
#9330=LINE('',#16557,#10751);
#9331=LINE('',#16558,#10752);
#9332=LINE('',#16559,#10753);
#9333=LINE('',#16561,#10754);
#9334=LINE('',#16563,#10755);
#9335=LINE('',#16566,#10756);
#9336=LINE('',#16569,#10757);
#9337=LINE('',#16571,#10758);
#9338=LINE('',#16573,#10759);
#9339=LINE('',#16575,#10760);
#9340=LINE('',#16581,#10761);
#9341=LINE('',#16584,#10762);
#9342=LINE('',#16586,#10763);
#9343=LINE('',#16588,#10764);
#9344=LINE('',#16590,#10765);
#9345=LINE('',#16593,#10766);
#9346=LINE('',#16595,#10767);
#9347=LINE('',#16597,#10768);
#9348=LINE('',#16599,#10769);
#9349=LINE('',#16604,#10770);
#9350=LINE('',#16608,#10771);
#9351=LINE('',#16610,#10772);
#9352=LINE('',#16612,#10773);
#9353=LINE('',#16614,#10774);
#9354=LINE('',#16617,#10775);
#9355=LINE('',#16619,#10776);
#9356=LINE('',#16621,#10777);
#9357=LINE('',#16623,#10778);
#9358=LINE('',#16629,#10779);
#9359=LINE('',#16632,#10780);
#9360=LINE('',#16633,#10781);
#9361=LINE('',#16635,#10782);
#9362=LINE('',#16638,#10783);
#9363=LINE('',#16639,#10784);
#9364=LINE('',#16641,#10785);
#9365=LINE('',#16644,#10786);
#9366=LINE('',#16645,#10787);
#9367=LINE('',#16647,#10788);
#9368=LINE('',#16650,#10789);
#9369=LINE('',#16651,#10790);
#9370=LINE('',#16653,#10791);
#9371=LINE('',#16656,#10792);
#9372=LINE('',#16657,#10793);
#9373=LINE('',#16659,#10794);
#9374=LINE('',#16665,#10795);
#9375=LINE('',#16667,#10796);
#9376=LINE('',#16669,#10797);
#9377=LINE('',#16671,#10798);
#9378=LINE('',#16676,#10799);
#9379=LINE('',#16680,#10800);
#9380=LINE('',#16683,#10801);
#9381=LINE('',#16684,#10802);
#9382=LINE('',#16686,#10803);
#9383=LINE('',#16689,#10804);
#9384=LINE('',#16690,#10805);
#9385=LINE('',#16692,#10806);
#9386=LINE('',#16695,#10807);
#9387=LINE('',#16696,#10808);
#9388=LINE('',#16698,#10809);
#9389=LINE('',#16701,#10810);
#9390=LINE('',#16702,#10811);
#9391=LINE('',#16704,#10812);
#9392=LINE('',#16707,#10813);
#9393=LINE('',#16708,#10814);
#9394=LINE('',#16710,#10815);
#9395=LINE('',#16716,#10816);
#9396=LINE('',#16718,#10817);
#9397=LINE('',#16720,#10818);
#9398=LINE('',#16723,#10819);
#9399=LINE('',#16726,#10820);
#9400=LINE('',#16728,#10821);
#9401=LINE('',#16730,#10822);
#9402=LINE('',#16732,#10823);
#9403=LINE('',#16734,#10824);
#9404=LINE('',#16736,#10825);
#9405=LINE('',#16739,#10826);
#9406=LINE('',#16742,#10827);
#9407=LINE('',#16744,#10828);
#9408=LINE('',#16746,#10829);
#9409=LINE('',#16748,#10830);
#9410=LINE('',#16751,#10831);
#9411=LINE('',#16753,#10832);
#9412=LINE('',#16755,#10833);
#9413=LINE('',#16757,#10834);
#9414=LINE('',#16762,#10835);
#9415=LINE('',#16766,#10836);
#9416=LINE('',#16768,#10837);
#9417=LINE('',#16770,#10838);
#9418=LINE('',#16772,#10839);
#9419=LINE('',#16775,#10840);
#9420=LINE('',#16777,#10841);
#9421=LINE('',#16779,#10842);
#9422=LINE('',#16781,#10843);
#9423=LINE('',#16787,#10844);
#9424=LINE('',#16790,#10845);
#9425=LINE('',#16792,#10846);
#9426=LINE('',#16794,#10847);
#9427=LINE('',#16796,#10848);
#9428=LINE('',#16799,#10849);
#9429=LINE('',#16801,#10850);
#9430=LINE('',#16803,#10851);
#9431=LINE('',#16805,#10852);
#9432=LINE('',#16811,#10853);
#9433=LINE('',#16814,#10854);
#9434=LINE('',#16815,#10855);
#9435=LINE('',#16817,#10856);
#9436=LINE('',#16820,#10857);
#9437=LINE('',#16821,#10858);
#9438=LINE('',#16823,#10859);
#9439=LINE('',#16826,#10860);
#9440=LINE('',#16827,#10861);
#9441=LINE('',#16829,#10862);
#9442=LINE('',#16832,#10863);
#9443=LINE('',#16833,#10864);
#9444=LINE('',#16835,#10865);
#9445=LINE('',#16838,#10866);
#9446=LINE('',#16839,#10867);
#9447=LINE('',#16841,#10868);
#9448=LINE('',#16847,#10869);
#9449=LINE('',#16849,#10870);
#9450=LINE('',#16851,#10871);
#9451=LINE('',#16853,#10872);
#9452=LINE('',#16858,#10873);
#9453=LINE('',#16862,#10874);
#9454=LINE('',#16865,#10875);
#9455=LINE('',#16866,#10876);
#9456=LINE('',#16868,#10877);
#9457=LINE('',#16871,#10878);
#9458=LINE('',#16872,#10879);
#9459=LINE('',#16874,#10880);
#9460=LINE('',#16877,#10881);
#9461=LINE('',#16878,#10882);
#9462=LINE('',#16880,#10883);
#9463=LINE('',#16883,#10884);
#9464=LINE('',#16884,#10885);
#9465=LINE('',#16886,#10886);
#9466=LINE('',#16889,#10887);
#9467=LINE('',#16890,#10888);
#9468=LINE('',#16892,#10889);
#9469=LINE('',#16898,#10890);
#9470=LINE('',#16900,#10891);
#9471=LINE('',#16902,#10892);
#9472=LINE('',#16905,#10893);
#9473=LINE('',#16908,#10894);
#9474=LINE('',#16910,#10895);
#9475=LINE('',#16912,#10896);
#9476=LINE('',#16914,#10897);
#9477=LINE('',#16916,#10898);
#9478=LINE('',#16918,#10899);
#9479=LINE('',#16921,#10900);
#9480=LINE('',#16924,#10901);
#9481=LINE('',#16926,#10902);
#9482=LINE('',#16928,#10903);
#9483=LINE('',#16930,#10904);
#9484=LINE('',#16933,#10905);
#9485=LINE('',#16935,#10906);
#9486=LINE('',#16937,#10907);
#9487=LINE('',#16939,#10908);
#9488=LINE('',#16944,#10909);
#9489=LINE('',#16948,#10910);
#9490=LINE('',#16950,#10911);
#9491=LINE('',#16952,#10912);
#9492=LINE('',#16954,#10913);
#9493=LINE('',#16957,#10914);
#9494=LINE('',#16959,#10915);
#9495=LINE('',#16961,#10916);
#9496=LINE('',#16963,#10917);
#9497=LINE('',#16969,#10918);
#9498=LINE('',#16972,#10919);
#9499=LINE('',#16974,#10920);
#9500=LINE('',#16976,#10921);
#9501=LINE('',#16978,#10922);
#9502=LINE('',#16981,#10923);
#9503=LINE('',#16983,#10924);
#9504=LINE('',#16985,#10925);
#9505=LINE('',#16987,#10926);
#9506=LINE('',#16993,#10927);
#9507=LINE('',#16996,#10928);
#9508=LINE('',#16997,#10929);
#9509=LINE('',#16999,#10930);
#9510=LINE('',#17002,#10931);
#9511=LINE('',#17003,#10932);
#9512=LINE('',#17005,#10933);
#9513=LINE('',#17008,#10934);
#9514=LINE('',#17009,#10935);
#9515=LINE('',#17011,#10936);
#9516=LINE('',#17014,#10937);
#9517=LINE('',#17015,#10938);
#9518=LINE('',#17017,#10939);
#9519=LINE('',#17020,#10940);
#9520=LINE('',#17021,#10941);
#9521=LINE('',#17023,#10942);
#9522=LINE('',#17029,#10943);
#9523=LINE('',#17031,#10944);
#9524=LINE('',#17033,#10945);
#9525=LINE('',#17035,#10946);
#9526=LINE('',#17040,#10947);
#9527=LINE('',#17044,#10948);
#9528=LINE('',#17047,#10949);
#9529=LINE('',#17048,#10950);
#9530=LINE('',#17050,#10951);
#9531=LINE('',#17053,#10952);
#9532=LINE('',#17054,#10953);
#9533=LINE('',#17056,#10954);
#9534=LINE('',#17059,#10955);
#9535=LINE('',#17060,#10956);
#9536=LINE('',#17062,#10957);
#9537=LINE('',#17065,#10958);
#9538=LINE('',#17066,#10959);
#9539=LINE('',#17068,#10960);
#9540=LINE('',#17071,#10961);
#9541=LINE('',#17072,#10962);
#9542=LINE('',#17074,#10963);
#9543=LINE('',#17080,#10964);
#9544=LINE('',#17082,#10965);
#9545=LINE('',#17084,#10966);
#9546=LINE('',#17087,#10967);
#9547=LINE('',#17090,#10968);
#9548=LINE('',#17092,#10969);
#9549=LINE('',#17094,#10970);
#9550=LINE('',#17096,#10971);
#9551=LINE('',#17098,#10972);
#9552=LINE('',#17100,#10973);
#9553=LINE('',#17103,#10974);
#9554=LINE('',#17106,#10975);
#9555=LINE('',#17108,#10976);
#9556=LINE('',#17110,#10977);
#9557=LINE('',#17112,#10978);
#9558=LINE('',#17115,#10979);
#9559=LINE('',#17117,#10980);
#9560=LINE('',#17119,#10981);
#9561=LINE('',#17121,#10982);
#9562=LINE('',#17126,#10983);
#9563=LINE('',#17130,#10984);
#9564=LINE('',#17132,#10985);
#9565=LINE('',#17134,#10986);
#9566=LINE('',#17136,#10987);
#9567=LINE('',#17139,#10988);
#9568=LINE('',#17141,#10989);
#9569=LINE('',#17143,#10990);
#9570=LINE('',#17145,#10991);
#9571=LINE('',#17151,#10992);
#9572=LINE('',#17154,#10993);
#9573=LINE('',#17156,#10994);
#9574=LINE('',#17158,#10995);
#9575=LINE('',#17160,#10996);
#9576=LINE('',#17163,#10997);
#9577=LINE('',#17165,#10998);
#9578=LINE('',#17167,#10999);
#9579=LINE('',#17169,#11000);
#9580=LINE('',#17175,#11001);
#9581=LINE('',#17178,#11002);
#9582=LINE('',#17179,#11003);
#9583=LINE('',#17181,#11004);
#9584=LINE('',#17184,#11005);
#9585=LINE('',#17185,#11006);
#9586=LINE('',#17187,#11007);
#9587=LINE('',#17190,#11008);
#9588=LINE('',#17191,#11009);
#9589=LINE('',#17193,#11010);
#9590=LINE('',#17196,#11011);
#9591=LINE('',#17197,#11012);
#9592=LINE('',#17199,#11013);
#9593=LINE('',#17202,#11014);
#9594=LINE('',#17203,#11015);
#9595=LINE('',#17205,#11016);
#9596=LINE('',#17211,#11017);
#9597=LINE('',#17213,#11018);
#9598=LINE('',#17215,#11019);
#9599=LINE('',#17217,#11020);
#9600=LINE('',#17222,#11021);
#9601=LINE('',#17226,#11022);
#9602=LINE('',#17229,#11023);
#9603=LINE('',#17230,#11024);
#9604=LINE('',#17232,#11025);
#9605=LINE('',#17235,#11026);
#9606=LINE('',#17236,#11027);
#9607=LINE('',#17238,#11028);
#9608=LINE('',#17241,#11029);
#9609=LINE('',#17242,#11030);
#9610=LINE('',#17244,#11031);
#9611=LINE('',#17247,#11032);
#9612=LINE('',#17248,#11033);
#9613=LINE('',#17250,#11034);
#9614=LINE('',#17253,#11035);
#9615=LINE('',#17254,#11036);
#9616=LINE('',#17256,#11037);
#9617=LINE('',#17262,#11038);
#9618=LINE('',#17264,#11039);
#9619=LINE('',#17266,#11040);
#9620=LINE('',#17269,#11041);
#9621=LINE('',#17272,#11042);
#9622=LINE('',#17274,#11043);
#9623=LINE('',#17276,#11044);
#9624=LINE('',#17278,#11045);
#9625=LINE('',#17280,#11046);
#9626=LINE('',#17282,#11047);
#9627=LINE('',#17285,#11048);
#9628=LINE('',#17288,#11049);
#9629=LINE('',#17290,#11050);
#9630=LINE('',#17292,#11051);
#9631=LINE('',#17294,#11052);
#9632=LINE('',#17297,#11053);
#9633=LINE('',#17299,#11054);
#9634=LINE('',#17301,#11055);
#9635=LINE('',#17303,#11056);
#9636=LINE('',#17308,#11057);
#9637=LINE('',#17312,#11058);
#9638=LINE('',#17314,#11059);
#9639=LINE('',#17316,#11060);
#9640=LINE('',#17318,#11061);
#9641=LINE('',#17321,#11062);
#9642=LINE('',#17323,#11063);
#9643=LINE('',#17325,#11064);
#9644=LINE('',#17327,#11065);
#9645=LINE('',#17333,#11066);
#9646=LINE('',#17336,#11067);
#9647=LINE('',#17338,#11068);
#9648=LINE('',#17340,#11069);
#9649=LINE('',#17342,#11070);
#9650=LINE('',#17345,#11071);
#9651=LINE('',#17347,#11072);
#9652=LINE('',#17349,#11073);
#9653=LINE('',#17351,#11074);
#9654=LINE('',#17357,#11075);
#9655=LINE('',#17360,#11076);
#9656=LINE('',#17361,#11077);
#9657=LINE('',#17363,#11078);
#9658=LINE('',#17366,#11079);
#9659=LINE('',#17367,#11080);
#9660=LINE('',#17369,#11081);
#9661=LINE('',#17372,#11082);
#9662=LINE('',#17373,#11083);
#9663=LINE('',#17375,#11084);
#9664=LINE('',#17378,#11085);
#9665=LINE('',#17379,#11086);
#9666=LINE('',#17381,#11087);
#9667=LINE('',#17384,#11088);
#9668=LINE('',#17385,#11089);
#9669=LINE('',#17387,#11090);
#9670=LINE('',#17393,#11091);
#9671=LINE('',#17395,#11092);
#9672=LINE('',#17397,#11093);
#9673=LINE('',#17399,#11094);
#9674=LINE('',#17404,#11095);
#9675=LINE('',#17408,#11096);
#9676=LINE('',#17411,#11097);
#9677=LINE('',#17412,#11098);
#9678=LINE('',#17414,#11099);
#9679=LINE('',#17417,#11100);
#9680=LINE('',#17418,#11101);
#9681=LINE('',#17420,#11102);
#9682=LINE('',#17423,#11103);
#9683=LINE('',#17424,#11104);
#9684=LINE('',#17426,#11105);
#9685=LINE('',#17429,#11106);
#9686=LINE('',#17430,#11107);
#9687=LINE('',#17432,#11108);
#9688=LINE('',#17435,#11109);
#9689=LINE('',#17436,#11110);
#9690=LINE('',#17438,#11111);
#9691=LINE('',#17444,#11112);
#9692=LINE('',#17446,#11113);
#9693=LINE('',#17448,#11114);
#9694=LINE('',#17451,#11115);
#9695=LINE('',#17454,#11116);
#9696=LINE('',#17456,#11117);
#9697=LINE('',#17458,#11118);
#9698=LINE('',#17460,#11119);
#9699=LINE('',#17462,#11120);
#9700=LINE('',#17464,#11121);
#9701=LINE('',#17467,#11122);
#9702=LINE('',#17470,#11123);
#9703=LINE('',#17472,#11124);
#9704=LINE('',#17474,#11125);
#9705=LINE('',#17476,#11126);
#9706=LINE('',#17479,#11127);
#9707=LINE('',#17481,#11128);
#9708=LINE('',#17483,#11129);
#9709=LINE('',#17485,#11130);
#9710=LINE('',#17490,#11131);
#9711=LINE('',#17494,#11132);
#9712=LINE('',#17496,#11133);
#9713=LINE('',#17498,#11134);
#9714=LINE('',#17500,#11135);
#9715=LINE('',#17503,#11136);
#9716=LINE('',#17505,#11137);
#9717=LINE('',#17507,#11138);
#9718=LINE('',#17509,#11139);
#9719=LINE('',#17515,#11140);
#9720=LINE('',#17518,#11141);
#9721=LINE('',#17520,#11142);
#9722=LINE('',#17522,#11143);
#9723=LINE('',#17524,#11144);
#9724=LINE('',#17527,#11145);
#9725=LINE('',#17529,#11146);
#9726=LINE('',#17531,#11147);
#9727=LINE('',#17533,#11148);
#9728=LINE('',#17539,#11149);
#9729=LINE('',#17542,#11150);
#9730=LINE('',#17543,#11151);
#9731=LINE('',#17545,#11152);
#9732=LINE('',#17548,#11153);
#9733=LINE('',#17549,#11154);
#9734=LINE('',#17551,#11155);
#9735=LINE('',#17554,#11156);
#9736=LINE('',#17555,#11157);
#9737=LINE('',#17557,#11158);
#9738=LINE('',#17560,#11159);
#9739=LINE('',#17561,#11160);
#9740=LINE('',#17563,#11161);
#9741=LINE('',#17566,#11162);
#9742=LINE('',#17567,#11163);
#9743=LINE('',#17569,#11164);
#9744=LINE('',#17575,#11165);
#9745=LINE('',#17577,#11166);
#9746=LINE('',#17579,#11167);
#9747=LINE('',#17581,#11168);
#9748=LINE('',#17586,#11169);
#9749=LINE('',#17590,#11170);
#9750=LINE('',#17593,#11171);
#9751=LINE('',#17594,#11172);
#9752=LINE('',#17596,#11173);
#9753=LINE('',#17599,#11174);
#9754=LINE('',#17600,#11175);
#9755=LINE('',#17602,#11176);
#9756=LINE('',#17605,#11177);
#9757=LINE('',#17606,#11178);
#9758=LINE('',#17608,#11179);
#9759=LINE('',#17611,#11180);
#9760=LINE('',#17612,#11181);
#9761=LINE('',#17614,#11182);
#9762=LINE('',#17617,#11183);
#9763=LINE('',#17618,#11184);
#9764=LINE('',#17620,#11185);
#9765=LINE('',#17626,#11186);
#9766=LINE('',#17628,#11187);
#9767=LINE('',#17630,#11188);
#9768=LINE('',#17633,#11189);
#9769=LINE('',#17636,#11190);
#9770=LINE('',#17638,#11191);
#9771=LINE('',#17640,#11192);
#9772=LINE('',#17642,#11193);
#9773=LINE('',#17644,#11194);
#9774=LINE('',#17646,#11195);
#9775=LINE('',#17649,#11196);
#9776=LINE('',#17652,#11197);
#9777=LINE('',#17654,#11198);
#9778=LINE('',#17656,#11199);
#9779=LINE('',#17658,#11200);
#9780=LINE('',#17661,#11201);
#9781=LINE('',#17663,#11202);
#9782=LINE('',#17665,#11203);
#9783=LINE('',#17667,#11204);
#9784=LINE('',#17672,#11205);
#9785=LINE('',#17676,#11206);
#9786=LINE('',#17678,#11207);
#9787=LINE('',#17680,#11208);
#9788=LINE('',#17682,#11209);
#9789=LINE('',#17685,#11210);
#9790=LINE('',#17687,#11211);
#9791=LINE('',#17689,#11212);
#9792=LINE('',#17691,#11213);
#9793=LINE('',#17697,#11214);
#9794=LINE('',#17700,#11215);
#9795=LINE('',#17702,#11216);
#9796=LINE('',#17704,#11217);
#9797=LINE('',#17706,#11218);
#9798=LINE('',#17709,#11219);
#9799=LINE('',#17711,#11220);
#9800=LINE('',#17713,#11221);
#9801=LINE('',#17715,#11222);
#9802=LINE('',#17721,#11223);
#9803=LINE('',#17724,#11224);
#9804=LINE('',#17725,#11225);
#9805=LINE('',#17727,#11226);
#9806=LINE('',#17730,#11227);
#9807=LINE('',#17731,#11228);
#9808=LINE('',#17733,#11229);
#9809=LINE('',#17736,#11230);
#9810=LINE('',#17737,#11231);
#9811=LINE('',#17739,#11232);
#9812=LINE('',#17742,#11233);
#9813=LINE('',#17743,#11234);
#9814=LINE('',#17745,#11235);
#9815=LINE('',#17748,#11236);
#9816=LINE('',#17749,#11237);
#9817=LINE('',#17751,#11238);
#9818=LINE('',#17757,#11239);
#9819=LINE('',#17759,#11240);
#9820=LINE('',#17761,#11241);
#9821=LINE('',#17763,#11242);
#9822=LINE('',#17768,#11243);
#9823=LINE('',#17772,#11244);
#9824=LINE('',#17775,#11245);
#9825=LINE('',#17776,#11246);
#9826=LINE('',#17778,#11247);
#9827=LINE('',#17781,#11248);
#9828=LINE('',#17782,#11249);
#9829=LINE('',#17784,#11250);
#9830=LINE('',#17787,#11251);
#9831=LINE('',#17788,#11252);
#9832=LINE('',#17790,#11253);
#9833=LINE('',#17793,#11254);
#9834=LINE('',#17794,#11255);
#9835=LINE('',#17796,#11256);
#9836=LINE('',#17799,#11257);
#9837=LINE('',#17800,#11258);
#9838=LINE('',#17802,#11259);
#9839=LINE('',#17808,#11260);
#9840=LINE('',#17810,#11261);
#9841=LINE('',#17812,#11262);
#9842=LINE('',#17815,#11263);
#9843=LINE('',#17818,#11264);
#9844=LINE('',#17820,#11265);
#9845=LINE('',#17822,#11266);
#9846=LINE('',#17824,#11267);
#9847=LINE('',#17826,#11268);
#9848=LINE('',#17828,#11269);
#9849=LINE('',#17831,#11270);
#9850=LINE('',#17834,#11271);
#9851=LINE('',#17836,#11272);
#9852=LINE('',#17838,#11273);
#9853=LINE('',#17840,#11274);
#9854=LINE('',#17843,#11275);
#9855=LINE('',#17845,#11276);
#9856=LINE('',#17847,#11277);
#9857=LINE('',#17849,#11278);
#9858=LINE('',#17854,#11279);
#9859=LINE('',#17858,#11280);
#9860=LINE('',#17860,#11281);
#9861=LINE('',#17862,#11282);
#9862=LINE('',#17864,#11283);
#9863=LINE('',#17867,#11284);
#9864=LINE('',#17869,#11285);
#9865=LINE('',#17871,#11286);
#9866=LINE('',#17873,#11287);
#9867=LINE('',#17879,#11288);
#9868=LINE('',#17882,#11289);
#9869=LINE('',#17884,#11290);
#9870=LINE('',#17886,#11291);
#9871=LINE('',#17888,#11292);
#9872=LINE('',#17891,#11293);
#9873=LINE('',#17893,#11294);
#9874=LINE('',#17895,#11295);
#9875=LINE('',#17897,#11296);
#9876=LINE('',#17903,#11297);
#9877=LINE('',#17906,#11298);
#9878=LINE('',#17907,#11299);
#9879=LINE('',#17909,#11300);
#9880=LINE('',#17912,#11301);
#9881=LINE('',#17913,#11302);
#9882=LINE('',#17915,#11303);
#9883=LINE('',#17918,#11304);
#9884=LINE('',#17919,#11305);
#9885=LINE('',#17921,#11306);
#9886=LINE('',#17924,#11307);
#9887=LINE('',#17925,#11308);
#9888=LINE('',#17927,#11309);
#9889=LINE('',#17930,#11310);
#9890=LINE('',#17931,#11311);
#9891=LINE('',#17933,#11312);
#9892=LINE('',#17939,#11313);
#9893=LINE('',#17941,#11314);
#9894=LINE('',#17943,#11315);
#9895=LINE('',#17945,#11316);
#9896=LINE('',#17950,#11317);
#9897=LINE('',#17954,#11318);
#9898=LINE('',#17957,#11319);
#9899=LINE('',#17958,#11320);
#9900=LINE('',#17960,#11321);
#9901=LINE('',#17963,#11322);
#9902=LINE('',#17964,#11323);
#9903=LINE('',#17966,#11324);
#9904=LINE('',#17969,#11325);
#9905=LINE('',#17970,#11326);
#9906=LINE('',#17972,#11327);
#9907=LINE('',#17975,#11328);
#9908=LINE('',#17976,#11329);
#9909=LINE('',#17978,#11330);
#9910=LINE('',#17981,#11331);
#9911=LINE('',#17982,#11332);
#9912=LINE('',#17984,#11333);
#9913=LINE('',#17990,#11334);
#9914=LINE('',#17992,#11335);
#9915=LINE('',#17994,#11336);
#9916=LINE('',#17997,#11337);
#9917=LINE('',#18000,#11338);
#9918=LINE('',#18002,#11339);
#9919=LINE('',#18004,#11340);
#9920=LINE('',#18006,#11341);
#9921=LINE('',#18008,#11342);
#9922=LINE('',#18010,#11343);
#9923=LINE('',#18013,#11344);
#9924=LINE('',#18016,#11345);
#9925=LINE('',#18018,#11346);
#9926=LINE('',#18020,#11347);
#9927=LINE('',#18022,#11348);
#9928=LINE('',#18025,#11349);
#9929=LINE('',#18027,#11350);
#9930=LINE('',#18029,#11351);
#9931=LINE('',#18031,#11352);
#9932=LINE('',#18036,#11353);
#9933=LINE('',#18040,#11354);
#9934=LINE('',#18042,#11355);
#9935=LINE('',#18044,#11356);
#9936=LINE('',#18046,#11357);
#9937=LINE('',#18049,#11358);
#9938=LINE('',#18051,#11359);
#9939=LINE('',#18053,#11360);
#9940=LINE('',#18055,#11361);
#9941=LINE('',#18061,#11362);
#9942=LINE('',#18064,#11363);
#9943=LINE('',#18066,#11364);
#9944=LINE('',#18068,#11365);
#9945=LINE('',#18070,#11366);
#9946=LINE('',#18073,#11367);
#9947=LINE('',#18075,#11368);
#9948=LINE('',#18077,#11369);
#9949=LINE('',#18079,#11370);
#9950=LINE('',#18085,#11371);
#9951=LINE('',#18088,#11372);
#9952=LINE('',#18089,#11373);
#9953=LINE('',#18091,#11374);
#9954=LINE('',#18094,#11375);
#9955=LINE('',#18095,#11376);
#9956=LINE('',#18097,#11377);
#9957=LINE('',#18100,#11378);
#9958=LINE('',#18101,#11379);
#9959=LINE('',#18103,#11380);
#9960=LINE('',#18106,#11381);
#9961=LINE('',#18107,#11382);
#9962=LINE('',#18109,#11383);
#9963=LINE('',#18112,#11384);
#9964=LINE('',#18113,#11385);
#9965=LINE('',#18115,#11386);
#9966=LINE('',#18121,#11387);
#9967=LINE('',#18123,#11388);
#9968=LINE('',#18125,#11389);
#9969=LINE('',#18128,#11390);
#9970=LINE('',#18131,#11391);
#9971=LINE('',#18133,#11392);
#9972=LINE('',#18135,#11393);
#9973=LINE('',#18140,#11394);
#9974=LINE('',#18142,#11395);
#9975=LINE('',#18144,#11396);
#9976=LINE('',#18146,#11397);
#9977=LINE('',#18148,#11398);
#9978=LINE('',#18152,#11399);
#9979=LINE('',#18154,#11400);
#9980=LINE('',#18156,#11401);
#9981=LINE('',#18159,#11402);
#9982=LINE('',#18160,#11403);
#9983=LINE('',#18162,#11404);
#9984=LINE('',#18166,#11405);
#9985=LINE('',#18168,#11406);
#9986=LINE('',#18170,#11407);
#9987=LINE('',#18172,#11408);
#9988=LINE('',#18174,#11409);
#9989=LINE('',#18176,#11410);
#9990=LINE('',#18178,#11411);
#9991=LINE('',#18180,#11412);
#9992=LINE('',#18182,#11413);
#9993=LINE('',#18184,#11414);
#9994=LINE('',#18186,#11415);
#9995=LINE('',#18190,#11416);
#9996=LINE('',#18192,#11417);
#9997=LINE('',#18194,#11418);
#9998=LINE('',#18197,#11419);
#9999=LINE('',#18199,#11420);
#10000=LINE('',#18201,#11421);
#10001=LINE('',#18203,#11422);
#10002=LINE('',#18209,#11423);
#10003=LINE('',#18212,#11424);
#10004=LINE('',#18213,#11425);
#10005=LINE('',#18215,#11426);
#10006=LINE('',#18218,#11427);
#10007=LINE('',#18219,#11428);
#10008=LINE('',#18221,#11429);
#10009=LINE('',#18224,#11430);
#10010=LINE('',#18225,#11431);
#10011=LINE('',#18227,#11432);
#10012=LINE('',#18230,#11433);
#10013=LINE('',#18231,#11434);
#10014=LINE('',#18233,#11435);
#10015=LINE('',#18236,#11436);
#10016=LINE('',#18237,#11437);
#10017=LINE('',#18239,#11438);
#10018=LINE('',#18245,#11439);
#10019=LINE('',#18247,#11440);
#10020=LINE('',#18249,#11441);
#10021=LINE('',#18251,#11442);
#10022=LINE('',#18254,#11443);
#10023=LINE('',#18256,#11444);
#10024=LINE('',#18258,#11445);
#10025=LINE('',#18260,#11446);
#10026=LINE('',#18266,#11447);
#10027=LINE('',#18269,#11448);
#10028=LINE('',#18270,#11449);
#10029=LINE('',#18272,#11450);
#10030=LINE('',#18275,#11451);
#10031=LINE('',#18276,#11452);
#10032=LINE('',#18278,#11453);
#10033=LINE('',#18281,#11454);
#10034=LINE('',#18282,#11455);
#10035=LINE('',#18284,#11456);
#10036=LINE('',#18287,#11457);
#10037=LINE('',#18288,#11458);
#10038=LINE('',#18290,#11459);
#10039=LINE('',#18293,#11460);
#10040=LINE('',#18294,#11461);
#10041=LINE('',#18296,#11462);
#10042=LINE('',#18302,#11463);
#10043=LINE('',#18304,#11464);
#10044=LINE('',#18306,#11465);
#10045=LINE('',#18308,#11466);
#10046=LINE('',#18311,#11467);
#10047=LINE('',#18313,#11468);
#10048=LINE('',#18315,#11469);
#10049=LINE('',#18317,#11470);
#10050=LINE('',#18320,#11471);
#10051=LINE('',#18321,#11472);
#10052=LINE('',#18323,#11473);
#10053=LINE('',#18326,#11474);
#10054=LINE('',#18327,#11475);
#10055=LINE('',#18329,#11476);
#10056=LINE('',#18332,#11477);
#10057=LINE('',#18333,#11478);
#10058=LINE('',#18335,#11479);
#10059=LINE('',#18338,#11480);
#10060=LINE('',#18339,#11481);
#10061=LINE('',#18341,#11482);
#10062=LINE('',#18344,#11483);
#10063=LINE('',#18345,#11484);
#10064=LINE('',#18347,#11485);
#10065=LINE('',#18350,#11486);
#10066=LINE('',#18351,#11487);
#10067=LINE('',#18353,#11488);
#10068=LINE('',#18356,#11489);
#10069=LINE('',#18357,#11490);
#10070=LINE('',#18359,#11491);
#10071=LINE('',#18362,#11492);
#10072=LINE('',#18363,#11493);
#10073=LINE('',#18365,#11494);
#10074=LINE('',#18368,#11495);
#10075=LINE('',#18369,#11496);
#10076=LINE('',#18371,#11497);
#10077=LINE('',#18374,#11498);
#10078=LINE('',#18375,#11499);
#10079=LINE('',#18377,#11500);
#10080=LINE('',#18378,#11501);
#10081=LINE('',#18380,#11502);
#10082=LINE('',#18381,#11503);
#10083=LINE('',#18382,#11504);
#10084=LINE('',#18383,#11505);
#10085=LINE('',#18384,#11506);
#10086=LINE('',#18385,#11507);
#10087=LINE('',#18388,#11508);
#10088=LINE('',#18391,#11509);
#10089=LINE('',#18395,#11510);
#10090=LINE('',#18398,#11511);
#10091=LINE('',#18400,#11512);
#10092=LINE('',#18402,#11513);
#10093=LINE('',#18404,#11514);
#10094=LINE('',#18409,#11515);
#10095=LINE('',#18413,#11516);
#10096=LINE('',#18415,#11517);
#10097=LINE('',#18417,#11518);
#10098=LINE('',#18419,#11519);
#10099=LINE('',#18420,#11520);
#10100=LINE('',#18421,#11521);
#10101=LINE('',#18422,#11522);
#10102=LINE('',#18424,#11523);
#10103=LINE('',#18429,#11524);
#10104=LINE('',#18433,#11525);
#10105=LINE('',#18436,#11526);
#10106=LINE('',#18438,#11527);
#10107=LINE('',#18440,#11528);
#10108=LINE('',#18446,#11529);
#10109=LINE('',#18449,#11530);
#10110=LINE('',#18451,#11531);
#10111=LINE('',#18453,#11532);
#10112=LINE('',#18460,#11533);
#10113=LINE('',#18462,#11534);
#10114=LINE('',#18463,#11535);
#10115=LINE('',#18465,#11536);
#10116=LINE('',#18466,#11537);
#10117=LINE('',#18468,#11538);
#10118=LINE('',#18470,#11539);
#10119=LINE('',#18471,#11540);
#10120=LINE('',#18473,#11541);
#10121=LINE('',#18474,#11542);
#10122=LINE('',#18476,#11543);
#10123=LINE('',#18477,#11544);
#10124=LINE('',#18478,#11545);
#10125=LINE('',#18480,#11546);
#10126=LINE('',#18482,#11547);
#10127=LINE('',#18484,#11548);
#10128=LINE('',#18486,#11549);
#10129=LINE('',#18488,#11550);
#10130=LINE('',#18490,#11551);
#10131=LINE('',#18492,#11552);
#10132=LINE('',#18494,#11553);
#10133=LINE('',#18496,#11554);
#10134=LINE('',#18498,#11555);
#10135=LINE('',#18500,#11556);
#10136=LINE('',#18502,#11557);
#10137=LINE('',#18504,#11558);
#10138=LINE('',#18506,#11559);
#10139=LINE('',#18508,#11560);
#10140=LINE('',#18510,#11561);
#10141=LINE('',#18512,#11562);
#10142=LINE('',#18514,#11563);
#10143=LINE('',#18516,#11564);
#10144=LINE('',#18519,#11565);
#10145=LINE('',#18520,#11566);
#10146=LINE('',#18522,#11567);
#10147=LINE('',#18523,#11568);
#10148=LINE('',#18525,#11569);
#10149=LINE('',#18527,#11570);
#10150=LINE('',#18529,#11571);
#10151=LINE('',#18531,#11572);
#10152=LINE('',#18533,#11573);
#10153=LINE('',#18535,#11574);
#10154=LINE('',#18538,#11575);
#10155=LINE('',#18540,#11576);
#10156=LINE('',#18542,#11577);
#10157=LINE('',#18545,#11578);
#10158=LINE('',#18547,#11579);
#10159=LINE('',#18549,#11580);
#10160=LINE('',#18551,#11581);
#10161=LINE('',#18553,#11582);
#10162=LINE('',#18554,#11583);
#10163=LINE('',#18556,#11584);
#10164=LINE('',#18558,#11585);
#10165=LINE('',#18560,#11586);
#10166=LINE('',#18562,#11587);
#10167=LINE('',#18564,#11588);
#10168=LINE('',#18568,#11589);
#10169=LINE('',#18570,#11590);
#10170=LINE('',#18572,#11591);
#10171=LINE('',#18596,#11592);
#10172=LINE('',#18599,#11593);
#10173=VECTOR('',#12381,2.5);
#10174=VECTOR('',#12382,0.35);
#10175=VECTOR('',#12383,2.5);
#10176=VECTOR('',#12384,0.35);
#10177=VECTOR('',#12385,0.35);
#10178=VECTOR('',#12386,2.5);
#10179=VECTOR('',#12387,0.35);
#10180=VECTOR('',#12388,2.5);
#10181=VECTOR('',#12389,2.5);
#10182=VECTOR('',#12390,0.35);
#10183=VECTOR('',#12391,2.5);
#10184=VECTOR('',#12392,0.35);
#10185=VECTOR('',#12393,0.35);
#10186=VECTOR('',#12394,2.5);
#10187=VECTOR('',#12395,0.35);
#10188=VECTOR('',#12396,2.5);
#10189=VECTOR('',#12397,2.5);
#10190=VECTOR('',#12398,0.35);
#10191=VECTOR('',#12399,2.5);
#10192=VECTOR('',#12400,0.35);
#10193=VECTOR('',#12401,0.35);
#10194=VECTOR('',#12402,2.5);
#10195=VECTOR('',#12403,0.35);
#10196=VECTOR('',#12404,2.5);
#10197=VECTOR('',#12405,2.5);
#10198=VECTOR('',#12406,0.35);
#10199=VECTOR('',#12407,2.5);
#10200=VECTOR('',#12408,0.35);
#10201=VECTOR('',#12409,0.35);
#10202=VECTOR('',#12410,2.5);
#10203=VECTOR('',#12411,0.35);
#10204=VECTOR('',#12412,2.5);
#10205=VECTOR('',#12413,2.5);
#10206=VECTOR('',#12414,0.35);
#10207=VECTOR('',#12415,2.5);
#10208=VECTOR('',#12416,0.35);
#10209=VECTOR('',#12417,0.35);
#10210=VECTOR('',#12418,2.5);
#10211=VECTOR('',#12419,0.35);
#10212=VECTOR('',#12420,2.5);
#10213=VECTOR('',#12421,2.5);
#10214=VECTOR('',#12422,0.35);
#10215=VECTOR('',#12423,2.5);
#10216=VECTOR('',#12424,0.35);
#10217=VECTOR('',#12425,0.35);
#10218=VECTOR('',#12426,2.5);
#10219=VECTOR('',#12427,0.35);
#10220=VECTOR('',#12428,2.5);
#10221=VECTOR('',#12429,2.5);
#10222=VECTOR('',#12430,0.35);
#10223=VECTOR('',#12431,2.5);
#10224=VECTOR('',#12432,0.35);
#10225=VECTOR('',#12433,0.35);
#10226=VECTOR('',#12434,2.5);
#10227=VECTOR('',#12435,0.35);
#10228=VECTOR('',#12436,2.5);
#10229=VECTOR('',#12437,2.5);
#10230=VECTOR('',#12438,0.35);
#10231=VECTOR('',#12439,2.5);
#10232=VECTOR('',#12440,0.35);
#10233=VECTOR('',#12441,0.35);
#10234=VECTOR('',#12442,2.5);
#10235=VECTOR('',#12443,0.35);
#10236=VECTOR('',#12444,2.5);
#10237=VECTOR('',#12445,2.5);
#10238=VECTOR('',#12446,0.35);
#10239=VECTOR('',#12447,2.5);
#10240=VECTOR('',#12448,0.35);
#10241=VECTOR('',#12449,0.35);
#10242=VECTOR('',#12450,2.5);
#10243=VECTOR('',#12451,0.35);
#10244=VECTOR('',#12452,2.5);
#10245=VECTOR('',#12453,2.5);
#10246=VECTOR('',#12454,0.35);
#10247=VECTOR('',#12455,2.5);
#10248=VECTOR('',#12456,0.35);
#10249=VECTOR('',#12457,0.35);
#10250=VECTOR('',#12458,2.5);
#10251=VECTOR('',#12459,0.35);
#10252=VECTOR('',#12460,2.5);
#10253=VECTOR('',#12461,2.);
#10254=VECTOR('',#12462,2.5);
#10255=VECTOR('',#12463,2.);
#10256=VECTOR('',#12464,2.5);
#10257=VECTOR('',#12465,2.5);
#10258=VECTOR('',#12466,2.);
#10259=VECTOR('',#12467,2.5);
#10260=VECTOR('',#12468,2.);
#10261=VECTOR('',#12469,0.6);
#10262=VECTOR('',#12470,0.6);
#10263=VECTOR('',#12479,1.);
#10264=VECTOR('',#12480,1.);
#10265=VECTOR('',#12481,1.);
#10266=VECTOR('',#12482,1.);
#10267=VECTOR('',#12485,1.);
#10268=VECTOR('',#12486,1.);
#10269=VECTOR('',#12487,1.);
#10270=VECTOR('',#12488,1.);
#10271=VECTOR('',#12491,1.);
#10272=VECTOR('',#12494,1.);
#10273=VECTOR('',#12497,1.);
#10274=VECTOR('',#12502,1.);
#10275=VECTOR('',#12505,1.);
#10276=VECTOR('',#12508,1.);
#10277=VECTOR('',#12511,1.);
#10278=VECTOR('',#12516,1.);
#10279=VECTOR('',#12517,1.);
#10280=VECTOR('',#12518,1.);
#10281=VECTOR('',#12519,1.);
#10282=VECTOR('',#12522,1.);
#10283=VECTOR('',#12523,1.);
#10284=VECTOR('',#12524,1.);
#10285=VECTOR('',#12527,1.);
#10286=VECTOR('',#12528,1.);
#10287=VECTOR('',#12529,1.);
#10288=VECTOR('',#12532,1.);
#10289=VECTOR('',#12533,1.);
#10290=VECTOR('',#12534,1.);
#10291=VECTOR('',#12537,1.);
#10292=VECTOR('',#12538,1.);
#10293=VECTOR('',#12539,1.);
#10294=VECTOR('',#12542,1.);
#10295=VECTOR('',#12543,1.);
#10296=VECTOR('',#12556,1.);
#10297=VECTOR('',#12559,1.);
#10298=VECTOR('',#12572,1.);
#10299=VECTOR('',#12577,1.);
#10300=VECTOR('',#12580,1.);
#10301=VECTOR('',#12583,1.);
#10302=VECTOR('',#12586,1.);
#10303=VECTOR('',#12591,1.);
#10304=VECTOR('',#12598,1.);
#10305=VECTOR('',#12607,1.);
#10306=VECTOR('',#12608,1.);
#10307=VECTOR('',#12609,1.);
#10308=VECTOR('',#12612,1.);
#10309=VECTOR('',#12613,1.);
#10310=VECTOR('',#12614,1.);
#10311=VECTOR('',#12617,1.);
#10312=VECTOR('',#12618,1.);
#10313=VECTOR('',#12619,1.);
#10314=VECTOR('',#12622,1.);
#10315=VECTOR('',#12623,1.);
#10316=VECTOR('',#12626,1.);
#10317=VECTOR('',#12629,1.);
#10318=VECTOR('',#12630,1.);
#10319=VECTOR('',#12633,1.);
#10320=VECTOR('',#12636,1.);
#10321=VECTOR('',#12641,1.);
#10322=VECTOR('',#12644,1.);
#10323=VECTOR('',#12649,1.);
#10324=VECTOR('',#12650,1.);
#10325=VECTOR('',#12651,1.);
#10326=VECTOR('',#12652,1.);
#10327=VECTOR('',#12653,1.);
#10328=VECTOR('',#12654,1.);
#10329=VECTOR('',#12657,1.);
#10330=VECTOR('',#12658,1.);
#10331=VECTOR('',#12659,1.);
#10332=VECTOR('',#12662,1.);
#10333=VECTOR('',#12663,1.);
#10334=VECTOR('',#12664,1.);
#10335=VECTOR('',#12665,1.);
#10336=VECTOR('',#12668,1.);
#10337=VECTOR('',#12669,1.);
#10338=VECTOR('',#12670,1.);
#10339=VECTOR('',#12671,1.);
#10340=VECTOR('',#12674,1.);
#10341=VECTOR('',#12675,1.);
#10342=VECTOR('',#12676,1.);
#10343=VECTOR('',#12677,1.);
#10344=VECTOR('',#12678,1.);
#10345=VECTOR('',#12679,1.);
#10346=VECTOR('',#12680,1.);
#10347=VECTOR('',#12681,1.);
#10348=VECTOR('',#12688,1.);
#10349=VECTOR('',#12691,1.);
#10350=VECTOR('',#12694,1.);
#10351=VECTOR('',#12695,1.);
#10352=VECTOR('',#12696,1.);
#10353=VECTOR('',#12699,1.);
#10354=VECTOR('',#12702,1.);
#10355=VECTOR('',#12705,1.);
#10356=VECTOR('',#12706,1.);
#10357=VECTOR('',#12707,1.);
#10358=VECTOR('',#12708,1.);
#10359=VECTOR('',#12709,1.);
#10360=VECTOR('',#12712,1.);
#10361=VECTOR('',#12713,1.);
#10362=VECTOR('',#12714,1.);
#10363=VECTOR('',#12717,1.);
#10364=VECTOR('',#12718,1.);
#10365=VECTOR('',#12719,1.);
#10366=VECTOR('',#12722,1.);
#10367=VECTOR('',#12725,1.);
#10368=VECTOR('',#12726,1.);
#10369=VECTOR('',#12727,1.);
#10370=VECTOR('',#12728,1.);
#10371=VECTOR('',#12729,1.);
#10372=VECTOR('',#12732,1.);
#10373=VECTOR('',#12733,1.);
#10374=VECTOR('',#12734,1.);
#10375=VECTOR('',#12737,1.);
#10376=VECTOR('',#12738,1.);
#10377=VECTOR('',#12739,1.);
#10378=VECTOR('',#12740,1.);
#10379=VECTOR('',#12741,1.);
#10380=VECTOR('',#12744,1.);
#10381=VECTOR('',#12747,1.);
#10382=VECTOR('',#12748,1.);
#10383=VECTOR('',#12749,1.);
#10384=VECTOR('',#12752,1.);
#10385=VECTOR('',#12753,1.);
#10386=VECTOR('',#12756,1.);
#10387=VECTOR('',#12757,1.);
#10388=VECTOR('',#12758,1.);
#10389=VECTOR('',#12759,1.);
#10390=VECTOR('',#12760,1.);
#10391=VECTOR('',#12763,1.);
#10392=VECTOR('',#12764,1.);
#10393=VECTOR('',#12765,1.);
#10394=VECTOR('',#12766,1.);
#10395=VECTOR('',#12769,1.);
#10396=VECTOR('',#12770,1.);
#10397=VECTOR('',#12771,1.);
#10398=VECTOR('',#12772,1.);
#10399=VECTOR('',#12775,1.);
#10400=VECTOR('',#12776,1.);
#10401=VECTOR('',#12777,1.);
#10402=VECTOR('',#12778,1.);
#10403=VECTOR('',#12781,1.);
#10404=VECTOR('',#12782,1.);
#10405=VECTOR('',#12783,1.);
#10406=VECTOR('',#12784,1.);
#10407=VECTOR('',#12789,1.);
#10408=VECTOR('',#12792,1.);
#10409=VECTOR('',#12795,1.);
#10410=VECTOR('',#12798,1.);
#10411=VECTOR('',#12799,1.);
#10412=VECTOR('',#12800,1.);
#10413=VECTOR('',#12801,1.);
#10414=VECTOR('',#12804,1.);
#10415=VECTOR('',#12807,1.);
#10416=VECTOR('',#12810,1.);
#10417=VECTOR('',#12811,1.);
#10418=VECTOR('',#12812,1.);
#10419=VECTOR('',#12813,1.);
#10420=VECTOR('',#12814,1.);
#10421=VECTOR('',#12815,1.);
#10422=VECTOR('',#12820,1.);
#10423=VECTOR('',#12827,1.);
#10424=VECTOR('',#12828,1.);
#10425=VECTOR('',#12829,1.);
#10426=VECTOR('',#12830,1.);
#10427=VECTOR('',#12835,1.);
#10428=VECTOR('',#12836,1.);
#10429=VECTOR('',#12839,1.);
#10430=VECTOR('',#12840,1.);
#10431=VECTOR('',#12841,1.);
#10432=VECTOR('',#12842,1.);
#10433=VECTOR('',#12845,1.);
#10434=VECTOR('',#12846,1.);
#10435=VECTOR('',#12847,1.);
#10436=VECTOR('',#12850,1.);
#10437=VECTOR('',#12851,1.);
#10438=VECTOR('',#12852,1.);
#10439=VECTOR('',#12853,1.);
#10440=VECTOR('',#12854,1.);
#10441=VECTOR('',#12861,1.);
#10442=VECTOR('',#12864,1.);
#10443=VECTOR('',#12865,1.);
#10444=VECTOR('',#12868,1.);
#10445=VECTOR('',#12869,1.);
#10446=VECTOR('',#12870,1.);
#10447=VECTOR('',#12873,1.);
#10448=VECTOR('',#12874,1.);
#10449=VECTOR('',#12875,1.);
#10450=VECTOR('',#12876,1.);
#10451=VECTOR('',#12879,1.);
#10452=VECTOR('',#12880,1.);
#10453=VECTOR('',#12881,1.);
#10454=VECTOR('',#12884,1.);
#10455=VECTOR('',#12885,1.);
#10456=VECTOR('',#12886,1.);
#10457=VECTOR('',#12887,1.);
#10458=VECTOR('',#12890,1.);
#10459=VECTOR('',#12891,1.);
#10460=VECTOR('',#12894,1.);
#10461=VECTOR('',#12895,1.);
#10462=VECTOR('',#12896,1.);
#10463=VECTOR('',#12903,1.);
#10464=VECTOR('',#12906,1.);
#10465=VECTOR('',#12907,1.);
#10466=VECTOR('',#12910,1.);
#10467=VECTOR('',#12911,1.);
#10468=VECTOR('',#12912,1.);
#10469=VECTOR('',#12915,1.);
#10470=VECTOR('',#12922,1.);
#10471=VECTOR('',#12931,1.);
#10472=VECTOR('',#12936,1.);
#10473=VECTOR('',#12939,1.);
#10474=VECTOR('',#12940,1.);
#10475=VECTOR('',#12941,1.);
#10476=VECTOR('',#12942,1.);
#10477=VECTOR('',#12945,1.);
#10478=VECTOR('',#12946,1.);
#10479=VECTOR('',#12947,1.);
#10480=VECTOR('',#12950,1.);
#10481=VECTOR('',#12951,1.);
#10482=VECTOR('',#12952,1.);
#10483=VECTOR('',#12955,1.);
#10484=VECTOR('',#12956,1.);
#10485=VECTOR('',#12957,1.);
#10486=VECTOR('',#12958,1.);
#10487=VECTOR('',#12961,1.);
#10488=VECTOR('',#12962,1.);
#10489=VECTOR('',#12963,1.);
#10490=VECTOR('',#12966,1.);
#10491=VECTOR('',#12967,1.);
#10492=VECTOR('',#12968,1.);
#10493=VECTOR('',#12973,1.);
#10494=VECTOR('',#12976,1.);
#10495=VECTOR('',#12979,1.);
#10496=VECTOR('',#12980,1.);
#10497=VECTOR('',#12981,1.);
#10498=VECTOR('',#12986,1.);
#10499=VECTOR('',#12993,1.);
#10500=VECTOR('',#12996,1.);
#10501=VECTOR('',#12999,1.);
#10502=VECTOR('',#13000,1.);
#10503=VECTOR('',#13001,1.);
#10504=VECTOR('',#13006,1.);
#10505=VECTOR('',#13011,1.);
#10506=VECTOR('',#13012,1.);
#10507=VECTOR('',#13013,1.);
#10508=VECTOR('',#13014,1.);
#10509=VECTOR('',#13017,1.);
#10510=VECTOR('',#13018,1.);
#10511=VECTOR('',#13019,1.);
#10512=VECTOR('',#13022,1.);
#10513=VECTOR('',#13023,1.);
#10514=VECTOR('',#13024,1.);
#10515=VECTOR('',#13027,1.);
#10516=VECTOR('',#13028,1.);
#10517=VECTOR('',#13029,1.);
#10518=VECTOR('',#13030,1.);
#10519=VECTOR('',#13033,1.);
#10520=VECTOR('',#13034,1.);
#10521=VECTOR('',#13035,1.);
#10522=VECTOR('',#13036,1.);
#10523=VECTOR('',#13039,1.);
#10524=VECTOR('',#13040,1.);
#10525=VECTOR('',#13041,1.);
#10526=VECTOR('',#13044,1.);
#10527=VECTOR('',#13045,1.);
#10528=VECTOR('',#13046,1.);
#10529=VECTOR('',#13049,1.);
#10530=VECTOR('',#13050,1.);
#10531=VECTOR('',#13051,1.);
#10532=VECTOR('',#13052,1.);
#10533=VECTOR('',#13053,1.);
#10534=VECTOR('',#13060,1.);
#10535=VECTOR('',#13063,1.);
#10536=VECTOR('',#13064,1.);
#10537=VECTOR('',#13065,1.);
#10538=VECTOR('',#13066,1.);
#10539=VECTOR('',#13069,1.);
#10540=VECTOR('',#13070,1.);
#10541=VECTOR('',#13071,1.);
#10542=VECTOR('',#13072,1.);
#10543=VECTOR('',#13075,1.);
#10544=VECTOR('',#13076,1.);
#10545=VECTOR('',#13077,1.);
#10546=VECTOR('',#13080,1.);
#10547=VECTOR('',#13081,1.);
#10548=VECTOR('',#13082,1.);
#10549=VECTOR('',#13085,1.);
#10550=VECTOR('',#13086,1.);
#10551=VECTOR('',#13087,1.);
#10552=VECTOR('',#13090,1.);
#10553=VECTOR('',#13091,1.);
#10554=VECTOR('',#13092,1.);
#10555=VECTOR('',#13095,1.);
#10556=VECTOR('',#13096,1.);
#10557=VECTOR('',#13097,1.);
#10558=VECTOR('',#13098,1.);
#10559=VECTOR('',#13101,1.);
#10560=VECTOR('',#13102,1.);
#10561=VECTOR('',#13103,1.);
#10562=VECTOR('',#13104,1.);
#10563=VECTOR('',#13111,1.);
#10564=VECTOR('',#13114,1.);
#10565=VECTOR('',#13115,1.);
#10566=VECTOR('',#13116,1.);
#10567=VECTOR('',#13117,1.);
#10568=VECTOR('',#13120,1.);
#10569=VECTOR('',#13121,1.);
#10570=VECTOR('',#13122,1.);
#10571=VECTOR('',#13123,1.);
#10572=VECTOR('',#13124,1.);
#10573=VECTOR('',#13131,1.);
#10574=VECTOR('',#13134,1.);
#10575=VECTOR('',#13135,1.);
#10576=VECTOR('',#13136,1.);
#10577=VECTOR('',#13137,1.);
#10578=VECTOR('',#13140,1.);
#10579=VECTOR('',#13141,1.);
#10580=VECTOR('',#13142,1.);
#10581=VECTOR('',#13143,1.);
#10582=VECTOR('',#13146,1.);
#10583=VECTOR('',#13147,1.);
#10584=VECTOR('',#13148,1.);
#10585=VECTOR('',#13149,1.);
#10586=VECTOR('',#13150,1.);
#10587=VECTOR('',#13157,1.);
#10588=VECTOR('',#13160,1.);
#10589=VECTOR('',#13161,1.);
#10590=VECTOR('',#13162,1.);
#10591=VECTOR('',#13163,1.);
#10592=VECTOR('',#13166,1.);
#10593=VECTOR('',#13167,1.);
#10594=VECTOR('',#13168,1.);
#10595=VECTOR('',#13169,1.);
#10596=VECTOR('',#13172,1.);
#10597=VECTOR('',#13173,1.);
#10598=VECTOR('',#13174,1.);
#10599=VECTOR('',#13175,1.);
#10600=VECTOR('',#13178,1.);
#10601=VECTOR('',#13179,1.);
#10602=VECTOR('',#13180,1.);
#10603=VECTOR('',#13183,1.);
#10604=VECTOR('',#13184,1.);
#10605=VECTOR('',#13185,1.);
#10606=VECTOR('',#13188,1.);
#10607=VECTOR('',#13189,1.);
#10608=VECTOR('',#13190,1.);
#10609=VECTOR('',#13193,1.);
#10610=VECTOR('',#13194,1.);
#10611=VECTOR('',#13195,1.);
#10612=VECTOR('',#13196,1.);
#10613=VECTOR('',#13199,1.);
#10614=VECTOR('',#13200,1.);
#10615=VECTOR('',#13201,1.);
#10616=VECTOR('',#13204,1.);
#10617=VECTOR('',#13205,1.);
#10618=VECTOR('',#13206,1.);
#10619=VECTOR('',#13207,1.);
#10620=VECTOR('',#13210,1.);
#10621=VECTOR('',#13211,1.);
#10622=VECTOR('',#13212,1.);
#10623=VECTOR('',#13213,1.);
#10624=VECTOR('',#13214,1.);
#10625=VECTOR('',#13217,1.);
#10626=VECTOR('',#13218,1.);
#10627=VECTOR('',#13219,1.);
#10628=VECTOR('',#13222,1.);
#10629=VECTOR('',#13223,1.);
#10630=VECTOR('',#13224,1.);
#10631=VECTOR('',#13225,1.);
#10632=VECTOR('',#13226,1.);
#10633=VECTOR('',#13229,1.);
#10634=VECTOR('',#13230,1.);
#10635=VECTOR('',#13231,1.);
#10636=VECTOR('',#13234,1.);
#10637=VECTOR('',#13235,1.);
#10638=VECTOR('',#13236,1.);
#10639=VECTOR('',#13237,1.);
#10640=VECTOR('',#13240,1.);
#10641=VECTOR('',#13241,1.);
#10642=VECTOR('',#13242,1.);
#10643=VECTOR('',#13243,1.);
#10644=VECTOR('',#13244,1.);
#10645=VECTOR('',#13245,1.);
#10646=VECTOR('',#13246,1.);
#10647=VECTOR('',#13247,1.);
#10648=VECTOR('',#13248,1.);
#10649=VECTOR('',#13251,1.);
#10650=VECTOR('',#13252,1.);
#10651=VECTOR('',#13255,1.);
#10652=VECTOR('',#13256,1.);
#10653=VECTOR('',#13257,1.);
#10654=VECTOR('',#13258,1.);
#10655=VECTOR('',#13261,1.);
#10656=VECTOR('',#13262,1.);
#10657=VECTOR('',#13263,1.);
#10658=VECTOR('',#13268,1.);
#10659=VECTOR('',#13271,1.);
#10660=VECTOR('',#13272,1.);
#10661=VECTOR('',#13273,1.);
#10662=VECTOR('',#13276,1.);
#10663=VECTOR('',#13277,1.);
#10664=VECTOR('',#13278,1.);
#10665=VECTOR('',#13279,1.);
#10666=VECTOR('',#13280,1.);
#10667=VECTOR('',#13281,1.);
#10668=VECTOR('',#13282,1.);
#10669=VECTOR('',#13283,1.);
#10670=VECTOR('',#13286,1.);
#10671=VECTOR('',#13287,1.);
#10672=VECTOR('',#13288,1.);
#10673=VECTOR('',#13291,1.);
#10674=VECTOR('',#13292,1.);
#10675=VECTOR('',#13293,1.);
#10676=VECTOR('',#13294,1.);
#10677=VECTOR('',#13297,1.);
#10678=VECTOR('',#13298,1.);
#10679=VECTOR('',#13299,1.);
#10680=VECTOR('',#13300,1.);
#10681=VECTOR('',#13303,1.);
#10682=VECTOR('',#13304,1.);
#10683=VECTOR('',#13305,1.);
#10684=VECTOR('',#13306,1.);
#10685=VECTOR('',#13309,1.);
#10686=VECTOR('',#13312,1.);
#10687=VECTOR('',#13313,1.);
#10688=VECTOR('',#13314,1.);
#10689=VECTOR('',#13317,1.);
#10690=VECTOR('',#13318,1.);
#10691=VECTOR('',#13319,1.);
#10692=VECTOR('',#13322,1.);
#10693=VECTOR('',#13323,1.);
#10694=VECTOR('',#13324,1.);
#10695=VECTOR('',#13325,1.);
#10696=VECTOR('',#13328,1.);
#10697=VECTOR('',#13329,1.);
#10698=VECTOR('',#13330,1.);
#10699=VECTOR('',#13333,1.);
#10700=VECTOR('',#13334,1.);
#10701=VECTOR('',#13335,1.);
#10702=VECTOR('',#13338,1.);
#10703=VECTOR('',#13339,1.);
#10704=VECTOR('',#13340,1.);
#10705=VECTOR('',#13341,1.);
#10706=VECTOR('',#13344,1.);
#10707=VECTOR('',#13345,1.);
#10708=VECTOR('',#13346,1.);
#10709=VECTOR('',#13349,1.);
#10710=VECTOR('',#13350,1.);
#10711=VECTOR('',#13351,1.);
#10712=VECTOR('',#13354,1.);
#10713=VECTOR('',#13355,1.);
#10714=VECTOR('',#13356,1.);
#10715=VECTOR('',#13357,1.);
#10716=VECTOR('',#13358,1.);
#10717=VECTOR('',#13359,1.);
#10718=VECTOR('',#13360,1.);
#10719=VECTOR('',#13361,1.);
#10720=VECTOR('',#13364,1.);
#10721=VECTOR('',#13365,1.);
#10722=VECTOR('',#13366,1.);
#10723=VECTOR('',#13369,1.);
#10724=VECTOR('',#13370,1.);
#10725=VECTOR('',#13373,1.);
#10726=VECTOR('',#13374,1.);
#10727=VECTOR('',#13375,1.);
#10728=VECTOR('',#13376,1.);
#10729=VECTOR('',#13379,1.);
#10730=VECTOR('',#13380,1.);
#10731=VECTOR('',#13381,1.);
#10732=VECTOR('',#13382,1.);
#10733=VECTOR('',#13385,1.);
#10734=VECTOR('',#13386,1.);
#10735=VECTOR('',#13387,1.);
#10736=VECTOR('',#13388,1.);
#10737=VECTOR('',#13391,1.);
#10738=VECTOR('',#13392,1.);
#10739=VECTOR('',#13393,1.);
#10740=VECTOR('',#13394,1.);
#10741=VECTOR('',#13401,1.);
#10742=VECTOR('',#13402,1.);
#10743=VECTOR('',#13405,1.);
#10744=VECTOR('',#13406,1.);
#10745=VECTOR('',#13407,1.);
#10746=VECTOR('',#13410,1.);
#10747=VECTOR('',#13411,1.);
#10748=VECTOR('',#13414,1.);
#10749=VECTOR('',#13415,1.);
#10750=VECTOR('',#13416,1.);
#10751=VECTOR('',#13417,1.);
#10752=VECTOR('',#13418,1.);
#10753=VECTOR('',#13419,1.);
#10754=VECTOR('',#13422,1.);
#10755=VECTOR('',#13425,1.);
#10756=VECTOR('',#13430,1.);
#10757=VECTOR('',#13431,1.);
#10758=VECTOR('',#13432,1.);
#10759=VECTOR('',#13433,1.);
#10760=VECTOR('',#13436,1.);
#10761=VECTOR('',#13443,1.);
#10762=VECTOR('',#13444,1.);
#10763=VECTOR('',#13445,1.);
#10764=VECTOR('',#13446,1.);
#10765=VECTOR('',#13449,1.);
#10766=VECTOR('',#13450,1.);
#10767=VECTOR('',#13451,1.);
#10768=VECTOR('',#13452,1.);
#10769=VECTOR('',#13455,1.);
#10770=VECTOR('',#13458,1.);
#10771=VECTOR('',#13463,1.);
#10772=VECTOR('',#13464,1.);
#10773=VECTOR('',#13465,1.);
#10774=VECTOR('',#13468,1.);
#10775=VECTOR('',#13469,1.);
#10776=VECTOR('',#13470,1.);
#10777=VECTOR('',#13471,1.);
#10778=VECTOR('',#13474,1.);
#10779=VECTOR('',#13481,1.);
#10780=VECTOR('',#13482,1.);
#10781=VECTOR('',#13483,1.);
#10782=VECTOR('',#13486,1.);
#10783=VECTOR('',#13487,1.);
#10784=VECTOR('',#13488,1.);
#10785=VECTOR('',#13491,1.);
#10786=VECTOR('',#13492,1.);
#10787=VECTOR('',#13493,1.);
#10788=VECTOR('',#13496,1.);
#10789=VECTOR('',#13497,1.);
#10790=VECTOR('',#13498,1.);
#10791=VECTOR('',#13501,1.);
#10792=VECTOR('',#13502,1.);
#10793=VECTOR('',#13503,1.);
#10794=VECTOR('',#13506,1.);
#10795=VECTOR('',#13513,1.);
#10796=VECTOR('',#13514,1.);
#10797=VECTOR('',#13515,1.);
#10798=VECTOR('',#13518,1.);
#10799=VECTOR('',#13521,1.);
#10800=VECTOR('',#13526,1.);
#10801=VECTOR('',#13527,1.);
#10802=VECTOR('',#13528,1.);
#10803=VECTOR('',#13531,1.);
#10804=VECTOR('',#13532,1.);
#10805=VECTOR('',#13533,1.);
#10806=VECTOR('',#13536,1.);
#10807=VECTOR('',#13537,1.);
#10808=VECTOR('',#13538,1.);
#10809=VECTOR('',#13541,1.);
#10810=VECTOR('',#13542,1.);
#10811=VECTOR('',#13543,1.);
#10812=VECTOR('',#13546,1.);
#10813=VECTOR('',#13547,1.);
#10814=VECTOR('',#13548,1.);
#10815=VECTOR('',#13551,1.);
#10816=VECTOR('',#13558,1.);
#10817=VECTOR('',#13559,1.);
#10818=VECTOR('',#13560,1.);
#10819=VECTOR('',#13565,1.);
#10820=VECTOR('',#13570,1.);
#10821=VECTOR('',#13573,1.);
#10822=VECTOR('',#13576,1.);
#10823=VECTOR('',#13577,1.);
#10824=VECTOR('',#13580,1.);
#10825=VECTOR('',#13581,1.);
#10826=VECTOR('',#13586,1.);
#10827=VECTOR('',#13591,1.);
#10828=VECTOR('',#13594,1.);
#10829=VECTOR('',#13597,1.);
#10830=VECTOR('',#13600,1.);
#10831=VECTOR('',#13601,1.);
#10832=VECTOR('',#13602,1.);
#10833=VECTOR('',#13603,1.);
#10834=VECTOR('',#13606,1.);
#10835=VECTOR('',#13609,1.);
#10836=VECTOR('',#13614,1.);
#10837=VECTOR('',#13615,1.);
#10838=VECTOR('',#13616,1.);
#10839=VECTOR('',#13619,1.);
#10840=VECTOR('',#13620,1.);
#10841=VECTOR('',#13621,1.);
#10842=VECTOR('',#13622,1.);
#10843=VECTOR('',#13625,1.);
#10844=VECTOR('',#13632,1.);
#10845=VECTOR('',#13633,1.);
#10846=VECTOR('',#13634,1.);
#10847=VECTOR('',#13635,1.);
#10848=VECTOR('',#13638,1.);
#10849=VECTOR('',#13639,1.);
#10850=VECTOR('',#13640,1.);
#10851=VECTOR('',#13641,1.);
#10852=VECTOR('',#13644,1.);
#10853=VECTOR('',#13651,1.);
#10854=VECTOR('',#13652,1.);
#10855=VECTOR('',#13653,1.);
#10856=VECTOR('',#13656,1.);
#10857=VECTOR('',#13657,1.);
#10858=VECTOR('',#13658,1.);
#10859=VECTOR('',#13661,1.);
#10860=VECTOR('',#13662,1.);
#10861=VECTOR('',#13663,1.);
#10862=VECTOR('',#13666,1.);
#10863=VECTOR('',#13667,1.);
#10864=VECTOR('',#13668,1.);
#10865=VECTOR('',#13671,1.);
#10866=VECTOR('',#13672,1.);
#10867=VECTOR('',#13673,1.);
#10868=VECTOR('',#13676,1.);
#10869=VECTOR('',#13683,1.);
#10870=VECTOR('',#13684,1.);
#10871=VECTOR('',#13685,1.);
#10872=VECTOR('',#13688,1.);
#10873=VECTOR('',#13691,1.);
#10874=VECTOR('',#13696,1.);
#10875=VECTOR('',#13697,1.);
#10876=VECTOR('',#13698,1.);
#10877=VECTOR('',#13701,1.);
#10878=VECTOR('',#13702,1.);
#10879=VECTOR('',#13703,1.);
#10880=VECTOR('',#13706,1.);
#10881=VECTOR('',#13707,1.);
#10882=VECTOR('',#13708,1.);
#10883=VECTOR('',#13711,1.);
#10884=VECTOR('',#13712,1.);
#10885=VECTOR('',#13713,1.);
#10886=VECTOR('',#13716,1.);
#10887=VECTOR('',#13717,1.);
#10888=VECTOR('',#13718,1.);
#10889=VECTOR('',#13721,1.);
#10890=VECTOR('',#13728,1.);
#10891=VECTOR('',#13729,1.);
#10892=VECTOR('',#13730,1.);
#10893=VECTOR('',#13735,1.);
#10894=VECTOR('',#13740,1.);
#10895=VECTOR('',#13743,1.);
#10896=VECTOR('',#13746,1.);
#10897=VECTOR('',#13747,1.);
#10898=VECTOR('',#13750,1.);
#10899=VECTOR('',#13751,1.);
#10900=VECTOR('',#13756,1.);
#10901=VECTOR('',#13761,1.);
#10902=VECTOR('',#13764,1.);
#10903=VECTOR('',#13767,1.);
#10904=VECTOR('',#13770,1.);
#10905=VECTOR('',#13771,1.);
#10906=VECTOR('',#13772,1.);
#10907=VECTOR('',#13773,1.);
#10908=VECTOR('',#13776,1.);
#10909=VECTOR('',#13779,1.);
#10910=VECTOR('',#13784,1.);
#10911=VECTOR('',#13785,1.);
#10912=VECTOR('',#13786,1.);
#10913=VECTOR('',#13789,1.);
#10914=VECTOR('',#13790,1.);
#10915=VECTOR('',#13791,1.);
#10916=VECTOR('',#13792,1.);
#10917=VECTOR('',#13795,1.);
#10918=VECTOR('',#13802,1.);
#10919=VECTOR('',#13803,1.);
#10920=VECTOR('',#13804,1.);
#10921=VECTOR('',#13805,1.);
#10922=VECTOR('',#13808,1.);
#10923=VECTOR('',#13809,1.);
#10924=VECTOR('',#13810,1.);
#10925=VECTOR('',#13811,1.);
#10926=VECTOR('',#13814,1.);
#10927=VECTOR('',#13821,1.);
#10928=VECTOR('',#13822,1.);
#10929=VECTOR('',#13823,1.);
#10930=VECTOR('',#13826,1.);
#10931=VECTOR('',#13827,1.);
#10932=VECTOR('',#13828,1.);
#10933=VECTOR('',#13831,1.);
#10934=VECTOR('',#13832,1.);
#10935=VECTOR('',#13833,1.);
#10936=VECTOR('',#13836,1.);
#10937=VECTOR('',#13837,1.);
#10938=VECTOR('',#13838,1.);
#10939=VECTOR('',#13841,1.);
#10940=VECTOR('',#13842,1.);
#10941=VECTOR('',#13843,1.);
#10942=VECTOR('',#13846,1.);
#10943=VECTOR('',#13853,1.);
#10944=VECTOR('',#13854,1.);
#10945=VECTOR('',#13855,1.);
#10946=VECTOR('',#13858,1.);
#10947=VECTOR('',#13861,1.);
#10948=VECTOR('',#13866,1.);
#10949=VECTOR('',#13867,1.);
#10950=VECTOR('',#13868,1.);
#10951=VECTOR('',#13871,1.);
#10952=VECTOR('',#13872,1.);
#10953=VECTOR('',#13873,1.);
#10954=VECTOR('',#13876,1.);
#10955=VECTOR('',#13877,1.);
#10956=VECTOR('',#13878,1.);
#10957=VECTOR('',#13881,1.);
#10958=VECTOR('',#13882,1.);
#10959=VECTOR('',#13883,1.);
#10960=VECTOR('',#13886,1.);
#10961=VECTOR('',#13887,1.);
#10962=VECTOR('',#13888,1.);
#10963=VECTOR('',#13891,1.);
#10964=VECTOR('',#13898,1.);
#10965=VECTOR('',#13899,1.);
#10966=VECTOR('',#13900,1.);
#10967=VECTOR('',#13905,1.);
#10968=VECTOR('',#13910,1.);
#10969=VECTOR('',#13913,1.);
#10970=VECTOR('',#13916,1.);
#10971=VECTOR('',#13917,1.);
#10972=VECTOR('',#13920,1.);
#10973=VECTOR('',#13921,1.);
#10974=VECTOR('',#13926,1.);
#10975=VECTOR('',#13931,1.);
#10976=VECTOR('',#13934,1.);
#10977=VECTOR('',#13937,1.);
#10978=VECTOR('',#13940,1.);
#10979=VECTOR('',#13941,1.);
#10980=VECTOR('',#13942,1.);
#10981=VECTOR('',#13943,1.);
#10982=VECTOR('',#13946,1.);
#10983=VECTOR('',#13949,1.);
#10984=VECTOR('',#13954,1.);
#10985=VECTOR('',#13955,1.);
#10986=VECTOR('',#13956,1.);
#10987=VECTOR('',#13959,1.);
#10988=VECTOR('',#13960,1.);
#10989=VECTOR('',#13961,1.);
#10990=VECTOR('',#13962,1.);
#10991=VECTOR('',#13965,1.);
#10992=VECTOR('',#13972,1.);
#10993=VECTOR('',#13973,1.);
#10994=VECTOR('',#13974,1.);
#10995=VECTOR('',#13975,1.);
#10996=VECTOR('',#13978,1.);
#10997=VECTOR('',#13979,1.);
#10998=VECTOR('',#13980,1.);
#10999=VECTOR('',#13981,1.);
#11000=VECTOR('',#13984,1.);
#11001=VECTOR('',#13991,1.);
#11002=VECTOR('',#13992,1.);
#11003=VECTOR('',#13993,1.);
#11004=VECTOR('',#13996,1.);
#11005=VECTOR('',#13997,1.);
#11006=VECTOR('',#13998,1.);
#11007=VECTOR('',#14001,1.);
#11008=VECTOR('',#14002,1.);
#11009=VECTOR('',#14003,1.);
#11010=VECTOR('',#14006,1.);
#11011=VECTOR('',#14007,1.);
#11012=VECTOR('',#14008,1.);
#11013=VECTOR('',#14011,1.);
#11014=VECTOR('',#14012,1.);
#11015=VECTOR('',#14013,1.);
#11016=VECTOR('',#14016,1.);
#11017=VECTOR('',#14023,1.);
#11018=VECTOR('',#14024,1.);
#11019=VECTOR('',#14025,1.);
#11020=VECTOR('',#14028,1.);
#11021=VECTOR('',#14031,1.);
#11022=VECTOR('',#14036,1.);
#11023=VECTOR('',#14037,1.);
#11024=VECTOR('',#14038,1.);
#11025=VECTOR('',#14041,1.);
#11026=VECTOR('',#14042,1.);
#11027=VECTOR('',#14043,1.);
#11028=VECTOR('',#14046,1.);
#11029=VECTOR('',#14047,1.);
#11030=VECTOR('',#14048,1.);
#11031=VECTOR('',#14051,1.);
#11032=VECTOR('',#14052,1.);
#11033=VECTOR('',#14053,1.);
#11034=VECTOR('',#14056,1.);
#11035=VECTOR('',#14057,1.);
#11036=VECTOR('',#14058,1.);
#11037=VECTOR('',#14061,1.);
#11038=VECTOR('',#14068,1.);
#11039=VECTOR('',#14069,1.);
#11040=VECTOR('',#14070,1.);
#11041=VECTOR('',#14075,1.);
#11042=VECTOR('',#14080,1.);
#11043=VECTOR('',#14083,1.);
#11044=VECTOR('',#14086,1.);
#11045=VECTOR('',#14087,1.);
#11046=VECTOR('',#14090,1.);
#11047=VECTOR('',#14091,1.);
#11048=VECTOR('',#14096,1.);
#11049=VECTOR('',#14101,1.);
#11050=VECTOR('',#14104,1.);
#11051=VECTOR('',#14107,1.);
#11052=VECTOR('',#14110,1.);
#11053=VECTOR('',#14111,1.);
#11054=VECTOR('',#14112,1.);
#11055=VECTOR('',#14113,1.);
#11056=VECTOR('',#14116,1.);
#11057=VECTOR('',#14119,1.);
#11058=VECTOR('',#14124,1.);
#11059=VECTOR('',#14125,1.);
#11060=VECTOR('',#14126,1.);
#11061=VECTOR('',#14129,1.);
#11062=VECTOR('',#14130,1.);
#11063=VECTOR('',#14131,1.);
#11064=VECTOR('',#14132,1.);
#11065=VECTOR('',#14135,1.);
#11066=VECTOR('',#14142,1.);
#11067=VECTOR('',#14143,1.);
#11068=VECTOR('',#14144,1.);
#11069=VECTOR('',#14145,1.);
#11070=VECTOR('',#14148,1.);
#11071=VECTOR('',#14149,1.);
#11072=VECTOR('',#14150,1.);
#11073=VECTOR('',#14151,1.);
#11074=VECTOR('',#14154,1.);
#11075=VECTOR('',#14161,1.);
#11076=VECTOR('',#14162,1.);
#11077=VECTOR('',#14163,1.);
#11078=VECTOR('',#14166,1.);
#11079=VECTOR('',#14167,1.);
#11080=VECTOR('',#14168,1.);
#11081=VECTOR('',#14171,1.);
#11082=VECTOR('',#14172,1.);
#11083=VECTOR('',#14173,1.);
#11084=VECTOR('',#14176,1.);
#11085=VECTOR('',#14177,1.);
#11086=VECTOR('',#14178,1.);
#11087=VECTOR('',#14181,1.);
#11088=VECTOR('',#14182,1.);
#11089=VECTOR('',#14183,1.);
#11090=VECTOR('',#14186,1.);
#11091=VECTOR('',#14193,1.);
#11092=VECTOR('',#14194,1.);
#11093=VECTOR('',#14195,1.);
#11094=VECTOR('',#14198,1.);
#11095=VECTOR('',#14201,1.);
#11096=VECTOR('',#14206,1.);
#11097=VECTOR('',#14207,1.);
#11098=VECTOR('',#14208,1.);
#11099=VECTOR('',#14211,1.);
#11100=VECTOR('',#14212,1.);
#11101=VECTOR('',#14213,1.);
#11102=VECTOR('',#14216,1.);
#11103=VECTOR('',#14217,1.);
#11104=VECTOR('',#14218,1.);
#11105=VECTOR('',#14221,1.);
#11106=VECTOR('',#14222,1.);
#11107=VECTOR('',#14223,1.);
#11108=VECTOR('',#14226,1.);
#11109=VECTOR('',#14227,1.);
#11110=VECTOR('',#14228,1.);
#11111=VECTOR('',#14231,1.);
#11112=VECTOR('',#14238,1.);
#11113=VECTOR('',#14239,1.);
#11114=VECTOR('',#14240,1.);
#11115=VECTOR('',#14245,1.);
#11116=VECTOR('',#14250,1.);
#11117=VECTOR('',#14253,1.);
#11118=VECTOR('',#14256,1.);
#11119=VECTOR('',#14257,1.);
#11120=VECTOR('',#14260,1.);
#11121=VECTOR('',#14261,1.);
#11122=VECTOR('',#14266,1.);
#11123=VECTOR('',#14271,1.);
#11124=VECTOR('',#14274,1.);
#11125=VECTOR('',#14277,1.);
#11126=VECTOR('',#14280,1.);
#11127=VECTOR('',#14281,1.);
#11128=VECTOR('',#14282,1.);
#11129=VECTOR('',#14283,1.);
#11130=VECTOR('',#14286,1.);
#11131=VECTOR('',#14289,1.);
#11132=VECTOR('',#14294,1.);
#11133=VECTOR('',#14295,1.);
#11134=VECTOR('',#14296,1.);
#11135=VECTOR('',#14299,1.);
#11136=VECTOR('',#14300,1.);
#11137=VECTOR('',#14301,1.);
#11138=VECTOR('',#14302,1.);
#11139=VECTOR('',#14305,1.);
#11140=VECTOR('',#14312,1.);
#11141=VECTOR('',#14313,1.);
#11142=VECTOR('',#14314,1.);
#11143=VECTOR('',#14315,1.);
#11144=VECTOR('',#14318,1.);
#11145=VECTOR('',#14319,1.);
#11146=VECTOR('',#14320,1.);
#11147=VECTOR('',#14321,1.);
#11148=VECTOR('',#14324,1.);
#11149=VECTOR('',#14331,1.);
#11150=VECTOR('',#14332,1.);
#11151=VECTOR('',#14333,1.);
#11152=VECTOR('',#14336,1.);
#11153=VECTOR('',#14337,1.);
#11154=VECTOR('',#14338,1.);
#11155=VECTOR('',#14341,1.);
#11156=VECTOR('',#14342,1.);
#11157=VECTOR('',#14343,1.);
#11158=VECTOR('',#14346,1.);
#11159=VECTOR('',#14347,1.);
#11160=VECTOR('',#14348,1.);
#11161=VECTOR('',#14351,1.);
#11162=VECTOR('',#14352,1.);
#11163=VECTOR('',#14353,1.);
#11164=VECTOR('',#14356,1.);
#11165=VECTOR('',#14363,1.);
#11166=VECTOR('',#14364,1.);
#11167=VECTOR('',#14365,1.);
#11168=VECTOR('',#14368,1.);
#11169=VECTOR('',#14371,1.);
#11170=VECTOR('',#14376,1.);
#11171=VECTOR('',#14377,1.);
#11172=VECTOR('',#14378,1.);
#11173=VECTOR('',#14381,1.);
#11174=VECTOR('',#14382,1.);
#11175=VECTOR('',#14383,1.);
#11176=VECTOR('',#14386,1.);
#11177=VECTOR('',#14387,1.);
#11178=VECTOR('',#14388,1.);
#11179=VECTOR('',#14391,1.);
#11180=VECTOR('',#14392,1.);
#11181=VECTOR('',#14393,1.);
#11182=VECTOR('',#14396,1.);
#11183=VECTOR('',#14397,1.);
#11184=VECTOR('',#14398,1.);
#11185=VECTOR('',#14401,1.);
#11186=VECTOR('',#14408,1.);
#11187=VECTOR('',#14409,1.);
#11188=VECTOR('',#14410,1.);
#11189=VECTOR('',#14415,1.);
#11190=VECTOR('',#14420,1.);
#11191=VECTOR('',#14423,1.);
#11192=VECTOR('',#14426,1.);
#11193=VECTOR('',#14427,1.);
#11194=VECTOR('',#14430,1.);
#11195=VECTOR('',#14431,1.);
#11196=VECTOR('',#14436,1.);
#11197=VECTOR('',#14441,1.);
#11198=VECTOR('',#14444,1.);
#11199=VECTOR('',#14447,1.);
#11200=VECTOR('',#14450,1.);
#11201=VECTOR('',#14451,1.);
#11202=VECTOR('',#14452,1.);
#11203=VECTOR('',#14453,1.);
#11204=VECTOR('',#14456,1.);
#11205=VECTOR('',#14459,1.);
#11206=VECTOR('',#14464,1.);
#11207=VECTOR('',#14465,1.);
#11208=VECTOR('',#14466,1.);
#11209=VECTOR('',#14469,1.);
#11210=VECTOR('',#14470,1.);
#11211=VECTOR('',#14471,1.);
#11212=VECTOR('',#14472,1.);
#11213=VECTOR('',#14475,1.);
#11214=VECTOR('',#14482,1.);
#11215=VECTOR('',#14483,1.);
#11216=VECTOR('',#14484,1.);
#11217=VECTOR('',#14485,1.);
#11218=VECTOR('',#14488,1.);
#11219=VECTOR('',#14489,1.);
#11220=VECTOR('',#14490,1.);
#11221=VECTOR('',#14491,1.);
#11222=VECTOR('',#14494,1.);
#11223=VECTOR('',#14501,1.);
#11224=VECTOR('',#14502,1.);
#11225=VECTOR('',#14503,1.);
#11226=VECTOR('',#14506,1.);
#11227=VECTOR('',#14507,1.);
#11228=VECTOR('',#14508,1.);
#11229=VECTOR('',#14511,1.);
#11230=VECTOR('',#14512,1.);
#11231=VECTOR('',#14513,1.);
#11232=VECTOR('',#14516,1.);
#11233=VECTOR('',#14517,1.);
#11234=VECTOR('',#14518,1.);
#11235=VECTOR('',#14521,1.);
#11236=VECTOR('',#14522,1.);
#11237=VECTOR('',#14523,1.);
#11238=VECTOR('',#14526,1.);
#11239=VECTOR('',#14533,1.);
#11240=VECTOR('',#14534,1.);
#11241=VECTOR('',#14535,1.);
#11242=VECTOR('',#14538,1.);
#11243=VECTOR('',#14541,1.);
#11244=VECTOR('',#14546,1.);
#11245=VECTOR('',#14547,1.);
#11246=VECTOR('',#14548,1.);
#11247=VECTOR('',#14551,1.);
#11248=VECTOR('',#14552,1.);
#11249=VECTOR('',#14553,1.);
#11250=VECTOR('',#14556,1.);
#11251=VECTOR('',#14557,1.);
#11252=VECTOR('',#14558,1.);
#11253=VECTOR('',#14561,1.);
#11254=VECTOR('',#14562,1.);
#11255=VECTOR('',#14563,1.);
#11256=VECTOR('',#14566,1.);
#11257=VECTOR('',#14567,1.);
#11258=VECTOR('',#14568,1.);
#11259=VECTOR('',#14571,1.);
#11260=VECTOR('',#14578,1.);
#11261=VECTOR('',#14579,1.);
#11262=VECTOR('',#14580,1.);
#11263=VECTOR('',#14585,1.);
#11264=VECTOR('',#14590,1.);
#11265=VECTOR('',#14593,1.);
#11266=VECTOR('',#14596,1.);
#11267=VECTOR('',#14597,1.);
#11268=VECTOR('',#14600,1.);
#11269=VECTOR('',#14601,1.);
#11270=VECTOR('',#14606,1.);
#11271=VECTOR('',#14611,1.);
#11272=VECTOR('',#14614,1.);
#11273=VECTOR('',#14617,1.);
#11274=VECTOR('',#14620,1.);
#11275=VECTOR('',#14621,1.);
#11276=VECTOR('',#14622,1.);
#11277=VECTOR('',#14623,1.);
#11278=VECTOR('',#14626,1.);
#11279=VECTOR('',#14629,1.);
#11280=VECTOR('',#14634,1.);
#11281=VECTOR('',#14635,1.);
#11282=VECTOR('',#14636,1.);
#11283=VECTOR('',#14639,1.);
#11284=VECTOR('',#14640,1.);
#11285=VECTOR('',#14641,1.);
#11286=VECTOR('',#14642,1.);
#11287=VECTOR('',#14645,1.);
#11288=VECTOR('',#14652,1.);
#11289=VECTOR('',#14653,1.);
#11290=VECTOR('',#14654,1.);
#11291=VECTOR('',#14655,1.);
#11292=VECTOR('',#14658,1.);
#11293=VECTOR('',#14659,1.);
#11294=VECTOR('',#14660,1.);
#11295=VECTOR('',#14661,1.);
#11296=VECTOR('',#14664,1.);
#11297=VECTOR('',#14671,1.);
#11298=VECTOR('',#14672,1.);
#11299=VECTOR('',#14673,1.);
#11300=VECTOR('',#14676,1.);
#11301=VECTOR('',#14677,1.);
#11302=VECTOR('',#14678,1.);
#11303=VECTOR('',#14681,1.);
#11304=VECTOR('',#14682,1.);
#11305=VECTOR('',#14683,1.);
#11306=VECTOR('',#14686,1.);
#11307=VECTOR('',#14687,1.);
#11308=VECTOR('',#14688,1.);
#11309=VECTOR('',#14691,1.);
#11310=VECTOR('',#14692,1.);
#11311=VECTOR('',#14693,1.);
#11312=VECTOR('',#14696,1.);
#11313=VECTOR('',#14703,1.);
#11314=VECTOR('',#14704,1.);
#11315=VECTOR('',#14705,1.);
#11316=VECTOR('',#14708,1.);
#11317=VECTOR('',#14711,1.);
#11318=VECTOR('',#14716,1.);
#11319=VECTOR('',#14717,1.);
#11320=VECTOR('',#14718,1.);
#11321=VECTOR('',#14721,1.);
#11322=VECTOR('',#14722,1.);
#11323=VECTOR('',#14723,1.);
#11324=VECTOR('',#14726,1.);
#11325=VECTOR('',#14727,1.);
#11326=VECTOR('',#14728,1.);
#11327=VECTOR('',#14731,1.);
#11328=VECTOR('',#14732,1.);
#11329=VECTOR('',#14733,1.);
#11330=VECTOR('',#14736,1.);
#11331=VECTOR('',#14737,1.);
#11332=VECTOR('',#14738,1.);
#11333=VECTOR('',#14741,1.);
#11334=VECTOR('',#14748,1.);
#11335=VECTOR('',#14749,1.);
#11336=VECTOR('',#14750,1.);
#11337=VECTOR('',#14755,1.);
#11338=VECTOR('',#14760,1.);
#11339=VECTOR('',#14763,1.);
#11340=VECTOR('',#14766,1.);
#11341=VECTOR('',#14767,1.);
#11342=VECTOR('',#14770,1.);
#11343=VECTOR('',#14771,1.);
#11344=VECTOR('',#14776,1.);
#11345=VECTOR('',#14781,1.);
#11346=VECTOR('',#14784,1.);
#11347=VECTOR('',#14787,1.);
#11348=VECTOR('',#14790,1.);
#11349=VECTOR('',#14791,1.);
#11350=VECTOR('',#14792,1.);
#11351=VECTOR('',#14793,1.);
#11352=VECTOR('',#14796,1.);
#11353=VECTOR('',#14799,1.);
#11354=VECTOR('',#14804,1.);
#11355=VECTOR('',#14805,1.);
#11356=VECTOR('',#14806,1.);
#11357=VECTOR('',#14809,1.);
#11358=VECTOR('',#14810,1.);
#11359=VECTOR('',#14811,1.);
#11360=VECTOR('',#14812,1.);
#11361=VECTOR('',#14815,1.);
#11362=VECTOR('',#14822,1.);
#11363=VECTOR('',#14823,1.);
#11364=VECTOR('',#14824,1.);
#11365=VECTOR('',#14825,1.);
#11366=VECTOR('',#14828,1.);
#11367=VECTOR('',#14829,1.);
#11368=VECTOR('',#14830,1.);
#11369=VECTOR('',#14831,1.);
#11370=VECTOR('',#14834,1.);
#11371=VECTOR('',#14841,1.);
#11372=VECTOR('',#14842,1.);
#11373=VECTOR('',#14843,1.);
#11374=VECTOR('',#14846,1.);
#11375=VECTOR('',#14847,1.);
#11376=VECTOR('',#14848,1.);
#11377=VECTOR('',#14851,1.);
#11378=VECTOR('',#14852,1.);
#11379=VECTOR('',#14853,1.);
#11380=VECTOR('',#14856,1.);
#11381=VECTOR('',#14857,1.);
#11382=VECTOR('',#14858,1.);
#11383=VECTOR('',#14861,1.);
#11384=VECTOR('',#14862,1.);
#11385=VECTOR('',#14863,1.);
#11386=VECTOR('',#14866,1.);
#11387=VECTOR('',#14873,1.);
#11388=VECTOR('',#14874,1.);
#11389=VECTOR('',#14875,1.);
#11390=VECTOR('',#14880,1.);
#11391=VECTOR('',#14885,1.);
#11392=VECTOR('',#14888,1.);
#11393=VECTOR('',#14891,1.);
#11394=VECTOR('',#14894,1.);
#11395=VECTOR('',#14895,1.);
#11396=VECTOR('',#14896,1.);
#11397=VECTOR('',#14897,1.);
#11398=VECTOR('',#14898,1.);
#11399=VECTOR('',#14901,1.);
#11400=VECTOR('',#14902,1.);
#11401=VECTOR('',#14905,1.);
#11402=VECTOR('',#14906,1.);
#11403=VECTOR('',#14907,1.);
#11404=VECTOR('',#14910,1.);
#11405=VECTOR('',#14915,1.);
#11406=VECTOR('',#14916,1.);
#11407=VECTOR('',#14919,1.);
#11408=VECTOR('',#14920,1.);
#11409=VECTOR('',#14923,1.);
#11410=VECTOR('',#14924,1.);
#11411=VECTOR('',#14927,1.);
#11412=VECTOR('',#14928,1.);
#11413=VECTOR('',#14931,1.);
#11414=VECTOR('',#14932,1.);
#11415=VECTOR('',#14935,1.);
#11416=VECTOR('',#14940,1.);
#11417=VECTOR('',#14941,1.);
#11418=VECTOR('',#14944,1.);
#11419=VECTOR('',#14945,1.);
#11420=VECTOR('',#14946,1.);
#11421=VECTOR('',#14947,1.);
#11422=VECTOR('',#14950,1.);
#11423=VECTOR('',#14957,1.);
#11424=VECTOR('',#14958,1.);
#11425=VECTOR('',#14959,1.);
#11426=VECTOR('',#14962,1.);
#11427=VECTOR('',#14963,1.);
#11428=VECTOR('',#14964,1.);
#11429=VECTOR('',#14967,1.);
#11430=VECTOR('',#14968,1.);
#11431=VECTOR('',#14969,1.);
#11432=VECTOR('',#14972,1.);
#11433=VECTOR('',#14973,1.);
#11434=VECTOR('',#14974,1.);
#11435=VECTOR('',#14977,1.);
#11436=VECTOR('',#14978,1.);
#11437=VECTOR('',#14979,1.);
#11438=VECTOR('',#14982,1.);
#11439=VECTOR('',#14989,1.);
#11440=VECTOR('',#14990,1.);
#11441=VECTOR('',#14991,1.);
#11442=VECTOR('',#14994,1.);
#11443=VECTOR('',#14995,1.);
#11444=VECTOR('',#14996,1.);
#11445=VECTOR('',#14997,1.);
#11446=VECTOR('',#15000,1.);
#11447=VECTOR('',#15007,1.);
#11448=VECTOR('',#15008,1.);
#11449=VECTOR('',#15009,1.);
#11450=VECTOR('',#15012,1.);
#11451=VECTOR('',#15013,1.);
#11452=VECTOR('',#15014,1.);
#11453=VECTOR('',#15017,1.);
#11454=VECTOR('',#15018,1.);
#11455=VECTOR('',#15019,1.);
#11456=VECTOR('',#15022,1.);
#11457=VECTOR('',#15023,1.);
#11458=VECTOR('',#15024,1.);
#11459=VECTOR('',#15027,1.);
#11460=VECTOR('',#15028,1.);
#11461=VECTOR('',#15029,1.);
#11462=VECTOR('',#15032,1.);
#11463=VECTOR('',#15039,1.);
#11464=VECTOR('',#15040,1.);
#11465=VECTOR('',#15041,1.);
#11466=VECTOR('',#15044,1.);
#11467=VECTOR('',#15045,1.);
#11468=VECTOR('',#15046,1.);
#11469=VECTOR('',#15047,1.);
#11470=VECTOR('',#15050,1.);
#11471=VECTOR('',#15051,1.);
#11472=VECTOR('',#15052,1.);
#11473=VECTOR('',#15055,1.);
#11474=VECTOR('',#15056,1.);
#11475=VECTOR('',#15057,1.);
#11476=VECTOR('',#15060,1.);
#11477=VECTOR('',#15061,1.);
#11478=VECTOR('',#15062,1.);
#11479=VECTOR('',#15065,1.);
#11480=VECTOR('',#15066,1.);
#11481=VECTOR('',#15067,1.);
#11482=VECTOR('',#15070,1.);
#11483=VECTOR('',#15071,1.);
#11484=VECTOR('',#15072,1.);
#11485=VECTOR('',#15075,1.);
#11486=VECTOR('',#15076,1.);
#11487=VECTOR('',#15077,1.);
#11488=VECTOR('',#15080,1.);
#11489=VECTOR('',#15081,1.);
#11490=VECTOR('',#15082,1.);
#11491=VECTOR('',#15085,1.);
#11492=VECTOR('',#15086,1.);
#11493=VECTOR('',#15087,1.);
#11494=VECTOR('',#15090,1.);
#11495=VECTOR('',#15091,1.);
#11496=VECTOR('',#15092,1.);
#11497=VECTOR('',#15095,1.);
#11498=VECTOR('',#15096,1.);
#11499=VECTOR('',#15097,1.);
#11500=VECTOR('',#15100,1.);
#11501=VECTOR('',#15101,1.);
#11502=VECTOR('',#15104,1.);
#11503=VECTOR('',#15105,1.);
#11504=VECTOR('',#15106,1.);
#11505=VECTOR('',#15107,1.);
#11506=VECTOR('',#15108,1.);
#11507=VECTOR('',#15109,1.);
#11508=VECTOR('',#15114,1.);
#11509=VECTOR('',#15119,1.);
#11510=VECTOR('',#15126,1.);
#11511=VECTOR('',#15127,1.);
#11512=VECTOR('',#15128,1.);
#11513=VECTOR('',#15129,1.);
#11514=VECTOR('',#15132,1.);
#11515=VECTOR('',#15135,1.);
#11516=VECTOR('',#15140,1.);
#11517=VECTOR('',#15141,1.);
#11518=VECTOR('',#15142,1.);
#11519=VECTOR('',#15145,1.);
#11520=VECTOR('',#15146,1.);
#11521=VECTOR('',#15147,1.);
#11522=VECTOR('',#15148,1.);
#11523=VECTOR('',#15151,1.);
#11524=VECTOR('',#15154,1.);
#11525=VECTOR('',#15159,1.);
#11526=VECTOR('',#15160,1.);
#11527=VECTOR('',#15161,1.);
#11528=VECTOR('',#15162,1.);
#11529=VECTOR('',#15173,1.);
#11530=VECTOR('',#15176,1.);
#11531=VECTOR('',#15179,1.);
#11532=VECTOR('',#15180,1.);
#11533=VECTOR('',#15193,1.);
#11534=VECTOR('',#15196,1.);
#11535=VECTOR('',#15197,1.);
#11536=VECTOR('',#15200,1.);
#11537=VECTOR('',#15201,1.);
#11538=VECTOR('',#15202,1.);
#11539=VECTOR('',#15203,1.);
#11540=VECTOR('',#15204,1.);
#11541=VECTOR('',#15207,1.);
#11542=VECTOR('',#15208,1.);
#11543=VECTOR('',#15209,1.);
#11544=VECTOR('',#15210,1.);
#11545=VECTOR('',#15211,1.);
#11546=VECTOR('',#15214,1.);
#11547=VECTOR('',#15215,1.);
#11548=VECTOR('',#15218,1.);
#11549=VECTOR('',#15221,1.);
#11550=VECTOR('',#15224,1.);
#11551=VECTOR('',#15225,1.);
#11552=VECTOR('',#15226,1.);
#11553=VECTOR('',#15227,1.);
#11554=VECTOR('',#15228,1.);
#11555=VECTOR('',#15229,1.);
#11556=VECTOR('',#15230,1.);
#11557=VECTOR('',#15233,1.);
#11558=VECTOR('',#15234,1.);
#11559=VECTOR('',#15235,1.);
#11560=VECTOR('',#15238,1.);
#11561=VECTOR('',#15239,1.);
#11562=VECTOR('',#15242,1.);
#11563=VECTOR('',#15243,1.);
#11564=VECTOR('',#15246,1.);
#11565=VECTOR('',#15247,1.);
#11566=VECTOR('',#15248,1.);
#11567=VECTOR('',#15251,1.);
#11568=VECTOR('',#15252,1.);
#11569=VECTOR('',#15255,1.);
#11570=VECTOR('',#15256,1.);
#11571=VECTOR('',#15259,1.);
#11572=VECTOR('',#15260,1.);
#11573=VECTOR('',#15263,1.);
#11574=VECTOR('',#15266,1.);
#11575=VECTOR('',#15271,1.);
#11576=VECTOR('',#15272,1.);
#11577=VECTOR('',#15275,1.);
#11578=VECTOR('',#15280,1.);
#11579=VECTOR('',#15281,1.);
#11580=VECTOR('',#15282,1.);
#11581=VECTOR('',#15285,1.);
#11582=VECTOR('',#15286,1.);
#11583=VECTOR('',#15287,1.);
#11584=VECTOR('',#15290,1.);
#11585=VECTOR('',#15291,1.);
#11586=VECTOR('',#15294,1.);
#11587=VECTOR('',#15297,1.);
#11588=VECTOR('',#15300,1.);
#11589=VECTOR('',#15307,1.);
#11590=VECTOR('',#15308,1.);
#11591=VECTOR('',#15311,1.);
#11592=VECTOR('',#15358,1.);
#11593=VECTOR('',#15363,1.);
#11594=AXIS2_PLACEMENT_3D('',#15370,#12379,#12380);
#11595=AXIS2_PLACEMENT_3D('',#15461,#12471,#12472);
#11596=AXIS2_PLACEMENT_3D('',#15462,#12473,#12474);
#11597=AXIS2_PLACEMENT_3D('',#15463,#12475,#12476);
#11598=AXIS2_PLACEMENT_3D('',#15464,#12477,#12478);
#11599=AXIS2_PLACEMENT_3D('',#15473,#12483,#12484);
#11600=AXIS2_PLACEMENT_3D('',#15482,#12489,#12490);
#11601=AXIS2_PLACEMENT_3D('',#15486,#12492,#12493);
#11602=AXIS2_PLACEMENT_3D('',#15489,#12495,#12496);
#11603=AXIS2_PLACEMENT_3D('',#15492,#12498,#12499);
#11604=AXIS2_PLACEMENT_3D('',#15493,#12500,#12501);
#11605=AXIS2_PLACEMENT_3D('',#15497,#12503,#12504);
#11606=AXIS2_PLACEMENT_3D('',#15501,#12506,#12507);
#11607=AXIS2_PLACEMENT_3D('',#15504,#12509,#12510);
#11608=AXIS2_PLACEMENT_3D('',#15508,#12512,#12513);
#11609=AXIS2_PLACEMENT_3D('',#15509,#12514,#12515);
#11610=AXIS2_PLACEMENT_3D('',#15518,#12520,#12521);
#11611=AXIS2_PLACEMENT_3D('',#15524,#12525,#12526);
#11612=AXIS2_PLACEMENT_3D('',#15530,#12530,#12531);
#11613=AXIS2_PLACEMENT_3D('',#15536,#12535,#12536);
#11614=AXIS2_PLACEMENT_3D('',#15542,#12540,#12541);
#11615=AXIS2_PLACEMENT_3D('',#15545,#12544,#12545);
#11616=AXIS2_PLACEMENT_3D('',#15546,#12546,#12547);
#11617=AXIS2_PLACEMENT_3D('',#15547,#12548,#12549);
#11618=AXIS2_PLACEMENT_3D('',#15548,#12550,#12551);
#11619=AXIS2_PLACEMENT_3D('',#15549,#12552,#12553);
#11620=AXIS2_PLACEMENT_3D('',#15550,#12554,#12555);
#11621=AXIS2_PLACEMENT_3D('',#15554,#12557,#12558);
#11622=AXIS2_PLACEMENT_3D('',#15558,#12560,#12561);
#11623=AXIS2_PLACEMENT_3D('',#15559,#12562,#12563);
#11624=AXIS2_PLACEMENT_3D('',#15560,#12564,#12565);
#11625=AXIS2_PLACEMENT_3D('',#15562,#12566,#12567);
#11626=AXIS2_PLACEMENT_3D('',#15564,#12568,#12569);
#11627=AXIS2_PLACEMENT_3D('',#15565,#12570,#12571);
#11628=AXIS2_PLACEMENT_3D('',#15568,#12573,#12574);
#11629=AXIS2_PLACEMENT_3D('',#15569,#12575,#12576);
#11630=AXIS2_PLACEMENT_3D('',#15573,#12578,#12579);
#11631=AXIS2_PLACEMENT_3D('',#15577,#12581,#12582);
#11632=AXIS2_PLACEMENT_3D('',#15580,#12584,#12585);
#11633=AXIS2_PLACEMENT_3D('',#15584,#12587,#12588);
#11634=AXIS2_PLACEMENT_3D('',#15585,#12589,#12590);
#11635=AXIS2_PLACEMENT_3D('',#15589,#12592,#12593);
#11636=AXIS2_PLACEMENT_3D('',#15590,#12594,#12595);
#11637=AXIS2_PLACEMENT_3D('',#15591,#12596,#12597);
#11638=AXIS2_PLACEMENT_3D('',#15595,#12599,#12600);
#11639=AXIS2_PLACEMENT_3D('',#15596,#12601,#12602);
#11640=AXIS2_PLACEMENT_3D('',#15597,#12603,#12604);
#11641=AXIS2_PLACEMENT_3D('',#15598,#12605,#12606);
#11642=AXIS2_PLACEMENT_3D('',#15604,#12610,#12611);
#11643=AXIS2_PLACEMENT_3D('',#15610,#12615,#12616);
#11644=AXIS2_PLACEMENT_3D('',#15616,#12620,#12621);
#11645=AXIS2_PLACEMENT_3D('',#15620,#12624,#12625);
#11646=AXIS2_PLACEMENT_3D('',#15622,#12627,#12628);
#11647=AXIS2_PLACEMENT_3D('',#15626,#12631,#12632);
#11648=AXIS2_PLACEMENT_3D('',#15628,#12634,#12635);
#11649=AXIS2_PLACEMENT_3D('',#15630,#12637,#12638);
#11650=AXIS2_PLACEMENT_3D('',#15631,#12639,#12640);
#11651=AXIS2_PLACEMENT_3D('',#15636,#12642,#12643);
#11652=AXIS2_PLACEMENT_3D('',#15639,#12645,#12646);
#11653=AXIS2_PLACEMENT_3D('',#15640,#12647,#12648);
#11654=AXIS2_PLACEMENT_3D('',#15653,#12655,#12656);
#11655=AXIS2_PLACEMENT_3D('',#15659,#12660,#12661);
#11656=AXIS2_PLACEMENT_3D('',#15668,#12666,#12667);
#11657=AXIS2_PLACEMENT_3D('',#15677,#12672,#12673);
#11658=AXIS2_PLACEMENT_3D('',#15694,#12682,#12683);
#11659=AXIS2_PLACEMENT_3D('',#15695,#12684,#12685);
#11660=AXIS2_PLACEMENT_3D('',#15697,#12686,#12687);
#11661=AXIS2_PLACEMENT_3D('',#15700,#12689,#12690);
#11662=AXIS2_PLACEMENT_3D('',#15703,#12692,#12693);
#11663=AXIS2_PLACEMENT_3D('',#15709,#12697,#12698);
#11664=AXIS2_PLACEMENT_3D('',#15712,#12700,#12701);
#11665=AXIS2_PLACEMENT_3D('',#15715,#12703,#12704);
#11666=AXIS2_PLACEMENT_3D('',#15723,#12710,#12711);
#11667=AXIS2_PLACEMENT_3D('',#15729,#12715,#12716);
#11668=AXIS2_PLACEMENT_3D('',#15736,#12720,#12721);
#11669=AXIS2_PLACEMENT_3D('',#15739,#12723,#12724);
#11670=AXIS2_PLACEMENT_3D('',#15749,#12730,#12731);
#11671=AXIS2_PLACEMENT_3D('',#15755,#12735,#12736);
#11672=AXIS2_PLACEMENT_3D('',#15763,#12742,#12743);
#11673=AXIS2_PLACEMENT_3D('',#15765,#12745,#12746);
#11674=AXIS2_PLACEMENT_3D('',#15769,#12750,#12751);
#11675=AXIS2_PLACEMENT_3D('',#15773,#12754,#12755);
#11676=AXIS2_PLACEMENT_3D('',#15783,#12761,#12762);
#11677=AXIS2_PLACEMENT_3D('',#15792,#12767,#12768);
#11678=AXIS2_PLACEMENT_3D('',#15801,#12773,#12774);
#11679=AXIS2_PLACEMENT_3D('',#15810,#12779,#12780);
#11680=AXIS2_PLACEMENT_3D('',#15819,#12785,#12786);
#11681=AXIS2_PLACEMENT_3D('',#15820,#12787,#12788);
#11682=AXIS2_PLACEMENT_3D('',#15825,#12790,#12791);
#11683=AXIS2_PLACEMENT_3D('',#15828,#12793,#12794);
#11684=AXIS2_PLACEMENT_3D('',#15831,#12796,#12797);
#11685=AXIS2_PLACEMENT_3D('',#15839,#12802,#12803);
#11686=AXIS2_PLACEMENT_3D('',#15842,#12805,#12806);
#11687=AXIS2_PLACEMENT_3D('',#15845,#12808,#12809);
#11688=AXIS2_PLACEMENT_3D('',#15854,#12816,#12817);
#11689=AXIS2_PLACEMENT_3D('',#15855,#12818,#12819);
#11690=AXIS2_PLACEMENT_3D('',#15859,#12821,#12822);
#11691=AXIS2_PLACEMENT_3D('',#15860,#12823,#12824);
#11692=AXIS2_PLACEMENT_3D('',#15861,#12825,#12826);
#11693=AXIS2_PLACEMENT_3D('',#15870,#12831,#12832);
#11694=AXIS2_PLACEMENT_3D('',#15871,#12833,#12834);
#11695=AXIS2_PLACEMENT_3D('',#15876,#12837,#12838);
#11696=AXIS2_PLACEMENT_3D('',#15881,#12843,#12844);
#11697=AXIS2_PLACEMENT_3D('',#15887,#12848,#12849);
#11698=AXIS2_PLACEMENT_3D('',#15897,#12855,#12856);
#11699=AXIS2_PLACEMENT_3D('',#15898,#12857,#12858);
#11700=AXIS2_PLACEMENT_3D('',#15899,#12859,#12860);
#11701=AXIS2_PLACEMENT_3D('',#15901,#12862,#12863);
#11702=AXIS2_PLACEMENT_3D('',#15904,#12866,#12867);
#11703=AXIS2_PLACEMENT_3D('',#15910,#12871,#12872);
#11704=AXIS2_PLACEMENT_3D('',#15919,#12877,#12878);
#11705=AXIS2_PLACEMENT_3D('',#15925,#12882,#12883);
#11706=AXIS2_PLACEMENT_3D('',#15932,#12888,#12889);
#11707=AXIS2_PLACEMENT_3D('',#15936,#12892,#12893);
#11708=AXIS2_PLACEMENT_3D('',#15941,#12897,#12898);
#11709=AXIS2_PLACEMENT_3D('',#15942,#12899,#12900);
#11710=AXIS2_PLACEMENT_3D('',#15943,#12901,#12902);
#11711=AXIS2_PLACEMENT_3D('',#15945,#12904,#12905);
#11712=AXIS2_PLACEMENT_3D('',#15948,#12908,#12909);
#11713=AXIS2_PLACEMENT_3D('',#15954,#12913,#12914);
#11714=AXIS2_PLACEMENT_3D('',#15956,#12916,#12917);
#11715=AXIS2_PLACEMENT_3D('',#15957,#12918,#12919);
#11716=AXIS2_PLACEMENT_3D('',#15958,#12920,#12921);
#11717=AXIS2_PLACEMENT_3D('',#15960,#12923,#12924);
#11718=AXIS2_PLACEMENT_3D('',#15961,#12925,#12926);
#11719=AXIS2_PLACEMENT_3D('',#15962,#12927,#12928);
#11720=AXIS2_PLACEMENT_3D('',#15963,#12929,#12930);
#11721=AXIS2_PLACEMENT_3D('',#15965,#12932,#12933);
#11722=AXIS2_PLACEMENT_3D('',#15966,#12934,#12935);
#11723=AXIS2_PLACEMENT_3D('',#15968,#12937,#12938);
#11724=AXIS2_PLACEMENT_3D('',#15977,#12943,#12944);
#11725=AXIS2_PLACEMENT_3D('',#15983,#12948,#12949);
#11726=AXIS2_PLACEMENT_3D('',#15989,#12953,#12954);
#11727=AXIS2_PLACEMENT_3D('',#15998,#12959,#12960);
#11728=AXIS2_PLACEMENT_3D('',#16004,#12964,#12965);
#11729=AXIS2_PLACEMENT_3D('',#16010,#12969,#12970);
#11730=AXIS2_PLACEMENT_3D('',#16011,#12971,#12972);
#11731=AXIS2_PLACEMENT_3D('',#16016,#12974,#12975);
#11732=AXIS2_PLACEMENT_3D('',#16019,#12977,#12978);
#11733=AXIS2_PLACEMENT_3D('',#16025,#12982,#12983);
#11734=AXIS2_PLACEMENT_3D('',#16026,#12984,#12985);
#11735=AXIS2_PLACEMENT_3D('',#16030,#12987,#12988);
#11736=AXIS2_PLACEMENT_3D('',#16031,#12989,#12990);
#11737=AXIS2_PLACEMENT_3D('',#16032,#12991,#12992);
#11738=AXIS2_PLACEMENT_3D('',#16037,#12994,#12995);
#11739=AXIS2_PLACEMENT_3D('',#16040,#12997,#12998);
#11740=AXIS2_PLACEMENT_3D('',#16046,#13002,#13003);
#11741=AXIS2_PLACEMENT_3D('',#16047,#13004,#13005);
#11742=AXIS2_PLACEMENT_3D('',#16051,#13007,#13008);
#11743=AXIS2_PLACEMENT_3D('',#16052,#13009,#13010);
#11744=AXIS2_PLACEMENT_3D('',#16061,#13015,#13016);
#11745=AXIS2_PLACEMENT_3D('',#16067,#13020,#13021);
#11746=AXIS2_PLACEMENT_3D('',#16073,#13025,#13026);
#11747=AXIS2_PLACEMENT_3D('',#16082,#13031,#13032);
#11748=AXIS2_PLACEMENT_3D('',#16091,#13037,#13038);
#11749=AXIS2_PLACEMENT_3D('',#16097,#13042,#13043);
#11750=AXIS2_PLACEMENT_3D('',#16103,#13047,#13048);
#11751=AXIS2_PLACEMENT_3D('',#16114,#13054,#13055);
#11752=AXIS2_PLACEMENT_3D('',#16115,#13056,#13057);
#11753=AXIS2_PLACEMENT_3D('',#16117,#13058,#13059);
#11754=AXIS2_PLACEMENT_3D('',#16120,#13061,#13062);
#11755=AXIS2_PLACEMENT_3D('',#16129,#13067,#13068);
#11756=AXIS2_PLACEMENT_3D('',#16138,#13073,#13074);
#11757=AXIS2_PLACEMENT_3D('',#16144,#13078,#13079);
#11758=AXIS2_PLACEMENT_3D('',#16150,#13083,#13084);
#11759=AXIS2_PLACEMENT_3D('',#16156,#13088,#13089);
#11760=AXIS2_PLACEMENT_3D('',#16162,#13093,#13094);
#11761=AXIS2_PLACEMENT_3D('',#16170,#13099,#13100);
#11762=AXIS2_PLACEMENT_3D('',#16178,#13105,#13106);
#11763=AXIS2_PLACEMENT_3D('',#16179,#13107,#13108);
#11764=AXIS2_PLACEMENT_3D('',#16181,#13109,#13110);
#11765=AXIS2_PLACEMENT_3D('',#16184,#13112,#13113);
#11766=AXIS2_PLACEMENT_3D('',#16193,#13118,#13119);
#11767=AXIS2_PLACEMENT_3D('',#16204,#13125,#13126);
#11768=AXIS2_PLACEMENT_3D('',#16205,#13127,#13128);
#11769=AXIS2_PLACEMENT_3D('',#16207,#13129,#13130);
#11770=AXIS2_PLACEMENT_3D('',#16210,#13132,#13133);
#11771=AXIS2_PLACEMENT_3D('',#16219,#13138,#13139);
#11772=AXIS2_PLACEMENT_3D('',#16228,#13144,#13145);
#11773=AXIS2_PLACEMENT_3D('',#16239,#13151,#13152);
#11774=AXIS2_PLACEMENT_3D('',#16240,#13153,#13154);
#11775=AXIS2_PLACEMENT_3D('',#16242,#13155,#13156);
#11776=AXIS2_PLACEMENT_3D('',#16245,#13158,#13159);
#11777=AXIS2_PLACEMENT_3D('',#16254,#13164,#13165);
#11778=AXIS2_PLACEMENT_3D('',#16263,#13170,#13171);
#11779=AXIS2_PLACEMENT_3D('',#16272,#13176,#13177);
#11780=AXIS2_PLACEMENT_3D('',#16278,#13181,#13182);
#11781=AXIS2_PLACEMENT_3D('',#16284,#13186,#13187);
#11782=AXIS2_PLACEMENT_3D('',#16290,#13191,#13192);
#11783=AXIS2_PLACEMENT_3D('',#16299,#13197,#13198);
#11784=AXIS2_PLACEMENT_3D('',#16305,#13202,#13203);
#11785=AXIS2_PLACEMENT_3D('',#16314,#13208,#13209);
#11786=AXIS2_PLACEMENT_3D('',#16322,#13215,#13216);
#11787=AXIS2_PLACEMENT_3D('',#16328,#13220,#13221);
#11788=AXIS2_PLACEMENT_3D('',#16336,#13227,#13228);
#11789=AXIS2_PLACEMENT_3D('',#16342,#13232,#13233);
#11790=AXIS2_PLACEMENT_3D('',#16351,#13238,#13239);
#11791=AXIS2_PLACEMENT_3D('',#16363,#13249,#13250);
#11792=AXIS2_PLACEMENT_3D('',#16366,#13253,#13254);
#11793=AXIS2_PLACEMENT_3D('',#16373,#13259,#13260);
#11794=AXIS2_PLACEMENT_3D('',#16379,#13264,#13265);
#11795=AXIS2_PLACEMENT_3D('',#16380,#13266,#13267);
#11796=AXIS2_PLACEMENT_3D('',#16382,#13269,#13270);
#11797=AXIS2_PLACEMENT_3D('',#16388,#13274,#13275);
#11798=AXIS2_PLACEMENT_3D('',#16400,#13284,#13285);
#11799=AXIS2_PLACEMENT_3D('',#16406,#13289,#13290);
#11800=AXIS2_PLACEMENT_3D('',#16415,#13295,#13296);
#11801=AXIS2_PLACEMENT_3D('',#16424,#13301,#13302);
#11802=AXIS2_PLACEMENT_3D('',#16429,#13307,#13308);
#11803=AXIS2_PLACEMENT_3D('',#16431,#13310,#13311);
#11804=AXIS2_PLACEMENT_3D('',#16437,#13315,#13316);
#11805=AXIS2_PLACEMENT_3D('',#16443,#13320,#13321);
#11806=AXIS2_PLACEMENT_3D('',#16452,#13326,#13327);
#11807=AXIS2_PLACEMENT_3D('',#16458,#13331,#13332);
#11808=AXIS2_PLACEMENT_3D('',#16464,#13336,#13337);
#11809=AXIS2_PLACEMENT_3D('',#16473,#13342,#13343);
#11810=AXIS2_PLACEMENT_3D('',#16479,#13347,#13348);
#11811=AXIS2_PLACEMENT_3D('',#16485,#13352,#13353);
#11812=AXIS2_PLACEMENT_3D('',#16495,#13362,#13363);
#11813=AXIS2_PLACEMENT_3D('',#16501,#13367,#13368);
#11814=AXIS2_PLACEMENT_3D('',#16505,#13371,#13372);
#11815=AXIS2_PLACEMENT_3D('',#16510,#13377,#13378);
#11816=AXIS2_PLACEMENT_3D('',#16519,#13383,#13384);
#11817=AXIS2_PLACEMENT_3D('',#16528,#13389,#13390);
#11818=AXIS2_PLACEMENT_3D('',#16537,#13395,#13396);
#11819=AXIS2_PLACEMENT_3D('',#16538,#13397,#13398);
#11820=AXIS2_PLACEMENT_3D('',#16539,#13399,#13400);
#11821=AXIS2_PLACEMENT_3D('',#16542,#13403,#13404);
#11822=AXIS2_PLACEMENT_3D('',#16548,#13408,#13409);
#11823=AXIS2_PLACEMENT_3D('',#16552,#13412,#13413);
#11824=AXIS2_PLACEMENT_3D('',#16560,#13420,#13421);
#11825=AXIS2_PLACEMENT_3D('',#16562,#13423,#13424);
#11826=AXIS2_PLACEMENT_3D('',#16564,#13426,#13427);
#11827=AXIS2_PLACEMENT_3D('',#16565,#13428,#13429);
#11828=AXIS2_PLACEMENT_3D('',#16574,#13434,#13435);
#11829=AXIS2_PLACEMENT_3D('',#16578,#13437,#13438);
#11830=AXIS2_PLACEMENT_3D('',#16579,#13439,#13440);
#11831=AXIS2_PLACEMENT_3D('',#16580,#13441,#13442);
#11832=AXIS2_PLACEMENT_3D('',#16589,#13447,#13448);
#11833=AXIS2_PLACEMENT_3D('',#16598,#13453,#13454);
#11834=AXIS2_PLACEMENT_3D('',#16602,#13456,#13457);
#11835=AXIS2_PLACEMENT_3D('',#16606,#13459,#13460);
#11836=AXIS2_PLACEMENT_3D('',#16607,#13461,#13462);
#11837=AXIS2_PLACEMENT_3D('',#16613,#13466,#13467);
#11838=AXIS2_PLACEMENT_3D('',#16622,#13472,#13473);
#11839=AXIS2_PLACEMENT_3D('',#16626,#13475,#13476);
#11840=AXIS2_PLACEMENT_3D('',#16627,#13477,#13478);
#11841=AXIS2_PLACEMENT_3D('',#16628,#13479,#13480);
#11842=AXIS2_PLACEMENT_3D('',#16634,#13484,#13485);
#11843=AXIS2_PLACEMENT_3D('',#16640,#13489,#13490);
#11844=AXIS2_PLACEMENT_3D('',#16646,#13494,#13495);
#11845=AXIS2_PLACEMENT_3D('',#16652,#13499,#13500);
#11846=AXIS2_PLACEMENT_3D('',#16658,#13504,#13505);
#11847=AXIS2_PLACEMENT_3D('',#16662,#13507,#13508);
#11848=AXIS2_PLACEMENT_3D('',#16663,#13509,#13510);
#11849=AXIS2_PLACEMENT_3D('',#16664,#13511,#13512);
#11850=AXIS2_PLACEMENT_3D('',#16670,#13516,#13517);
#11851=AXIS2_PLACEMENT_3D('',#16674,#13519,#13520);
#11852=AXIS2_PLACEMENT_3D('',#16678,#13522,#13523);
#11853=AXIS2_PLACEMENT_3D('',#16679,#13524,#13525);
#11854=AXIS2_PLACEMENT_3D('',#16685,#13529,#13530);
#11855=AXIS2_PLACEMENT_3D('',#16691,#13534,#13535);
#11856=AXIS2_PLACEMENT_3D('',#16697,#13539,#13540);
#11857=AXIS2_PLACEMENT_3D('',#16703,#13544,#13545);
#11858=AXIS2_PLACEMENT_3D('',#16709,#13549,#13550);
#11859=AXIS2_PLACEMENT_3D('',#16713,#13552,#13553);
#11860=AXIS2_PLACEMENT_3D('',#16714,#13554,#13555);
#11861=AXIS2_PLACEMENT_3D('',#16715,#13556,#13557);
#11862=AXIS2_PLACEMENT_3D('',#16721,#13561,#13562);
#11863=AXIS2_PLACEMENT_3D('',#16722,#13563,#13564);
#11864=AXIS2_PLACEMENT_3D('',#16724,#13566,#13567);
#11865=AXIS2_PLACEMENT_3D('',#16725,#13568,#13569);
#11866=AXIS2_PLACEMENT_3D('',#16727,#13571,#13572);
#11867=AXIS2_PLACEMENT_3D('',#16729,#13574,#13575);
#11868=AXIS2_PLACEMENT_3D('',#16733,#13578,#13579);
#11869=AXIS2_PLACEMENT_3D('',#16737,#13582,#13583);
#11870=AXIS2_PLACEMENT_3D('',#16738,#13584,#13585);
#11871=AXIS2_PLACEMENT_3D('',#16740,#13587,#13588);
#11872=AXIS2_PLACEMENT_3D('',#16741,#13589,#13590);
#11873=AXIS2_PLACEMENT_3D('',#16743,#13592,#13593);
#11874=AXIS2_PLACEMENT_3D('',#16745,#13595,#13596);
#11875=AXIS2_PLACEMENT_3D('',#16747,#13598,#13599);
#11876=AXIS2_PLACEMENT_3D('',#16756,#13604,#13605);
#11877=AXIS2_PLACEMENT_3D('',#16760,#13607,#13608);
#11878=AXIS2_PLACEMENT_3D('',#16764,#13610,#13611);
#11879=AXIS2_PLACEMENT_3D('',#16765,#13612,#13613);
#11880=AXIS2_PLACEMENT_3D('',#16771,#13617,#13618);
#11881=AXIS2_PLACEMENT_3D('',#16780,#13623,#13624);
#11882=AXIS2_PLACEMENT_3D('',#16784,#13626,#13627);
#11883=AXIS2_PLACEMENT_3D('',#16785,#13628,#13629);
#11884=AXIS2_PLACEMENT_3D('',#16786,#13630,#13631);
#11885=AXIS2_PLACEMENT_3D('',#16795,#13636,#13637);
#11886=AXIS2_PLACEMENT_3D('',#16804,#13642,#13643);
#11887=AXIS2_PLACEMENT_3D('',#16808,#13645,#13646);
#11888=AXIS2_PLACEMENT_3D('',#16809,#13647,#13648);
#11889=AXIS2_PLACEMENT_3D('',#16810,#13649,#13650);
#11890=AXIS2_PLACEMENT_3D('',#16816,#13654,#13655);
#11891=AXIS2_PLACEMENT_3D('',#16822,#13659,#13660);
#11892=AXIS2_PLACEMENT_3D('',#16828,#13664,#13665);
#11893=AXIS2_PLACEMENT_3D('',#16834,#13669,#13670);
#11894=AXIS2_PLACEMENT_3D('',#16840,#13674,#13675);
#11895=AXIS2_PLACEMENT_3D('',#16844,#13677,#13678);
#11896=AXIS2_PLACEMENT_3D('',#16845,#13679,#13680);
#11897=AXIS2_PLACEMENT_3D('',#16846,#13681,#13682);
#11898=AXIS2_PLACEMENT_3D('',#16852,#13686,#13687);
#11899=AXIS2_PLACEMENT_3D('',#16856,#13689,#13690);
#11900=AXIS2_PLACEMENT_3D('',#16860,#13692,#13693);
#11901=AXIS2_PLACEMENT_3D('',#16861,#13694,#13695);
#11902=AXIS2_PLACEMENT_3D('',#16867,#13699,#13700);
#11903=AXIS2_PLACEMENT_3D('',#16873,#13704,#13705);
#11904=AXIS2_PLACEMENT_3D('',#16879,#13709,#13710);
#11905=AXIS2_PLACEMENT_3D('',#16885,#13714,#13715);
#11906=AXIS2_PLACEMENT_3D('',#16891,#13719,#13720);
#11907=AXIS2_PLACEMENT_3D('',#16895,#13722,#13723);
#11908=AXIS2_PLACEMENT_3D('',#16896,#13724,#13725);
#11909=AXIS2_PLACEMENT_3D('',#16897,#13726,#13727);
#11910=AXIS2_PLACEMENT_3D('',#16903,#13731,#13732);
#11911=AXIS2_PLACEMENT_3D('',#16904,#13733,#13734);
#11912=AXIS2_PLACEMENT_3D('',#16906,#13736,#13737);
#11913=AXIS2_PLACEMENT_3D('',#16907,#13738,#13739);
#11914=AXIS2_PLACEMENT_3D('',#16909,#13741,#13742);
#11915=AXIS2_PLACEMENT_3D('',#16911,#13744,#13745);
#11916=AXIS2_PLACEMENT_3D('',#16915,#13748,#13749);
#11917=AXIS2_PLACEMENT_3D('',#16919,#13752,#13753);
#11918=AXIS2_PLACEMENT_3D('',#16920,#13754,#13755);
#11919=AXIS2_PLACEMENT_3D('',#16922,#13757,#13758);
#11920=AXIS2_PLACEMENT_3D('',#16923,#13759,#13760);
#11921=AXIS2_PLACEMENT_3D('',#16925,#13762,#13763);
#11922=AXIS2_PLACEMENT_3D('',#16927,#13765,#13766);
#11923=AXIS2_PLACEMENT_3D('',#16929,#13768,#13769);
#11924=AXIS2_PLACEMENT_3D('',#16938,#13774,#13775);
#11925=AXIS2_PLACEMENT_3D('',#16942,#13777,#13778);
#11926=AXIS2_PLACEMENT_3D('',#16946,#13780,#13781);
#11927=AXIS2_PLACEMENT_3D('',#16947,#13782,#13783);
#11928=AXIS2_PLACEMENT_3D('',#16953,#13787,#13788);
#11929=AXIS2_PLACEMENT_3D('',#16962,#13793,#13794);
#11930=AXIS2_PLACEMENT_3D('',#16966,#13796,#13797);
#11931=AXIS2_PLACEMENT_3D('',#16967,#13798,#13799);
#11932=AXIS2_PLACEMENT_3D('',#16968,#13800,#13801);
#11933=AXIS2_PLACEMENT_3D('',#16977,#13806,#13807);
#11934=AXIS2_PLACEMENT_3D('',#16986,#13812,#13813);
#11935=AXIS2_PLACEMENT_3D('',#16990,#13815,#13816);
#11936=AXIS2_PLACEMENT_3D('',#16991,#13817,#13818);
#11937=AXIS2_PLACEMENT_3D('',#16992,#13819,#13820);
#11938=AXIS2_PLACEMENT_3D('',#16998,#13824,#13825);
#11939=AXIS2_PLACEMENT_3D('',#17004,#13829,#13830);
#11940=AXIS2_PLACEMENT_3D('',#17010,#13834,#13835);
#11941=AXIS2_PLACEMENT_3D('',#17016,#13839,#13840);
#11942=AXIS2_PLACEMENT_3D('',#17022,#13844,#13845);
#11943=AXIS2_PLACEMENT_3D('',#17026,#13847,#13848);
#11944=AXIS2_PLACEMENT_3D('',#17027,#13849,#13850);
#11945=AXIS2_PLACEMENT_3D('',#17028,#13851,#13852);
#11946=AXIS2_PLACEMENT_3D('',#17034,#13856,#13857);
#11947=AXIS2_PLACEMENT_3D('',#17038,#13859,#13860);
#11948=AXIS2_PLACEMENT_3D('',#17042,#13862,#13863);
#11949=AXIS2_PLACEMENT_3D('',#17043,#13864,#13865);
#11950=AXIS2_PLACEMENT_3D('',#17049,#13869,#13870);
#11951=AXIS2_PLACEMENT_3D('',#17055,#13874,#13875);
#11952=AXIS2_PLACEMENT_3D('',#17061,#13879,#13880);
#11953=AXIS2_PLACEMENT_3D('',#17067,#13884,#13885);
#11954=AXIS2_PLACEMENT_3D('',#17073,#13889,#13890);
#11955=AXIS2_PLACEMENT_3D('',#17077,#13892,#13893);
#11956=AXIS2_PLACEMENT_3D('',#17078,#13894,#13895);
#11957=AXIS2_PLACEMENT_3D('',#17079,#13896,#13897);
#11958=AXIS2_PLACEMENT_3D('',#17085,#13901,#13902);
#11959=AXIS2_PLACEMENT_3D('',#17086,#13903,#13904);
#11960=AXIS2_PLACEMENT_3D('',#17088,#13906,#13907);
#11961=AXIS2_PLACEMENT_3D('',#17089,#13908,#13909);
#11962=AXIS2_PLACEMENT_3D('',#17091,#13911,#13912);
#11963=AXIS2_PLACEMENT_3D('',#17093,#13914,#13915);
#11964=AXIS2_PLACEMENT_3D('',#17097,#13918,#13919);
#11965=AXIS2_PLACEMENT_3D('',#17101,#13922,#13923);
#11966=AXIS2_PLACEMENT_3D('',#17102,#13924,#13925);
#11967=AXIS2_PLACEMENT_3D('',#17104,#13927,#13928);
#11968=AXIS2_PLACEMENT_3D('',#17105,#13929,#13930);
#11969=AXIS2_PLACEMENT_3D('',#17107,#13932,#13933);
#11970=AXIS2_PLACEMENT_3D('',#17109,#13935,#13936);
#11971=AXIS2_PLACEMENT_3D('',#17111,#13938,#13939);
#11972=AXIS2_PLACEMENT_3D('',#17120,#13944,#13945);
#11973=AXIS2_PLACEMENT_3D('',#17124,#13947,#13948);
#11974=AXIS2_PLACEMENT_3D('',#17128,#13950,#13951);
#11975=AXIS2_PLACEMENT_3D('',#17129,#13952,#13953);
#11976=AXIS2_PLACEMENT_3D('',#17135,#13957,#13958);
#11977=AXIS2_PLACEMENT_3D('',#17144,#13963,#13964);
#11978=AXIS2_PLACEMENT_3D('',#17148,#13966,#13967);
#11979=AXIS2_PLACEMENT_3D('',#17149,#13968,#13969);
#11980=AXIS2_PLACEMENT_3D('',#17150,#13970,#13971);
#11981=AXIS2_PLACEMENT_3D('',#17159,#13976,#13977);
#11982=AXIS2_PLACEMENT_3D('',#17168,#13982,#13983);
#11983=AXIS2_PLACEMENT_3D('',#17172,#13985,#13986);
#11984=AXIS2_PLACEMENT_3D('',#17173,#13987,#13988);
#11985=AXIS2_PLACEMENT_3D('',#17174,#13989,#13990);
#11986=AXIS2_PLACEMENT_3D('',#17180,#13994,#13995);
#11987=AXIS2_PLACEMENT_3D('',#17186,#13999,#14000);
#11988=AXIS2_PLACEMENT_3D('',#17192,#14004,#14005);
#11989=AXIS2_PLACEMENT_3D('',#17198,#14009,#14010);
#11990=AXIS2_PLACEMENT_3D('',#17204,#14014,#14015);
#11991=AXIS2_PLACEMENT_3D('',#17208,#14017,#14018);
#11992=AXIS2_PLACEMENT_3D('',#17209,#14019,#14020);
#11993=AXIS2_PLACEMENT_3D('',#17210,#14021,#14022);
#11994=AXIS2_PLACEMENT_3D('',#17216,#14026,#14027);
#11995=AXIS2_PLACEMENT_3D('',#17220,#14029,#14030);
#11996=AXIS2_PLACEMENT_3D('',#17224,#14032,#14033);
#11997=AXIS2_PLACEMENT_3D('',#17225,#14034,#14035);
#11998=AXIS2_PLACEMENT_3D('',#17231,#14039,#14040);
#11999=AXIS2_PLACEMENT_3D('',#17237,#14044,#14045);
#12000=AXIS2_PLACEMENT_3D('',#17243,#14049,#14050);
#12001=AXIS2_PLACEMENT_3D('',#17249,#14054,#14055);
#12002=AXIS2_PLACEMENT_3D('',#17255,#14059,#14060);
#12003=AXIS2_PLACEMENT_3D('',#17259,#14062,#14063);
#12004=AXIS2_PLACEMENT_3D('',#17260,#14064,#14065);
#12005=AXIS2_PLACEMENT_3D('',#17261,#14066,#14067);
#12006=AXIS2_PLACEMENT_3D('',#17267,#14071,#14072);
#12007=AXIS2_PLACEMENT_3D('',#17268,#14073,#14074);
#12008=AXIS2_PLACEMENT_3D('',#17270,#14076,#14077);
#12009=AXIS2_PLACEMENT_3D('',#17271,#14078,#14079);
#12010=AXIS2_PLACEMENT_3D('',#17273,#14081,#14082);
#12011=AXIS2_PLACEMENT_3D('',#17275,#14084,#14085);
#12012=AXIS2_PLACEMENT_3D('',#17279,#14088,#14089);
#12013=AXIS2_PLACEMENT_3D('',#17283,#14092,#14093);
#12014=AXIS2_PLACEMENT_3D('',#17284,#14094,#14095);
#12015=AXIS2_PLACEMENT_3D('',#17286,#14097,#14098);
#12016=AXIS2_PLACEMENT_3D('',#17287,#14099,#14100);
#12017=AXIS2_PLACEMENT_3D('',#17289,#14102,#14103);
#12018=AXIS2_PLACEMENT_3D('',#17291,#14105,#14106);
#12019=AXIS2_PLACEMENT_3D('',#17293,#14108,#14109);
#12020=AXIS2_PLACEMENT_3D('',#17302,#14114,#14115);
#12021=AXIS2_PLACEMENT_3D('',#17306,#14117,#14118);
#12022=AXIS2_PLACEMENT_3D('',#17310,#14120,#14121);
#12023=AXIS2_PLACEMENT_3D('',#17311,#14122,#14123);
#12024=AXIS2_PLACEMENT_3D('',#17317,#14127,#14128);
#12025=AXIS2_PLACEMENT_3D('',#17326,#14133,#14134);
#12026=AXIS2_PLACEMENT_3D('',#17330,#14136,#14137);
#12027=AXIS2_PLACEMENT_3D('',#17331,#14138,#14139);
#12028=AXIS2_PLACEMENT_3D('',#17332,#14140,#14141);
#12029=AXIS2_PLACEMENT_3D('',#17341,#14146,#14147);
#12030=AXIS2_PLACEMENT_3D('',#17350,#14152,#14153);
#12031=AXIS2_PLACEMENT_3D('',#17354,#14155,#14156);
#12032=AXIS2_PLACEMENT_3D('',#17355,#14157,#14158);
#12033=AXIS2_PLACEMENT_3D('',#17356,#14159,#14160);
#12034=AXIS2_PLACEMENT_3D('',#17362,#14164,#14165);
#12035=AXIS2_PLACEMENT_3D('',#17368,#14169,#14170);
#12036=AXIS2_PLACEMENT_3D('',#17374,#14174,#14175);
#12037=AXIS2_PLACEMENT_3D('',#17380,#14179,#14180);
#12038=AXIS2_PLACEMENT_3D('',#17386,#14184,#14185);
#12039=AXIS2_PLACEMENT_3D('',#17390,#14187,#14188);
#12040=AXIS2_PLACEMENT_3D('',#17391,#14189,#14190);
#12041=AXIS2_PLACEMENT_3D('',#17392,#14191,#14192);
#12042=AXIS2_PLACEMENT_3D('',#17398,#14196,#14197);
#12043=AXIS2_PLACEMENT_3D('',#17402,#14199,#14200);
#12044=AXIS2_PLACEMENT_3D('',#17406,#14202,#14203);
#12045=AXIS2_PLACEMENT_3D('',#17407,#14204,#14205);
#12046=AXIS2_PLACEMENT_3D('',#17413,#14209,#14210);
#12047=AXIS2_PLACEMENT_3D('',#17419,#14214,#14215);
#12048=AXIS2_PLACEMENT_3D('',#17425,#14219,#14220);
#12049=AXIS2_PLACEMENT_3D('',#17431,#14224,#14225);
#12050=AXIS2_PLACEMENT_3D('',#17437,#14229,#14230);
#12051=AXIS2_PLACEMENT_3D('',#17441,#14232,#14233);
#12052=AXIS2_PLACEMENT_3D('',#17442,#14234,#14235);
#12053=AXIS2_PLACEMENT_3D('',#17443,#14236,#14237);
#12054=AXIS2_PLACEMENT_3D('',#17449,#14241,#14242);
#12055=AXIS2_PLACEMENT_3D('',#17450,#14243,#14244);
#12056=AXIS2_PLACEMENT_3D('',#17452,#14246,#14247);
#12057=AXIS2_PLACEMENT_3D('',#17453,#14248,#14249);
#12058=AXIS2_PLACEMENT_3D('',#17455,#14251,#14252);
#12059=AXIS2_PLACEMENT_3D('',#17457,#14254,#14255);
#12060=AXIS2_PLACEMENT_3D('',#17461,#14258,#14259);
#12061=AXIS2_PLACEMENT_3D('',#17465,#14262,#14263);
#12062=AXIS2_PLACEMENT_3D('',#17466,#14264,#14265);
#12063=AXIS2_PLACEMENT_3D('',#17468,#14267,#14268);
#12064=AXIS2_PLACEMENT_3D('',#17469,#14269,#14270);
#12065=AXIS2_PLACEMENT_3D('',#17471,#14272,#14273);
#12066=AXIS2_PLACEMENT_3D('',#17473,#14275,#14276);
#12067=AXIS2_PLACEMENT_3D('',#17475,#14278,#14279);
#12068=AXIS2_PLACEMENT_3D('',#17484,#14284,#14285);
#12069=AXIS2_PLACEMENT_3D('',#17488,#14287,#14288);
#12070=AXIS2_PLACEMENT_3D('',#17492,#14290,#14291);
#12071=AXIS2_PLACEMENT_3D('',#17493,#14292,#14293);
#12072=AXIS2_PLACEMENT_3D('',#17499,#14297,#14298);
#12073=AXIS2_PLACEMENT_3D('',#17508,#14303,#14304);
#12074=AXIS2_PLACEMENT_3D('',#17512,#14306,#14307);
#12075=AXIS2_PLACEMENT_3D('',#17513,#14308,#14309);
#12076=AXIS2_PLACEMENT_3D('',#17514,#14310,#14311);
#12077=AXIS2_PLACEMENT_3D('',#17523,#14316,#14317);
#12078=AXIS2_PLACEMENT_3D('',#17532,#14322,#14323);
#12079=AXIS2_PLACEMENT_3D('',#17536,#14325,#14326);
#12080=AXIS2_PLACEMENT_3D('',#17537,#14327,#14328);
#12081=AXIS2_PLACEMENT_3D('',#17538,#14329,#14330);
#12082=AXIS2_PLACEMENT_3D('',#17544,#14334,#14335);
#12083=AXIS2_PLACEMENT_3D('',#17550,#14339,#14340);
#12084=AXIS2_PLACEMENT_3D('',#17556,#14344,#14345);
#12085=AXIS2_PLACEMENT_3D('',#17562,#14349,#14350);
#12086=AXIS2_PLACEMENT_3D('',#17568,#14354,#14355);
#12087=AXIS2_PLACEMENT_3D('',#17572,#14357,#14358);
#12088=AXIS2_PLACEMENT_3D('',#17573,#14359,#14360);
#12089=AXIS2_PLACEMENT_3D('',#17574,#14361,#14362);
#12090=AXIS2_PLACEMENT_3D('',#17580,#14366,#14367);
#12091=AXIS2_PLACEMENT_3D('',#17584,#14369,#14370);
#12092=AXIS2_PLACEMENT_3D('',#17588,#14372,#14373);
#12093=AXIS2_PLACEMENT_3D('',#17589,#14374,#14375);
#12094=AXIS2_PLACEMENT_3D('',#17595,#14379,#14380);
#12095=AXIS2_PLACEMENT_3D('',#17601,#14384,#14385);
#12096=AXIS2_PLACEMENT_3D('',#17607,#14389,#14390);
#12097=AXIS2_PLACEMENT_3D('',#17613,#14394,#14395);
#12098=AXIS2_PLACEMENT_3D('',#17619,#14399,#14400);
#12099=AXIS2_PLACEMENT_3D('',#17623,#14402,#14403);
#12100=AXIS2_PLACEMENT_3D('',#17624,#14404,#14405);
#12101=AXIS2_PLACEMENT_3D('',#17625,#14406,#14407);
#12102=AXIS2_PLACEMENT_3D('',#17631,#14411,#14412);
#12103=AXIS2_PLACEMENT_3D('',#17632,#14413,#14414);
#12104=AXIS2_PLACEMENT_3D('',#17634,#14416,#14417);
#12105=AXIS2_PLACEMENT_3D('',#17635,#14418,#14419);
#12106=AXIS2_PLACEMENT_3D('',#17637,#14421,#14422);
#12107=AXIS2_PLACEMENT_3D('',#17639,#14424,#14425);
#12108=AXIS2_PLACEMENT_3D('',#17643,#14428,#14429);
#12109=AXIS2_PLACEMENT_3D('',#17647,#14432,#14433);
#12110=AXIS2_PLACEMENT_3D('',#17648,#14434,#14435);
#12111=AXIS2_PLACEMENT_3D('',#17650,#14437,#14438);
#12112=AXIS2_PLACEMENT_3D('',#17651,#14439,#14440);
#12113=AXIS2_PLACEMENT_3D('',#17653,#14442,#14443);
#12114=AXIS2_PLACEMENT_3D('',#17655,#14445,#14446);
#12115=AXIS2_PLACEMENT_3D('',#17657,#14448,#14449);
#12116=AXIS2_PLACEMENT_3D('',#17666,#14454,#14455);
#12117=AXIS2_PLACEMENT_3D('',#17670,#14457,#14458);
#12118=AXIS2_PLACEMENT_3D('',#17674,#14460,#14461);
#12119=AXIS2_PLACEMENT_3D('',#17675,#14462,#14463);
#12120=AXIS2_PLACEMENT_3D('',#17681,#14467,#14468);
#12121=AXIS2_PLACEMENT_3D('',#17690,#14473,#14474);
#12122=AXIS2_PLACEMENT_3D('',#17694,#14476,#14477);
#12123=AXIS2_PLACEMENT_3D('',#17695,#14478,#14479);
#12124=AXIS2_PLACEMENT_3D('',#17696,#14480,#14481);
#12125=AXIS2_PLACEMENT_3D('',#17705,#14486,#14487);
#12126=AXIS2_PLACEMENT_3D('',#17714,#14492,#14493);
#12127=AXIS2_PLACEMENT_3D('',#17718,#14495,#14496);
#12128=AXIS2_PLACEMENT_3D('',#17719,#14497,#14498);
#12129=AXIS2_PLACEMENT_3D('',#17720,#14499,#14500);
#12130=AXIS2_PLACEMENT_3D('',#17726,#14504,#14505);
#12131=AXIS2_PLACEMENT_3D('',#17732,#14509,#14510);
#12132=AXIS2_PLACEMENT_3D('',#17738,#14514,#14515);
#12133=AXIS2_PLACEMENT_3D('',#17744,#14519,#14520);
#12134=AXIS2_PLACEMENT_3D('',#17750,#14524,#14525);
#12135=AXIS2_PLACEMENT_3D('',#17754,#14527,#14528);
#12136=AXIS2_PLACEMENT_3D('',#17755,#14529,#14530);
#12137=AXIS2_PLACEMENT_3D('',#17756,#14531,#14532);
#12138=AXIS2_PLACEMENT_3D('',#17762,#14536,#14537);
#12139=AXIS2_PLACEMENT_3D('',#17766,#14539,#14540);
#12140=AXIS2_PLACEMENT_3D('',#17770,#14542,#14543);
#12141=AXIS2_PLACEMENT_3D('',#17771,#14544,#14545);
#12142=AXIS2_PLACEMENT_3D('',#17777,#14549,#14550);
#12143=AXIS2_PLACEMENT_3D('',#17783,#14554,#14555);
#12144=AXIS2_PLACEMENT_3D('',#17789,#14559,#14560);
#12145=AXIS2_PLACEMENT_3D('',#17795,#14564,#14565);
#12146=AXIS2_PLACEMENT_3D('',#17801,#14569,#14570);
#12147=AXIS2_PLACEMENT_3D('',#17805,#14572,#14573);
#12148=AXIS2_PLACEMENT_3D('',#17806,#14574,#14575);
#12149=AXIS2_PLACEMENT_3D('',#17807,#14576,#14577);
#12150=AXIS2_PLACEMENT_3D('',#17813,#14581,#14582);
#12151=AXIS2_PLACEMENT_3D('',#17814,#14583,#14584);
#12152=AXIS2_PLACEMENT_3D('',#17816,#14586,#14587);
#12153=AXIS2_PLACEMENT_3D('',#17817,#14588,#14589);
#12154=AXIS2_PLACEMENT_3D('',#17819,#14591,#14592);
#12155=AXIS2_PLACEMENT_3D('',#17821,#14594,#14595);
#12156=AXIS2_PLACEMENT_3D('',#17825,#14598,#14599);
#12157=AXIS2_PLACEMENT_3D('',#17829,#14602,#14603);
#12158=AXIS2_PLACEMENT_3D('',#17830,#14604,#14605);
#12159=AXIS2_PLACEMENT_3D('',#17832,#14607,#14608);
#12160=AXIS2_PLACEMENT_3D('',#17833,#14609,#14610);
#12161=AXIS2_PLACEMENT_3D('',#17835,#14612,#14613);
#12162=AXIS2_PLACEMENT_3D('',#17837,#14615,#14616);
#12163=AXIS2_PLACEMENT_3D('',#17839,#14618,#14619);
#12164=AXIS2_PLACEMENT_3D('',#17848,#14624,#14625);
#12165=AXIS2_PLACEMENT_3D('',#17852,#14627,#14628);
#12166=AXIS2_PLACEMENT_3D('',#17856,#14630,#14631);
#12167=AXIS2_PLACEMENT_3D('',#17857,#14632,#14633);
#12168=AXIS2_PLACEMENT_3D('',#17863,#14637,#14638);
#12169=AXIS2_PLACEMENT_3D('',#17872,#14643,#14644);
#12170=AXIS2_PLACEMENT_3D('',#17876,#14646,#14647);
#12171=AXIS2_PLACEMENT_3D('',#17877,#14648,#14649);
#12172=AXIS2_PLACEMENT_3D('',#17878,#14650,#14651);
#12173=AXIS2_PLACEMENT_3D('',#17887,#14656,#14657);
#12174=AXIS2_PLACEMENT_3D('',#17896,#14662,#14663);
#12175=AXIS2_PLACEMENT_3D('',#17900,#14665,#14666);
#12176=AXIS2_PLACEMENT_3D('',#17901,#14667,#14668);
#12177=AXIS2_PLACEMENT_3D('',#17902,#14669,#14670);
#12178=AXIS2_PLACEMENT_3D('',#17908,#14674,#14675);
#12179=AXIS2_PLACEMENT_3D('',#17914,#14679,#14680);
#12180=AXIS2_PLACEMENT_3D('',#17920,#14684,#14685);
#12181=AXIS2_PLACEMENT_3D('',#17926,#14689,#14690);
#12182=AXIS2_PLACEMENT_3D('',#17932,#14694,#14695);
#12183=AXIS2_PLACEMENT_3D('',#17936,#14697,#14698);
#12184=AXIS2_PLACEMENT_3D('',#17937,#14699,#14700);
#12185=AXIS2_PLACEMENT_3D('',#17938,#14701,#14702);
#12186=AXIS2_PLACEMENT_3D('',#17944,#14706,#14707);
#12187=AXIS2_PLACEMENT_3D('',#17948,#14709,#14710);
#12188=AXIS2_PLACEMENT_3D('',#17952,#14712,#14713);
#12189=AXIS2_PLACEMENT_3D('',#17953,#14714,#14715);
#12190=AXIS2_PLACEMENT_3D('',#17959,#14719,#14720);
#12191=AXIS2_PLACEMENT_3D('',#17965,#14724,#14725);
#12192=AXIS2_PLACEMENT_3D('',#17971,#14729,#14730);
#12193=AXIS2_PLACEMENT_3D('',#17977,#14734,#14735);
#12194=AXIS2_PLACEMENT_3D('',#17983,#14739,#14740);
#12195=AXIS2_PLACEMENT_3D('',#17987,#14742,#14743);
#12196=AXIS2_PLACEMENT_3D('',#17988,#14744,#14745);
#12197=AXIS2_PLACEMENT_3D('',#17989,#14746,#14747);
#12198=AXIS2_PLACEMENT_3D('',#17995,#14751,#14752);
#12199=AXIS2_PLACEMENT_3D('',#17996,#14753,#14754);
#12200=AXIS2_PLACEMENT_3D('',#17998,#14756,#14757);
#12201=AXIS2_PLACEMENT_3D('',#17999,#14758,#14759);
#12202=AXIS2_PLACEMENT_3D('',#18001,#14761,#14762);
#12203=AXIS2_PLACEMENT_3D('',#18003,#14764,#14765);
#12204=AXIS2_PLACEMENT_3D('',#18007,#14768,#14769);
#12205=AXIS2_PLACEMENT_3D('',#18011,#14772,#14773);
#12206=AXIS2_PLACEMENT_3D('',#18012,#14774,#14775);
#12207=AXIS2_PLACEMENT_3D('',#18014,#14777,#14778);
#12208=AXIS2_PLACEMENT_3D('',#18015,#14779,#14780);
#12209=AXIS2_PLACEMENT_3D('',#18017,#14782,#14783);
#12210=AXIS2_PLACEMENT_3D('',#18019,#14785,#14786);
#12211=AXIS2_PLACEMENT_3D('',#18021,#14788,#14789);
#12212=AXIS2_PLACEMENT_3D('',#18030,#14794,#14795);
#12213=AXIS2_PLACEMENT_3D('',#18034,#14797,#14798);
#12214=AXIS2_PLACEMENT_3D('',#18038,#14800,#14801);
#12215=AXIS2_PLACEMENT_3D('',#18039,#14802,#14803);
#12216=AXIS2_PLACEMENT_3D('',#18045,#14807,#14808);
#12217=AXIS2_PLACEMENT_3D('',#18054,#14813,#14814);
#12218=AXIS2_PLACEMENT_3D('',#18058,#14816,#14817);
#12219=AXIS2_PLACEMENT_3D('',#18059,#14818,#14819);
#12220=AXIS2_PLACEMENT_3D('',#18060,#14820,#14821);
#12221=AXIS2_PLACEMENT_3D('',#18069,#14826,#14827);
#12222=AXIS2_PLACEMENT_3D('',#18078,#14832,#14833);
#12223=AXIS2_PLACEMENT_3D('',#18082,#14835,#14836);
#12224=AXIS2_PLACEMENT_3D('',#18083,#14837,#14838);
#12225=AXIS2_PLACEMENT_3D('',#18084,#14839,#14840);
#12226=AXIS2_PLACEMENT_3D('',#18090,#14844,#14845);
#12227=AXIS2_PLACEMENT_3D('',#18096,#14849,#14850);
#12228=AXIS2_PLACEMENT_3D('',#18102,#14854,#14855);
#12229=AXIS2_PLACEMENT_3D('',#18108,#14859,#14860);
#12230=AXIS2_PLACEMENT_3D('',#18114,#14864,#14865);
#12231=AXIS2_PLACEMENT_3D('',#18118,#14867,#14868);
#12232=AXIS2_PLACEMENT_3D('',#18119,#14869,#14870);
#12233=AXIS2_PLACEMENT_3D('',#18120,#14871,#14872);
#12234=AXIS2_PLACEMENT_3D('',#18126,#14876,#14877);
#12235=AXIS2_PLACEMENT_3D('',#18127,#14878,#14879);
#12236=AXIS2_PLACEMENT_3D('',#18129,#14881,#14882);
#12237=AXIS2_PLACEMENT_3D('',#18130,#14883,#14884);
#12238=AXIS2_PLACEMENT_3D('',#18132,#14886,#14887);
#12239=AXIS2_PLACEMENT_3D('',#18134,#14889,#14890);
#12240=AXIS2_PLACEMENT_3D('',#18138,#14892,#14893);
#12241=AXIS2_PLACEMENT_3D('',#18150,#14899,#14900);
#12242=AXIS2_PLACEMENT_3D('',#18155,#14903,#14904);
#12243=AXIS2_PLACEMENT_3D('',#18161,#14908,#14909);
#12244=AXIS2_PLACEMENT_3D('',#18164,#14911,#14912);
#12245=AXIS2_PLACEMENT_3D('',#18165,#14913,#14914);
#12246=AXIS2_PLACEMENT_3D('',#18169,#14917,#14918);
#12247=AXIS2_PLACEMENT_3D('',#18173,#14921,#14922);
#12248=AXIS2_PLACEMENT_3D('',#18177,#14925,#14926);
#12249=AXIS2_PLACEMENT_3D('',#18181,#14929,#14930);
#12250=AXIS2_PLACEMENT_3D('',#18185,#14933,#14934);
#12251=AXIS2_PLACEMENT_3D('',#18188,#14936,#14937);
#12252=AXIS2_PLACEMENT_3D('',#18189,#14938,#14939);
#12253=AXIS2_PLACEMENT_3D('',#18193,#14942,#14943);
#12254=AXIS2_PLACEMENT_3D('',#18202,#14948,#14949);
#12255=AXIS2_PLACEMENT_3D('',#18206,#14951,#14952);
#12256=AXIS2_PLACEMENT_3D('',#18207,#14953,#14954);
#12257=AXIS2_PLACEMENT_3D('',#18208,#14955,#14956);
#12258=AXIS2_PLACEMENT_3D('',#18214,#14960,#14961);
#12259=AXIS2_PLACEMENT_3D('',#18220,#14965,#14966);
#12260=AXIS2_PLACEMENT_3D('',#18226,#14970,#14971);
#12261=AXIS2_PLACEMENT_3D('',#18232,#14975,#14976);
#12262=AXIS2_PLACEMENT_3D('',#18238,#14980,#14981);
#12263=AXIS2_PLACEMENT_3D('',#18242,#14983,#14984);
#12264=AXIS2_PLACEMENT_3D('',#18243,#14985,#14986);
#12265=AXIS2_PLACEMENT_3D('',#18244,#14987,#14988);
#12266=AXIS2_PLACEMENT_3D('',#18250,#14992,#14993);
#12267=AXIS2_PLACEMENT_3D('',#18259,#14998,#14999);
#12268=AXIS2_PLACEMENT_3D('',#18263,#15001,#15002);
#12269=AXIS2_PLACEMENT_3D('',#18264,#15003,#15004);
#12270=AXIS2_PLACEMENT_3D('',#18265,#15005,#15006);
#12271=AXIS2_PLACEMENT_3D('',#18271,#15010,#15011);
#12272=AXIS2_PLACEMENT_3D('',#18277,#15015,#15016);
#12273=AXIS2_PLACEMENT_3D('',#18283,#15020,#15021);
#12274=AXIS2_PLACEMENT_3D('',#18289,#15025,#15026);
#12275=AXIS2_PLACEMENT_3D('',#18295,#15030,#15031);
#12276=AXIS2_PLACEMENT_3D('',#18299,#15033,#15034);
#12277=AXIS2_PLACEMENT_3D('',#18300,#15035,#15036);
#12278=AXIS2_PLACEMENT_3D('',#18301,#15037,#15038);
#12279=AXIS2_PLACEMENT_3D('',#18307,#15042,#15043);
#12280=AXIS2_PLACEMENT_3D('',#18316,#15048,#15049);
#12281=AXIS2_PLACEMENT_3D('',#18322,#15053,#15054);
#12282=AXIS2_PLACEMENT_3D('',#18328,#15058,#15059);
#12283=AXIS2_PLACEMENT_3D('',#18334,#15063,#15064);
#12284=AXIS2_PLACEMENT_3D('',#18340,#15068,#15069);
#12285=AXIS2_PLACEMENT_3D('',#18346,#15073,#15074);
#12286=AXIS2_PLACEMENT_3D('',#18352,#15078,#15079);
#12287=AXIS2_PLACEMENT_3D('',#18358,#15083,#15084);
#12288=AXIS2_PLACEMENT_3D('',#18364,#15088,#15089);
#12289=AXIS2_PLACEMENT_3D('',#18370,#15093,#15094);
#12290=AXIS2_PLACEMENT_3D('',#18376,#15098,#15099);
#12291=AXIS2_PLACEMENT_3D('',#18379,#15102,#15103);
#12292=AXIS2_PLACEMENT_3D('',#18386,#15110,#15111);
#12293=AXIS2_PLACEMENT_3D('',#18387,#15112,#15113);
#12294=AXIS2_PLACEMENT_3D('',#18389,#15115,#15116);
#12295=AXIS2_PLACEMENT_3D('',#18390,#15117,#15118);
#12296=AXIS2_PLACEMENT_3D('',#18392,#15120,#15121);
#12297=AXIS2_PLACEMENT_3D('',#18393,#15122,#15123);
#12298=AXIS2_PLACEMENT_3D('',#18394,#15124,#15125);
#12299=AXIS2_PLACEMENT_3D('',#18403,#15130,#15131);
#12300=AXIS2_PLACEMENT_3D('',#18407,#15133,#15134);
#12301=AXIS2_PLACEMENT_3D('',#18411,#15136,#15137);
#12302=AXIS2_PLACEMENT_3D('',#18412,#15138,#15139);
#12303=AXIS2_PLACEMENT_3D('',#18418,#15143,#15144);
#12304=AXIS2_PLACEMENT_3D('',#18423,#15149,#15150);
#12305=AXIS2_PLACEMENT_3D('',#18427,#15152,#15153);
#12306=AXIS2_PLACEMENT_3D('',#18431,#15155,#15156);
#12307=AXIS2_PLACEMENT_3D('',#18432,#15157,#15158);
#12308=AXIS2_PLACEMENT_3D('',#18441,#15163,#15164);
#12309=AXIS2_PLACEMENT_3D('',#18442,#15165,#15166);
#12310=AXIS2_PLACEMENT_3D('',#18443,#15167,#15168);
#12311=AXIS2_PLACEMENT_3D('',#18444,#15169,#15170);
#12312=AXIS2_PLACEMENT_3D('',#18445,#15171,#15172);
#12313=AXIS2_PLACEMENT_3D('',#18448,#15174,#15175);
#12314=AXIS2_PLACEMENT_3D('',#18450,#15177,#15178);
#12315=AXIS2_PLACEMENT_3D('',#18454,#15181,#15182);
#12316=AXIS2_PLACEMENT_3D('',#18455,#15183,#15184);
#12317=AXIS2_PLACEMENT_3D('',#18456,#15185,#15186);
#12318=AXIS2_PLACEMENT_3D('',#18457,#15187,#15188);
#12319=AXIS2_PLACEMENT_3D('',#18458,#15189,#15190);
#12320=AXIS2_PLACEMENT_3D('',#18459,#15191,#15192);
#12321=AXIS2_PLACEMENT_3D('',#18461,#15194,#15195);
#12322=AXIS2_PLACEMENT_3D('',#18464,#15198,#15199);
#12323=AXIS2_PLACEMENT_3D('',#18472,#15205,#15206);
#12324=AXIS2_PLACEMENT_3D('',#18479,#15212,#15213);
#12325=AXIS2_PLACEMENT_3D('',#18483,#15216,#15217);
#12326=AXIS2_PLACEMENT_3D('',#18485,#15219,#15220);
#12327=AXIS2_PLACEMENT_3D('',#18487,#15222,#15223);
#12328=AXIS2_PLACEMENT_3D('',#18501,#15231,#15232);
#12329=AXIS2_PLACEMENT_3D('',#18507,#15236,#15237);
#12330=AXIS2_PLACEMENT_3D('',#18511,#15240,#15241);
#12331=AXIS2_PLACEMENT_3D('',#18515,#15244,#15245);
#12332=AXIS2_PLACEMENT_3D('',#18521,#15249,#15250);
#12333=AXIS2_PLACEMENT_3D('',#18524,#15253,#15254);
#12334=AXIS2_PLACEMENT_3D('',#18528,#15257,#15258);
#12335=AXIS2_PLACEMENT_3D('',#18532,#15261,#15262);
#12336=AXIS2_PLACEMENT_3D('',#18534,#15264,#15265);
#12337=AXIS2_PLACEMENT_3D('',#18536,#15267,#15268);
#12338=AXIS2_PLACEMENT_3D('',#18537,#15269,#15270);
#12339=AXIS2_PLACEMENT_3D('',#18541,#15273,#15274);
#12340=AXIS2_PLACEMENT_3D('',#18543,#15276,#15277);
#12341=AXIS2_PLACEMENT_3D('',#18544,#15278,#15279);
#12342=AXIS2_PLACEMENT_3D('',#18550,#15283,#15284);
#12343=AXIS2_PLACEMENT_3D('',#18555,#15288,#15289);
#12344=AXIS2_PLACEMENT_3D('',#18559,#15292,#15293);
#12345=AXIS2_PLACEMENT_3D('',#18561,#15295,#15296);
#12346=AXIS2_PLACEMENT_3D('',#18563,#15298,#15299);
#12347=AXIS2_PLACEMENT_3D('',#18565,#15301,#15302);
#12348=AXIS2_PLACEMENT_3D('',#18566,#15303,#15304);
#12349=AXIS2_PLACEMENT_3D('',#18567,#15305,#15306);
#12350=AXIS2_PLACEMENT_3D('',#18571,#15309,#15310);
#12351=AXIS2_PLACEMENT_3D('',#18573,#15312,#15313);
#12352=AXIS2_PLACEMENT_3D('',#18574,#15314,#15315);
#12353=AXIS2_PLACEMENT_3D('',#18575,#15316,#15317);
#12354=AXIS2_PLACEMENT_3D('',#18576,#15318,#15319);
#12355=AXIS2_PLACEMENT_3D('',#18577,#15320,#15321);
#12356=AXIS2_PLACEMENT_3D('',#18578,#15322,#15323);
#12357=AXIS2_PLACEMENT_3D('',#18579,#15324,#15325);
#12358=AXIS2_PLACEMENT_3D('',#18580,#15326,#15327);
#12359=AXIS2_PLACEMENT_3D('',#18581,#15328,#15329);
#12360=AXIS2_PLACEMENT_3D('',#18582,#15330,#15331);
#12361=AXIS2_PLACEMENT_3D('',#18583,#15332,#15333);
#12362=AXIS2_PLACEMENT_3D('',#18584,#15334,#15335);
#12363=AXIS2_PLACEMENT_3D('',#18585,#15336,#15337);
#12364=AXIS2_PLACEMENT_3D('',#18586,#15338,#15339);
#12365=AXIS2_PLACEMENT_3D('',#18587,#15340,#15341);
#12366=AXIS2_PLACEMENT_3D('',#18588,#15342,#15343);
#12367=AXIS2_PLACEMENT_3D('',#18589,#15344,#15345);
#12368=AXIS2_PLACEMENT_3D('',#18590,#15346,#15347);
#12369=AXIS2_PLACEMENT_3D('',#18591,#15348,#15349);
#12370=AXIS2_PLACEMENT_3D('',#18592,#15350,#15351);
#12371=AXIS2_PLACEMENT_3D('',#18593,#15352,#15353);
#12372=AXIS2_PLACEMENT_3D('',#18594,#15354,#15355);
#12373=AXIS2_PLACEMENT_3D('',#18595,#15356,#15357);
#12374=AXIS2_PLACEMENT_3D('',#18597,#15359,#15360);
#12375=AXIS2_PLACEMENT_3D('',#18598,#15361,#15362);
#12376=AXIS2_PLACEMENT_3D('',#18600,#15364,#15365);
#12377=AXIS2_PLACEMENT_3D('',#18601,#15366,#15367);
#12378=AXIS2_PLACEMENT_3D('',#18602,#15368,#15369);
#12379=DIRECTION('',(0.,0.,1.));
#12380=DIRECTION('',(1.,0.,0.));
#12381=DIRECTION('',(0.,0.,-1.));
#12382=DIRECTION('',(1.,0.,0.));
#12383=DIRECTION('',(0.,0.,1.));
#12384=DIRECTION('',(-1.,0.,0.));
#12385=DIRECTION('',(1.,0.,0.));
#12386=DIRECTION('',(0.,0.,1.));
#12387=DIRECTION('',(-1.,0.,0.));
#12388=DIRECTION('',(0.,0.,-1.));
#12389=DIRECTION('',(0.,0.,-1.));
#12390=DIRECTION('',(1.,0.,0.));
#12391=DIRECTION('',(0.,0.,1.));
#12392=DIRECTION('',(-1.,0.,0.));
#12393=DIRECTION('',(1.,0.,0.));
#12394=DIRECTION('',(0.,0.,1.));
#12395=DIRECTION('',(-1.,0.,0.));
#12396=DIRECTION('',(0.,0.,-1.));
#12397=DIRECTION('',(0.,0.,-1.));
#12398=DIRECTION('',(1.,0.,0.));
#12399=DIRECTION('',(0.,0.,1.));
#12400=DIRECTION('',(-1.,0.,0.));
#12401=DIRECTION('',(1.,0.,0.));
#12402=DIRECTION('',(0.,0.,1.));
#12403=DIRECTION('',(-1.,0.,0.));
#12404=DIRECTION('',(0.,0.,-1.));
#12405=DIRECTION('',(0.,0.,-1.));
#12406=DIRECTION('',(1.,0.,0.));
#12407=DIRECTION('',(0.,0.,1.));
#12408=DIRECTION('',(-1.,0.,0.));
#12409=DIRECTION('',(1.,0.,0.));
#12410=DIRECTION('',(0.,0.,1.));
#12411=DIRECTION('',(-1.,0.,0.));
#12412=DIRECTION('',(0.,0.,-1.));
#12413=DIRECTION('',(0.,0.,-1.));
#12414=DIRECTION('',(1.,0.,0.));
#12415=DIRECTION('',(0.,0.,1.));
#12416=DIRECTION('',(-1.,0.,0.));
#12417=DIRECTION('',(1.,0.,0.));
#12418=DIRECTION('',(0.,0.,1.));
#12419=DIRECTION('',(-1.,0.,0.));
#12420=DIRECTION('',(0.,0.,-1.));
#12421=DIRECTION('',(0.,0.,-1.));
#12422=DIRECTION('',(1.,0.,0.));
#12423=DIRECTION('',(0.,0.,1.));
#12424=DIRECTION('',(-1.,0.,0.));
#12425=DIRECTION('',(1.,0.,0.));
#12426=DIRECTION('',(0.,0.,1.));
#12427=DIRECTION('',(-1.,0.,0.));
#12428=DIRECTION('',(0.,0.,-1.));
#12429=DIRECTION('',(0.,0.,-1.));
#12430=DIRECTION('',(1.,0.,0.));
#12431=DIRECTION('',(0.,0.,1.));
#12432=DIRECTION('',(-1.,0.,0.));
#12433=DIRECTION('',(1.,0.,0.));
#12434=DIRECTION('',(0.,0.,1.));
#12435=DIRECTION('',(-1.,0.,0.));
#12436=DIRECTION('',(0.,0.,-1.));
#12437=DIRECTION('',(0.,0.,-1.));
#12438=DIRECTION('',(1.,0.,0.));
#12439=DIRECTION('',(0.,0.,1.));
#12440=DIRECTION('',(-1.,0.,0.));
#12441=DIRECTION('',(1.,0.,0.));
#12442=DIRECTION('',(0.,0.,1.));
#12443=DIRECTION('',(-1.,0.,0.));
#12444=DIRECTION('',(0.,0.,-1.));
#12445=DIRECTION('',(0.,0.,-1.));
#12446=DIRECTION('',(1.,0.,0.));
#12447=DIRECTION('',(0.,0.,1.));
#12448=DIRECTION('',(-1.,0.,0.));
#12449=DIRECTION('',(1.,0.,0.));
#12450=DIRECTION('',(0.,0.,1.));
#12451=DIRECTION('',(-1.,0.,0.));
#12452=DIRECTION('',(0.,0.,-1.));
#12453=DIRECTION('',(0.,0.,-1.));
#12454=DIRECTION('',(1.,0.,0.));
#12455=DIRECTION('',(0.,0.,1.));
#12456=DIRECTION('',(-1.,0.,0.));
#12457=DIRECTION('',(1.,0.,0.));
#12458=DIRECTION('',(0.,0.,1.));
#12459=DIRECTION('',(-1.,0.,0.));
#12460=DIRECTION('',(0.,0.,-1.));
#12461=DIRECTION('',(0.,0.,-1.));
#12462=DIRECTION('',(1.,0.,0.));
#12463=DIRECTION('',(0.,0.,1.));
#12464=DIRECTION('',(-1.,0.,0.));
#12465=DIRECTION('',(-1.,0.,0.));
#12466=DIRECTION('',(0.,0.,-1.));
#12467=DIRECTION('',(1.,0.,0.));
#12468=DIRECTION('',(0.,0.,1.));
#12469=DIRECTION('',(0.,1.,0.));
#12470=DIRECTION('',(0.,1.,0.));
#12471=DIRECTION('',(0.,-1.,0.));
#12472=DIRECTION('',(1.,0.,0.));
#12473=DIRECTION('',(0.,-1.,0.));
#12474=DIRECTION('',(-1.,0.,0.));
#12475=DIRECTION('',(0.,-1.,0.));
#12476=DIRECTION('',(1.,0.,0.));
#12477=DIRECTION('',(0.,-1.,0.));
#12478=DIRECTION('',(-1.,0.,0.));
#12479=DIRECTION('',(0.,0.,-1.));
#12480=DIRECTION('',(-1.,0.,0.));
#12481=DIRECTION('',(0.,0.,-1.));
#12482=DIRECTION('',(-1.,0.,0.));
#12483=DIRECTION('',(0.,1.,0.));
#12484=DIRECTION('',(1.,0.,0.));
#12485=DIRECTION('',(0.,0.,1.));
#12486=DIRECTION('',(1.,0.,0.));
#12487=DIRECTION('',(0.,0.,1.));
#12488=DIRECTION('',(1.,0.,0.));
#12489=DIRECTION('',(0.,1.,0.));
#12490=DIRECTION('',(1.,0.,0.));
#12491=DIRECTION('',(0.,0.707106781186652,-0.707106781186443));
#12492=DIRECTION('',(0.,-1.,0.));
#12493=DIRECTION('',(-1.,0.,0.));
#12494=DIRECTION('',(0.707106781186548,0.707106781186548,1.83571073831512E-9));
#12495=DIRECTION('',(0.,1.,0.));
#12496=DIRECTION('',(0.,7.3714377816235E-18,-1.));
#12497=DIRECTION('',(0.,-0.707106781186652,-0.707106781186443));
#12498=DIRECTION('',(0.,-1.,0.));
#12499=DIRECTION('',(1.,0.,0.));
#12500=DIRECTION('',(0.,1.,0.));
#12501=DIRECTION('',(0.,7.3714377816235E-18,-1.));
#12502=DIRECTION('',(0.,1.,0.));
#12503=DIRECTION('',(0.,1.,0.));
#12504=DIRECTION('',(-1.,0.,0.));
#12505=DIRECTION('',(2.203703885553E-10,-1.,-1.298043454371E-9));
#12506=DIRECTION('',(0.,-1.,0.));
#12507=DIRECTION('',(1.,0.,0.));
#12508=DIRECTION('',(-2.203718688527E-10,-1.,1.29804346968E-9));
#12509=DIRECTION('',(0.,1.,0.));
#12510=DIRECTION('',(0.500000000000017,0.,0.866025403784429));
#12511=DIRECTION('',(0.,1.,0.));
#12512=DIRECTION('',(0.,1.,0.));
#12513=DIRECTION('',(-0.500000000000017,0.,0.866025403784429));
#12514=DIRECTION('',(0.,-1.,0.));
#12515=DIRECTION('',(1.,0.,0.));
#12516=DIRECTION('',(0.,-1.,0.));
#12517=DIRECTION('',(1.,0.,0.));
#12518=DIRECTION('',(0.,-1.,0.));
#12519=DIRECTION('',(1.,0.,0.));
#12520=DIRECTION('',(0.,0.,-1.));
#12521=DIRECTION('',(0.,-1.,0.));
#12522=DIRECTION('',(0.,-1.,0.));
#12523=DIRECTION('',(0.,0.,1.));
#12524=DIRECTION('',(0.,0.,1.));
#12525=DIRECTION('',(1.,0.,0.));
#12526=DIRECTION('',(0.,1.,0.));
#12527=DIRECTION('',(0.,1.,0.));
#12528=DIRECTION('',(0.,0.,1.));
#12529=DIRECTION('',(0.,0.,1.));
#12530=DIRECTION('',(1.,0.,0.));
#12531=DIRECTION('',(0.,1.,0.));
#12532=DIRECTION('',(0.,-1.,0.));
#12533=DIRECTION('',(-1.,0.,0.));
#12534=DIRECTION('',(-1.,0.,0.));
#12535=DIRECTION('',(0.,0.,1.));
#12536=DIRECTION('',(1.,0.,0.));
#12537=DIRECTION('',(0.,0.,-1.));
#12538=DIRECTION('',(0.,1.,0.));
#12539=DIRECTION('',(0.,0.,-1.));
#12540=DIRECTION('',(-1.,0.,0.));
#12541=DIRECTION('',(0.,0.,1.));
#12542=DIRECTION('',(0.,0.,-1.));
#12543=DIRECTION('',(0.,0.,-1.));
#12544=DIRECTION('',(-1.,0.,0.));
#12545=DIRECTION('',(0.,0.,1.));
#12546=DIRECTION('',(0.,1.,0.));
#12547=DIRECTION('',(1.,0.,0.));
#12548=DIRECTION('',(0.,-1.,0.));
#12549=DIRECTION('',(-1.,0.,0.));
#12550=DIRECTION('',(0.,1.,0.));
#12551=DIRECTION('',(-0.500000000000017,0.,-0.866025403784429));
#12552=DIRECTION('',(0.,1.,0.));
#12553=DIRECTION('',(0.500000000000017,0.,-0.866025403784429));
#12554=DIRECTION('',(0.,-1.,0.));
#12555=DIRECTION('',(1.,0.,0.));
#12556=DIRECTION('',(0.,0.707106781186652,-0.707106781186443));
#12557=DIRECTION('',(0.,-1.,0.));
#12558=DIRECTION('',(-1.,0.,0.));
#12559=DIRECTION('',(0.707106781186548,0.707106781186548,6.57933547698844E-10));
#12560=DIRECTION('',(0.,-1.,0.));
#12561=DIRECTION('',(-1.,0.,1.324103317556E-14));
#12562=DIRECTION('',(0.,1.,0.));
#12563=DIRECTION('',(0.,1.34407467521365E-17,-1.));
#12564=DIRECTION('',(0.,-1.,0.));
#12565=DIRECTION('',(-1.,0.,1.324103317556E-14));
#12566=DIRECTION('',(0.,-1.,0.));
#12567=DIRECTION('',(1.,0.,0.));
#12568=DIRECTION('',(0.,-1.,0.));
#12569=DIRECTION('',(1.,0.,0.));
#12570=DIRECTION('',(0.,1.,0.));
#12571=DIRECTION('',(1.,0.,0.));
#12572=DIRECTION('',(0.,-0.707106781186652,-0.707106781186443));
#12573=DIRECTION('',(0.,-1.,0.));
#12574=DIRECTION('',(1.,0.,0.));
#12575=DIRECTION('',(0.,1.,0.));
#12576=DIRECTION('',(0.,1.34407467521365E-17,-1.));
#12577=DIRECTION('',(0.,1.,0.));
#12578=DIRECTION('',(0.,1.,0.));
#12579=DIRECTION('',(-1.,0.,0.));
#12580=DIRECTION('',(1.332682112635E-10,-1.,-6.978435635009E-10));
#12581=DIRECTION('',(0.,-1.,0.));
#12582=DIRECTION('',(1.,0.,0.));
#12583=DIRECTION('',(-1.332667309661E-10,-1.,6.978437689488E-10));
#12584=DIRECTION('',(0.,1.,0.));
#12585=DIRECTION('',(0.374999999999985,0.,0.927024810886964));
#12586=DIRECTION('',(0.,1.,0.));
#12587=DIRECTION('',(0.,1.,0.));
#12588=DIRECTION('',(-0.374999999999985,0.,0.927024810886964));
#12589=DIRECTION('',(0.,-1.,0.));
#12590=DIRECTION('',(1.,0.,0.));
#12591=DIRECTION('',(0.,1.,0.));
#12592=DIRECTION('',(0.,1.,0.));
#12593=DIRECTION('',(1.,0.,0.));
#12594=DIRECTION('',(0.,-1.,0.));
#12595=DIRECTION('',(-1.,0.,0.));
#12596=DIRECTION('',(0.,1.,0.));
#12597=DIRECTION('',(-0.374999999999985,0.,-0.927024810886964));
#12598=DIRECTION('',(0.,1.,0.));
#12599=DIRECTION('',(0.,1.,0.));
#12600=DIRECTION('',(0.374999999999985,0.,-0.927024810886964));
#12601=DIRECTION('',(0.,-1.,0.));
#12602=DIRECTION('',(1.,0.,0.));
#12603=DIRECTION('',(0.,-1.,0.));
#12604=DIRECTION('',(0.,0.,-1.));
#12605=DIRECTION('',(0.,-1.,0.));
#12606=DIRECTION('',(0.,0.,-1.));
#12607=DIRECTION('',(0.,0.,1.));
#12608=DIRECTION('',(-1.,0.,0.));
#12609=DIRECTION('',(0.,0.,-1.));
#12610=DIRECTION('',(0.,-1.,0.));
#12611=DIRECTION('',(0.,0.,-1.));
#12612=DIRECTION('',(0.,0.,-1.));
#12613=DIRECTION('',(1.,0.,0.));
#12614=DIRECTION('',(0.,0.,1.));
#12615=DIRECTION('',(0.,-1.,0.));
#12616=DIRECTION('',(0.,0.,-1.));
#12617=DIRECTION('',(0.,-1.,0.));
#12618=DIRECTION('',(0.,-1.,0.));
#12619=DIRECTION('',(1.,0.,0.));
#12620=DIRECTION('',(0.,0.,-1.));
#12621=DIRECTION('',(0.,-1.,0.));
#12622=DIRECTION('',(0.,-1.,0.));
#12623=DIRECTION('',(0.,0.,1.));
#12624=DIRECTION('',(1.,0.,0.));
#12625=DIRECTION('',(0.,1.,0.));
#12626=DIRECTION('',(0.,0.,1.));
#12627=DIRECTION('',(1.,0.,0.));
#12628=DIRECTION('',(0.,1.,0.));
#12629=DIRECTION('',(0.,-1.,0.));
#12630=DIRECTION('',(-1.,0.,0.));
#12631=DIRECTION('',(0.,0.,1.));
#12632=DIRECTION('',(1.,0.,0.));
#12633=DIRECTION('',(0.,0.,-1.));
#12634=DIRECTION('',(-1.,0.,0.));
#12635=DIRECTION('',(0.,0.,1.));
#12636=DIRECTION('',(0.,0.,-1.));
#12637=DIRECTION('',(-1.,0.,0.));
#12638=DIRECTION('',(0.,0.,1.));
#12639=DIRECTION('',(0.,0.,1.));
#12640=DIRECTION('',(0.,-1.,0.));
#12641=DIRECTION('',(0.,0.,1.));
#12642=DIRECTION('',(0.,0.,1.));
#12643=DIRECTION('',(0.,-1.,0.));
#12644=DIRECTION('',(0.,0.,1.));
#12645=DIRECTION('',(0.,0.,-1.));
#12646=DIRECTION('',(1.,0.,0.));
#12647=DIRECTION('',(0.,0.,1.));
#12648=DIRECTION('',(1.15648231731787E-14,-1.,0.));
#12649=DIRECTION('',(-1.,0.,0.));
#12650=DIRECTION('',(0.,1.,0.));
#12651=DIRECTION('',(-1.,0.,0.));
#12652=DIRECTION('',(0.,1.,0.));
#12653=DIRECTION('',(1.,0.,0.));
#12654=DIRECTION('',(0.,1.,0.));
#12655=DIRECTION('',(0.,0.,-1.));
#12656=DIRECTION('',(0.,-1.,0.));
#12657=DIRECTION('',(0.,0.,-1.));
#12658=DIRECTION('',(0.,0.,-1.));
#12659=DIRECTION('',(0.,1.,0.));
#12660=DIRECTION('',(-1.,0.,0.));
#12661=DIRECTION('',(0.,0.,1.));
#12662=DIRECTION('',(0.,0.,-1.));
#12663=DIRECTION('',(0.,1.,0.));
#12664=DIRECTION('',(0.,0.,-1.));
#12665=DIRECTION('',(0.,1.,0.));
#12666=DIRECTION('',(1.,0.,0.));
#12667=DIRECTION('',(0.,1.,0.));
#12668=DIRECTION('',(0.,0.,1.));
#12669=DIRECTION('',(0.,1.,0.));
#12670=DIRECTION('',(0.,0.,1.));
#12671=DIRECTION('',(0.,1.,0.));
#12672=DIRECTION('',(1.,0.,0.));
#12673=DIRECTION('',(0.,1.,0.));
#12674=DIRECTION('',(0.,1.,0.));
#12675=DIRECTION('',(0.,0.,1.));
#12676=DIRECTION('',(0.,1.,0.));
#12677=DIRECTION('',(0.,0.,1.));
#12678=DIRECTION('',(0.,1.,0.));
#12679=DIRECTION('',(0.,0.,1.));
#12680=DIRECTION('',(0.,1.,0.));
#12681=DIRECTION('',(0.,0.,1.));
#12682=DIRECTION('',(1.,0.,0.));
#12683=DIRECTION('',(0.,1.,0.));
#12684=DIRECTION('',(0.,0.,1.));
#12685=DIRECTION('',(-1.,0.,0.));
#12686=DIRECTION('',(0.,0.,1.));
#12687=DIRECTION('',(-1.,0.,0.));
#12688=DIRECTION('',(0.,0.,1.));
#12689=DIRECTION('',(0.,0.,-1.));
#12690=DIRECTION('',(1.,0.,0.));
#12691=DIRECTION('',(1.,0.,0.));
#12692=DIRECTION('',(0.,0.,1.));
#12693=DIRECTION('',(-1.,0.,0.));
#12694=DIRECTION('',(0.,1.,0.));
#12695=DIRECTION('',(-1.,0.,0.));
#12696=DIRECTION('',(1.,0.,0.));
#12697=DIRECTION('',(0.,0.,1.));
#12698=DIRECTION('',(1.,0.,0.));
#12699=DIRECTION('',(0.,0.,1.));
#12700=DIRECTION('',(0.,0.,1.));
#12701=DIRECTION('',(-1.,0.,0.));
#12702=DIRECTION('',(0.,0.,1.));
#12703=DIRECTION('',(0.,0.,-1.));
#12704=DIRECTION('',(1.,0.,0.));
#12705=DIRECTION('',(1.,0.,0.));
#12706=DIRECTION('',(0.,0.,1.));
#12707=DIRECTION('',(-1.,0.,0.));
#12708=DIRECTION('',(1.,0.,0.));
#12709=DIRECTION('',(1.,0.,0.));
#12710=DIRECTION('',(0.,-1.,0.));
#12711=DIRECTION('',(0.,0.,-1.));
#12712=DIRECTION('',(0.,0.,1.));
#12713=DIRECTION('',(0.,1.,0.));
#12714=DIRECTION('',(0.,1.,0.));
#12715=DIRECTION('',(-1.,0.,0.));
#12716=DIRECTION('',(0.,0.,1.));
#12717=DIRECTION('',(-1.,0.,0.));
#12718=DIRECTION('',(0.,1.,0.));
#12719=DIRECTION('',(-1.,0.,0.));
#12720=DIRECTION('',(0.,0.,1.));
#12721=DIRECTION('',(1.15648231731787E-14,-1.,0.));
#12722=DIRECTION('',(0.,1.,0.));
#12723=DIRECTION('',(0.,0.,1.));
#12724=DIRECTION('',(1.,0.,0.));
#12725=DIRECTION('',(0.,1.,0.));
#12726=DIRECTION('',(0.,0.,1.));
#12727=DIRECTION('',(0.,1.,0.));
#12728=DIRECTION('',(0.,0.,1.));
#12729=DIRECTION('',(0.,0.,1.));
#12730=DIRECTION('',(1.,0.,0.));
#12731=DIRECTION('',(0.,1.,0.));
#12732=DIRECTION('',(0.,0.,1.));
#12733=DIRECTION('',(-1.,0.,0.));
#12734=DIRECTION('',(-1.,0.,0.));
#12735=DIRECTION('',(0.,1.,0.));
#12736=DIRECTION('',(1.,0.,0.));
#12737=DIRECTION('',(0.,0.,1.));
#12738=DIRECTION('',(0.,0.,1.));
#12739=DIRECTION('',(0.,-1.,0.));
#12740=DIRECTION('',(0.,-1.,0.));
#12741=DIRECTION('',(0.,0.,1.));
#12742=DIRECTION('',(-1.,0.,0.));
#12743=DIRECTION('',(0.,0.,1.));
#12744=DIRECTION('',(0.,0.,1.));
#12745=DIRECTION('',(0.,0.,-1.));
#12746=DIRECTION('',(1.,0.,0.));
#12747=DIRECTION('',(-1.,0.,0.));
#12748=DIRECTION('',(1.,0.,0.));
#12749=DIRECTION('',(-1.,0.,0.));
#12750=DIRECTION('',(0.,1.,0.));
#12751=DIRECTION('',(1.,0.,0.));
#12752=DIRECTION('',(1.,0.,0.));
#12753=DIRECTION('',(0.,1.,0.));
#12754=DIRECTION('',(0.,0.,-1.));
#12755=DIRECTION('',(0.,-1.,0.));
#12756=DIRECTION('',(0.,0.,1.));
#12757=DIRECTION('',(0.,-1.,0.));
#12758=DIRECTION('',(0.,0.,1.));
#12759=DIRECTION('',(0.,-1.,0.));
#12760=DIRECTION('',(0.,0.,1.));
#12761=DIRECTION('',(-1.,0.,0.));
#12762=DIRECTION('',(0.,0.,1.));
#12763=DIRECTION('',(0.,0.,1.));
#12764=DIRECTION('',(0.,1.,0.));
#12765=DIRECTION('',(0.,0.,1.));
#12766=DIRECTION('',(0.,1.,0.));
#12767=DIRECTION('',(1.,0.,0.));
#12768=DIRECTION('',(0.,1.,0.));
#12769=DIRECTION('',(0.,0.,-1.));
#12770=DIRECTION('',(0.,1.,0.));
#12771=DIRECTION('',(0.,0.,-1.));
#12772=DIRECTION('',(0.,1.,0.));
#12773=DIRECTION('',(1.,0.,0.));
#12774=DIRECTION('',(0.,1.,0.));
#12775=DIRECTION('',(1.7763568394E-14,0.,-1.));
#12776=DIRECTION('',(0.,1.,0.));
#12777=DIRECTION('',(1.7763568394E-14,0.,-1.));
#12778=DIRECTION('',(0.,1.,0.));
#12779=DIRECTION('',(-1.,0.,-1.7763568394E-14));
#12780=DIRECTION('',(-1.77635683940025E-14,0.,1.));
#12781=DIRECTION('',(0.,0.,1.));
#12782=DIRECTION('',(0.,1.,0.));
#12783=DIRECTION('',(0.,0.,1.));
#12784=DIRECTION('',(0.,1.,0.));
#12785=DIRECTION('',(-1.,0.,0.));
#12786=DIRECTION('',(0.,0.,1.));
#12787=DIRECTION('',(0.,0.,1.));
#12788=DIRECTION('',(0.,-1.,0.));
#12789=DIRECTION('',(0.,-1.396362979425E-14,1.));
#12790=DIRECTION('',(0.,0.,1.));
#12791=DIRECTION('',(0.,-1.,0.));
#12792=DIRECTION('',(0.,0.,1.));
#12793=DIRECTION('',(0.,0.,-1.));
#12794=DIRECTION('',(1.,0.,0.));
#12795=DIRECTION('',(-1.,0.,0.));
#12796=DIRECTION('',(0.,0.,1.));
#12797=DIRECTION('',(-1.15648231731787E-14,-1.,0.));
#12798=DIRECTION('',(0.,1.,0.));
#12799=DIRECTION('',(-1.,0.,0.));
#12800=DIRECTION('',(0.,1.,0.));
#12801=DIRECTION('',(-1.,0.,0.));
#12802=DIRECTION('',(0.,0.,1.));
#12803=DIRECTION('',(1.,0.,0.));
#12804=DIRECTION('',(0.,0.,1.));
#12805=DIRECTION('',(0.,0.,1.));
#12806=DIRECTION('',(-1.15648231731787E-14,-1.,0.));
#12807=DIRECTION('',(0.,0.,1.));
#12808=DIRECTION('',(0.,0.,-1.));
#12809=DIRECTION('',(1.,0.,0.));
#12810=DIRECTION('',(-1.,0.,0.));
#12811=DIRECTION('',(1.,0.,0.));
#12812=DIRECTION('',(0.,0.,1.));
#12813=DIRECTION('',(1.,0.,0.));
#12814=DIRECTION('',(-1.,0.,0.));
#12815=DIRECTION('',(-1.,0.,0.));
#12816=DIRECTION('',(0.,1.,0.));
#12817=DIRECTION('',(1.,0.,0.));
#12818=DIRECTION('',(0.,0.,1.));
#12819=DIRECTION('',(-1.,-8.38449680055457E-14,0.));
#12820=DIRECTION('',(0.,0.,1.));
#12821=DIRECTION('',(0.,0.,1.));
#12822=DIRECTION('',(-1.,-8.0953762212251E-14,0.));
#12823=DIRECTION('',(0.,0.,-1.));
#12824=DIRECTION('',(1.,0.,0.));
#12825=DIRECTION('',(0.,0.,1.));
#12826=DIRECTION('',(-1.,-2.25428174477184E-14,0.));
#12827=DIRECTION('',(1.,0.,0.));
#12828=DIRECTION('',(0.,1.,0.));
#12829=DIRECTION('',(1.,0.,0.));
#12830=DIRECTION('',(0.,1.,0.));
#12831=DIRECTION('',(0.,0.,-1.));
#12832=DIRECTION('',(0.,-1.,0.));
#12833=DIRECTION('',(0.,0.,1.));
#12834=DIRECTION('',(-1.,-1.98591487039424E-14,0.));
#12835=DIRECTION('',(0.,0.,1.));
#12836=DIRECTION('',(0.,0.,1.));
#12837=DIRECTION('',(0.,0.,-1.));
#12838=DIRECTION('',(1.,0.,0.));
#12839=DIRECTION('',(1.,0.,0.));
#12840=DIRECTION('',(1.,0.,0.));
#12841=DIRECTION('',(-1.,0.,0.));
#12842=DIRECTION('',(1.,0.,0.));
#12843=DIRECTION('',(0.,-1.,0.));
#12844=DIRECTION('',(0.,0.,-1.));
#12845=DIRECTION('',(0.,1.,0.));
#12846=DIRECTION('',(1.,0.,0.));
#12847=DIRECTION('',(0.,1.,0.));
#12848=DIRECTION('',(0.,0.,-1.));
#12849=DIRECTION('',(0.,-1.,0.));
#12850=DIRECTION('',(0.,0.,1.));
#12851=DIRECTION('',(0.,-1.,0.));
#12852=DIRECTION('',(0.,0.,1.));
#12853=DIRECTION('',(0.,-1.,0.));
#12854=DIRECTION('',(0.,0.,1.));
#12855=DIRECTION('',(-1.,0.,0.));
#12856=DIRECTION('',(0.,0.,1.));
#12857=DIRECTION('',(0.,0.,1.));
#12858=DIRECTION('',(1.,0.,0.));
#12859=DIRECTION('',(0.,0.,1.));
#12860=DIRECTION('',(1.,0.,0.));
#12861=DIRECTION('',(1.,0.,0.));
#12862=DIRECTION('',(0.,0.,1.));
#12863=DIRECTION('',(1.,0.,0.));
#12864=DIRECTION('',(-1.,0.,0.));
#12865=DIRECTION('',(1.,0.,0.));
#12866=DIRECTION('',(0.,0.,1.));
#12867=DIRECTION('',(1.,0.,0.));
#12868=DIRECTION('',(0.,1.,0.));
#12869=DIRECTION('',(-1.,0.,0.));
#12870=DIRECTION('',(1.,0.,0.));
#12871=DIRECTION('',(0.,0.,1.));
#12872=DIRECTION('',(1.,0.,0.));
#12873=DIRECTION('',(0.,1.,0.));
#12874=DIRECTION('',(-1.,0.,0.));
#12875=DIRECTION('',(0.,-1.,0.));
#12876=DIRECTION('',(1.,0.,0.));
#12877=DIRECTION('',(0.,0.,1.));
#12878=DIRECTION('',(1.,0.,0.));
#12879=DIRECTION('',(0.,0.,1.));
#12880=DIRECTION('',(0.,0.,1.));
#12881=DIRECTION('',(-1.,0.,0.));
#12882=DIRECTION('',(0.,1.,0.));
#12883=DIRECTION('',(1.,0.,0.));
#12884=DIRECTION('',(0.,1.,0.));
#12885=DIRECTION('',(0.,0.,1.));
#12886=DIRECTION('',(0.,-1.,0.));
#12887=DIRECTION('',(0.,0.,1.));
#12888=DIRECTION('',(-1.,0.,0.));
#12889=DIRECTION('',(0.,0.,1.));
#12890=DIRECTION('',(-1.,0.,0.));
#12891=DIRECTION('',(0.,1.,0.));
#12892=DIRECTION('',(0.,0.,1.));
#12893=DIRECTION('',(1.,0.,0.));
#12894=DIRECTION('',(0.,1.,0.));
#12895=DIRECTION('',(0.,0.,1.));
#12896=DIRECTION('',(0.,0.,1.));
#12897=DIRECTION('',(1.,0.,0.));
#12898=DIRECTION('',(0.,1.,0.));
#12899=DIRECTION('',(0.,0.,1.));
#12900=DIRECTION('',(1.,0.,0.));
#12901=DIRECTION('',(0.,0.,1.));
#12902=DIRECTION('',(1.,0.,0.));
#12903=DIRECTION('',(1.,0.,0.));
#12904=DIRECTION('',(0.,0.,1.));
#12905=DIRECTION('',(1.,0.,0.));
#12906=DIRECTION('',(-1.,0.,0.));
#12907=DIRECTION('',(1.,0.,0.));
#12908=DIRECTION('',(0.,0.,1.));
#12909=DIRECTION('',(1.,0.,0.));
#12910=DIRECTION('',(-1.,0.,0.));
#12911=DIRECTION('',(0.,1.,0.));
#12912=DIRECTION('',(1.,0.,0.));
#12913=DIRECTION('',(0.,0.,1.));
#12914=DIRECTION('',(1.,0.,0.));
#12915=DIRECTION('',(1.,0.,0.));
#12916=DIRECTION('',(0.,0.,1.));
#12917=DIRECTION('',(1.,0.,0.));
#12918=DIRECTION('',(0.,-1.,0.));
#12919=DIRECTION('',(0.,0.,-1.));
#12920=DIRECTION('',(0.,-1.,0.));
#12921=DIRECTION('',(0.,0.,-1.));
#12922=DIRECTION('',(0.,0.,1.));
#12923=DIRECTION('',(0.,-1.,0.));
#12924=DIRECTION('',(0.,0.,-1.));
#12925=DIRECTION('',(0.,-1.,0.));
#12926=DIRECTION('',(0.,0.,-1.));
#12927=DIRECTION('',(0.,-1.,0.));
#12928=DIRECTION('',(0.,0.,-1.));
#12929=DIRECTION('',(0.,-1.,0.));
#12930=DIRECTION('',(0.,0.,-1.));
#12931=DIRECTION('',(0.,0.,1.));
#12932=DIRECTION('',(0.,-1.,0.));
#12933=DIRECTION('',(0.,0.,-1.));
#12934=DIRECTION('',(0.,-1.,0.));
#12935=DIRECTION('',(0.,0.,-1.));
#12936=DIRECTION('',(0.,0.,1.));
#12937=DIRECTION('',(1.,0.,0.));
#12938=DIRECTION('',(0.,1.,0.));
#12939=DIRECTION('',(0.,0.,1.));
#12940=DIRECTION('',(0.,1.,0.));
#12941=DIRECTION('',(0.,0.,1.));
#12942=DIRECTION('',(0.,1.,0.));
#12943=DIRECTION('',(1.,0.,0.));
#12944=DIRECTION('',(0.,1.,0.));
#12945=DIRECTION('',(-1.,0.,0.));
#12946=DIRECTION('',(0.,1.,0.));
#12947=DIRECTION('',(-1.,0.,0.));
#12948=DIRECTION('',(0.,0.,1.));
#12949=DIRECTION('',(1.,0.,0.));
#12950=DIRECTION('',(0.,0.,-1.));
#12951=DIRECTION('',(0.,1.,0.));
#12952=DIRECTION('',(0.,0.,1.));
#12953=DIRECTION('',(-1.,0.,0.));
#12954=DIRECTION('',(0.,0.,1.));
#12955=DIRECTION('',(0.,0.,-1.));
#12956=DIRECTION('',(0.,1.,0.));
#12957=DIRECTION('',(0.,0.,1.));
#12958=DIRECTION('',(0.,1.,0.));
#12959=DIRECTION('',(-1.,0.,0.));
#12960=DIRECTION('',(0.,0.,1.));
#12961=DIRECTION('',(-1.,0.,0.));
#12962=DIRECTION('',(-1.,0.,0.));
#12963=DIRECTION('',(0.,1.,0.));
#12964=DIRECTION('',(0.,0.,1.));
#12965=DIRECTION('',(1.,0.,0.));
#12966=DIRECTION('',(0.,0.,1.));
#12967=DIRECTION('',(0.,1.,0.));
#12968=DIRECTION('',(0.,0.,1.));
#12969=DIRECTION('',(1.,0.,0.));
#12970=DIRECTION('',(0.,1.,0.));
#12971=DIRECTION('',(0.,1.,0.));
#12972=DIRECTION('',(-1.15648231731787E-14,0.,1.));
#12973=DIRECTION('',(0.,-1.,0.));
#12974=DIRECTION('',(0.,-1.,0.));
#12975=DIRECTION('',(0.,0.,1.));
#12976=DIRECTION('',(0.,-1.,0.));
#12977=DIRECTION('',(0.,1.,0.));
#12978=DIRECTION('',(1.,0.,0.));
#12979=DIRECTION('',(0.,0.,-1.));
#12980=DIRECTION('',(0.,-1.,0.));
#12981=DIRECTION('',(0.,0.,1.));
#12982=DIRECTION('',(1.,0.,0.));
#12983=DIRECTION('',(0.,1.,0.));
#12984=DIRECTION('',(0.,1.,0.));
#12985=DIRECTION('',(1.,0.,0.));
#12986=DIRECTION('',(0.,-1.,0.));
#12987=DIRECTION('',(0.,-1.,0.));
#12988=DIRECTION('',(0.,0.,1.));
#12989=DIRECTION('',(0.,1.,0.));
#12990=DIRECTION('',(1.,0.,0.));
#12991=DIRECTION('',(0.,1.,0.));
#12992=DIRECTION('',(0.,0.,-1.));
#12993=DIRECTION('',(0.,-1.,0.));
#12994=DIRECTION('',(0.,-1.,0.));
#12995=DIRECTION('',(0.,0.,1.));
#12996=DIRECTION('',(0.,-1.,0.));
#12997=DIRECTION('',(0.,1.,0.));
#12998=DIRECTION('',(1.,0.,0.));
#12999=DIRECTION('',(0.,0.,1.));
#13000=DIRECTION('',(0.,-1.,0.));
#13001=DIRECTION('',(0.,0.,-1.));
#13002=DIRECTION('',(-1.,0.,0.));
#13003=DIRECTION('',(0.,0.,1.));
#13004=DIRECTION('',(0.,1.,0.));
#13005=DIRECTION('',(-1.,0.,0.));
#13006=DIRECTION('',(0.,-1.,0.));
#13007=DIRECTION('',(0.,-1.,0.));
#13008=DIRECTION('',(0.,0.,1.));
#13009=DIRECTION('',(0.,1.,0.));
#13010=DIRECTION('',(1.,0.,0.));
#13011=DIRECTION('',(0.,0.,1.));
#13012=DIRECTION('',(0.,1.,0.));
#13013=DIRECTION('',(0.,0.,-1.));
#13014=DIRECTION('',(0.,1.,0.));
#13015=DIRECTION('',(1.,0.,0.));
#13016=DIRECTION('',(0.,1.,0.));
#13017=DIRECTION('',(1.,0.,0.));
#13018=DIRECTION('',(1.,0.,0.));
#13019=DIRECTION('',(0.,1.,0.));
#13020=DIRECTION('',(0.,0.,-1.));
#13021=DIRECTION('',(0.,-1.,0.));
#13022=DIRECTION('',(0.,0.,-1.));
#13023=DIRECTION('',(0.,1.,0.));
#13024=DIRECTION('',(0.,0.,-1.));
#13025=DIRECTION('',(-1.,0.,0.));
#13026=DIRECTION('',(0.,0.,1.));
#13027=DIRECTION('',(0.,0.,-1.));
#13028=DIRECTION('',(0.,-1.,0.));
#13029=DIRECTION('',(0.,0.,-1.));
#13030=DIRECTION('',(0.,-1.,0.));
#13031=DIRECTION('',(1.,0.,0.));
#13032=DIRECTION('',(0.,1.,0.));
#13033=DIRECTION('',(0.,0.,-1.));
#13034=DIRECTION('',(0.,1.,0.));
#13035=DIRECTION('',(0.,0.,1.));
#13036=DIRECTION('',(0.,1.,0.));
#13037=DIRECTION('',(-1.,0.,0.));
#13038=DIRECTION('',(0.,0.,1.));
#13039=DIRECTION('',(-1.,0.,0.));
#13040=DIRECTION('',(0.,1.,0.));
#13041=DIRECTION('',(-1.,0.,0.));
#13042=DIRECTION('',(0.,0.,1.));
#13043=DIRECTION('',(1.,0.,0.));
#13044=DIRECTION('',(0.,0.,1.));
#13045=DIRECTION('',(0.,0.,1.));
#13046=DIRECTION('',(0.,1.,0.));
#13047=DIRECTION('',(1.,0.,0.));
#13048=DIRECTION('',(0.,1.,0.));
#13049=DIRECTION('',(0.,-1.,0.));
#13050=DIRECTION('',(0.,0.,1.));
#13051=DIRECTION('',(0.,-1.,0.));
#13052=DIRECTION('',(0.,0.,-1.));
#13053=DIRECTION('',(0.,0.,-1.));
#13054=DIRECTION('',(1.,0.,0.));
#13055=DIRECTION('',(0.,1.,0.));
#13056=DIRECTION('',(0.,-1.,0.));
#13057=DIRECTION('',(-1.,0.,0.));
#13058=DIRECTION('',(0.,1.,0.));
#13059=DIRECTION('',(0.,0.,-1.));
#13060=DIRECTION('',(0.,-1.,0.));
#13061=DIRECTION('',(0.,-1.,0.));
#13062=DIRECTION('',(1.,0.,0.));
#13063=DIRECTION('',(0.,0.,1.));
#13064=DIRECTION('',(0.,-1.,0.));
#13065=DIRECTION('',(0.,0.,1.));
#13066=DIRECTION('',(0.,-1.,0.));
#13067=DIRECTION('',(-1.,0.,0.));
#13068=DIRECTION('',(0.,0.,1.));
#13069=DIRECTION('',(0.,-1.,0.));
#13070=DIRECTION('',(0.,0.,-1.));
#13071=DIRECTION('',(0.,-1.,0.));
#13072=DIRECTION('',(0.,0.,-1.));
#13073=DIRECTION('',(1.,0.,0.));
#13074=DIRECTION('',(0.,1.,0.));
#13075=DIRECTION('',(0.,-1.,0.));
#13076=DIRECTION('',(1.,0.,0.));
#13077=DIRECTION('',(1.,0.,0.));
#13078=DIRECTION('',(0.,0.,1.));
#13079=DIRECTION('',(1.,0.,0.));
#13080=DIRECTION('',(0.,-1.,0.));
#13081=DIRECTION('',(0.,0.,1.));
#13082=DIRECTION('',(0.,0.,-1.));
#13083=DIRECTION('',(-1.,0.,0.));
#13084=DIRECTION('',(0.,0.,1.));
#13085=DIRECTION('',(0.,-1.,0.));
#13086=DIRECTION('',(-1.,0.,0.));
#13087=DIRECTION('',(1.,0.,0.));
#13088=DIRECTION('',(0.,0.,-1.));
#13089=DIRECTION('',(0.,-1.,0.));
#13090=DIRECTION('',(0.,-1.,0.));
#13091=DIRECTION('',(0.,0.,-1.));
#13092=DIRECTION('',(0.,0.,-1.));
#13093=DIRECTION('',(1.,0.,0.));
#13094=DIRECTION('',(0.,1.,0.));
#13095=DIRECTION('',(-1.,0.,0.));
#13096=DIRECTION('',(0.,-1.,0.));
#13097=DIRECTION('',(-1.,0.,0.));
#13098=DIRECTION('',(0.,1.,0.));
#13099=DIRECTION('',(0.,0.,-1.));
#13100=DIRECTION('',(0.,-1.,0.));
#13101=DIRECTION('',(0.,0.,1.));
#13102=DIRECTION('',(0.,-1.,0.));
#13103=DIRECTION('',(0.,0.,-1.));
#13104=DIRECTION('',(0.,0.,-1.));
#13105=DIRECTION('',(-1.,0.,0.));
#13106=DIRECTION('',(0.,0.,1.));
#13107=DIRECTION('',(0.,1.,0.));
#13108=DIRECTION('',(1.,0.,0.));
#13109=DIRECTION('',(0.,-1.,0.));
#13110=DIRECTION('',(2.60208521396521E-14,0.,-1.));
#13111=DIRECTION('',(0.,1.,0.));
#13112=DIRECTION('',(0.,-1.,0.));
#13113=DIRECTION('',(1.,0.,0.));
#13114=DIRECTION('',(0.,0.,1.));
#13115=DIRECTION('',(0.,1.,0.));
#13116=DIRECTION('',(0.,0.,1.));
#13117=DIRECTION('',(0.,-1.,0.));
#13118=DIRECTION('',(1.,0.,0.));
#13119=DIRECTION('',(0.,1.,0.));
#13120=DIRECTION('',(0.,-1.,0.));
#13121=DIRECTION('',(0.,0.,-1.));
#13122=DIRECTION('',(0.,-1.,0.));
#13123=DIRECTION('',(0.,0.,1.));
#13124=DIRECTION('',(0.,0.,1.));
#13125=DIRECTION('',(-1.,0.,0.));
#13126=DIRECTION('',(0.,0.,1.));
#13127=DIRECTION('',(0.,-1.,0.));
#13128=DIRECTION('',(1.,0.,0.));
#13129=DIRECTION('',(0.,1.,0.));
#13130=DIRECTION('',(0.,0.,1.));
#13131=DIRECTION('',(0.,-1.,0.));
#13132=DIRECTION('',(0.,-1.,0.));
#13133=DIRECTION('',(1.,0.,0.));
#13134=DIRECTION('',(0.,-1.,0.));
#13135=DIRECTION('',(0.,0.,-1.));
#13136=DIRECTION('',(0.,1.,0.));
#13137=DIRECTION('',(0.,0.,1.));
#13138=DIRECTION('',(-1.,0.,0.));
#13139=DIRECTION('',(0.,0.,1.));
#13140=DIRECTION('',(0.,1.,0.));
#13141=DIRECTION('',(0.,0.,-1.));
#13142=DIRECTION('',(0.,-1.,0.));
#13143=DIRECTION('',(0.,0.,1.));
#13144=DIRECTION('',(1.,0.,0.));
#13145=DIRECTION('',(0.,1.,0.));
#13146=DIRECTION('',(0.,0.,-1.));
#13147=DIRECTION('',(0.,-1.,0.));
#13148=DIRECTION('',(0.,0.,1.));
#13149=DIRECTION('',(0.,-1.,0.));
#13150=DIRECTION('',(0.,0.,1.));
#13151=DIRECTION('',(1.,0.,0.));
#13152=DIRECTION('',(0.,1.,0.));
#13153=DIRECTION('',(0.,1.,0.));
#13154=DIRECTION('',(-1.,0.,0.));
#13155=DIRECTION('',(0.,-1.,0.));
#13156=DIRECTION('',(0.,0.,1.));
#13157=DIRECTION('',(0.,1.,0.));
#13158=DIRECTION('',(0.,-1.,0.));
#13159=DIRECTION('',(1.,0.,0.));
#13160=DIRECTION('',(0.,-1.,0.));
#13161=DIRECTION('',(0.,0.,1.));
#13162=DIRECTION('',(0.,1.,0.));
#13163=DIRECTION('',(0.,0.,1.));
#13164=DIRECTION('',(1.,0.,0.));
#13165=DIRECTION('',(0.,1.,0.));
#13166=DIRECTION('',(0.,1.,0.));
#13167=DIRECTION('',(0.,0.,1.));
#13168=DIRECTION('',(0.,1.,0.));
#13169=DIRECTION('',(0.,0.,1.));
#13170=DIRECTION('',(1.,0.,0.));
#13171=DIRECTION('',(0.,1.,0.));
#13172=DIRECTION('',(0.,1.,0.));
#13173=DIRECTION('',(0.,0.,1.));
#13174=DIRECTION('',(0.,-1.,0.));
#13175=DIRECTION('',(0.,0.,-1.));
#13176=DIRECTION('',(-1.,0.,0.));
#13177=DIRECTION('',(0.,0.,1.));
#13178=DIRECTION('',(1.,0.,0.));
#13179=DIRECTION('',(1.,0.,0.));
#13180=DIRECTION('',(0.,1.,0.));
#13181=DIRECTION('',(0.,0.,1.));
#13182=DIRECTION('',(1.,0.,0.));
#13183=DIRECTION('',(1.,0.,0.));
#13184=DIRECTION('',(0.,1.,0.));
#13185=DIRECTION('',(1.,0.,0.));
#13186=DIRECTION('',(0.,0.,1.));
#13187=DIRECTION('',(1.,0.,0.));
#13188=DIRECTION('',(0.,-1.,0.));
#13189=DIRECTION('',(-0.707106781186548,0.,-0.707106781186548));
#13190=DIRECTION('',(-0.707106781186548,0.,-0.707106781186548));
#13191=DIRECTION('',(0.707106781186548,0.,-0.707106781186548));
#13192=DIRECTION('',(0.,-1.,0.));
#13193=DIRECTION('',(0.,-1.,0.));
#13194=DIRECTION('',(0.,0.,1.));
#13195=DIRECTION('',(0.,1.,0.));
#13196=DIRECTION('',(0.,0.,-1.));
#13197=DIRECTION('',(-1.,0.,0.));
#13198=DIRECTION('',(0.,0.,1.));
#13199=DIRECTION('',(0.,-1.,0.));
#13200=DIRECTION('',(0.,0.,1.));
#13201=DIRECTION('',(0.,0.,-1.));
#13202=DIRECTION('',(-1.,0.,0.));
#13203=DIRECTION('',(0.,0.,1.));
#13204=DIRECTION('',(0.,0.,-1.));
#13205=DIRECTION('',(0.,1.,0.));
#13206=DIRECTION('',(0.,0.,1.));
#13207=DIRECTION('',(0.,-1.,0.));
#13208=DIRECTION('',(-1.,0.,0.));
#13209=DIRECTION('',(0.,0.,1.));
#13210=DIRECTION('',(1.,0.,0.));
#13211=DIRECTION('',(1.,0.,0.));
#13212=DIRECTION('',(0.,1.,0.));
#13213=DIRECTION('',(-1.,0.,0.));
#13214=DIRECTION('',(1.,0.,0.));
#13215=DIRECTION('',(0.,0.,-1.));
#13216=DIRECTION('',(0.,-1.,0.));
#13217=DIRECTION('',(0.,1.,0.));
#13218=DIRECTION('',(0.,0.,-1.));
#13219=DIRECTION('',(0.,0.,-1.));
#13220=DIRECTION('',(-1.,0.,0.));
#13221=DIRECTION('',(0.,0.,1.));
#13222=DIRECTION('',(0.,1.,0.));
#13223=DIRECTION('',(1.,0.,0.));
#13224=DIRECTION('',(-1.,0.,0.));
#13225=DIRECTION('',(1.,0.,0.));
#13226=DIRECTION('',(-1.,0.,0.));
#13227=DIRECTION('',(0.,0.,1.));
#13228=DIRECTION('',(1.,0.,0.));
#13229=DIRECTION('',(0.,0.,-1.));
#13230=DIRECTION('',(0.,0.,-1.));
#13231=DIRECTION('',(0.,-1.,0.));
#13232=DIRECTION('',(-1.,0.,0.));
#13233=DIRECTION('',(0.,0.,1.));
#13234=DIRECTION('',(0.,0.,1.));
#13235=DIRECTION('',(0.,1.,0.));
#13236=DIRECTION('',(0.,0.,1.));
#13237=DIRECTION('',(0.,-1.,0.));
#13238=DIRECTION('',(1.,0.,0.));
#13239=DIRECTION('',(0.,1.,0.));
#13240=DIRECTION('',(-1.,0.,0.));
#13241=DIRECTION('',(-1.,0.,0.));
#13242=DIRECTION('',(-1.,0.,0.));
#13243=DIRECTION('',(-1.,0.,0.));
#13244=DIRECTION('',(-1.,0.,0.));
#13245=DIRECTION('',(-1.,0.,0.));
#13246=DIRECTION('',(-1.,0.,0.));
#13247=DIRECTION('',(0.,-1.,0.));
#13248=DIRECTION('',(-1.,0.,0.));
#13249=DIRECTION('',(0.,0.,-1.));
#13250=DIRECTION('',(0.,-1.,0.));
#13251=DIRECTION('',(0.,0.,1.));
#13252=DIRECTION('',(0.,0.,-1.));
#13253=DIRECTION('',(1.,0.,0.));
#13254=DIRECTION('',(0.,1.,0.));
#13255=DIRECTION('',(0.,0.,-1.));
#13256=DIRECTION('',(1.,0.,0.));
#13257=DIRECTION('',(-1.,0.,0.));
#13258=DIRECTION('',(1.,0.,0.));
#13259=DIRECTION('',(0.,-1.,0.));
#13260=DIRECTION('',(0.,0.,-1.));
#13261=DIRECTION('',(1.,0.,0.));
#13262=DIRECTION('',(1.,0.,0.));
#13263=DIRECTION('',(0.,0.,1.));
#13264=DIRECTION('',(0.,-1.,0.));
#13265=DIRECTION('',(0.,0.,-1.));
#13266=DIRECTION('',(0.,-1.,0.));
#13267=DIRECTION('',(0.,0.,-1.));
#13268=DIRECTION('',(-1.,0.,0.));
#13269=DIRECTION('',(0.,-1.,0.));
#13270=DIRECTION('',(0.,0.,-1.));
#13271=DIRECTION('',(0.,1.,0.));
#13272=DIRECTION('',(0.,0.,-1.));
#13273=DIRECTION('',(0.,-1.,0.));
#13274=DIRECTION('',(-1.,0.,0.));
#13275=DIRECTION('',(0.,0.,1.));
#13276=DIRECTION('',(1.,0.,0.));
#13277=DIRECTION('',(0.,-1.,0.));
#13278=DIRECTION('',(-1.,0.,0.));
#13279=DIRECTION('',(1.,0.,0.));
#13280=DIRECTION('',(-1.,0.,0.));
#13281=DIRECTION('',(0.,-1.,0.));
#13282=DIRECTION('',(1.,0.,0.));
#13283=DIRECTION('',(-1.,0.,0.));
#13284=DIRECTION('',(0.,0.,1.));
#13285=DIRECTION('',(1.,0.,0.));
#13286=DIRECTION('',(0.,0.,1.));
#13287=DIRECTION('',(0.,0.,1.));
#13288=DIRECTION('',(0.,-1.,0.));
#13289=DIRECTION('',(1.,0.,0.));
#13290=DIRECTION('',(0.,1.,0.));
#13291=DIRECTION('',(0.,0.,-1.));
#13292=DIRECTION('',(0.,1.,0.));
#13293=DIRECTION('',(0.,0.,1.));
#13294=DIRECTION('',(0.,1.,0.));
#13295=DIRECTION('',(-1.,0.,0.));
#13296=DIRECTION('',(0.,0.,1.));
#13297=DIRECTION('',(0.,0.,1.));
#13298=DIRECTION('',(0.,1.,0.));
#13299=DIRECTION('',(0.,0.,1.));
#13300=DIRECTION('',(0.,1.,0.));
#13301=DIRECTION('',(1.,0.,0.));
#13302=DIRECTION('',(0.,1.,0.));
#13303=DIRECTION('',(-1.,0.,0.));
#13304=DIRECTION('',(-1.,0.,0.));
#13305=DIRECTION('',(-1.,0.,0.));
#13306=DIRECTION('',(-1.,0.,0.));
#13307=DIRECTION('',(0.,1.,0.));
#13308=DIRECTION('',(1.,0.,0.));
#13309=DIRECTION('',(-1.,0.,0.));
#13310=DIRECTION('',(0.,0.,1.));
#13311=DIRECTION('',(1.,0.,0.));
#13312=DIRECTION('',(0.,1.,0.));
#13313=DIRECTION('',(0.,0.,-1.));
#13314=DIRECTION('',(0.,-1.,0.));
#13315=DIRECTION('',(1.,0.,0.));
#13316=DIRECTION('',(0.,1.,0.));
#13317=DIRECTION('',(0.,1.,0.));
#13318=DIRECTION('',(0.,-1.,0.));
#13319=DIRECTION('',(0.,0.,-1.));
#13320=DIRECTION('',(1.,0.,0.));
#13321=DIRECTION('',(0.,1.,0.));
#13322=DIRECTION('',(0.,-1.,0.));
#13323=DIRECTION('',(0.,0.,1.));
#13324=DIRECTION('',(0.,-1.,0.));
#13325=DIRECTION('',(0.,0.,1.));
#13326=DIRECTION('',(-1.,0.,0.));
#13327=DIRECTION('',(0.,0.,1.));
#13328=DIRECTION('',(1.,0.,0.));
#13329=DIRECTION('',(0.,-1.,0.));
#13330=DIRECTION('',(-1.,0.,0.));
#13331=DIRECTION('',(0.,0.,1.));
#13332=DIRECTION('',(1.,0.,0.));
#13333=DIRECTION('',(0.,0.,1.));
#13334=DIRECTION('',(0.,-1.,0.));
#13335=DIRECTION('',(0.,0.,1.));
#13336=DIRECTION('',(-1.,0.,0.));
#13337=DIRECTION('',(0.,0.,1.));
#13338=DIRECTION('',(0.,0.,1.));
#13339=DIRECTION('',(0.,1.,0.));
#13340=DIRECTION('',(0.,0.,-1.));
#13341=DIRECTION('',(0.,1.,0.));
#13342=DIRECTION('',(1.,0.,0.));
#13343=DIRECTION('',(0.,1.,0.));
#13344=DIRECTION('',(1.,0.,0.));
#13345=DIRECTION('',(1.,0.,0.));
#13346=DIRECTION('',(0.,1.,0.));
#13347=DIRECTION('',(0.,0.,-1.));
#13348=DIRECTION('',(0.,-1.,0.));
#13349=DIRECTION('',(0.,0.,-1.));
#13350=DIRECTION('',(0.,1.,0.));
#13351=DIRECTION('',(0.,0.,-1.));
#13352=DIRECTION('',(-1.,0.,0.));
#13353=DIRECTION('',(0.,0.,1.));
#13354=DIRECTION('',(0.,-1.,0.));
#13355=DIRECTION('',(1.,0.,0.));
#13356=DIRECTION('',(-1.,0.,0.));
#13357=DIRECTION('',(-1.,0.,0.));
#13358=DIRECTION('',(-1.,0.,0.));
#13359=DIRECTION('',(-1.,0.,0.));
#13360=DIRECTION('',(-1.,0.,0.));
#13361=DIRECTION('',(-1.,0.,0.));
#13362=DIRECTION('',(0.,0.,-1.));
#13363=DIRECTION('',(0.,-1.,0.));
#13364=DIRECTION('',(0.,-1.,0.));
#13365=DIRECTION('',(0.,0.,-1.));
#13366=DIRECTION('',(0.,-1.,0.));
#13367=DIRECTION('',(-1.,0.,0.));
#13368=DIRECTION('',(0.,0.,1.));
#13369=DIRECTION('',(0.,0.,-1.));
#13370=DIRECTION('',(0.,-1.,0.));
#13371=DIRECTION('',(-1.,0.,0.));
#13372=DIRECTION('',(0.,0.,1.));
#13373=DIRECTION('',(-1.,0.,0.));
#13374=DIRECTION('',(1.,0.,0.));
#13375=DIRECTION('',(1.,0.,0.));
#13376=DIRECTION('',(1.,0.,0.));
#13377=DIRECTION('',(0.,0.,1.));
#13378=DIRECTION('',(1.,0.,0.));
#13379=DIRECTION('',(0.,1.,0.));
#13380=DIRECTION('',(0.,0.,-1.));
#13381=DIRECTION('',(0.,1.,0.));
#13382=DIRECTION('',(0.,0.,-1.));
#13383=DIRECTION('',(-1.,0.,0.));
#13384=DIRECTION('',(0.,0.,1.));
#13385=DIRECTION('',(0.,1.,0.));
#13386=DIRECTION('',(0.,0.,1.));
#13387=DIRECTION('',(0.,1.,0.));
#13388=DIRECTION('',(0.,0.,-1.));
#13389=DIRECTION('',(1.,0.,0.));
#13390=DIRECTION('',(0.,1.,0.));
#13391=DIRECTION('',(0.,1.,0.));
#13392=DIRECTION('',(0.,0.,1.));
#13393=DIRECTION('',(0.,1.,0.));
#13394=DIRECTION('',(0.,0.,-1.));
#13395=DIRECTION('',(1.,0.,0.));
#13396=DIRECTION('',(0.,1.,0.));
#13397=DIRECTION('',(0.,-1.,0.));
#13398=DIRECTION('',(0.,0.,-1.));
#13399=DIRECTION('',(0.,-1.,0.));
#13400=DIRECTION('',(0.,0.,-1.));
#13401=DIRECTION('',(1.,0.,0.));
#13402=DIRECTION('',(1.,0.,0.));
#13403=DIRECTION('',(0.,-1.,0.));
#13404=DIRECTION('',(0.,0.,-1.));
#13405=DIRECTION('',(0.,0.,-1.));
#13406=DIRECTION('',(1.,0.,0.));
#13407=DIRECTION('',(1.,0.,0.));
#13408=DIRECTION('',(0.,-1.,0.));
#13409=DIRECTION('',(0.,0.,-1.));
#13410=DIRECTION('',(0.,1.,0.));
#13411=DIRECTION('',(1.,0.,0.));
#13412=DIRECTION('',(0.,0.,-1.));
#13413=DIRECTION('',(0.,-1.,0.));
#13414=DIRECTION('',(1.,0.,0.));
#13415=DIRECTION('',(-1.,0.,0.));
#13416=DIRECTION('',(0.,1.,0.));
#13417=DIRECTION('',(-1.,0.,0.));
#13418=DIRECTION('',(-1.,0.,0.));
#13419=DIRECTION('',(-1.,0.,0.));
#13420=DIRECTION('',(0.,0.,-1.));
#13421=DIRECTION('',(0.,-1.,0.));
#13422=DIRECTION('',(0.,0.,-1.));
#13423=DIRECTION('',(-1.,0.,0.));
#13424=DIRECTION('',(0.,0.,1.));
#13425=DIRECTION('',(1.,0.,0.));
#13426=DIRECTION('',(0.,1.,0.));
#13427=DIRECTION('',(1.,0.,0.));
#13428=DIRECTION('',(0.,0.,-1.));
#13429=DIRECTION('',(0.,-1.,0.));
#13430=DIRECTION('',(0.,0.980934854343741,-0.194336850683608));
#13431=DIRECTION('',(1.,0.,0.));
#13432=DIRECTION('',(0.,0.980934854343741,-0.194336850683608));
#13433=DIRECTION('',(1.,0.,0.));
#13434=DIRECTION('',(0.,-0.194336850683608,-0.980934854343741));
#13435=DIRECTION('',(0.,-0.980934854343741,0.194336850683608));
#13436=DIRECTION('',(1.,0.,0.));
#13437=DIRECTION('',(1.,0.,0.));
#13438=DIRECTION('',(0.,-0.194336850683608,-0.980934854343742));
#13439=DIRECTION('',(1.,0.,0.));
#13440=DIRECTION('',(0.,-0.194336850683608,-0.980934854343742));
#13441=DIRECTION('',(-1.,0.,0.));
#13442=DIRECTION('',(0.,0.,-1.));
#13443=DIRECTION('',(0.,0.932389028634375,0.36145635875199));
#13444=DIRECTION('',(1.,0.,0.));
#13445=DIRECTION('',(0.,0.932389028634375,0.36145635875199));
#13446=DIRECTION('',(1.,0.,0.));
#13447=DIRECTION('',(0.,0.36145635875199,-0.932389028634375));
#13448=DIRECTION('',(-1.,0.,0.));
#13449=DIRECTION('',(0.,-0.932389028634375,0.36145635875199));
#13450=DIRECTION('',(1.,0.,0.));
#13451=DIRECTION('',(0.,-0.932389028634375,0.36145635875199));
#13452=DIRECTION('',(1.,0.,0.));
#13453=DIRECTION('',(0.,0.36145635875199,0.932389028634375));
#13454=DIRECTION('',(1.,0.,0.));
#13455=DIRECTION('',(-1.,0.,0.));
#13456=DIRECTION('',(1.,0.,0.));
#13457=DIRECTION('',(0.,0.36145635875199,0.932389028634375));
#13458=DIRECTION('',(1.,0.,0.));
#13459=DIRECTION('',(1.,0.,0.));
#13460=DIRECTION('',(0.,0.36145635875199,0.932389028634375));
#13461=DIRECTION('',(-1.,0.,0.));
#13462=DIRECTION('',(0.,0.,-1.));
#13463=DIRECTION('',(0.,-0.980934854343741,-0.194336850683608));
#13464=DIRECTION('',(0.,-0.980934854343741,-0.194336850683608));
#13465=DIRECTION('',(1.,0.,0.));
#13466=DIRECTION('',(0.,-0.194336850683608,0.980934854343741));
#13467=DIRECTION('',(-1.,0.,0.));
#13468=DIRECTION('',(0.,-0.933267336023195,0.359182515599198));
#13469=DIRECTION('',(1.,0.,0.));
#13470=DIRECTION('',(0.,-0.933267336023195,0.359182515599198));
#13471=DIRECTION('',(1.,0.,0.));
#13472=DIRECTION('',(0.,0.359182515599198,0.933267336023195));
#13473=DIRECTION('',(1.,0.,0.));
#13474=DIRECTION('',(1.,0.,0.));
#13475=DIRECTION('',(-1.,0.,0.));
#13476=DIRECTION('',(0.,-0.359182515599198,-0.933267336023196));
#13477=DIRECTION('',(-1.,0.,0.));
#13478=DIRECTION('',(0.,-0.359182515599198,-0.933267336023196));
#13479=DIRECTION('',(-1.,0.,0.));
#13480=DIRECTION('',(0.,0.,-1.));
#13481=DIRECTION('',(1.,0.,0.));
#13482=DIRECTION('',(0.,0.,1.));
#13483=DIRECTION('',(0.,0.,1.));
#13484=DIRECTION('',(0.,1.,0.));
#13485=DIRECTION('',(1.,0.,0.));
#13486=DIRECTION('',(1.,0.,0.));
#13487=DIRECTION('',(0.,-1.,0.));
#13488=DIRECTION('',(0.,-1.,0.));
#13489=DIRECTION('',(0.,0.,1.));
#13490=DIRECTION('',(1.,0.,0.));
#13491=DIRECTION('',(1.,0.,0.));
#13492=DIRECTION('',(0.,0.,-1.));
#13493=DIRECTION('',(0.,0.,-1.));
#13494=DIRECTION('',(0.,-1.,0.));
#13495=DIRECTION('',(0.,0.,-1.));
#13496=DIRECTION('',(1.,0.,0.));
#13497=DIRECTION('',(0.,-0.707106781186597,-0.707106781186498));
#13498=DIRECTION('',(0.,-0.707106781186597,-0.707106781186498));
#13499=DIRECTION('',(0.,-0.707106781186498,0.707106781186598));
#13500=DIRECTION('',(-1.,0.,0.));
#13501=DIRECTION('',(1.,0.,0.));
#13502=DIRECTION('',(0.,0.,-1.));
#13503=DIRECTION('',(0.,0.,-1.));
#13504=DIRECTION('',(0.,-1.,0.));
#13505=DIRECTION('',(0.,0.,-1.));
#13506=DIRECTION('',(1.,0.,0.));
#13507=DIRECTION('',(1.,0.,0.));
#13508=DIRECTION('',(0.,-1.,0.));
#13509=DIRECTION('',(1.,0.,0.));
#13510=DIRECTION('',(0.,-1.,0.));
#13511=DIRECTION('',(-1.,0.,0.));
#13512=DIRECTION('',(0.,0.,-1.));
#13513=DIRECTION('',(0.,0.933267336023195,-0.359182515599198));
#13514=DIRECTION('',(0.,0.933267336023195,-0.359182515599198));
#13515=DIRECTION('',(1.,0.,0.));
#13516=DIRECTION('',(0.,-0.359182515599198,-0.933267336023195));
#13517=DIRECTION('',(0.,-0.933267336023195,0.359182515599198));
#13518=DIRECTION('',(1.,0.,0.));
#13519=DIRECTION('',(1.,0.,0.));
#13520=DIRECTION('',(0.,-0.359182515599198,0.933267336023196));
#13521=DIRECTION('',(1.,0.,0.));
#13522=DIRECTION('',(1.,0.,0.));
#13523=DIRECTION('',(0.,-0.359182515599198,0.933267336023196));
#13524=DIRECTION('',(-1.,0.,0.));
#13525=DIRECTION('',(0.,0.,-1.));
#13526=DIRECTION('',(1.,0.,0.));
#13527=DIRECTION('',(0.,0.,-1.));
#13528=DIRECTION('',(0.,0.,-1.));
#13529=DIRECTION('',(0.,-1.,0.));
#13530=DIRECTION('',(0.,0.,-1.));
#13531=DIRECTION('',(1.,0.,0.));
#13532=DIRECTION('',(0.,0.707106781186597,-0.707106781186498));
#13533=DIRECTION('',(0.,0.707106781186597,-0.707106781186498));
#13534=DIRECTION('',(0.,-0.707106781186498,-0.707106781186598));
#13535=DIRECTION('',(0.,-0.707106781186598,0.707106781186498));
#13536=DIRECTION('',(1.,0.,0.));
#13537=DIRECTION('',(0.,0.,-1.));
#13538=DIRECTION('',(0.,0.,-1.));
#13539=DIRECTION('',(0.,-1.,0.));
#13540=DIRECTION('',(0.,0.,-1.));
#13541=DIRECTION('',(1.,0.,0.));
#13542=DIRECTION('',(0.,1.,0.));
#13543=DIRECTION('',(0.,1.,0.));
#13544=DIRECTION('',(0.,0.,-1.));
#13545=DIRECTION('',(0.,-1.,0.));
#13546=DIRECTION('',(1.,0.,0.));
#13547=DIRECTION('',(0.,0.,1.));
#13548=DIRECTION('',(0.,0.,1.));
#13549=DIRECTION('',(0.,1.,0.));
#13550=DIRECTION('',(1.,0.,0.));
#13551=DIRECTION('',(1.,0.,0.));
#13552=DIRECTION('',(-1.,0.,0.));
#13553=DIRECTION('',(0.,-1.,0.));
#13554=DIRECTION('',(-1.,0.,0.));
#13555=DIRECTION('',(0.,-1.,0.));
#13556=DIRECTION('',(-1.,0.,0.));
#13557=DIRECTION('',(0.,0.,-1.));
#13558=DIRECTION('',(0.,0.933267336023195,0.359182515599198));
#13559=DIRECTION('',(0.,0.933267336023195,0.359182515599198));
#13560=DIRECTION('',(1.,0.,0.));
#13561=DIRECTION('',(0.,0.359182515599198,-0.933267336023195));
#13562=DIRECTION('',(-1.,0.,0.));
#13563=DIRECTION('',(1.,0.,0.));
#13564=DIRECTION('',(0.,-0.194336850683608,-0.980934854343742));
#13565=DIRECTION('',(0.,-1.,0.));
#13566=DIRECTION('',(1.,0.,0.));
#13567=DIRECTION('',(0.,1.,0.));
#13568=DIRECTION('',(1.,0.,0.));
#13569=DIRECTION('',(0.,0.36145635875199,0.932389028634375));
#13570=DIRECTION('',(0.,1.,0.));
#13571=DIRECTION('',(1.,0.,0.));
#13572=DIRECTION('',(0.,1.,0.));
#13573=DIRECTION('',(0.,0.,1.));
#13574=DIRECTION('',(1.,0.,0.));
#13575=DIRECTION('',(0.,1.,0.));
#13576=DIRECTION('',(0.,-0.933267336023195,-0.359182515599198));
#13577=DIRECTION('',(0.,0.,1.));
#13578=DIRECTION('',(1.,0.,0.));
#13579=DIRECTION('',(0.,1.,0.));
#13580=DIRECTION('',(0.,-0.933267336023195,-0.359182515599198));
#13581=DIRECTION('',(1.,0.,0.));
#13582=DIRECTION('',(0.,-0.359182515599198,0.933267336023195));
#13583=DIRECTION('',(-1.,0.,0.));
#13584=DIRECTION('',(1.,0.,0.));
#13585=DIRECTION('',(0.,-0.194336850683608,-0.980934854343742));
#13586=DIRECTION('',(0.,1.,0.));
#13587=DIRECTION('',(1.,0.,0.));
#13588=DIRECTION('',(0.,1.,0.));
#13589=DIRECTION('',(1.,0.,0.));
#13590=DIRECTION('',(0.,0.36145635875199,0.932389028634375));
#13591=DIRECTION('',(0.,-1.,0.));
#13592=DIRECTION('',(1.,0.,0.));
#13593=DIRECTION('',(0.,1.,0.));
#13594=DIRECTION('',(0.,0.,1.));
#13595=DIRECTION('',(1.,0.,0.));
#13596=DIRECTION('',(0.,1.,0.));
#13597=DIRECTION('',(0.,0.,1.));
#13598=DIRECTION('',(1.,0.,0.));
#13599=DIRECTION('',(0.,1.,0.));
#13600=DIRECTION('',(0.,0.932389028634375,0.36145635875199));
#13601=DIRECTION('',(-1.,0.,0.));
#13602=DIRECTION('',(0.,0.932389028634375,0.36145635875199));
#13603=DIRECTION('',(1.,0.,0.));
#13604=DIRECTION('',(0.,0.36145635875199,-0.932389028634375));
#13605=DIRECTION('',(-1.,0.,0.));
#13606=DIRECTION('',(1.,0.,0.));
#13607=DIRECTION('',(1.,0.,0.));
#13608=DIRECTION('',(0.,-0.194336850683608,-0.980934854343742));
#13609=DIRECTION('',(-1.,0.,0.));
#13610=DIRECTION('',(1.,0.,0.));
#13611=DIRECTION('',(0.,-0.194336850683608,-0.980934854343742));
#13612=DIRECTION('',(-1.,0.,0.));
#13613=DIRECTION('',(0.,0.,-1.));
#13614=DIRECTION('',(0.,0.980934854343741,-0.194336850683608));
#13615=DIRECTION('',(0.,0.980934854343741,-0.194336850683608));
#13616=DIRECTION('',(1.,0.,0.));
#13617=DIRECTION('',(0.,-0.194336850683608,-0.980934854343741));
#13618=DIRECTION('',(0.,-0.980934854343741,0.194336850683608));
#13619=DIRECTION('',(0.,-0.980934854343741,-0.194336850683608));
#13620=DIRECTION('',(-1.,0.,0.));
#13621=DIRECTION('',(0.,-0.980934854343741,-0.194336850683608));
#13622=DIRECTION('',(1.,0.,0.));
#13623=DIRECTION('',(0.,-0.194336850683608,0.980934854343741));
#13624=DIRECTION('',(-1.,0.,0.));
#13625=DIRECTION('',(-1.,0.,0.));
#13626=DIRECTION('',(1.,0.,0.));
#13627=DIRECTION('',(0.,0.36145635875199,0.932389028634375));
#13628=DIRECTION('',(1.,0.,0.));
#13629=DIRECTION('',(0.,0.36145635875199,0.932389028634375));
#13630=DIRECTION('',(-1.,0.,0.));
#13631=DIRECTION('',(0.,0.,-1.));
#13632=DIRECTION('',(0.,-0.932389028634375,0.36145635875199));
#13633=DIRECTION('',(-1.,0.,0.));
#13634=DIRECTION('',(0.,-0.932389028634375,0.36145635875199));
#13635=DIRECTION('',(1.,0.,0.));
#13636=DIRECTION('',(0.,0.36145635875199,0.932389028634375));
#13637=DIRECTION('',(1.,0.,0.));
#13638=DIRECTION('',(0.,0.933267336023195,-0.359182515599198));
#13639=DIRECTION('',(-1.,0.,0.));
#13640=DIRECTION('',(0.,0.933267336023195,-0.359182515599198));
#13641=DIRECTION('',(1.,0.,0.));
#13642=DIRECTION('',(0.,-0.359182515599198,-0.933267336023195));
#13643=DIRECTION('',(0.,-0.933267336023195,0.359182515599198));
#13644=DIRECTION('',(-1.,0.,0.));
#13645=DIRECTION('',(1.,0.,0.));
#13646=DIRECTION('',(0.,-1.,0.));
#13647=DIRECTION('',(1.,0.,0.));
#13648=DIRECTION('',(0.,-1.,0.));
#13649=DIRECTION('',(-1.,0.,0.));
#13650=DIRECTION('',(0.,0.,-1.));
#13651=DIRECTION('',(-1.,0.,0.));
#13652=DIRECTION('',(0.,0.,-1.));
#13653=DIRECTION('',(0.,0.,-1.));
#13654=DIRECTION('',(0.,-1.,0.));
#13655=DIRECTION('',(0.,0.,-1.));
#13656=DIRECTION('',(-1.,0.,0.));
#13657=DIRECTION('',(0.,-0.707106781186498,-0.707106781186598));
#13658=DIRECTION('',(0.,-0.707106781186498,-0.707106781186598));
#13659=DIRECTION('',(0.,-0.707106781186598,0.707106781186498));
#13660=DIRECTION('',(-1.,0.,0.));
#13661=DIRECTION('',(-1.,0.,0.));
#13662=DIRECTION('',(0.,0.,-1.));
#13663=DIRECTION('',(0.,0.,-1.));
#13664=DIRECTION('',(0.,-1.,0.));
#13665=DIRECTION('',(0.,0.,-1.));
#13666=DIRECTION('',(-1.,0.,0.));
#13667=DIRECTION('',(0.,-1.,0.));
#13668=DIRECTION('',(0.,-1.,0.));
#13669=DIRECTION('',(0.,0.,1.));
#13670=DIRECTION('',(1.,0.,0.));
#13671=DIRECTION('',(-1.,0.,0.));
#13672=DIRECTION('',(0.,0.,1.));
#13673=DIRECTION('',(0.,0.,1.));
#13674=DIRECTION('',(0.,1.,0.));
#13675=DIRECTION('',(1.,0.,0.));
#13676=DIRECTION('',(-1.,0.,0.));
#13677=DIRECTION('',(-1.,0.,0.));
#13678=DIRECTION('',(0.,-0.359182515599198,-0.933267336023196));
#13679=DIRECTION('',(-1.,0.,0.));
#13680=DIRECTION('',(0.,-0.359182515599198,-0.933267336023196));
#13681=DIRECTION('',(-1.,0.,0.));
#13682=DIRECTION('',(0.,0.,-1.));
#13683=DIRECTION('',(0.,-0.933267336023195,0.359182515599198));
#13684=DIRECTION('',(0.,-0.933267336023195,0.359182515599198));
#13685=DIRECTION('',(1.,0.,0.));
#13686=DIRECTION('',(0.,0.359182515599198,0.933267336023195));
#13687=DIRECTION('',(1.,0.,0.));
#13688=DIRECTION('',(-1.,0.,0.));
#13689=DIRECTION('',(-1.,0.,0.));
#13690=DIRECTION('',(0.,-1.,0.));
#13691=DIRECTION('',(-1.,0.,0.));
#13692=DIRECTION('',(-1.,0.,0.));
#13693=DIRECTION('',(0.,-1.,0.));
#13694=DIRECTION('',(-1.,0.,0.));
#13695=DIRECTION('',(0.,0.,-1.));
#13696=DIRECTION('',(-1.,0.,0.));
#13697=DIRECTION('',(0.,0.,1.));
#13698=DIRECTION('',(0.,0.,1.));
#13699=DIRECTION('',(0.,1.,0.));
#13700=DIRECTION('',(1.,0.,0.));
#13701=DIRECTION('',(-1.,0.,0.));
#13702=DIRECTION('',(0.,1.,0.));
#13703=DIRECTION('',(0.,1.,0.));
#13704=DIRECTION('',(0.,0.,-1.));
#13705=DIRECTION('',(0.,-1.,0.));
#13706=DIRECTION('',(-1.,0.,0.));
#13707=DIRECTION('',(0.,0.,-1.));
#13708=DIRECTION('',(0.,0.,-1.));
#13709=DIRECTION('',(0.,-1.,0.));
#13710=DIRECTION('',(0.,0.,-1.));
#13711=DIRECTION('',(-1.,0.,0.));
#13712=DIRECTION('',(0.,0.707106781186498,-0.707106781186598));
#13713=DIRECTION('',(0.,0.707106781186498,-0.707106781186598));
#13714=DIRECTION('',(0.,-0.707106781186598,-0.707106781186498));
#13715=DIRECTION('',(0.,0.707106781186498,-0.707106781186598));
#13716=DIRECTION('',(-1.,0.,0.));
#13717=DIRECTION('',(0.,0.,-1.));
#13718=DIRECTION('',(0.,0.,-1.));
#13719=DIRECTION('',(0.,-1.,0.));
#13720=DIRECTION('',(0.,0.,-1.));
#13721=DIRECTION('',(-1.,0.,0.));
#13722=DIRECTION('',(1.,0.,0.));
#13723=DIRECTION('',(0.,-0.359182515599198,0.933267336023196));
#13724=DIRECTION('',(1.,0.,0.));
#13725=DIRECTION('',(0.,-0.359182515599198,0.933267336023196));
#13726=DIRECTION('',(-1.,0.,0.));
#13727=DIRECTION('',(0.,0.,-1.));
#13728=DIRECTION('',(0.,-0.933267336023195,-0.359182515599198));
#13729=DIRECTION('',(0.,-0.933267336023195,-0.359182515599198));
#13730=DIRECTION('',(1.,0.,0.));
#13731=DIRECTION('',(0.,-0.359182515599198,0.933267336023195));
#13732=DIRECTION('',(-1.,0.,0.));
#13733=DIRECTION('',(1.,0.,0.));
#13734=DIRECTION('',(0.,-0.194336850683608,-0.980934854343742));
#13735=DIRECTION('',(0.,1.,0.));
#13736=DIRECTION('',(1.,0.,0.));
#13737=DIRECTION('',(0.,1.,0.));
#13738=DIRECTION('',(1.,0.,0.));
#13739=DIRECTION('',(0.,0.36145635875199,0.932389028634375));
#13740=DIRECTION('',(0.,-1.,0.));
#13741=DIRECTION('',(1.,0.,0.));
#13742=DIRECTION('',(0.,1.,0.));
#13743=DIRECTION('',(0.,0.,1.));
#13744=DIRECTION('',(1.,0.,0.));
#13745=DIRECTION('',(0.,1.,0.));
#13746=DIRECTION('',(0.,0.933267336023195,0.359182515599198));
#13747=DIRECTION('',(0.,0.,1.));
#13748=DIRECTION('',(1.,0.,0.));
#13749=DIRECTION('',(0.,1.,0.));
#13750=DIRECTION('',(0.,0.933267336023195,0.359182515599198));
#13751=DIRECTION('',(1.,0.,0.));
#13752=DIRECTION('',(0.,0.359182515599198,-0.933267336023195));
#13753=DIRECTION('',(-1.,0.,0.));
#13754=DIRECTION('',(1.,0.,0.));
#13755=DIRECTION('',(0.,-0.194336850683608,-0.980934854343742));
#13756=DIRECTION('',(0.,-1.,0.));
#13757=DIRECTION('',(1.,0.,0.));
#13758=DIRECTION('',(0.,1.,0.));
#13759=DIRECTION('',(1.,0.,0.));
#13760=DIRECTION('',(0.,0.36145635875199,0.932389028634375));
#13761=DIRECTION('',(0.,1.,0.));
#13762=DIRECTION('',(1.,0.,0.));
#13763=DIRECTION('',(0.,1.,0.));
#13764=DIRECTION('',(0.,0.,1.));
#13765=DIRECTION('',(1.,0.,0.));
#13766=DIRECTION('',(0.,1.,0.));
#13767=DIRECTION('',(0.,0.,1.));
#13768=DIRECTION('',(1.,0.,0.));
#13769=DIRECTION('',(0.,1.,0.));
#13770=DIRECTION('',(0.,0.932389028634375,0.36145635875199));
#13771=DIRECTION('',(-1.,0.,0.));
#13772=DIRECTION('',(0.,0.932389028634375,0.36145635875199));
#13773=DIRECTION('',(1.,0.,0.));
#13774=DIRECTION('',(0.,0.36145635875199,-0.932389028634375));
#13775=DIRECTION('',(-1.,0.,0.));
#13776=DIRECTION('',(1.,0.,0.));
#13777=DIRECTION('',(1.,0.,0.));
#13778=DIRECTION('',(0.,-0.194336850683608,-0.980934854343742));
#13779=DIRECTION('',(-1.,0.,0.));
#13780=DIRECTION('',(1.,0.,0.));
#13781=DIRECTION('',(0.,-0.194336850683608,-0.980934854343742));
#13782=DIRECTION('',(-1.,0.,0.));
#13783=DIRECTION('',(0.,0.,-1.));
#13784=DIRECTION('',(0.,0.980934854343741,-0.194336850683608));
#13785=DIRECTION('',(0.,0.980934854343741,-0.194336850683608));
#13786=DIRECTION('',(1.,0.,0.));
#13787=DIRECTION('',(0.,-0.194336850683608,-0.980934854343741));
#13788=DIRECTION('',(0.,-0.980934854343741,0.194336850683608));
#13789=DIRECTION('',(0.,-0.980934854343741,-0.194336850683608));
#13790=DIRECTION('',(-1.,0.,0.));
#13791=DIRECTION('',(0.,-0.980934854343741,-0.194336850683608));
#13792=DIRECTION('',(1.,0.,0.));
#13793=DIRECTION('',(0.,-0.194336850683608,0.980934854343741));
#13794=DIRECTION('',(-1.,0.,0.));
#13795=DIRECTION('',(-1.,0.,0.));
#13796=DIRECTION('',(1.,0.,0.));
#13797=DIRECTION('',(0.,0.36145635875199,0.932389028634375));
#13798=DIRECTION('',(1.,0.,0.));
#13799=DIRECTION('',(0.,0.36145635875199,0.932389028634375));
#13800=DIRECTION('',(-1.,0.,0.));
#13801=DIRECTION('',(0.,0.,-1.));
#13802=DIRECTION('',(0.,-0.932389028634375,0.36145635875199));
#13803=DIRECTION('',(-1.,0.,0.));
#13804=DIRECTION('',(0.,-0.932389028634375,0.36145635875199));
#13805=DIRECTION('',(1.,0.,0.));
#13806=DIRECTION('',(0.,0.36145635875199,0.932389028634375));
#13807=DIRECTION('',(1.,0.,0.));
#13808=DIRECTION('',(0.,0.933267336023195,-0.359182515599198));
#13809=DIRECTION('',(-1.,0.,0.));
#13810=DIRECTION('',(0.,0.933267336023195,-0.359182515599198));
#13811=DIRECTION('',(1.,0.,0.));
#13812=DIRECTION('',(0.,-0.359182515599198,-0.933267336023195));
#13813=DIRECTION('',(0.,-0.933267336023195,0.359182515599198));
#13814=DIRECTION('',(-1.,0.,0.));
#13815=DIRECTION('',(1.,0.,0.));
#13816=DIRECTION('',(0.,-1.,0.));
#13817=DIRECTION('',(1.,0.,0.));
#13818=DIRECTION('',(0.,-1.,0.));
#13819=DIRECTION('',(-1.,0.,0.));
#13820=DIRECTION('',(0.,0.,-1.));
#13821=DIRECTION('',(-1.,0.,0.));
#13822=DIRECTION('',(0.,0.,-1.));
#13823=DIRECTION('',(0.,0.,-1.));
#13824=DIRECTION('',(0.,-1.,0.));
#13825=DIRECTION('',(0.,0.,-1.));
#13826=DIRECTION('',(-1.,0.,0.));
#13827=DIRECTION('',(0.,-0.707106781186498,-0.707106781186598));
#13828=DIRECTION('',(0.,-0.707106781186498,-0.707106781186598));
#13829=DIRECTION('',(0.,-0.707106781186598,0.707106781186498));
#13830=DIRECTION('',(-1.,0.,0.));
#13831=DIRECTION('',(-1.,0.,0.));
#13832=DIRECTION('',(0.,0.,-1.));
#13833=DIRECTION('',(0.,0.,-1.));
#13834=DIRECTION('',(0.,-1.,0.));
#13835=DIRECTION('',(0.,0.,-1.));
#13836=DIRECTION('',(-1.,0.,0.));
#13837=DIRECTION('',(0.,-1.,0.));
#13838=DIRECTION('',(0.,-1.,0.));
#13839=DIRECTION('',(0.,0.,1.));
#13840=DIRECTION('',(1.,0.,0.));
#13841=DIRECTION('',(-1.,0.,0.));
#13842=DIRECTION('',(0.,0.,1.));
#13843=DIRECTION('',(0.,0.,1.));
#13844=DIRECTION('',(0.,1.,0.));
#13845=DIRECTION('',(1.,0.,0.));
#13846=DIRECTION('',(-1.,0.,0.));
#13847=DIRECTION('',(-1.,0.,0.));
#13848=DIRECTION('',(0.,-0.359182515599198,-0.933267336023196));
#13849=DIRECTION('',(-1.,0.,0.));
#13850=DIRECTION('',(0.,-0.359182515599198,-0.933267336023196));
#13851=DIRECTION('',(-1.,0.,0.));
#13852=DIRECTION('',(0.,0.,-1.));
#13853=DIRECTION('',(0.,-0.933267336023195,0.359182515599198));
#13854=DIRECTION('',(0.,-0.933267336023195,0.359182515599198));
#13855=DIRECTION('',(1.,0.,0.));
#13856=DIRECTION('',(0.,0.359182515599198,0.933267336023195));
#13857=DIRECTION('',(1.,0.,0.));
#13858=DIRECTION('',(-1.,0.,0.));
#13859=DIRECTION('',(-1.,0.,0.));
#13860=DIRECTION('',(0.,-1.,0.));
#13861=DIRECTION('',(-1.,0.,0.));
#13862=DIRECTION('',(-1.,0.,0.));
#13863=DIRECTION('',(0.,-1.,0.));
#13864=DIRECTION('',(-1.,0.,0.));
#13865=DIRECTION('',(0.,0.,-1.));
#13866=DIRECTION('',(-1.,0.,0.));
#13867=DIRECTION('',(0.,0.,1.));
#13868=DIRECTION('',(0.,0.,1.));
#13869=DIRECTION('',(0.,1.,0.));
#13870=DIRECTION('',(1.,0.,0.));
#13871=DIRECTION('',(-1.,0.,0.));
#13872=DIRECTION('',(0.,1.,0.));
#13873=DIRECTION('',(0.,1.,0.));
#13874=DIRECTION('',(0.,0.,-1.));
#13875=DIRECTION('',(0.,-1.,0.));
#13876=DIRECTION('',(-1.,0.,0.));
#13877=DIRECTION('',(0.,0.,-1.));
#13878=DIRECTION('',(0.,0.,-1.));
#13879=DIRECTION('',(0.,-1.,0.));
#13880=DIRECTION('',(0.,0.,-1.));
#13881=DIRECTION('',(-1.,0.,0.));
#13882=DIRECTION('',(0.,0.707106781186498,-0.707106781186598));
#13883=DIRECTION('',(0.,0.707106781186498,-0.707106781186598));
#13884=DIRECTION('',(0.,-0.707106781186598,-0.707106781186498));
#13885=DIRECTION('',(0.,0.707106781186498,-0.707106781186598));
#13886=DIRECTION('',(-1.,0.,0.));
#13887=DIRECTION('',(0.,0.,-1.));
#13888=DIRECTION('',(0.,0.,-1.));
#13889=DIRECTION('',(0.,-1.,0.));
#13890=DIRECTION('',(0.,0.,-1.));
#13891=DIRECTION('',(-1.,0.,0.));
#13892=DIRECTION('',(1.,0.,0.));
#13893=DIRECTION('',(0.,-0.359182515599198,0.933267336023196));
#13894=DIRECTION('',(1.,0.,0.));
#13895=DIRECTION('',(0.,-0.359182515599198,0.933267336023196));
#13896=DIRECTION('',(-1.,0.,0.));
#13897=DIRECTION('',(0.,0.,-1.));
#13898=DIRECTION('',(0.,-0.933267336023195,-0.359182515599198));
#13899=DIRECTION('',(0.,-0.933267336023195,-0.359182515599198));
#13900=DIRECTION('',(1.,0.,0.));
#13901=DIRECTION('',(0.,-0.359182515599198,0.933267336023195));
#13902=DIRECTION('',(-1.,0.,0.));
#13903=DIRECTION('',(1.,0.,0.));
#13904=DIRECTION('',(0.,-0.194336850683608,-0.980934854343742));
#13905=DIRECTION('',(0.,1.,0.));
#13906=DIRECTION('',(1.,0.,0.));
#13907=DIRECTION('',(0.,1.,0.));
#13908=DIRECTION('',(1.,0.,0.));
#13909=DIRECTION('',(0.,0.36145635875199,0.932389028634375));
#13910=DIRECTION('',(0.,-1.,0.));
#13911=DIRECTION('',(1.,0.,0.));
#13912=DIRECTION('',(0.,1.,0.));
#13913=DIRECTION('',(0.,0.,1.));
#13914=DIRECTION('',(1.,0.,0.));
#13915=DIRECTION('',(0.,1.,0.));
#13916=DIRECTION('',(0.,0.933267336023195,0.359182515599198));
#13917=DIRECTION('',(0.,0.,1.));
#13918=DIRECTION('',(1.,0.,0.));
#13919=DIRECTION('',(0.,1.,0.));
#13920=DIRECTION('',(0.,0.933267336023195,0.359182515599198));
#13921=DIRECTION('',(1.,0.,0.));
#13922=DIRECTION('',(0.,0.359182515599198,-0.933267336023195));
#13923=DIRECTION('',(-1.,0.,0.));
#13924=DIRECTION('',(1.,0.,0.));
#13925=DIRECTION('',(0.,-0.194336850683608,-0.980934854343742));
#13926=DIRECTION('',(0.,-1.,0.));
#13927=DIRECTION('',(1.,0.,0.));
#13928=DIRECTION('',(0.,1.,0.));
#13929=DIRECTION('',(1.,0.,0.));
#13930=DIRECTION('',(0.,0.36145635875199,0.932389028634375));
#13931=DIRECTION('',(0.,1.,0.));
#13932=DIRECTION('',(1.,0.,0.));
#13933=DIRECTION('',(0.,1.,0.));
#13934=DIRECTION('',(0.,0.,1.));
#13935=DIRECTION('',(1.,0.,0.));
#13936=DIRECTION('',(0.,1.,0.));
#13937=DIRECTION('',(0.,0.,1.));
#13938=DIRECTION('',(1.,0.,0.));
#13939=DIRECTION('',(0.,1.,0.));
#13940=DIRECTION('',(0.,0.932389028634375,0.36145635875199));
#13941=DIRECTION('',(-1.,0.,0.));
#13942=DIRECTION('',(0.,0.932389028634375,0.36145635875199));
#13943=DIRECTION('',(1.,0.,0.));
#13944=DIRECTION('',(0.,0.36145635875199,-0.932389028634375));
#13945=DIRECTION('',(-1.,0.,0.));
#13946=DIRECTION('',(1.,0.,0.));
#13947=DIRECTION('',(1.,0.,0.));
#13948=DIRECTION('',(0.,-0.194336850683608,-0.980934854343742));
#13949=DIRECTION('',(-1.,0.,0.));
#13950=DIRECTION('',(1.,0.,0.));
#13951=DIRECTION('',(0.,-0.194336850683608,-0.980934854343742));
#13952=DIRECTION('',(-1.,0.,0.));
#13953=DIRECTION('',(0.,0.,-1.));
#13954=DIRECTION('',(0.,0.980934854343741,-0.194336850683608));
#13955=DIRECTION('',(0.,0.980934854343741,-0.194336850683608));
#13956=DIRECTION('',(1.,0.,0.));
#13957=DIRECTION('',(0.,-0.194336850683608,-0.980934854343741));
#13958=DIRECTION('',(0.,-0.980934854343741,0.194336850683608));
#13959=DIRECTION('',(0.,-0.980934854343741,-0.194336850683608));
#13960=DIRECTION('',(-1.,0.,0.));
#13961=DIRECTION('',(0.,-0.980934854343741,-0.194336850683608));
#13962=DIRECTION('',(1.,0.,0.));
#13963=DIRECTION('',(0.,-0.194336850683608,0.980934854343741));
#13964=DIRECTION('',(-1.,0.,0.));
#13965=DIRECTION('',(-1.,0.,0.));
#13966=DIRECTION('',(1.,0.,0.));
#13967=DIRECTION('',(0.,0.36145635875199,0.932389028634375));
#13968=DIRECTION('',(1.,0.,0.));
#13969=DIRECTION('',(0.,0.36145635875199,0.932389028634375));
#13970=DIRECTION('',(-1.,0.,0.));
#13971=DIRECTION('',(0.,0.,-1.));
#13972=DIRECTION('',(0.,-0.932389028634375,0.36145635875199));
#13973=DIRECTION('',(-1.,0.,0.));
#13974=DIRECTION('',(0.,-0.932389028634375,0.36145635875199));
#13975=DIRECTION('',(1.,0.,0.));
#13976=DIRECTION('',(0.,0.36145635875199,0.932389028634375));
#13977=DIRECTION('',(1.,0.,0.));
#13978=DIRECTION('',(0.,0.933267336023195,-0.359182515599198));
#13979=DIRECTION('',(-1.,0.,0.));
#13980=DIRECTION('',(0.,0.933267336023195,-0.359182515599198));
#13981=DIRECTION('',(1.,0.,0.));
#13982=DIRECTION('',(0.,-0.359182515599198,-0.933267336023195));
#13983=DIRECTION('',(0.,-0.933267336023195,0.359182515599198));
#13984=DIRECTION('',(-1.,0.,0.));
#13985=DIRECTION('',(1.,0.,0.));
#13986=DIRECTION('',(0.,-1.,0.));
#13987=DIRECTION('',(1.,0.,0.));
#13988=DIRECTION('',(0.,-1.,0.));
#13989=DIRECTION('',(-1.,0.,0.));
#13990=DIRECTION('',(0.,0.,-1.));
#13991=DIRECTION('',(-1.,0.,0.));
#13992=DIRECTION('',(0.,0.,-1.));
#13993=DIRECTION('',(0.,0.,-1.));
#13994=DIRECTION('',(0.,-1.,0.));
#13995=DIRECTION('',(0.,0.,-1.));
#13996=DIRECTION('',(-1.,0.,0.));
#13997=DIRECTION('',(0.,-0.707106781186498,-0.707106781186598));
#13998=DIRECTION('',(0.,-0.707106781186498,-0.707106781186598));
#13999=DIRECTION('',(0.,-0.707106781186598,0.707106781186498));
#14000=DIRECTION('',(-1.,0.,0.));
#14001=DIRECTION('',(-1.,0.,0.));
#14002=DIRECTION('',(0.,0.,-1.));
#14003=DIRECTION('',(0.,0.,-1.));
#14004=DIRECTION('',(0.,-1.,0.));
#14005=DIRECTION('',(0.,0.,-1.));
#14006=DIRECTION('',(-1.,0.,0.));
#14007=DIRECTION('',(0.,-1.,0.));
#14008=DIRECTION('',(0.,-1.,0.));
#14009=DIRECTION('',(0.,0.,1.));
#14010=DIRECTION('',(1.,0.,0.));
#14011=DIRECTION('',(-1.,0.,0.));
#14012=DIRECTION('',(0.,0.,1.));
#14013=DIRECTION('',(0.,0.,1.));
#14014=DIRECTION('',(0.,1.,0.));
#14015=DIRECTION('',(1.,0.,0.));
#14016=DIRECTION('',(-1.,0.,0.));
#14017=DIRECTION('',(-1.,0.,0.));
#14018=DIRECTION('',(0.,-0.359182515599198,-0.933267336023196));
#14019=DIRECTION('',(-1.,0.,0.));
#14020=DIRECTION('',(0.,-0.359182515599198,-0.933267336023196));
#14021=DIRECTION('',(-1.,0.,0.));
#14022=DIRECTION('',(0.,0.,-1.));
#14023=DIRECTION('',(0.,-0.933267336023195,0.359182515599198));
#14024=DIRECTION('',(0.,-0.933267336023195,0.359182515599198));
#14025=DIRECTION('',(1.,0.,0.));
#14026=DIRECTION('',(0.,0.359182515599198,0.933267336023195));
#14027=DIRECTION('',(1.,0.,0.));
#14028=DIRECTION('',(-1.,0.,0.));
#14029=DIRECTION('',(-1.,0.,0.));
#14030=DIRECTION('',(0.,-1.,0.));
#14031=DIRECTION('',(-1.,0.,0.));
#14032=DIRECTION('',(-1.,0.,0.));
#14033=DIRECTION('',(0.,-1.,0.));
#14034=DIRECTION('',(-1.,0.,0.));
#14035=DIRECTION('',(0.,0.,-1.));
#14036=DIRECTION('',(-1.,0.,0.));
#14037=DIRECTION('',(0.,0.,1.));
#14038=DIRECTION('',(0.,0.,1.));
#14039=DIRECTION('',(0.,1.,0.));
#14040=DIRECTION('',(1.,0.,0.));
#14041=DIRECTION('',(-1.,0.,0.));
#14042=DIRECTION('',(0.,1.,0.));
#14043=DIRECTION('',(0.,1.,0.));
#14044=DIRECTION('',(0.,0.,-1.));
#14045=DIRECTION('',(0.,-1.,0.));
#14046=DIRECTION('',(-1.,0.,0.));
#14047=DIRECTION('',(0.,0.,-1.));
#14048=DIRECTION('',(0.,0.,-1.));
#14049=DIRECTION('',(0.,-1.,0.));
#14050=DIRECTION('',(0.,0.,-1.));
#14051=DIRECTION('',(-1.,0.,0.));
#14052=DIRECTION('',(0.,0.707106781186498,-0.707106781186598));
#14053=DIRECTION('',(0.,0.707106781186498,-0.707106781186598));
#14054=DIRECTION('',(0.,-0.707106781186598,-0.707106781186498));
#14055=DIRECTION('',(0.,0.707106781186498,-0.707106781186598));
#14056=DIRECTION('',(-1.,0.,0.));
#14057=DIRECTION('',(0.,0.,-1.));
#14058=DIRECTION('',(0.,0.,-1.));
#14059=DIRECTION('',(0.,-1.,0.));
#14060=DIRECTION('',(0.,0.,-1.));
#14061=DIRECTION('',(-1.,0.,0.));
#14062=DIRECTION('',(1.,0.,0.));
#14063=DIRECTION('',(0.,-0.359182515599198,0.933267336023196));
#14064=DIRECTION('',(1.,0.,0.));
#14065=DIRECTION('',(0.,-0.359182515599198,0.933267336023196));
#14066=DIRECTION('',(-1.,0.,0.));
#14067=DIRECTION('',(0.,0.,-1.));
#14068=DIRECTION('',(0.,-0.933267336023195,-0.359182515599198));
#14069=DIRECTION('',(0.,-0.933267336023195,-0.359182515599198));
#14070=DIRECTION('',(1.,0.,0.));
#14071=DIRECTION('',(0.,-0.359182515599198,0.933267336023195));
#14072=DIRECTION('',(-1.,0.,0.));
#14073=DIRECTION('',(1.,0.,0.));
#14074=DIRECTION('',(0.,-0.194336850683608,-0.980934854343742));
#14075=DIRECTION('',(0.,1.,0.));
#14076=DIRECTION('',(1.,0.,0.));
#14077=DIRECTION('',(0.,1.,0.));
#14078=DIRECTION('',(1.,0.,0.));
#14079=DIRECTION('',(0.,0.36145635875199,0.932389028634375));
#14080=DIRECTION('',(0.,-1.,0.));
#14081=DIRECTION('',(1.,0.,0.));
#14082=DIRECTION('',(0.,1.,0.));
#14083=DIRECTION('',(0.,0.,1.));
#14084=DIRECTION('',(1.,0.,0.));
#14085=DIRECTION('',(0.,1.,0.));
#14086=DIRECTION('',(0.,0.933267336023195,0.359182515599198));
#14087=DIRECTION('',(0.,0.,1.));
#14088=DIRECTION('',(1.,0.,0.));
#14089=DIRECTION('',(0.,1.,0.));
#14090=DIRECTION('',(0.,0.933267336023195,0.359182515599198));
#14091=DIRECTION('',(1.,0.,0.));
#14092=DIRECTION('',(0.,0.359182515599198,-0.933267336023195));
#14093=DIRECTION('',(-1.,0.,0.));
#14094=DIRECTION('',(1.,0.,0.));
#14095=DIRECTION('',(0.,-0.194336850683608,-0.980934854343742));
#14096=DIRECTION('',(0.,-1.,0.));
#14097=DIRECTION('',(1.,0.,0.));
#14098=DIRECTION('',(0.,1.,0.));
#14099=DIRECTION('',(1.,0.,0.));
#14100=DIRECTION('',(0.,0.36145635875199,0.932389028634375));
#14101=DIRECTION('',(0.,1.,0.));
#14102=DIRECTION('',(1.,0.,0.));
#14103=DIRECTION('',(0.,1.,0.));
#14104=DIRECTION('',(0.,0.,1.));
#14105=DIRECTION('',(1.,0.,0.));
#14106=DIRECTION('',(0.,1.,0.));
#14107=DIRECTION('',(0.,0.,1.));
#14108=DIRECTION('',(1.,0.,0.));
#14109=DIRECTION('',(0.,1.,0.));
#14110=DIRECTION('',(0.,0.932389028634375,0.36145635875199));
#14111=DIRECTION('',(-1.,0.,0.));
#14112=DIRECTION('',(0.,0.932389028634375,0.36145635875199));
#14113=DIRECTION('',(1.,0.,0.));
#14114=DIRECTION('',(0.,0.36145635875199,-0.932389028634375));
#14115=DIRECTION('',(-1.,0.,0.));
#14116=DIRECTION('',(1.,0.,0.));
#14117=DIRECTION('',(1.,0.,0.));
#14118=DIRECTION('',(0.,-0.194336850683608,-0.980934854343742));
#14119=DIRECTION('',(-1.,0.,0.));
#14120=DIRECTION('',(1.,0.,0.));
#14121=DIRECTION('',(0.,-0.194336850683608,-0.980934854343742));
#14122=DIRECTION('',(-1.,0.,0.));
#14123=DIRECTION('',(0.,0.,-1.));
#14124=DIRECTION('',(0.,0.980934854343741,-0.194336850683608));
#14125=DIRECTION('',(0.,0.980934854343741,-0.194336850683608));
#14126=DIRECTION('',(1.,0.,0.));
#14127=DIRECTION('',(0.,-0.194336850683608,-0.980934854343741));
#14128=DIRECTION('',(0.,-0.980934854343741,0.194336850683608));
#14129=DIRECTION('',(0.,-0.980934854343741,-0.194336850683608));
#14130=DIRECTION('',(-1.,0.,0.));
#14131=DIRECTION('',(0.,-0.980934854343741,-0.194336850683608));
#14132=DIRECTION('',(1.,0.,0.));
#14133=DIRECTION('',(0.,-0.194336850683608,0.980934854343741));
#14134=DIRECTION('',(-1.,0.,0.));
#14135=DIRECTION('',(-1.,0.,0.));
#14136=DIRECTION('',(1.,0.,0.));
#14137=DIRECTION('',(0.,0.36145635875199,0.932389028634375));
#14138=DIRECTION('',(1.,0.,0.));
#14139=DIRECTION('',(0.,0.36145635875199,0.932389028634375));
#14140=DIRECTION('',(-1.,0.,0.));
#14141=DIRECTION('',(0.,0.,-1.));
#14142=DIRECTION('',(0.,-0.932389028634375,0.36145635875199));
#14143=DIRECTION('',(-1.,0.,0.));
#14144=DIRECTION('',(0.,-0.932389028634375,0.36145635875199));
#14145=DIRECTION('',(1.,0.,0.));
#14146=DIRECTION('',(0.,0.36145635875199,0.932389028634375));
#14147=DIRECTION('',(1.,0.,0.));
#14148=DIRECTION('',(0.,0.933267336023195,-0.359182515599198));
#14149=DIRECTION('',(-1.,0.,0.));
#14150=DIRECTION('',(0.,0.933267336023195,-0.359182515599198));
#14151=DIRECTION('',(1.,0.,0.));
#14152=DIRECTION('',(0.,-0.359182515599198,-0.933267336023195));
#14153=DIRECTION('',(0.,-0.933267336023195,0.359182515599198));
#14154=DIRECTION('',(-1.,0.,0.));
#14155=DIRECTION('',(1.,0.,0.));
#14156=DIRECTION('',(0.,-1.,0.));
#14157=DIRECTION('',(1.,0.,0.));
#14158=DIRECTION('',(0.,-1.,0.));
#14159=DIRECTION('',(-1.,0.,0.));
#14160=DIRECTION('',(0.,0.,-1.));
#14161=DIRECTION('',(-1.,0.,0.));
#14162=DIRECTION('',(0.,0.,-1.));
#14163=DIRECTION('',(0.,0.,-1.));
#14164=DIRECTION('',(0.,-1.,0.));
#14165=DIRECTION('',(0.,0.,-1.));
#14166=DIRECTION('',(-1.,0.,0.));
#14167=DIRECTION('',(0.,-0.707106781186498,-0.707106781186598));
#14168=DIRECTION('',(0.,-0.707106781186498,-0.707106781186598));
#14169=DIRECTION('',(0.,-0.707106781186598,0.707106781186498));
#14170=DIRECTION('',(-1.,0.,0.));
#14171=DIRECTION('',(-1.,0.,0.));
#14172=DIRECTION('',(0.,0.,-1.));
#14173=DIRECTION('',(0.,0.,-1.));
#14174=DIRECTION('',(0.,-1.,0.));
#14175=DIRECTION('',(0.,0.,-1.));
#14176=DIRECTION('',(-1.,0.,0.));
#14177=DIRECTION('',(0.,-1.,0.));
#14178=DIRECTION('',(0.,-1.,0.));
#14179=DIRECTION('',(0.,0.,1.));
#14180=DIRECTION('',(1.,0.,0.));
#14181=DIRECTION('',(-1.,0.,0.));
#14182=DIRECTION('',(0.,0.,1.));
#14183=DIRECTION('',(0.,0.,1.));
#14184=DIRECTION('',(0.,1.,0.));
#14185=DIRECTION('',(1.,0.,0.));
#14186=DIRECTION('',(-1.,0.,0.));
#14187=DIRECTION('',(-1.,0.,0.));
#14188=DIRECTION('',(0.,-0.359182515599198,-0.933267336023196));
#14189=DIRECTION('',(-1.,0.,0.));
#14190=DIRECTION('',(0.,-0.359182515599198,-0.933267336023196));
#14191=DIRECTION('',(-1.,0.,0.));
#14192=DIRECTION('',(0.,0.,-1.));
#14193=DIRECTION('',(0.,-0.933267336023195,0.359182515599198));
#14194=DIRECTION('',(0.,-0.933267336023195,0.359182515599198));
#14195=DIRECTION('',(1.,0.,0.));
#14196=DIRECTION('',(0.,0.359182515599198,0.933267336023195));
#14197=DIRECTION('',(1.,0.,0.));
#14198=DIRECTION('',(-1.,0.,0.));
#14199=DIRECTION('',(-1.,0.,0.));
#14200=DIRECTION('',(0.,-1.,0.));
#14201=DIRECTION('',(-1.,0.,0.));
#14202=DIRECTION('',(-1.,0.,0.));
#14203=DIRECTION('',(0.,-1.,0.));
#14204=DIRECTION('',(-1.,0.,0.));
#14205=DIRECTION('',(0.,0.,-1.));
#14206=DIRECTION('',(-1.,0.,0.));
#14207=DIRECTION('',(0.,0.,1.));
#14208=DIRECTION('',(0.,0.,1.));
#14209=DIRECTION('',(0.,1.,0.));
#14210=DIRECTION('',(1.,0.,0.));
#14211=DIRECTION('',(-1.,0.,0.));
#14212=DIRECTION('',(0.,1.,0.));
#14213=DIRECTION('',(0.,1.,0.));
#14214=DIRECTION('',(0.,0.,-1.));
#14215=DIRECTION('',(0.,-1.,0.));
#14216=DIRECTION('',(-1.,0.,0.));
#14217=DIRECTION('',(0.,0.,-1.));
#14218=DIRECTION('',(0.,0.,-1.));
#14219=DIRECTION('',(0.,-1.,0.));
#14220=DIRECTION('',(0.,0.,-1.));
#14221=DIRECTION('',(-1.,0.,0.));
#14222=DIRECTION('',(0.,0.707106781186498,-0.707106781186598));
#14223=DIRECTION('',(0.,0.707106781186498,-0.707106781186598));
#14224=DIRECTION('',(0.,-0.707106781186598,-0.707106781186498));
#14225=DIRECTION('',(0.,0.707106781186498,-0.707106781186598));
#14226=DIRECTION('',(-1.,0.,0.));
#14227=DIRECTION('',(0.,0.,-1.));
#14228=DIRECTION('',(0.,0.,-1.));
#14229=DIRECTION('',(0.,-1.,0.));
#14230=DIRECTION('',(0.,0.,-1.));
#14231=DIRECTION('',(-1.,0.,0.));
#14232=DIRECTION('',(1.,0.,0.));
#14233=DIRECTION('',(0.,-0.359182515599198,0.933267336023196));
#14234=DIRECTION('',(1.,0.,0.));
#14235=DIRECTION('',(0.,-0.359182515599198,0.933267336023196));
#14236=DIRECTION('',(-1.,0.,0.));
#14237=DIRECTION('',(0.,0.,-1.));
#14238=DIRECTION('',(0.,-0.933267336023195,-0.359182515599198));
#14239=DIRECTION('',(0.,-0.933267336023195,-0.359182515599198));
#14240=DIRECTION('',(1.,0.,0.));
#14241=DIRECTION('',(0.,-0.359182515599198,0.933267336023195));
#14242=DIRECTION('',(-1.,0.,0.));
#14243=DIRECTION('',(1.,0.,0.));
#14244=DIRECTION('',(0.,-0.194336850683608,-0.980934854343742));
#14245=DIRECTION('',(0.,1.,0.));
#14246=DIRECTION('',(1.,0.,0.));
#14247=DIRECTION('',(0.,1.,0.));
#14248=DIRECTION('',(1.,0.,0.));
#14249=DIRECTION('',(0.,0.36145635875199,0.932389028634375));
#14250=DIRECTION('',(0.,-1.,0.));
#14251=DIRECTION('',(1.,0.,0.));
#14252=DIRECTION('',(0.,1.,0.));
#14253=DIRECTION('',(0.,0.,1.));
#14254=DIRECTION('',(1.,0.,0.));
#14255=DIRECTION('',(0.,1.,0.));
#14256=DIRECTION('',(0.,0.933267336023195,0.359182515599198));
#14257=DIRECTION('',(0.,0.,1.));
#14258=DIRECTION('',(1.,0.,0.));
#14259=DIRECTION('',(0.,1.,0.));
#14260=DIRECTION('',(0.,0.933267336023195,0.359182515599198));
#14261=DIRECTION('',(1.,0.,0.));
#14262=DIRECTION('',(0.,0.359182515599198,-0.933267336023195));
#14263=DIRECTION('',(-1.,0.,0.));
#14264=DIRECTION('',(1.,0.,0.));
#14265=DIRECTION('',(0.,-0.194336850683608,-0.980934854343742));
#14266=DIRECTION('',(0.,-1.,0.));
#14267=DIRECTION('',(1.,0.,0.));
#14268=DIRECTION('',(0.,1.,0.));
#14269=DIRECTION('',(1.,0.,0.));
#14270=DIRECTION('',(0.,0.36145635875199,0.932389028634375));
#14271=DIRECTION('',(0.,1.,0.));
#14272=DIRECTION('',(1.,0.,0.));
#14273=DIRECTION('',(0.,1.,0.));
#14274=DIRECTION('',(0.,0.,1.));
#14275=DIRECTION('',(1.,0.,0.));
#14276=DIRECTION('',(0.,1.,0.));
#14277=DIRECTION('',(0.,0.,1.));
#14278=DIRECTION('',(1.,0.,0.));
#14279=DIRECTION('',(0.,1.,0.));
#14280=DIRECTION('',(0.,0.932389028634375,0.36145635875199));
#14281=DIRECTION('',(-1.,0.,0.));
#14282=DIRECTION('',(0.,0.932389028634375,0.36145635875199));
#14283=DIRECTION('',(1.,0.,0.));
#14284=DIRECTION('',(0.,0.36145635875199,-0.932389028634375));
#14285=DIRECTION('',(-1.,0.,0.));
#14286=DIRECTION('',(1.,0.,0.));
#14287=DIRECTION('',(1.,0.,0.));
#14288=DIRECTION('',(0.,-0.194336850683608,-0.980934854343742));
#14289=DIRECTION('',(-1.,0.,0.));
#14290=DIRECTION('',(1.,0.,0.));
#14291=DIRECTION('',(0.,-0.194336850683608,-0.980934854343742));
#14292=DIRECTION('',(-1.,0.,0.));
#14293=DIRECTION('',(0.,0.,-1.));
#14294=DIRECTION('',(0.,0.980934854343741,-0.194336850683608));
#14295=DIRECTION('',(0.,0.980934854343741,-0.194336850683608));
#14296=DIRECTION('',(1.,0.,0.));
#14297=DIRECTION('',(0.,-0.194336850683608,-0.980934854343741));
#14298=DIRECTION('',(0.,-0.980934854343741,0.194336850683608));
#14299=DIRECTION('',(0.,-0.980934854343741,-0.194336850683608));
#14300=DIRECTION('',(-1.,0.,0.));
#14301=DIRECTION('',(0.,-0.980934854343741,-0.194336850683608));
#14302=DIRECTION('',(1.,0.,0.));
#14303=DIRECTION('',(0.,-0.194336850683608,0.980934854343741));
#14304=DIRECTION('',(-1.,0.,0.));
#14305=DIRECTION('',(-1.,0.,0.));
#14306=DIRECTION('',(1.,0.,0.));
#14307=DIRECTION('',(0.,0.36145635875199,0.932389028634375));
#14308=DIRECTION('',(1.,0.,0.));
#14309=DIRECTION('',(0.,0.36145635875199,0.932389028634375));
#14310=DIRECTION('',(-1.,0.,0.));
#14311=DIRECTION('',(0.,0.,-1.));
#14312=DIRECTION('',(0.,-0.932389028634375,0.36145635875199));
#14313=DIRECTION('',(-1.,0.,0.));
#14314=DIRECTION('',(0.,-0.932389028634375,0.36145635875199));
#14315=DIRECTION('',(1.,0.,0.));
#14316=DIRECTION('',(0.,0.36145635875199,0.932389028634375));
#14317=DIRECTION('',(1.,0.,0.));
#14318=DIRECTION('',(0.,0.933267336023195,-0.359182515599198));
#14319=DIRECTION('',(-1.,0.,0.));
#14320=DIRECTION('',(0.,0.933267336023195,-0.359182515599198));
#14321=DIRECTION('',(1.,0.,0.));
#14322=DIRECTION('',(0.,-0.359182515599198,-0.933267336023195));
#14323=DIRECTION('',(0.,-0.933267336023195,0.359182515599198));
#14324=DIRECTION('',(-1.,0.,0.));
#14325=DIRECTION('',(1.,0.,0.));
#14326=DIRECTION('',(0.,-1.,0.));
#14327=DIRECTION('',(1.,0.,0.));
#14328=DIRECTION('',(0.,-1.,0.));
#14329=DIRECTION('',(-1.,0.,0.));
#14330=DIRECTION('',(0.,0.,-1.));
#14331=DIRECTION('',(-1.,0.,0.));
#14332=DIRECTION('',(0.,0.,-1.));
#14333=DIRECTION('',(0.,0.,-1.));
#14334=DIRECTION('',(0.,-1.,0.));
#14335=DIRECTION('',(0.,0.,-1.));
#14336=DIRECTION('',(-1.,0.,0.));
#14337=DIRECTION('',(0.,-0.707106781186498,-0.707106781186598));
#14338=DIRECTION('',(0.,-0.707106781186498,-0.707106781186598));
#14339=DIRECTION('',(0.,-0.707106781186598,0.707106781186498));
#14340=DIRECTION('',(-1.,0.,0.));
#14341=DIRECTION('',(-1.,0.,0.));
#14342=DIRECTION('',(0.,0.,-1.));
#14343=DIRECTION('',(0.,0.,-1.));
#14344=DIRECTION('',(0.,-1.,0.));
#14345=DIRECTION('',(0.,0.,-1.));
#14346=DIRECTION('',(-1.,0.,0.));
#14347=DIRECTION('',(0.,-1.,0.));
#14348=DIRECTION('',(0.,-1.,0.));
#14349=DIRECTION('',(0.,0.,1.));
#14350=DIRECTION('',(1.,0.,0.));
#14351=DIRECTION('',(-1.,0.,0.));
#14352=DIRECTION('',(0.,0.,1.));
#14353=DIRECTION('',(0.,0.,1.));
#14354=DIRECTION('',(0.,1.,0.));
#14355=DIRECTION('',(1.,0.,0.));
#14356=DIRECTION('',(-1.,0.,0.));
#14357=DIRECTION('',(-1.,0.,0.));
#14358=DIRECTION('',(0.,-0.359182515599198,-0.933267336023196));
#14359=DIRECTION('',(-1.,0.,0.));
#14360=DIRECTION('',(0.,-0.359182515599198,-0.933267336023196));
#14361=DIRECTION('',(-1.,0.,0.));
#14362=DIRECTION('',(0.,0.,-1.));
#14363=DIRECTION('',(0.,-0.933267336023195,0.359182515599198));
#14364=DIRECTION('',(0.,-0.933267336023195,0.359182515599198));
#14365=DIRECTION('',(1.,0.,0.));
#14366=DIRECTION('',(0.,0.359182515599198,0.933267336023195));
#14367=DIRECTION('',(1.,0.,0.));
#14368=DIRECTION('',(-1.,0.,0.));
#14369=DIRECTION('',(-1.,0.,0.));
#14370=DIRECTION('',(0.,-1.,0.));
#14371=DIRECTION('',(-1.,0.,0.));
#14372=DIRECTION('',(-1.,0.,0.));
#14373=DIRECTION('',(0.,-1.,0.));
#14374=DIRECTION('',(-1.,0.,0.));
#14375=DIRECTION('',(0.,0.,-1.));
#14376=DIRECTION('',(-1.,0.,0.));
#14377=DIRECTION('',(0.,0.,1.));
#14378=DIRECTION('',(0.,0.,1.));
#14379=DIRECTION('',(0.,1.,0.));
#14380=DIRECTION('',(1.,0.,0.));
#14381=DIRECTION('',(-1.,0.,0.));
#14382=DIRECTION('',(0.,1.,0.));
#14383=DIRECTION('',(0.,1.,0.));
#14384=DIRECTION('',(0.,0.,-1.));
#14385=DIRECTION('',(0.,-1.,0.));
#14386=DIRECTION('',(-1.,0.,0.));
#14387=DIRECTION('',(0.,0.,-1.));
#14388=DIRECTION('',(0.,0.,-1.));
#14389=DIRECTION('',(0.,-1.,0.));
#14390=DIRECTION('',(0.,0.,-1.));
#14391=DIRECTION('',(-1.,0.,0.));
#14392=DIRECTION('',(0.,0.707106781186498,-0.707106781186598));
#14393=DIRECTION('',(0.,0.707106781186498,-0.707106781186598));
#14394=DIRECTION('',(0.,-0.707106781186598,-0.707106781186498));
#14395=DIRECTION('',(0.,0.707106781186498,-0.707106781186598));
#14396=DIRECTION('',(-1.,0.,0.));
#14397=DIRECTION('',(0.,0.,-1.));
#14398=DIRECTION('',(0.,0.,-1.));
#14399=DIRECTION('',(0.,-1.,0.));
#14400=DIRECTION('',(0.,0.,-1.));
#14401=DIRECTION('',(-1.,0.,0.));
#14402=DIRECTION('',(1.,0.,0.));
#14403=DIRECTION('',(0.,-0.359182515599198,0.933267336023196));
#14404=DIRECTION('',(1.,0.,0.));
#14405=DIRECTION('',(0.,-0.359182515599198,0.933267336023196));
#14406=DIRECTION('',(-1.,0.,0.));
#14407=DIRECTION('',(0.,0.,-1.));
#14408=DIRECTION('',(0.,-0.933267336023195,-0.359182515599198));
#14409=DIRECTION('',(0.,-0.933267336023195,-0.359182515599198));
#14410=DIRECTION('',(1.,0.,0.));
#14411=DIRECTION('',(0.,-0.359182515599198,0.933267336023195));
#14412=DIRECTION('',(-1.,0.,0.));
#14413=DIRECTION('',(1.,0.,0.));
#14414=DIRECTION('',(0.,-0.194336850683608,-0.980934854343742));
#14415=DIRECTION('',(0.,1.,0.));
#14416=DIRECTION('',(1.,0.,0.));
#14417=DIRECTION('',(0.,1.,0.));
#14418=DIRECTION('',(1.,0.,0.));
#14419=DIRECTION('',(0.,0.36145635875199,0.932389028634375));
#14420=DIRECTION('',(0.,-1.,0.));
#14421=DIRECTION('',(1.,0.,0.));
#14422=DIRECTION('',(0.,1.,0.));
#14423=DIRECTION('',(0.,0.,1.));
#14424=DIRECTION('',(1.,0.,0.));
#14425=DIRECTION('',(0.,1.,0.));
#14426=DIRECTION('',(0.,0.933267336023195,0.359182515599198));
#14427=DIRECTION('',(0.,0.,1.));
#14428=DIRECTION('',(1.,0.,0.));
#14429=DIRECTION('',(0.,1.,0.));
#14430=DIRECTION('',(0.,0.933267336023195,0.359182515599198));
#14431=DIRECTION('',(1.,0.,0.));
#14432=DIRECTION('',(0.,0.359182515599198,-0.933267336023195));
#14433=DIRECTION('',(-1.,0.,0.));
#14434=DIRECTION('',(1.,0.,0.));
#14435=DIRECTION('',(0.,-0.194336850683608,-0.980934854343742));
#14436=DIRECTION('',(0.,-1.,0.));
#14437=DIRECTION('',(1.,0.,0.));
#14438=DIRECTION('',(0.,1.,0.));
#14439=DIRECTION('',(1.,0.,0.));
#14440=DIRECTION('',(0.,0.36145635875199,0.932389028634375));
#14441=DIRECTION('',(0.,1.,0.));
#14442=DIRECTION('',(1.,0.,0.));
#14443=DIRECTION('',(0.,1.,0.));
#14444=DIRECTION('',(0.,0.,1.));
#14445=DIRECTION('',(1.,0.,0.));
#14446=DIRECTION('',(0.,1.,0.));
#14447=DIRECTION('',(0.,0.,1.));
#14448=DIRECTION('',(1.,0.,0.));
#14449=DIRECTION('',(0.,1.,0.));
#14450=DIRECTION('',(0.,0.932389028634375,0.36145635875199));
#14451=DIRECTION('',(-1.,0.,0.));
#14452=DIRECTION('',(0.,0.932389028634375,0.36145635875199));
#14453=DIRECTION('',(1.,0.,0.));
#14454=DIRECTION('',(0.,0.36145635875199,-0.932389028634375));
#14455=DIRECTION('',(-1.,0.,0.));
#14456=DIRECTION('',(1.,0.,0.));
#14457=DIRECTION('',(1.,0.,0.));
#14458=DIRECTION('',(0.,-0.194336850683608,-0.980934854343742));
#14459=DIRECTION('',(-1.,0.,0.));
#14460=DIRECTION('',(1.,0.,0.));
#14461=DIRECTION('',(0.,-0.194336850683608,-0.980934854343742));
#14462=DIRECTION('',(-1.,0.,0.));
#14463=DIRECTION('',(0.,0.,-1.));
#14464=DIRECTION('',(0.,0.980934854343741,-0.194336850683608));
#14465=DIRECTION('',(0.,0.980934854343741,-0.194336850683608));
#14466=DIRECTION('',(1.,0.,0.));
#14467=DIRECTION('',(0.,-0.194336850683608,-0.980934854343741));
#14468=DIRECTION('',(0.,-0.980934854343741,0.194336850683608));
#14469=DIRECTION('',(0.,-0.980934854343741,-0.194336850683608));
#14470=DIRECTION('',(-1.,0.,0.));
#14471=DIRECTION('',(0.,-0.980934854343741,-0.194336850683608));
#14472=DIRECTION('',(1.,0.,0.));
#14473=DIRECTION('',(0.,-0.194336850683608,0.980934854343741));
#14474=DIRECTION('',(-1.,0.,0.));
#14475=DIRECTION('',(-1.,0.,0.));
#14476=DIRECTION('',(1.,0.,0.));
#14477=DIRECTION('',(0.,0.36145635875199,0.932389028634375));
#14478=DIRECTION('',(1.,0.,0.));
#14479=DIRECTION('',(0.,0.36145635875199,0.932389028634375));
#14480=DIRECTION('',(-1.,0.,0.));
#14481=DIRECTION('',(0.,0.,-1.));
#14482=DIRECTION('',(0.,-0.932389028634375,0.36145635875199));
#14483=DIRECTION('',(-1.,0.,0.));
#14484=DIRECTION('',(0.,-0.932389028634375,0.36145635875199));
#14485=DIRECTION('',(1.,0.,0.));
#14486=DIRECTION('',(0.,0.36145635875199,0.932389028634375));
#14487=DIRECTION('',(1.,0.,0.));
#14488=DIRECTION('',(0.,0.933267336023195,-0.359182515599198));
#14489=DIRECTION('',(-1.,0.,0.));
#14490=DIRECTION('',(0.,0.933267336023195,-0.359182515599198));
#14491=DIRECTION('',(1.,0.,0.));
#14492=DIRECTION('',(0.,-0.359182515599198,-0.933267336023195));
#14493=DIRECTION('',(0.,-0.933267336023195,0.359182515599198));
#14494=DIRECTION('',(-1.,0.,0.));
#14495=DIRECTION('',(1.,0.,0.));
#14496=DIRECTION('',(0.,-1.,0.));
#14497=DIRECTION('',(1.,0.,0.));
#14498=DIRECTION('',(0.,-1.,0.));
#14499=DIRECTION('',(-1.,0.,0.));
#14500=DIRECTION('',(0.,0.,-1.));
#14501=DIRECTION('',(-1.,0.,0.));
#14502=DIRECTION('',(0.,0.,-1.));
#14503=DIRECTION('',(0.,0.,-1.));
#14504=DIRECTION('',(0.,-1.,0.));
#14505=DIRECTION('',(0.,0.,-1.));
#14506=DIRECTION('',(-1.,0.,0.));
#14507=DIRECTION('',(0.,-0.707106781186498,-0.707106781186598));
#14508=DIRECTION('',(0.,-0.707106781186498,-0.707106781186598));
#14509=DIRECTION('',(0.,-0.707106781186598,0.707106781186498));
#14510=DIRECTION('',(-1.,0.,0.));
#14511=DIRECTION('',(-1.,0.,0.));
#14512=DIRECTION('',(0.,0.,-1.));
#14513=DIRECTION('',(0.,0.,-1.));
#14514=DIRECTION('',(0.,-1.,0.));
#14515=DIRECTION('',(0.,0.,-1.));
#14516=DIRECTION('',(-1.,0.,0.));
#14517=DIRECTION('',(0.,-1.,0.));
#14518=DIRECTION('',(0.,-1.,0.));
#14519=DIRECTION('',(0.,0.,1.));
#14520=DIRECTION('',(1.,0.,0.));
#14521=DIRECTION('',(-1.,0.,0.));
#14522=DIRECTION('',(0.,0.,1.));
#14523=DIRECTION('',(0.,0.,1.));
#14524=DIRECTION('',(0.,1.,0.));
#14525=DIRECTION('',(1.,0.,0.));
#14526=DIRECTION('',(-1.,0.,0.));
#14527=DIRECTION('',(-1.,0.,0.));
#14528=DIRECTION('',(0.,-0.359182515599198,-0.933267336023196));
#14529=DIRECTION('',(-1.,0.,0.));
#14530=DIRECTION('',(0.,-0.359182515599198,-0.933267336023196));
#14531=DIRECTION('',(-1.,0.,0.));
#14532=DIRECTION('',(0.,0.,-1.));
#14533=DIRECTION('',(0.,-0.933267336023195,0.359182515599198));
#14534=DIRECTION('',(0.,-0.933267336023195,0.359182515599198));
#14535=DIRECTION('',(1.,0.,0.));
#14536=DIRECTION('',(0.,0.359182515599198,0.933267336023195));
#14537=DIRECTION('',(1.,0.,0.));
#14538=DIRECTION('',(-1.,0.,0.));
#14539=DIRECTION('',(-1.,0.,0.));
#14540=DIRECTION('',(0.,-1.,0.));
#14541=DIRECTION('',(-1.,0.,0.));
#14542=DIRECTION('',(-1.,0.,0.));
#14543=DIRECTION('',(0.,-1.,0.));
#14544=DIRECTION('',(-1.,0.,0.));
#14545=DIRECTION('',(0.,0.,-1.));
#14546=DIRECTION('',(-1.,0.,0.));
#14547=DIRECTION('',(0.,0.,1.));
#14548=DIRECTION('',(0.,0.,1.));
#14549=DIRECTION('',(0.,1.,0.));
#14550=DIRECTION('',(1.,0.,0.));
#14551=DIRECTION('',(-1.,0.,0.));
#14552=DIRECTION('',(0.,1.,0.));
#14553=DIRECTION('',(0.,1.,0.));
#14554=DIRECTION('',(0.,0.,-1.));
#14555=DIRECTION('',(0.,-1.,0.));
#14556=DIRECTION('',(-1.,0.,0.));
#14557=DIRECTION('',(0.,0.,-1.));
#14558=DIRECTION('',(0.,0.,-1.));
#14559=DIRECTION('',(0.,-1.,0.));
#14560=DIRECTION('',(0.,0.,-1.));
#14561=DIRECTION('',(-1.,0.,0.));
#14562=DIRECTION('',(0.,0.707106781186498,-0.707106781186598));
#14563=DIRECTION('',(0.,0.707106781186498,-0.707106781186598));
#14564=DIRECTION('',(0.,-0.707106781186598,-0.707106781186498));
#14565=DIRECTION('',(0.,0.707106781186498,-0.707106781186598));
#14566=DIRECTION('',(-1.,0.,0.));
#14567=DIRECTION('',(0.,0.,-1.));
#14568=DIRECTION('',(0.,0.,-1.));
#14569=DIRECTION('',(0.,-1.,0.));
#14570=DIRECTION('',(0.,0.,-1.));
#14571=DIRECTION('',(-1.,0.,0.));
#14572=DIRECTION('',(1.,0.,0.));
#14573=DIRECTION('',(0.,-0.359182515599198,0.933267336023196));
#14574=DIRECTION('',(1.,0.,0.));
#14575=DIRECTION('',(0.,-0.359182515599198,0.933267336023196));
#14576=DIRECTION('',(-1.,0.,0.));
#14577=DIRECTION('',(0.,0.,-1.));
#14578=DIRECTION('',(0.,-0.933267336023195,-0.359182515599198));
#14579=DIRECTION('',(0.,-0.933267336023195,-0.359182515599198));
#14580=DIRECTION('',(1.,0.,0.));
#14581=DIRECTION('',(0.,-0.359182515599198,0.933267336023195));
#14582=DIRECTION('',(-1.,0.,0.));
#14583=DIRECTION('',(1.,0.,0.));
#14584=DIRECTION('',(0.,-0.194336850683608,-0.980934854343742));
#14585=DIRECTION('',(0.,1.,0.));
#14586=DIRECTION('',(1.,0.,0.));
#14587=DIRECTION('',(0.,1.,0.));
#14588=DIRECTION('',(1.,0.,0.));
#14589=DIRECTION('',(0.,0.36145635875199,0.932389028634375));
#14590=DIRECTION('',(0.,-1.,0.));
#14591=DIRECTION('',(1.,0.,0.));
#14592=DIRECTION('',(0.,1.,0.));
#14593=DIRECTION('',(0.,0.,1.));
#14594=DIRECTION('',(1.,0.,0.));
#14595=DIRECTION('',(0.,1.,0.));
#14596=DIRECTION('',(0.,0.933267336023195,0.359182515599198));
#14597=DIRECTION('',(0.,0.,1.));
#14598=DIRECTION('',(1.,0.,0.));
#14599=DIRECTION('',(0.,1.,0.));
#14600=DIRECTION('',(0.,0.933267336023195,0.359182515599198));
#14601=DIRECTION('',(1.,0.,0.));
#14602=DIRECTION('',(0.,0.359182515599198,-0.933267336023195));
#14603=DIRECTION('',(-1.,0.,0.));
#14604=DIRECTION('',(1.,0.,0.));
#14605=DIRECTION('',(0.,-0.194336850683608,-0.980934854343742));
#14606=DIRECTION('',(0.,-1.,0.));
#14607=DIRECTION('',(1.,0.,0.));
#14608=DIRECTION('',(0.,1.,0.));
#14609=DIRECTION('',(1.,0.,0.));
#14610=DIRECTION('',(0.,0.36145635875199,0.932389028634375));
#14611=DIRECTION('',(0.,1.,0.));
#14612=DIRECTION('',(1.,0.,0.));
#14613=DIRECTION('',(0.,1.,0.));
#14614=DIRECTION('',(0.,0.,1.));
#14615=DIRECTION('',(1.,0.,0.));
#14616=DIRECTION('',(0.,1.,0.));
#14617=DIRECTION('',(0.,0.,1.));
#14618=DIRECTION('',(1.,0.,0.));
#14619=DIRECTION('',(0.,1.,0.));
#14620=DIRECTION('',(0.,0.932389028634375,0.36145635875199));
#14621=DIRECTION('',(-1.,0.,0.));
#14622=DIRECTION('',(0.,0.932389028634375,0.36145635875199));
#14623=DIRECTION('',(1.,0.,0.));
#14624=DIRECTION('',(0.,0.36145635875199,-0.932389028634375));
#14625=DIRECTION('',(-1.,0.,0.));
#14626=DIRECTION('',(1.,0.,0.));
#14627=DIRECTION('',(1.,0.,0.));
#14628=DIRECTION('',(0.,-0.194336850683608,-0.980934854343742));
#14629=DIRECTION('',(-1.,0.,0.));
#14630=DIRECTION('',(1.,0.,0.));
#14631=DIRECTION('',(0.,-0.194336850683608,-0.980934854343742));
#14632=DIRECTION('',(-1.,0.,0.));
#14633=DIRECTION('',(0.,0.,-1.));
#14634=DIRECTION('',(0.,0.980934854343741,-0.194336850683608));
#14635=DIRECTION('',(0.,0.980934854343741,-0.194336850683608));
#14636=DIRECTION('',(1.,0.,0.));
#14637=DIRECTION('',(0.,-0.194336850683608,-0.980934854343741));
#14638=DIRECTION('',(0.,-0.980934854343741,0.194336850683608));
#14639=DIRECTION('',(0.,-0.980934854343741,-0.194336850683608));
#14640=DIRECTION('',(-1.,0.,0.));
#14641=DIRECTION('',(0.,-0.980934854343741,-0.194336850683608));
#14642=DIRECTION('',(1.,0.,0.));
#14643=DIRECTION('',(0.,-0.194336850683608,0.980934854343741));
#14644=DIRECTION('',(-1.,0.,0.));
#14645=DIRECTION('',(-1.,0.,0.));
#14646=DIRECTION('',(1.,0.,0.));
#14647=DIRECTION('',(0.,0.36145635875199,0.932389028634375));
#14648=DIRECTION('',(1.,0.,0.));
#14649=DIRECTION('',(0.,0.36145635875199,0.932389028634375));
#14650=DIRECTION('',(-1.,0.,0.));
#14651=DIRECTION('',(0.,0.,-1.));
#14652=DIRECTION('',(0.,-0.932389028634375,0.36145635875199));
#14653=DIRECTION('',(-1.,0.,0.));
#14654=DIRECTION('',(0.,-0.932389028634375,0.36145635875199));
#14655=DIRECTION('',(1.,0.,0.));
#14656=DIRECTION('',(0.,0.36145635875199,0.932389028634375));
#14657=DIRECTION('',(1.,0.,0.));
#14658=DIRECTION('',(0.,0.933267336023195,-0.359182515599198));
#14659=DIRECTION('',(-1.,0.,0.));
#14660=DIRECTION('',(0.,0.933267336023195,-0.359182515599198));
#14661=DIRECTION('',(1.,0.,0.));
#14662=DIRECTION('',(0.,-0.359182515599198,-0.933267336023195));
#14663=DIRECTION('',(0.,-0.933267336023195,0.359182515599198));
#14664=DIRECTION('',(-1.,0.,0.));
#14665=DIRECTION('',(1.,0.,0.));
#14666=DIRECTION('',(0.,-1.,0.));
#14667=DIRECTION('',(1.,0.,0.));
#14668=DIRECTION('',(0.,-1.,0.));
#14669=DIRECTION('',(-1.,0.,0.));
#14670=DIRECTION('',(0.,0.,-1.));
#14671=DIRECTION('',(-1.,0.,0.));
#14672=DIRECTION('',(0.,0.,-1.));
#14673=DIRECTION('',(0.,0.,-1.));
#14674=DIRECTION('',(0.,-1.,0.));
#14675=DIRECTION('',(0.,0.,-1.));
#14676=DIRECTION('',(-1.,0.,0.));
#14677=DIRECTION('',(0.,-0.707106781186498,-0.707106781186598));
#14678=DIRECTION('',(0.,-0.707106781186498,-0.707106781186598));
#14679=DIRECTION('',(0.,-0.707106781186598,0.707106781186498));
#14680=DIRECTION('',(-1.,0.,0.));
#14681=DIRECTION('',(-1.,0.,0.));
#14682=DIRECTION('',(0.,0.,-1.));
#14683=DIRECTION('',(0.,0.,-1.));
#14684=DIRECTION('',(0.,-1.,0.));
#14685=DIRECTION('',(0.,0.,-1.));
#14686=DIRECTION('',(-1.,0.,0.));
#14687=DIRECTION('',(0.,-1.,0.));
#14688=DIRECTION('',(0.,-1.,0.));
#14689=DIRECTION('',(0.,0.,1.));
#14690=DIRECTION('',(1.,0.,0.));
#14691=DIRECTION('',(-1.,0.,0.));
#14692=DIRECTION('',(0.,0.,1.));
#14693=DIRECTION('',(0.,0.,1.));
#14694=DIRECTION('',(0.,1.,0.));
#14695=DIRECTION('',(1.,0.,0.));
#14696=DIRECTION('',(-1.,0.,0.));
#14697=DIRECTION('',(-1.,0.,0.));
#14698=DIRECTION('',(0.,-0.359182515599198,-0.933267336023196));
#14699=DIRECTION('',(-1.,0.,0.));
#14700=DIRECTION('',(0.,-0.359182515599198,-0.933267336023196));
#14701=DIRECTION('',(-1.,0.,0.));
#14702=DIRECTION('',(0.,0.,-1.));
#14703=DIRECTION('',(0.,-0.933267336023195,0.359182515599198));
#14704=DIRECTION('',(0.,-0.933267336023195,0.359182515599198));
#14705=DIRECTION('',(1.,0.,0.));
#14706=DIRECTION('',(0.,0.359182515599198,0.933267336023195));
#14707=DIRECTION('',(1.,0.,0.));
#14708=DIRECTION('',(-1.,0.,0.));
#14709=DIRECTION('',(-1.,0.,0.));
#14710=DIRECTION('',(0.,-1.,0.));
#14711=DIRECTION('',(-1.,0.,0.));
#14712=DIRECTION('',(-1.,0.,0.));
#14713=DIRECTION('',(0.,-1.,0.));
#14714=DIRECTION('',(-1.,0.,0.));
#14715=DIRECTION('',(0.,0.,-1.));
#14716=DIRECTION('',(-1.,0.,0.));
#14717=DIRECTION('',(0.,0.,1.));
#14718=DIRECTION('',(0.,0.,1.));
#14719=DIRECTION('',(0.,1.,0.));
#14720=DIRECTION('',(1.,0.,0.));
#14721=DIRECTION('',(-1.,0.,0.));
#14722=DIRECTION('',(0.,1.,0.));
#14723=DIRECTION('',(0.,1.,0.));
#14724=DIRECTION('',(0.,0.,-1.));
#14725=DIRECTION('',(0.,-1.,0.));
#14726=DIRECTION('',(-1.,0.,0.));
#14727=DIRECTION('',(0.,0.,-1.));
#14728=DIRECTION('',(0.,0.,-1.));
#14729=DIRECTION('',(0.,-1.,0.));
#14730=DIRECTION('',(0.,0.,-1.));
#14731=DIRECTION('',(-1.,0.,0.));
#14732=DIRECTION('',(0.,0.707106781186498,-0.707106781186598));
#14733=DIRECTION('',(0.,0.707106781186498,-0.707106781186598));
#14734=DIRECTION('',(0.,-0.707106781186598,-0.707106781186498));
#14735=DIRECTION('',(0.,0.707106781186498,-0.707106781186598));
#14736=DIRECTION('',(-1.,0.,0.));
#14737=DIRECTION('',(0.,0.,-1.));
#14738=DIRECTION('',(0.,0.,-1.));
#14739=DIRECTION('',(0.,-1.,0.));
#14740=DIRECTION('',(0.,0.,-1.));
#14741=DIRECTION('',(-1.,0.,0.));
#14742=DIRECTION('',(1.,0.,0.));
#14743=DIRECTION('',(0.,-0.359182515599198,0.933267336023196));
#14744=DIRECTION('',(1.,0.,0.));
#14745=DIRECTION('',(0.,-0.359182515599198,0.933267336023196));
#14746=DIRECTION('',(-1.,0.,0.));
#14747=DIRECTION('',(0.,0.,-1.));
#14748=DIRECTION('',(0.,-0.933267336023195,-0.359182515599198));
#14749=DIRECTION('',(0.,-0.933267336023195,-0.359182515599198));
#14750=DIRECTION('',(1.,0.,0.));
#14751=DIRECTION('',(0.,-0.359182515599198,0.933267336023195));
#14752=DIRECTION('',(-1.,0.,0.));
#14753=DIRECTION('',(1.,0.,0.));
#14754=DIRECTION('',(0.,-0.194336850683608,-0.980934854343742));
#14755=DIRECTION('',(0.,1.,0.));
#14756=DIRECTION('',(1.,0.,0.));
#14757=DIRECTION('',(0.,1.,0.));
#14758=DIRECTION('',(1.,0.,0.));
#14759=DIRECTION('',(0.,0.36145635875199,0.932389028634375));
#14760=DIRECTION('',(0.,-1.,0.));
#14761=DIRECTION('',(1.,0.,0.));
#14762=DIRECTION('',(0.,1.,0.));
#14763=DIRECTION('',(0.,0.,1.));
#14764=DIRECTION('',(1.,0.,0.));
#14765=DIRECTION('',(0.,1.,0.));
#14766=DIRECTION('',(0.,0.933267336023195,0.359182515599198));
#14767=DIRECTION('',(0.,0.,1.));
#14768=DIRECTION('',(1.,0.,0.));
#14769=DIRECTION('',(0.,1.,0.));
#14770=DIRECTION('',(0.,0.933267336023195,0.359182515599198));
#14771=DIRECTION('',(1.,0.,0.));
#14772=DIRECTION('',(0.,0.359182515599198,-0.933267336023195));
#14773=DIRECTION('',(-1.,0.,0.));
#14774=DIRECTION('',(1.,0.,0.));
#14775=DIRECTION('',(0.,-0.194336850683608,-0.980934854343742));
#14776=DIRECTION('',(0.,-1.,0.));
#14777=DIRECTION('',(1.,0.,0.));
#14778=DIRECTION('',(0.,1.,0.));
#14779=DIRECTION('',(1.,0.,0.));
#14780=DIRECTION('',(0.,0.36145635875199,0.932389028634375));
#14781=DIRECTION('',(0.,1.,0.));
#14782=DIRECTION('',(1.,0.,0.));
#14783=DIRECTION('',(0.,1.,0.));
#14784=DIRECTION('',(0.,0.,1.));
#14785=DIRECTION('',(1.,0.,0.));
#14786=DIRECTION('',(0.,1.,0.));
#14787=DIRECTION('',(0.,0.,1.));
#14788=DIRECTION('',(1.,0.,0.));
#14789=DIRECTION('',(0.,1.,0.));
#14790=DIRECTION('',(0.,0.932389028634375,0.36145635875199));
#14791=DIRECTION('',(-1.,0.,0.));
#14792=DIRECTION('',(0.,0.932389028634375,0.36145635875199));
#14793=DIRECTION('',(1.,0.,0.));
#14794=DIRECTION('',(0.,0.36145635875199,-0.932389028634375));
#14795=DIRECTION('',(-1.,0.,0.));
#14796=DIRECTION('',(1.,0.,0.));
#14797=DIRECTION('',(1.,0.,0.));
#14798=DIRECTION('',(0.,-0.194336850683608,-0.980934854343742));
#14799=DIRECTION('',(-1.,0.,0.));
#14800=DIRECTION('',(1.,0.,0.));
#14801=DIRECTION('',(0.,-0.194336850683608,-0.980934854343742));
#14802=DIRECTION('',(-1.,0.,0.));
#14803=DIRECTION('',(0.,0.,-1.));
#14804=DIRECTION('',(0.,0.980934854343741,-0.194336850683608));
#14805=DIRECTION('',(0.,0.980934854343741,-0.194336850683608));
#14806=DIRECTION('',(1.,0.,0.));
#14807=DIRECTION('',(0.,-0.194336850683608,-0.980934854343741));
#14808=DIRECTION('',(0.,-0.980934854343741,0.194336850683608));
#14809=DIRECTION('',(0.,-0.980934854343741,-0.194336850683608));
#14810=DIRECTION('',(-1.,0.,0.));
#14811=DIRECTION('',(0.,-0.980934854343741,-0.194336850683608));
#14812=DIRECTION('',(1.,0.,0.));
#14813=DIRECTION('',(0.,-0.194336850683608,0.980934854343741));
#14814=DIRECTION('',(-1.,0.,0.));
#14815=DIRECTION('',(-1.,0.,0.));
#14816=DIRECTION('',(1.,0.,0.));
#14817=DIRECTION('',(0.,0.36145635875199,0.932389028634375));
#14818=DIRECTION('',(1.,0.,0.));
#14819=DIRECTION('',(0.,0.36145635875199,0.932389028634375));
#14820=DIRECTION('',(-1.,0.,0.));
#14821=DIRECTION('',(0.,0.,-1.));
#14822=DIRECTION('',(0.,-0.932389028634375,0.36145635875199));
#14823=DIRECTION('',(-1.,0.,0.));
#14824=DIRECTION('',(0.,-0.932389028634375,0.36145635875199));
#14825=DIRECTION('',(1.,0.,0.));
#14826=DIRECTION('',(0.,0.36145635875199,0.932389028634375));
#14827=DIRECTION('',(1.,0.,0.));
#14828=DIRECTION('',(0.,0.933267336023195,-0.359182515599198));
#14829=DIRECTION('',(-1.,0.,0.));
#14830=DIRECTION('',(0.,0.933267336023195,-0.359182515599198));
#14831=DIRECTION('',(1.,0.,0.));
#14832=DIRECTION('',(0.,-0.359182515599198,-0.933267336023195));
#14833=DIRECTION('',(0.,-0.933267336023195,0.359182515599198));
#14834=DIRECTION('',(-1.,0.,0.));
#14835=DIRECTION('',(1.,0.,0.));
#14836=DIRECTION('',(0.,-1.,0.));
#14837=DIRECTION('',(1.,0.,0.));
#14838=DIRECTION('',(0.,-1.,0.));
#14839=DIRECTION('',(-1.,0.,0.));
#14840=DIRECTION('',(0.,0.,-1.));
#14841=DIRECTION('',(-1.,0.,0.));
#14842=DIRECTION('',(0.,0.,-1.));
#14843=DIRECTION('',(0.,0.,-1.));
#14844=DIRECTION('',(0.,-1.,0.));
#14845=DIRECTION('',(0.,0.,-1.));
#14846=DIRECTION('',(-1.,0.,0.));
#14847=DIRECTION('',(0.,-0.707106781186498,-0.707106781186598));
#14848=DIRECTION('',(0.,-0.707106781186498,-0.707106781186598));
#14849=DIRECTION('',(0.,-0.707106781186598,0.707106781186498));
#14850=DIRECTION('',(-1.,0.,0.));
#14851=DIRECTION('',(-1.,0.,0.));
#14852=DIRECTION('',(0.,0.,-1.));
#14853=DIRECTION('',(0.,0.,-1.));
#14854=DIRECTION('',(0.,-1.,0.));
#14855=DIRECTION('',(0.,0.,-1.));
#14856=DIRECTION('',(-1.,0.,0.));
#14857=DIRECTION('',(0.,-1.,0.));
#14858=DIRECTION('',(0.,-1.,0.));
#14859=DIRECTION('',(0.,0.,1.));
#14860=DIRECTION('',(1.,0.,0.));
#14861=DIRECTION('',(-1.,0.,0.));
#14862=DIRECTION('',(0.,0.,1.));
#14863=DIRECTION('',(0.,0.,1.));
#14864=DIRECTION('',(0.,1.,0.));
#14865=DIRECTION('',(1.,0.,0.));
#14866=DIRECTION('',(-1.,0.,0.));
#14867=DIRECTION('',(-1.,0.,0.));
#14868=DIRECTION('',(0.,-0.359182515599198,-0.933267336023196));
#14869=DIRECTION('',(-1.,0.,0.));
#14870=DIRECTION('',(0.,-0.359182515599198,-0.933267336023196));
#14871=DIRECTION('',(-1.,0.,0.));
#14872=DIRECTION('',(0.,0.,-1.));
#14873=DIRECTION('',(0.,-0.933267336023195,0.359182515599198));
#14874=DIRECTION('',(0.,-0.933267336023195,0.359182515599198));
#14875=DIRECTION('',(1.,0.,0.));
#14876=DIRECTION('',(0.,0.359182515599198,0.933267336023195));
#14877=DIRECTION('',(1.,0.,0.));
#14878=DIRECTION('',(1.,0.,0.));
#14879=DIRECTION('',(0.,-0.194336850683608,-0.980934854343742));
#14880=DIRECTION('',(0.,1.,0.));
#14881=DIRECTION('',(1.,0.,0.));
#14882=DIRECTION('',(0.,1.,0.));
#14883=DIRECTION('',(1.,0.,0.));
#14884=DIRECTION('',(0.,0.36145635875199,0.932389028634375));
#14885=DIRECTION('',(0.,-1.,0.));
#14886=DIRECTION('',(1.,0.,0.));
#14887=DIRECTION('',(0.,1.,0.));
#14888=DIRECTION('',(0.,0.,1.));
#14889=DIRECTION('',(1.,0.,0.));
#14890=DIRECTION('',(0.,1.,0.));
#14891=DIRECTION('',(0.,0.933267336023195,0.359182515599198));
#14892=DIRECTION('',(-1.,0.,0.));
#14893=DIRECTION('',(0.,-1.,0.));
#14894=DIRECTION('',(0.,0.,1.));
#14895=DIRECTION('',(0.,1.,0.));
#14896=DIRECTION('',(0.,0.,-1.));
#14897=DIRECTION('',(0.,0.707106781186498,-0.707106781186598));
#14898=DIRECTION('',(0.,0.,-1.));
#14899=DIRECTION('',(1.,0.,0.));
#14900=DIRECTION('',(0.,-0.359182515599198,0.933267336023196));
#14901=DIRECTION('',(0.,-0.933267336023195,-0.359182515599198));
#14902=DIRECTION('',(0.,0.,1.));
#14903=DIRECTION('',(1.,0.,0.));
#14904=DIRECTION('',(0.,1.,0.));
#14905=DIRECTION('',(0.,0.933267336023195,0.359182515599198));
#14906=DIRECTION('',(-1.,0.,0.));
#14907=DIRECTION('',(1.,0.,0.));
#14908=DIRECTION('',(0.,0.359182515599198,-0.933267336023195));
#14909=DIRECTION('',(-1.,0.,0.));
#14910=DIRECTION('',(-1.,0.,0.));
#14911=DIRECTION('',(-1.,0.,0.));
#14912=DIRECTION('',(0.,-1.,0.));
#14913=DIRECTION('',(-1.,0.,0.));
#14914=DIRECTION('',(0.,0.,-1.));
#14915=DIRECTION('',(-1.,0.,0.));
#14916=DIRECTION('',(0.,0.,1.));
#14917=DIRECTION('',(0.,1.,0.));
#14918=DIRECTION('',(1.,0.,0.));
#14919=DIRECTION('',(-1.,0.,0.));
#14920=DIRECTION('',(0.,1.,0.));
#14921=DIRECTION('',(0.,0.,-1.));
#14922=DIRECTION('',(0.,-1.,0.));
#14923=DIRECTION('',(-1.,0.,0.));
#14924=DIRECTION('',(0.,0.,-1.));
#14925=DIRECTION('',(0.,-1.,0.));
#14926=DIRECTION('',(0.,0.,-1.));
#14927=DIRECTION('',(-1.,0.,0.));
#14928=DIRECTION('',(0.,0.707106781186498,-0.707106781186598));
#14929=DIRECTION('',(0.,-0.707106781186598,-0.707106781186498));
#14930=DIRECTION('',(0.,0.707106781186498,-0.707106781186598));
#14931=DIRECTION('',(-1.,0.,0.));
#14932=DIRECTION('',(0.,0.,-1.));
#14933=DIRECTION('',(0.,-1.,0.));
#14934=DIRECTION('',(0.,0.,-1.));
#14935=DIRECTION('',(-1.,0.,0.));
#14936=DIRECTION('',(1.,0.,0.));
#14937=DIRECTION('',(0.,-0.359182515599198,0.933267336023196));
#14938=DIRECTION('',(-1.,0.,0.));
#14939=DIRECTION('',(0.,0.,-1.));
#14940=DIRECTION('',(0.,-0.933267336023195,-0.359182515599198));
#14941=DIRECTION('',(1.,0.,0.));
#14942=DIRECTION('',(0.,-0.359182515599198,0.933267336023195));
#14943=DIRECTION('',(-1.,0.,0.));
#14944=DIRECTION('',(-1.,0.,0.));
#14945=DIRECTION('',(0.,0.933267336023195,-0.359182515599198));
#14946=DIRECTION('',(1.,0.,0.));
#14947=DIRECTION('',(0.,0.933267336023195,-0.359182515599198));
#14948=DIRECTION('',(0.,-0.359182515599198,-0.933267336023195));
#14949=DIRECTION('',(0.,-0.933267336023195,0.359182515599198));
#14950=DIRECTION('',(-1.,0.,0.));
#14951=DIRECTION('',(1.,0.,0.));
#14952=DIRECTION('',(0.,-1.,0.));
#14953=DIRECTION('',(1.,0.,0.));
#14954=DIRECTION('',(0.,-1.,0.));
#14955=DIRECTION('',(-1.,0.,0.));
#14956=DIRECTION('',(0.,0.,-1.));
#14957=DIRECTION('',(-1.,0.,0.));
#14958=DIRECTION('',(0.,0.,-1.));
#14959=DIRECTION('',(0.,0.,-1.));
#14960=DIRECTION('',(0.,-1.,0.));
#14961=DIRECTION('',(0.,0.,-1.));
#14962=DIRECTION('',(-1.,0.,0.));
#14963=DIRECTION('',(0.,-0.707106781186498,-0.707106781186598));
#14964=DIRECTION('',(0.,-0.707106781186498,-0.707106781186598));
#14965=DIRECTION('',(0.,-0.707106781186598,0.707106781186498));
#14966=DIRECTION('',(-1.,0.,0.));
#14967=DIRECTION('',(-1.,0.,0.));
#14968=DIRECTION('',(0.,0.,-1.));
#14969=DIRECTION('',(0.,0.,-1.));
#14970=DIRECTION('',(0.,-1.,0.));
#14971=DIRECTION('',(0.,0.,-1.));
#14972=DIRECTION('',(-1.,0.,0.));
#14973=DIRECTION('',(0.,-1.,0.));
#14974=DIRECTION('',(0.,-1.,0.));
#14975=DIRECTION('',(0.,0.,1.));
#14976=DIRECTION('',(1.,0.,0.));
#14977=DIRECTION('',(-1.,0.,0.));
#14978=DIRECTION('',(0.,0.,1.));
#14979=DIRECTION('',(0.,0.,1.));
#14980=DIRECTION('',(0.,1.,0.));
#14981=DIRECTION('',(1.,0.,0.));
#14982=DIRECTION('',(-1.,0.,0.));
#14983=DIRECTION('',(-1.,0.,0.));
#14984=DIRECTION('',(0.,-0.359182515599198,-0.933267336023196));
#14985=DIRECTION('',(-1.,0.,0.));
#14986=DIRECTION('',(0.,-0.359182515599198,-0.933267336023196));
#14987=DIRECTION('',(-1.,0.,0.));
#14988=DIRECTION('',(0.,0.,-1.));
#14989=DIRECTION('',(0.,-0.933267336023195,0.359182515599198));
#14990=DIRECTION('',(0.,-0.933267336023195,0.359182515599198));
#14991=DIRECTION('',(1.,0.,0.));
#14992=DIRECTION('',(0.,0.359182515599198,0.933267336023195));
#14993=DIRECTION('',(1.,0.,0.));
#14994=DIRECTION('',(0.,0.933267336023195,0.359182515599198));
#14995=DIRECTION('',(-1.,0.,0.));
#14996=DIRECTION('',(0.,0.933267336023195,0.359182515599198));
#14997=DIRECTION('',(1.,0.,0.));
#14998=DIRECTION('',(0.,0.359182515599198,-0.933267336023195));
#14999=DIRECTION('',(-1.,0.,0.));
#15000=DIRECTION('',(-1.,0.,0.));
#15001=DIRECTION('',(-1.,0.,0.));
#15002=DIRECTION('',(0.,-1.,0.));
#15003=DIRECTION('',(-1.,0.,0.));
#15004=DIRECTION('',(0.,-1.,0.));
#15005=DIRECTION('',(-1.,0.,0.));
#15006=DIRECTION('',(0.,0.,-1.));
#15007=DIRECTION('',(-1.,0.,0.));
#15008=DIRECTION('',(0.,0.,1.));
#15009=DIRECTION('',(0.,0.,1.));
#15010=DIRECTION('',(0.,1.,0.));
#15011=DIRECTION('',(1.,0.,0.));
#15012=DIRECTION('',(-1.,0.,0.));
#15013=DIRECTION('',(0.,1.,0.));
#15014=DIRECTION('',(0.,1.,0.));
#15015=DIRECTION('',(0.,0.,-1.));
#15016=DIRECTION('',(0.,-1.,0.));
#15017=DIRECTION('',(-1.,0.,0.));
#15018=DIRECTION('',(0.,0.,-1.));
#15019=DIRECTION('',(0.,0.,-1.));
#15020=DIRECTION('',(0.,-1.,0.));
#15021=DIRECTION('',(0.,0.,-1.));
#15022=DIRECTION('',(-1.,0.,0.));
#15023=DIRECTION('',(0.,0.707106781186498,-0.707106781186598));
#15024=DIRECTION('',(0.,0.707106781186498,-0.707106781186598));
#15025=DIRECTION('',(0.,-0.707106781186598,-0.707106781186498));
#15026=DIRECTION('',(0.,0.707106781186498,-0.707106781186598));
#15027=DIRECTION('',(-1.,0.,0.));
#15028=DIRECTION('',(0.,0.,-1.));
#15029=DIRECTION('',(0.,0.,-1.));
#15030=DIRECTION('',(0.,-1.,0.));
#15031=DIRECTION('',(0.,0.,-1.));
#15032=DIRECTION('',(-1.,0.,0.));
#15033=DIRECTION('',(1.,0.,0.));
#15034=DIRECTION('',(0.,-0.359182515599198,0.933267336023196));
#15035=DIRECTION('',(1.,0.,0.));
#15036=DIRECTION('',(0.,-0.359182515599198,0.933267336023196));
#15037=DIRECTION('',(-1.,0.,0.));
#15038=DIRECTION('',(0.,0.,-1.));
#15039=DIRECTION('',(0.,-0.933267336023195,-0.359182515599198));
#15040=DIRECTION('',(0.,-0.933267336023195,-0.359182515599198));
#15041=DIRECTION('',(1.,0.,0.));
#15042=DIRECTION('',(0.,-0.359182515599198,0.933267336023195));
#15043=DIRECTION('',(-1.,0.,0.));
#15044=DIRECTION('',(0.,1.,0.));
#15045=DIRECTION('',(1.,0.,0.));
#15046=DIRECTION('',(0.,1.,0.));
#15047=DIRECTION('',(1.,0.,0.));
#15048=DIRECTION('',(0.,0.,-1.));
#15049=DIRECTION('',(0.,-1.,0.));
#15050=DIRECTION('',(0.,1.,0.));
#15051=DIRECTION('',(0.,0.,-1.));
#15052=DIRECTION('',(0.,0.,-1.));
#15053=DIRECTION('',(-1.,0.,0.));
#15054=DIRECTION('',(0.,0.,1.));
#15055=DIRECTION('',(0.,1.,0.));
#15056=DIRECTION('',(1.,0.,0.));
#15057=DIRECTION('',(1.,0.,0.));
#15058=DIRECTION('',(0.,0.,-1.));
#15059=DIRECTION('',(0.,-1.,0.));
#15060=DIRECTION('',(0.,1.,0.));
#15061=DIRECTION('',(0.,0.,1.));
#15062=DIRECTION('',(0.,0.,1.));
#15063=DIRECTION('',(1.,0.,0.));
#15064=DIRECTION('',(0.,1.,0.));
#15065=DIRECTION('',(0.,1.,0.));
#15066=DIRECTION('',(1.,0.,0.));
#15067=DIRECTION('',(1.,0.,0.));
#15068=DIRECTION('',(0.,0.,-1.));
#15069=DIRECTION('',(0.,-1.,0.));
#15070=DIRECTION('',(0.,1.,0.));
#15071=DIRECTION('',(0.,0.,1.));
#15072=DIRECTION('',(0.,0.,1.));
#15073=DIRECTION('',(1.,0.,0.));
#15074=DIRECTION('',(0.,1.,0.));
#15075=DIRECTION('',(0.,1.,0.));
#15076=DIRECTION('',(-1.,0.,0.));
#15077=DIRECTION('',(-1.,0.,0.));
#15078=DIRECTION('',(0.,0.,1.));
#15079=DIRECTION('',(1.,0.,0.));
#15080=DIRECTION('',(0.,1.,0.));
#15081=DIRECTION('',(0.,0.,1.));
#15082=DIRECTION('',(0.,0.,1.));
#15083=DIRECTION('',(1.,0.,0.));
#15084=DIRECTION('',(0.,1.,0.));
#15085=DIRECTION('',(0.,1.,0.));
#15086=DIRECTION('',(-1.,0.,0.));
#15087=DIRECTION('',(-1.,0.,0.));
#15088=DIRECTION('',(0.,0.,1.));
#15089=DIRECTION('',(1.,0.,0.));
#15090=DIRECTION('',(0.,1.,0.));
#15091=DIRECTION('',(0.,0.,-1.));
#15092=DIRECTION('',(0.,0.,-1.));
#15093=DIRECTION('',(-1.,0.,0.));
#15094=DIRECTION('',(0.,0.,1.));
#15095=DIRECTION('',(0.,1.,0.));
#15096=DIRECTION('',(-1.,0.,0.));
#15097=DIRECTION('',(-1.,0.,0.));
#15098=DIRECTION('',(0.,0.,1.));
#15099=DIRECTION('',(1.,0.,0.));
#15100=DIRECTION('',(0.,0.,-1.));
#15101=DIRECTION('',(0.,0.,-1.));
#15102=DIRECTION('',(-1.,0.,0.));
#15103=DIRECTION('',(0.,0.,1.));
#15104=DIRECTION('',(0.,0.,1.));
#15105=DIRECTION('',(0.,0.,1.));
#15106=DIRECTION('',(0.,0.,1.));
#15107=DIRECTION('',(0.,0.,1.));
#15108=DIRECTION('',(0.,0.,1.));
#15109=DIRECTION('',(0.,0.,1.));
#15110=DIRECTION('',(0.,-1.,0.));
#15111=DIRECTION('',(0.,0.,-1.));
#15112=DIRECTION('',(1.,0.,0.));
#15113=DIRECTION('',(0.,-0.194336850683608,-0.980934854343742));
#15114=DIRECTION('',(0.,-1.,0.));
#15115=DIRECTION('',(1.,0.,0.));
#15116=DIRECTION('',(0.,1.,0.));
#15117=DIRECTION('',(1.,0.,0.));
#15118=DIRECTION('',(0.,0.36145635875199,0.932389028634375));
#15119=DIRECTION('',(0.,1.,0.));
#15120=DIRECTION('',(1.,0.,0.));
#15121=DIRECTION('',(0.,1.,0.));
#15122=DIRECTION('',(1.,0.,0.));
#15123=DIRECTION('',(0.,1.,0.));
#15124=DIRECTION('',(1.,0.,0.));
#15125=DIRECTION('',(0.,1.,0.));
#15126=DIRECTION('',(0.,0.932389028634375,0.36145635875199));
#15127=DIRECTION('',(-1.,0.,0.));
#15128=DIRECTION('',(0.,0.932389028634375,0.36145635875199));
#15129=DIRECTION('',(1.,0.,0.));
#15130=DIRECTION('',(0.,0.36145635875199,-0.932389028634375));
#15131=DIRECTION('',(-1.,0.,0.));
#15132=DIRECTION('',(1.,0.,0.));
#15133=DIRECTION('',(1.,0.,0.));
#15134=DIRECTION('',(0.,-0.194336850683608,-0.980934854343742));
#15135=DIRECTION('',(-1.,0.,0.));
#15136=DIRECTION('',(1.,0.,0.));
#15137=DIRECTION('',(0.,-0.194336850683608,-0.980934854343742));
#15138=DIRECTION('',(-1.,0.,0.));
#15139=DIRECTION('',(0.,0.,-1.));
#15140=DIRECTION('',(0.,0.980934854343741,-0.194336850683608));
#15141=DIRECTION('',(0.,0.980934854343741,-0.194336850683608));
#15142=DIRECTION('',(1.,0.,0.));
#15143=DIRECTION('',(0.,-0.194336850683608,-0.980934854343741));
#15144=DIRECTION('',(0.,-0.980934854343741,0.194336850683608));
#15145=DIRECTION('',(-1.,0.,0.));
#15146=DIRECTION('',(1.,0.,0.));
#15147=DIRECTION('',(0.,1.,0.));
#15148=DIRECTION('',(0.,-1.,0.));
#15149=DIRECTION('',(0.,0.,-1.));
#15150=DIRECTION('',(0.,-1.,0.));
#15151=DIRECTION('',(-1.,0.,0.));
#15152=DIRECTION('',(1.,0.,0.));
#15153=DIRECTION('',(0.,0.36145635875199,0.932389028634375));
#15154=DIRECTION('',(-1.,0.,0.));
#15155=DIRECTION('',(1.,0.,0.));
#15156=DIRECTION('',(0.,0.36145635875199,0.932389028634375));
#15157=DIRECTION('',(-1.,0.,0.));
#15158=DIRECTION('',(0.,0.,-1.));
#15159=DIRECTION('',(0.,-0.932389028634375,0.36145635875199));
#15160=DIRECTION('',(-1.,0.,0.));
#15161=DIRECTION('',(0.,-0.932389028634375,0.36145635875199));
#15162=DIRECTION('',(1.,0.,0.));
#15163=DIRECTION('',(0.,0.36145635875199,0.932389028634375));
#15164=DIRECTION('',(1.,0.,0.));
#15165=DIRECTION('',(1.,0.,0.));
#15166=DIRECTION('',(0.,1.,0.));
#15167=DIRECTION('',(1.,0.,0.));
#15168=DIRECTION('',(0.,1.,0.));
#15169=DIRECTION('',(1.,0.,0.));
#15170=DIRECTION('',(0.,-0.194336850683608,-0.980934854343742));
#15171=DIRECTION('',(1.,0.,0.));
#15172=DIRECTION('',(0.,1.,0.));
#15173=DIRECTION('',(0.,-0.980934854343741,-0.194336850683608));
#15174=DIRECTION('',(1.,0.,0.));
#15175=DIRECTION('',(0.,0.36145635875199,0.932389028634375));
#15176=DIRECTION('',(0.,-1.,0.));
#15177=DIRECTION('',(1.,0.,0.));
#15178=DIRECTION('',(0.,1.,0.));
#15179=DIRECTION('',(0.,-0.980934854343741,-0.194336850683608));
#15180=DIRECTION('',(1.,0.,0.));
#15181=DIRECTION('',(0.,-0.194336850683608,0.980934854343741));
#15182=DIRECTION('',(-1.,0.,0.));
#15183=DIRECTION('',(1.,0.,0.));
#15184=DIRECTION('',(0.,1.,0.));
#15185=DIRECTION('',(1.,0.,0.));
#15186=DIRECTION('',(0.,1.,0.));
#15187=DIRECTION('',(1.,0.,0.));
#15188=DIRECTION('',(0.,-0.194336850683608,-0.980934854343742));
#15189=DIRECTION('',(1.,0.,0.));
#15190=DIRECTION('',(0.,1.,0.));
#15191=DIRECTION('',(1.,0.,0.));
#15192=DIRECTION('',(0.,0.36145635875199,0.932389028634375));
#15193=DIRECTION('',(0.,1.,0.));
#15194=DIRECTION('',(1.,0.,0.));
#15195=DIRECTION('',(0.,1.,0.));
#15196=DIRECTION('',(1.,0.,0.));
#15197=DIRECTION('',(-1.,0.,0.));
#15198=DIRECTION('',(0.,0.,1.));
#15199=DIRECTION('',(1.,0.,0.));
#15200=DIRECTION('',(1.,0.,0.));
#15201=DIRECTION('',(1.,0.,0.));
#15202=DIRECTION('',(0.,0.,-1.));
#15203=DIRECTION('',(1.,0.,0.));
#15204=DIRECTION('',(1.,0.,0.));
#15205=DIRECTION('',(0.,-1.,0.));
#15206=DIRECTION('',(0.,0.,-1.));
#15207=DIRECTION('',(-1.,0.,0.));
#15208=DIRECTION('',(-1.,0.,0.));
#15209=DIRECTION('',(0.,-1.,0.));
#15210=DIRECTION('',(1.,0.,0.));
#15211=DIRECTION('',(1.,0.,0.));
#15212=DIRECTION('',(0.,0.,1.));
#15213=DIRECTION('',(1.,0.,0.));
#15214=DIRECTION('',(0.,-1.,0.));
#15215=DIRECTION('',(0.,0.,-1.));
#15216=DIRECTION('',(1.,0.,0.));
#15217=DIRECTION('',(0.,1.,0.));
#15218=DIRECTION('',(-1.,0.,0.));
#15219=DIRECTION('',(0.,0.,1.));
#15220=DIRECTION('',(1.,0.,0.));
#15221=DIRECTION('',(1.,0.,0.));
#15222=DIRECTION('',(0.,-1.,0.));
#15223=DIRECTION('',(0.,0.,-1.));
#15224=DIRECTION('',(-1.,0.,0.));
#15225=DIRECTION('',(0.,0.,1.));
#15226=DIRECTION('',(-1.,0.,0.));
#15227=DIRECTION('',(0.,0.,-1.));
#15228=DIRECTION('',(1.,0.,0.));
#15229=DIRECTION('',(0.,0.,1.));
#15230=DIRECTION('',(1.,0.,0.));
#15231=DIRECTION('',(0.,-1.,0.));
#15232=DIRECTION('',(0.,0.,-1.));
#15233=DIRECTION('',(0.,-1.,0.));
#15234=DIRECTION('',(0.,-1.,0.));
#15235=DIRECTION('',(-1.,0.,0.));
#15236=DIRECTION('',(0.,0.,1.));
#15237=DIRECTION('',(1.,0.,0.));
#15238=DIRECTION('',(0.,-1.,0.));
#15239=DIRECTION('',(0.,0.,1.));
#15240=DIRECTION('',(-1.,0.,0.));
#15241=DIRECTION('',(0.,0.,1.));
#15242=DIRECTION('',(1.,0.,0.));
#15243=DIRECTION('',(0.,1.,0.));
#15244=DIRECTION('',(0.,0.,1.));
#15245=DIRECTION('',(1.,0.,0.));
#15246=DIRECTION('',(0.,1.,0.));
#15247=DIRECTION('',(0.,0.,1.));
#15248=DIRECTION('',(0.,0.,1.));
#15249=DIRECTION('',(-1.,0.,0.));
#15250=DIRECTION('',(0.,0.,1.));
#15251=DIRECTION('',(0.,-1.,0.));
#15252=DIRECTION('',(-1.,0.,0.));
#15253=DIRECTION('',(0.,0.,-1.));
#15254=DIRECTION('',(0.,-1.,0.));
#15255=DIRECTION('',(0.,-1.,0.));
#15256=DIRECTION('',(0.,0.,1.));
#15257=DIRECTION('',(-1.,0.,0.));
#15258=DIRECTION('',(0.,0.,1.));
#15259=DIRECTION('',(0.,-1.,0.));
#15260=DIRECTION('',(-1.,0.,0.));
#15261=DIRECTION('',(0.,0.,-1.));
#15262=DIRECTION('',(0.,-1.,0.));
#15263=DIRECTION('',(0.,0.,1.));
#15264=DIRECTION('',(1.,0.,0.));
#15265=DIRECTION('',(0.,1.,0.));
#15266=DIRECTION('',(0.,0.,-1.));
#15267=DIRECTION('',(0.,1.,0.));
#15268=DIRECTION('',(1.,0.,0.));
#15269=DIRECTION('',(0.,1.,0.));
#15270=DIRECTION('',(1.,0.,0.));
#15271=DIRECTION('',(0.,1.,0.));
#15272=DIRECTION('',(0.,0.,-1.));
#15273=DIRECTION('',(1.,0.,0.));
#15274=DIRECTION('',(0.,1.,0.));
#15275=DIRECTION('',(1.,0.,0.));
#15276=DIRECTION('',(0.,0.,1.));
#15277=DIRECTION('',(1.,0.,0.));
#15278=DIRECTION('',(0.,1.,0.));
#15279=DIRECTION('',(1.,0.,0.));
#15280=DIRECTION('',(1.,0.,0.));
#15281=DIRECTION('',(0.,0.,1.));
#15282=DIRECTION('',(-1.,0.,0.));
#15283=DIRECTION('',(0.,1.,0.));
#15284=DIRECTION('',(1.,0.,0.));
#15285=DIRECTION('',(-1.,0.,0.));
#15286=DIRECTION('',(0.,1.,0.));
#15287=DIRECTION('',(-1.,0.,0.));
#15288=DIRECTION('',(0.,0.,1.));
#15289=DIRECTION('',(1.,0.,0.));
#15290=DIRECTION('',(0.,0.,1.));
#15291=DIRECTION('',(0.,1.,0.));
#15292=DIRECTION('',(1.,0.,0.));
#15293=DIRECTION('',(0.,1.,0.));
#15294=DIRECTION('',(1.,0.,0.));
#15295=DIRECTION('',(0.,-1.,0.));
#15296=DIRECTION('',(0.,0.,-1.));
#15297=DIRECTION('',(1.,0.,0.));
#15298=DIRECTION('',(0.,0.,-1.));
#15299=DIRECTION('',(0.,-1.,0.));
#15300=DIRECTION('',(1.,0.,0.));
#15301=DIRECTION('',(0.,-1.,0.));
#15302=DIRECTION('',(0.,0.,-1.));
#15303=DIRECTION('',(0.,-1.,0.));
#15304=DIRECTION('',(0.,0.,-1.));
#15305=DIRECTION('',(0.,-1.,0.));
#15306=DIRECTION('',(0.,0.,-1.));
#15307=DIRECTION('',(1.,0.,0.));
#15308=DIRECTION('',(0.,0.,1.));
#15309=DIRECTION('',(0.,-1.,0.));
#15310=DIRECTION('',(0.,0.,-1.));
#15311=DIRECTION('',(0.,1.,0.));
#15312=DIRECTION('',(1.,0.,0.));
#15313=DIRECTION('',(0.,1.,0.));
#15314=DIRECTION('',(0.,0.,1.));
#15315=DIRECTION('',(1.,0.,0.));
#15316=DIRECTION('',(0.,0.,1.));
#15317=DIRECTION('',(1.,0.,0.));
#15318=DIRECTION('',(-1.,0.,0.));
#15319=DIRECTION('',(0.,0.,-1.));
#15320=DIRECTION('',(-1.,0.,0.));
#15321=DIRECTION('',(0.,0.,-1.));
#15322=DIRECTION('',(-1.,0.,0.));
#15323=DIRECTION('',(0.,0.,-1.));
#15324=DIRECTION('',(-1.,0.,0.));
#15325=DIRECTION('',(0.,0.,-1.));
#15326=DIRECTION('',(-1.,0.,0.));
#15327=DIRECTION('',(0.,0.,-1.));
#15328=DIRECTION('',(-1.,0.,0.));
#15329=DIRECTION('',(0.,0.,-1.));
#15330=DIRECTION('',(-1.,0.,0.));
#15331=DIRECTION('',(0.,0.,-1.));
#15332=DIRECTION('',(-1.,0.,0.));
#15333=DIRECTION('',(0.,0.,-1.));
#15334=DIRECTION('',(-1.,0.,0.));
#15335=DIRECTION('',(0.,0.,-1.));
#15336=DIRECTION('',(-1.,0.,0.));
#15337=DIRECTION('',(0.,0.,-1.));
#15338=DIRECTION('',(-1.,0.,0.));
#15339=DIRECTION('',(0.,0.,-1.));
#15340=DIRECTION('',(-1.,0.,0.));
#15341=DIRECTION('',(0.,0.,-1.));
#15342=DIRECTION('',(-1.,0.,0.));
#15343=DIRECTION('',(0.,0.,-1.));
#15344=DIRECTION('',(-1.,0.,0.));
#15345=DIRECTION('',(0.,0.,-1.));
#15346=DIRECTION('',(-1.,0.,0.));
#15347=DIRECTION('',(0.,0.,-1.));
#15348=DIRECTION('',(-1.,0.,0.));
#15349=DIRECTION('',(0.,0.,-1.));
#15350=DIRECTION('',(-1.,0.,0.));
#15351=DIRECTION('',(0.,0.,-1.));
#15352=DIRECTION('',(-1.,0.,0.));
#15353=DIRECTION('',(0.,0.,-1.));
#15354=DIRECTION('',(-1.,0.,0.));
#15355=DIRECTION('',(0.,0.,-1.));
#15356=DIRECTION('',(-1.,0.,0.));
#15357=DIRECTION('',(0.,0.,-1.));
#15358=DIRECTION('',(-0.707106781186548,0.707106781186548,-6.57934356216244E-10));
#15359=DIRECTION('',(0.,1.,0.));
#15360=DIRECTION('',(0.,1.34407467521365E-17,-1.));
#15361=DIRECTION('',(0.,1.,0.));
#15362=DIRECTION('',(0.,1.34407467521365E-17,-1.));
#15363=DIRECTION('',(-0.707106781186548,0.707106781186548,-1.83571071666612E-9));
#15364=DIRECTION('',(0.,1.,0.));
#15365=DIRECTION('',(0.,7.3714377816235E-18,-1.));
#15366=DIRECTION('',(0.,1.,0.));
#15367=DIRECTION('',(0.,7.3714377816235E-18,-1.));
#15368=DIRECTION('',(0.,1.,0.));
#15369=DIRECTION('',(1.,0.,0.));
#15370=CARTESIAN_POINT('',(0.,0.,0.));
#15371=CARTESIAN_POINT('',(-3.0325,-1.975,3.6));
#15372=CARTESIAN_POINT('',(-3.0325,-1.975,1.1));
#15373=CARTESIAN_POINT('',(-2.6825,-1.975,1.1));
#15374=CARTESIAN_POINT('',(-2.6825,-1.975,3.6));
#15375=CARTESIAN_POINT('',(-3.0325,-1.975,-3.6));
#15376=CARTESIAN_POINT('',(-2.6825,-1.975,-3.6));
#15377=CARTESIAN_POINT('',(-2.6825,-1.975,-1.1));
#15378=CARTESIAN_POINT('',(-3.0325,-1.975,-1.1));
#15379=CARTESIAN_POINT('',(-2.3975,-1.975,3.6));
#15380=CARTESIAN_POINT('',(-2.3975,-1.975,1.1));
#15381=CARTESIAN_POINT('',(-2.0475,-1.975,1.1));
#15382=CARTESIAN_POINT('',(-2.0475,-1.975,3.6));
#15383=CARTESIAN_POINT('',(-2.3975,-1.975,-3.6));
#15384=CARTESIAN_POINT('',(-2.0475,-1.975,-3.6));
#15385=CARTESIAN_POINT('',(-2.0475,-1.975,-1.1));
#15386=CARTESIAN_POINT('',(-2.3975,-1.975,-1.1));
#15387=CARTESIAN_POINT('',(-1.7625,-1.975,3.6));
#15388=CARTESIAN_POINT('',(-1.7625,-1.975,1.1));
#15389=CARTESIAN_POINT('',(-1.4125,-1.975,1.1));
#15390=CARTESIAN_POINT('',(-1.4125,-1.975,3.6));
#15391=CARTESIAN_POINT('',(-1.7625,-1.975,-3.6));
#15392=CARTESIAN_POINT('',(-1.4125,-1.975,-3.6));
#15393=CARTESIAN_POINT('',(-1.4125,-1.975,-1.1));
#15394=CARTESIAN_POINT('',(-1.7625,-1.975,-1.1));
#15395=CARTESIAN_POINT('',(-1.1275,-1.975,3.6));
#15396=CARTESIAN_POINT('',(-1.1275,-1.975,1.1));
#15397=CARTESIAN_POINT('',(-0.7775,-1.975,1.1));
#15398=CARTESIAN_POINT('',(-0.7775,-1.975,3.6));
#15399=CARTESIAN_POINT('',(-1.1275,-1.975,-3.6));
#15400=CARTESIAN_POINT('',(-0.7775,-1.975,-3.6));
#15401=CARTESIAN_POINT('',(-0.7775,-1.975,-1.1));
#15402=CARTESIAN_POINT('',(-1.1275,-1.975,-1.1));
#15403=CARTESIAN_POINT('',(-0.4925,-1.975,3.6));
#15404=CARTESIAN_POINT('',(-0.4925,-1.975,1.1));
#15405=CARTESIAN_POINT('',(-0.1425,-1.975,1.1));
#15406=CARTESIAN_POINT('',(-0.1425,-1.975,3.6));
#15407=CARTESIAN_POINT('',(-0.4925,-1.975,-3.6));
#15408=CARTESIAN_POINT('',(-0.1425,-1.975,-3.6));
#15409=CARTESIAN_POINT('',(-0.1425,-1.975,-1.1));
#15410=CARTESIAN_POINT('',(-0.4925,-1.975,-1.1));
#15411=CARTESIAN_POINT('',(0.1425,-1.975,3.6));
#15412=CARTESIAN_POINT('',(0.1425,-1.975,1.1));
#15413=CARTESIAN_POINT('',(0.4925,-1.975,1.1));
#15414=CARTESIAN_POINT('',(0.4925,-1.975,3.6));
#15415=CARTESIAN_POINT('',(0.1425,-1.975,-3.6));
#15416=CARTESIAN_POINT('',(0.4925,-1.975,-3.6));
#15417=CARTESIAN_POINT('',(0.4925,-1.975,-1.1));
#15418=CARTESIAN_POINT('',(0.1425,-1.975,-1.1));
#15419=CARTESIAN_POINT('',(0.7775,-1.975,3.6));
#15420=CARTESIAN_POINT('',(0.7775,-1.975,1.1));
#15421=CARTESIAN_POINT('',(1.1275,-1.975,1.1));
#15422=CARTESIAN_POINT('',(1.1275,-1.975,3.6));
#15423=CARTESIAN_POINT('',(0.7775,-1.975,-3.6));
#15424=CARTESIAN_POINT('',(1.1275,-1.975,-3.6));
#15425=CARTESIAN_POINT('',(1.1275,-1.975,-1.1));
#15426=CARTESIAN_POINT('',(0.7775,-1.975,-1.1));
#15427=CARTESIAN_POINT('',(1.4125,-1.975,3.6));
#15428=CARTESIAN_POINT('',(1.4125,-1.975,1.1));
#15429=CARTESIAN_POINT('',(1.7625,-1.975,1.1));
#15430=CARTESIAN_POINT('',(1.7625,-1.975,3.6));
#15431=CARTESIAN_POINT('',(1.4125,-1.975,-3.6));
#15432=CARTESIAN_POINT('',(1.7625,-1.975,-3.6));
#15433=CARTESIAN_POINT('',(1.7625,-1.975,-1.1));
#15434=CARTESIAN_POINT('',(1.4125,-1.975,-1.1));
#15435=CARTESIAN_POINT('',(2.0475,-1.975,3.6));
#15436=CARTESIAN_POINT('',(2.0475,-1.975,1.1));
#15437=CARTESIAN_POINT('',(2.3975,-1.975,1.1));
#15438=CARTESIAN_POINT('',(2.3975,-1.975,3.6));
#15439=CARTESIAN_POINT('',(2.0475,-1.975,-3.6));
#15440=CARTESIAN_POINT('',(2.3975,-1.975,-3.6));
#15441=CARTESIAN_POINT('',(2.3975,-1.975,-1.1));
#15442=CARTESIAN_POINT('',(2.0475,-1.975,-1.1));
#15443=CARTESIAN_POINT('',(2.6825,-1.975,3.6));
#15444=CARTESIAN_POINT('',(2.6825,-1.975,1.1));
#15445=CARTESIAN_POINT('',(3.0325,-1.975,1.1));
#15446=CARTESIAN_POINT('',(3.0325,-1.975,3.6));
#15447=CARTESIAN_POINT('',(2.6825,-1.975,-3.6));
#15448=CARTESIAN_POINT('',(3.0325,-1.975,-3.6));
#15449=CARTESIAN_POINT('',(3.0325,-1.975,-1.1));
#15450=CARTESIAN_POINT('',(2.6825,-1.975,-1.1));
#15451=CARTESIAN_POINT('',(-7.81,-1.975,1.));
#15452=CARTESIAN_POINT('',(-7.81,-1.975,-1.));
#15453=CARTESIAN_POINT('',(-5.31,-1.975,-1.));
#15454=CARTESIAN_POINT('',(-5.31,-1.975,1.));
#15455=CARTESIAN_POINT('',(7.81,-1.975,1.));
#15456=CARTESIAN_POINT('',(5.31,-1.975,1.));
#15457=CARTESIAN_POINT('',(5.31,-1.975,-1.));
#15458=CARTESIAN_POINT('',(7.81,-1.975,-1.));
#15459=CARTESIAN_POINT('',(-4.51,-2.325,0.));
#15460=CARTESIAN_POINT('',(4.51,-2.325,0.));
#15461=CARTESIAN_POINT('',(-4.51,-1.975,0.));
#15462=CARTESIAN_POINT('',(-4.51,-1.975,0.));
#15463=CARTESIAN_POINT('',(4.51,-1.975,0.));
#15464=CARTESIAN_POINT('',(4.51,-1.975,0.));
#15465=CARTESIAN_POINT('',(-4.86,1.975,2.4));
#15466=CARTESIAN_POINT('',(-4.86,1.975,2.4));
#15467=CARTESIAN_POINT('',(-4.86,1.975,1.83));
#15468=CARTESIAN_POINT('',(4.2,1.975,2.4));
#15469=CARTESIAN_POINT('',(4.86,1.975,2.4));
#15470=CARTESIAN_POINT('',(4.86,1.975,2.4));
#15471=CARTESIAN_POINT('',(4.86,1.975,1.83));
#15472=CARTESIAN_POINT('',(-2.528578643763,1.975,1.83));
#15473=CARTESIAN_POINT('',(7.11,1.975,-3.2));
#15474=CARTESIAN_POINT('',(4.86,1.975,-2.4));
#15475=CARTESIAN_POINT('',(4.86,1.975,-2.4));
#15476=CARTESIAN_POINT('',(4.86,1.975,-1.83));
#15477=CARTESIAN_POINT('',(-1.958578643763,1.975,-2.4));
#15478=CARTESIAN_POINT('',(-4.86,1.975,-2.4));
#15479=CARTESIAN_POINT('',(-4.86,1.975,-2.4));
#15480=CARTESIAN_POINT('',(-4.86,1.975,-1.83));
#15481=CARTESIAN_POINT('',(2.528578643763,1.975,-1.83));
#15482=CARTESIAN_POINT('',(7.11,1.975,-3.2));
#15483=CARTESIAN_POINT('',(4.51,-2.4707571896,-0.1542428103995));
#15484=CARTESIAN_POINT('',(4.51,-2.625,0.));
#15485=CARTESIAN_POINT('',(4.51,-2.325,-0.3));
#15486=CARTESIAN_POINT('',(4.51,-2.325,0.));
#15487=CARTESIAN_POINT('',(4.81,-2.325,0.));
#15488=CARTESIAN_POINT('',(4.51,-2.625,0.));
#15489=CARTESIAN_POINT('',(4.51,-2.4707571896,0.));
#15490=CARTESIAN_POINT('',(4.51,-2.4707571896,0.1542428103995));
#15491=CARTESIAN_POINT('',(4.51,-2.325,0.3));
#15492=CARTESIAN_POINT('',(4.51,-2.325,0.));
#15493=CARTESIAN_POINT('',(4.51,-2.4707571896,0.));
#15494=CARTESIAN_POINT('',(4.36,-1.925,0.2598076211353));
#15495=CARTESIAN_POINT('',(4.36,-1.925,0.2598076211353));
#15496=CARTESIAN_POINT('',(4.36,-1.725,0.2598076211353));
#15497=CARTESIAN_POINT('',(4.51,-1.725,0.));
#15498=CARTESIAN_POINT('',(4.21,-1.725,0.));
#15499=CARTESIAN_POINT('',(4.21,-1.725,0.));
#15500=CARTESIAN_POINT('',(4.21,-2.325,0.));
#15501=CARTESIAN_POINT('',(4.51,-2.325,0.));
#15502=CARTESIAN_POINT('',(4.81,-1.725,0.));
#15503=CARTESIAN_POINT('',(4.81,-1.725,0.));
#15504=CARTESIAN_POINT('',(4.51,-1.725,0.));
#15505=CARTESIAN_POINT('',(4.66,-1.725,0.2598076211353));
#15506=CARTESIAN_POINT('',(4.66,-1.925,0.2598076211353));
#15507=CARTESIAN_POINT('',(4.66,-1.925,0.2598076211353));
#15508=CARTESIAN_POINT('',(4.51,-1.925,0.));
#15509=CARTESIAN_POINT('',(4.51,-1.725,0.));
#15510=CARTESIAN_POINT('',(4.66,-1.725,-0.59));
#15511=CARTESIAN_POINT('',(4.66,-1.725,-0.59));
#15512=CARTESIAN_POINT('',(4.66,-1.925,-0.59));
#15513=CARTESIAN_POINT('',(4.36,-1.925,-0.59));
#15514=CARTESIAN_POINT('',(4.36,-1.925,-0.59));
#15515=CARTESIAN_POINT('',(4.36,-1.725,-0.59));
#15516=CARTESIAN_POINT('',(4.36,-1.725,-0.59));
#15517=CARTESIAN_POINT('',(4.36,-1.725,-0.59));
#15518=CARTESIAN_POINT('',(4.36,-1.725,-0.59));
#15519=CARTESIAN_POINT('',(4.66,-1.725,0.59));
#15520=CARTESIAN_POINT('',(4.66,-1.725,0.59));
#15521=CARTESIAN_POINT('',(4.66,-1.925,0.59));
#15522=CARTESIAN_POINT('',(4.66,-1.925,0.2598076211353));
#15523=CARTESIAN_POINT('',(4.66,-1.725,0.2598076211353));
#15524=CARTESIAN_POINT('',(4.66,-1.725,-0.59));
#15525=CARTESIAN_POINT('',(4.66,-1.925,-0.2598076211353));
#15526=CARTESIAN_POINT('',(4.66,-1.925,-0.2598076211353));
#15527=CARTESIAN_POINT('',(4.66,-1.725,-0.2598076211353));
#15528=CARTESIAN_POINT('',(4.66,-1.925,-0.59));
#15529=CARTESIAN_POINT('',(4.66,-1.725,-0.59));
#15530=CARTESIAN_POINT('',(4.66,-1.725,-0.59));
#15531=CARTESIAN_POINT('',(4.36,-1.725,0.59));
#15532=CARTESIAN_POINT('',(4.36,-1.725,0.59));
#15533=CARTESIAN_POINT('',(4.36,-1.925,0.59));
#15534=CARTESIAN_POINT('',(4.66,-1.925,0.59));
#15535=CARTESIAN_POINT('',(4.66,-1.725,0.59));
#15536=CARTESIAN_POINT('',(4.66,-1.725,0.59));
#15537=CARTESIAN_POINT('',(4.36,-1.925,-0.2598076211353));
#15538=CARTESIAN_POINT('',(4.36,-1.925,-0.2598076211353));
#15539=CARTESIAN_POINT('',(4.36,-1.925,-0.2598076211353));
#15540=CARTESIAN_POINT('',(4.36,-1.725,-0.2598076211353));
#15541=CARTESIAN_POINT('',(4.36,-1.725,-0.2598076211353));
#15542=CARTESIAN_POINT('',(4.36,-1.725,0.59));
#15543=CARTESIAN_POINT('',(4.36,-1.925,0.59));
#15544=CARTESIAN_POINT('',(4.36,-1.725,0.59));
#15545=CARTESIAN_POINT('',(4.36,-1.725,0.59));
#15546=CARTESIAN_POINT('',(4.51,-1.725,0.));
#15547=CARTESIAN_POINT('',(4.51,-2.325,0.));
#15548=CARTESIAN_POINT('',(4.51,-1.725,0.));
#15549=CARTESIAN_POINT('',(4.51,-1.925,0.));
#15550=CARTESIAN_POINT('',(4.51,-1.725,0.));
#15551=CARTESIAN_POINT('',(-4.51,-2.475000000023,-0.2499999999768));
#15552=CARTESIAN_POINT('',(-4.51,-2.625,-0.1));
#15553=CARTESIAN_POINT('',(-4.51,-2.325,-0.4));
#15554=CARTESIAN_POINT('',(-4.51,-2.325,0.));
#15555=CARTESIAN_POINT('',(-4.11,-2.325,0.));
#15556=CARTESIAN_POINT('',(-4.410000000027,-2.625000000027,1.395687302432E-10));
#15557=CARTESIAN_POINT('',(-4.41,-2.625,0.));
#15558=CARTESIAN_POINT('',(-4.51,-2.625,0.));
#15559=CARTESIAN_POINT('',(-4.51,-2.475000000023,0.));
#15560=CARTESIAN_POINT('',(-4.51,-2.625,0.));
#15561=CARTESIAN_POINT('',(-4.61,-2.625,0.));
#15562=CARTESIAN_POINT('',(-4.51,-2.625,0.));
#15563=CARTESIAN_POINT('',(-4.51,-2.625,0.1));
#15564=CARTESIAN_POINT('',(-4.51,-2.625,0.));
#15565=CARTESIAN_POINT('',(-7.11,-2.625,3.2));
#15566=CARTESIAN_POINT('',(-4.51,-2.475000000023,0.2499999999768));
#15567=CARTESIAN_POINT('',(-4.51,-2.325,0.4));
#15568=CARTESIAN_POINT('',(-4.51,-2.325,0.));
#15569=CARTESIAN_POINT('',(-4.51,-2.475000000023,0.));
#15570=CARTESIAN_POINT('',(-4.66,-1.925,0.3708099243548));
#15571=CARTESIAN_POINT('',(-4.66,-1.925,0.3708099243548));
#15572=CARTESIAN_POINT('',(-4.66,-1.725,0.3708099243548));
#15573=CARTESIAN_POINT('',(-4.51,-1.725,0.));
#15574=CARTESIAN_POINT('',(-4.91,-1.725,0.));
#15575=CARTESIAN_POINT('',(-4.91,-1.725,0.));
#15576=CARTESIAN_POINT('',(-4.91,-2.325,0.));
#15577=CARTESIAN_POINT('',(-4.51,-2.325,0.));
#15578=CARTESIAN_POINT('',(-4.11,-1.725,0.));
#15579=CARTESIAN_POINT('',(-4.11,-1.725,0.));
#15580=CARTESIAN_POINT('',(-4.51,-1.725,0.));
#15581=CARTESIAN_POINT('',(-4.36,-1.725,0.3708099243548));
#15582=CARTESIAN_POINT('',(-4.36,-1.925,0.3708099243548));
#15583=CARTESIAN_POINT('',(-4.36,-1.925,0.3708099243548));
#15584=CARTESIAN_POINT('',(-4.51,-1.925,0.));
#15585=CARTESIAN_POINT('',(-4.51,-1.725,0.));
#15586=CARTESIAN_POINT('',(-4.36,-1.925,-0.3708099243548));
#15587=CARTESIAN_POINT('',(-4.36,-1.925,-0.3708099243548));
#15588=CARTESIAN_POINT('',(-4.36,-1.725,-0.3708099243548));
#15589=CARTESIAN_POINT('',(-4.51,-1.725,0.));
#15590=CARTESIAN_POINT('',(-4.51,-2.325,0.));
#15591=CARTESIAN_POINT('',(-4.51,-1.725,0.));
#15592=CARTESIAN_POINT('',(-4.66,-1.725,-0.3708099243548));
#15593=CARTESIAN_POINT('',(-4.66,-1.925,-0.3708099243548));
#15594=CARTESIAN_POINT('',(-4.66,-1.925,-0.3708099243548));
#15595=CARTESIAN_POINT('',(-4.51,-1.925,0.));
#15596=CARTESIAN_POINT('',(-4.51,-1.725,0.));
#15597=CARTESIAN_POINT('',(-7.11,-1.925,-3.2));
#15598=CARTESIAN_POINT('',(-7.11,-1.925,-3.2));
#15599=CARTESIAN_POINT('',(-4.36,-1.925,0.3708099243548));
#15600=CARTESIAN_POINT('',(-4.36,-1.925,0.59));
#15601=CARTESIAN_POINT('',(-4.36,-1.925,0.59));
#15602=CARTESIAN_POINT('',(-4.66,-1.925,0.59));
#15603=CARTESIAN_POINT('',(-4.66,-1.925,0.59));
#15604=CARTESIAN_POINT('',(-7.11,-1.925,-3.2));
#15605=CARTESIAN_POINT('',(-4.66,-1.925,-0.3708099243548));
#15606=CARTESIAN_POINT('',(-4.66,-1.925,-0.59));
#15607=CARTESIAN_POINT('',(-4.66,-1.925,-0.59));
#15608=CARTESIAN_POINT('',(-4.36,-1.925,-0.59));
#15609=CARTESIAN_POINT('',(-4.36,-1.925,-0.59));
#15610=CARTESIAN_POINT('',(-7.11,-1.925,-3.2));
#15611=CARTESIAN_POINT('',(-4.36,-1.725,-0.59));
#15612=CARTESIAN_POINT('',(-4.36,-1.725,-0.59));
#15613=CARTESIAN_POINT('',(-4.66,-1.725,-0.59));
#15614=CARTESIAN_POINT('',(-4.66,-1.725,-0.59));
#15615=CARTESIAN_POINT('',(-4.66,-1.725,-0.59));
#15616=CARTESIAN_POINT('',(-4.66,-1.725,-0.59));
#15617=CARTESIAN_POINT('',(-4.36,-1.725,0.59));
#15618=CARTESIAN_POINT('',(-4.36,-1.725,0.59));
#15619=CARTESIAN_POINT('',(-4.36,-1.725,0.3708099243548));
#15620=CARTESIAN_POINT('',(-4.36,-1.725,-0.59));
#15621=CARTESIAN_POINT('',(-4.36,-1.725,-0.59));
#15622=CARTESIAN_POINT('',(-4.36,-1.725,-0.59));
#15623=CARTESIAN_POINT('',(-4.66,-1.725,0.59));
#15624=CARTESIAN_POINT('',(-4.66,-1.725,0.59));
#15625=CARTESIAN_POINT('',(-4.36,-1.725,0.59));
#15626=CARTESIAN_POINT('',(-4.36,-1.725,0.59));
#15627=CARTESIAN_POINT('',(-4.66,-1.725,-0.3708099243548));
#15628=CARTESIAN_POINT('',(-4.66,-1.725,0.59));
#15629=CARTESIAN_POINT('',(-4.66,-1.725,0.59));
#15630=CARTESIAN_POINT('',(-4.66,-1.725,0.59));
#15631=CARTESIAN_POINT('',(6.556,-1.621,-0.485));
#15632=CARTESIAN_POINT('',(6.556,-2.025,-0.485));
#15633=CARTESIAN_POINT('',(6.96,-1.621,-0.485));
#15634=CARTESIAN_POINT('',(6.96,-1.621,-0.485));
#15635=CARTESIAN_POINT('',(6.96,-1.621,0.485));
#15636=CARTESIAN_POINT('',(6.556,-1.621,0.485));
#15637=CARTESIAN_POINT('',(6.556,-2.025,0.485));
#15638=CARTESIAN_POINT('',(6.556,-2.025,-0.485));
#15639=CARTESIAN_POINT('',(6.556,-1.621,-0.685));
#15640=CARTESIAN_POINT('',(6.556,-1.621,0.485));
#15641=CARTESIAN_POINT('',(6.556,-1.771,0.485));
#15642=CARTESIAN_POINT('',(6.706,-1.621,0.485));
#15643=CARTESIAN_POINT('',(6.556,-1.771,0.485));
#15644=CARTESIAN_POINT('',(6.435,-1.771,0.485));
#15645=CARTESIAN_POINT('',(6.435,-2.025,0.485));
#15646=CARTESIAN_POINT('',(6.435,-2.025,0.485));
#15647=CARTESIAN_POINT('',(6.556,-2.025,0.485));
#15648=CARTESIAN_POINT('',(6.96,-1.621,0.485));
#15649=CARTESIAN_POINT('',(6.96,-1.571,0.485));
#15650=CARTESIAN_POINT('',(6.706,-1.571,0.485));
#15651=CARTESIAN_POINT('',(6.706,-1.571,0.485));
#15652=CARTESIAN_POINT('',(6.706,-1.621,0.485));
#15653=CARTESIAN_POINT('',(6.435,-2.025,0.485));
#15654=CARTESIAN_POINT('',(6.435,-2.025,0.685));
#15655=CARTESIAN_POINT('',(6.435,-2.025,0.685));
#15656=CARTESIAN_POINT('',(6.435,-1.771,0.685));
#15657=CARTESIAN_POINT('',(6.435,-1.771,0.685));
#15658=CARTESIAN_POINT('',(6.435,-2.025,0.685));
#15659=CARTESIAN_POINT('',(6.435,-2.025,0.685));
#15660=CARTESIAN_POINT('',(6.135,-1.771,0.685));
#15661=CARTESIAN_POINT('',(6.135,-1.771,0.685));
#15662=CARTESIAN_POINT('',(6.135,-1.771,0.485));
#15663=CARTESIAN_POINT('',(6.135,-2.025,0.485));
#15664=CARTESIAN_POINT('',(6.135,-2.025,0.485));
#15665=CARTESIAN_POINT('',(6.135,-2.025,0.685));
#15666=CARTESIAN_POINT('',(6.135,-2.025,0.685));
#15667=CARTESIAN_POINT('',(6.135,-2.025,0.685));
#15668=CARTESIAN_POINT('',(6.135,-2.025,0.485));
#15669=CARTESIAN_POINT('',(6.135,-2.025,-0.685));
#15670=CARTESIAN_POINT('',(6.135,-2.025,-0.685));
#15671=CARTESIAN_POINT('',(6.135,-2.025,-0.485));
#15672=CARTESIAN_POINT('',(6.135,-2.025,-0.485));
#15673=CARTESIAN_POINT('',(6.135,-1.771,-0.485));
#15674=CARTESIAN_POINT('',(6.135,-1.771,-0.685));
#15675=CARTESIAN_POINT('',(6.135,-1.771,-0.685));
#15676=CARTESIAN_POINT('',(6.135,-2.025,-0.685));
#15677=CARTESIAN_POINT('',(6.135,-2.025,-0.685));
#15678=CARTESIAN_POINT('',(5.864,-1.571,-0.685));
#15679=CARTESIAN_POINT('',(5.864,-1.571,-0.685));
#15680=CARTESIAN_POINT('',(5.864,-1.425,-0.685));
#15681=CARTESIAN_POINT('',(5.864,-1.425,-0.685));
#15682=CARTESIAN_POINT('',(5.864,-1.425,0.685));
#15683=CARTESIAN_POINT('',(5.864,-1.571,0.685));
#15684=CARTESIAN_POINT('',(5.864,-1.571,0.685));
#15685=CARTESIAN_POINT('',(5.864,-1.571,0.485));
#15686=CARTESIAN_POINT('',(5.864,-1.571,0.485));
#15687=CARTESIAN_POINT('',(5.864,-1.621,0.485));
#15688=CARTESIAN_POINT('',(5.864,-1.621,0.485));
#15689=CARTESIAN_POINT('',(5.864,-1.621,-0.485));
#15690=CARTESIAN_POINT('',(5.864,-1.621,-0.485));
#15691=CARTESIAN_POINT('',(5.864,-1.621,-0.485));
#15692=CARTESIAN_POINT('',(5.864,-1.571,-0.485));
#15693=CARTESIAN_POINT('',(5.864,-1.571,-0.685));
#15694=CARTESIAN_POINT('',(5.864,-1.621,-0.685));
#15695=CARTESIAN_POINT('',(6.014,-1.621,-0.485));
#15696=CARTESIAN_POINT('',(6.014,-1.771,-0.485));
#15697=CARTESIAN_POINT('',(6.014,-1.621,0.485));
#15698=CARTESIAN_POINT('',(6.014,-1.771,0.485));
#15699=CARTESIAN_POINT('',(6.014,-1.771,-0.485));
#15700=CARTESIAN_POINT('',(6.014,-1.621,-0.685));
#15701=CARTESIAN_POINT('',(6.014,-2.025,-0.485));
#15702=CARTESIAN_POINT('',(6.014,-2.025,-0.485));
#15703=CARTESIAN_POINT('',(6.014,-1.621,-0.485));
#15704=CARTESIAN_POINT('',(5.61,-1.621,-0.485));
#15705=CARTESIAN_POINT('',(5.61,-1.621,-0.485));
#15706=CARTESIAN_POINT('',(5.61,-1.571,-0.485));
#15707=CARTESIAN_POINT('',(5.864,-1.571,-0.485));
#15708=CARTESIAN_POINT('',(6.014,-1.771,-0.485));
#15709=CARTESIAN_POINT('',(6.135,-2.025,-0.485));
#15710=CARTESIAN_POINT('',(6.014,-2.025,-0.485));
#15711=CARTESIAN_POINT('',(6.014,-2.025,0.485));
#15712=CARTESIAN_POINT('',(6.014,-1.621,0.485));
#15713=CARTESIAN_POINT('',(5.61,-1.621,0.485));
#15714=CARTESIAN_POINT('',(5.61,-1.621,-0.485));
#15715=CARTESIAN_POINT('',(6.014,-1.621,-0.685));
#15716=CARTESIAN_POINT('',(6.135,-2.025,-0.685));
#15717=CARTESIAN_POINT('',(6.435,-2.025,-0.685));
#15718=CARTESIAN_POINT('',(6.435,-2.025,-0.685));
#15719=CARTESIAN_POINT('',(6.435,-2.025,-0.485));
#15720=CARTESIAN_POINT('',(6.556,-2.025,-0.485));
#15721=CARTESIAN_POINT('',(6.135,-2.025,0.685));
#15722=CARTESIAN_POINT('',(6.014,-2.025,0.485));
#15723=CARTESIAN_POINT('',(6.014,-2.025,-0.685));
#15724=CARTESIAN_POINT('',(6.435,-1.771,-0.685));
#15725=CARTESIAN_POINT('',(6.435,-1.771,-0.685));
#15726=CARTESIAN_POINT('',(6.435,-1.771,-0.485));
#15727=CARTESIAN_POINT('',(6.435,-2.025,-0.485));
#15728=CARTESIAN_POINT('',(6.435,-2.025,-0.685));
#15729=CARTESIAN_POINT('',(6.435,-2.025,-0.485));
#15730=CARTESIAN_POINT('',(6.96,-1.571,-0.485));
#15731=CARTESIAN_POINT('',(6.96,-1.571,-0.485));
#15732=CARTESIAN_POINT('',(6.706,-1.571,-0.485));
#15733=CARTESIAN_POINT('',(6.96,-1.621,-0.485));
#15734=CARTESIAN_POINT('',(6.556,-1.771,-0.485));
#15735=CARTESIAN_POINT('',(6.556,-1.771,-0.485));
#15736=CARTESIAN_POINT('',(6.556,-1.621,-0.485));
#15737=CARTESIAN_POINT('',(6.706,-1.621,-0.485));
#15738=CARTESIAN_POINT('',(6.706,-1.621,-0.485));
#15739=CARTESIAN_POINT('',(6.96,-2.025,-0.485));
#15740=CARTESIAN_POINT('',(6.96,-1.571,-0.685));
#15741=CARTESIAN_POINT('',(6.96,-1.571,-0.685));
#15742=CARTESIAN_POINT('',(6.96,-1.025,-0.685));
#15743=CARTESIAN_POINT('',(6.96,-1.025,-0.685));
#15744=CARTESIAN_POINT('',(6.96,-1.025,0.685));
#15745=CARTESIAN_POINT('',(6.96,-1.571,0.685));
#15746=CARTESIAN_POINT('',(6.96,-1.571,0.685));
#15747=CARTESIAN_POINT('',(6.96,-1.571,0.485));
#15748=CARTESIAN_POINT('',(6.96,-1.571,-0.685));
#15749=CARTESIAN_POINT('',(6.96,-1.621,-0.685));
#15750=CARTESIAN_POINT('',(6.706,-1.025,-0.685));
#15751=CARTESIAN_POINT('',(6.706,-1.025,-0.685));
#15752=CARTESIAN_POINT('',(6.706,-1.025,0.685));
#15753=CARTESIAN_POINT('',(6.96,-1.025,0.685));
#15754=CARTESIAN_POINT('',(6.96,-1.025,-0.685));
#15755=CARTESIAN_POINT('',(6.96,-1.025,-0.685));
#15756=CARTESIAN_POINT('',(6.706,-1.621,-0.485));
#15757=CARTESIAN_POINT('',(6.706,-1.571,0.485));
#15758=CARTESIAN_POINT('',(6.706,-1.571,0.685));
#15759=CARTESIAN_POINT('',(6.706,-1.025,0.685));
#15760=CARTESIAN_POINT('',(6.706,-1.025,-0.685));
#15761=CARTESIAN_POINT('',(6.706,-1.571,-0.685));
#15762=CARTESIAN_POINT('',(6.706,-1.571,-0.685));
#15763=CARTESIAN_POINT('',(6.706,-1.025,-0.685));
#15764=CARTESIAN_POINT('',(6.556,-1.771,-0.485));
#15765=CARTESIAN_POINT('',(6.556,-1.621,-0.685));
#15766=CARTESIAN_POINT('',(6.435,-1.771,-0.685));
#15767=CARTESIAN_POINT('',(6.014,-1.771,0.485));
#15768=CARTESIAN_POINT('',(6.435,-1.771,0.685));
#15769=CARTESIAN_POINT('',(6.556,-1.771,-0.685));
#15770=CARTESIAN_POINT('',(5.61,-1.571,0.485));
#15771=CARTESIAN_POINT('',(5.61,-1.571,0.485));
#15772=CARTESIAN_POINT('',(5.61,-1.621,0.485));
#15773=CARTESIAN_POINT('',(5.61,-2.025,0.485));
#15774=CARTESIAN_POINT('',(5.61,-1.571,0.485));
#15775=CARTESIAN_POINT('',(5.61,-1.571,0.685));
#15776=CARTESIAN_POINT('',(5.61,-1.425,0.685));
#15777=CARTESIAN_POINT('',(5.61,-1.425,0.685));
#15778=CARTESIAN_POINT('',(5.61,-1.425,-0.685));
#15779=CARTESIAN_POINT('',(5.61,-1.425,-0.685));
#15780=CARTESIAN_POINT('',(5.61,-1.425,-0.685));
#15781=CARTESIAN_POINT('',(5.61,-1.571,-0.685));
#15782=CARTESIAN_POINT('',(5.61,-1.571,-0.685));
#15783=CARTESIAN_POINT('',(5.61,-0.325,-0.685));
#15784=CARTESIAN_POINT('',(-6.435,-2.025,-0.685));
#15785=CARTESIAN_POINT('',(-6.435,-2.025,-0.685));
#15786=CARTESIAN_POINT('',(-6.435,-2.025,-0.485));
#15787=CARTESIAN_POINT('',(-6.435,-2.025,-0.485));
#15788=CARTESIAN_POINT('',(-6.435,-1.771,-0.485));
#15789=CARTESIAN_POINT('',(-6.435,-1.771,-0.685));
#15790=CARTESIAN_POINT('',(-6.435,-1.771,-0.685));
#15791=CARTESIAN_POINT('',(-6.435,-2.025,-0.685));
#15792=CARTESIAN_POINT('',(-6.435,-2.025,-0.685));
#15793=CARTESIAN_POINT('',(-6.435,-1.771,0.685));
#15794=CARTESIAN_POINT('',(-6.435,-1.771,0.685));
#15795=CARTESIAN_POINT('',(-6.435,-1.771,0.485));
#15796=CARTESIAN_POINT('',(-6.435,-2.025,0.485));
#15797=CARTESIAN_POINT('',(-6.435,-2.025,0.485));
#15798=CARTESIAN_POINT('',(-6.435,-2.025,0.685));
#15799=CARTESIAN_POINT('',(-6.435,-2.025,0.685));
#15800=CARTESIAN_POINT('',(-6.435,-2.025,0.685));
#15801=CARTESIAN_POINT('',(-6.435,-2.025,0.485));
#15802=CARTESIAN_POINT('',(-6.135,-2.025,0.685));
#15803=CARTESIAN_POINT('',(-6.135,-2.025,0.685));
#15804=CARTESIAN_POINT('',(-6.135,-2.025,0.485));
#15805=CARTESIAN_POINT('',(-6.135,-2.025,0.485));
#15806=CARTESIAN_POINT('',(-6.135,-1.771,0.485));
#15807=CARTESIAN_POINT('',(-6.135,-1.771,0.685));
#15808=CARTESIAN_POINT('',(-6.135,-1.771,0.685));
#15809=CARTESIAN_POINT('',(-6.135,-2.025,0.685));
#15810=CARTESIAN_POINT('',(-6.135,-2.025,0.685));
#15811=CARTESIAN_POINT('',(-6.135,-1.771,-0.685));
#15812=CARTESIAN_POINT('',(-6.135,-1.771,-0.685));
#15813=CARTESIAN_POINT('',(-6.135,-1.771,-0.485));
#15814=CARTESIAN_POINT('',(-6.135,-2.025,-0.485));
#15815=CARTESIAN_POINT('',(-6.135,-2.025,-0.485));
#15816=CARTESIAN_POINT('',(-6.135,-2.025,-0.685));
#15817=CARTESIAN_POINT('',(-6.135,-2.025,-0.685));
#15818=CARTESIAN_POINT('',(-6.135,-2.025,-0.685));
#15819=CARTESIAN_POINT('',(-6.135,-2.025,-0.485));
#15820=CARTESIAN_POINT('',(-6.014,-1.621,-0.485));
#15821=CARTESIAN_POINT('',(-6.014,-2.025,-0.485));
#15822=CARTESIAN_POINT('',(-5.61,-1.621,-0.485));
#15823=CARTESIAN_POINT('',(-5.61,-1.621,-0.485));
#15824=CARTESIAN_POINT('',(-5.61,-1.621,0.485));
#15825=CARTESIAN_POINT('',(-6.014,-1.621,0.485));
#15826=CARTESIAN_POINT('',(-6.014,-2.025,0.485));
#15827=CARTESIAN_POINT('',(-6.014,-2.025,-0.485));
#15828=CARTESIAN_POINT('',(-6.014,-1.621,-0.685));
#15829=CARTESIAN_POINT('',(-6.014,-1.771,-0.485));
#15830=CARTESIAN_POINT('',(-6.014,-1.771,-0.485));
#15831=CARTESIAN_POINT('',(-6.014,-1.621,-0.485));
#15832=CARTESIAN_POINT('',(-5.864,-1.621,-0.485));
#15833=CARTESIAN_POINT('',(-5.864,-1.621,-0.485));
#15834=CARTESIAN_POINT('',(-5.864,-1.571,-0.485));
#15835=CARTESIAN_POINT('',(-5.61,-1.571,-0.485));
#15836=CARTESIAN_POINT('',(-5.61,-1.571,-0.485));
#15837=CARTESIAN_POINT('',(-5.61,-1.621,-0.485));
#15838=CARTESIAN_POINT('',(-6.014,-2.025,-0.485));
#15839=CARTESIAN_POINT('',(-5.61,-2.025,-0.485));
#15840=CARTESIAN_POINT('',(-6.014,-1.771,-0.485));
#15841=CARTESIAN_POINT('',(-6.014,-1.771,0.485));
#15842=CARTESIAN_POINT('',(-6.014,-1.621,0.485));
#15843=CARTESIAN_POINT('',(-5.864,-1.621,0.485));
#15844=CARTESIAN_POINT('',(-5.864,-1.621,-0.485));
#15845=CARTESIAN_POINT('',(-6.014,-1.621,-0.685));
#15846=CARTESIAN_POINT('',(-6.135,-1.771,-0.685));
#15847=CARTESIAN_POINT('',(-6.556,-1.771,-0.485));
#15848=CARTESIAN_POINT('',(-6.556,-1.771,-0.485));
#15849=CARTESIAN_POINT('',(-6.556,-1.771,-0.485));
#15850=CARTESIAN_POINT('',(-6.556,-1.771,0.485));
#15851=CARTESIAN_POINT('',(-6.556,-1.771,0.485));
#15852=CARTESIAN_POINT('',(-6.135,-1.771,0.685));
#15853=CARTESIAN_POINT('',(-6.014,-1.771,0.485));
#15854=CARTESIAN_POINT('',(-6.014,-1.771,-0.685));
#15855=CARTESIAN_POINT('',(-6.556,-1.621,-0.485));
#15856=CARTESIAN_POINT('',(-6.706,-1.621,-0.485));
#15857=CARTESIAN_POINT('',(-6.706,-1.621,-0.485));
#15858=CARTESIAN_POINT('',(-6.706,-1.621,0.485));
#15859=CARTESIAN_POINT('',(-6.556,-1.621,0.485));
#15860=CARTESIAN_POINT('',(-6.556,-1.621,-0.685));
#15861=CARTESIAN_POINT('',(-6.556,-1.621,0.485));
#15862=CARTESIAN_POINT('',(-6.96,-1.621,0.485));
#15863=CARTESIAN_POINT('',(-6.556,-2.025,0.485));
#15864=CARTESIAN_POINT('',(-6.556,-2.025,0.485));
#15865=CARTESIAN_POINT('',(-6.706,-1.621,0.485));
#15866=CARTESIAN_POINT('',(-6.706,-1.571,0.485));
#15867=CARTESIAN_POINT('',(-6.96,-1.571,0.485));
#15868=CARTESIAN_POINT('',(-6.96,-1.571,0.485));
#15869=CARTESIAN_POINT('',(-6.96,-1.621,0.485));
#15870=CARTESIAN_POINT('',(-6.96,-2.025,0.485));
#15871=CARTESIAN_POINT('',(-6.556,-1.621,-0.485));
#15872=CARTESIAN_POINT('',(-6.96,-1.621,-0.485));
#15873=CARTESIAN_POINT('',(-6.556,-2.025,-0.485));
#15874=CARTESIAN_POINT('',(-6.556,-2.025,-0.485));
#15875=CARTESIAN_POINT('',(-6.96,-1.621,-0.485));
#15876=CARTESIAN_POINT('',(-6.556,-1.621,-0.685));
#15877=CARTESIAN_POINT('',(-6.556,-2.025,-0.485));
#15878=CARTESIAN_POINT('',(-6.435,-2.025,-0.685));
#15879=CARTESIAN_POINT('',(-6.014,-2.025,0.485));
#15880=CARTESIAN_POINT('',(-6.435,-2.025,0.685));
#15881=CARTESIAN_POINT('',(-6.556,-2.025,-0.685));
#15882=CARTESIAN_POINT('',(-5.61,-1.621,0.485));
#15883=CARTESIAN_POINT('',(-5.61,-1.571,0.485));
#15884=CARTESIAN_POINT('',(-5.864,-1.571,0.485));
#15885=CARTESIAN_POINT('',(-5.864,-1.571,0.485));
#15886=CARTESIAN_POINT('',(-5.864,-1.621,0.485));
#15887=CARTESIAN_POINT('',(-6.135,-2.025,0.485));
#15888=CARTESIAN_POINT('',(-5.864,-1.571,0.485));
#15889=CARTESIAN_POINT('',(-5.864,-1.571,0.685));
#15890=CARTESIAN_POINT('',(-5.864,-1.425,0.685));
#15891=CARTESIAN_POINT('',(-5.864,-1.425,0.685));
#15892=CARTESIAN_POINT('',(-5.864,-1.425,-0.685));
#15893=CARTESIAN_POINT('',(-5.864,-1.425,-0.685));
#15894=CARTESIAN_POINT('',(-5.864,-1.425,-0.685));
#15895=CARTESIAN_POINT('',(-5.864,-1.571,-0.685));
#15896=CARTESIAN_POINT('',(-5.864,-1.571,-0.685));
#15897=CARTESIAN_POINT('',(-5.864,-0.325,-0.685));
#15898=CARTESIAN_POINT('',(0.,0.,0.685));
#15899=CARTESIAN_POINT('',(0.,0.,0.685));
#15900=CARTESIAN_POINT('',(6.706,-1.571,0.685));
#15901=CARTESIAN_POINT('',(0.,0.,0.685));
#15902=CARTESIAN_POINT('',(5.864,-1.425,0.685));
#15903=CARTESIAN_POINT('',(5.61,-1.571,0.685));
#15904=CARTESIAN_POINT('',(0.,0.,0.685));
#15905=CARTESIAN_POINT('',(-5.61,-1.571,0.685));
#15906=CARTESIAN_POINT('',(-5.61,-1.571,0.685));
#15907=CARTESIAN_POINT('',(-5.61,-1.425,0.685));
#15908=CARTESIAN_POINT('',(-5.61,-1.425,0.685));
#15909=CARTESIAN_POINT('',(-5.864,-1.571,0.685));
#15910=CARTESIAN_POINT('',(0.,0.,0.685));
#15911=CARTESIAN_POINT('',(-6.706,-1.571,0.685));
#15912=CARTESIAN_POINT('',(-6.706,-1.571,0.685));
#15913=CARTESIAN_POINT('',(-6.706,-1.025,0.685));
#15914=CARTESIAN_POINT('',(-6.706,-1.025,0.685));
#15915=CARTESIAN_POINT('',(-6.96,-1.025,0.685));
#15916=CARTESIAN_POINT('',(-6.96,-1.025,0.685));
#15917=CARTESIAN_POINT('',(-6.96,-1.571,0.685));
#15918=CARTESIAN_POINT('',(-6.96,-1.571,0.685));
#15919=CARTESIAN_POINT('',(0.,0.,0.685));
#15920=CARTESIAN_POINT('',(-6.96,-1.025,-0.685));
#15921=CARTESIAN_POINT('',(-6.96,-1.025,-0.685));
#15922=CARTESIAN_POINT('',(-6.706,-1.025,-0.685));
#15923=CARTESIAN_POINT('',(-6.706,-1.025,-0.685));
#15924=CARTESIAN_POINT('',(-6.706,-1.025,-0.685));
#15925=CARTESIAN_POINT('',(-6.706,-1.025,-0.685));
#15926=CARTESIAN_POINT('',(-6.96,-1.621,-0.485));
#15927=CARTESIAN_POINT('',(-6.96,-1.571,-0.485));
#15928=CARTESIAN_POINT('',(-6.96,-1.571,0.485));
#15929=CARTESIAN_POINT('',(-6.96,-1.025,-0.685));
#15930=CARTESIAN_POINT('',(-6.96,-1.571,-0.685));
#15931=CARTESIAN_POINT('',(-6.96,-1.571,-0.685));
#15932=CARTESIAN_POINT('',(-6.96,-1.025,-0.685));
#15933=CARTESIAN_POINT('',(-6.706,-1.571,-0.485));
#15934=CARTESIAN_POINT('',(-6.706,-1.571,-0.485));
#15935=CARTESIAN_POINT('',(-6.706,-1.621,-0.485));
#15936=CARTESIAN_POINT('',(-6.435,-2.025,-0.485));
#15937=CARTESIAN_POINT('',(-6.706,-1.571,-0.685));
#15938=CARTESIAN_POINT('',(-6.706,-1.571,-0.685));
#15939=CARTESIAN_POINT('',(-6.706,-1.571,0.485));
#15940=CARTESIAN_POINT('',(-6.706,-1.571,-0.685));
#15941=CARTESIAN_POINT('',(-6.706,-1.621,-0.685));
#15942=CARTESIAN_POINT('',(0.,0.,-0.685));
#15943=CARTESIAN_POINT('',(0.,0.,-0.685));
#15944=CARTESIAN_POINT('',(6.706,-1.571,-0.685));
#15945=CARTESIAN_POINT('',(0.,0.,-0.685));
#15946=CARTESIAN_POINT('',(5.864,-1.425,-0.685));
#15947=CARTESIAN_POINT('',(5.61,-1.571,-0.685));
#15948=CARTESIAN_POINT('',(0.,0.,-0.685));
#15949=CARTESIAN_POINT('',(-5.61,-1.425,-0.685));
#15950=CARTESIAN_POINT('',(-5.61,-1.425,-0.685));
#15951=CARTESIAN_POINT('',(-5.61,-1.571,-0.685));
#15952=CARTESIAN_POINT('',(-5.61,-1.571,-0.685));
#15953=CARTESIAN_POINT('',(-5.864,-1.571,-0.685));
#15954=CARTESIAN_POINT('',(0.,0.,-0.685));
#15955=CARTESIAN_POINT('',(-6.96,-1.571,-0.685));
#15956=CARTESIAN_POINT('',(0.,0.,-0.685));
#15957=CARTESIAN_POINT('',(6.014,-1.571,-0.685));
#15958=CARTESIAN_POINT('',(6.014,-1.571,-0.685));
#15959=CARTESIAN_POINT('',(-5.61,-1.571,0.485));
#15960=CARTESIAN_POINT('',(6.014,-1.571,-0.685));
#15961=CARTESIAN_POINT('',(6.014,-1.571,-0.685));
#15962=CARTESIAN_POINT('',(6.014,-1.571,-0.685));
#15963=CARTESIAN_POINT('',(6.014,-1.571,-0.685));
#15964=CARTESIAN_POINT('',(-5.61,-1.571,-0.685));
#15965=CARTESIAN_POINT('',(6.014,-1.571,-0.685));
#15966=CARTESIAN_POINT('',(6.014,-1.571,-0.685));
#15967=CARTESIAN_POINT('',(-5.61,-1.425,-0.685));
#15968=CARTESIAN_POINT('',(-5.61,-1.621,-0.685));
#15969=CARTESIAN_POINT('',(-3.4075,-1.025,-1.83));
#15970=CARTESIAN_POINT('',(-3.4075,-1.025,-1.83));
#15971=CARTESIAN_POINT('',(-3.4075,-1.025,-1.33));
#15972=CARTESIAN_POINT('',(-3.4075,-1.725,-1.83));
#15973=CARTESIAN_POINT('',(-3.4075,-1.725,-1.83));
#15974=CARTESIAN_POINT('',(-3.4075,-1.725,-1.83));
#15975=CARTESIAN_POINT('',(-3.4075,-1.725,-1.33));
#15976=CARTESIAN_POINT('',(-3.4075,-1.725,-1.33));
#15977=CARTESIAN_POINT('',(-3.4075,-1.925,-1.83));
#15978=CARTESIAN_POINT('',(-3.4075,-1.725,-1.33));
#15979=CARTESIAN_POINT('',(-3.9075,-1.725,-1.33));
#15980=CARTESIAN_POINT('',(-3.9075,-1.725,-1.33));
#15981=CARTESIAN_POINT('',(-3.9075,-1.025,-1.33));
#15982=CARTESIAN_POINT('',(-3.4075,-1.025,-1.33));
#15983=CARTESIAN_POINT('',(-3.4075,-1.925,-1.33));
#15984=CARTESIAN_POINT('',(-3.9075,-1.725,-1.33));
#15985=CARTESIAN_POINT('',(-3.9075,-1.725,-1.83));
#15986=CARTESIAN_POINT('',(-3.9075,-1.725,-1.83));
#15987=CARTESIAN_POINT('',(-3.9075,-1.025,-1.83));
#15988=CARTESIAN_POINT('',(-3.9075,-1.025,-1.83));
#15989=CARTESIAN_POINT('',(-3.9075,-1.925,-1.33));
#15990=CARTESIAN_POINT('',(3.4075,-1.725,-1.33));
#15991=CARTESIAN_POINT('',(3.4075,-1.725,-1.33));
#15992=CARTESIAN_POINT('',(3.4075,-1.725,-1.83));
#15993=CARTESIAN_POINT('',(3.4075,-1.725,-1.83));
#15994=CARTESIAN_POINT('',(3.4075,-1.025,-1.83));
#15995=CARTESIAN_POINT('',(3.4075,-1.025,-1.83));
#15996=CARTESIAN_POINT('',(3.4075,-1.025,-1.33));
#15997=CARTESIAN_POINT('',(3.4075,-1.725,-1.33));
#15998=CARTESIAN_POINT('',(3.4075,-1.925,-1.33));
#15999=CARTESIAN_POINT('',(3.9075,-1.725,-1.33));
#16000=CARTESIAN_POINT('',(3.9075,-1.725,-1.33));
#16001=CARTESIAN_POINT('',(3.9075,-1.025,-1.33));
#16002=CARTESIAN_POINT('',(3.9075,-1.025,-1.33));
#16003=CARTESIAN_POINT('',(3.9075,-1.725,-1.33));
#16004=CARTESIAN_POINT('',(3.9075,-1.925,-1.33));
#16005=CARTESIAN_POINT('',(3.9075,-1.025,-1.83));
#16006=CARTESIAN_POINT('',(3.9075,-1.025,-1.83));
#16007=CARTESIAN_POINT('',(3.9075,-1.725,-1.83));
#16008=CARTESIAN_POINT('',(3.9075,-1.725,-1.83));
#16009=CARTESIAN_POINT('',(3.9075,-1.725,-1.83));
#16010=CARTESIAN_POINT('',(3.9075,-1.925,-1.83));
#16011=CARTESIAN_POINT('',(3.36,-1.025,0.8));
#16012=CARTESIAN_POINT('',(3.36,-1.025,1.1));
#16013=CARTESIAN_POINT('',(3.66,-1.025,0.8));
#16014=CARTESIAN_POINT('',(3.66,1.97,0.8));
#16015=CARTESIAN_POINT('',(3.66,1.975,0.8));
#16016=CARTESIAN_POINT('',(3.35999999999999,1.975,0.800000000000045));
#16017=CARTESIAN_POINT('',(3.35999999999999,1.975,1.10000000000004));
#16018=CARTESIAN_POINT('',(3.36,1.97,1.1));
#16019=CARTESIAN_POINT('',(3.36,1.975,0.8));
#16020=CARTESIAN_POINT('',(3.66,-1.025,0.8));
#16021=CARTESIAN_POINT('',(3.66,-1.025,-0.8));
#16022=CARTESIAN_POINT('',(3.66,1.97,-0.8));
#16023=CARTESIAN_POINT('',(3.65999999999998,1.975,-0.800000000000096));
#16024=CARTESIAN_POINT('',(3.66,1.975,-3.2));
#16025=CARTESIAN_POINT('',(3.66,1.975,0.8));
#16026=CARTESIAN_POINT('',(3.36,-1.025,-0.8));
#16027=CARTESIAN_POINT('',(3.36,-1.025,-1.1));
#16028=CARTESIAN_POINT('',(3.36,1.97,-1.1));
#16029=CARTESIAN_POINT('',(3.36,1.975,-1.1));
#16030=CARTESIAN_POINT('',(3.35999999999998,1.975,-0.800000000000087));
#16031=CARTESIAN_POINT('',(3.36,1.975,-0.8));
#16032=CARTESIAN_POINT('',(-3.36,-1.025,-0.8));
#16033=CARTESIAN_POINT('',(-3.36,-1.025,-1.1));
#16034=CARTESIAN_POINT('',(-3.66,-1.025,-0.8));
#16035=CARTESIAN_POINT('',(-3.66,1.97,-0.8));
#16036=CARTESIAN_POINT('',(-3.66,1.975,-0.8));
#16037=CARTESIAN_POINT('',(-3.36,1.975,-0.8));
#16038=CARTESIAN_POINT('',(-3.36,1.975,-1.1));
#16039=CARTESIAN_POINT('',(-3.36,1.97,-1.1));
#16040=CARTESIAN_POINT('',(-3.36,1.975,-0.8));
#16041=CARTESIAN_POINT('',(-3.66,-1.025,-0.8));
#16042=CARTESIAN_POINT('',(-3.66,-1.025,0.8));
#16043=CARTESIAN_POINT('',(-3.66,1.97,0.8));
#16044=CARTESIAN_POINT('',(-3.66,1.975,0.8));
#16045=CARTESIAN_POINT('',(-3.66,1.975,-3.2));
#16046=CARTESIAN_POINT('',(-3.66,1.975,-0.8));
#16047=CARTESIAN_POINT('',(-3.36,-1.025,0.8));
#16048=CARTESIAN_POINT('',(-3.36,-1.025,1.1));
#16049=CARTESIAN_POINT('',(-3.36,1.97,1.1));
#16050=CARTESIAN_POINT('',(-3.36,1.975,1.1));
#16051=CARTESIAN_POINT('',(-3.36,1.975,0.8));
#16052=CARTESIAN_POINT('',(-3.36,1.975,0.8));
#16053=CARTESIAN_POINT('',(-3.4075,-1.725,1.33));
#16054=CARTESIAN_POINT('',(-3.4075,-1.725,1.33));
#16055=CARTESIAN_POINT('',(-3.4075,-1.725,1.83));
#16056=CARTESIAN_POINT('',(-3.4075,-1.725,1.83));
#16057=CARTESIAN_POINT('',(-3.4075,-1.025,1.83));
#16058=CARTESIAN_POINT('',(-3.4075,-1.025,1.83));
#16059=CARTESIAN_POINT('',(-3.4075,-1.025,1.33));
#16060=CARTESIAN_POINT('',(-3.4075,-1.725,1.33));
#16061=CARTESIAN_POINT('',(-3.4075,-1.925,1.33));
#16062=CARTESIAN_POINT('',(-3.9075,-1.725,1.33));
#16063=CARTESIAN_POINT('',(-3.9075,-1.725,1.33));
#16064=CARTESIAN_POINT('',(-3.9075,-1.025,1.33));
#16065=CARTESIAN_POINT('',(-3.9075,-1.025,1.33));
#16066=CARTESIAN_POINT('',(-3.9075,-1.725,1.33));
#16067=CARTESIAN_POINT('',(-3.9075,-1.925,1.33));
#16068=CARTESIAN_POINT('',(-3.9075,-1.025,1.83));
#16069=CARTESIAN_POINT('',(-3.9075,-1.025,1.83));
#16070=CARTESIAN_POINT('',(-3.9075,-1.725,1.83));
#16071=CARTESIAN_POINT('',(-3.9075,-1.725,1.83));
#16072=CARTESIAN_POINT('',(-3.9075,-1.725,1.83));
#16073=CARTESIAN_POINT('',(-3.9075,-1.925,1.83));
#16074=CARTESIAN_POINT('',(-5.16,-1.025,1.83));
#16075=CARTESIAN_POINT('',(-5.16,-1.025,1.83));
#16076=CARTESIAN_POINT('',(-5.16,-1.025,0.));
#16077=CARTESIAN_POINT('',(-5.16,1.175,0.));
#16078=CARTESIAN_POINT('',(-5.16,1.175,0.));
#16079=CARTESIAN_POINT('',(-5.16,1.175,1.83));
#16080=CARTESIAN_POINT('',(-5.16,1.175,1.83));
#16081=CARTESIAN_POINT('',(-5.16,1.175,1.83));
#16082=CARTESIAN_POINT('',(-5.16,1.975,1.83));
#16083=CARTESIAN_POINT('',(3.5,0.675,-2.3));
#16084=CARTESIAN_POINT('',(3.5,0.675,-2.3));
#16085=CARTESIAN_POINT('',(3.5,0.675,-2.4));
#16086=CARTESIAN_POINT('',(3.5,-0.925,-2.3));
#16087=CARTESIAN_POINT('',(3.5,-0.925,-2.3));
#16088=CARTESIAN_POINT('',(3.5,-0.925,-2.4));
#16089=CARTESIAN_POINT('',(3.5,-0.925,-2.4));
#16090=CARTESIAN_POINT('',(3.5,-0.925,-2.4));
#16091=CARTESIAN_POINT('',(3.5,-0.925,-2.3));
#16092=CARTESIAN_POINT('',(5.275,0.675,-2.3));
#16093=CARTESIAN_POINT('',(5.275,0.675,-2.3));
#16094=CARTESIAN_POINT('',(5.275,-0.925,-2.3));
#16095=CARTESIAN_POINT('',(5.275,-0.925,-2.3));
#16096=CARTESIAN_POINT('',(5.275,-0.925,-2.3));
#16097=CARTESIAN_POINT('',(5.275,-0.925,-2.3));
#16098=CARTESIAN_POINT('',(5.275,-0.925,-2.4));
#16099=CARTESIAN_POINT('',(5.275,-0.925,-2.4));
#16100=CARTESIAN_POINT('',(5.275,0.675,-2.4));
#16101=CARTESIAN_POINT('',(5.275,0.675,-2.4));
#16102=CARTESIAN_POINT('',(5.275,-0.925,-2.4));
#16103=CARTESIAN_POINT('',(5.275,-0.925,-2.4));
#16104=CARTESIAN_POINT('',(-6.61,1.175,-0.75));
#16105=CARTESIAN_POINT('',(-6.61,1.175,-0.75));
#16106=CARTESIAN_POINT('',(-6.61,-1.425,-0.75));
#16107=CARTESIAN_POINT('',(-6.61,1.175,-1.8));
#16108=CARTESIAN_POINT('',(-6.61,1.175,-1.8));
#16109=CARTESIAN_POINT('',(-6.61,1.175,-1.8));
#16110=CARTESIAN_POINT('',(-6.61,-1.425,-1.8));
#16111=CARTESIAN_POINT('',(-6.61,-1.425,-1.5));
#16112=CARTESIAN_POINT('',(-6.61,-1.425,-1.5));
#16113=CARTESIAN_POINT('',(-6.61,-1.425,-0.75));
#16114=CARTESIAN_POINT('',(-6.61,1.975,-0.75));
#16115=CARTESIAN_POINT('',(-6.31,-1.425,-1.8));
#16116=CARTESIAN_POINT('',(-6.31,-1.425,-2.1));
#16117=CARTESIAN_POINT('',(-6.31,1.175,-1.8));
#16118=CARTESIAN_POINT('',(-6.31,1.175,-2.1));
#16119=CARTESIAN_POINT('',(-6.31,1.175,-2.1));
#16120=CARTESIAN_POINT('',(-6.31,1.975,-1.8));
#16121=CARTESIAN_POINT('',(5.47,1.175,-2.4));
#16122=CARTESIAN_POINT('',(5.47,1.175,-2.4));
#16123=CARTESIAN_POINT('',(5.47,1.175,-2.1));
#16124=CARTESIAN_POINT('',(5.47,1.175,-2.1));
#16125=CARTESIAN_POINT('',(5.47,-0.925,-2.1));
#16126=CARTESIAN_POINT('',(5.47,-0.925,-2.4));
#16127=CARTESIAN_POINT('',(5.47,-0.925,-2.4));
#16128=CARTESIAN_POINT('',(5.47,1.175,-2.4));
#16129=CARTESIAN_POINT('',(5.47,1.975,-2.4));
#16130=CARTESIAN_POINT('',(5.91,1.175,1.));
#16131=CARTESIAN_POINT('',(5.91,1.175,1.));
#16132=CARTESIAN_POINT('',(5.91,-0.325,1.));
#16133=CARTESIAN_POINT('',(5.91,1.175,1.));
#16134=CARTESIAN_POINT('',(5.91,1.175,0.75));
#16135=CARTESIAN_POINT('',(5.91,1.175,0.75));
#16136=CARTESIAN_POINT('',(5.91,-0.325,0.75));
#16137=CARTESIAN_POINT('',(5.91,-0.325,1.));
#16138=CARTESIAN_POINT('',(5.91,1.975,1.));
#16139=CARTESIAN_POINT('',(5.61,1.175,1.));
#16140=CARTESIAN_POINT('',(5.61,1.175,1.));
#16141=CARTESIAN_POINT('',(5.61,-0.325,1.));
#16142=CARTESIAN_POINT('',(5.61,1.175,1.));
#16143=CARTESIAN_POINT('',(5.61,-0.325,1.));
#16144=CARTESIAN_POINT('',(5.61,1.975,1.));
#16145=CARTESIAN_POINT('',(5.61,1.175,-1.));
#16146=CARTESIAN_POINT('',(5.61,1.175,-1.));
#16147=CARTESIAN_POINT('',(5.61,-0.325,-1.));
#16148=CARTESIAN_POINT('',(5.61,1.175,-1.));
#16149=CARTESIAN_POINT('',(5.61,-0.325,1.));
#16150=CARTESIAN_POINT('',(5.61,1.975,-1.));
#16151=CARTESIAN_POINT('',(5.91,1.175,-1.));
#16152=CARTESIAN_POINT('',(5.91,1.175,-1.));
#16153=CARTESIAN_POINT('',(5.91,-0.325,-1.));
#16154=CARTESIAN_POINT('',(5.91,1.175,-1.));
#16155=CARTESIAN_POINT('',(5.61,-0.325,-1.));
#16156=CARTESIAN_POINT('',(5.91,1.975,-1.));
#16157=CARTESIAN_POINT('',(5.91,1.175,-0.75));
#16158=CARTESIAN_POINT('',(5.91,1.175,-0.75));
#16159=CARTESIAN_POINT('',(5.91,-0.325,-0.75));
#16160=CARTESIAN_POINT('',(5.91,1.175,-0.75));
#16161=CARTESIAN_POINT('',(5.91,-0.325,-0.75));
#16162=CARTESIAN_POINT('',(5.91,1.975,-0.75));
#16163=CARTESIAN_POINT('',(6.61,-1.425,-0.75));
#16164=CARTESIAN_POINT('',(6.61,-1.425,-0.75));
#16165=CARTESIAN_POINT('',(5.91,-1.425,-0.75));
#16166=CARTESIAN_POINT('',(6.61,1.175,-0.75));
#16167=CARTESIAN_POINT('',(6.61,1.175,-0.75));
#16168=CARTESIAN_POINT('',(6.61,1.175,-0.75));
#16169=CARTESIAN_POINT('',(5.91,-1.425,-0.75));
#16170=CARTESIAN_POINT('',(6.61,1.975,-0.75));
#16171=CARTESIAN_POINT('',(6.61,-1.425,-1.8));
#16172=CARTESIAN_POINT('',(6.61,-1.425,-1.8));
#16173=CARTESIAN_POINT('',(6.61,-1.425,-1.5));
#16174=CARTESIAN_POINT('',(6.61,1.175,-1.8));
#16175=CARTESIAN_POINT('',(6.61,1.175,-1.8));
#16176=CARTESIAN_POINT('',(6.61,1.175,-0.75));
#16177=CARTESIAN_POINT('',(6.61,-1.425,-0.75));
#16178=CARTESIAN_POINT('',(6.61,1.975,-1.5));
#16179=CARTESIAN_POINT('',(6.31,1.175,-1.8));
#16180=CARTESIAN_POINT('',(6.31,1.175,-2.1));
#16181=CARTESIAN_POINT('',(6.31,-1.425,-1.8));
#16182=CARTESIAN_POINT('',(6.31,-1.425,-2.1));
#16183=CARTESIAN_POINT('',(6.31,-1.425,-2.1));
#16184=CARTESIAN_POINT('',(6.31,1.975,-1.8));
#16185=CARTESIAN_POINT('',(4.51,-1.975,-2.1));
#16186=CARTESIAN_POINT('',(4.51,-1.975,-2.1));
#16187=CARTESIAN_POINT('',(4.51,-1.975,-1.5));
#16188=CARTESIAN_POINT('',(4.51,-1.975,-1.5));
#16189=CARTESIAN_POINT('',(4.51,-1.725,-1.5));
#16190=CARTESIAN_POINT('',(4.51,-1.725,-2.1));
#16191=CARTESIAN_POINT('',(4.51,-1.725,-2.1));
#16192=CARTESIAN_POINT('',(4.51,-1.725,-2.1));
#16193=CARTESIAN_POINT('',(4.51,-1.975,-3.2));
#16194=CARTESIAN_POINT('',(6.61,1.175,0.75));
#16195=CARTESIAN_POINT('',(6.61,1.175,0.75));
#16196=CARTESIAN_POINT('',(6.61,-1.425,0.75));
#16197=CARTESIAN_POINT('',(6.61,1.175,1.8));
#16198=CARTESIAN_POINT('',(6.61,1.175,1.8));
#16199=CARTESIAN_POINT('',(6.61,1.175,1.8));
#16200=CARTESIAN_POINT('',(6.61,-1.425,1.8));
#16201=CARTESIAN_POINT('',(6.61,-1.425,1.5));
#16202=CARTESIAN_POINT('',(6.61,-1.425,1.5));
#16203=CARTESIAN_POINT('',(6.61,-1.425,0.75));
#16204=CARTESIAN_POINT('',(6.61,1.975,0.75));
#16205=CARTESIAN_POINT('',(6.31,-1.425,1.8));
#16206=CARTESIAN_POINT('',(6.31,-1.425,2.1));
#16207=CARTESIAN_POINT('',(6.31,1.175,1.8));
#16208=CARTESIAN_POINT('',(6.31,1.175,2.1));
#16209=CARTESIAN_POINT('',(6.31,1.175,2.1));
#16210=CARTESIAN_POINT('',(6.31,1.975,1.8));
#16211=CARTESIAN_POINT('',(5.47,1.175,2.1));
#16212=CARTESIAN_POINT('',(5.47,1.175,2.1));
#16213=CARTESIAN_POINT('',(5.47,-0.925,2.1));
#16214=CARTESIAN_POINT('',(5.47,1.175,2.4));
#16215=CARTESIAN_POINT('',(5.47,1.175,2.4));
#16216=CARTESIAN_POINT('',(5.47,-0.925,2.4));
#16217=CARTESIAN_POINT('',(5.47,-0.925,2.4));
#16218=CARTESIAN_POINT('',(5.47,-0.925,2.1));
#16219=CARTESIAN_POINT('',(5.47,1.975,2.1));
#16220=CARTESIAN_POINT('',(-5.47,-0.925,2.4));
#16221=CARTESIAN_POINT('',(-5.47,-0.925,2.4));
#16222=CARTESIAN_POINT('',(-5.47,1.175,2.4));
#16223=CARTESIAN_POINT('',(-5.47,1.175,2.4));
#16224=CARTESIAN_POINT('',(-5.47,1.175,2.1));
#16225=CARTESIAN_POINT('',(-5.47,1.175,2.1));
#16226=CARTESIAN_POINT('',(-5.47,-0.925,2.1));
#16227=CARTESIAN_POINT('',(-5.47,-0.925,2.1));
#16228=CARTESIAN_POINT('',(-5.47,1.975,2.4));
#16229=CARTESIAN_POINT('',(-6.61,-1.425,1.8));
#16230=CARTESIAN_POINT('',(-6.61,-1.425,1.8));
#16231=CARTESIAN_POINT('',(-6.61,-1.425,1.5));
#16232=CARTESIAN_POINT('',(-6.61,1.175,1.8));
#16233=CARTESIAN_POINT('',(-6.61,1.175,1.8));
#16234=CARTESIAN_POINT('',(-6.61,1.175,0.75));
#16235=CARTESIAN_POINT('',(-6.61,1.175,0.75));
#16236=CARTESIAN_POINT('',(-6.61,1.175,0.75));
#16237=CARTESIAN_POINT('',(-6.61,-1.425,0.75));
#16238=CARTESIAN_POINT('',(-6.61,-1.425,0.75));
#16239=CARTESIAN_POINT('',(-6.61,1.975,1.5));
#16240=CARTESIAN_POINT('',(-6.31,1.175,1.8));
#16241=CARTESIAN_POINT('',(-6.31,1.175,2.1));
#16242=CARTESIAN_POINT('',(-6.31,-1.425,1.8));
#16243=CARTESIAN_POINT('',(-6.31,-1.425,2.1));
#16244=CARTESIAN_POINT('',(-6.31,-1.425,2.1));
#16245=CARTESIAN_POINT('',(-6.31,1.975,1.8));
#16246=CARTESIAN_POINT('',(7.11,-1.425,-1.5));
#16247=CARTESIAN_POINT('',(7.11,-1.425,-1.5));
#16248=CARTESIAN_POINT('',(7.11,-1.975,-1.5));
#16249=CARTESIAN_POINT('',(7.11,-1.975,-3.2));
#16250=CARTESIAN_POINT('',(7.11,-1.975,-3.2));
#16251=CARTESIAN_POINT('',(7.11,-1.975,-3.2));
#16252=CARTESIAN_POINT('',(7.11,-1.425,-3.2));
#16253=CARTESIAN_POINT('',(7.11,-1.425,-3.2));
#16254=CARTESIAN_POINT('',(7.11,-1.975,-3.2));
#16255=CARTESIAN_POINT('',(7.11,-1.975,3.2));
#16256=CARTESIAN_POINT('',(7.11,-1.975,3.2));
#16257=CARTESIAN_POINT('',(7.11,-1.425,3.2));
#16258=CARTESIAN_POINT('',(7.11,-1.975,1.5));
#16259=CARTESIAN_POINT('',(7.11,-1.975,1.5));
#16260=CARTESIAN_POINT('',(7.11,-1.975,1.5));
#16261=CARTESIAN_POINT('',(7.11,-1.425,1.5));
#16262=CARTESIAN_POINT('',(7.11,-1.425,1.5));
#16263=CARTESIAN_POINT('',(7.11,-1.975,-3.2));
#16264=CARTESIAN_POINT('',(-5.47,-1.975,3.2));
#16265=CARTESIAN_POINT('',(-5.47,-1.975,3.2));
#16266=CARTESIAN_POINT('',(-5.47,-1.425,3.2));
#16267=CARTESIAN_POINT('',(-5.47,-1.975,2.1));
#16268=CARTESIAN_POINT('',(-5.47,-1.975,2.1));
#16269=CARTESIAN_POINT('',(-5.47,-1.425,2.1));
#16270=CARTESIAN_POINT('',(-5.47,-1.425,2.1));
#16271=CARTESIAN_POINT('',(-5.47,-1.425,3.2));
#16272=CARTESIAN_POINT('',(-5.47,1.975,2.4));
#16273=CARTESIAN_POINT('',(5.47,-1.975,3.2));
#16274=CARTESIAN_POINT('',(5.47,-1.975,3.2));
#16275=CARTESIAN_POINT('',(5.47,-1.425,3.2));
#16276=CARTESIAN_POINT('',(5.47,-1.425,3.2));
#16277=CARTESIAN_POINT('',(5.47,-1.975,3.2));
#16278=CARTESIAN_POINT('',(0.,0.,3.2));
#16279=CARTESIAN_POINT('',(-5.91,-1.425,3.2));
#16280=CARTESIAN_POINT('',(-5.91,-1.425,3.2));
#16281=CARTESIAN_POINT('',(-5.91,-1.975,3.2));
#16282=CARTESIAN_POINT('',(-5.91,-1.975,3.2));
#16283=CARTESIAN_POINT('',(-5.91,-1.975,3.2));
#16284=CARTESIAN_POINT('',(0.,0.,3.2));
#16285=CARTESIAN_POINT('',(-7.11,-1.425,2.));
#16286=CARTESIAN_POINT('',(-7.11,-1.425,2.));
#16287=CARTESIAN_POINT('',(-7.11,-1.975,2.));
#16288=CARTESIAN_POINT('',(-5.91,-1.975,3.2));
#16289=CARTESIAN_POINT('',(-5.91,-1.425,3.2));
#16290=CARTESIAN_POINT('',(-5.91,1.975,3.2));
#16291=CARTESIAN_POINT('',(-7.11,-1.425,-3.2));
#16292=CARTESIAN_POINT('',(-7.11,-1.425,-3.2));
#16293=CARTESIAN_POINT('',(-7.11,-1.975,-3.2));
#16294=CARTESIAN_POINT('',(-7.11,-1.975,-3.2));
#16295=CARTESIAN_POINT('',(-7.11,-1.975,-1.5));
#16296=CARTESIAN_POINT('',(-7.11,-1.975,-1.5));
#16297=CARTESIAN_POINT('',(-7.11,-1.425,-1.5));
#16298=CARTESIAN_POINT('',(-7.11,-1.425,-1.5));
#16299=CARTESIAN_POINT('',(-7.11,1.975,-3.2));
#16300=CARTESIAN_POINT('',(-7.11,-1.425,1.5));
#16301=CARTESIAN_POINT('',(-7.11,-1.425,1.5));
#16302=CARTESIAN_POINT('',(-7.11,-1.975,1.5));
#16303=CARTESIAN_POINT('',(-7.11,-1.975,1.5));
#16304=CARTESIAN_POINT('',(-7.11,-1.425,2.));
#16305=CARTESIAN_POINT('',(-7.11,1.975,-3.2));
#16306=CARTESIAN_POINT('',(-4.51,-1.725,-1.5));
#16307=CARTESIAN_POINT('',(-4.51,-1.725,-1.5));
#16308=CARTESIAN_POINT('',(-4.51,-1.725,-2.1));
#16309=CARTESIAN_POINT('',(-4.51,-1.975,-1.5));
#16310=CARTESIAN_POINT('',(-4.51,-1.975,-1.5));
#16311=CARTESIAN_POINT('',(-4.51,-1.975,-2.1));
#16312=CARTESIAN_POINT('',(-4.51,-1.975,-2.1));
#16313=CARTESIAN_POINT('',(-4.51,-1.725,-2.1));
#16314=CARTESIAN_POINT('',(-4.51,-1.975,-1.5));
#16315=CARTESIAN_POINT('',(-7.11,-1.975,-1.5));
#16316=CARTESIAN_POINT('',(-5.01,-1.725,-1.5));
#16317=CARTESIAN_POINT('',(-5.01,-1.725,-1.5));
#16318=CARTESIAN_POINT('',(-5.01,-1.725,-1.5));
#16319=CARTESIAN_POINT('',(-5.01,-1.425,-1.5));
#16320=CARTESIAN_POINT('',(-5.01,-1.425,-1.5));
#16321=CARTESIAN_POINT('',(-7.11,-1.425,-1.5));
#16322=CARTESIAN_POINT('',(-7.11,-1.975,-1.5));
#16323=CARTESIAN_POINT('',(-5.01,-1.725,1.5));
#16324=CARTESIAN_POINT('',(-5.01,-1.725,1.5));
#16325=CARTESIAN_POINT('',(-5.01,-1.425,1.5));
#16326=CARTESIAN_POINT('',(-5.01,-1.425,1.5));
#16327=CARTESIAN_POINT('',(-5.01,-1.725,1.5));
#16328=CARTESIAN_POINT('',(-5.01,-1.975,1.5));
#16329=CARTESIAN_POINT('',(-4.51,-1.975,1.5));
#16330=CARTESIAN_POINT('',(-4.51,-1.975,1.5));
#16331=CARTESIAN_POINT('',(-4.51,-1.725,1.5));
#16332=CARTESIAN_POINT('',(-7.11,-1.975,1.5));
#16333=CARTESIAN_POINT('',(-6.61,-1.425,1.5));
#16334=CARTESIAN_POINT('',(-6.61,-1.425,1.5));
#16335=CARTESIAN_POINT('',(-4.51,-1.725,1.5));
#16336=CARTESIAN_POINT('',(-4.51,-1.975,1.5));
#16337=CARTESIAN_POINT('',(-4.51,-1.975,2.1));
#16338=CARTESIAN_POINT('',(-4.51,-1.975,2.1));
#16339=CARTESIAN_POINT('',(-4.51,-1.725,2.1));
#16340=CARTESIAN_POINT('',(-4.51,-1.725,2.1));
#16341=CARTESIAN_POINT('',(-4.51,-1.725,2.1));
#16342=CARTESIAN_POINT('',(-4.51,-1.975,3.2));
#16343=CARTESIAN_POINT('',(4.51,-1.725,1.5));
#16344=CARTESIAN_POINT('',(4.51,-1.725,1.5));
#16345=CARTESIAN_POINT('',(4.51,-1.725,2.1));
#16346=CARTESIAN_POINT('',(4.51,-1.975,1.5));
#16347=CARTESIAN_POINT('',(4.51,-1.975,1.5));
#16348=CARTESIAN_POINT('',(4.51,-1.975,1.5));
#16349=CARTESIAN_POINT('',(4.51,-1.975,2.1));
#16350=CARTESIAN_POINT('',(4.51,-1.725,2.1));
#16351=CARTESIAN_POINT('',(4.51,-1.975,1.5));
#16352=CARTESIAN_POINT('',(6.31,1.175,2.1));
#16353=CARTESIAN_POINT('',(5.47,-0.925,2.1));
#16354=CARTESIAN_POINT('',(-5.47,1.175,2.1));
#16355=CARTESIAN_POINT('',(-5.47,-1.425,2.1));
#16356=CARTESIAN_POINT('',(-4.51,-1.975,2.1));
#16357=CARTESIAN_POINT('',(4.51,-1.725,2.1));
#16358=CARTESIAN_POINT('',(5.47,-1.975,2.1));
#16359=CARTESIAN_POINT('',(5.47,-1.975,2.1));
#16360=CARTESIAN_POINT('',(5.47,-1.425,2.1));
#16361=CARTESIAN_POINT('',(5.47,-1.425,2.1));
#16362=CARTESIAN_POINT('',(6.31,-1.425,2.1));
#16363=CARTESIAN_POINT('',(7.11,-1.425,2.1));
#16364=CARTESIAN_POINT('',(5.47,-1.425,2.1));
#16365=CARTESIAN_POINT('',(5.47,-1.975,3.2));
#16366=CARTESIAN_POINT('',(5.47,1.975,3.2));
#16367=CARTESIAN_POINT('',(5.47,-1.975,-2.1));
#16368=CARTESIAN_POINT('',(5.47,-1.975,-2.1));
#16369=CARTESIAN_POINT('',(5.47,-1.975,-3.2));
#16370=CARTESIAN_POINT('',(5.47,-1.975,-3.2));
#16371=CARTESIAN_POINT('',(7.11,-1.975,-1.5));
#16372=CARTESIAN_POINT('',(4.51,-1.975,-2.1));
#16373=CARTESIAN_POINT('',(-7.11,-1.975,-3.2));
#16374=CARTESIAN_POINT('',(-5.47,-1.975,-2.1));
#16375=CARTESIAN_POINT('',(-5.47,-1.975,-2.1));
#16376=CARTESIAN_POINT('',(-7.11,-1.975,-3.2));
#16377=CARTESIAN_POINT('',(-5.47,-1.975,-3.2));
#16378=CARTESIAN_POINT('',(-5.47,-1.975,-3.2));
#16379=CARTESIAN_POINT('',(-7.11,-1.975,-3.2));
#16380=CARTESIAN_POINT('',(-7.11,-1.975,-3.2));
#16381=CARTESIAN_POINT('',(7.11,-1.975,1.5));
#16382=CARTESIAN_POINT('',(-7.11,-1.975,-3.2));
#16383=CARTESIAN_POINT('',(-5.47,-1.975,-3.2));
#16384=CARTESIAN_POINT('',(-5.47,-1.425,-3.2));
#16385=CARTESIAN_POINT('',(-5.47,-1.425,-2.1));
#16386=CARTESIAN_POINT('',(-5.47,-1.425,-2.1));
#16387=CARTESIAN_POINT('',(-5.47,-1.425,-2.1));
#16388=CARTESIAN_POINT('',(-5.47,1.975,-3.2));
#16389=CARTESIAN_POINT('',(-6.31,1.175,-2.1));
#16390=CARTESIAN_POINT('',(-5.47,1.175,-2.1));
#16391=CARTESIAN_POINT('',(-5.47,1.175,-2.1));
#16392=CARTESIAN_POINT('',(-5.47,-0.925,-2.1));
#16393=CARTESIAN_POINT('',(5.47,-0.925,-2.1));
#16394=CARTESIAN_POINT('',(5.47,1.175,-2.1));
#16395=CARTESIAN_POINT('',(6.31,-1.425,-2.1));
#16396=CARTESIAN_POINT('',(5.47,-1.425,-2.1));
#16397=CARTESIAN_POINT('',(5.47,-1.425,-2.1));
#16398=CARTESIAN_POINT('',(-4.51,-1.725,-2.1));
#16399=CARTESIAN_POINT('',(-5.47,-1.425,-2.1));
#16400=CARTESIAN_POINT('',(7.11,-0.925,-2.1));
#16401=CARTESIAN_POINT('',(-5.47,-0.925,-2.4));
#16402=CARTESIAN_POINT('',(-5.47,-0.925,-2.4));
#16403=CARTESIAN_POINT('',(-5.47,1.175,-2.4));
#16404=CARTESIAN_POINT('',(-5.47,1.175,-2.4));
#16405=CARTESIAN_POINT('',(-5.47,1.175,-2.4));
#16406=CARTESIAN_POINT('',(-5.47,1.975,-2.1));
#16407=CARTESIAN_POINT('',(-5.275,0.675,-2.3));
#16408=CARTESIAN_POINT('',(-5.275,0.675,-2.3));
#16409=CARTESIAN_POINT('',(-5.275,0.675,-2.4));
#16410=CARTESIAN_POINT('',(-5.275,-0.925,-2.3));
#16411=CARTESIAN_POINT('',(-5.275,-0.925,-2.3));
#16412=CARTESIAN_POINT('',(-5.275,-0.925,-2.4));
#16413=CARTESIAN_POINT('',(-5.275,-0.925,-2.4));
#16414=CARTESIAN_POINT('',(-5.275,-0.925,-2.4));
#16415=CARTESIAN_POINT('',(-5.275,-0.925,-2.3));
#16416=CARTESIAN_POINT('',(-3.5,-0.925,-2.4));
#16417=CARTESIAN_POINT('',(-3.5,-0.925,-2.4));
#16418=CARTESIAN_POINT('',(-3.5,-0.925,-2.3));
#16419=CARTESIAN_POINT('',(-3.5,-0.925,-2.3));
#16420=CARTESIAN_POINT('',(-3.5,0.675,-2.3));
#16421=CARTESIAN_POINT('',(-3.5,0.675,-2.4));
#16422=CARTESIAN_POINT('',(-3.5,0.675,-2.4));
#16423=CARTESIAN_POINT('',(-3.5,-0.925,-2.4));
#16424=CARTESIAN_POINT('',(-3.5,-0.925,-2.4));
#16425=CARTESIAN_POINT('',(3.5,-0.925,-2.4));
#16426=CARTESIAN_POINT('',(5.47,-0.925,-2.4));
#16427=CARTESIAN_POINT('',(-5.275,-0.925,-2.4));
#16428=CARTESIAN_POINT('',(-3.5,-0.925,-2.3));
#16429=CARTESIAN_POINT('',(7.11,-0.925,-2.4));
#16430=CARTESIAN_POINT('',(-3.5,0.675,-2.3));
#16431=CARTESIAN_POINT('',(-3.5,-0.925,-2.3));
#16432=CARTESIAN_POINT('',(-4.86,1.175,1.83));
#16433=CARTESIAN_POINT('',(-4.86,1.175,1.83));
#16434=CARTESIAN_POINT('',(-4.86,1.175,2.4));
#16435=CARTESIAN_POINT('',(-4.86,1.175,2.4));
#16436=CARTESIAN_POINT('',(-4.86,1.975,2.4));
#16437=CARTESIAN_POINT('',(-4.86,1.175,2.4));
#16438=CARTESIAN_POINT('',(-4.86,1.175,-1.83));
#16439=CARTESIAN_POINT('',(-4.86,1.175,-1.83));
#16440=CARTESIAN_POINT('',(-4.86,1.975,-2.4));
#16441=CARTESIAN_POINT('',(-4.86,1.175,-2.4));
#16442=CARTESIAN_POINT('',(-4.86,1.175,-1.83));
#16443=CARTESIAN_POINT('',(-4.86,1.175,2.4));
#16444=CARTESIAN_POINT('',(4.51,1.175,-1.83));
#16445=CARTESIAN_POINT('',(4.51,1.175,-1.83));
#16446=CARTESIAN_POINT('',(4.51,-1.025,-1.83));
#16447=CARTESIAN_POINT('',(4.51,-1.025,-1.83));
#16448=CARTESIAN_POINT('',(4.51,-1.025,0.));
#16449=CARTESIAN_POINT('',(4.51,1.175,0.));
#16450=CARTESIAN_POINT('',(4.51,1.175,0.));
#16451=CARTESIAN_POINT('',(4.51,1.175,-1.83));
#16452=CARTESIAN_POINT('',(4.51,1.975,-1.83));
#16453=CARTESIAN_POINT('',(4.51,-1.025,0.));
#16454=CARTESIAN_POINT('',(5.16,-1.025,0.));
#16455=CARTESIAN_POINT('',(5.16,1.175,0.));
#16456=CARTESIAN_POINT('',(5.16,1.175,0.));
#16457=CARTESIAN_POINT('',(5.16,1.175,0.));
#16458=CARTESIAN_POINT('',(4.51,1.975,0.));
#16459=CARTESIAN_POINT('',(5.16,-1.025,0.));
#16460=CARTESIAN_POINT('',(5.16,-1.025,1.83));
#16461=CARTESIAN_POINT('',(5.16,1.175,1.83));
#16462=CARTESIAN_POINT('',(5.16,1.175,1.83));
#16463=CARTESIAN_POINT('',(5.16,1.175,0.));
#16464=CARTESIAN_POINT('',(5.16,1.975,0.));
#16465=CARTESIAN_POINT('',(3.9075,-1.725,1.33));
#16466=CARTESIAN_POINT('',(3.9075,-1.725,1.33));
#16467=CARTESIAN_POINT('',(3.9075,-1.725,1.83));
#16468=CARTESIAN_POINT('',(3.9075,-1.725,1.83));
#16469=CARTESIAN_POINT('',(3.9075,-1.025,1.83));
#16470=CARTESIAN_POINT('',(3.9075,-1.025,1.83));
#16471=CARTESIAN_POINT('',(3.9075,-1.025,1.33));
#16472=CARTESIAN_POINT('',(3.9075,-1.725,1.33));
#16473=CARTESIAN_POINT('',(3.9075,-1.925,1.33));
#16474=CARTESIAN_POINT('',(3.4075,-1.725,1.33));
#16475=CARTESIAN_POINT('',(3.4075,-1.725,1.33));
#16476=CARTESIAN_POINT('',(3.4075,-1.025,1.33));
#16477=CARTESIAN_POINT('',(3.4075,-1.025,1.33));
#16478=CARTESIAN_POINT('',(3.4075,-1.725,1.33));
#16479=CARTESIAN_POINT('',(3.4075,-1.925,1.33));
#16480=CARTESIAN_POINT('',(3.4075,-1.025,1.83));
#16481=CARTESIAN_POINT('',(3.4075,-1.025,1.83));
#16482=CARTESIAN_POINT('',(3.4075,-1.725,1.83));
#16483=CARTESIAN_POINT('',(3.4075,-1.725,1.83));
#16484=CARTESIAN_POINT('',(3.4075,-1.725,1.83));
#16485=CARTESIAN_POINT('',(3.4075,-1.925,1.83));
#16486=CARTESIAN_POINT('',(4.86,1.97,1.83));
#16487=CARTESIAN_POINT('',(4.86,1.175,1.83));
#16488=CARTESIAN_POINT('',(4.86,1.175,1.83));
#16489=CARTESIAN_POINT('',(5.16,-1.025,1.83));
#16490=CARTESIAN_POINT('',(3.9075,-1.725,1.83));
#16491=CARTESIAN_POINT('',(3.4075,-1.025,1.83));
#16492=CARTESIAN_POINT('',(-3.4075,-1.725,1.83));
#16493=CARTESIAN_POINT('',(-3.9075,-1.025,1.83));
#16494=CARTESIAN_POINT('',(-4.86,1.175,1.83));
#16495=CARTESIAN_POINT('',(5.16,1.975,1.83));
#16496=CARTESIAN_POINT('',(4.86,1.97,-1.83));
#16497=CARTESIAN_POINT('',(4.86,1.175,-1.83));
#16498=CARTESIAN_POINT('',(4.86,1.175,-1.83));
#16499=CARTESIAN_POINT('',(4.86,1.175,-2.4));
#16500=CARTESIAN_POINT('',(4.86,1.975,-2.4));
#16501=CARTESIAN_POINT('',(4.86,1.975,2.4));
#16502=CARTESIAN_POINT('',(4.86,1.175,2.4));
#16503=CARTESIAN_POINT('',(4.86,1.175,2.4));
#16504=CARTESIAN_POINT('',(4.86,1.975,2.4));
#16505=CARTESIAN_POINT('',(4.86,1.975,2.4));
#16506=CARTESIAN_POINT('',(5.47,1.175,-2.4));
#16507=CARTESIAN_POINT('',(3.5,0.675,-2.4));
#16508=CARTESIAN_POINT('',(-5.275,0.675,-2.4));
#16509=CARTESIAN_POINT('',(-5.47,1.175,-2.4));
#16510=CARTESIAN_POINT('',(7.11,1.975,-2.4));
#16511=CARTESIAN_POINT('',(3.5,-0.925,2.3));
#16512=CARTESIAN_POINT('',(3.5,-0.925,2.3));
#16513=CARTESIAN_POINT('',(3.5,0.675,2.3));
#16514=CARTESIAN_POINT('',(3.5,0.675,2.4));
#16515=CARTESIAN_POINT('',(3.5,0.675,2.4));
#16516=CARTESIAN_POINT('',(3.5,-0.925,2.4));
#16517=CARTESIAN_POINT('',(3.5,-0.925,2.4));
#16518=CARTESIAN_POINT('',(3.5,-0.925,2.4));
#16519=CARTESIAN_POINT('',(3.5,-0.925,2.4));
#16520=CARTESIAN_POINT('',(5.275,-0.925,2.4));
#16521=CARTESIAN_POINT('',(5.275,-0.925,2.4));
#16522=CARTESIAN_POINT('',(5.275,0.675,2.4));
#16523=CARTESIAN_POINT('',(5.275,0.675,2.3));
#16524=CARTESIAN_POINT('',(5.275,0.675,2.3));
#16525=CARTESIAN_POINT('',(5.275,-0.925,2.3));
#16526=CARTESIAN_POINT('',(5.275,-0.925,2.3));
#16527=CARTESIAN_POINT('',(5.275,-0.925,2.4));
#16528=CARTESIAN_POINT('',(5.275,-0.925,2.3));
#16529=CARTESIAN_POINT('',(-3.5,-0.925,2.4));
#16530=CARTESIAN_POINT('',(-3.5,-0.925,2.4));
#16531=CARTESIAN_POINT('',(-3.5,0.675,2.4));
#16532=CARTESIAN_POINT('',(-3.5,0.675,2.3));
#16533=CARTESIAN_POINT('',(-3.5,0.675,2.3));
#16534=CARTESIAN_POINT('',(-3.5,-0.925,2.3));
#16535=CARTESIAN_POINT('',(-3.5,-0.925,2.3));
#16536=CARTESIAN_POINT('',(-3.5,-0.925,2.4));
#16537=CARTESIAN_POINT('',(-3.5,-0.925,2.3));
#16538=CARTESIAN_POINT('',(7.11,0.675,2.1));
#16539=CARTESIAN_POINT('',(7.11,0.675,2.1));
#16540=CARTESIAN_POINT('',(3.5,0.675,2.3));
#16541=CARTESIAN_POINT('',(3.5,0.675,2.4));
#16542=CARTESIAN_POINT('',(7.11,0.675,2.1));
#16543=CARTESIAN_POINT('',(-5.275,0.675,2.4));
#16544=CARTESIAN_POINT('',(-5.275,0.675,2.4));
#16545=CARTESIAN_POINT('',(-5.275,0.675,2.3));
#16546=CARTESIAN_POINT('',(-5.275,0.675,2.3));
#16547=CARTESIAN_POINT('',(-5.275,0.675,2.4));
#16548=CARTESIAN_POINT('',(7.11,0.675,2.1));
#16549=CARTESIAN_POINT('',(-5.275,-0.925,2.3));
#16550=CARTESIAN_POINT('',(-5.275,-0.925,2.3));
#16551=CARTESIAN_POINT('',(-5.275,-0.925,2.3));
#16552=CARTESIAN_POINT('',(-5.275,-0.925,2.3));
#16553=CARTESIAN_POINT('',(-5.47,1.175,2.4));
#16554=CARTESIAN_POINT('',(-5.275,-0.925,2.4));
#16555=CARTESIAN_POINT('',(-5.275,-0.925,2.4));
#16556=CARTESIAN_POINT('',(-5.275,-0.925,2.4));
#16557=CARTESIAN_POINT('',(3.5,-0.925,2.4));
#16558=CARTESIAN_POINT('',(5.47,-0.925,2.4));
#16559=CARTESIAN_POINT('',(5.47,1.175,2.4));
#16560=CARTESIAN_POINT('',(7.11,-0.925,2.4));
#16561=CARTESIAN_POINT('',(-5.275,-0.925,2.4));
#16562=CARTESIAN_POINT('',(-5.275,-0.925,2.4));
#16563=CARTESIAN_POINT('',(3.5,-0.925,2.3));
#16564=CARTESIAN_POINT('',(7.11,-0.925,2.1));
#16565=CARTESIAN_POINT('',(3.5,-0.925,2.3));
#16566=CARTESIAN_POINT('',(2.7225,-0.3635719742458,-1.1));
#16567=CARTESIAN_POINT('',(2.7225,-0.3635719742458,-1.1));
#16568=CARTESIAN_POINT('',(2.7225,0.5978315746582,-1.290467427172));
#16569=CARTESIAN_POINT('',(2.7225,0.5978315746582,-1.290467427172));
#16570=CARTESIAN_POINT('',(2.9925,0.5978315746582,-1.290467427172));
#16571=CARTESIAN_POINT('',(2.9925,-0.3635719742458,-1.1));
#16572=CARTESIAN_POINT('',(2.9925,-0.3635719742458,-1.1));
#16573=CARTESIAN_POINT('',(2.7225,-0.3635719742458,-1.1));
#16574=CARTESIAN_POINT('',(2.7225,-0.515,-1.07));
#16575=CARTESIAN_POINT('',(2.8575,0.695,-1.3));
#16576=CARTESIAN_POINT('',(2.7225,0.695,-1.3));
#16577=CARTESIAN_POINT('',(2.9925,0.695,-1.3));
#16578=CARTESIAN_POINT('',(2.9925,0.695,-0.8));
#16579=CARTESIAN_POINT('',(2.7225,0.695,-0.8));
#16580=CARTESIAN_POINT('',(2.7225,0.695,-0.8));
#16581=CARTESIAN_POINT('',(2.9925,0.875728179376,-1.266194514317));
#16582=CARTESIAN_POINT('',(2.9925,0.875728179376,-1.266194514317));
#16583=CARTESIAN_POINT('',(2.9925,1.304432608048,-1.1));
#16584=CARTESIAN_POINT('',(2.7225,0.875728179376,-1.266194514317));
#16585=CARTESIAN_POINT('',(2.7225,0.875728179376,-1.266194514317));
#16586=CARTESIAN_POINT('',(2.7225,0.875728179376,-1.266194514317));
#16587=CARTESIAN_POINT('',(2.7225,1.304432608048,-1.1));
#16588=CARTESIAN_POINT('',(2.7225,1.304432608048,-1.1));
#16589=CARTESIAN_POINT('',(2.7225,0.875728179376,-1.266194514317));
#16590=CARTESIAN_POINT('',(2.7225,1.304432608048,1.1));
#16591=CARTESIAN_POINT('',(2.7225,1.304432608048,1.1));
#16592=CARTESIAN_POINT('',(2.7225,0.875728179376,1.266194514317));
#16593=CARTESIAN_POINT('',(2.7225,0.875728179376,1.266194514317));
#16594=CARTESIAN_POINT('',(2.9925,0.875728179376,1.266194514317));
#16595=CARTESIAN_POINT('',(2.9925,1.304432608048,1.1));
#16596=CARTESIAN_POINT('',(2.9925,1.304432608048,1.1));
#16597=CARTESIAN_POINT('',(2.7225,1.304432608048,1.1));
#16598=CARTESIAN_POINT('',(2.7225,1.485,1.03));
#16599=CARTESIAN_POINT('',(2.8575,0.695,1.3));
#16600=CARTESIAN_POINT('',(2.9925,0.695,1.3));
#16601=CARTESIAN_POINT('',(2.7225,0.695,1.3));
#16602=CARTESIAN_POINT('',(2.7225,0.695,0.8));
#16603=CARTESIAN_POINT('',(2.7225,0.5978315746582,1.290467427172));
#16604=CARTESIAN_POINT('',(2.7225,0.5978315746582,1.290467427172));
#16605=CARTESIAN_POINT('',(2.9925,0.5978315746582,1.290467427172));
#16606=CARTESIAN_POINT('',(2.9925,0.695,0.8));
#16607=CARTESIAN_POINT('',(2.7225,0.695,0.8));
#16608=CARTESIAN_POINT('',(2.9925,0.5978315746582,1.290467427172));
#16609=CARTESIAN_POINT('',(2.9925,-0.3635719742458,1.1));
#16610=CARTESIAN_POINT('',(2.7225,0.5978315746582,1.290467427172));
#16611=CARTESIAN_POINT('',(2.7225,-0.3635719742458,1.1));
#16612=CARTESIAN_POINT('',(2.7225,-0.3635719742458,1.1));
#16613=CARTESIAN_POINT('',(2.7225,0.5978315746582,1.290467427172));
#16614=CARTESIAN_POINT('',(2.7225,-1.575,1.285119722506));
#16615=CARTESIAN_POINT('',(2.7225,-1.575,1.285119722506));
#16616=CARTESIAN_POINT('',(2.7225,-1.76091825156,1.356673266398));
#16617=CARTESIAN_POINT('',(2.7225,-1.76091825156,1.356673266398));
#16618=CARTESIAN_POINT('',(2.9925,-1.76091825156,1.356673266398));
#16619=CARTESIAN_POINT('',(2.9925,-1.575,1.285119722506));
#16620=CARTESIAN_POINT('',(2.9925,-1.575,1.285119722506));
#16621=CARTESIAN_POINT('',(2.7225,-1.575,1.285119722506));
#16622=CARTESIAN_POINT('',(2.7225,-1.525,1.265876441308));
#16623=CARTESIAN_POINT('',(2.7225,-1.825,1.45));
#16624=CARTESIAN_POINT('',(2.7225,-1.825,1.45));
#16625=CARTESIAN_POINT('',(2.9925,-1.825,1.45));
#16626=CARTESIAN_POINT('',(2.9925,-1.725,1.45));
#16627=CARTESIAN_POINT('',(2.7225,-1.725,1.45));
#16628=CARTESIAN_POINT('',(2.7225,-1.725,1.45));
#16629=CARTESIAN_POINT('',(2.7225,-1.825,3.1));
#16630=CARTESIAN_POINT('',(2.7225,-1.825,3.1));
#16631=CARTESIAN_POINT('',(2.9925,-1.825,3.1));
#16632=CARTESIAN_POINT('',(2.9925,-1.825,1.45));
#16633=CARTESIAN_POINT('',(2.7225,-1.825,1.45));
#16634=CARTESIAN_POINT('',(2.7225,-1.825,1.45));
#16635=CARTESIAN_POINT('',(2.7225,-1.975,3.1));
#16636=CARTESIAN_POINT('',(2.7225,-1.975,3.1));
#16637=CARTESIAN_POINT('',(2.9925,-1.975,3.1));
#16638=CARTESIAN_POINT('',(2.9925,-1.825,3.1));
#16639=CARTESIAN_POINT('',(2.7225,-1.825,3.1));
#16640=CARTESIAN_POINT('',(2.7225,-1.825,3.1));
#16641=CARTESIAN_POINT('',(2.7225,-1.975,3.));
#16642=CARTESIAN_POINT('',(2.7225,-1.975,3.));
#16643=CARTESIAN_POINT('',(2.9925,-1.975,3.));
#16644=CARTESIAN_POINT('',(2.9925,-1.975,3.1));
#16645=CARTESIAN_POINT('',(2.7225,-1.975,3.1));
#16646=CARTESIAN_POINT('',(2.7225,-1.975,3.1));
#16647=CARTESIAN_POINT('',(2.7225,-2.025,2.95));
#16648=CARTESIAN_POINT('',(2.7225,-2.025,2.95));
#16649=CARTESIAN_POINT('',(2.9925,-2.025,2.95));
#16650=CARTESIAN_POINT('',(2.9925,-1.975,3.));
#16651=CARTESIAN_POINT('',(2.7225,-1.975,3.));
#16652=CARTESIAN_POINT('',(2.7225,-1.975,3.));
#16653=CARTESIAN_POINT('',(2.7225,-2.025,1.45));
#16654=CARTESIAN_POINT('',(2.7225,-2.025,1.45));
#16655=CARTESIAN_POINT('',(2.9925,-2.025,1.45));
#16656=CARTESIAN_POINT('',(2.9925,-2.025,2.95));
#16657=CARTESIAN_POINT('',(2.7225,-2.025,2.95));
#16658=CARTESIAN_POINT('',(2.7225,-2.025,2.95));
#16659=CARTESIAN_POINT('',(2.7225,-1.83275475468,1.170019799193));
#16660=CARTESIAN_POINT('',(2.7225,-1.83275475468,1.170019799193));
#16661=CARTESIAN_POINT('',(2.9925,-1.83275475468,1.170019799193));
#16662=CARTESIAN_POINT('',(2.9925,-1.725,1.45));
#16663=CARTESIAN_POINT('',(2.7225,-1.725,1.45));
#16664=CARTESIAN_POINT('',(2.7225,-1.725,1.45));
#16665=CARTESIAN_POINT('',(2.9925,-1.83275475468,1.170019799193));
#16666=CARTESIAN_POINT('',(2.9925,-1.575,1.070818854705));
#16667=CARTESIAN_POINT('',(2.7225,-1.83275475468,1.170019799193));
#16668=CARTESIAN_POINT('',(2.7225,-1.575,1.070818854705));
#16669=CARTESIAN_POINT('',(2.7225,-1.575,1.070818854705));
#16670=CARTESIAN_POINT('',(2.7225,-1.83275475468,1.170019799193));
#16671=CARTESIAN_POINT('',(2.7225,-2.025,-1.45));
#16672=CARTESIAN_POINT('',(2.7225,-2.025,-1.45));
#16673=CARTESIAN_POINT('',(2.9925,-2.025,-1.45));
#16674=CARTESIAN_POINT('',(2.9925,-1.725,-1.45));
#16675=CARTESIAN_POINT('',(2.9925,-1.83275475468,-1.170019799193));
#16676=CARTESIAN_POINT('',(2.7225,-1.83275475468,-1.170019799193));
#16677=CARTESIAN_POINT('',(2.7225,-1.83275475468,-1.170019799193));
#16678=CARTESIAN_POINT('',(2.7225,-1.725,-1.45));
#16679=CARTESIAN_POINT('',(2.7225,-1.725,-1.45));
#16680=CARTESIAN_POINT('',(2.7225,-2.025,-2.95));
#16681=CARTESIAN_POINT('',(2.7225,-2.025,-2.95));
#16682=CARTESIAN_POINT('',(2.9925,-2.025,-2.95));
#16683=CARTESIAN_POINT('',(2.9925,-2.025,-1.45));
#16684=CARTESIAN_POINT('',(2.7225,-2.025,-1.45));
#16685=CARTESIAN_POINT('',(2.7225,-2.025,-1.45));
#16686=CARTESIAN_POINT('',(2.7225,-1.975,-3.));
#16687=CARTESIAN_POINT('',(2.7225,-1.975,-3.));
#16688=CARTESIAN_POINT('',(2.9925,-1.975,-3.));
#16689=CARTESIAN_POINT('',(2.9925,-2.025,-2.95));
#16690=CARTESIAN_POINT('',(2.7225,-2.025,-2.95));
#16691=CARTESIAN_POINT('',(2.7225,-2.025,-2.95));
#16692=CARTESIAN_POINT('',(2.7225,-1.975,-3.1));
#16693=CARTESIAN_POINT('',(2.7225,-1.975,-3.1));
#16694=CARTESIAN_POINT('',(2.9925,-1.975,-3.1));
#16695=CARTESIAN_POINT('',(2.9925,-1.975,-3.));
#16696=CARTESIAN_POINT('',(2.7225,-1.975,-3.));
#16697=CARTESIAN_POINT('',(2.7225,-1.975,-3.));
#16698=CARTESIAN_POINT('',(2.7225,-1.825,-3.1));
#16699=CARTESIAN_POINT('',(2.7225,-1.825,-3.1));
#16700=CARTESIAN_POINT('',(2.9925,-1.825,-3.1));
#16701=CARTESIAN_POINT('',(2.9925,-1.975,-3.1));
#16702=CARTESIAN_POINT('',(2.7225,-1.975,-3.1));
#16703=CARTESIAN_POINT('',(2.7225,-1.975,-3.1));
#16704=CARTESIAN_POINT('',(2.7225,-1.825,-1.45));
#16705=CARTESIAN_POINT('',(2.7225,-1.825,-1.45));
#16706=CARTESIAN_POINT('',(2.9925,-1.825,-1.45));
#16707=CARTESIAN_POINT('',(2.9925,-1.825,-3.1));
#16708=CARTESIAN_POINT('',(2.7225,-1.825,-3.1));
#16709=CARTESIAN_POINT('',(2.7225,-1.825,-3.1));
#16710=CARTESIAN_POINT('',(2.7225,-1.76091825156,-1.356673266398));
#16711=CARTESIAN_POINT('',(2.7225,-1.76091825156,-1.356673266398));
#16712=CARTESIAN_POINT('',(2.9925,-1.76091825156,-1.356673266398));
#16713=CARTESIAN_POINT('',(2.9925,-1.725,-1.45));
#16714=CARTESIAN_POINT('',(2.7225,-1.725,-1.45));
#16715=CARTESIAN_POINT('',(2.7225,-1.725,-1.45));
#16716=CARTESIAN_POINT('',(2.9925,-1.76091825156,-1.356673266398));
#16717=CARTESIAN_POINT('',(2.9925,-1.575,-1.285119722506));
#16718=CARTESIAN_POINT('',(2.7225,-1.76091825156,-1.356673266398));
#16719=CARTESIAN_POINT('',(2.7225,-1.575,-1.285119722506));
#16720=CARTESIAN_POINT('',(2.7225,-1.575,-1.285119722506));
#16721=CARTESIAN_POINT('',(2.7225,-1.76091825156,-1.356673266398));
#16722=CARTESIAN_POINT('',(2.9925,0.695,-0.8));
#16723=CARTESIAN_POINT('',(2.9925,1.304432608048,-1.1));
#16724=CARTESIAN_POINT('',(2.9925,0.,0.));
#16725=CARTESIAN_POINT('',(2.9925,0.695,0.8));
#16726=CARTESIAN_POINT('',(2.9925,-0.3635719742458,1.1));
#16727=CARTESIAN_POINT('',(2.9925,0.,0.));
#16728=CARTESIAN_POINT('',(2.9925,-1.575,1.070818854705));
#16729=CARTESIAN_POINT('',(2.9925,0.,0.));
#16730=CARTESIAN_POINT('',(2.9925,-1.575,-1.070818854705));
#16731=CARTESIAN_POINT('',(2.9925,-1.575,-1.070818854705));
#16732=CARTESIAN_POINT('',(2.9925,-1.575,-1.285119722506));
#16733=CARTESIAN_POINT('',(2.9925,0.,0.));
#16734=CARTESIAN_POINT('',(2.7225,-1.575,-1.070818854705));
#16735=CARTESIAN_POINT('',(2.7225,-1.575,-1.070818854705));
#16736=CARTESIAN_POINT('',(2.7225,-1.575,-1.070818854705));
#16737=CARTESIAN_POINT('',(2.7225,-1.525,-1.051575573507));
#16738=CARTESIAN_POINT('',(2.7225,0.695,-0.8));
#16739=CARTESIAN_POINT('',(2.7225,-0.3635719742458,-1.1));
#16740=CARTESIAN_POINT('',(2.7225,0.,0.));
#16741=CARTESIAN_POINT('',(2.7225,0.695,0.8));
#16742=CARTESIAN_POINT('',(2.7225,1.304432608048,1.1));
#16743=CARTESIAN_POINT('',(2.7225,0.,0.));
#16744=CARTESIAN_POINT('',(2.7225,-1.575,1.070818854705));
#16745=CARTESIAN_POINT('',(2.7225,0.,0.));
#16746=CARTESIAN_POINT('',(2.7225,-1.575,-1.285119722506));
#16747=CARTESIAN_POINT('',(2.7225,0.,0.));
#16748=CARTESIAN_POINT('',(2.3575,0.875728179376,-1.266194514317));
#16749=CARTESIAN_POINT('',(2.3575,0.875728179376,-1.266194514317));
#16750=CARTESIAN_POINT('',(2.3575,1.304432608048,-1.1));
#16751=CARTESIAN_POINT('',(2.3575,0.875728179376,-1.266194514317));
#16752=CARTESIAN_POINT('',(2.0875,0.875728179376,-1.266194514317));
#16753=CARTESIAN_POINT('',(2.0875,0.875728179376,-1.266194514317));
#16754=CARTESIAN_POINT('',(2.0875,1.304432608048,-1.1));
#16755=CARTESIAN_POINT('',(2.0875,1.304432608048,-1.1));
#16756=CARTESIAN_POINT('',(2.3575,0.875728179376,-1.266194514317));
#16757=CARTESIAN_POINT('',(2.2225,0.695,-1.3));
#16758=CARTESIAN_POINT('',(2.0875,0.695,-1.3));
#16759=CARTESIAN_POINT('',(2.3575,0.695,-1.3));
#16760=CARTESIAN_POINT('',(2.3575,0.695,-0.8));
#16761=CARTESIAN_POINT('',(2.3575,0.5978315746582,-1.290467427172));
#16762=CARTESIAN_POINT('',(2.3575,0.5978315746582,-1.290467427172));
#16763=CARTESIAN_POINT('',(2.0875,0.5978315746582,-1.290467427172));
#16764=CARTESIAN_POINT('',(2.0875,0.695,-0.8));
#16765=CARTESIAN_POINT('',(2.3575,0.695,-0.8));
#16766=CARTESIAN_POINT('',(2.0875,-0.3635719742458,-1.1));
#16767=CARTESIAN_POINT('',(2.0875,-0.3635719742458,-1.1));
#16768=CARTESIAN_POINT('',(2.3575,-0.3635719742458,-1.1));
#16769=CARTESIAN_POINT('',(2.3575,-0.3635719742458,-1.1));
#16770=CARTESIAN_POINT('',(2.0875,-0.3635719742458,-1.1));
#16771=CARTESIAN_POINT('',(2.3575,-0.515,-1.07));
#16772=CARTESIAN_POINT('',(2.3575,0.5978315746582,1.290467427172));
#16773=CARTESIAN_POINT('',(2.3575,0.5978315746582,1.290467427172));
#16774=CARTESIAN_POINT('',(2.3575,-0.3635719742458,1.1));
#16775=CARTESIAN_POINT('',(2.3575,0.5978315746582,1.290467427172));
#16776=CARTESIAN_POINT('',(2.0875,0.5978315746582,1.290467427172));
#16777=CARTESIAN_POINT('',(2.0875,0.5978315746582,1.290467427172));
#16778=CARTESIAN_POINT('',(2.0875,-0.3635719742458,1.1));
#16779=CARTESIAN_POINT('',(2.0875,-0.3635719742458,1.1));
#16780=CARTESIAN_POINT('',(2.3575,0.5978315746582,1.290467427172));
#16781=CARTESIAN_POINT('',(2.2225,0.695,1.3));
#16782=CARTESIAN_POINT('',(2.3575,0.695,1.3));
#16783=CARTESIAN_POINT('',(2.0875,0.695,1.3));
#16784=CARTESIAN_POINT('',(2.0875,0.695,0.8));
#16785=CARTESIAN_POINT('',(2.3575,0.695,0.8));
#16786=CARTESIAN_POINT('',(2.3575,0.695,0.8));
#16787=CARTESIAN_POINT('',(2.0875,1.304432608048,1.1));
#16788=CARTESIAN_POINT('',(2.0875,1.304432608048,1.1));
#16789=CARTESIAN_POINT('',(2.0875,0.875728179376,1.266194514317));
#16790=CARTESIAN_POINT('',(2.3575,0.875728179376,1.266194514317));
#16791=CARTESIAN_POINT('',(2.3575,0.875728179376,1.266194514317));
#16792=CARTESIAN_POINT('',(2.3575,1.304432608048,1.1));
#16793=CARTESIAN_POINT('',(2.3575,1.304432608048,1.1));
#16794=CARTESIAN_POINT('',(2.0875,1.304432608048,1.1));
#16795=CARTESIAN_POINT('',(2.3575,1.485,1.03));
#16796=CARTESIAN_POINT('',(2.3575,-1.83275475468,1.170019799193));
#16797=CARTESIAN_POINT('',(2.3575,-1.83275475468,1.170019799193));
#16798=CARTESIAN_POINT('',(2.3575,-1.575,1.070818854705));
#16799=CARTESIAN_POINT('',(2.3575,-1.83275475468,1.170019799193));
#16800=CARTESIAN_POINT('',(2.0875,-1.83275475468,1.170019799193));
#16801=CARTESIAN_POINT('',(2.0875,-1.83275475468,1.170019799193));
#16802=CARTESIAN_POINT('',(2.0875,-1.575,1.070818854705));
#16803=CARTESIAN_POINT('',(2.0875,-1.575,1.070818854705));
#16804=CARTESIAN_POINT('',(2.3575,-1.83275475468,1.170019799193));
#16805=CARTESIAN_POINT('',(2.3575,-2.025,1.45));
#16806=CARTESIAN_POINT('',(2.3575,-2.025,1.45));
#16807=CARTESIAN_POINT('',(2.0875,-2.025,1.45));
#16808=CARTESIAN_POINT('',(2.0875,-1.725,1.45));
#16809=CARTESIAN_POINT('',(2.3575,-1.725,1.45));
#16810=CARTESIAN_POINT('',(2.3575,-1.725,1.45));
#16811=CARTESIAN_POINT('',(2.3575,-2.025,2.95));
#16812=CARTESIAN_POINT('',(2.3575,-2.025,2.95));
#16813=CARTESIAN_POINT('',(2.0875,-2.025,2.95));
#16814=CARTESIAN_POINT('',(2.0875,-2.025,2.95));
#16815=CARTESIAN_POINT('',(2.3575,-2.025,2.95));
#16816=CARTESIAN_POINT('',(2.3575,-2.025,2.95));
#16817=CARTESIAN_POINT('',(2.3575,-1.975,3.));
#16818=CARTESIAN_POINT('',(2.3575,-1.975,3.));
#16819=CARTESIAN_POINT('',(2.0875,-1.975,3.));
#16820=CARTESIAN_POINT('',(2.0875,-1.975,3.));
#16821=CARTESIAN_POINT('',(2.3575,-1.975,3.));
#16822=CARTESIAN_POINT('',(2.3575,-1.975,3.));
#16823=CARTESIAN_POINT('',(2.3575,-1.975,3.1));
#16824=CARTESIAN_POINT('',(2.3575,-1.975,3.1));
#16825=CARTESIAN_POINT('',(2.0875,-1.975,3.1));
#16826=CARTESIAN_POINT('',(2.0875,-1.975,3.1));
#16827=CARTESIAN_POINT('',(2.3575,-1.975,3.1));
#16828=CARTESIAN_POINT('',(2.3575,-1.975,3.1));
#16829=CARTESIAN_POINT('',(2.3575,-1.825,3.1));
#16830=CARTESIAN_POINT('',(2.3575,-1.825,3.1));
#16831=CARTESIAN_POINT('',(2.0875,-1.825,3.1));
#16832=CARTESIAN_POINT('',(2.0875,-1.825,3.1));
#16833=CARTESIAN_POINT('',(2.3575,-1.825,3.1));
#16834=CARTESIAN_POINT('',(2.3575,-1.825,3.1));
#16835=CARTESIAN_POINT('',(2.3575,-1.825,1.45));
#16836=CARTESIAN_POINT('',(2.3575,-1.825,1.45));
#16837=CARTESIAN_POINT('',(2.0875,-1.825,1.45));
#16838=CARTESIAN_POINT('',(2.0875,-1.825,1.45));
#16839=CARTESIAN_POINT('',(2.3575,-1.825,1.45));
#16840=CARTESIAN_POINT('',(2.3575,-1.825,1.45));
#16841=CARTESIAN_POINT('',(2.3575,-1.76091825156,1.356673266398));
#16842=CARTESIAN_POINT('',(2.3575,-1.76091825156,1.356673266398));
#16843=CARTESIAN_POINT('',(2.0875,-1.76091825156,1.356673266398));
#16844=CARTESIAN_POINT('',(2.0875,-1.725,1.45));
#16845=CARTESIAN_POINT('',(2.3575,-1.725,1.45));
#16846=CARTESIAN_POINT('',(2.3575,-1.725,1.45));
#16847=CARTESIAN_POINT('',(2.0875,-1.575,1.285119722506));
#16848=CARTESIAN_POINT('',(2.0875,-1.575,1.285119722506));
#16849=CARTESIAN_POINT('',(2.3575,-1.575,1.285119722506));
#16850=CARTESIAN_POINT('',(2.3575,-1.575,1.285119722506));
#16851=CARTESIAN_POINT('',(2.0875,-1.575,1.285119722506));
#16852=CARTESIAN_POINT('',(2.3575,-1.525,1.265876441308));
#16853=CARTESIAN_POINT('',(2.3575,-1.825,-1.45));
#16854=CARTESIAN_POINT('',(2.3575,-1.825,-1.45));
#16855=CARTESIAN_POINT('',(2.0875,-1.825,-1.45));
#16856=CARTESIAN_POINT('',(2.0875,-1.725,-1.45));
#16857=CARTESIAN_POINT('',(2.0875,-1.76091825156,-1.356673266398));
#16858=CARTESIAN_POINT('',(2.3575,-1.76091825156,-1.356673266398));
#16859=CARTESIAN_POINT('',(2.3575,-1.76091825156,-1.356673266398));
#16860=CARTESIAN_POINT('',(2.3575,-1.725,-1.45));
#16861=CARTESIAN_POINT('',(2.3575,-1.725,-1.45));
#16862=CARTESIAN_POINT('',(2.3575,-1.825,-3.1));
#16863=CARTESIAN_POINT('',(2.3575,-1.825,-3.1));
#16864=CARTESIAN_POINT('',(2.0875,-1.825,-3.1));
#16865=CARTESIAN_POINT('',(2.0875,-1.825,-3.1));
#16866=CARTESIAN_POINT('',(2.3575,-1.825,-3.1));
#16867=CARTESIAN_POINT('',(2.3575,-1.825,-3.1));
#16868=CARTESIAN_POINT('',(2.3575,-1.975,-3.1));
#16869=CARTESIAN_POINT('',(2.3575,-1.975,-3.1));
#16870=CARTESIAN_POINT('',(2.0875,-1.975,-3.1));
#16871=CARTESIAN_POINT('',(2.0875,-1.975,-3.1));
#16872=CARTESIAN_POINT('',(2.3575,-1.975,-3.1));
#16873=CARTESIAN_POINT('',(2.3575,-1.975,-3.1));
#16874=CARTESIAN_POINT('',(2.3575,-1.975,-3.));
#16875=CARTESIAN_POINT('',(2.3575,-1.975,-3.));
#16876=CARTESIAN_POINT('',(2.0875,-1.975,-3.));
#16877=CARTESIAN_POINT('',(2.0875,-1.975,-3.));
#16878=CARTESIAN_POINT('',(2.3575,-1.975,-3.));
#16879=CARTESIAN_POINT('',(2.3575,-1.975,-3.));
#16880=CARTESIAN_POINT('',(2.3575,-2.025,-2.95));
#16881=CARTESIAN_POINT('',(2.3575,-2.025,-2.95));
#16882=CARTESIAN_POINT('',(2.0875,-2.025,-2.95));
#16883=CARTESIAN_POINT('',(2.0875,-2.025,-2.95));
#16884=CARTESIAN_POINT('',(2.3575,-2.025,-2.95));
#16885=CARTESIAN_POINT('',(2.3575,-2.025,-2.95));
#16886=CARTESIAN_POINT('',(2.3575,-2.025,-1.45));
#16887=CARTESIAN_POINT('',(2.3575,-2.025,-1.45));
#16888=CARTESIAN_POINT('',(2.0875,-2.025,-1.45));
#16889=CARTESIAN_POINT('',(2.0875,-2.025,-1.45));
#16890=CARTESIAN_POINT('',(2.3575,-2.025,-1.45));
#16891=CARTESIAN_POINT('',(2.3575,-2.025,-1.45));
#16892=CARTESIAN_POINT('',(2.3575,-1.83275475468,-1.170019799193));
#16893=CARTESIAN_POINT('',(2.3575,-1.83275475468,-1.170019799193));
#16894=CARTESIAN_POINT('',(2.0875,-1.83275475468,-1.170019799193));
#16895=CARTESIAN_POINT('',(2.0875,-1.725,-1.45));
#16896=CARTESIAN_POINT('',(2.3575,-1.725,-1.45));
#16897=CARTESIAN_POINT('',(2.3575,-1.725,-1.45));
#16898=CARTESIAN_POINT('',(2.0875,-1.575,-1.070818854705));
#16899=CARTESIAN_POINT('',(2.0875,-1.575,-1.070818854705));
#16900=CARTESIAN_POINT('',(2.3575,-1.575,-1.070818854705));
#16901=CARTESIAN_POINT('',(2.3575,-1.575,-1.070818854705));
#16902=CARTESIAN_POINT('',(2.0875,-1.575,-1.070818854705));
#16903=CARTESIAN_POINT('',(2.3575,-1.525,-1.051575573507));
#16904=CARTESIAN_POINT('',(2.0875,0.695,-0.8));
#16905=CARTESIAN_POINT('',(2.0875,-0.3635719742458,-1.1));
#16906=CARTESIAN_POINT('',(2.0875,0.,0.));
#16907=CARTESIAN_POINT('',(2.0875,0.695,0.8));
#16908=CARTESIAN_POINT('',(2.0875,1.304432608048,1.1));
#16909=CARTESIAN_POINT('',(2.0875,0.,0.));
#16910=CARTESIAN_POINT('',(2.0875,-1.575,1.070818854705));
#16911=CARTESIAN_POINT('',(2.0875,0.,0.));
#16912=CARTESIAN_POINT('',(2.0875,-1.76091825156,-1.356673266398));
#16913=CARTESIAN_POINT('',(2.0875,-1.575,-1.285119722506));
#16914=CARTESIAN_POINT('',(2.0875,-1.575,-1.285119722506));
#16915=CARTESIAN_POINT('',(2.0875,0.,0.));
#16916=CARTESIAN_POINT('',(2.3575,-1.76091825156,-1.356673266398));
#16917=CARTESIAN_POINT('',(2.3575,-1.575,-1.285119722506));
#16918=CARTESIAN_POINT('',(2.0875,-1.575,-1.285119722506));
#16919=CARTESIAN_POINT('',(2.3575,-1.76091825156,-1.356673266398));
#16920=CARTESIAN_POINT('',(2.3575,0.695,-0.8));
#16921=CARTESIAN_POINT('',(2.3575,1.304432608048,-1.1));
#16922=CARTESIAN_POINT('',(2.3575,0.,0.));
#16923=CARTESIAN_POINT('',(2.3575,0.695,0.8));
#16924=CARTESIAN_POINT('',(2.3575,-0.3635719742458,1.1));
#16925=CARTESIAN_POINT('',(2.3575,0.,0.));
#16926=CARTESIAN_POINT('',(2.3575,-1.575,1.070818854705));
#16927=CARTESIAN_POINT('',(2.3575,0.,0.));
#16928=CARTESIAN_POINT('',(2.3575,-1.575,-1.285119722506));
#16929=CARTESIAN_POINT('',(2.3575,0.,0.));
#16930=CARTESIAN_POINT('',(1.7225,0.875728179376,-1.266194514317));
#16931=CARTESIAN_POINT('',(1.7225,0.875728179376,-1.266194514317));
#16932=CARTESIAN_POINT('',(1.7225,1.304432608048,-1.1));
#16933=CARTESIAN_POINT('',(1.7225,0.875728179376,-1.266194514317));
#16934=CARTESIAN_POINT('',(1.4525,0.875728179376,-1.266194514317));
#16935=CARTESIAN_POINT('',(1.4525,0.875728179376,-1.266194514317));
#16936=CARTESIAN_POINT('',(1.4525,1.304432608048,-1.1));
#16937=CARTESIAN_POINT('',(1.4525,1.304432608048,-1.1));
#16938=CARTESIAN_POINT('',(1.7225,0.875728179376,-1.266194514317));
#16939=CARTESIAN_POINT('',(1.5875,0.695,-1.3));
#16940=CARTESIAN_POINT('',(1.4525,0.695,-1.3));
#16941=CARTESIAN_POINT('',(1.7225,0.695,-1.3));
#16942=CARTESIAN_POINT('',(1.7225,0.695,-0.8));
#16943=CARTESIAN_POINT('',(1.7225,0.5978315746582,-1.290467427172));
#16944=CARTESIAN_POINT('',(1.7225,0.5978315746582,-1.290467427172));
#16945=CARTESIAN_POINT('',(1.4525,0.5978315746582,-1.290467427172));
#16946=CARTESIAN_POINT('',(1.4525,0.695,-0.8));
#16947=CARTESIAN_POINT('',(1.7225,0.695,-0.8));
#16948=CARTESIAN_POINT('',(1.4525,-0.3635719742458,-1.1));
#16949=CARTESIAN_POINT('',(1.4525,-0.3635719742458,-1.1));
#16950=CARTESIAN_POINT('',(1.7225,-0.3635719742458,-1.1));
#16951=CARTESIAN_POINT('',(1.7225,-0.3635719742458,-1.1));
#16952=CARTESIAN_POINT('',(1.4525,-0.3635719742458,-1.1));
#16953=CARTESIAN_POINT('',(1.7225,-0.515,-1.07));
#16954=CARTESIAN_POINT('',(1.7225,0.5978315746582,1.290467427172));
#16955=CARTESIAN_POINT('',(1.7225,0.5978315746582,1.290467427172));
#16956=CARTESIAN_POINT('',(1.7225,-0.3635719742458,1.1));
#16957=CARTESIAN_POINT('',(1.7225,0.5978315746582,1.290467427172));
#16958=CARTESIAN_POINT('',(1.4525,0.5978315746582,1.290467427172));
#16959=CARTESIAN_POINT('',(1.4525,0.5978315746582,1.290467427172));
#16960=CARTESIAN_POINT('',(1.4525,-0.3635719742458,1.1));
#16961=CARTESIAN_POINT('',(1.4525,-0.3635719742458,1.1));
#16962=CARTESIAN_POINT('',(1.7225,0.5978315746582,1.290467427172));
#16963=CARTESIAN_POINT('',(1.5875,0.695,1.3));
#16964=CARTESIAN_POINT('',(1.7225,0.695,1.3));
#16965=CARTESIAN_POINT('',(1.4525,0.695,1.3));
#16966=CARTESIAN_POINT('',(1.4525,0.695,0.8));
#16967=CARTESIAN_POINT('',(1.7225,0.695,0.8));
#16968=CARTESIAN_POINT('',(1.7225,0.695,0.8));
#16969=CARTESIAN_POINT('',(1.4525,1.304432608048,1.1));
#16970=CARTESIAN_POINT('',(1.4525,1.304432608048,1.1));
#16971=CARTESIAN_POINT('',(1.4525,0.875728179376,1.266194514317));
#16972=CARTESIAN_POINT('',(1.7225,0.875728179376,1.266194514317));
#16973=CARTESIAN_POINT('',(1.7225,0.875728179376,1.266194514317));
#16974=CARTESIAN_POINT('',(1.7225,1.304432608048,1.1));
#16975=CARTESIAN_POINT('',(1.7225,1.304432608048,1.1));
#16976=CARTESIAN_POINT('',(1.4525,1.304432608048,1.1));
#16977=CARTESIAN_POINT('',(1.7225,1.485,1.03));
#16978=CARTESIAN_POINT('',(1.7225,-1.83275475468,1.170019799193));
#16979=CARTESIAN_POINT('',(1.7225,-1.83275475468,1.170019799193));
#16980=CARTESIAN_POINT('',(1.7225,-1.575,1.070818854705));
#16981=CARTESIAN_POINT('',(1.7225,-1.83275475468,1.170019799193));
#16982=CARTESIAN_POINT('',(1.4525,-1.83275475468,1.170019799193));
#16983=CARTESIAN_POINT('',(1.4525,-1.83275475468,1.170019799193));
#16984=CARTESIAN_POINT('',(1.4525,-1.575,1.070818854705));
#16985=CARTESIAN_POINT('',(1.4525,-1.575,1.070818854705));
#16986=CARTESIAN_POINT('',(1.7225,-1.83275475468,1.170019799193));
#16987=CARTESIAN_POINT('',(1.7225,-2.025,1.45));
#16988=CARTESIAN_POINT('',(1.7225,-2.025,1.45));
#16989=CARTESIAN_POINT('',(1.4525,-2.025,1.45));
#16990=CARTESIAN_POINT('',(1.4525,-1.725,1.45));
#16991=CARTESIAN_POINT('',(1.7225,-1.725,1.45));
#16992=CARTESIAN_POINT('',(1.7225,-1.725,1.45));
#16993=CARTESIAN_POINT('',(1.7225,-2.025,2.95));
#16994=CARTESIAN_POINT('',(1.7225,-2.025,2.95));
#16995=CARTESIAN_POINT('',(1.4525,-2.025,2.95));
#16996=CARTESIAN_POINT('',(1.4525,-2.025,2.95));
#16997=CARTESIAN_POINT('',(1.7225,-2.025,2.95));
#16998=CARTESIAN_POINT('',(1.7225,-2.025,2.95));
#16999=CARTESIAN_POINT('',(1.7225,-1.975,3.));
#17000=CARTESIAN_POINT('',(1.7225,-1.975,3.));
#17001=CARTESIAN_POINT('',(1.4525,-1.975,3.));
#17002=CARTESIAN_POINT('',(1.4525,-1.975,3.));
#17003=CARTESIAN_POINT('',(1.7225,-1.975,3.));
#17004=CARTESIAN_POINT('',(1.7225,-1.975,3.));
#17005=CARTESIAN_POINT('',(1.7225,-1.975,3.1));
#17006=CARTESIAN_POINT('',(1.7225,-1.975,3.1));
#17007=CARTESIAN_POINT('',(1.4525,-1.975,3.1));
#17008=CARTESIAN_POINT('',(1.4525,-1.975,3.1));
#17009=CARTESIAN_POINT('',(1.7225,-1.975,3.1));
#17010=CARTESIAN_POINT('',(1.7225,-1.975,3.1));
#17011=CARTESIAN_POINT('',(1.7225,-1.825,3.1));
#17012=CARTESIAN_POINT('',(1.7225,-1.825,3.1));
#17013=CARTESIAN_POINT('',(1.4525,-1.825,3.1));
#17014=CARTESIAN_POINT('',(1.4525,-1.825,3.1));
#17015=CARTESIAN_POINT('',(1.7225,-1.825,3.1));
#17016=CARTESIAN_POINT('',(1.7225,-1.825,3.1));
#17017=CARTESIAN_POINT('',(1.7225,-1.825,1.45));
#17018=CARTESIAN_POINT('',(1.7225,-1.825,1.45));
#17019=CARTESIAN_POINT('',(1.4525,-1.825,1.45));
#17020=CARTESIAN_POINT('',(1.4525,-1.825,1.45));
#17021=CARTESIAN_POINT('',(1.7225,-1.825,1.45));
#17022=CARTESIAN_POINT('',(1.7225,-1.825,1.45));
#17023=CARTESIAN_POINT('',(1.7225,-1.76091825156,1.356673266398));
#17024=CARTESIAN_POINT('',(1.7225,-1.76091825156,1.356673266398));
#17025=CARTESIAN_POINT('',(1.4525,-1.76091825156,1.356673266398));
#17026=CARTESIAN_POINT('',(1.4525,-1.725,1.45));
#17027=CARTESIAN_POINT('',(1.7225,-1.725,1.45));
#17028=CARTESIAN_POINT('',(1.7225,-1.725,1.45));
#17029=CARTESIAN_POINT('',(1.4525,-1.575,1.285119722506));
#17030=CARTESIAN_POINT('',(1.4525,-1.575,1.285119722506));
#17031=CARTESIAN_POINT('',(1.7225,-1.575,1.285119722506));
#17032=CARTESIAN_POINT('',(1.7225,-1.575,1.285119722506));
#17033=CARTESIAN_POINT('',(1.4525,-1.575,1.285119722506));
#17034=CARTESIAN_POINT('',(1.7225,-1.525,1.265876441308));
#17035=CARTESIAN_POINT('',(1.7225,-1.825,-1.45));
#17036=CARTESIAN_POINT('',(1.7225,-1.825,-1.45));
#17037=CARTESIAN_POINT('',(1.4525,-1.825,-1.45));
#17038=CARTESIAN_POINT('',(1.4525,-1.725,-1.45));
#17039=CARTESIAN_POINT('',(1.4525,-1.76091825156,-1.356673266398));
#17040=CARTESIAN_POINT('',(1.7225,-1.76091825156,-1.356673266398));
#17041=CARTESIAN_POINT('',(1.7225,-1.76091825156,-1.356673266398));
#17042=CARTESIAN_POINT('',(1.7225,-1.725,-1.45));
#17043=CARTESIAN_POINT('',(1.7225,-1.725,-1.45));
#17044=CARTESIAN_POINT('',(1.7225,-1.825,-3.1));
#17045=CARTESIAN_POINT('',(1.7225,-1.825,-3.1));
#17046=CARTESIAN_POINT('',(1.4525,-1.825,-3.1));
#17047=CARTESIAN_POINT('',(1.4525,-1.825,-3.1));
#17048=CARTESIAN_POINT('',(1.7225,-1.825,-3.1));
#17049=CARTESIAN_POINT('',(1.7225,-1.825,-3.1));
#17050=CARTESIAN_POINT('',(1.7225,-1.975,-3.1));
#17051=CARTESIAN_POINT('',(1.7225,-1.975,-3.1));
#17052=CARTESIAN_POINT('',(1.4525,-1.975,-3.1));
#17053=CARTESIAN_POINT('',(1.4525,-1.975,-3.1));
#17054=CARTESIAN_POINT('',(1.7225,-1.975,-3.1));
#17055=CARTESIAN_POINT('',(1.7225,-1.975,-3.1));
#17056=CARTESIAN_POINT('',(1.7225,-1.975,-3.));
#17057=CARTESIAN_POINT('',(1.7225,-1.975,-3.));
#17058=CARTESIAN_POINT('',(1.4525,-1.975,-3.));
#17059=CARTESIAN_POINT('',(1.4525,-1.975,-3.));
#17060=CARTESIAN_POINT('',(1.7225,-1.975,-3.));
#17061=CARTESIAN_POINT('',(1.7225,-1.975,-3.));
#17062=CARTESIAN_POINT('',(1.7225,-2.025,-2.95));
#17063=CARTESIAN_POINT('',(1.7225,-2.025,-2.95));
#17064=CARTESIAN_POINT('',(1.4525,-2.025,-2.95));
#17065=CARTESIAN_POINT('',(1.4525,-2.025,-2.95));
#17066=CARTESIAN_POINT('',(1.7225,-2.025,-2.95));
#17067=CARTESIAN_POINT('',(1.7225,-2.025,-2.95));
#17068=CARTESIAN_POINT('',(1.7225,-2.025,-1.45));
#17069=CARTESIAN_POINT('',(1.7225,-2.025,-1.45));
#17070=CARTESIAN_POINT('',(1.4525,-2.025,-1.45));
#17071=CARTESIAN_POINT('',(1.4525,-2.025,-1.45));
#17072=CARTESIAN_POINT('',(1.7225,-2.025,-1.45));
#17073=CARTESIAN_POINT('',(1.7225,-2.025,-1.45));
#17074=CARTESIAN_POINT('',(1.7225,-1.83275475468,-1.170019799193));
#17075=CARTESIAN_POINT('',(1.7225,-1.83275475468,-1.170019799193));
#17076=CARTESIAN_POINT('',(1.4525,-1.83275475468,-1.170019799193));
#17077=CARTESIAN_POINT('',(1.4525,-1.725,-1.45));
#17078=CARTESIAN_POINT('',(1.7225,-1.725,-1.45));
#17079=CARTESIAN_POINT('',(1.7225,-1.725,-1.45));
#17080=CARTESIAN_POINT('',(1.4525,-1.575,-1.070818854705));
#17081=CARTESIAN_POINT('',(1.4525,-1.575,-1.070818854705));
#17082=CARTESIAN_POINT('',(1.7225,-1.575,-1.070818854705));
#17083=CARTESIAN_POINT('',(1.7225,-1.575,-1.070818854705));
#17084=CARTESIAN_POINT('',(1.4525,-1.575,-1.070818854705));
#17085=CARTESIAN_POINT('',(1.7225,-1.525,-1.051575573507));
#17086=CARTESIAN_POINT('',(1.4525,0.695,-0.8));
#17087=CARTESIAN_POINT('',(1.4525,-0.3635719742458,-1.1));
#17088=CARTESIAN_POINT('',(1.4525,0.,0.));
#17089=CARTESIAN_POINT('',(1.4525,0.695,0.8));
#17090=CARTESIAN_POINT('',(1.4525,1.304432608048,1.1));
#17091=CARTESIAN_POINT('',(1.4525,0.,0.));
#17092=CARTESIAN_POINT('',(1.4525,-1.575,1.070818854705));
#17093=CARTESIAN_POINT('',(1.4525,0.,0.));
#17094=CARTESIAN_POINT('',(1.4525,-1.76091825156,-1.356673266398));
#17095=CARTESIAN_POINT('',(1.4525,-1.575,-1.285119722506));
#17096=CARTESIAN_POINT('',(1.4525,-1.575,-1.285119722506));
#17097=CARTESIAN_POINT('',(1.4525,0.,0.));
#17098=CARTESIAN_POINT('',(1.7225,-1.76091825156,-1.356673266398));
#17099=CARTESIAN_POINT('',(1.7225,-1.575,-1.285119722506));
#17100=CARTESIAN_POINT('',(1.4525,-1.575,-1.285119722506));
#17101=CARTESIAN_POINT('',(1.7225,-1.76091825156,-1.356673266398));
#17102=CARTESIAN_POINT('',(1.7225,0.695,-0.8));
#17103=CARTESIAN_POINT('',(1.7225,1.304432608048,-1.1));
#17104=CARTESIAN_POINT('',(1.7225,0.,0.));
#17105=CARTESIAN_POINT('',(1.7225,0.695,0.8));
#17106=CARTESIAN_POINT('',(1.7225,-0.3635719742458,1.1));
#17107=CARTESIAN_POINT('',(1.7225,0.,0.));
#17108=CARTESIAN_POINT('',(1.7225,-1.575,1.070818854705));
#17109=CARTESIAN_POINT('',(1.7225,0.,0.));
#17110=CARTESIAN_POINT('',(1.7225,-1.575,-1.285119722506));
#17111=CARTESIAN_POINT('',(1.7225,0.,0.));
#17112=CARTESIAN_POINT('',(1.0875,0.875728179376,-1.266194514317));
#17113=CARTESIAN_POINT('',(1.0875,0.875728179376,-1.266194514317));
#17114=CARTESIAN_POINT('',(1.0875,1.304432608048,-1.1));
#17115=CARTESIAN_POINT('',(1.0875,0.875728179376,-1.266194514317));
#17116=CARTESIAN_POINT('',(0.8175,0.875728179376,-1.266194514317));
#17117=CARTESIAN_POINT('',(0.8175,0.875728179376,-1.266194514317));
#17118=CARTESIAN_POINT('',(0.8175,1.304432608048,-1.1));
#17119=CARTESIAN_POINT('',(0.8175,1.304432608048,-1.1));
#17120=CARTESIAN_POINT('',(1.0875,0.875728179376,-1.266194514317));
#17121=CARTESIAN_POINT('',(0.9525,0.695,-1.3));
#17122=CARTESIAN_POINT('',(0.8175,0.695,-1.3));
#17123=CARTESIAN_POINT('',(1.0875,0.695,-1.3));
#17124=CARTESIAN_POINT('',(1.0875,0.695,-0.8));
#17125=CARTESIAN_POINT('',(1.0875,0.5978315746582,-1.290467427172));
#17126=CARTESIAN_POINT('',(1.0875,0.5978315746582,-1.290467427172));
#17127=CARTESIAN_POINT('',(0.8175,0.5978315746582,-1.290467427172));
#17128=CARTESIAN_POINT('',(0.8175,0.695,-0.8));
#17129=CARTESIAN_POINT('',(1.0875,0.695,-0.8));
#17130=CARTESIAN_POINT('',(0.8175,-0.3635719742458,-1.1));
#17131=CARTESIAN_POINT('',(0.8175,-0.3635719742458,-1.1));
#17132=CARTESIAN_POINT('',(1.0875,-0.3635719742458,-1.1));
#17133=CARTESIAN_POINT('',(1.0875,-0.3635719742458,-1.1));
#17134=CARTESIAN_POINT('',(0.8175,-0.3635719742458,-1.1));
#17135=CARTESIAN_POINT('',(1.0875,-0.515,-1.07));
#17136=CARTESIAN_POINT('',(1.0875,0.5978315746582,1.290467427172));
#17137=CARTESIAN_POINT('',(1.0875,0.5978315746582,1.290467427172));
#17138=CARTESIAN_POINT('',(1.0875,-0.3635719742458,1.1));
#17139=CARTESIAN_POINT('',(1.0875,0.5978315746582,1.290467427172));
#17140=CARTESIAN_POINT('',(0.8175,0.5978315746582,1.290467427172));
#17141=CARTESIAN_POINT('',(0.8175,0.5978315746582,1.290467427172));
#17142=CARTESIAN_POINT('',(0.8175,-0.3635719742458,1.1));
#17143=CARTESIAN_POINT('',(0.8175,-0.3635719742458,1.1));
#17144=CARTESIAN_POINT('',(1.0875,0.5978315746582,1.290467427172));
#17145=CARTESIAN_POINT('',(0.9525,0.695,1.3));
#17146=CARTESIAN_POINT('',(1.0875,0.695,1.3));
#17147=CARTESIAN_POINT('',(0.8175,0.695,1.3));
#17148=CARTESIAN_POINT('',(0.8175,0.695,0.8));
#17149=CARTESIAN_POINT('',(1.0875,0.695,0.8));
#17150=CARTESIAN_POINT('',(1.0875,0.695,0.8));
#17151=CARTESIAN_POINT('',(0.8175,1.304432608048,1.1));
#17152=CARTESIAN_POINT('',(0.8175,1.304432608048,1.1));
#17153=CARTESIAN_POINT('',(0.8175,0.875728179376,1.266194514317));
#17154=CARTESIAN_POINT('',(1.0875,0.875728179376,1.266194514317));
#17155=CARTESIAN_POINT('',(1.0875,0.875728179376,1.266194514317));
#17156=CARTESIAN_POINT('',(1.0875,1.304432608048,1.1));
#17157=CARTESIAN_POINT('',(1.0875,1.304432608048,1.1));
#17158=CARTESIAN_POINT('',(0.8175,1.304432608048,1.1));
#17159=CARTESIAN_POINT('',(1.0875,1.485,1.03));
#17160=CARTESIAN_POINT('',(1.0875,-1.83275475468,1.170019799193));
#17161=CARTESIAN_POINT('',(1.0875,-1.83275475468,1.170019799193));
#17162=CARTESIAN_POINT('',(1.0875,-1.575,1.070818854705));
#17163=CARTESIAN_POINT('',(1.0875,-1.83275475468,1.170019799193));
#17164=CARTESIAN_POINT('',(0.8175,-1.83275475468,1.170019799193));
#17165=CARTESIAN_POINT('',(0.8175,-1.83275475468,1.170019799193));
#17166=CARTESIAN_POINT('',(0.8175,-1.575,1.070818854705));
#17167=CARTESIAN_POINT('',(0.8175,-1.575,1.070818854705));
#17168=CARTESIAN_POINT('',(1.0875,-1.83275475468,1.170019799193));
#17169=CARTESIAN_POINT('',(1.0875,-2.025,1.45));
#17170=CARTESIAN_POINT('',(1.0875,-2.025,1.45));
#17171=CARTESIAN_POINT('',(0.8175,-2.025,1.45));
#17172=CARTESIAN_POINT('',(0.8175,-1.725,1.45));
#17173=CARTESIAN_POINT('',(1.0875,-1.725,1.45));
#17174=CARTESIAN_POINT('',(1.0875,-1.725,1.45));
#17175=CARTESIAN_POINT('',(1.0875,-2.025,2.95));
#17176=CARTESIAN_POINT('',(1.0875,-2.025,2.95));
#17177=CARTESIAN_POINT('',(0.8175,-2.025,2.95));
#17178=CARTESIAN_POINT('',(0.8175,-2.025,2.95));
#17179=CARTESIAN_POINT('',(1.0875,-2.025,2.95));
#17180=CARTESIAN_POINT('',(1.0875,-2.025,2.95));
#17181=CARTESIAN_POINT('',(1.0875,-1.975,3.));
#17182=CARTESIAN_POINT('',(1.0875,-1.975,3.));
#17183=CARTESIAN_POINT('',(0.8175,-1.975,3.));
#17184=CARTESIAN_POINT('',(0.8175,-1.975,3.));
#17185=CARTESIAN_POINT('',(1.0875,-1.975,3.));
#17186=CARTESIAN_POINT('',(1.0875,-1.975,3.));
#17187=CARTESIAN_POINT('',(1.0875,-1.975,3.1));
#17188=CARTESIAN_POINT('',(1.0875,-1.975,3.1));
#17189=CARTESIAN_POINT('',(0.8175,-1.975,3.1));
#17190=CARTESIAN_POINT('',(0.8175,-1.975,3.1));
#17191=CARTESIAN_POINT('',(1.0875,-1.975,3.1));
#17192=CARTESIAN_POINT('',(1.0875,-1.975,3.1));
#17193=CARTESIAN_POINT('',(1.0875,-1.825,3.1));
#17194=CARTESIAN_POINT('',(1.0875,-1.825,3.1));
#17195=CARTESIAN_POINT('',(0.8175,-1.825,3.1));
#17196=CARTESIAN_POINT('',(0.8175,-1.825,3.1));
#17197=CARTESIAN_POINT('',(1.0875,-1.825,3.1));
#17198=CARTESIAN_POINT('',(1.0875,-1.825,3.1));
#17199=CARTESIAN_POINT('',(1.0875,-1.825,1.45));
#17200=CARTESIAN_POINT('',(1.0875,-1.825,1.45));
#17201=CARTESIAN_POINT('',(0.8175,-1.825,1.45));
#17202=CARTESIAN_POINT('',(0.8175,-1.825,1.45));
#17203=CARTESIAN_POINT('',(1.0875,-1.825,1.45));
#17204=CARTESIAN_POINT('',(1.0875,-1.825,1.45));
#17205=CARTESIAN_POINT('',(1.0875,-1.76091825156,1.356673266398));
#17206=CARTESIAN_POINT('',(1.0875,-1.76091825156,1.356673266398));
#17207=CARTESIAN_POINT('',(0.8175,-1.76091825156,1.356673266398));
#17208=CARTESIAN_POINT('',(0.8175,-1.725,1.45));
#17209=CARTESIAN_POINT('',(1.0875,-1.725,1.45));
#17210=CARTESIAN_POINT('',(1.0875,-1.725,1.45));
#17211=CARTESIAN_POINT('',(0.8175,-1.575,1.285119722506));
#17212=CARTESIAN_POINT('',(0.8175,-1.575,1.285119722506));
#17213=CARTESIAN_POINT('',(1.0875,-1.575,1.285119722506));
#17214=CARTESIAN_POINT('',(1.0875,-1.575,1.285119722506));
#17215=CARTESIAN_POINT('',(0.8175,-1.575,1.285119722506));
#17216=CARTESIAN_POINT('',(1.0875,-1.525,1.265876441308));
#17217=CARTESIAN_POINT('',(1.0875,-1.825,-1.45));
#17218=CARTESIAN_POINT('',(1.0875,-1.825,-1.45));
#17219=CARTESIAN_POINT('',(0.8175,-1.825,-1.45));
#17220=CARTESIAN_POINT('',(0.8175,-1.725,-1.45));
#17221=CARTESIAN_POINT('',(0.8175,-1.76091825156,-1.356673266398));
#17222=CARTESIAN_POINT('',(1.0875,-1.76091825156,-1.356673266398));
#17223=CARTESIAN_POINT('',(1.0875,-1.76091825156,-1.356673266398));
#17224=CARTESIAN_POINT('',(1.0875,-1.725,-1.45));
#17225=CARTESIAN_POINT('',(1.0875,-1.725,-1.45));
#17226=CARTESIAN_POINT('',(1.0875,-1.825,-3.1));
#17227=CARTESIAN_POINT('',(1.0875,-1.825,-3.1));
#17228=CARTESIAN_POINT('',(0.8175,-1.825,-3.1));
#17229=CARTESIAN_POINT('',(0.8175,-1.825,-3.1));
#17230=CARTESIAN_POINT('',(1.0875,-1.825,-3.1));
#17231=CARTESIAN_POINT('',(1.0875,-1.825,-3.1));
#17232=CARTESIAN_POINT('',(1.0875,-1.975,-3.1));
#17233=CARTESIAN_POINT('',(1.0875,-1.975,-3.1));
#17234=CARTESIAN_POINT('',(0.8175,-1.975,-3.1));
#17235=CARTESIAN_POINT('',(0.8175,-1.975,-3.1));
#17236=CARTESIAN_POINT('',(1.0875,-1.975,-3.1));
#17237=CARTESIAN_POINT('',(1.0875,-1.975,-3.1));
#17238=CARTESIAN_POINT('',(1.0875,-1.975,-3.));
#17239=CARTESIAN_POINT('',(1.0875,-1.975,-3.));
#17240=CARTESIAN_POINT('',(0.8175,-1.975,-3.));
#17241=CARTESIAN_POINT('',(0.8175,-1.975,-3.));
#17242=CARTESIAN_POINT('',(1.0875,-1.975,-3.));
#17243=CARTESIAN_POINT('',(1.0875,-1.975,-3.));
#17244=CARTESIAN_POINT('',(1.0875,-2.025,-2.95));
#17245=CARTESIAN_POINT('',(1.0875,-2.025,-2.95));
#17246=CARTESIAN_POINT('',(0.8175,-2.025,-2.95));
#17247=CARTESIAN_POINT('',(0.8175,-2.025,-2.95));
#17248=CARTESIAN_POINT('',(1.0875,-2.025,-2.95));
#17249=CARTESIAN_POINT('',(1.0875,-2.025,-2.95));
#17250=CARTESIAN_POINT('',(1.0875,-2.025,-1.45));
#17251=CARTESIAN_POINT('',(1.0875,-2.025,-1.45));
#17252=CARTESIAN_POINT('',(0.8175,-2.025,-1.45));
#17253=CARTESIAN_POINT('',(0.8175,-2.025,-1.45));
#17254=CARTESIAN_POINT('',(1.0875,-2.025,-1.45));
#17255=CARTESIAN_POINT('',(1.0875,-2.025,-1.45));
#17256=CARTESIAN_POINT('',(1.0875,-1.83275475468,-1.170019799193));
#17257=CARTESIAN_POINT('',(1.0875,-1.83275475468,-1.170019799193));
#17258=CARTESIAN_POINT('',(0.8175,-1.83275475468,-1.170019799193));
#17259=CARTESIAN_POINT('',(0.8175,-1.725,-1.45));
#17260=CARTESIAN_POINT('',(1.0875,-1.725,-1.45));
#17261=CARTESIAN_POINT('',(1.0875,-1.725,-1.45));
#17262=CARTESIAN_POINT('',(0.8175,-1.575,-1.070818854705));
#17263=CARTESIAN_POINT('',(0.8175,-1.575,-1.070818854705));
#17264=CARTESIAN_POINT('',(1.0875,-1.575,-1.070818854705));
#17265=CARTESIAN_POINT('',(1.0875,-1.575,-1.070818854705));
#17266=CARTESIAN_POINT('',(0.8175,-1.575,-1.070818854705));
#17267=CARTESIAN_POINT('',(1.0875,-1.525,-1.051575573507));
#17268=CARTESIAN_POINT('',(0.8175,0.695,-0.8));
#17269=CARTESIAN_POINT('',(0.8175,-0.3635719742458,-1.1));
#17270=CARTESIAN_POINT('',(0.8175,0.,0.));
#17271=CARTESIAN_POINT('',(0.8175,0.695,0.8));
#17272=CARTESIAN_POINT('',(0.8175,1.304432608048,1.1));
#17273=CARTESIAN_POINT('',(0.8175,0.,0.));
#17274=CARTESIAN_POINT('',(0.8175,-1.575,1.070818854705));
#17275=CARTESIAN_POINT('',(0.8175,0.,0.));
#17276=CARTESIAN_POINT('',(0.8175,-1.76091825156,-1.356673266398));
#17277=CARTESIAN_POINT('',(0.8175,-1.575,-1.285119722506));
#17278=CARTESIAN_POINT('',(0.8175,-1.575,-1.285119722506));
#17279=CARTESIAN_POINT('',(0.8175,0.,0.));
#17280=CARTESIAN_POINT('',(1.0875,-1.76091825156,-1.356673266398));
#17281=CARTESIAN_POINT('',(1.0875,-1.575,-1.285119722506));
#17282=CARTESIAN_POINT('',(0.8175,-1.575,-1.285119722506));
#17283=CARTESIAN_POINT('',(1.0875,-1.76091825156,-1.356673266398));
#17284=CARTESIAN_POINT('',(1.0875,0.695,-0.8));
#17285=CARTESIAN_POINT('',(1.0875,1.304432608048,-1.1));
#17286=CARTESIAN_POINT('',(1.0875,0.,0.));
#17287=CARTESIAN_POINT('',(1.0875,0.695,0.8));
#17288=CARTESIAN_POINT('',(1.0875,-0.3635719742458,1.1));
#17289=CARTESIAN_POINT('',(1.0875,0.,0.));
#17290=CARTESIAN_POINT('',(1.0875,-1.575,1.070818854705));
#17291=CARTESIAN_POINT('',(1.0875,0.,0.));
#17292=CARTESIAN_POINT('',(1.0875,-1.575,-1.285119722506));
#17293=CARTESIAN_POINT('',(1.0875,0.,0.));
#17294=CARTESIAN_POINT('',(0.4525,0.875728179376,-1.266194514317));
#17295=CARTESIAN_POINT('',(0.4525,0.875728179376,-1.266194514317));
#17296=CARTESIAN_POINT('',(0.4525,1.304432608048,-1.1));
#17297=CARTESIAN_POINT('',(0.4525,0.875728179376,-1.266194514317));
#17298=CARTESIAN_POINT('',(0.1825,0.875728179376,-1.266194514317));
#17299=CARTESIAN_POINT('',(0.1825,0.875728179376,-1.266194514317));
#17300=CARTESIAN_POINT('',(0.1825,1.304432608048,-1.1));
#17301=CARTESIAN_POINT('',(0.1825,1.304432608048,-1.1));
#17302=CARTESIAN_POINT('',(0.4525,0.875728179376,-1.266194514317));
#17303=CARTESIAN_POINT('',(0.3175,0.695,-1.3));
#17304=CARTESIAN_POINT('',(0.1825,0.695,-1.3));
#17305=CARTESIAN_POINT('',(0.4525,0.695,-1.3));
#17306=CARTESIAN_POINT('',(0.4525,0.695,-0.8));
#17307=CARTESIAN_POINT('',(0.4525,0.5978315746582,-1.290467427172));
#17308=CARTESIAN_POINT('',(0.4525,0.5978315746582,-1.290467427172));
#17309=CARTESIAN_POINT('',(0.1825,0.5978315746582,-1.290467427172));
#17310=CARTESIAN_POINT('',(0.1825,0.695,-0.8));
#17311=CARTESIAN_POINT('',(0.4525,0.695,-0.8));
#17312=CARTESIAN_POINT('',(0.1825,-0.3635719742458,-1.1));
#17313=CARTESIAN_POINT('',(0.1825,-0.3635719742458,-1.1));
#17314=CARTESIAN_POINT('',(0.4525,-0.3635719742458,-1.1));
#17315=CARTESIAN_POINT('',(0.4525,-0.3635719742458,-1.1));
#17316=CARTESIAN_POINT('',(0.1825,-0.3635719742458,-1.1));
#17317=CARTESIAN_POINT('',(0.4525,-0.515,-1.07));
#17318=CARTESIAN_POINT('',(0.4525,0.5978315746582,1.290467427172));
#17319=CARTESIAN_POINT('',(0.4525,0.5978315746582,1.290467427172));
#17320=CARTESIAN_POINT('',(0.4525,-0.3635719742458,1.1));
#17321=CARTESIAN_POINT('',(0.4525,0.5978315746582,1.290467427172));
#17322=CARTESIAN_POINT('',(0.1825,0.5978315746582,1.290467427172));
#17323=CARTESIAN_POINT('',(0.1825,0.5978315746582,1.290467427172));
#17324=CARTESIAN_POINT('',(0.1825,-0.3635719742458,1.1));
#17325=CARTESIAN_POINT('',(0.1825,-0.3635719742458,1.1));
#17326=CARTESIAN_POINT('',(0.4525,0.5978315746582,1.290467427172));
#17327=CARTESIAN_POINT('',(0.3175,0.695,1.3));
#17328=CARTESIAN_POINT('',(0.4525,0.695,1.3));
#17329=CARTESIAN_POINT('',(0.1825,0.695,1.3));
#17330=CARTESIAN_POINT('',(0.1825,0.695,0.8));
#17331=CARTESIAN_POINT('',(0.4525,0.695,0.8));
#17332=CARTESIAN_POINT('',(0.4525,0.695,0.8));
#17333=CARTESIAN_POINT('',(0.1825,1.304432608048,1.1));
#17334=CARTESIAN_POINT('',(0.1825,1.304432608048,1.1));
#17335=CARTESIAN_POINT('',(0.1825,0.875728179376,1.266194514317));
#17336=CARTESIAN_POINT('',(0.4525,0.875728179376,1.266194514317));
#17337=CARTESIAN_POINT('',(0.4525,0.875728179376,1.266194514317));
#17338=CARTESIAN_POINT('',(0.4525,1.304432608048,1.1));
#17339=CARTESIAN_POINT('',(0.4525,1.304432608048,1.1));
#17340=CARTESIAN_POINT('',(0.1825,1.304432608048,1.1));
#17341=CARTESIAN_POINT('',(0.4525,1.485,1.03));
#17342=CARTESIAN_POINT('',(0.4525,-1.83275475468,1.170019799193));
#17343=CARTESIAN_POINT('',(0.4525,-1.83275475468,1.170019799193));
#17344=CARTESIAN_POINT('',(0.4525,-1.575,1.070818854705));
#17345=CARTESIAN_POINT('',(0.4525,-1.83275475468,1.170019799193));
#17346=CARTESIAN_POINT('',(0.1825,-1.83275475468,1.170019799193));
#17347=CARTESIAN_POINT('',(0.1825,-1.83275475468,1.170019799193));
#17348=CARTESIAN_POINT('',(0.1825,-1.575,1.070818854705));
#17349=CARTESIAN_POINT('',(0.1825,-1.575,1.070818854705));
#17350=CARTESIAN_POINT('',(0.4525,-1.83275475468,1.170019799193));
#17351=CARTESIAN_POINT('',(0.4525,-2.025,1.45));
#17352=CARTESIAN_POINT('',(0.4525,-2.025,1.45));
#17353=CARTESIAN_POINT('',(0.1825,-2.025,1.45));
#17354=CARTESIAN_POINT('',(0.1825,-1.725,1.45));
#17355=CARTESIAN_POINT('',(0.4525,-1.725,1.45));
#17356=CARTESIAN_POINT('',(0.4525,-1.725,1.45));
#17357=CARTESIAN_POINT('',(0.4525,-2.025,2.95));
#17358=CARTESIAN_POINT('',(0.4525,-2.025,2.95));
#17359=CARTESIAN_POINT('',(0.1825,-2.025,2.95));
#17360=CARTESIAN_POINT('',(0.1825,-2.025,2.95));
#17361=CARTESIAN_POINT('',(0.4525,-2.025,2.95));
#17362=CARTESIAN_POINT('',(0.4525,-2.025,2.95));
#17363=CARTESIAN_POINT('',(0.4525,-1.975,3.));
#17364=CARTESIAN_POINT('',(0.4525,-1.975,3.));
#17365=CARTESIAN_POINT('',(0.1825,-1.975,3.));
#17366=CARTESIAN_POINT('',(0.1825,-1.975,3.));
#17367=CARTESIAN_POINT('',(0.4525,-1.975,3.));
#17368=CARTESIAN_POINT('',(0.4525,-1.975,3.));
#17369=CARTESIAN_POINT('',(0.4525,-1.975,3.1));
#17370=CARTESIAN_POINT('',(0.4525,-1.975,3.1));
#17371=CARTESIAN_POINT('',(0.1825,-1.975,3.1));
#17372=CARTESIAN_POINT('',(0.1825,-1.975,3.1));
#17373=CARTESIAN_POINT('',(0.4525,-1.975,3.1));
#17374=CARTESIAN_POINT('',(0.4525,-1.975,3.1));
#17375=CARTESIAN_POINT('',(0.4525,-1.825,3.1));
#17376=CARTESIAN_POINT('',(0.4525,-1.825,3.1));
#17377=CARTESIAN_POINT('',(0.1825,-1.825,3.1));
#17378=CARTESIAN_POINT('',(0.1825,-1.825,3.1));
#17379=CARTESIAN_POINT('',(0.4525,-1.825,3.1));
#17380=CARTESIAN_POINT('',(0.4525,-1.825,3.1));
#17381=CARTESIAN_POINT('',(0.4525,-1.825,1.45));
#17382=CARTESIAN_POINT('',(0.4525,-1.825,1.45));
#17383=CARTESIAN_POINT('',(0.1825,-1.825,1.45));
#17384=CARTESIAN_POINT('',(0.1825,-1.825,1.45));
#17385=CARTESIAN_POINT('',(0.4525,-1.825,1.45));
#17386=CARTESIAN_POINT('',(0.4525,-1.825,1.45));
#17387=CARTESIAN_POINT('',(0.4525,-1.76091825156,1.356673266398));
#17388=CARTESIAN_POINT('',(0.4525,-1.76091825156,1.356673266398));
#17389=CARTESIAN_POINT('',(0.1825,-1.76091825156,1.356673266398));
#17390=CARTESIAN_POINT('',(0.1825,-1.725,1.45));
#17391=CARTESIAN_POINT('',(0.4525,-1.725,1.45));
#17392=CARTESIAN_POINT('',(0.4525,-1.725,1.45));
#17393=CARTESIAN_POINT('',(0.1825,-1.575,1.285119722506));
#17394=CARTESIAN_POINT('',(0.1825,-1.575,1.285119722506));
#17395=CARTESIAN_POINT('',(0.4525,-1.575,1.285119722506));
#17396=CARTESIAN_POINT('',(0.4525,-1.575,1.285119722506));
#17397=CARTESIAN_POINT('',(0.1825,-1.575,1.285119722506));
#17398=CARTESIAN_POINT('',(0.4525,-1.525,1.265876441308));
#17399=CARTESIAN_POINT('',(0.4525,-1.825,-1.45));
#17400=CARTESIAN_POINT('',(0.4525,-1.825,-1.45));
#17401=CARTESIAN_POINT('',(0.1825,-1.825,-1.45));
#17402=CARTESIAN_POINT('',(0.1825,-1.725,-1.45));
#17403=CARTESIAN_POINT('',(0.1825,-1.76091825156,-1.356673266398));
#17404=CARTESIAN_POINT('',(0.4525,-1.76091825156,-1.356673266398));
#17405=CARTESIAN_POINT('',(0.4525,-1.76091825156,-1.356673266398));
#17406=CARTESIAN_POINT('',(0.4525,-1.725,-1.45));
#17407=CARTESIAN_POINT('',(0.4525,-1.725,-1.45));
#17408=CARTESIAN_POINT('',(0.4525,-1.825,-3.1));
#17409=CARTESIAN_POINT('',(0.4525,-1.825,-3.1));
#17410=CARTESIAN_POINT('',(0.1825,-1.825,-3.1));
#17411=CARTESIAN_POINT('',(0.1825,-1.825,-3.1));
#17412=CARTESIAN_POINT('',(0.4525,-1.825,-3.1));
#17413=CARTESIAN_POINT('',(0.4525,-1.825,-3.1));
#17414=CARTESIAN_POINT('',(0.4525,-1.975,-3.1));
#17415=CARTESIAN_POINT('',(0.4525,-1.975,-3.1));
#17416=CARTESIAN_POINT('',(0.1825,-1.975,-3.1));
#17417=CARTESIAN_POINT('',(0.1825,-1.975,-3.1));
#17418=CARTESIAN_POINT('',(0.4525,-1.975,-3.1));
#17419=CARTESIAN_POINT('',(0.4525,-1.975,-3.1));
#17420=CARTESIAN_POINT('',(0.4525,-1.975,-3.));
#17421=CARTESIAN_POINT('',(0.4525,-1.975,-3.));
#17422=CARTESIAN_POINT('',(0.1825,-1.975,-3.));
#17423=CARTESIAN_POINT('',(0.1825,-1.975,-3.));
#17424=CARTESIAN_POINT('',(0.4525,-1.975,-3.));
#17425=CARTESIAN_POINT('',(0.4525,-1.975,-3.));
#17426=CARTESIAN_POINT('',(0.4525,-2.025,-2.95));
#17427=CARTESIAN_POINT('',(0.4525,-2.025,-2.95));
#17428=CARTESIAN_POINT('',(0.1825,-2.025,-2.95));
#17429=CARTESIAN_POINT('',(0.1825,-2.025,-2.95));
#17430=CARTESIAN_POINT('',(0.4525,-2.025,-2.95));
#17431=CARTESIAN_POINT('',(0.4525,-2.025,-2.95));
#17432=CARTESIAN_POINT('',(0.4525,-2.025,-1.45));
#17433=CARTESIAN_POINT('',(0.4525,-2.025,-1.45));
#17434=CARTESIAN_POINT('',(0.1825,-2.025,-1.45));
#17435=CARTESIAN_POINT('',(0.1825,-2.025,-1.45));
#17436=CARTESIAN_POINT('',(0.4525,-2.025,-1.45));
#17437=CARTESIAN_POINT('',(0.4525,-2.025,-1.45));
#17438=CARTESIAN_POINT('',(0.4525,-1.83275475468,-1.170019799193));
#17439=CARTESIAN_POINT('',(0.4525,-1.83275475468,-1.170019799193));
#17440=CARTESIAN_POINT('',(0.1825,-1.83275475468,-1.170019799193));
#17441=CARTESIAN_POINT('',(0.1825,-1.725,-1.45));
#17442=CARTESIAN_POINT('',(0.4525,-1.725,-1.45));
#17443=CARTESIAN_POINT('',(0.4525,-1.725,-1.45));
#17444=CARTESIAN_POINT('',(0.1825,-1.575,-1.070818854705));
#17445=CARTESIAN_POINT('',(0.1825,-1.575,-1.070818854705));
#17446=CARTESIAN_POINT('',(0.4525,-1.575,-1.070818854705));
#17447=CARTESIAN_POINT('',(0.4525,-1.575,-1.070818854705));
#17448=CARTESIAN_POINT('',(0.1825,-1.575,-1.070818854705));
#17449=CARTESIAN_POINT('',(0.4525,-1.525,-1.051575573507));
#17450=CARTESIAN_POINT('',(0.1825,0.695,-0.8));
#17451=CARTESIAN_POINT('',(0.1825,-0.3635719742458,-1.1));
#17452=CARTESIAN_POINT('',(0.1825,0.,0.));
#17453=CARTESIAN_POINT('',(0.1825,0.695,0.8));
#17454=CARTESIAN_POINT('',(0.1825,1.304432608048,1.1));
#17455=CARTESIAN_POINT('',(0.1825,0.,0.));
#17456=CARTESIAN_POINT('',(0.1825,-1.575,1.070818854705));
#17457=CARTESIAN_POINT('',(0.1825,0.,0.));
#17458=CARTESIAN_POINT('',(0.1825,-1.76091825156,-1.356673266398));
#17459=CARTESIAN_POINT('',(0.1825,-1.575,-1.285119722506));
#17460=CARTESIAN_POINT('',(0.1825,-1.575,-1.285119722506));
#17461=CARTESIAN_POINT('',(0.1825,0.,0.));
#17462=CARTESIAN_POINT('',(0.4525,-1.76091825156,-1.356673266398));
#17463=CARTESIAN_POINT('',(0.4525,-1.575,-1.285119722506));
#17464=CARTESIAN_POINT('',(0.1825,-1.575,-1.285119722506));
#17465=CARTESIAN_POINT('',(0.4525,-1.76091825156,-1.356673266398));
#17466=CARTESIAN_POINT('',(0.4525,0.695,-0.8));
#17467=CARTESIAN_POINT('',(0.4525,1.304432608048,-1.1));
#17468=CARTESIAN_POINT('',(0.4525,0.,0.));
#17469=CARTESIAN_POINT('',(0.4525,0.695,0.8));
#17470=CARTESIAN_POINT('',(0.4525,-0.3635719742458,1.1));
#17471=CARTESIAN_POINT('',(0.4525,0.,0.));
#17472=CARTESIAN_POINT('',(0.4525,-1.575,1.070818854705));
#17473=CARTESIAN_POINT('',(0.4525,0.,0.));
#17474=CARTESIAN_POINT('',(0.4525,-1.575,-1.285119722506));
#17475=CARTESIAN_POINT('',(0.4525,0.,0.));
#17476=CARTESIAN_POINT('',(-0.1825,0.875728179376,-1.266194514317));
#17477=CARTESIAN_POINT('',(-0.1825,0.875728179376,-1.266194514317));
#17478=CARTESIAN_POINT('',(-0.1825,1.304432608048,-1.1));
#17479=CARTESIAN_POINT('',(-0.1825,0.875728179376,-1.266194514317));
#17480=CARTESIAN_POINT('',(-0.4525,0.875728179376,-1.266194514317));
#17481=CARTESIAN_POINT('',(-0.4525,0.875728179376,-1.266194514317));
#17482=CARTESIAN_POINT('',(-0.4525,1.304432608048,-1.1));
#17483=CARTESIAN_POINT('',(-0.4525,1.304432608048,-1.1));
#17484=CARTESIAN_POINT('',(-0.1825,0.875728179376,-1.266194514317));
#17485=CARTESIAN_POINT('',(-0.3175,0.695,-1.3));
#17486=CARTESIAN_POINT('',(-0.4525,0.695,-1.3));
#17487=CARTESIAN_POINT('',(-0.1825,0.695,-1.3));
#17488=CARTESIAN_POINT('',(-0.1825,0.695,-0.8));
#17489=CARTESIAN_POINT('',(-0.1825,0.5978315746582,-1.290467427172));
#17490=CARTESIAN_POINT('',(-0.1825,0.5978315746582,-1.290467427172));
#17491=CARTESIAN_POINT('',(-0.4525,0.5978315746582,-1.290467427172));
#17492=CARTESIAN_POINT('',(-0.4525,0.695,-0.8));
#17493=CARTESIAN_POINT('',(-0.1825,0.695,-0.8));
#17494=CARTESIAN_POINT('',(-0.4525,-0.3635719742458,-1.1));
#17495=CARTESIAN_POINT('',(-0.4525,-0.3635719742458,-1.1));
#17496=CARTESIAN_POINT('',(-0.1825,-0.3635719742458,-1.1));
#17497=CARTESIAN_POINT('',(-0.1825,-0.3635719742458,-1.1));
#17498=CARTESIAN_POINT('',(-0.4525,-0.3635719742458,-1.1));
#17499=CARTESIAN_POINT('',(-0.1825,-0.515,-1.07));
#17500=CARTESIAN_POINT('',(-0.1825,0.5978315746582,1.290467427172));
#17501=CARTESIAN_POINT('',(-0.1825,0.5978315746582,1.290467427172));
#17502=CARTESIAN_POINT('',(-0.1825,-0.3635719742458,1.1));
#17503=CARTESIAN_POINT('',(-0.1825,0.5978315746582,1.290467427172));
#17504=CARTESIAN_POINT('',(-0.4525,0.5978315746582,1.290467427172));
#17505=CARTESIAN_POINT('',(-0.4525,0.5978315746582,1.290467427172));
#17506=CARTESIAN_POINT('',(-0.4525,-0.3635719742458,1.1));
#17507=CARTESIAN_POINT('',(-0.4525,-0.3635719742458,1.1));
#17508=CARTESIAN_POINT('',(-0.1825,0.5978315746582,1.290467427172));
#17509=CARTESIAN_POINT('',(-0.3175,0.695,1.3));
#17510=CARTESIAN_POINT('',(-0.1825,0.695,1.3));
#17511=CARTESIAN_POINT('',(-0.4525,0.695,1.3));
#17512=CARTESIAN_POINT('',(-0.4525,0.695,0.8));
#17513=CARTESIAN_POINT('',(-0.1825,0.695,0.8));
#17514=CARTESIAN_POINT('',(-0.1825,0.695,0.8));
#17515=CARTESIAN_POINT('',(-0.4525,1.304432608048,1.1));
#17516=CARTESIAN_POINT('',(-0.4525,1.304432608048,1.1));
#17517=CARTESIAN_POINT('',(-0.4525,0.875728179376,1.266194514317));
#17518=CARTESIAN_POINT('',(-0.1825,0.875728179376,1.266194514317));
#17519=CARTESIAN_POINT('',(-0.1825,0.875728179376,1.266194514317));
#17520=CARTESIAN_POINT('',(-0.1825,1.304432608048,1.1));
#17521=CARTESIAN_POINT('',(-0.1825,1.304432608048,1.1));
#17522=CARTESIAN_POINT('',(-0.4525,1.304432608048,1.1));
#17523=CARTESIAN_POINT('',(-0.1825,1.485,1.03));
#17524=CARTESIAN_POINT('',(-0.1825,-1.83275475468,1.170019799193));
#17525=CARTESIAN_POINT('',(-0.1825,-1.83275475468,1.170019799193));
#17526=CARTESIAN_POINT('',(-0.1825,-1.575,1.070818854705));
#17527=CARTESIAN_POINT('',(-0.1825,-1.83275475468,1.170019799193));
#17528=CARTESIAN_POINT('',(-0.4525,-1.83275475468,1.170019799193));
#17529=CARTESIAN_POINT('',(-0.4525,-1.83275475468,1.170019799193));
#17530=CARTESIAN_POINT('',(-0.4525,-1.575,1.070818854705));
#17531=CARTESIAN_POINT('',(-0.4525,-1.575,1.070818854705));
#17532=CARTESIAN_POINT('',(-0.1825,-1.83275475468,1.170019799193));
#17533=CARTESIAN_POINT('',(-0.1825,-2.025,1.45));
#17534=CARTESIAN_POINT('',(-0.1825,-2.025,1.45));
#17535=CARTESIAN_POINT('',(-0.4525,-2.025,1.45));
#17536=CARTESIAN_POINT('',(-0.4525,-1.725,1.45));
#17537=CARTESIAN_POINT('',(-0.1825,-1.725,1.45));
#17538=CARTESIAN_POINT('',(-0.1825,-1.725,1.45));
#17539=CARTESIAN_POINT('',(-0.1825,-2.025,2.95));
#17540=CARTESIAN_POINT('',(-0.1825,-2.025,2.95));
#17541=CARTESIAN_POINT('',(-0.4525,-2.025,2.95));
#17542=CARTESIAN_POINT('',(-0.4525,-2.025,2.95));
#17543=CARTESIAN_POINT('',(-0.1825,-2.025,2.95));
#17544=CARTESIAN_POINT('',(-0.1825,-2.025,2.95));
#17545=CARTESIAN_POINT('',(-0.1825,-1.975,3.));
#17546=CARTESIAN_POINT('',(-0.1825,-1.975,3.));
#17547=CARTESIAN_POINT('',(-0.4525,-1.975,3.));
#17548=CARTESIAN_POINT('',(-0.4525,-1.975,3.));
#17549=CARTESIAN_POINT('',(-0.1825,-1.975,3.));
#17550=CARTESIAN_POINT('',(-0.1825,-1.975,3.));
#17551=CARTESIAN_POINT('',(-0.1825,-1.975,3.1));
#17552=CARTESIAN_POINT('',(-0.1825,-1.975,3.1));
#17553=CARTESIAN_POINT('',(-0.4525,-1.975,3.1));
#17554=CARTESIAN_POINT('',(-0.4525,-1.975,3.1));
#17555=CARTESIAN_POINT('',(-0.1825,-1.975,3.1));
#17556=CARTESIAN_POINT('',(-0.1825,-1.975,3.1));
#17557=CARTESIAN_POINT('',(-0.1825,-1.825,3.1));
#17558=CARTESIAN_POINT('',(-0.1825,-1.825,3.1));
#17559=CARTESIAN_POINT('',(-0.4525,-1.825,3.1));
#17560=CARTESIAN_POINT('',(-0.4525,-1.825,3.1));
#17561=CARTESIAN_POINT('',(-0.1825,-1.825,3.1));
#17562=CARTESIAN_POINT('',(-0.1825,-1.825,3.1));
#17563=CARTESIAN_POINT('',(-0.1825,-1.825,1.45));
#17564=CARTESIAN_POINT('',(-0.1825,-1.825,1.45));
#17565=CARTESIAN_POINT('',(-0.4525,-1.825,1.45));
#17566=CARTESIAN_POINT('',(-0.4525,-1.825,1.45));
#17567=CARTESIAN_POINT('',(-0.1825,-1.825,1.45));
#17568=CARTESIAN_POINT('',(-0.1825,-1.825,1.45));
#17569=CARTESIAN_POINT('',(-0.1825,-1.76091825156,1.356673266398));
#17570=CARTESIAN_POINT('',(-0.1825,-1.76091825156,1.356673266398));
#17571=CARTESIAN_POINT('',(-0.4525,-1.76091825156,1.356673266398));
#17572=CARTESIAN_POINT('',(-0.4525,-1.725,1.45));
#17573=CARTESIAN_POINT('',(-0.1825,-1.725,1.45));
#17574=CARTESIAN_POINT('',(-0.1825,-1.725,1.45));
#17575=CARTESIAN_POINT('',(-0.4525,-1.575,1.285119722506));
#17576=CARTESIAN_POINT('',(-0.4525,-1.575,1.285119722506));
#17577=CARTESIAN_POINT('',(-0.1825,-1.575,1.285119722506));
#17578=CARTESIAN_POINT('',(-0.1825,-1.575,1.285119722506));
#17579=CARTESIAN_POINT('',(-0.4525,-1.575,1.285119722506));
#17580=CARTESIAN_POINT('',(-0.1825,-1.525,1.265876441308));
#17581=CARTESIAN_POINT('',(-0.1825,-1.825,-1.45));
#17582=CARTESIAN_POINT('',(-0.1825,-1.825,-1.45));
#17583=CARTESIAN_POINT('',(-0.4525,-1.825,-1.45));
#17584=CARTESIAN_POINT('',(-0.4525,-1.725,-1.45));
#17585=CARTESIAN_POINT('',(-0.4525,-1.76091825156,-1.356673266398));
#17586=CARTESIAN_POINT('',(-0.1825,-1.76091825156,-1.356673266398));
#17587=CARTESIAN_POINT('',(-0.1825,-1.76091825156,-1.356673266398));
#17588=CARTESIAN_POINT('',(-0.1825,-1.725,-1.45));
#17589=CARTESIAN_POINT('',(-0.1825,-1.725,-1.45));
#17590=CARTESIAN_POINT('',(-0.1825,-1.825,-3.1));
#17591=CARTESIAN_POINT('',(-0.1825,-1.825,-3.1));
#17592=CARTESIAN_POINT('',(-0.4525,-1.825,-3.1));
#17593=CARTESIAN_POINT('',(-0.4525,-1.825,-3.1));
#17594=CARTESIAN_POINT('',(-0.1825,-1.825,-3.1));
#17595=CARTESIAN_POINT('',(-0.1825,-1.825,-3.1));
#17596=CARTESIAN_POINT('',(-0.1825,-1.975,-3.1));
#17597=CARTESIAN_POINT('',(-0.1825,-1.975,-3.1));
#17598=CARTESIAN_POINT('',(-0.4525,-1.975,-3.1));
#17599=CARTESIAN_POINT('',(-0.4525,-1.975,-3.1));
#17600=CARTESIAN_POINT('',(-0.1825,-1.975,-3.1));
#17601=CARTESIAN_POINT('',(-0.1825,-1.975,-3.1));
#17602=CARTESIAN_POINT('',(-0.1825,-1.975,-3.));
#17603=CARTESIAN_POINT('',(-0.1825,-1.975,-3.));
#17604=CARTESIAN_POINT('',(-0.4525,-1.975,-3.));
#17605=CARTESIAN_POINT('',(-0.4525,-1.975,-3.));
#17606=CARTESIAN_POINT('',(-0.1825,-1.975,-3.));
#17607=CARTESIAN_POINT('',(-0.1825,-1.975,-3.));
#17608=CARTESIAN_POINT('',(-0.1825,-2.025,-2.95));
#17609=CARTESIAN_POINT('',(-0.1825,-2.025,-2.95));
#17610=CARTESIAN_POINT('',(-0.4525,-2.025,-2.95));
#17611=CARTESIAN_POINT('',(-0.4525,-2.025,-2.95));
#17612=CARTESIAN_POINT('',(-0.1825,-2.025,-2.95));
#17613=CARTESIAN_POINT('',(-0.1825,-2.025,-2.95));
#17614=CARTESIAN_POINT('',(-0.1825,-2.025,-1.45));
#17615=CARTESIAN_POINT('',(-0.1825,-2.025,-1.45));
#17616=CARTESIAN_POINT('',(-0.4525,-2.025,-1.45));
#17617=CARTESIAN_POINT('',(-0.4525,-2.025,-1.45));
#17618=CARTESIAN_POINT('',(-0.1825,-2.025,-1.45));
#17619=CARTESIAN_POINT('',(-0.1825,-2.025,-1.45));
#17620=CARTESIAN_POINT('',(-0.1825,-1.83275475468,-1.170019799193));
#17621=CARTESIAN_POINT('',(-0.1825,-1.83275475468,-1.170019799193));
#17622=CARTESIAN_POINT('',(-0.4525,-1.83275475468,-1.170019799193));
#17623=CARTESIAN_POINT('',(-0.4525,-1.725,-1.45));
#17624=CARTESIAN_POINT('',(-0.1825,-1.725,-1.45));
#17625=CARTESIAN_POINT('',(-0.1825,-1.725,-1.45));
#17626=CARTESIAN_POINT('',(-0.4525,-1.575,-1.070818854705));
#17627=CARTESIAN_POINT('',(-0.4525,-1.575,-1.070818854705));
#17628=CARTESIAN_POINT('',(-0.1825,-1.575,-1.070818854705));
#17629=CARTESIAN_POINT('',(-0.1825,-1.575,-1.070818854705));
#17630=CARTESIAN_POINT('',(-0.4525,-1.575,-1.070818854705));
#17631=CARTESIAN_POINT('',(-0.1825,-1.525,-1.051575573507));
#17632=CARTESIAN_POINT('',(-0.4525,0.695,-0.8));
#17633=CARTESIAN_POINT('',(-0.4525,-0.3635719742458,-1.1));
#17634=CARTESIAN_POINT('',(-0.4525,0.,0.));
#17635=CARTESIAN_POINT('',(-0.4525,0.695,0.8));
#17636=CARTESIAN_POINT('',(-0.4525,1.304432608048,1.1));
#17637=CARTESIAN_POINT('',(-0.4525,0.,0.));
#17638=CARTESIAN_POINT('',(-0.4525,-1.575,1.070818854705));
#17639=CARTESIAN_POINT('',(-0.4525,0.,0.));
#17640=CARTESIAN_POINT('',(-0.4525,-1.76091825156,-1.356673266398));
#17641=CARTESIAN_POINT('',(-0.4525,-1.575,-1.285119722506));
#17642=CARTESIAN_POINT('',(-0.4525,-1.575,-1.285119722506));
#17643=CARTESIAN_POINT('',(-0.4525,0.,0.));
#17644=CARTESIAN_POINT('',(-0.1825,-1.76091825156,-1.356673266398));
#17645=CARTESIAN_POINT('',(-0.1825,-1.575,-1.285119722506));
#17646=CARTESIAN_POINT('',(-0.4525,-1.575,-1.285119722506));
#17647=CARTESIAN_POINT('',(-0.1825,-1.76091825156,-1.356673266398));
#17648=CARTESIAN_POINT('',(-0.1825,0.695,-0.8));
#17649=CARTESIAN_POINT('',(-0.1825,1.304432608048,-1.1));
#17650=CARTESIAN_POINT('',(-0.1825,0.,0.));
#17651=CARTESIAN_POINT('',(-0.1825,0.695,0.8));
#17652=CARTESIAN_POINT('',(-0.1825,-0.3635719742458,1.1));
#17653=CARTESIAN_POINT('',(-0.1825,0.,0.));
#17654=CARTESIAN_POINT('',(-0.1825,-1.575,1.070818854705));
#17655=CARTESIAN_POINT('',(-0.1825,0.,0.));
#17656=CARTESIAN_POINT('',(-0.1825,-1.575,-1.285119722506));
#17657=CARTESIAN_POINT('',(-0.1825,0.,0.));
#17658=CARTESIAN_POINT('',(-0.8175,0.875728179376,-1.266194514317));
#17659=CARTESIAN_POINT('',(-0.8175,0.875728179376,-1.266194514317));
#17660=CARTESIAN_POINT('',(-0.8175,1.304432608048,-1.1));
#17661=CARTESIAN_POINT('',(-0.8175,0.875728179376,-1.266194514317));
#17662=CARTESIAN_POINT('',(-1.0875,0.875728179376,-1.266194514317));
#17663=CARTESIAN_POINT('',(-1.0875,0.875728179376,-1.266194514317));
#17664=CARTESIAN_POINT('',(-1.0875,1.304432608048,-1.1));
#17665=CARTESIAN_POINT('',(-1.0875,1.304432608048,-1.1));
#17666=CARTESIAN_POINT('',(-0.8175,0.875728179376,-1.266194514317));
#17667=CARTESIAN_POINT('',(-0.9525,0.695,-1.3));
#17668=CARTESIAN_POINT('',(-1.0875,0.695,-1.3));
#17669=CARTESIAN_POINT('',(-0.8175,0.695,-1.3));
#17670=CARTESIAN_POINT('',(-0.8175,0.695,-0.8));
#17671=CARTESIAN_POINT('',(-0.8175,0.5978315746582,-1.290467427172));
#17672=CARTESIAN_POINT('',(-0.8175,0.5978315746582,-1.290467427172));
#17673=CARTESIAN_POINT('',(-1.0875,0.5978315746582,-1.290467427172));
#17674=CARTESIAN_POINT('',(-1.0875,0.695,-0.8));
#17675=CARTESIAN_POINT('',(-0.8175,0.695,-0.8));
#17676=CARTESIAN_POINT('',(-1.0875,-0.3635719742458,-1.1));
#17677=CARTESIAN_POINT('',(-1.0875,-0.3635719742458,-1.1));
#17678=CARTESIAN_POINT('',(-0.8175,-0.3635719742458,-1.1));
#17679=CARTESIAN_POINT('',(-0.8175,-0.3635719742458,-1.1));
#17680=CARTESIAN_POINT('',(-1.0875,-0.3635719742458,-1.1));
#17681=CARTESIAN_POINT('',(-0.8175,-0.515,-1.07));
#17682=CARTESIAN_POINT('',(-0.8175,0.5978315746582,1.290467427172));
#17683=CARTESIAN_POINT('',(-0.8175,0.5978315746582,1.290467427172));
#17684=CARTESIAN_POINT('',(-0.8175,-0.3635719742458,1.1));
#17685=CARTESIAN_POINT('',(-0.8175,0.5978315746582,1.290467427172));
#17686=CARTESIAN_POINT('',(-1.0875,0.5978315746582,1.290467427172));
#17687=CARTESIAN_POINT('',(-1.0875,0.5978315746582,1.290467427172));
#17688=CARTESIAN_POINT('',(-1.0875,-0.3635719742458,1.1));
#17689=CARTESIAN_POINT('',(-1.0875,-0.3635719742458,1.1));
#17690=CARTESIAN_POINT('',(-0.8175,0.5978315746582,1.290467427172));
#17691=CARTESIAN_POINT('',(-0.9525,0.695,1.3));
#17692=CARTESIAN_POINT('',(-0.8175,0.695,1.3));
#17693=CARTESIAN_POINT('',(-1.0875,0.695,1.3));
#17694=CARTESIAN_POINT('',(-1.0875,0.695,0.8));
#17695=CARTESIAN_POINT('',(-0.8175,0.695,0.8));
#17696=CARTESIAN_POINT('',(-0.8175,0.695,0.8));
#17697=CARTESIAN_POINT('',(-1.0875,1.304432608048,1.1));
#17698=CARTESIAN_POINT('',(-1.0875,1.304432608048,1.1));
#17699=CARTESIAN_POINT('',(-1.0875,0.875728179376,1.266194514317));
#17700=CARTESIAN_POINT('',(-0.8175,0.875728179376,1.266194514317));
#17701=CARTESIAN_POINT('',(-0.8175,0.875728179376,1.266194514317));
#17702=CARTESIAN_POINT('',(-0.8175,1.304432608048,1.1));
#17703=CARTESIAN_POINT('',(-0.8175,1.304432608048,1.1));
#17704=CARTESIAN_POINT('',(-1.0875,1.304432608048,1.1));
#17705=CARTESIAN_POINT('',(-0.8175,1.485,1.03));
#17706=CARTESIAN_POINT('',(-0.8175,-1.83275475468,1.170019799193));
#17707=CARTESIAN_POINT('',(-0.8175,-1.83275475468,1.170019799193));
#17708=CARTESIAN_POINT('',(-0.8175,-1.575,1.070818854705));
#17709=CARTESIAN_POINT('',(-0.8175,-1.83275475468,1.170019799193));
#17710=CARTESIAN_POINT('',(-1.0875,-1.83275475468,1.170019799193));
#17711=CARTESIAN_POINT('',(-1.0875,-1.83275475468,1.170019799193));
#17712=CARTESIAN_POINT('',(-1.0875,-1.575,1.070818854705));
#17713=CARTESIAN_POINT('',(-1.0875,-1.575,1.070818854705));
#17714=CARTESIAN_POINT('',(-0.8175,-1.83275475468,1.170019799193));
#17715=CARTESIAN_POINT('',(-0.8175,-2.025,1.45));
#17716=CARTESIAN_POINT('',(-0.8175,-2.025,1.45));
#17717=CARTESIAN_POINT('',(-1.0875,-2.025,1.45));
#17718=CARTESIAN_POINT('',(-1.0875,-1.725,1.45));
#17719=CARTESIAN_POINT('',(-0.8175,-1.725,1.45));
#17720=CARTESIAN_POINT('',(-0.8175,-1.725,1.45));
#17721=CARTESIAN_POINT('',(-0.8175,-2.025,2.95));
#17722=CARTESIAN_POINT('',(-0.8175,-2.025,2.95));
#17723=CARTESIAN_POINT('',(-1.0875,-2.025,2.95));
#17724=CARTESIAN_POINT('',(-1.0875,-2.025,2.95));
#17725=CARTESIAN_POINT('',(-0.8175,-2.025,2.95));
#17726=CARTESIAN_POINT('',(-0.8175,-2.025,2.95));
#17727=CARTESIAN_POINT('',(-0.8175,-1.975,3.));
#17728=CARTESIAN_POINT('',(-0.8175,-1.975,3.));
#17729=CARTESIAN_POINT('',(-1.0875,-1.975,3.));
#17730=CARTESIAN_POINT('',(-1.0875,-1.975,3.));
#17731=CARTESIAN_POINT('',(-0.8175,-1.975,3.));
#17732=CARTESIAN_POINT('',(-0.8175,-1.975,3.));
#17733=CARTESIAN_POINT('',(-0.8175,-1.975,3.1));
#17734=CARTESIAN_POINT('',(-0.8175,-1.975,3.1));
#17735=CARTESIAN_POINT('',(-1.0875,-1.975,3.1));
#17736=CARTESIAN_POINT('',(-1.0875,-1.975,3.1));
#17737=CARTESIAN_POINT('',(-0.8175,-1.975,3.1));
#17738=CARTESIAN_POINT('',(-0.8175,-1.975,3.1));
#17739=CARTESIAN_POINT('',(-0.8175,-1.825,3.1));
#17740=CARTESIAN_POINT('',(-0.8175,-1.825,3.1));
#17741=CARTESIAN_POINT('',(-1.0875,-1.825,3.1));
#17742=CARTESIAN_POINT('',(-1.0875,-1.825,3.1));
#17743=CARTESIAN_POINT('',(-0.8175,-1.825,3.1));
#17744=CARTESIAN_POINT('',(-0.8175,-1.825,3.1));
#17745=CARTESIAN_POINT('',(-0.8175,-1.825,1.45));
#17746=CARTESIAN_POINT('',(-0.8175,-1.825,1.45));
#17747=CARTESIAN_POINT('',(-1.0875,-1.825,1.45));
#17748=CARTESIAN_POINT('',(-1.0875,-1.825,1.45));
#17749=CARTESIAN_POINT('',(-0.8175,-1.825,1.45));
#17750=CARTESIAN_POINT('',(-0.8175,-1.825,1.45));
#17751=CARTESIAN_POINT('',(-0.8175,-1.76091825156,1.356673266398));
#17752=CARTESIAN_POINT('',(-0.8175,-1.76091825156,1.356673266398));
#17753=CARTESIAN_POINT('',(-1.0875,-1.76091825156,1.356673266398));
#17754=CARTESIAN_POINT('',(-1.0875,-1.725,1.45));
#17755=CARTESIAN_POINT('',(-0.8175,-1.725,1.45));
#17756=CARTESIAN_POINT('',(-0.8175,-1.725,1.45));
#17757=CARTESIAN_POINT('',(-1.0875,-1.575,1.285119722506));
#17758=CARTESIAN_POINT('',(-1.0875,-1.575,1.285119722506));
#17759=CARTESIAN_POINT('',(-0.8175,-1.575,1.285119722506));
#17760=CARTESIAN_POINT('',(-0.8175,-1.575,1.285119722506));
#17761=CARTESIAN_POINT('',(-1.0875,-1.575,1.285119722506));
#17762=CARTESIAN_POINT('',(-0.8175,-1.525,1.265876441308));
#17763=CARTESIAN_POINT('',(-0.8175,-1.825,-1.45));
#17764=CARTESIAN_POINT('',(-0.8175,-1.825,-1.45));
#17765=CARTESIAN_POINT('',(-1.0875,-1.825,-1.45));
#17766=CARTESIAN_POINT('',(-1.0875,-1.725,-1.45));
#17767=CARTESIAN_POINT('',(-1.0875,-1.76091825156,-1.356673266398));
#17768=CARTESIAN_POINT('',(-0.8175,-1.76091825156,-1.356673266398));
#17769=CARTESIAN_POINT('',(-0.8175,-1.76091825156,-1.356673266398));
#17770=CARTESIAN_POINT('',(-0.8175,-1.725,-1.45));
#17771=CARTESIAN_POINT('',(-0.8175,-1.725,-1.45));
#17772=CARTESIAN_POINT('',(-0.8175,-1.825,-3.1));
#17773=CARTESIAN_POINT('',(-0.8175,-1.825,-3.1));
#17774=CARTESIAN_POINT('',(-1.0875,-1.825,-3.1));
#17775=CARTESIAN_POINT('',(-1.0875,-1.825,-3.1));
#17776=CARTESIAN_POINT('',(-0.8175,-1.825,-3.1));
#17777=CARTESIAN_POINT('',(-0.8175,-1.825,-3.1));
#17778=CARTESIAN_POINT('',(-0.8175,-1.975,-3.1));
#17779=CARTESIAN_POINT('',(-0.8175,-1.975,-3.1));
#17780=CARTESIAN_POINT('',(-1.0875,-1.975,-3.1));
#17781=CARTESIAN_POINT('',(-1.0875,-1.975,-3.1));
#17782=CARTESIAN_POINT('',(-0.8175,-1.975,-3.1));
#17783=CARTESIAN_POINT('',(-0.8175,-1.975,-3.1));
#17784=CARTESIAN_POINT('',(-0.8175,-1.975,-3.));
#17785=CARTESIAN_POINT('',(-0.8175,-1.975,-3.));
#17786=CARTESIAN_POINT('',(-1.0875,-1.975,-3.));
#17787=CARTESIAN_POINT('',(-1.0875,-1.975,-3.));
#17788=CARTESIAN_POINT('',(-0.8175,-1.975,-3.));
#17789=CARTESIAN_POINT('',(-0.8175,-1.975,-3.));
#17790=CARTESIAN_POINT('',(-0.8175,-2.025,-2.95));
#17791=CARTESIAN_POINT('',(-0.8175,-2.025,-2.95));
#17792=CARTESIAN_POINT('',(-1.0875,-2.025,-2.95));
#17793=CARTESIAN_POINT('',(-1.0875,-2.025,-2.95));
#17794=CARTESIAN_POINT('',(-0.8175,-2.025,-2.95));
#17795=CARTESIAN_POINT('',(-0.8175,-2.025,-2.95));
#17796=CARTESIAN_POINT('',(-0.8175,-2.025,-1.45));
#17797=CARTESIAN_POINT('',(-0.8175,-2.025,-1.45));
#17798=CARTESIAN_POINT('',(-1.0875,-2.025,-1.45));
#17799=CARTESIAN_POINT('',(-1.0875,-2.025,-1.45));
#17800=CARTESIAN_POINT('',(-0.8175,-2.025,-1.45));
#17801=CARTESIAN_POINT('',(-0.8175,-2.025,-1.45));
#17802=CARTESIAN_POINT('',(-0.8175,-1.83275475468,-1.170019799193));
#17803=CARTESIAN_POINT('',(-0.8175,-1.83275475468,-1.170019799193));
#17804=CARTESIAN_POINT('',(-1.0875,-1.83275475468,-1.170019799193));
#17805=CARTESIAN_POINT('',(-1.0875,-1.725,-1.45));
#17806=CARTESIAN_POINT('',(-0.8175,-1.725,-1.45));
#17807=CARTESIAN_POINT('',(-0.8175,-1.725,-1.45));
#17808=CARTESIAN_POINT('',(-1.0875,-1.575,-1.070818854705));
#17809=CARTESIAN_POINT('',(-1.0875,-1.575,-1.070818854705));
#17810=CARTESIAN_POINT('',(-0.8175,-1.575,-1.070818854705));
#17811=CARTESIAN_POINT('',(-0.8175,-1.575,-1.070818854705));
#17812=CARTESIAN_POINT('',(-1.0875,-1.575,-1.070818854705));
#17813=CARTESIAN_POINT('',(-0.8175,-1.525,-1.051575573507));
#17814=CARTESIAN_POINT('',(-1.0875,0.695,-0.8));
#17815=CARTESIAN_POINT('',(-1.0875,-0.3635719742458,-1.1));
#17816=CARTESIAN_POINT('',(-1.0875,0.,0.));
#17817=CARTESIAN_POINT('',(-1.0875,0.695,0.8));
#17818=CARTESIAN_POINT('',(-1.0875,1.304432608048,1.1));
#17819=CARTESIAN_POINT('',(-1.0875,0.,0.));
#17820=CARTESIAN_POINT('',(-1.0875,-1.575,1.070818854705));
#17821=CARTESIAN_POINT('',(-1.0875,0.,0.));
#17822=CARTESIAN_POINT('',(-1.0875,-1.76091825156,-1.356673266398));
#17823=CARTESIAN_POINT('',(-1.0875,-1.575,-1.285119722506));
#17824=CARTESIAN_POINT('',(-1.0875,-1.575,-1.285119722506));
#17825=CARTESIAN_POINT('',(-1.0875,0.,0.));
#17826=CARTESIAN_POINT('',(-0.8175,-1.76091825156,-1.356673266398));
#17827=CARTESIAN_POINT('',(-0.8175,-1.575,-1.285119722506));
#17828=CARTESIAN_POINT('',(-1.0875,-1.575,-1.285119722506));
#17829=CARTESIAN_POINT('',(-0.8175,-1.76091825156,-1.356673266398));
#17830=CARTESIAN_POINT('',(-0.8175,0.695,-0.8));
#17831=CARTESIAN_POINT('',(-0.8175,1.304432608048,-1.1));
#17832=CARTESIAN_POINT('',(-0.8175,0.,0.));
#17833=CARTESIAN_POINT('',(-0.8175,0.695,0.8));
#17834=CARTESIAN_POINT('',(-0.8175,-0.3635719742458,1.1));
#17835=CARTESIAN_POINT('',(-0.8175,0.,0.));
#17836=CARTESIAN_POINT('',(-0.8175,-1.575,1.070818854705));
#17837=CARTESIAN_POINT('',(-0.8175,0.,0.));
#17838=CARTESIAN_POINT('',(-0.8175,-1.575,-1.285119722506));
#17839=CARTESIAN_POINT('',(-0.8175,0.,0.));
#17840=CARTESIAN_POINT('',(-1.4525,0.875728179376,-1.266194514317));
#17841=CARTESIAN_POINT('',(-1.4525,0.875728179376,-1.266194514317));
#17842=CARTESIAN_POINT('',(-1.4525,1.304432608048,-1.1));
#17843=CARTESIAN_POINT('',(-1.4525,0.875728179376,-1.266194514317));
#17844=CARTESIAN_POINT('',(-1.7225,0.875728179376,-1.266194514317));
#17845=CARTESIAN_POINT('',(-1.7225,0.875728179376,-1.266194514317));
#17846=CARTESIAN_POINT('',(-1.7225,1.304432608048,-1.1));
#17847=CARTESIAN_POINT('',(-1.7225,1.304432608048,-1.1));
#17848=CARTESIAN_POINT('',(-1.4525,0.875728179376,-1.266194514317));
#17849=CARTESIAN_POINT('',(-1.5875,0.695,-1.3));
#17850=CARTESIAN_POINT('',(-1.7225,0.695,-1.3));
#17851=CARTESIAN_POINT('',(-1.4525,0.695,-1.3));
#17852=CARTESIAN_POINT('',(-1.4525,0.695,-0.8));
#17853=CARTESIAN_POINT('',(-1.4525,0.5978315746582,-1.290467427172));
#17854=CARTESIAN_POINT('',(-1.4525,0.5978315746582,-1.290467427172));
#17855=CARTESIAN_POINT('',(-1.7225,0.5978315746582,-1.290467427172));
#17856=CARTESIAN_POINT('',(-1.7225,0.695,-0.8));
#17857=CARTESIAN_POINT('',(-1.4525,0.695,-0.8));
#17858=CARTESIAN_POINT('',(-1.7225,-0.3635719742458,-1.1));
#17859=CARTESIAN_POINT('',(-1.7225,-0.3635719742458,-1.1));
#17860=CARTESIAN_POINT('',(-1.4525,-0.3635719742458,-1.1));
#17861=CARTESIAN_POINT('',(-1.4525,-0.3635719742458,-1.1));
#17862=CARTESIAN_POINT('',(-1.7225,-0.3635719742458,-1.1));
#17863=CARTESIAN_POINT('',(-1.4525,-0.515,-1.07));
#17864=CARTESIAN_POINT('',(-1.4525,0.5978315746582,1.290467427172));
#17865=CARTESIAN_POINT('',(-1.4525,0.5978315746582,1.290467427172));
#17866=CARTESIAN_POINT('',(-1.4525,-0.3635719742458,1.1));
#17867=CARTESIAN_POINT('',(-1.4525,0.5978315746582,1.290467427172));
#17868=CARTESIAN_POINT('',(-1.7225,0.5978315746582,1.290467427172));
#17869=CARTESIAN_POINT('',(-1.7225,0.5978315746582,1.290467427172));
#17870=CARTESIAN_POINT('',(-1.7225,-0.3635719742458,1.1));
#17871=CARTESIAN_POINT('',(-1.7225,-0.3635719742458,1.1));
#17872=CARTESIAN_POINT('',(-1.4525,0.5978315746582,1.290467427172));
#17873=CARTESIAN_POINT('',(-1.5875,0.695,1.3));
#17874=CARTESIAN_POINT('',(-1.4525,0.695,1.3));
#17875=CARTESIAN_POINT('',(-1.7225,0.695,1.3));
#17876=CARTESIAN_POINT('',(-1.7225,0.695,0.8));
#17877=CARTESIAN_POINT('',(-1.4525,0.695,0.8));
#17878=CARTESIAN_POINT('',(-1.4525,0.695,0.8));
#17879=CARTESIAN_POINT('',(-1.7225,1.304432608048,1.1));
#17880=CARTESIAN_POINT('',(-1.7225,1.304432608048,1.1));
#17881=CARTESIAN_POINT('',(-1.7225,0.875728179376,1.266194514317));
#17882=CARTESIAN_POINT('',(-1.4525,0.875728179376,1.266194514317));
#17883=CARTESIAN_POINT('',(-1.4525,0.875728179376,1.266194514317));
#17884=CARTESIAN_POINT('',(-1.4525,1.304432608048,1.1));
#17885=CARTESIAN_POINT('',(-1.4525,1.304432608048,1.1));
#17886=CARTESIAN_POINT('',(-1.7225,1.304432608048,1.1));
#17887=CARTESIAN_POINT('',(-1.4525,1.485,1.03));
#17888=CARTESIAN_POINT('',(-1.4525,-1.83275475468,1.170019799193));
#17889=CARTESIAN_POINT('',(-1.4525,-1.83275475468,1.170019799193));
#17890=CARTESIAN_POINT('',(-1.4525,-1.575,1.070818854705));
#17891=CARTESIAN_POINT('',(-1.4525,-1.83275475468,1.170019799193));
#17892=CARTESIAN_POINT('',(-1.7225,-1.83275475468,1.170019799193));
#17893=CARTESIAN_POINT('',(-1.7225,-1.83275475468,1.170019799193));
#17894=CARTESIAN_POINT('',(-1.7225,-1.575,1.070818854705));
#17895=CARTESIAN_POINT('',(-1.7225,-1.575,1.070818854705));
#17896=CARTESIAN_POINT('',(-1.4525,-1.83275475468,1.170019799193));
#17897=CARTESIAN_POINT('',(-1.4525,-2.025,1.45));
#17898=CARTESIAN_POINT('',(-1.4525,-2.025,1.45));
#17899=CARTESIAN_POINT('',(-1.7225,-2.025,1.45));
#17900=CARTESIAN_POINT('',(-1.7225,-1.725,1.45));
#17901=CARTESIAN_POINT('',(-1.4525,-1.725,1.45));
#17902=CARTESIAN_POINT('',(-1.4525,-1.725,1.45));
#17903=CARTESIAN_POINT('',(-1.4525,-2.025,2.95));
#17904=CARTESIAN_POINT('',(-1.4525,-2.025,2.95));
#17905=CARTESIAN_POINT('',(-1.7225,-2.025,2.95));
#17906=CARTESIAN_POINT('',(-1.7225,-2.025,2.95));
#17907=CARTESIAN_POINT('',(-1.4525,-2.025,2.95));
#17908=CARTESIAN_POINT('',(-1.4525,-2.025,2.95));
#17909=CARTESIAN_POINT('',(-1.4525,-1.975,3.));
#17910=CARTESIAN_POINT('',(-1.4525,-1.975,3.));
#17911=CARTESIAN_POINT('',(-1.7225,-1.975,3.));
#17912=CARTESIAN_POINT('',(-1.7225,-1.975,3.));
#17913=CARTESIAN_POINT('',(-1.4525,-1.975,3.));
#17914=CARTESIAN_POINT('',(-1.4525,-1.975,3.));
#17915=CARTESIAN_POINT('',(-1.4525,-1.975,3.1));
#17916=CARTESIAN_POINT('',(-1.4525,-1.975,3.1));
#17917=CARTESIAN_POINT('',(-1.7225,-1.975,3.1));
#17918=CARTESIAN_POINT('',(-1.7225,-1.975,3.1));
#17919=CARTESIAN_POINT('',(-1.4525,-1.975,3.1));
#17920=CARTESIAN_POINT('',(-1.4525,-1.975,3.1));
#17921=CARTESIAN_POINT('',(-1.4525,-1.825,3.1));
#17922=CARTESIAN_POINT('',(-1.4525,-1.825,3.1));
#17923=CARTESIAN_POINT('',(-1.7225,-1.825,3.1));
#17924=CARTESIAN_POINT('',(-1.7225,-1.825,3.1));
#17925=CARTESIAN_POINT('',(-1.4525,-1.825,3.1));
#17926=CARTESIAN_POINT('',(-1.4525,-1.825,3.1));
#17927=CARTESIAN_POINT('',(-1.4525,-1.825,1.45));
#17928=CARTESIAN_POINT('',(-1.4525,-1.825,1.45));
#17929=CARTESIAN_POINT('',(-1.7225,-1.825,1.45));
#17930=CARTESIAN_POINT('',(-1.7225,-1.825,1.45));
#17931=CARTESIAN_POINT('',(-1.4525,-1.825,1.45));
#17932=CARTESIAN_POINT('',(-1.4525,-1.825,1.45));
#17933=CARTESIAN_POINT('',(-1.4525,-1.76091825156,1.356673266398));
#17934=CARTESIAN_POINT('',(-1.4525,-1.76091825156,1.356673266398));
#17935=CARTESIAN_POINT('',(-1.7225,-1.76091825156,1.356673266398));
#17936=CARTESIAN_POINT('',(-1.7225,-1.725,1.45));
#17937=CARTESIAN_POINT('',(-1.4525,-1.725,1.45));
#17938=CARTESIAN_POINT('',(-1.4525,-1.725,1.45));
#17939=CARTESIAN_POINT('',(-1.7225,-1.575,1.285119722506));
#17940=CARTESIAN_POINT('',(-1.7225,-1.575,1.285119722506));
#17941=CARTESIAN_POINT('',(-1.4525,-1.575,1.285119722506));
#17942=CARTESIAN_POINT('',(-1.4525,-1.575,1.285119722506));
#17943=CARTESIAN_POINT('',(-1.7225,-1.575,1.285119722506));
#17944=CARTESIAN_POINT('',(-1.4525,-1.525,1.265876441308));
#17945=CARTESIAN_POINT('',(-1.4525,-1.825,-1.45));
#17946=CARTESIAN_POINT('',(-1.4525,-1.825,-1.45));
#17947=CARTESIAN_POINT('',(-1.7225,-1.825,-1.45));
#17948=CARTESIAN_POINT('',(-1.7225,-1.725,-1.45));
#17949=CARTESIAN_POINT('',(-1.7225,-1.76091825156,-1.356673266398));
#17950=CARTESIAN_POINT('',(-1.4525,-1.76091825156,-1.356673266398));
#17951=CARTESIAN_POINT('',(-1.4525,-1.76091825156,-1.356673266398));
#17952=CARTESIAN_POINT('',(-1.4525,-1.725,-1.45));
#17953=CARTESIAN_POINT('',(-1.4525,-1.725,-1.45));
#17954=CARTESIAN_POINT('',(-1.4525,-1.825,-3.1));
#17955=CARTESIAN_POINT('',(-1.4525,-1.825,-3.1));
#17956=CARTESIAN_POINT('',(-1.7225,-1.825,-3.1));
#17957=CARTESIAN_POINT('',(-1.7225,-1.825,-3.1));
#17958=CARTESIAN_POINT('',(-1.4525,-1.825,-3.1));
#17959=CARTESIAN_POINT('',(-1.4525,-1.825,-3.1));
#17960=CARTESIAN_POINT('',(-1.4525,-1.975,-3.1));
#17961=CARTESIAN_POINT('',(-1.4525,-1.975,-3.1));
#17962=CARTESIAN_POINT('',(-1.7225,-1.975,-3.1));
#17963=CARTESIAN_POINT('',(-1.7225,-1.975,-3.1));
#17964=CARTESIAN_POINT('',(-1.4525,-1.975,-3.1));
#17965=CARTESIAN_POINT('',(-1.4525,-1.975,-3.1));
#17966=CARTESIAN_POINT('',(-1.4525,-1.975,-3.));
#17967=CARTESIAN_POINT('',(-1.4525,-1.975,-3.));
#17968=CARTESIAN_POINT('',(-1.7225,-1.975,-3.));
#17969=CARTESIAN_POINT('',(-1.7225,-1.975,-3.));
#17970=CARTESIAN_POINT('',(-1.4525,-1.975,-3.));
#17971=CARTESIAN_POINT('',(-1.4525,-1.975,-3.));
#17972=CARTESIAN_POINT('',(-1.4525,-2.025,-2.95));
#17973=CARTESIAN_POINT('',(-1.4525,-2.025,-2.95));
#17974=CARTESIAN_POINT('',(-1.7225,-2.025,-2.95));
#17975=CARTESIAN_POINT('',(-1.7225,-2.025,-2.95));
#17976=CARTESIAN_POINT('',(-1.4525,-2.025,-2.95));
#17977=CARTESIAN_POINT('',(-1.4525,-2.025,-2.95));
#17978=CARTESIAN_POINT('',(-1.4525,-2.025,-1.45));
#17979=CARTESIAN_POINT('',(-1.4525,-2.025,-1.45));
#17980=CARTESIAN_POINT('',(-1.7225,-2.025,-1.45));
#17981=CARTESIAN_POINT('',(-1.7225,-2.025,-1.45));
#17982=CARTESIAN_POINT('',(-1.4525,-2.025,-1.45));
#17983=CARTESIAN_POINT('',(-1.4525,-2.025,-1.45));
#17984=CARTESIAN_POINT('',(-1.4525,-1.83275475468,-1.170019799193));
#17985=CARTESIAN_POINT('',(-1.4525,-1.83275475468,-1.170019799193));
#17986=CARTESIAN_POINT('',(-1.7225,-1.83275475468,-1.170019799193));
#17987=CARTESIAN_POINT('',(-1.7225,-1.725,-1.45));
#17988=CARTESIAN_POINT('',(-1.4525,-1.725,-1.45));
#17989=CARTESIAN_POINT('',(-1.4525,-1.725,-1.45));
#17990=CARTESIAN_POINT('',(-1.7225,-1.575,-1.070818854705));
#17991=CARTESIAN_POINT('',(-1.7225,-1.575,-1.070818854705));
#17992=CARTESIAN_POINT('',(-1.4525,-1.575,-1.070818854705));
#17993=CARTESIAN_POINT('',(-1.4525,-1.575,-1.070818854705));
#17994=CARTESIAN_POINT('',(-1.7225,-1.575,-1.070818854705));
#17995=CARTESIAN_POINT('',(-1.4525,-1.525,-1.051575573507));
#17996=CARTESIAN_POINT('',(-1.7225,0.695,-0.8));
#17997=CARTESIAN_POINT('',(-1.7225,-0.3635719742458,-1.1));
#17998=CARTESIAN_POINT('',(-1.7225,0.,0.));
#17999=CARTESIAN_POINT('',(-1.7225,0.695,0.8));
#18000=CARTESIAN_POINT('',(-1.7225,1.304432608048,1.1));
#18001=CARTESIAN_POINT('',(-1.7225,0.,0.));
#18002=CARTESIAN_POINT('',(-1.7225,-1.575,1.070818854705));
#18003=CARTESIAN_POINT('',(-1.7225,0.,0.));
#18004=CARTESIAN_POINT('',(-1.7225,-1.76091825156,-1.356673266398));
#18005=CARTESIAN_POINT('',(-1.7225,-1.575,-1.285119722506));
#18006=CARTESIAN_POINT('',(-1.7225,-1.575,-1.285119722506));
#18007=CARTESIAN_POINT('',(-1.7225,0.,0.));
#18008=CARTESIAN_POINT('',(-1.4525,-1.76091825156,-1.356673266398));
#18009=CARTESIAN_POINT('',(-1.4525,-1.575,-1.285119722506));
#18010=CARTESIAN_POINT('',(-1.7225,-1.575,-1.285119722506));
#18011=CARTESIAN_POINT('',(-1.4525,-1.76091825156,-1.356673266398));
#18012=CARTESIAN_POINT('',(-1.4525,0.695,-0.8));
#18013=CARTESIAN_POINT('',(-1.4525,1.304432608048,-1.1));
#18014=CARTESIAN_POINT('',(-1.4525,0.,0.));
#18015=CARTESIAN_POINT('',(-1.4525,0.695,0.8));
#18016=CARTESIAN_POINT('',(-1.4525,-0.3635719742458,1.1));
#18017=CARTESIAN_POINT('',(-1.4525,0.,0.));
#18018=CARTESIAN_POINT('',(-1.4525,-1.575,1.070818854705));
#18019=CARTESIAN_POINT('',(-1.4525,0.,0.));
#18020=CARTESIAN_POINT('',(-1.4525,-1.575,-1.285119722506));
#18021=CARTESIAN_POINT('',(-1.4525,0.,0.));
#18022=CARTESIAN_POINT('',(-2.0875,0.875728179376,-1.266194514317));
#18023=CARTESIAN_POINT('',(-2.0875,0.875728179376,-1.266194514317));
#18024=CARTESIAN_POINT('',(-2.0875,1.304432608048,-1.1));
#18025=CARTESIAN_POINT('',(-2.0875,0.875728179376,-1.266194514317));
#18026=CARTESIAN_POINT('',(-2.3575,0.875728179376,-1.266194514317));
#18027=CARTESIAN_POINT('',(-2.3575,0.875728179376,-1.266194514317));
#18028=CARTESIAN_POINT('',(-2.3575,1.304432608048,-1.1));
#18029=CARTESIAN_POINT('',(-2.3575,1.304432608048,-1.1));
#18030=CARTESIAN_POINT('',(-2.0875,0.875728179376,-1.266194514317));
#18031=CARTESIAN_POINT('',(-2.2225,0.695,-1.3));
#18032=CARTESIAN_POINT('',(-2.3575,0.695,-1.3));
#18033=CARTESIAN_POINT('',(-2.0875,0.695,-1.3));
#18034=CARTESIAN_POINT('',(-2.0875,0.695,-0.8));
#18035=CARTESIAN_POINT('',(-2.0875,0.5978315746582,-1.290467427172));
#18036=CARTESIAN_POINT('',(-2.0875,0.5978315746582,-1.290467427172));
#18037=CARTESIAN_POINT('',(-2.3575,0.5978315746582,-1.290467427172));
#18038=CARTESIAN_POINT('',(-2.3575,0.695,-0.8));
#18039=CARTESIAN_POINT('',(-2.0875,0.695,-0.8));
#18040=CARTESIAN_POINT('',(-2.3575,-0.3635719742458,-1.1));
#18041=CARTESIAN_POINT('',(-2.3575,-0.3635719742458,-1.1));
#18042=CARTESIAN_POINT('',(-2.0875,-0.3635719742458,-1.1));
#18043=CARTESIAN_POINT('',(-2.0875,-0.3635719742458,-1.1));
#18044=CARTESIAN_POINT('',(-2.3575,-0.3635719742458,-1.1));
#18045=CARTESIAN_POINT('',(-2.0875,-0.515,-1.07));
#18046=CARTESIAN_POINT('',(-2.0875,0.5978315746582,1.290467427172));
#18047=CARTESIAN_POINT('',(-2.0875,0.5978315746582,1.290467427172));
#18048=CARTESIAN_POINT('',(-2.0875,-0.3635719742458,1.1));
#18049=CARTESIAN_POINT('',(-2.0875,0.5978315746582,1.290467427172));
#18050=CARTESIAN_POINT('',(-2.3575,0.5978315746582,1.290467427172));
#18051=CARTESIAN_POINT('',(-2.3575,0.5978315746582,1.290467427172));
#18052=CARTESIAN_POINT('',(-2.3575,-0.3635719742458,1.1));
#18053=CARTESIAN_POINT('',(-2.3575,-0.3635719742458,1.1));
#18054=CARTESIAN_POINT('',(-2.0875,0.5978315746582,1.290467427172));
#18055=CARTESIAN_POINT('',(-2.2225,0.695,1.3));
#18056=CARTESIAN_POINT('',(-2.0875,0.695,1.3));
#18057=CARTESIAN_POINT('',(-2.3575,0.695,1.3));
#18058=CARTESIAN_POINT('',(-2.3575,0.695,0.8));
#18059=CARTESIAN_POINT('',(-2.0875,0.695,0.8));
#18060=CARTESIAN_POINT('',(-2.0875,0.695,0.8));
#18061=CARTESIAN_POINT('',(-2.3575,1.304432608048,1.1));
#18062=CARTESIAN_POINT('',(-2.3575,1.304432608048,1.1));
#18063=CARTESIAN_POINT('',(-2.3575,0.875728179376,1.266194514317));
#18064=CARTESIAN_POINT('',(-2.0875,0.875728179376,1.266194514317));
#18065=CARTESIAN_POINT('',(-2.0875,0.875728179376,1.266194514317));
#18066=CARTESIAN_POINT('',(-2.0875,1.304432608048,1.1));
#18067=CARTESIAN_POINT('',(-2.0875,1.304432608048,1.1));
#18068=CARTESIAN_POINT('',(-2.3575,1.304432608048,1.1));
#18069=CARTESIAN_POINT('',(-2.0875,1.485,1.03));
#18070=CARTESIAN_POINT('',(-2.0875,-1.83275475468,1.170019799193));
#18071=CARTESIAN_POINT('',(-2.0875,-1.83275475468,1.170019799193));
#18072=CARTESIAN_POINT('',(-2.0875,-1.575,1.070818854705));
#18073=CARTESIAN_POINT('',(-2.0875,-1.83275475468,1.170019799193));
#18074=CARTESIAN_POINT('',(-2.3575,-1.83275475468,1.170019799193));
#18075=CARTESIAN_POINT('',(-2.3575,-1.83275475468,1.170019799193));
#18076=CARTESIAN_POINT('',(-2.3575,-1.575,1.070818854705));
#18077=CARTESIAN_POINT('',(-2.3575,-1.575,1.070818854705));
#18078=CARTESIAN_POINT('',(-2.0875,-1.83275475468,1.170019799193));
#18079=CARTESIAN_POINT('',(-2.0875,-2.025,1.45));
#18080=CARTESIAN_POINT('',(-2.0875,-2.025,1.45));
#18081=CARTESIAN_POINT('',(-2.3575,-2.025,1.45));
#18082=CARTESIAN_POINT('',(-2.3575,-1.725,1.45));
#18083=CARTESIAN_POINT('',(-2.0875,-1.725,1.45));
#18084=CARTESIAN_POINT('',(-2.0875,-1.725,1.45));
#18085=CARTESIAN_POINT('',(-2.0875,-2.025,2.95));
#18086=CARTESIAN_POINT('',(-2.0875,-2.025,2.95));
#18087=CARTESIAN_POINT('',(-2.3575,-2.025,2.95));
#18088=CARTESIAN_POINT('',(-2.3575,-2.025,2.95));
#18089=CARTESIAN_POINT('',(-2.0875,-2.025,2.95));
#18090=CARTESIAN_POINT('',(-2.0875,-2.025,2.95));
#18091=CARTESIAN_POINT('',(-2.0875,-1.975,3.));
#18092=CARTESIAN_POINT('',(-2.0875,-1.975,3.));
#18093=CARTESIAN_POINT('',(-2.3575,-1.975,3.));
#18094=CARTESIAN_POINT('',(-2.3575,-1.975,3.));
#18095=CARTESIAN_POINT('',(-2.0875,-1.975,3.));
#18096=CARTESIAN_POINT('',(-2.0875,-1.975,3.));
#18097=CARTESIAN_POINT('',(-2.0875,-1.975,3.1));
#18098=CARTESIAN_POINT('',(-2.0875,-1.975,3.1));
#18099=CARTESIAN_POINT('',(-2.3575,-1.975,3.1));
#18100=CARTESIAN_POINT('',(-2.3575,-1.975,3.1));
#18101=CARTESIAN_POINT('',(-2.0875,-1.975,3.1));
#18102=CARTESIAN_POINT('',(-2.0875,-1.975,3.1));
#18103=CARTESIAN_POINT('',(-2.0875,-1.825,3.1));
#18104=CARTESIAN_POINT('',(-2.0875,-1.825,3.1));
#18105=CARTESIAN_POINT('',(-2.3575,-1.825,3.1));
#18106=CARTESIAN_POINT('',(-2.3575,-1.825,3.1));
#18107=CARTESIAN_POINT('',(-2.0875,-1.825,3.1));
#18108=CARTESIAN_POINT('',(-2.0875,-1.825,3.1));
#18109=CARTESIAN_POINT('',(-2.0875,-1.825,1.45));
#18110=CARTESIAN_POINT('',(-2.0875,-1.825,1.45));
#18111=CARTESIAN_POINT('',(-2.3575,-1.825,1.45));
#18112=CARTESIAN_POINT('',(-2.3575,-1.825,1.45));
#18113=CARTESIAN_POINT('',(-2.0875,-1.825,1.45));
#18114=CARTESIAN_POINT('',(-2.0875,-1.825,1.45));
#18115=CARTESIAN_POINT('',(-2.0875,-1.76091825156,1.356673266398));
#18116=CARTESIAN_POINT('',(-2.0875,-1.76091825156,1.356673266398));
#18117=CARTESIAN_POINT('',(-2.3575,-1.76091825156,1.356673266398));
#18118=CARTESIAN_POINT('',(-2.3575,-1.725,1.45));
#18119=CARTESIAN_POINT('',(-2.0875,-1.725,1.45));
#18120=CARTESIAN_POINT('',(-2.0875,-1.725,1.45));
#18121=CARTESIAN_POINT('',(-2.3575,-1.575,1.285119722506));
#18122=CARTESIAN_POINT('',(-2.3575,-1.575,1.285119722506));
#18123=CARTESIAN_POINT('',(-2.0875,-1.575,1.285119722506));
#18124=CARTESIAN_POINT('',(-2.0875,-1.575,1.285119722506));
#18125=CARTESIAN_POINT('',(-2.3575,-1.575,1.285119722506));
#18126=CARTESIAN_POINT('',(-2.0875,-1.525,1.265876441308));
#18127=CARTESIAN_POINT('',(-2.3575,0.695,-0.8));
#18128=CARTESIAN_POINT('',(-2.3575,-0.3635719742458,-1.1));
#18129=CARTESIAN_POINT('',(-2.3575,0.,0.));
#18130=CARTESIAN_POINT('',(-2.3575,0.695,0.8));
#18131=CARTESIAN_POINT('',(-2.3575,1.304432608048,1.1));
#18132=CARTESIAN_POINT('',(-2.3575,0.,0.));
#18133=CARTESIAN_POINT('',(-2.3575,-1.575,1.070818854705));
#18134=CARTESIAN_POINT('',(-2.3575,0.,0.));
#18135=CARTESIAN_POINT('',(-2.3575,-1.76091825156,-1.356673266398));
#18136=CARTESIAN_POINT('',(-2.3575,-1.76091825156,-1.356673266398));
#18137=CARTESIAN_POINT('',(-2.3575,-1.575,-1.285119722506));
#18138=CARTESIAN_POINT('',(-2.3575,-1.725,-1.45));
#18139=CARTESIAN_POINT('',(-2.3575,-1.825,-1.45));
#18140=CARTESIAN_POINT('',(-2.3575,-1.825,-3.1));
#18141=CARTESIAN_POINT('',(-2.3575,-1.825,-3.1));
#18142=CARTESIAN_POINT('',(-2.3575,-1.975,-3.1));
#18143=CARTESIAN_POINT('',(-2.3575,-1.975,-3.1));
#18144=CARTESIAN_POINT('',(-2.3575,-1.975,-3.));
#18145=CARTESIAN_POINT('',(-2.3575,-1.975,-3.));
#18146=CARTESIAN_POINT('',(-2.3575,-2.025,-2.95));
#18147=CARTESIAN_POINT('',(-2.3575,-2.025,-2.95));
#18148=CARTESIAN_POINT('',(-2.3575,-2.025,-1.45));
#18149=CARTESIAN_POINT('',(-2.3575,-2.025,-1.45));
#18150=CARTESIAN_POINT('',(-2.3575,-1.725,-1.45));
#18151=CARTESIAN_POINT('',(-2.3575,-1.83275475468,-1.170019799193));
#18152=CARTESIAN_POINT('',(-2.3575,-1.575,-1.070818854705));
#18153=CARTESIAN_POINT('',(-2.3575,-1.575,-1.070818854705));
#18154=CARTESIAN_POINT('',(-2.3575,-1.575,-1.285119722506));
#18155=CARTESIAN_POINT('',(-2.3575,0.,0.));
#18156=CARTESIAN_POINT('',(-2.0875,-1.76091825156,-1.356673266398));
#18157=CARTESIAN_POINT('',(-2.0875,-1.76091825156,-1.356673266398));
#18158=CARTESIAN_POINT('',(-2.0875,-1.575,-1.285119722506));
#18159=CARTESIAN_POINT('',(-2.0875,-1.76091825156,-1.356673266398));
#18160=CARTESIAN_POINT('',(-2.3575,-1.575,-1.285119722506));
#18161=CARTESIAN_POINT('',(-2.0875,-1.76091825156,-1.356673266398));
#18162=CARTESIAN_POINT('',(-2.0875,-1.825,-1.45));
#18163=CARTESIAN_POINT('',(-2.0875,-1.825,-1.45));
#18164=CARTESIAN_POINT('',(-2.0875,-1.725,-1.45));
#18165=CARTESIAN_POINT('',(-2.0875,-1.725,-1.45));
#18166=CARTESIAN_POINT('',(-2.0875,-1.825,-3.1));
#18167=CARTESIAN_POINT('',(-2.0875,-1.825,-3.1));
#18168=CARTESIAN_POINT('',(-2.0875,-1.825,-3.1));
#18169=CARTESIAN_POINT('',(-2.0875,-1.825,-3.1));
#18170=CARTESIAN_POINT('',(-2.0875,-1.975,-3.1));
#18171=CARTESIAN_POINT('',(-2.0875,-1.975,-3.1));
#18172=CARTESIAN_POINT('',(-2.0875,-1.975,-3.1));
#18173=CARTESIAN_POINT('',(-2.0875,-1.975,-3.1));
#18174=CARTESIAN_POINT('',(-2.0875,-1.975,-3.));
#18175=CARTESIAN_POINT('',(-2.0875,-1.975,-3.));
#18176=CARTESIAN_POINT('',(-2.0875,-1.975,-3.));
#18177=CARTESIAN_POINT('',(-2.0875,-1.975,-3.));
#18178=CARTESIAN_POINT('',(-2.0875,-2.025,-2.95));
#18179=CARTESIAN_POINT('',(-2.0875,-2.025,-2.95));
#18180=CARTESIAN_POINT('',(-2.0875,-2.025,-2.95));
#18181=CARTESIAN_POINT('',(-2.0875,-2.025,-2.95));
#18182=CARTESIAN_POINT('',(-2.0875,-2.025,-1.45));
#18183=CARTESIAN_POINT('',(-2.0875,-2.025,-1.45));
#18184=CARTESIAN_POINT('',(-2.0875,-2.025,-1.45));
#18185=CARTESIAN_POINT('',(-2.0875,-2.025,-1.45));
#18186=CARTESIAN_POINT('',(-2.0875,-1.83275475468,-1.170019799193));
#18187=CARTESIAN_POINT('',(-2.0875,-1.83275475468,-1.170019799193));
#18188=CARTESIAN_POINT('',(-2.0875,-1.725,-1.45));
#18189=CARTESIAN_POINT('',(-2.0875,-1.725,-1.45));
#18190=CARTESIAN_POINT('',(-2.0875,-1.575,-1.070818854705));
#18191=CARTESIAN_POINT('',(-2.0875,-1.575,-1.070818854705));
#18192=CARTESIAN_POINT('',(-2.3575,-1.575,-1.070818854705));
#18193=CARTESIAN_POINT('',(-2.0875,-1.525,-1.051575573507));
#18194=CARTESIAN_POINT('',(-2.7225,-1.83275475468,1.170019799193));
#18195=CARTESIAN_POINT('',(-2.7225,-1.83275475468,1.170019799193));
#18196=CARTESIAN_POINT('',(-2.9925,-1.83275475468,1.170019799193));
#18197=CARTESIAN_POINT('',(-2.9925,-1.83275475468,1.170019799193));
#18198=CARTESIAN_POINT('',(-2.9925,-1.575,1.070818854705));
#18199=CARTESIAN_POINT('',(-2.9925,-1.575,1.070818854705));
#18200=CARTESIAN_POINT('',(-2.7225,-1.575,1.070818854705));
#18201=CARTESIAN_POINT('',(-2.7225,-1.83275475468,1.170019799193));
#18202=CARTESIAN_POINT('',(-2.7225,-1.83275475468,1.170019799193));
#18203=CARTESIAN_POINT('',(-2.7225,-2.025,1.45));
#18204=CARTESIAN_POINT('',(-2.7225,-2.025,1.45));
#18205=CARTESIAN_POINT('',(-2.9925,-2.025,1.45));
#18206=CARTESIAN_POINT('',(-2.9925,-1.725,1.45));
#18207=CARTESIAN_POINT('',(-2.7225,-1.725,1.45));
#18208=CARTESIAN_POINT('',(-2.7225,-1.725,1.45));
#18209=CARTESIAN_POINT('',(-2.7225,-2.025,2.95));
#18210=CARTESIAN_POINT('',(-2.7225,-2.025,2.95));
#18211=CARTESIAN_POINT('',(-2.9925,-2.025,2.95));
#18212=CARTESIAN_POINT('',(-2.9925,-2.025,2.95));
#18213=CARTESIAN_POINT('',(-2.7225,-2.025,2.95));
#18214=CARTESIAN_POINT('',(-2.7225,-2.025,2.95));
#18215=CARTESIAN_POINT('',(-2.7225,-1.975,3.));
#18216=CARTESIAN_POINT('',(-2.7225,-1.975,3.));
#18217=CARTESIAN_POINT('',(-2.9925,-1.975,3.));
#18218=CARTESIAN_POINT('',(-2.9925,-1.975,3.));
#18219=CARTESIAN_POINT('',(-2.7225,-1.975,3.));
#18220=CARTESIAN_POINT('',(-2.7225,-1.975,3.));
#18221=CARTESIAN_POINT('',(-2.7225,-1.975,3.1));
#18222=CARTESIAN_POINT('',(-2.7225,-1.975,3.1));
#18223=CARTESIAN_POINT('',(-2.9925,-1.975,3.1));
#18224=CARTESIAN_POINT('',(-2.9925,-1.975,3.1));
#18225=CARTESIAN_POINT('',(-2.7225,-1.975,3.1));
#18226=CARTESIAN_POINT('',(-2.7225,-1.975,3.1));
#18227=CARTESIAN_POINT('',(-2.7225,-1.825,3.1));
#18228=CARTESIAN_POINT('',(-2.7225,-1.825,3.1));
#18229=CARTESIAN_POINT('',(-2.9925,-1.825,3.1));
#18230=CARTESIAN_POINT('',(-2.9925,-1.825,3.1));
#18231=CARTESIAN_POINT('',(-2.7225,-1.825,3.1));
#18232=CARTESIAN_POINT('',(-2.7225,-1.825,3.1));
#18233=CARTESIAN_POINT('',(-2.7225,-1.825,1.45));
#18234=CARTESIAN_POINT('',(-2.7225,-1.825,1.45));
#18235=CARTESIAN_POINT('',(-2.9925,-1.825,1.45));
#18236=CARTESIAN_POINT('',(-2.9925,-1.825,1.45));
#18237=CARTESIAN_POINT('',(-2.7225,-1.825,1.45));
#18238=CARTESIAN_POINT('',(-2.7225,-1.825,1.45));
#18239=CARTESIAN_POINT('',(-2.7225,-1.76091825156,1.356673266398));
#18240=CARTESIAN_POINT('',(-2.7225,-1.76091825156,1.356673266398));
#18241=CARTESIAN_POINT('',(-2.9925,-1.76091825156,1.356673266398));
#18242=CARTESIAN_POINT('',(-2.9925,-1.725,1.45));
#18243=CARTESIAN_POINT('',(-2.7225,-1.725,1.45));
#18244=CARTESIAN_POINT('',(-2.7225,-1.725,1.45));
#18245=CARTESIAN_POINT('',(-2.9925,-1.575,1.285119722506));
#18246=CARTESIAN_POINT('',(-2.9925,-1.575,1.285119722506));
#18247=CARTESIAN_POINT('',(-2.7225,-1.575,1.285119722506));
#18248=CARTESIAN_POINT('',(-2.7225,-1.575,1.285119722506));
#18249=CARTESIAN_POINT('',(-2.9925,-1.575,1.285119722506));
#18250=CARTESIAN_POINT('',(-2.7225,-1.525,1.265876441308));
#18251=CARTESIAN_POINT('',(-2.7225,-1.76091825156,-1.356673266398));
#18252=CARTESIAN_POINT('',(-2.7225,-1.76091825156,-1.356673266398));
#18253=CARTESIAN_POINT('',(-2.7225,-1.575,-1.285119722506));
#18254=CARTESIAN_POINT('',(-2.7225,-1.76091825156,-1.356673266398));
#18255=CARTESIAN_POINT('',(-2.9925,-1.76091825156,-1.356673266398));
#18256=CARTESIAN_POINT('',(-2.9925,-1.76091825156,-1.356673266398));
#18257=CARTESIAN_POINT('',(-2.9925,-1.575,-1.285119722506));
#18258=CARTESIAN_POINT('',(-2.9925,-1.575,-1.285119722506));
#18259=CARTESIAN_POINT('',(-2.7225,-1.76091825156,-1.356673266398));
#18260=CARTESIAN_POINT('',(-2.7225,-1.825,-1.45));
#18261=CARTESIAN_POINT('',(-2.7225,-1.825,-1.45));
#18262=CARTESIAN_POINT('',(-2.9925,-1.825,-1.45));
#18263=CARTESIAN_POINT('',(-2.9925,-1.725,-1.45));
#18264=CARTESIAN_POINT('',(-2.7225,-1.725,-1.45));
#18265=CARTESIAN_POINT('',(-2.7225,-1.725,-1.45));
#18266=CARTESIAN_POINT('',(-2.7225,-1.825,-3.1));
#18267=CARTESIAN_POINT('',(-2.7225,-1.825,-3.1));
#18268=CARTESIAN_POINT('',(-2.9925,-1.825,-3.1));
#18269=CARTESIAN_POINT('',(-2.9925,-1.825,-3.1));
#18270=CARTESIAN_POINT('',(-2.7225,-1.825,-3.1));
#18271=CARTESIAN_POINT('',(-2.7225,-1.825,-3.1));
#18272=CARTESIAN_POINT('',(-2.7225,-1.975,-3.1));
#18273=CARTESIAN_POINT('',(-2.7225,-1.975,-3.1));
#18274=CARTESIAN_POINT('',(-2.9925,-1.975,-3.1));
#18275=CARTESIAN_POINT('',(-2.9925,-1.975,-3.1));
#18276=CARTESIAN_POINT('',(-2.7225,-1.975,-3.1));
#18277=CARTESIAN_POINT('',(-2.7225,-1.975,-3.1));
#18278=CARTESIAN_POINT('',(-2.7225,-1.975,-3.));
#18279=CARTESIAN_POINT('',(-2.7225,-1.975,-3.));
#18280=CARTESIAN_POINT('',(-2.9925,-1.975,-3.));
#18281=CARTESIAN_POINT('',(-2.9925,-1.975,-3.));
#18282=CARTESIAN_POINT('',(-2.7225,-1.975,-3.));
#18283=CARTESIAN_POINT('',(-2.7225,-1.975,-3.));
#18284=CARTESIAN_POINT('',(-2.7225,-2.025,-2.95));
#18285=CARTESIAN_POINT('',(-2.7225,-2.025,-2.95));
#18286=CARTESIAN_POINT('',(-2.9925,-2.025,-2.95));
#18287=CARTESIAN_POINT('',(-2.9925,-2.025,-2.95));
#18288=CARTESIAN_POINT('',(-2.7225,-2.025,-2.95));
#18289=CARTESIAN_POINT('',(-2.7225,-2.025,-2.95));
#18290=CARTESIAN_POINT('',(-2.7225,-2.025,-1.45));
#18291=CARTESIAN_POINT('',(-2.7225,-2.025,-1.45));
#18292=CARTESIAN_POINT('',(-2.9925,-2.025,-1.45));
#18293=CARTESIAN_POINT('',(-2.9925,-2.025,-1.45));
#18294=CARTESIAN_POINT('',(-2.7225,-2.025,-1.45));
#18295=CARTESIAN_POINT('',(-2.7225,-2.025,-1.45));
#18296=CARTESIAN_POINT('',(-2.7225,-1.83275475468,-1.170019799193));
#18297=CARTESIAN_POINT('',(-2.7225,-1.83275475468,-1.170019799193));
#18298=CARTESIAN_POINT('',(-2.9925,-1.83275475468,-1.170019799193));
#18299=CARTESIAN_POINT('',(-2.9925,-1.725,-1.45));
#18300=CARTESIAN_POINT('',(-2.7225,-1.725,-1.45));
#18301=CARTESIAN_POINT('',(-2.7225,-1.725,-1.45));
#18302=CARTESIAN_POINT('',(-2.9925,-1.575,-1.070818854705));
#18303=CARTESIAN_POINT('',(-2.9925,-1.575,-1.070818854705));
#18304=CARTESIAN_POINT('',(-2.7225,-1.575,-1.070818854705));
#18305=CARTESIAN_POINT('',(-2.7225,-1.575,-1.070818854705));
#18306=CARTESIAN_POINT('',(-2.9925,-1.575,-1.070818854705));
#18307=CARTESIAN_POINT('',(-2.7225,-1.525,-1.051575573507));
#18308=CARTESIAN_POINT('',(-3.14,-1.725,-0.59));
#18309=CARTESIAN_POINT('',(-3.14,-1.725,-0.59));
#18310=CARTESIAN_POINT('',(-3.14,-1.575,-0.59));
#18311=CARTESIAN_POINT('',(-3.86,-1.575,-0.59));
#18312=CARTESIAN_POINT('',(-3.86,-1.575,-0.59));
#18313=CARTESIAN_POINT('',(-3.86,-1.725,-0.59));
#18314=CARTESIAN_POINT('',(-3.86,-1.725,-0.59));
#18315=CARTESIAN_POINT('',(-3.86,-1.725,-0.59));
#18316=CARTESIAN_POINT('',(-3.86,-1.975,-0.59));
#18317=CARTESIAN_POINT('',(-3.14,-1.725,-1.5));
#18318=CARTESIAN_POINT('',(-3.14,-1.725,-1.5));
#18319=CARTESIAN_POINT('',(-3.14,-1.575,-1.5));
#18320=CARTESIAN_POINT('',(-3.14,-1.575,-0.59));
#18321=CARTESIAN_POINT('',(-3.14,-1.725,-0.59));
#18322=CARTESIAN_POINT('',(-3.14,-1.975,-0.59));
#18323=CARTESIAN_POINT('',(3.14,-1.725,-1.5));
#18324=CARTESIAN_POINT('',(3.14,-1.725,-1.5));
#18325=CARTESIAN_POINT('',(3.14,-1.575,-1.5));
#18326=CARTESIAN_POINT('',(-3.14,-1.575,-1.5));
#18327=CARTESIAN_POINT('',(-3.14,-1.725,-1.5));
#18328=CARTESIAN_POINT('',(-3.14,-1.975,-1.5));
#18329=CARTESIAN_POINT('',(3.14,-1.725,-0.59));
#18330=CARTESIAN_POINT('',(3.14,-1.725,-0.59));
#18331=CARTESIAN_POINT('',(3.14,-1.575,-0.59));
#18332=CARTESIAN_POINT('',(3.14,-1.575,-1.5));
#18333=CARTESIAN_POINT('',(3.14,-1.725,-1.5));
#18334=CARTESIAN_POINT('',(3.14,-1.975,-1.5));
#18335=CARTESIAN_POINT('',(3.86,-1.725,-0.59));
#18336=CARTESIAN_POINT('',(3.86,-1.725,-0.59));
#18337=CARTESIAN_POINT('',(3.86,-1.575,-0.59));
#18338=CARTESIAN_POINT('',(3.14,-1.575,-0.59));
#18339=CARTESIAN_POINT('',(3.14,-1.725,-0.59));
#18340=CARTESIAN_POINT('',(3.14,-1.975,-0.59));
#18341=CARTESIAN_POINT('',(3.86,-1.725,0.59));
#18342=CARTESIAN_POINT('',(3.86,-1.725,0.59));
#18343=CARTESIAN_POINT('',(3.86,-1.575,0.59));
#18344=CARTESIAN_POINT('',(3.86,-1.575,-0.59));
#18345=CARTESIAN_POINT('',(3.86,-1.725,-0.59));
#18346=CARTESIAN_POINT('',(3.86,-1.975,-0.59));
#18347=CARTESIAN_POINT('',(3.14,-1.725,0.59));
#18348=CARTESIAN_POINT('',(3.14,-1.725,0.59));
#18349=CARTESIAN_POINT('',(3.14,-1.575,0.59));
#18350=CARTESIAN_POINT('',(3.86,-1.575,0.59));
#18351=CARTESIAN_POINT('',(3.86,-1.725,0.59));
#18352=CARTESIAN_POINT('',(3.86,-1.975,0.59));
#18353=CARTESIAN_POINT('',(3.14,-1.725,1.5));
#18354=CARTESIAN_POINT('',(3.14,-1.725,1.5));
#18355=CARTESIAN_POINT('',(3.14,-1.575,1.5));
#18356=CARTESIAN_POINT('',(3.14,-1.575,0.59));
#18357=CARTESIAN_POINT('',(3.14,-1.725,0.59));
#18358=CARTESIAN_POINT('',(3.14,-1.975,0.59));
#18359=CARTESIAN_POINT('',(-3.14,-1.725,1.5));
#18360=CARTESIAN_POINT('',(-3.14,-1.725,1.5));
#18361=CARTESIAN_POINT('',(-3.14,-1.575,1.5));
#18362=CARTESIAN_POINT('',(3.14,-1.575,1.5));
#18363=CARTESIAN_POINT('',(3.14,-1.725,1.5));
#18364=CARTESIAN_POINT('',(3.14,-1.975,1.5));
#18365=CARTESIAN_POINT('',(-3.14,-1.725,0.59));
#18366=CARTESIAN_POINT('',(-3.14,-1.725,0.59));
#18367=CARTESIAN_POINT('',(-3.14,-1.575,0.59));
#18368=CARTESIAN_POINT('',(-3.14,-1.575,1.5));
#18369=CARTESIAN_POINT('',(-3.14,-1.725,1.5));
#18370=CARTESIAN_POINT('',(-3.14,-1.975,1.5));
#18371=CARTESIAN_POINT('',(-3.86,-1.725,0.59));
#18372=CARTESIAN_POINT('',(-3.86,-1.725,0.59));
#18373=CARTESIAN_POINT('',(-3.86,-1.575,0.59));
#18374=CARTESIAN_POINT('',(-3.14,-1.575,0.59));
#18375=CARTESIAN_POINT('',(-3.14,-1.725,0.59));
#18376=CARTESIAN_POINT('',(-3.14,-1.975,0.59));
#18377=CARTESIAN_POINT('',(-3.86,-1.575,0.59));
#18378=CARTESIAN_POINT('',(-3.86,-1.725,0.59));
#18379=CARTESIAN_POINT('',(-3.86,-1.975,0.59));
#18380=CARTESIAN_POINT('',(-2.0875,-1.575,1.070818854705));
#18381=CARTESIAN_POINT('',(-2.0875,-1.575,-1.285119722506));
#18382=CARTESIAN_POINT('',(-2.9925,-1.575,1.070818854705));
#18383=CARTESIAN_POINT('',(-2.7225,-1.575,1.070818854705));
#18384=CARTESIAN_POINT('',(-2.9925,-1.575,-1.285119722506));
#18385=CARTESIAN_POINT('',(-2.7225,-1.575,-1.285119722506));
#18386=CARTESIAN_POINT('',(-7.11,-1.575,-3.2));
#18387=CARTESIAN_POINT('',(-2.0875,0.695,-0.8));
#18388=CARTESIAN_POINT('',(-2.0875,1.304432608048,-1.1));
#18389=CARTESIAN_POINT('',(-2.0875,0.,0.));
#18390=CARTESIAN_POINT('',(-2.0875,0.695,0.8));
#18391=CARTESIAN_POINT('',(-2.0875,-0.3635719742458,1.1));
#18392=CARTESIAN_POINT('',(-2.0875,0.,0.));
#18393=CARTESIAN_POINT('',(-2.0875,0.,0.));
#18394=CARTESIAN_POINT('',(-2.0875,0.,0.));
#18395=CARTESIAN_POINT('',(-2.7225,0.875728179376,-1.266194514317));
#18396=CARTESIAN_POINT('',(-2.7225,0.875728179376,-1.266194514317));
#18397=CARTESIAN_POINT('',(-2.7225,1.304432608048,-1.1));
#18398=CARTESIAN_POINT('',(-2.7225,0.875728179376,-1.266194514317));
#18399=CARTESIAN_POINT('',(-2.9925,0.875728179376,-1.266194514317));
#18400=CARTESIAN_POINT('',(-2.9925,0.875728179376,-1.266194514317));
#18401=CARTESIAN_POINT('',(-2.9925,1.304432608048,-1.1));
#18402=CARTESIAN_POINT('',(-2.9925,1.304432608048,-1.1));
#18403=CARTESIAN_POINT('',(-2.7225,0.875728179376,-1.266194514317));
#18404=CARTESIAN_POINT('',(-2.8575,0.695,-1.3));
#18405=CARTESIAN_POINT('',(-2.9925,0.695,-1.3));
#18406=CARTESIAN_POINT('',(-2.7225,0.695,-1.3));
#18407=CARTESIAN_POINT('',(-2.7225,0.695,-0.8));
#18408=CARTESIAN_POINT('',(-2.7225,0.5978315746582,-1.290467427172));
#18409=CARTESIAN_POINT('',(-2.7225,0.5978315746582,-1.290467427172));
#18410=CARTESIAN_POINT('',(-2.9925,0.5978315746582,-1.290467427172));
#18411=CARTESIAN_POINT('',(-2.9925,0.695,-0.8));
#18412=CARTESIAN_POINT('',(-2.7225,0.695,-0.8));
#18413=CARTESIAN_POINT('',(-2.9925,-0.3635719742458,-1.1));
#18414=CARTESIAN_POINT('',(-2.9925,-0.3635719742458,-1.1));
#18415=CARTESIAN_POINT('',(-2.7225,-0.3635719742458,-1.1));
#18416=CARTESIAN_POINT('',(-2.7225,-0.3635719742458,-1.1));
#18417=CARTESIAN_POINT('',(-2.9925,-0.3635719742458,-1.1));
#18418=CARTESIAN_POINT('',(-2.7225,-0.515,-1.07));
#18419=CARTESIAN_POINT('',(3.36,-1.025,-1.1));
#18420=CARTESIAN_POINT('',(7.11,1.975,-1.1));
#18421=CARTESIAN_POINT('',(-2.9925,-0.3635719742458,-1.1));
#18422=CARTESIAN_POINT('',(-2.7225,1.304432608048,-1.1));
#18423=CARTESIAN_POINT('',(3.36,1.975,-1.1));
#18424=CARTESIAN_POINT('',(-2.8575,0.695,1.3));
#18425=CARTESIAN_POINT('',(-2.7225,0.695,1.3));
#18426=CARTESIAN_POINT('',(-2.9925,0.695,1.3));
#18427=CARTESIAN_POINT('',(-2.9925,0.695,0.8));
#18428=CARTESIAN_POINT('',(-2.9925,0.5978315746582,1.290467427172));
#18429=CARTESIAN_POINT('',(-2.7225,0.5978315746582,1.290467427172));
#18430=CARTESIAN_POINT('',(-2.7225,0.5978315746582,1.290467427172));
#18431=CARTESIAN_POINT('',(-2.7225,0.695,0.8));
#18432=CARTESIAN_POINT('',(-2.7225,0.695,0.8));
#18433=CARTESIAN_POINT('',(-2.9925,1.304432608048,1.1));
#18434=CARTESIAN_POINT('',(-2.9925,1.304432608048,1.1));
#18435=CARTESIAN_POINT('',(-2.9925,0.875728179376,1.266194514317));
#18436=CARTESIAN_POINT('',(-2.7225,0.875728179376,1.266194514317));
#18437=CARTESIAN_POINT('',(-2.7225,0.875728179376,1.266194514317));
#18438=CARTESIAN_POINT('',(-2.7225,1.304432608048,1.1));
#18439=CARTESIAN_POINT('',(-2.7225,1.304432608048,1.1));
#18440=CARTESIAN_POINT('',(-2.9925,1.304432608048,1.1));
#18441=CARTESIAN_POINT('',(-2.7225,1.485,1.03));
#18442=CARTESIAN_POINT('',(-2.9925,0.,0.));
#18443=CARTESIAN_POINT('',(-2.9925,0.,0.));
#18444=CARTESIAN_POINT('',(-2.9925,0.695,-0.8));
#18445=CARTESIAN_POINT('',(-2.9925,0.,0.));
#18446=CARTESIAN_POINT('',(-2.9925,0.5978315746582,1.290467427172));
#18447=CARTESIAN_POINT('',(-2.9925,-0.3635719742458,1.1));
#18448=CARTESIAN_POINT('',(-2.9925,0.695,0.8));
#18449=CARTESIAN_POINT('',(-2.9925,1.304432608048,1.1));
#18450=CARTESIAN_POINT('',(-2.9925,0.,0.));
#18451=CARTESIAN_POINT('',(-2.7225,0.5978315746582,1.290467427172));
#18452=CARTESIAN_POINT('',(-2.7225,-0.3635719742458,1.1));
#18453=CARTESIAN_POINT('',(-2.9925,-0.3635719742458,1.1));
#18454=CARTESIAN_POINT('',(-2.7225,0.5978315746582,1.290467427172));
#18455=CARTESIAN_POINT('',(-2.7225,0.,0.));
#18456=CARTESIAN_POINT('',(-2.7225,0.,0.));
#18457=CARTESIAN_POINT('',(-2.7225,0.695,-0.8));
#18458=CARTESIAN_POINT('',(-2.7225,0.,0.));
#18459=CARTESIAN_POINT('',(-2.7225,0.695,0.8));
#18460=CARTESIAN_POINT('',(-2.7225,-0.3635719742458,1.1));
#18461=CARTESIAN_POINT('',(-2.7225,0.,0.));
#18462=CARTESIAN_POINT('',(-3.36,-1.025,1.1));
#18463=CARTESIAN_POINT('',(7.11,1.975,1.1));
#18464=CARTESIAN_POINT('',(-3.36,1.975,1.1));
#18465=CARTESIAN_POINT('',(-3.4075,-1.025,-1.83));
#18466=CARTESIAN_POINT('',(-4.51,-1.025,-1.83));
#18467=CARTESIAN_POINT('',(-4.51,-1.025,-1.83));
#18468=CARTESIAN_POINT('',(-4.51,-1.025,0.));
#18469=CARTESIAN_POINT('',(-4.51,-1.025,0.));
#18470=CARTESIAN_POINT('',(-5.16,-1.025,0.));
#18471=CARTESIAN_POINT('',(3.9075,-1.025,-1.83));
#18472=CARTESIAN_POINT('',(7.11,-1.025,3.2));
#18473=CARTESIAN_POINT('',(4.86,1.175,-1.83));
#18474=CARTESIAN_POINT('',(-4.51,1.175,-1.83));
#18475=CARTESIAN_POINT('',(-4.51,1.175,-1.83));
#18476=CARTESIAN_POINT('',(-4.51,1.175,-1.83));
#18477=CARTESIAN_POINT('',(-3.9075,-1.725,-1.83));
#18478=CARTESIAN_POINT('',(3.4075,-1.725,-1.83));
#18479=CARTESIAN_POINT('',(-4.51,1.975,-1.83));
#18480=CARTESIAN_POINT('',(-4.51,1.175,0.));
#18481=CARTESIAN_POINT('',(-4.51,1.175,0.));
#18482=CARTESIAN_POINT('',(-4.51,1.175,0.));
#18483=CARTESIAN_POINT('',(-4.51,1.975,0.));
#18484=CARTESIAN_POINT('',(-4.51,1.175,0.));
#18485=CARTESIAN_POINT('',(-5.16,1.975,0.));
#18486=CARTESIAN_POINT('',(5.91,1.175,0.75));
#18487=CARTESIAN_POINT('',(4.86,1.175,2.4));
#18488=CARTESIAN_POINT('',(-5.91,1.175,-0.75));
#18489=CARTESIAN_POINT('',(-5.91,1.175,-0.75));
#18490=CARTESIAN_POINT('',(-5.91,1.175,-1.));
#18491=CARTESIAN_POINT('',(-5.91,1.175,-1.));
#18492=CARTESIAN_POINT('',(-5.61,1.175,-1.));
#18493=CARTESIAN_POINT('',(-5.61,1.175,-1.));
#18494=CARTESIAN_POINT('',(-5.61,1.175,1.));
#18495=CARTESIAN_POINT('',(-5.61,1.175,1.));
#18496=CARTESIAN_POINT('',(-5.91,1.175,1.));
#18497=CARTESIAN_POINT('',(-5.91,1.175,1.));
#18498=CARTESIAN_POINT('',(-5.91,1.175,0.75));
#18499=CARTESIAN_POINT('',(-5.91,1.175,0.75));
#18500=CARTESIAN_POINT('',(-6.61,1.175,0.75));
#18501=CARTESIAN_POINT('',(4.86,1.175,2.4));
#18502=CARTESIAN_POINT('',(-5.91,1.175,1.));
#18503=CARTESIAN_POINT('',(-5.91,-0.325,1.));
#18504=CARTESIAN_POINT('',(-5.61,1.175,1.));
#18505=CARTESIAN_POINT('',(-5.61,-0.325,1.));
#18506=CARTESIAN_POINT('',(-5.61,-0.325,1.));
#18507=CARTESIAN_POINT('',(-5.91,1.975,1.));
#18508=CARTESIAN_POINT('',(-5.91,1.175,0.75));
#18509=CARTESIAN_POINT('',(-5.91,-0.325,0.75));
#18510=CARTESIAN_POINT('',(-5.91,-0.325,0.75));
#18511=CARTESIAN_POINT('',(-5.91,1.975,0.75));
#18512=CARTESIAN_POINT('',(-6.61,-1.425,0.75));
#18513=CARTESIAN_POINT('',(-5.91,-1.425,0.75));
#18514=CARTESIAN_POINT('',(-5.91,-1.425,0.75));
#18515=CARTESIAN_POINT('',(-6.61,1.975,0.75));
#18516=CARTESIAN_POINT('',(-5.91,-1.425,-0.75));
#18517=CARTESIAN_POINT('',(-5.91,-1.425,-0.75));
#18518=CARTESIAN_POINT('',(-5.91,-0.325,-0.75));
#18519=CARTESIAN_POINT('',(-5.91,-1.425,-0.75));
#18520=CARTESIAN_POINT('',(-5.91,-0.325,-0.75));
#18521=CARTESIAN_POINT('',(-5.91,-0.325,-1.));
#18522=CARTESIAN_POINT('',(-5.91,1.175,-0.75));
#18523=CARTESIAN_POINT('',(-5.91,-1.425,-0.75));
#18524=CARTESIAN_POINT('',(-5.91,1.975,-0.75));
#18525=CARTESIAN_POINT('',(-5.91,1.175,-1.));
#18526=CARTESIAN_POINT('',(-5.91,-0.325,-1.));
#18527=CARTESIAN_POINT('',(-5.91,-0.325,-1.));
#18528=CARTESIAN_POINT('',(-5.91,1.975,-1.));
#18529=CARTESIAN_POINT('',(-5.61,1.175,-1.));
#18530=CARTESIAN_POINT('',(-5.61,-0.325,-1.));
#18531=CARTESIAN_POINT('',(-5.61,-0.325,-1.));
#18532=CARTESIAN_POINT('',(-5.61,1.975,-1.));
#18533=CARTESIAN_POINT('',(-5.61,-0.325,-1.));
#18534=CARTESIAN_POINT('',(-5.61,1.975,1.));
#18535=CARTESIAN_POINT('',(5.91,-0.325,0.75));
#18536=CARTESIAN_POINT('',(5.864,-0.325,-0.685));
#18537=CARTESIAN_POINT('',(5.864,-0.325,-0.685));
#18538=CARTESIAN_POINT('',(5.91,-1.425,0.75));
#18539=CARTESIAN_POINT('',(5.91,-1.425,0.75));
#18540=CARTESIAN_POINT('',(5.91,-1.425,0.75));
#18541=CARTESIAN_POINT('',(5.91,-0.325,1.));
#18542=CARTESIAN_POINT('',(5.91,-1.425,0.75));
#18543=CARTESIAN_POINT('',(5.91,1.975,0.75));
#18544=CARTESIAN_POINT('',(-7.11,-1.425,3.2));
#18545=CARTESIAN_POINT('',(5.01,-1.425,1.5));
#18546=CARTESIAN_POINT('',(5.01,-1.425,1.5));
#18547=CARTESIAN_POINT('',(5.01,-1.425,-1.5));
#18548=CARTESIAN_POINT('',(5.01,-1.425,-1.5));
#18549=CARTESIAN_POINT('',(6.61,-1.425,-1.5));
#18550=CARTESIAN_POINT('',(-7.11,-1.425,3.2));
#18551=CARTESIAN_POINT('',(5.01,-1.725,1.5));
#18552=CARTESIAN_POINT('',(5.01,-1.725,1.5));
#18553=CARTESIAN_POINT('',(5.01,-1.725,1.5));
#18554=CARTESIAN_POINT('',(7.11,-1.425,1.5));
#18555=CARTESIAN_POINT('',(7.11,-1.975,1.5));
#18556=CARTESIAN_POINT('',(5.01,-1.725,-1.5));
#18557=CARTESIAN_POINT('',(5.01,-1.725,-1.5));
#18558=CARTESIAN_POINT('',(5.01,-1.725,-1.5));
#18559=CARTESIAN_POINT('',(5.01,-1.975,-1.5));
#18560=CARTESIAN_POINT('',(4.51,-1.725,-1.5));
#18561=CARTESIAN_POINT('',(-7.11,-1.725,-3.2));
#18562=CARTESIAN_POINT('',(6.61,-1.425,-1.5));
#18563=CARTESIAN_POINT('',(4.51,-1.975,-1.5));
#18564=CARTESIAN_POINT('',(-7.11,-1.425,-3.2));
#18565=CARTESIAN_POINT('',(7.11,-1.425,3.2));
#18566=CARTESIAN_POINT('',(7.11,-1.425,3.2));
#18567=CARTESIAN_POINT('',(7.11,-1.425,3.2));
#18568=CARTESIAN_POINT('',(5.47,-1.425,-3.2));
#18569=CARTESIAN_POINT('',(5.47,-1.425,-3.2));
#18570=CARTESIAN_POINT('',(5.47,-1.425,-3.2));
#18571=CARTESIAN_POINT('',(7.11,-1.425,3.2));
#18572=CARTESIAN_POINT('',(5.47,-1.975,-3.2));
#18573=CARTESIAN_POINT('',(5.47,1.975,-2.4));
#18574=CARTESIAN_POINT('',(0.,0.,-3.2));
#18575=CARTESIAN_POINT('',(0.,0.,-3.2));
#18576=CARTESIAN_POINT('',(-2.7225,0.695,0.8));
#18577=CARTESIAN_POINT('',(-2.7225,0.695,-0.8));
#18578=CARTESIAN_POINT('',(-2.0875,0.695,0.8));
#18579=CARTESIAN_POINT('',(-2.0875,0.695,-0.8));
#18580=CARTESIAN_POINT('',(-1.4525,0.695,0.8));
#18581=CARTESIAN_POINT('',(-1.4525,0.695,-0.8));
#18582=CARTESIAN_POINT('',(-0.8175,0.695,0.8));
#18583=CARTESIAN_POINT('',(-0.8175,0.695,-0.8));
#18584=CARTESIAN_POINT('',(-0.1825,0.695,0.8));
#18585=CARTESIAN_POINT('',(-0.1825,0.695,-0.8));
#18586=CARTESIAN_POINT('',(0.4525,0.695,0.8));
#18587=CARTESIAN_POINT('',(0.4525,0.695,-0.8));
#18588=CARTESIAN_POINT('',(1.0875,0.695,0.8));
#18589=CARTESIAN_POINT('',(1.0875,0.695,-0.8));
#18590=CARTESIAN_POINT('',(1.7225,0.695,0.8));
#18591=CARTESIAN_POINT('',(1.7225,0.695,-0.8));
#18592=CARTESIAN_POINT('',(2.3575,0.695,0.8));
#18593=CARTESIAN_POINT('',(2.3575,0.695,-0.8));
#18594=CARTESIAN_POINT('',(2.7225,0.695,0.8));
#18595=CARTESIAN_POINT('',(2.7225,0.695,-0.8));
#18596=CARTESIAN_POINT('',(-4.609999999973,-2.625000000027,-1.395682639495E-10));
#18597=CARTESIAN_POINT('',(-4.51,-2.475000000023,0.));
#18598=CARTESIAN_POINT('',(-4.51,-2.475000000023,0.));
#18599=CARTESIAN_POINT('',(4.51,-2.625,0.));
#18600=CARTESIAN_POINT('',(4.51,-2.4707571896,0.));
#18601=CARTESIAN_POINT('',(4.51,-2.4707571896,0.));
#18602=CARTESIAN_POINT('',(7.11,1.975,-3.2));
#18603=MECHANICAL_DESIGN_GEOMETRIC_PRESENTATION_REPRESENTATION('',(#8278,
#8279,#8280,#8281,#8282,#8283,#8284,#8285,#8286,#8287,#8288,#8289,#8290,
#8291,#8292,#8293,#8294,#8295,#8296,#8297,#8298,#8299,#8300,#8301,#8302,
#8303,#8304,#8305,#8306,#8307,#8308,#8309,#8310,#8311,#8312,#8313,#8314,
#8315,#8316,#8317,#8318,#8319,#8320,#8321,#8322,#8323,#8324,#8325,#8326,
#8327,#8328,#8329,#8330,#8331,#8332,#8333,#8334,#8335,#8336,#8337,#8338,
#8339,#8340,#8341,#8342,#8343,#8344,#8345,#8346,#8347,#8348,#8349,#8350,
#8351,#8352,#8353,#8354,#8355,#8356,#8357,#8358,#8359,#8360,#8361,#8362,
#8363,#8364,#8365,#8366,#8367,#8368,#8369,#8370,#8371,#8372),#18604);
#18604=(
GEOMETRIC_REPRESENTATION_CONTEXT(3)
GLOBAL_UNCERTAINTY_ASSIGNED_CONTEXT((#18605))
GLOBAL_UNIT_ASSIGNED_CONTEXT((#18611,#18607,#18606))
REPRESENTATION_CONTEXT('0528850274_stp','TOP_LEVEL_ASSEMBLY_PART')
);
#18605=UNCERTAINTY_MEASURE_WITH_UNIT(LENGTH_MEASURE(0.001),#18611,
'DISTANCE_ACCURACY_VALUE','Maximum Tolerance applied to model');
#18606=(
NAMED_UNIT(*)
SI_UNIT($,.STERADIAN.)
SOLID_ANGLE_UNIT()
);
#18607=(
CONVERSION_BASED_UNIT('DEGREE',#18609)
NAMED_UNIT(#18608)
PLANE_ANGLE_UNIT()
);
#18608=DIMENSIONAL_EXPONENTS(0.,0.,0.,0.,0.,0.,0.);
#18609=PLANE_ANGLE_MEASURE_WITH_UNIT(PLANE_ANGLE_MEASURE(0.0174532925),
#18610);
#18610=(
NAMED_UNIT(*)
PLANE_ANGLE_UNIT()
SI_UNIT($,.RADIAN.)
);
#18611=(
LENGTH_UNIT()
NAMED_UNIT(*)
SI_UNIT(.MILLI.,.METRE.)
);
ENDSEC;
END-ISO-10303-21;
