ISO-10303-21;
HEADER;
/* Generated by software containing ST-Developer
 * from STEP Tools, Inc. (www.steptools.com) 
 */
/* OPTION: using custom schema-name function */

FILE_DESCRIPTION(
/* description */ (''),
/* implementation_level */ '2;1');

FILE_NAME(
/* name */ '0550910274_stp.stp',
/* time_stamp */ '2026-03-12T08:26:55+05:30',
/* author */ (''),
/* organization */ (''),
/* preprocessor_version */ 'ST-DEVELOPER v19.4',
/* originating_system */ 'SIEMENS PLM Software NX2212.9160',
/* authorisation */ '');

FILE_SCHEMA (('AUTOMOTIVE_DESIGN { 1 0 10303 214 3 1 1 1 }'));
ENDSEC;

DATA;
#10=GEOMETRICALLY_BOUNDED_WIREFRAME_SHAPE_REPRESENTATION(
'0550910274_stp-None',(#25),#19758);
#11=SHAPE_REPRESENTATION_RELATIONSHIP('None',
'relationship between 0550910274_stp-None and 0550910274_stp-None',#24,
#13);
#12=SHAPE_REPRESENTATION_RELATIONSHIP('None',
'relationship between 0550910274_stp-None and 0550910274_stp-None',#24,
#10);
#13=ADVANCED_BREP_SHAPE_REPRESENTATION('0550910274_stp-None',(#31),#19758);
#14=SHAPE_DEFINITION_REPRESENTATION(#15,#24);
#15=PRODUCT_DEFINITION_SHAPE('','',#16);
#16=PRODUCT_DEFINITION(' ','',#18,#17);
#17=PRODUCT_DEFINITION_CONTEXT('part definition',#23,'design');
#18=PRODUCT_DEFINITION_FORMATION_WITH_SPECIFIED_SOURCE(' ',' ',#20,
 .NOT_KNOWN.);
#19=PRODUCT_RELATED_PRODUCT_CATEGORY('part','',(#20));
#20=PRODUCT('0550910274_stp','0550910274_stp',' ',(#21));
#21=PRODUCT_CONTEXT(' ',#23,'mechanical');
#22=APPLICATION_PROTOCOL_DEFINITION('international standard',
'automotive_design',2010,#23);
#23=APPLICATION_CONTEXT(
'core data for automotive mechanical design processes');
#24=SHAPE_REPRESENTATION('0550910274_stp-None',(#12348),#19758);
#25=GEOMETRIC_CURVE_SET('None',(#9140,#9141,#9142,#9143,#9144,#9145,#9146,
#9147,#9148,#9149,#9150,#9151,#9152,#9153,#9154,#9155,#9156,#9157,#9158,
#9159,#9160,#9161,#9162,#9163,#9164,#9165,#9166,#9167,#9168,#9169,#9170,
#9171,#9172,#9173,#9174,#9175,#9176,#9177,#9178,#9179,#9180,#9181,#9182,
#9183,#9184,#9185,#9186,#9187,#9188,#9189,#9190,#9191,#9192,#9193,#9194,
#9195,#9196,#9197,#9198,#9199,#9200,#9201,#9202,#9203,#9204,#9205,#9206,
#9207,#9208,#9209,#9210,#9211,#9212,#9213,#9214,#9215,#9216,#9217,#9218,
#9219,#9220,#9221,#9222,#9223,#9224,#9225,#9226,#9227,#9228,#9229,#9230,
#9231,#9232,#9233));
#26=SURFACE_STYLE_USAGE(.BOTH.,#27);
#27=SURFACE_SIDE_STYLE('',(#28));
#28=SURFACE_STYLE_FILL_AREA(#29);
#29=FILL_AREA_STYLE('',(#30));
#30=FILL_AREA_STYLE_COLOUR('',#9045);
#31=MANIFOLD_SOLID_BREP('0550910274_1',#32);
#32=CLOSED_SHELL('',(#156,#157,#158,#159,#160,#161,#162,#163,#164,#165,
#166,#167,#168,#169,#170,#171,#172,#173,#174,#175,#176,#177,#178,#179,#180,
#181,#182,#183,#184,#185,#186,#187,#188,#189,#190,#191,#192,#193,#194,#195,
#196,#197,#198,#199,#200,#201,#202,#203,#204,#205,#206,#207,#208,#209,#210,
#211,#212,#213,#214,#215,#216,#217,#218,#219,#220,#221,#222,#223,#224,#225,
#226,#227,#228,#229,#230,#231,#232,#233,#234,#235,#236,#237,#238,#239,#240,
#241,#242,#243,#244,#245,#246,#247,#248,#249,#250,#251,#252,#253,#254,#255,
#256,#257,#258,#259,#260,#261,#262,#263,#264,#265,#266,#267,#268,#269,#270,
#271,#272,#273,#274,#275,#276,#277,#278,#279,#280,#281,#282,#283,#284,#285,
#286,#287,#288,#289,#290,#291,#292,#293,#294,#295,#296,#297,#298,#299,#300,
#301,#302,#303,#304,#305,#306,#307,#308,#309,#310,#311,#312,#313,#314,#315,
#316,#317,#318,#319,#320,#321,#322,#323,#324,#325,#326,#327,#328,#329,#330,
#331,#332,#333,#334,#335,#336,#337,#338,#339,#340,#341,#342,#343,#344,#345,
#346,#347,#348,#349,#350,#351,#352,#353,#354,#355,#356,#357,#358,#359,#360,
#361,#362,#363,#364,#365,#366,#367,#368,#369,#370,#371,#372,#373,#374,#375,
#376,#377,#378,#379,#380,#381,#382,#383,#384,#385,#386,#387,#388,#389,#390,
#391,#392,#393,#394,#395,#396,#397,#398,#399,#400,#401,#402,#403,#404,#405,
#406,#407,#408,#409,#410,#411,#412,#413,#414,#415,#416,#417,#418,#419,#420,
#421,#422,#423,#424,#425,#426,#427,#428,#429,#430,#431,#432,#433,#434,#435,
#436,#437,#438,#439,#440,#441,#442,#443,#444,#445,#446,#447,#448,#449,#450,
#451,#452,#453,#454,#455,#456,#457,#458,#459,#460,#461,#462,#463,#464,#465,
#466,#467,#468,#469,#470,#471,#472,#473,#474,#475,#476,#477,#478,#479,#480,
#481,#482,#483,#484,#485,#486,#487,#488,#489,#490,#491,#492,#493,#494,#495,
#496,#497,#498,#499,#500,#501,#502,#503,#504,#505,#506,#507,#508,#509,#510,
#511,#512,#513,#514,#515,#516,#517,#518,#519,#520,#521,#522,#523,#524,#525,
#526,#527,#528,#529,#530,#531,#532,#533,#534,#535,#536,#537,#538,#539,#540,
#541,#542,#543,#544,#545,#546,#547,#548,#549,#550,#551,#552,#553,#554,#555,
#556,#557,#558,#559,#560,#561,#562,#563,#564,#565,#566,#567,#568,#569,#570,
#571,#572,#573,#574,#575,#576,#577,#578,#579,#580,#581,#582,#583,#584,#585,
#586,#587,#588,#589,#590,#591,#592,#593,#594,#595,#596,#597,#598,#599,#600,
#601,#602,#603,#604,#605,#606,#607,#608,#609,#610,#611,#612,#613,#614,#615,
#616,#617,#618,#619,#620,#621,#622,#623,#624,#625,#626,#627,#628,#629,#630,
#631,#632,#633,#634,#635,#636,#637,#638,#639,#640,#641,#642,#643,#644,#645,
#646,#647,#648,#649,#650,#651,#652,#653,#654,#655,#656,#657,#658,#659,#660,
#661,#662,#663,#664,#665,#666,#667,#668,#669,#670,#671,#672,#673,#674,#675,
#676,#677,#678,#679,#680,#681,#682,#683,#684,#685,#686,#687,#688,#689,#690,
#691,#692,#693,#694,#695,#696,#697,#698,#699,#700,#701,#702,#703,#704,#705,
#706,#707,#708,#709,#710,#711,#712,#713,#714,#715,#716,#717,#718,#719,#720,
#721,#722,#723,#724,#725,#726,#727,#728,#729,#730,#731,#732,#733,#734,#735,
#736,#737,#738,#739,#740,#741,#742,#743,#744,#745,#746));
#33=CONICAL_SURFACE('',#13018,0.1542428103995,44.9999999999915);
#34=CONICAL_SURFACE('',#13020,0.1542428103995,44.9999999999915);
#35=CONICAL_SURFACE('',#13027,0.25,44.9999999999915);
#36=CONICAL_SURFACE('',#13031,0.25,44.9999999999915);
#37=FACE_BOUND('',#2256,.T.);
#38=FACE_BOUND('',#2257,.T.);
#39=FACE_BOUND('',#2305,.T.);
#40=FACE_BOUND('',#2306,.T.);
#41=FACE_BOUND('',#2307,.T.);
#42=FACE_BOUND('',#2308,.T.);
#43=FACE_BOUND('',#2309,.T.);
#44=FACE_BOUND('',#2310,.T.);
#45=FACE_BOUND('',#2311,.T.);
#46=FACE_BOUND('',#2312,.T.);
#47=FACE_BOUND('',#2313,.T.);
#48=FACE_BOUND('',#2314,.T.);
#49=FACE_BOUND('',#2315,.T.);
#50=FACE_BOUND('',#2316,.T.);
#51=FACE_BOUND('',#2317,.T.);
#52=FACE_BOUND('',#2318,.T.);
#53=FACE_BOUND('',#2319,.T.);
#54=FACE_BOUND('',#2320,.T.);
#55=FACE_BOUND('',#2321,.T.);
#56=FACE_BOUND('',#2322,.T.);
#57=FACE_BOUND('',#2323,.T.);
#58=FACE_BOUND('',#2324,.T.);
#59=FACE_BOUND('',#2325,.T.);
#60=FACE_BOUND('',#2363,.T.);
#61=FACE_BOUND('',#2364,.T.);
#62=FACE_BOUND('',#2365,.T.);
#63=FACE_BOUND('',#2366,.T.);
#64=CYLINDRICAL_SURFACE('',#12375,0.37);
#65=CYLINDRICAL_SURFACE('',#12379,0.32);
#66=CYLINDRICAL_SURFACE('',#12387,0.05);
#67=CYLINDRICAL_SURFACE('',#12391,0.1);
#68=CYLINDRICAL_SURFACE('',#12411,0.1);
#69=CYLINDRICAL_SURFACE('',#12415,0.05);
#70=CYLINDRICAL_SURFACE('',#12423,0.32);
#71=CYLINDRICAL_SURFACE('',#12427,0.37);
#72=CYLINDRICAL_SURFACE('',#12433,0.1);
#73=CYLINDRICAL_SURFACE('',#12437,0.05);
#74=CYLINDRICAL_SURFACE('',#12445,0.32);
#75=CYLINDRICAL_SURFACE('',#12449,0.37);
#76=CYLINDRICAL_SURFACE('',#12466,0.37);
#77=CYLINDRICAL_SURFACE('',#12470,0.32);
#78=CYLINDRICAL_SURFACE('',#12478,0.05);
#79=CYLINDRICAL_SURFACE('',#12482,0.1);
#80=CYLINDRICAL_SURFACE('',#12487,0.1);
#81=CYLINDRICAL_SURFACE('',#12491,0.05);
#82=CYLINDRICAL_SURFACE('',#12499,0.32);
#83=CYLINDRICAL_SURFACE('',#12503,0.37);
#84=CYLINDRICAL_SURFACE('',#12520,0.37);
#85=CYLINDRICAL_SURFACE('',#12524,0.32);
#86=CYLINDRICAL_SURFACE('',#12532,0.05);
#87=CYLINDRICAL_SURFACE('',#12536,0.1);
#88=CYLINDRICAL_SURFACE('',#12541,0.1);
#89=CYLINDRICAL_SURFACE('',#12545,0.05);
#90=CYLINDRICAL_SURFACE('',#12553,0.32);
#91=CYLINDRICAL_SURFACE('',#12557,0.37);
#92=CYLINDRICAL_SURFACE('',#12574,0.37);
#93=CYLINDRICAL_SURFACE('',#12578,0.32);
#94=CYLINDRICAL_SURFACE('',#12586,0.05);
#95=CYLINDRICAL_SURFACE('',#12590,0.1);
#96=CYLINDRICAL_SURFACE('',#12595,0.1);
#97=CYLINDRICAL_SURFACE('',#12599,0.05);
#98=CYLINDRICAL_SURFACE('',#12607,0.32);
#99=CYLINDRICAL_SURFACE('',#12611,0.37);
#100=CYLINDRICAL_SURFACE('',#12628,0.37);
#101=CYLINDRICAL_SURFACE('',#12632,0.32);
#102=CYLINDRICAL_SURFACE('',#12640,0.05);
#103=CYLINDRICAL_SURFACE('',#12644,0.1);
#104=CYLINDRICAL_SURFACE('',#12649,0.1);
#105=CYLINDRICAL_SURFACE('',#12653,0.05);
#106=CYLINDRICAL_SURFACE('',#12661,0.32);
#107=CYLINDRICAL_SURFACE('',#12665,0.37);
#108=CYLINDRICAL_SURFACE('',#12682,0.37);
#109=CYLINDRICAL_SURFACE('',#12686,0.32);
#110=CYLINDRICAL_SURFACE('',#12694,0.05);
#111=CYLINDRICAL_SURFACE('',#12698,0.1);
#112=CYLINDRICAL_SURFACE('',#12703,0.1);
#113=CYLINDRICAL_SURFACE('',#12707,0.05);
#114=CYLINDRICAL_SURFACE('',#12715,0.32);
#115=CYLINDRICAL_SURFACE('',#12719,0.37);
#116=CYLINDRICAL_SURFACE('',#12736,0.37);
#117=CYLINDRICAL_SURFACE('',#12740,0.32);
#118=CYLINDRICAL_SURFACE('',#12748,0.05);
#119=CYLINDRICAL_SURFACE('',#12752,0.1);
#120=CYLINDRICAL_SURFACE('',#12757,0.1);
#121=CYLINDRICAL_SURFACE('',#12761,0.05);
#122=CYLINDRICAL_SURFACE('',#12769,0.32);
#123=CYLINDRICAL_SURFACE('',#12773,0.37);
#124=CYLINDRICAL_SURFACE('',#12790,0.37);
#125=CYLINDRICAL_SURFACE('',#12794,0.32);
#126=CYLINDRICAL_SURFACE('',#12802,0.05);
#127=CYLINDRICAL_SURFACE('',#12806,0.1);
#128=CYLINDRICAL_SURFACE('',#12811,0.1);
#129=CYLINDRICAL_SURFACE('',#12815,0.05);
#130=CYLINDRICAL_SURFACE('',#12823,0.32);
#131=CYLINDRICAL_SURFACE('',#12827,0.37);
#132=CYLINDRICAL_SURFACE('',#12843,0.1);
#133=CYLINDRICAL_SURFACE('',#12847,0.05);
#134=CYLINDRICAL_SURFACE('',#12855,0.32);
#135=CYLINDRICAL_SURFACE('',#12859,0.37);
#136=CYLINDRICAL_SURFACE('',#12875,0.1);
#137=CYLINDRICAL_SURFACE('',#12879,0.05);
#138=CYLINDRICAL_SURFACE('',#12887,0.32);
#139=CYLINDRICAL_SURFACE('',#12891,0.37);
#140=CYLINDRICAL_SURFACE('',#12896,0.37);
#141=CYLINDRICAL_SURFACE('',#12900,0.32);
#142=CYLINDRICAL_SURFACE('',#12908,0.05);
#143=CYLINDRICAL_SURFACE('',#12912,0.1);
#144=CYLINDRICAL_SURFACE('',#13022,0.3);
#145=CYLINDRICAL_SURFACE('',#13024,0.3);
#146=CYLINDRICAL_SURFACE('',#13033,0.4);
#147=CYLINDRICAL_SURFACE('',#13035,0.4);
#148=CYLINDRICAL_SURFACE('',#13050,0.15);
#149=CYLINDRICAL_SURFACE('',#13056,0.15);
#150=CYLINDRICAL_SURFACE('',#13064,0.404);
#151=CYLINDRICAL_SURFACE('',#13070,0.404);
#152=CYLINDRICAL_SURFACE('',#13090,0.15);
#153=CYLINDRICAL_SURFACE('',#13095,0.15);
#154=CYLINDRICAL_SURFACE('',#13105,0.404);
#155=CYLINDRICAL_SURFACE('',#13120,0.404);
#156=ADVANCED_FACE('',(#1242),#747,.F.);
#157=ADVANCED_FACE('',(#1243),#748,.F.);
#158=ADVANCED_FACE('',(#1244),#749,.F.);
#159=ADVANCED_FACE('',(#1245),#750,.F.);
#160=ADVANCED_FACE('',(#1246),#751,.F.);
#161=ADVANCED_FACE('',(#1247),#752,.F.);
#162=ADVANCED_FACE('',(#1248),#753,.T.);
#163=ADVANCED_FACE('',(#1249),#754,.F.);
#164=ADVANCED_FACE('',(#1250),#755,.F.);
#165=ADVANCED_FACE('',(#1251),#756,.F.);
#166=ADVANCED_FACE('',(#1252),#757,.T.);
#167=ADVANCED_FACE('',(#1253),#758,.F.);
#168=ADVANCED_FACE('',(#1254),#759,.F.);
#169=ADVANCED_FACE('',(#1255),#760,.F.);
#170=ADVANCED_FACE('',(#1256),#761,.T.);
#171=ADVANCED_FACE('',(#1257),#762,.F.);
#172=ADVANCED_FACE('',(#1258),#763,.T.);
#173=ADVANCED_FACE('',(#1259),#764,.T.);
#174=ADVANCED_FACE('',(#1260),#765,.T.);
#175=ADVANCED_FACE('',(#1261),#766,.T.);
#176=ADVANCED_FACE('',(#1262),#64,.T.);
#177=ADVANCED_FACE('',(#1263),#767,.T.);
#178=ADVANCED_FACE('',(#1264),#65,.T.);
#179=ADVANCED_FACE('',(#1265),#768,.T.);
#180=ADVANCED_FACE('',(#1266),#769,.T.);
#181=ADVANCED_FACE('',(#1267),#770,.T.);
#182=ADVANCED_FACE('',(#1268),#771,.T.);
#183=ADVANCED_FACE('',(#1269),#772,.T.);
#184=ADVANCED_FACE('',(#1270),#66,.F.);
#185=ADVANCED_FACE('',(#1271),#773,.T.);
#186=ADVANCED_FACE('',(#1272),#67,.F.);
#187=ADVANCED_FACE('',(#1273),#774,.T.);
#188=ADVANCED_FACE('',(#1274),#775,.T.);
#189=ADVANCED_FACE('',(#1275),#776,.F.);
#190=ADVANCED_FACE('',(#1276),#777,.F.);
#191=ADVANCED_FACE('',(#1277),#778,.F.);
#192=ADVANCED_FACE('',(#1278),#779,.F.);
#193=ADVANCED_FACE('',(#1279),#780,.F.);
#194=ADVANCED_FACE('',(#1280),#781,.F.);
#195=ADVANCED_FACE('',(#1281),#782,.T.);
#196=ADVANCED_FACE('',(#1282),#783,.T.);
#197=ADVANCED_FACE('',(#1283),#784,.T.);
#198=ADVANCED_FACE('',(#1284),#785,.T.);
#199=ADVANCED_FACE('',(#1285),#786,.F.);
#200=ADVANCED_FACE('',(#1286),#787,.F.);
#201=ADVANCED_FACE('',(#1287),#788,.F.);
#202=ADVANCED_FACE('',(#1288),#789,.T.);
#203=ADVANCED_FACE('',(#1289),#790,.T.);
#204=ADVANCED_FACE('',(#1290),#68,.F.);
#205=ADVANCED_FACE('',(#1291),#791,.T.);
#206=ADVANCED_FACE('',(#1292),#69,.F.);
#207=ADVANCED_FACE('',(#1293),#792,.T.);
#208=ADVANCED_FACE('',(#1294),#793,.T.);
#209=ADVANCED_FACE('',(#1295),#794,.T.);
#210=ADVANCED_FACE('',(#1296),#795,.T.);
#211=ADVANCED_FACE('',(#1297),#796,.T.);
#212=ADVANCED_FACE('',(#1298),#70,.T.);
#213=ADVANCED_FACE('',(#1299),#797,.T.);
#214=ADVANCED_FACE('',(#1300),#71,.T.);
#215=ADVANCED_FACE('',(#1301),#798,.T.);
#216=ADVANCED_FACE('',(#1302),#799,.T.);
#217=ADVANCED_FACE('',(#1303),#800,.T.);
#218=ADVANCED_FACE('',(#1304),#72,.F.);
#219=ADVANCED_FACE('',(#1305),#801,.T.);
#220=ADVANCED_FACE('',(#1306),#73,.F.);
#221=ADVANCED_FACE('',(#1307),#802,.T.);
#222=ADVANCED_FACE('',(#1308),#803,.T.);
#223=ADVANCED_FACE('',(#1309),#804,.T.);
#224=ADVANCED_FACE('',(#1310),#805,.T.);
#225=ADVANCED_FACE('',(#1311),#806,.T.);
#226=ADVANCED_FACE('',(#1312),#74,.T.);
#227=ADVANCED_FACE('',(#1313),#807,.T.);
#228=ADVANCED_FACE('',(#1314),#75,.T.);
#229=ADVANCED_FACE('',(#1315),#808,.T.);
#230=ADVANCED_FACE('',(#1316),#809,.T.);
#231=ADVANCED_FACE('',(#1317),#810,.F.);
#232=ADVANCED_FACE('',(#1318),#811,.F.);
#233=ADVANCED_FACE('',(#1319),#812,.F.);
#234=ADVANCED_FACE('',(#1320),#813,.F.);
#235=ADVANCED_FACE('',(#1321),#814,.T.);
#236=ADVANCED_FACE('',(#1322),#815,.T.);
#237=ADVANCED_FACE('',(#1323),#816,.T.);
#238=ADVANCED_FACE('',(#1324),#817,.T.);
#239=ADVANCED_FACE('',(#1325),#818,.T.);
#240=ADVANCED_FACE('',(#1326),#819,.T.);
#241=ADVANCED_FACE('',(#1327),#820,.T.);
#242=ADVANCED_FACE('',(#1328),#821,.T.);
#243=ADVANCED_FACE('',(#1329),#76,.T.);
#244=ADVANCED_FACE('',(#1330),#822,.T.);
#245=ADVANCED_FACE('',(#1331),#77,.T.);
#246=ADVANCED_FACE('',(#1332),#823,.T.);
#247=ADVANCED_FACE('',(#1333),#824,.T.);
#248=ADVANCED_FACE('',(#1334),#825,.T.);
#249=ADVANCED_FACE('',(#1335),#826,.T.);
#250=ADVANCED_FACE('',(#1336),#827,.T.);
#251=ADVANCED_FACE('',(#1337),#78,.F.);
#252=ADVANCED_FACE('',(#1338),#828,.T.);
#253=ADVANCED_FACE('',(#1339),#79,.F.);
#254=ADVANCED_FACE('',(#1340),#829,.T.);
#255=ADVANCED_FACE('',(#1341),#830,.T.);
#256=ADVANCED_FACE('',(#1342),#80,.F.);
#257=ADVANCED_FACE('',(#1343),#831,.T.);
#258=ADVANCED_FACE('',(#1344),#81,.F.);
#259=ADVANCED_FACE('',(#1345),#832,.T.);
#260=ADVANCED_FACE('',(#1346),#833,.T.);
#261=ADVANCED_FACE('',(#1347),#834,.T.);
#262=ADVANCED_FACE('',(#1348),#835,.T.);
#263=ADVANCED_FACE('',(#1349),#836,.T.);
#264=ADVANCED_FACE('',(#1350),#82,.T.);
#265=ADVANCED_FACE('',(#1351),#837,.T.);
#266=ADVANCED_FACE('',(#1352),#83,.T.);
#267=ADVANCED_FACE('',(#1353),#838,.T.);
#268=ADVANCED_FACE('',(#1354),#839,.T.);
#269=ADVANCED_FACE('',(#1355),#840,.F.);
#270=ADVANCED_FACE('',(#1356),#841,.F.);
#271=ADVANCED_FACE('',(#1357),#842,.F.);
#272=ADVANCED_FACE('',(#1358),#843,.F.);
#273=ADVANCED_FACE('',(#1359),#844,.T.);
#274=ADVANCED_FACE('',(#1360),#845,.T.);
#275=ADVANCED_FACE('',(#1361),#846,.T.);
#276=ADVANCED_FACE('',(#1362),#847,.T.);
#277=ADVANCED_FACE('',(#1363),#848,.T.);
#278=ADVANCED_FACE('',(#1364),#849,.T.);
#279=ADVANCED_FACE('',(#1365),#850,.T.);
#280=ADVANCED_FACE('',(#1366),#851,.T.);
#281=ADVANCED_FACE('',(#1367),#84,.T.);
#282=ADVANCED_FACE('',(#1368),#852,.T.);
#283=ADVANCED_FACE('',(#1369),#85,.T.);
#284=ADVANCED_FACE('',(#1370),#853,.T.);
#285=ADVANCED_FACE('',(#1371),#854,.T.);
#286=ADVANCED_FACE('',(#1372),#855,.T.);
#287=ADVANCED_FACE('',(#1373),#856,.T.);
#288=ADVANCED_FACE('',(#1374),#857,.T.);
#289=ADVANCED_FACE('',(#1375),#86,.F.);
#290=ADVANCED_FACE('',(#1376),#858,.T.);
#291=ADVANCED_FACE('',(#1377),#87,.F.);
#292=ADVANCED_FACE('',(#1378),#859,.T.);
#293=ADVANCED_FACE('',(#1379),#860,.T.);
#294=ADVANCED_FACE('',(#1380),#88,.F.);
#295=ADVANCED_FACE('',(#1381),#861,.T.);
#296=ADVANCED_FACE('',(#1382),#89,.F.);
#297=ADVANCED_FACE('',(#1383),#862,.T.);
#298=ADVANCED_FACE('',(#1384),#863,.T.);
#299=ADVANCED_FACE('',(#1385),#864,.T.);
#300=ADVANCED_FACE('',(#1386),#865,.T.);
#301=ADVANCED_FACE('',(#1387),#866,.T.);
#302=ADVANCED_FACE('',(#1388),#90,.T.);
#303=ADVANCED_FACE('',(#1389),#867,.T.);
#304=ADVANCED_FACE('',(#1390),#91,.T.);
#305=ADVANCED_FACE('',(#1391),#868,.T.);
#306=ADVANCED_FACE('',(#1392),#869,.T.);
#307=ADVANCED_FACE('',(#1393),#870,.F.);
#308=ADVANCED_FACE('',(#1394),#871,.F.);
#309=ADVANCED_FACE('',(#1395),#872,.F.);
#310=ADVANCED_FACE('',(#1396),#873,.F.);
#311=ADVANCED_FACE('',(#1397),#874,.T.);
#312=ADVANCED_FACE('',(#1398),#875,.T.);
#313=ADVANCED_FACE('',(#1399),#876,.T.);
#314=ADVANCED_FACE('',(#1400),#877,.T.);
#315=ADVANCED_FACE('',(#1401),#878,.T.);
#316=ADVANCED_FACE('',(#1402),#879,.T.);
#317=ADVANCED_FACE('',(#1403),#880,.T.);
#318=ADVANCED_FACE('',(#1404),#881,.T.);
#319=ADVANCED_FACE('',(#1405),#92,.T.);
#320=ADVANCED_FACE('',(#1406),#882,.T.);
#321=ADVANCED_FACE('',(#1407),#93,.T.);
#322=ADVANCED_FACE('',(#1408),#883,.T.);
#323=ADVANCED_FACE('',(#1409),#884,.T.);
#324=ADVANCED_FACE('',(#1410),#885,.T.);
#325=ADVANCED_FACE('',(#1411),#886,.T.);
#326=ADVANCED_FACE('',(#1412),#887,.T.);
#327=ADVANCED_FACE('',(#1413),#94,.F.);
#328=ADVANCED_FACE('',(#1414),#888,.T.);
#329=ADVANCED_FACE('',(#1415),#95,.F.);
#330=ADVANCED_FACE('',(#1416),#889,.T.);
#331=ADVANCED_FACE('',(#1417),#890,.T.);
#332=ADVANCED_FACE('',(#1418),#96,.F.);
#333=ADVANCED_FACE('',(#1419),#891,.T.);
#334=ADVANCED_FACE('',(#1420),#97,.F.);
#335=ADVANCED_FACE('',(#1421),#892,.T.);
#336=ADVANCED_FACE('',(#1422),#893,.T.);
#337=ADVANCED_FACE('',(#1423),#894,.T.);
#338=ADVANCED_FACE('',(#1424),#895,.T.);
#339=ADVANCED_FACE('',(#1425),#896,.T.);
#340=ADVANCED_FACE('',(#1426),#98,.T.);
#341=ADVANCED_FACE('',(#1427),#897,.T.);
#342=ADVANCED_FACE('',(#1428),#99,.T.);
#343=ADVANCED_FACE('',(#1429),#898,.T.);
#344=ADVANCED_FACE('',(#1430),#899,.T.);
#345=ADVANCED_FACE('',(#1431),#900,.F.);
#346=ADVANCED_FACE('',(#1432),#901,.F.);
#347=ADVANCED_FACE('',(#1433),#902,.F.);
#348=ADVANCED_FACE('',(#1434),#903,.F.);
#349=ADVANCED_FACE('',(#1435),#904,.T.);
#350=ADVANCED_FACE('',(#1436),#905,.T.);
#351=ADVANCED_FACE('',(#1437),#906,.T.);
#352=ADVANCED_FACE('',(#1438),#907,.T.);
#353=ADVANCED_FACE('',(#1439),#908,.T.);
#354=ADVANCED_FACE('',(#1440),#909,.T.);
#355=ADVANCED_FACE('',(#1441),#910,.T.);
#356=ADVANCED_FACE('',(#1442),#911,.T.);
#357=ADVANCED_FACE('',(#1443),#100,.T.);
#358=ADVANCED_FACE('',(#1444),#912,.T.);
#359=ADVANCED_FACE('',(#1445),#101,.T.);
#360=ADVANCED_FACE('',(#1446),#913,.T.);
#361=ADVANCED_FACE('',(#1447),#914,.T.);
#362=ADVANCED_FACE('',(#1448),#915,.T.);
#363=ADVANCED_FACE('',(#1449),#916,.T.);
#364=ADVANCED_FACE('',(#1450),#917,.T.);
#365=ADVANCED_FACE('',(#1451),#102,.F.);
#366=ADVANCED_FACE('',(#1452),#918,.T.);
#367=ADVANCED_FACE('',(#1453),#103,.F.);
#368=ADVANCED_FACE('',(#1454),#919,.T.);
#369=ADVANCED_FACE('',(#1455),#920,.T.);
#370=ADVANCED_FACE('',(#1456),#104,.F.);
#371=ADVANCED_FACE('',(#1457),#921,.T.);
#372=ADVANCED_FACE('',(#1458),#105,.F.);
#373=ADVANCED_FACE('',(#1459),#922,.T.);
#374=ADVANCED_FACE('',(#1460),#923,.T.);
#375=ADVANCED_FACE('',(#1461),#924,.T.);
#376=ADVANCED_FACE('',(#1462),#925,.T.);
#377=ADVANCED_FACE('',(#1463),#926,.T.);
#378=ADVANCED_FACE('',(#1464),#106,.T.);
#379=ADVANCED_FACE('',(#1465),#927,.T.);
#380=ADVANCED_FACE('',(#1466),#107,.T.);
#381=ADVANCED_FACE('',(#1467),#928,.T.);
#382=ADVANCED_FACE('',(#1468),#929,.T.);
#383=ADVANCED_FACE('',(#1469),#930,.F.);
#384=ADVANCED_FACE('',(#1470),#931,.F.);
#385=ADVANCED_FACE('',(#1471),#932,.F.);
#386=ADVANCED_FACE('',(#1472),#933,.F.);
#387=ADVANCED_FACE('',(#1473),#934,.T.);
#388=ADVANCED_FACE('',(#1474),#935,.T.);
#389=ADVANCED_FACE('',(#1475),#936,.T.);
#390=ADVANCED_FACE('',(#1476),#937,.T.);
#391=ADVANCED_FACE('',(#1477),#938,.T.);
#392=ADVANCED_FACE('',(#1478),#939,.T.);
#393=ADVANCED_FACE('',(#1479),#940,.T.);
#394=ADVANCED_FACE('',(#1480),#941,.T.);
#395=ADVANCED_FACE('',(#1481),#108,.T.);
#396=ADVANCED_FACE('',(#1482),#942,.T.);
#397=ADVANCED_FACE('',(#1483),#109,.T.);
#398=ADVANCED_FACE('',(#1484),#943,.T.);
#399=ADVANCED_FACE('',(#1485),#944,.T.);
#400=ADVANCED_FACE('',(#1486),#945,.T.);
#401=ADVANCED_FACE('',(#1487),#946,.T.);
#402=ADVANCED_FACE('',(#1488),#947,.T.);
#403=ADVANCED_FACE('',(#1489),#110,.F.);
#404=ADVANCED_FACE('',(#1490),#948,.T.);
#405=ADVANCED_FACE('',(#1491),#111,.F.);
#406=ADVANCED_FACE('',(#1492),#949,.T.);
#407=ADVANCED_FACE('',(#1493),#950,.T.);
#408=ADVANCED_FACE('',(#1494),#112,.F.);
#409=ADVANCED_FACE('',(#1495),#951,.T.);
#410=ADVANCED_FACE('',(#1496),#113,.F.);
#411=ADVANCED_FACE('',(#1497),#952,.T.);
#412=ADVANCED_FACE('',(#1498),#953,.T.);
#413=ADVANCED_FACE('',(#1499),#954,.T.);
#414=ADVANCED_FACE('',(#1500),#955,.T.);
#415=ADVANCED_FACE('',(#1501),#956,.T.);
#416=ADVANCED_FACE('',(#1502),#114,.T.);
#417=ADVANCED_FACE('',(#1503),#957,.T.);
#418=ADVANCED_FACE('',(#1504),#115,.T.);
#419=ADVANCED_FACE('',(#1505),#958,.T.);
#420=ADVANCED_FACE('',(#1506),#959,.T.);
#421=ADVANCED_FACE('',(#1507),#960,.F.);
#422=ADVANCED_FACE('',(#1508),#961,.F.);
#423=ADVANCED_FACE('',(#1509),#962,.F.);
#424=ADVANCED_FACE('',(#1510),#963,.F.);
#425=ADVANCED_FACE('',(#1511),#964,.T.);
#426=ADVANCED_FACE('',(#1512),#965,.T.);
#427=ADVANCED_FACE('',(#1513),#966,.T.);
#428=ADVANCED_FACE('',(#1514),#967,.T.);
#429=ADVANCED_FACE('',(#1515),#968,.T.);
#430=ADVANCED_FACE('',(#1516),#969,.T.);
#431=ADVANCED_FACE('',(#1517),#970,.T.);
#432=ADVANCED_FACE('',(#1518),#971,.T.);
#433=ADVANCED_FACE('',(#1519),#116,.T.);
#434=ADVANCED_FACE('',(#1520),#972,.T.);
#435=ADVANCED_FACE('',(#1521),#117,.T.);
#436=ADVANCED_FACE('',(#1522),#973,.T.);
#437=ADVANCED_FACE('',(#1523),#974,.T.);
#438=ADVANCED_FACE('',(#1524),#975,.T.);
#439=ADVANCED_FACE('',(#1525),#976,.T.);
#440=ADVANCED_FACE('',(#1526),#977,.T.);
#441=ADVANCED_FACE('',(#1527),#118,.F.);
#442=ADVANCED_FACE('',(#1528),#978,.T.);
#443=ADVANCED_FACE('',(#1529),#119,.F.);
#444=ADVANCED_FACE('',(#1530),#979,.T.);
#445=ADVANCED_FACE('',(#1531),#980,.T.);
#446=ADVANCED_FACE('',(#1532),#120,.F.);
#447=ADVANCED_FACE('',(#1533),#981,.T.);
#448=ADVANCED_FACE('',(#1534),#121,.F.);
#449=ADVANCED_FACE('',(#1535),#982,.T.);
#450=ADVANCED_FACE('',(#1536),#983,.T.);
#451=ADVANCED_FACE('',(#1537),#984,.T.);
#452=ADVANCED_FACE('',(#1538),#985,.T.);
#453=ADVANCED_FACE('',(#1539),#986,.T.);
#454=ADVANCED_FACE('',(#1540),#122,.T.);
#455=ADVANCED_FACE('',(#1541),#987,.T.);
#456=ADVANCED_FACE('',(#1542),#123,.T.);
#457=ADVANCED_FACE('',(#1543),#988,.T.);
#458=ADVANCED_FACE('',(#1544),#989,.T.);
#459=ADVANCED_FACE('',(#1545),#990,.F.);
#460=ADVANCED_FACE('',(#1546),#991,.F.);
#461=ADVANCED_FACE('',(#1547),#992,.F.);
#462=ADVANCED_FACE('',(#1548),#993,.F.);
#463=ADVANCED_FACE('',(#1549),#994,.T.);
#464=ADVANCED_FACE('',(#1550),#995,.T.);
#465=ADVANCED_FACE('',(#1551),#996,.T.);
#466=ADVANCED_FACE('',(#1552),#997,.T.);
#467=ADVANCED_FACE('',(#1553),#998,.T.);
#468=ADVANCED_FACE('',(#1554),#999,.T.);
#469=ADVANCED_FACE('',(#1555),#1000,.T.);
#470=ADVANCED_FACE('',(#1556),#1001,.T.);
#471=ADVANCED_FACE('',(#1557),#124,.T.);
#472=ADVANCED_FACE('',(#1558),#1002,.T.);
#473=ADVANCED_FACE('',(#1559),#125,.T.);
#474=ADVANCED_FACE('',(#1560),#1003,.T.);
#475=ADVANCED_FACE('',(#1561),#1004,.T.);
#476=ADVANCED_FACE('',(#1562),#1005,.T.);
#477=ADVANCED_FACE('',(#1563),#1006,.T.);
#478=ADVANCED_FACE('',(#1564),#1007,.T.);
#479=ADVANCED_FACE('',(#1565),#126,.F.);
#480=ADVANCED_FACE('',(#1566),#1008,.T.);
#481=ADVANCED_FACE('',(#1567),#127,.F.);
#482=ADVANCED_FACE('',(#1568),#1009,.T.);
#483=ADVANCED_FACE('',(#1569),#1010,.T.);
#484=ADVANCED_FACE('',(#1570),#128,.F.);
#485=ADVANCED_FACE('',(#1571),#1011,.T.);
#486=ADVANCED_FACE('',(#1572),#129,.F.);
#487=ADVANCED_FACE('',(#1573),#1012,.T.);
#488=ADVANCED_FACE('',(#1574),#1013,.T.);
#489=ADVANCED_FACE('',(#1575),#1014,.T.);
#490=ADVANCED_FACE('',(#1576),#1015,.T.);
#491=ADVANCED_FACE('',(#1577),#1016,.T.);
#492=ADVANCED_FACE('',(#1578),#130,.T.);
#493=ADVANCED_FACE('',(#1579),#1017,.T.);
#494=ADVANCED_FACE('',(#1580),#131,.T.);
#495=ADVANCED_FACE('',(#1581),#1018,.T.);
#496=ADVANCED_FACE('',(#1582),#1019,.T.);
#497=ADVANCED_FACE('',(#1583),#1020,.F.);
#498=ADVANCED_FACE('',(#1584),#1021,.F.);
#499=ADVANCED_FACE('',(#1585),#1022,.F.);
#500=ADVANCED_FACE('',(#1586),#1023,.F.);
#501=ADVANCED_FACE('',(#1587),#1024,.T.);
#502=ADVANCED_FACE('',(#1588),#1025,.T.);
#503=ADVANCED_FACE('',(#1589),#1026,.T.);
#504=ADVANCED_FACE('',(#1590),#1027,.T.);
#505=ADVANCED_FACE('',(#1591),#1028,.T.);
#506=ADVANCED_FACE('',(#1592),#1029,.F.);
#507=ADVANCED_FACE('',(#1593),#1030,.T.);
#508=ADVANCED_FACE('',(#1594),#132,.F.);
#509=ADVANCED_FACE('',(#1595),#1031,.T.);
#510=ADVANCED_FACE('',(#1596),#133,.F.);
#511=ADVANCED_FACE('',(#1597),#1032,.T.);
#512=ADVANCED_FACE('',(#1598),#1033,.T.);
#513=ADVANCED_FACE('',(#1599),#1034,.T.);
#514=ADVANCED_FACE('',(#1600),#1035,.T.);
#515=ADVANCED_FACE('',(#1601),#1036,.T.);
#516=ADVANCED_FACE('',(#1602),#134,.T.);
#517=ADVANCED_FACE('',(#1603),#1037,.T.);
#518=ADVANCED_FACE('',(#1604),#135,.T.);
#519=ADVANCED_FACE('',(#1605),#1038,.T.);
#520=ADVANCED_FACE('',(#1606),#1039,.T.);
#521=ADVANCED_FACE('',(#1607),#1040,.F.);
#522=ADVANCED_FACE('',(#1608),#1041,.F.);
#523=ADVANCED_FACE('',(#1609),#1042,.F.);
#524=ADVANCED_FACE('',(#1610),#1043,.F.);
#525=ADVANCED_FACE('',(#1611),#1044,.T.);
#526=ADVANCED_FACE('',(#1612),#1045,.T.);
#527=ADVANCED_FACE('',(#1613),#1046,.T.);
#528=ADVANCED_FACE('',(#1614),#1047,.T.);
#529=ADVANCED_FACE('',(#1615),#1048,.T.);
#530=ADVANCED_FACE('',(#1616),#1049,.T.);
#531=ADVANCED_FACE('',(#1617),#1050,.T.);
#532=ADVANCED_FACE('',(#1618),#136,.F.);
#533=ADVANCED_FACE('',(#1619),#1051,.T.);
#534=ADVANCED_FACE('',(#1620),#137,.F.);
#535=ADVANCED_FACE('',(#1621),#1052,.T.);
#536=ADVANCED_FACE('',(#1622),#1053,.T.);
#537=ADVANCED_FACE('',(#1623),#1054,.T.);
#538=ADVANCED_FACE('',(#1624),#1055,.T.);
#539=ADVANCED_FACE('',(#1625),#1056,.T.);
#540=ADVANCED_FACE('',(#1626),#138,.T.);
#541=ADVANCED_FACE('',(#1627),#1057,.T.);
#542=ADVANCED_FACE('',(#1628),#139,.T.);
#543=ADVANCED_FACE('',(#1629),#1058,.T.);
#544=ADVANCED_FACE('',(#1630),#1059,.T.);
#545=ADVANCED_FACE('',(#1631),#140,.T.);
#546=ADVANCED_FACE('',(#1632),#1060,.T.);
#547=ADVANCED_FACE('',(#1633),#141,.T.);
#548=ADVANCED_FACE('',(#1634),#1061,.T.);
#549=ADVANCED_FACE('',(#1635),#1062,.T.);
#550=ADVANCED_FACE('',(#1636),#1063,.T.);
#551=ADVANCED_FACE('',(#1637),#1064,.T.);
#552=ADVANCED_FACE('',(#1638),#1065,.T.);
#553=ADVANCED_FACE('',(#1639),#142,.F.);
#554=ADVANCED_FACE('',(#1640),#1066,.T.);
#555=ADVANCED_FACE('',(#1641),#143,.F.);
#556=ADVANCED_FACE('',(#1642),#1067,.T.);
#557=ADVANCED_FACE('',(#1643),#1068,.T.);
#558=ADVANCED_FACE('',(#1644),#1069,.T.);
#559=ADVANCED_FACE('',(#1645),#1070,.T.);
#560=ADVANCED_FACE('',(#1646),#1071,.T.);
#561=ADVANCED_FACE('',(#1647),#1072,.T.);
#562=ADVANCED_FACE('',(#1648),#1073,.T.);
#563=ADVANCED_FACE('',(#1649),#1074,.F.);
#564=ADVANCED_FACE('',(#1650),#1075,.F.);
#565=ADVANCED_FACE('',(#1651),#1076,.F.);
#566=ADVANCED_FACE('',(#1652),#1077,.F.);
#567=ADVANCED_FACE('',(#1653),#1078,.F.);
#568=ADVANCED_FACE('',(#1654),#1079,.F.);
#569=ADVANCED_FACE('',(#1655),#1080,.T.);
#570=ADVANCED_FACE('',(#1656),#1081,.T.);
#571=ADVANCED_FACE('',(#1657),#1082,.T.);
#572=ADVANCED_FACE('',(#1658),#1083,.T.);
#573=ADVANCED_FACE('',(#1659),#1084,.T.);
#574=ADVANCED_FACE('',(#1660),#1085,.T.);
#575=ADVANCED_FACE('',(#1661),#1086,.T.);
#576=ADVANCED_FACE('',(#1662),#1087,.T.);
#577=ADVANCED_FACE('',(#1663),#1088,.T.);
#578=ADVANCED_FACE('',(#1664),#1089,.T.);
#579=ADVANCED_FACE('',(#1665),#1090,.F.);
#580=ADVANCED_FACE('',(#1666),#1091,.T.);
#581=ADVANCED_FACE('',(#1667),#1092,.T.);
#582=ADVANCED_FACE('',(#1668),#1093,.T.);
#583=ADVANCED_FACE('',(#37,#38),#1094,.T.);
#584=ADVANCED_FACE('',(#1669),#1095,.T.);
#585=ADVANCED_FACE('',(#1670),#1096,.F.);
#586=ADVANCED_FACE('',(#1671),#1097,.F.);
#587=ADVANCED_FACE('',(#1672),#1098,.F.);
#588=ADVANCED_FACE('',(#1673),#1099,.F.);
#589=ADVANCED_FACE('',(#1674),#1100,.T.);
#590=ADVANCED_FACE('',(#1675),#1101,.F.);
#591=ADVANCED_FACE('',(#1676),#1102,.F.);
#592=ADVANCED_FACE('',(#1677),#1103,.F.);
#593=ADVANCED_FACE('',(#1678),#1104,.F.);
#594=ADVANCED_FACE('',(#1679),#1105,.F.);
#595=ADVANCED_FACE('',(#1680),#1106,.F.);
#596=ADVANCED_FACE('',(#1681),#1107,.F.);
#597=ADVANCED_FACE('',(#1682),#1108,.F.);
#598=ADVANCED_FACE('',(#1683),#1109,.F.);
#599=ADVANCED_FACE('',(#1684),#1110,.F.);
#600=ADVANCED_FACE('',(#1685),#1111,.F.);
#601=ADVANCED_FACE('',(#1686),#1112,.F.);
#602=ADVANCED_FACE('',(#1687),#1113,.F.);
#603=ADVANCED_FACE('',(#1688),#1114,.F.);
#604=ADVANCED_FACE('',(#1689),#1115,.F.);
#605=ADVANCED_FACE('',(#1690),#1116,.F.);
#606=ADVANCED_FACE('',(#1691),#1117,.F.);
#607=ADVANCED_FACE('',(#1692),#1118,.F.);
#608=ADVANCED_FACE('',(#1693),#1119,.F.);
#609=ADVANCED_FACE('',(#1694),#1120,.F.);
#610=ADVANCED_FACE('',(#1695),#1121,.T.);
#611=ADVANCED_FACE('',(#1696),#1122,.F.);
#612=ADVANCED_FACE('',(#1697),#1123,.F.);
#613=ADVANCED_FACE('',(#1698),#1124,.F.);
#614=ADVANCED_FACE('',(#1699),#1125,.F.);
#615=ADVANCED_FACE('',(#1700),#1126,.F.);
#616=ADVANCED_FACE('',(#1701),#1127,.F.);
#617=ADVANCED_FACE('',(#1702),#1128,.F.);
#618=ADVANCED_FACE('',(#1703),#1129,.F.);
#619=ADVANCED_FACE('',(#1704),#1130,.F.);
#620=ADVANCED_FACE('',(#1705),#1131,.F.);
#621=ADVANCED_FACE('',(#1706),#1132,.T.);
#622=ADVANCED_FACE('',(#1707),#1133,.F.);
#623=ADVANCED_FACE('',(#1708),#1134,.T.);
#624=ADVANCED_FACE('',(#1709),#1135,.T.);
#625=ADVANCED_FACE('',(#1710),#1136,.T.);
#626=ADVANCED_FACE('',(#1711),#1137,.T.);
#627=ADVANCED_FACE('',(#1712),#1138,.F.);
#628=ADVANCED_FACE('',(#1713),#1139,.F.);
#629=ADVANCED_FACE('',(#1714),#1140,.F.);
#630=ADVANCED_FACE('',(#1715),#1141,.F.);
#631=ADVANCED_FACE('',(#39,#40,#41,#42,#43,#44,#45,#46,#47,#48,#49,#50,
#51,#52,#53,#54,#55,#56,#57,#58,#59),#1142,.F.);
#632=ADVANCED_FACE('',(#1716),#1143,.F.);
#633=ADVANCED_FACE('',(#1717),#1144,.F.);
#634=ADVANCED_FACE('',(#1718),#1145,.F.);
#635=ADVANCED_FACE('',(#1719),#1146,.F.);
#636=ADVANCED_FACE('',(#1720),#1147,.F.);
#637=ADVANCED_FACE('',(#1721),#1148,.F.);
#638=ADVANCED_FACE('',(#1722),#1149,.F.);
#639=ADVANCED_FACE('',(#1723),#1150,.F.);
#640=ADVANCED_FACE('',(#1724),#1151,.F.);
#641=ADVANCED_FACE('',(#1725),#1152,.F.);
#642=ADVANCED_FACE('',(#1726),#1153,.F.);
#643=ADVANCED_FACE('',(#1727),#1154,.T.);
#644=ADVANCED_FACE('',(#1728),#1155,.T.);
#645=ADVANCED_FACE('',(#1729),#1156,.T.);
#646=ADVANCED_FACE('',(#1730),#1157,.T.);
#647=ADVANCED_FACE('',(#1731),#1158,.F.);
#648=ADVANCED_FACE('',(#1732),#1159,.F.);
#649=ADVANCED_FACE('',(#1733),#1160,.F.);
#650=ADVANCED_FACE('',(#1734),#1161,.F.);
#651=ADVANCED_FACE('',(#1735),#1162,.T.);
#652=ADVANCED_FACE('',(#1736),#1163,.F.);
#653=ADVANCED_FACE('',(#1737),#1164,.F.);
#654=ADVANCED_FACE('',(#1738),#1165,.F.);
#655=ADVANCED_FACE('',(#1739),#1166,.T.);
#656=ADVANCED_FACE('',(#1740),#1167,.T.);
#657=ADVANCED_FACE('',(#1741),#1168,.F.);
#658=ADVANCED_FACE('',(#1742),#1169,.T.);
#659=ADVANCED_FACE('',(#1743),#1170,.F.);
#660=ADVANCED_FACE('',(#1744),#33,.T.);
#661=ADVANCED_FACE('',(#1745),#34,.T.);
#662=ADVANCED_FACE('',(#1746),#144,.T.);
#663=ADVANCED_FACE('',(#1747),#145,.T.);
#664=ADVANCED_FACE('',(#1748),#35,.T.);
#665=ADVANCED_FACE('',(#1749),#1171,.T.);
#666=ADVANCED_FACE('',(#1750),#36,.T.);
#667=ADVANCED_FACE('',(#1751),#146,.T.);
#668=ADVANCED_FACE('',(#1752),#147,.T.);
#669=ADVANCED_FACE('',(#60,#61),#1172,.F.);
#670=ADVANCED_FACE('',(#62,#63),#1173,.F.);
#671=ADVANCED_FACE('',(#1753),#1174,.F.);
#672=ADVANCED_FACE('',(#1754),#1175,.F.);
#673=ADVANCED_FACE('',(#1755),#1176,.F.);
#674=ADVANCED_FACE('',(#1756),#1177,.T.);
#675=ADVANCED_FACE('',(#1757),#1178,.T.);
#676=ADVANCED_FACE('',(#1758),#1179,.T.);
#677=ADVANCED_FACE('',(#1759),#1180,.T.);
#678=ADVANCED_FACE('',(#1760),#1181,.T.);
#679=ADVANCED_FACE('',(#1761),#148,.F.);
#680=ADVANCED_FACE('',(#1762),#1182,.T.);
#681=ADVANCED_FACE('',(#1763),#149,.F.);
#682=ADVANCED_FACE('',(#1764),#1183,.T.);
#683=ADVANCED_FACE('',(#1765),#1184,.T.);
#684=ADVANCED_FACE('',(#1766),#1185,.T.);
#685=ADVANCED_FACE('',(#1767),#150,.T.);
#686=ADVANCED_FACE('',(#1768),#1186,.F.);
#687=ADVANCED_FACE('',(#1769),#151,.T.);
#688=ADVANCED_FACE('',(#1770),#1187,.T.);
#689=ADVANCED_FACE('',(#1771),#1188,.T.);
#690=ADVANCED_FACE('',(#1772),#1189,.T.);
#691=ADVANCED_FACE('',(#1773),#1190,.T.);
#692=ADVANCED_FACE('',(#1774),#1191,.T.);
#693=ADVANCED_FACE('',(#1775),#1192,.T.);
#694=ADVANCED_FACE('',(#1776),#1193,.T.);
#695=ADVANCED_FACE('',(#1777),#1194,.F.);
#696=ADVANCED_FACE('',(#1778),#1195,.F.);
#697=ADVANCED_FACE('',(#1779),#1196,.F.);
#698=ADVANCED_FACE('',(#1780),#1197,.T.);
#699=ADVANCED_FACE('',(#1781),#1198,.T.);
#700=ADVANCED_FACE('',(#1782),#152,.F.);
#701=ADVANCED_FACE('',(#1783),#1199,.T.);
#702=ADVANCED_FACE('',(#1784),#153,.F.);
#703=ADVANCED_FACE('',(#1785),#1200,.T.);
#704=ADVANCED_FACE('',(#1786),#1201,.T.);
#705=ADVANCED_FACE('',(#1787),#1202,.T.);
#706=ADVANCED_FACE('',(#1788),#1203,.T.);
#707=ADVANCED_FACE('',(#1789),#1204,.F.);
#708=ADVANCED_FACE('',(#1790),#154,.T.);
#709=ADVANCED_FACE('',(#1791),#1205,.F.);
#710=ADVANCED_FACE('',(#1792),#1206,.T.);
#711=ADVANCED_FACE('',(#1793),#1207,.T.);
#712=ADVANCED_FACE('',(#1794),#1208,.F.);
#713=ADVANCED_FACE('',(#1795),#1209,.F.);
#714=ADVANCED_FACE('',(#1796),#1210,.F.);
#715=ADVANCED_FACE('',(#1797),#1211,.F.);
#716=ADVANCED_FACE('',(#1798),#1212,.F.);
#717=ADVANCED_FACE('',(#1799),#1213,.T.);
#718=ADVANCED_FACE('',(#1800),#1214,.T.);
#719=ADVANCED_FACE('',(#1801),#1215,.T.);
#720=ADVANCED_FACE('',(#1802),#1216,.T.);
#721=ADVANCED_FACE('',(#1803),#155,.T.);
#722=ADVANCED_FACE('',(#1804),#1217,.T.);
#723=ADVANCED_FACE('',(#1805),#1218,.T.);
#724=ADVANCED_FACE('',(#1806),#1219,.T.);
#725=ADVANCED_FACE('',(#1807),#1220,.T.);
#726=ADVANCED_FACE('',(#1808),#1221,.T.);
#727=ADVANCED_FACE('',(#1809),#1222,.T.);
#728=ADVANCED_FACE('',(#1810),#1223,.T.);
#729=ADVANCED_FACE('',(#1811),#1224,.T.);
#730=ADVANCED_FACE('',(#1812),#1225,.F.);
#731=ADVANCED_FACE('',(#1813),#1226,.F.);
#732=ADVANCED_FACE('',(#1814),#1227,.F.);
#733=ADVANCED_FACE('',(#1815),#1228,.F.);
#734=ADVANCED_FACE('',(#1816),#1229,.T.);
#735=ADVANCED_FACE('',(#1817),#1230,.T.);
#736=ADVANCED_FACE('',(#1818),#1231,.F.);
#737=ADVANCED_FACE('',(#1819),#1232,.T.);
#738=ADVANCED_FACE('',(#1820),#1233,.T.);
#739=ADVANCED_FACE('',(#1821),#1234,.T.);
#740=ADVANCED_FACE('',(#1822),#1235,.T.);
#741=ADVANCED_FACE('',(#1823),#1236,.F.);
#742=ADVANCED_FACE('',(#1824),#1237,.F.);
#743=ADVANCED_FACE('',(#1825),#1238,.F.);
#744=ADVANCED_FACE('',(#1826),#1239,.F.);
#745=ADVANCED_FACE('',(#1827),#1240,.F.);
#746=ADVANCED_FACE('',(#1828),#1241,.F.);
#747=PLANE('',#12353);
#748=PLANE('',#12354);
#749=PLANE('',#12355);
#750=PLANE('',#12356);
#751=PLANE('',#12357);
#752=PLANE('',#12358);
#753=PLANE('',#12359);
#754=PLANE('',#12360);
#755=PLANE('',#12361);
#756=PLANE('',#12362);
#757=PLANE('',#12363);
#758=PLANE('',#12364);
#759=PLANE('',#12365);
#760=PLANE('',#12366);
#761=PLANE('',#12367);
#762=PLANE('',#12368);
#763=PLANE('',#12369);
#764=PLANE('',#12370);
#765=PLANE('',#12371);
#766=PLANE('',#12372);
#767=PLANE('',#12376);
#768=PLANE('',#12380);
#769=PLANE('',#12381);
#770=PLANE('',#12382);
#771=PLANE('',#12383);
#772=PLANE('',#12384);
#773=PLANE('',#12388);
#774=PLANE('',#12392);
#775=PLANE('',#12393);
#776=PLANE('',#12394);
#777=PLANE('',#12395);
#778=PLANE('',#12396);
#779=PLANE('',#12397);
#780=PLANE('',#12398);
#781=PLANE('',#12399);
#782=PLANE('',#12400);
#783=PLANE('',#12401);
#784=PLANE('',#12402);
#785=PLANE('',#12403);
#786=PLANE('',#12404);
#787=PLANE('',#12405);
#788=PLANE('',#12406);
#789=PLANE('',#12407);
#790=PLANE('',#12408);
#791=PLANE('',#12412);
#792=PLANE('',#12416);
#793=PLANE('',#12417);
#794=PLANE('',#12418);
#795=PLANE('',#12419);
#796=PLANE('',#12420);
#797=PLANE('',#12424);
#798=PLANE('',#12428);
#799=PLANE('',#12429);
#800=PLANE('',#12430);
#801=PLANE('',#12434);
#802=PLANE('',#12438);
#803=PLANE('',#12439);
#804=PLANE('',#12440);
#805=PLANE('',#12441);
#806=PLANE('',#12442);
#807=PLANE('',#12446);
#808=PLANE('',#12450);
#809=PLANE('',#12451);
#810=PLANE('',#12452);
#811=PLANE('',#12453);
#812=PLANE('',#12454);
#813=PLANE('',#12455);
#814=PLANE('',#12456);
#815=PLANE('',#12457);
#816=PLANE('',#12458);
#817=PLANE('',#12459);
#818=PLANE('',#12460);
#819=PLANE('',#12461);
#820=PLANE('',#12462);
#821=PLANE('',#12463);
#822=PLANE('',#12467);
#823=PLANE('',#12471);
#824=PLANE('',#12472);
#825=PLANE('',#12473);
#826=PLANE('',#12474);
#827=PLANE('',#12475);
#828=PLANE('',#12479);
#829=PLANE('',#12483);
#830=PLANE('',#12484);
#831=PLANE('',#12488);
#832=PLANE('',#12492);
#833=PLANE('',#12493);
#834=PLANE('',#12494);
#835=PLANE('',#12495);
#836=PLANE('',#12496);
#837=PLANE('',#12500);
#838=PLANE('',#12504);
#839=PLANE('',#12505);
#840=PLANE('',#12506);
#841=PLANE('',#12507);
#842=PLANE('',#12508);
#843=PLANE('',#12509);
#844=PLANE('',#12510);
#845=PLANE('',#12511);
#846=PLANE('',#12512);
#847=PLANE('',#12513);
#848=PLANE('',#12514);
#849=PLANE('',#12515);
#850=PLANE('',#12516);
#851=PLANE('',#12517);
#852=PLANE('',#12521);
#853=PLANE('',#12525);
#854=PLANE('',#12526);
#855=PLANE('',#12527);
#856=PLANE('',#12528);
#857=PLANE('',#12529);
#858=PLANE('',#12533);
#859=PLANE('',#12537);
#860=PLANE('',#12538);
#861=PLANE('',#12542);
#862=PLANE('',#12546);
#863=PLANE('',#12547);
#864=PLANE('',#12548);
#865=PLANE('',#12549);
#866=PLANE('',#12550);
#867=PLANE('',#12554);
#868=PLANE('',#12558);
#869=PLANE('',#12559);
#870=PLANE('',#12560);
#871=PLANE('',#12561);
#872=PLANE('',#12562);
#873=PLANE('',#12563);
#874=PLANE('',#12564);
#875=PLANE('',#12565);
#876=PLANE('',#12566);
#877=PLANE('',#12567);
#878=PLANE('',#12568);
#879=PLANE('',#12569);
#880=PLANE('',#12570);
#881=PLANE('',#12571);
#882=PLANE('',#12575);
#883=PLANE('',#12579);
#884=PLANE('',#12580);
#885=PLANE('',#12581);
#886=PLANE('',#12582);
#887=PLANE('',#12583);
#888=PLANE('',#12587);
#889=PLANE('',#12591);
#890=PLANE('',#12592);
#891=PLANE('',#12596);
#892=PLANE('',#12600);
#893=PLANE('',#12601);
#894=PLANE('',#12602);
#895=PLANE('',#12603);
#896=PLANE('',#12604);
#897=PLANE('',#12608);
#898=PLANE('',#12612);
#899=PLANE('',#12613);
#900=PLANE('',#12614);
#901=PLANE('',#12615);
#902=PLANE('',#12616);
#903=PLANE('',#12617);
#904=PLANE('',#12618);
#905=PLANE('',#12619);
#906=PLANE('',#12620);
#907=PLANE('',#12621);
#908=PLANE('',#12622);
#909=PLANE('',#12623);
#910=PLANE('',#12624);
#911=PLANE('',#12625);
#912=PLANE('',#12629);
#913=PLANE('',#12633);
#914=PLANE('',#12634);
#915=PLANE('',#12635);
#916=PLANE('',#12636);
#917=PLANE('',#12637);
#918=PLANE('',#12641);
#919=PLANE('',#12645);
#920=PLANE('',#12646);
#921=PLANE('',#12650);
#922=PLANE('',#12654);
#923=PLANE('',#12655);
#924=PLANE('',#12656);
#925=PLANE('',#12657);
#926=PLANE('',#12658);
#927=PLANE('',#12662);
#928=PLANE('',#12666);
#929=PLANE('',#12667);
#930=PLANE('',#12668);
#931=PLANE('',#12669);
#932=PLANE('',#12670);
#933=PLANE('',#12671);
#934=PLANE('',#12672);
#935=PLANE('',#12673);
#936=PLANE('',#12674);
#937=PLANE('',#12675);
#938=PLANE('',#12676);
#939=PLANE('',#12677);
#940=PLANE('',#12678);
#941=PLANE('',#12679);
#942=PLANE('',#12683);
#943=PLANE('',#12687);
#944=PLANE('',#12688);
#945=PLANE('',#12689);
#946=PLANE('',#12690);
#947=PLANE('',#12691);
#948=PLANE('',#12695);
#949=PLANE('',#12699);
#950=PLANE('',#12700);
#951=PLANE('',#12704);
#952=PLANE('',#12708);
#953=PLANE('',#12709);
#954=PLANE('',#12710);
#955=PLANE('',#12711);
#956=PLANE('',#12712);
#957=PLANE('',#12716);
#958=PLANE('',#12720);
#959=PLANE('',#12721);
#960=PLANE('',#12722);
#961=PLANE('',#12723);
#962=PLANE('',#12724);
#963=PLANE('',#12725);
#964=PLANE('',#12726);
#965=PLANE('',#12727);
#966=PLANE('',#12728);
#967=PLANE('',#12729);
#968=PLANE('',#12730);
#969=PLANE('',#12731);
#970=PLANE('',#12732);
#971=PLANE('',#12733);
#972=PLANE('',#12737);
#973=PLANE('',#12741);
#974=PLANE('',#12742);
#975=PLANE('',#12743);
#976=PLANE('',#12744);
#977=PLANE('',#12745);
#978=PLANE('',#12749);
#979=PLANE('',#12753);
#980=PLANE('',#12754);
#981=PLANE('',#12758);
#982=PLANE('',#12762);
#983=PLANE('',#12763);
#984=PLANE('',#12764);
#985=PLANE('',#12765);
#986=PLANE('',#12766);
#987=PLANE('',#12770);
#988=PLANE('',#12774);
#989=PLANE('',#12775);
#990=PLANE('',#12776);
#991=PLANE('',#12777);
#992=PLANE('',#12778);
#993=PLANE('',#12779);
#994=PLANE('',#12780);
#995=PLANE('',#12781);
#996=PLANE('',#12782);
#997=PLANE('',#12783);
#998=PLANE('',#12784);
#999=PLANE('',#12785);
#1000=PLANE('',#12786);
#1001=PLANE('',#12787);
#1002=PLANE('',#12791);
#1003=PLANE('',#12795);
#1004=PLANE('',#12796);
#1005=PLANE('',#12797);
#1006=PLANE('',#12798);
#1007=PLANE('',#12799);
#1008=PLANE('',#12803);
#1009=PLANE('',#12807);
#1010=PLANE('',#12808);
#1011=PLANE('',#12812);
#1012=PLANE('',#12816);
#1013=PLANE('',#12817);
#1014=PLANE('',#12818);
#1015=PLANE('',#12819);
#1016=PLANE('',#12820);
#1017=PLANE('',#12824);
#1018=PLANE('',#12828);
#1019=PLANE('',#12829);
#1020=PLANE('',#12830);
#1021=PLANE('',#12831);
#1022=PLANE('',#12832);
#1023=PLANE('',#12833);
#1024=PLANE('',#12834);
#1025=PLANE('',#12835);
#1026=PLANE('',#12836);
#1027=PLANE('',#12837);
#1028=PLANE('',#12838);
#1029=PLANE('',#12839);
#1030=PLANE('',#12840);
#1031=PLANE('',#12844);
#1032=PLANE('',#12848);
#1033=PLANE('',#12849);
#1034=PLANE('',#12850);
#1035=PLANE('',#12851);
#1036=PLANE('',#12852);
#1037=PLANE('',#12856);
#1038=PLANE('',#12860);
#1039=PLANE('',#12861);
#1040=PLANE('',#12862);
#1041=PLANE('',#12863);
#1042=PLANE('',#12864);
#1043=PLANE('',#12865);
#1044=PLANE('',#12866);
#1045=PLANE('',#12867);
#1046=PLANE('',#12868);
#1047=PLANE('',#12869);
#1048=PLANE('',#12870);
#1049=PLANE('',#12871);
#1050=PLANE('',#12872);
#1051=PLANE('',#12876);
#1052=PLANE('',#12880);
#1053=PLANE('',#12881);
#1054=PLANE('',#12882);
#1055=PLANE('',#12883);
#1056=PLANE('',#12884);
#1057=PLANE('',#12888);
#1058=PLANE('',#12892);
#1059=PLANE('',#12893);
#1060=PLANE('',#12897);
#1061=PLANE('',#12901);
#1062=PLANE('',#12902);
#1063=PLANE('',#12903);
#1064=PLANE('',#12904);
#1065=PLANE('',#12905);
#1066=PLANE('',#12909);
#1067=PLANE('',#12913);
#1068=PLANE('',#12914);
#1069=PLANE('',#12915);
#1070=PLANE('',#12916);
#1071=PLANE('',#12917);
#1072=PLANE('',#12918);
#1073=PLANE('',#12919);
#1074=PLANE('',#12920);
#1075=PLANE('',#12921);
#1076=PLANE('',#12922);
#1077=PLANE('',#12923);
#1078=PLANE('',#12924);
#1079=PLANE('',#12925);
#1080=PLANE('',#12926);
#1081=PLANE('',#12927);
#1082=PLANE('',#12928);
#1083=PLANE('',#12929);
#1084=PLANE('',#12930);
#1085=PLANE('',#12931);
#1086=PLANE('',#12932);
#1087=PLANE('',#12933);
#1088=PLANE('',#12934);
#1089=PLANE('',#12935);
#1090=PLANE('',#12936);
#1091=PLANE('',#12937);
#1092=PLANE('',#12938);
#1093=PLANE('',#12939);
#1094=PLANE('',#12940);
#1095=PLANE('',#12941);
#1096=PLANE('',#12942);
#1097=PLANE('',#12943);
#1098=PLANE('',#12944);
#1099=PLANE('',#12945);
#1100=PLANE('',#12946);
#1101=PLANE('',#12947);
#1102=PLANE('',#12948);
#1103=PLANE('',#12949);
#1104=PLANE('',#12950);
#1105=PLANE('',#12951);
#1106=PLANE('',#12952);
#1107=PLANE('',#12953);
#1108=PLANE('',#12954);
#1109=PLANE('',#12955);
#1110=PLANE('',#12956);
#1111=PLANE('',#12957);
#1112=PLANE('',#12958);
#1113=PLANE('',#12959);
#1114=PLANE('',#12960);
#1115=PLANE('',#12961);
#1116=PLANE('',#12962);
#1117=PLANE('',#12963);
#1118=PLANE('',#12964);
#1119=PLANE('',#12965);
#1120=PLANE('',#12966);
#1121=PLANE('',#12967);
#1122=PLANE('',#12968);
#1123=PLANE('',#12969);
#1124=PLANE('',#12970);
#1125=PLANE('',#12971);
#1126=PLANE('',#12972);
#1127=PLANE('',#12973);
#1128=PLANE('',#12974);
#1129=PLANE('',#12975);
#1130=PLANE('',#12976);
#1131=PLANE('',#12977);
#1132=PLANE('',#12978);
#1133=PLANE('',#12979);
#1134=PLANE('',#12980);
#1135=PLANE('',#12981);
#1136=PLANE('',#12982);
#1137=PLANE('',#12983);
#1138=PLANE('',#12984);
#1139=PLANE('',#12985);
#1140=PLANE('',#12986);
#1141=PLANE('',#12987);
#1142=PLANE('',#12988);
#1143=PLANE('',#12989);
#1144=PLANE('',#12990);
#1145=PLANE('',#12991);
#1146=PLANE('',#12992);
#1147=PLANE('',#12993);
#1148=PLANE('',#12994);
#1149=PLANE('',#12995);
#1150=PLANE('',#12996);
#1151=PLANE('',#12997);
#1152=PLANE('',#12998);
#1153=PLANE('',#12999);
#1154=PLANE('',#13000);
#1155=PLANE('',#13001);
#1156=PLANE('',#13002);
#1157=PLANE('',#13003);
#1158=PLANE('',#13004);
#1159=PLANE('',#13005);
#1160=PLANE('',#13006);
#1161=PLANE('',#13007);
#1162=PLANE('',#13008);
#1163=PLANE('',#13009);
#1164=PLANE('',#13010);
#1165=PLANE('',#13011);
#1166=PLANE('',#13012);
#1167=PLANE('',#13013);
#1168=PLANE('',#13014);
#1169=PLANE('',#13015);
#1170=PLANE('',#13016);
#1171=PLANE('',#13029);
#1172=PLANE('',#13036);
#1173=PLANE('',#13037);
#1174=PLANE('',#13038);
#1175=PLANE('',#13039);
#1176=PLANE('',#13040);
#1177=PLANE('',#13041);
#1178=PLANE('',#13042);
#1179=PLANE('',#13043);
#1180=PLANE('',#13044);
#1181=PLANE('',#13045);
#1182=PLANE('',#13051);
#1183=PLANE('',#13057);
#1184=PLANE('',#13058);
#1185=PLANE('',#13059);
#1186=PLANE('',#13066);
#1187=PLANE('',#13071);
#1188=PLANE('',#13072);
#1189=PLANE('',#13073);
#1190=PLANE('',#13074);
#1191=PLANE('',#13075);
#1192=PLANE('',#13078);
#1193=PLANE('',#13081);
#1194=PLANE('',#13082);
#1195=PLANE('',#13083);
#1196=PLANE('',#13084);
#1197=PLANE('',#13085);
#1198=PLANE('',#13086);
#1199=PLANE('',#13091);
#1200=PLANE('',#13096);
#1201=PLANE('',#13097);
#1202=PLANE('',#13098);
#1203=PLANE('',#13099);
#1204=PLANE('',#13102);
#1205=PLANE('',#13107);
#1206=PLANE('',#13108);
#1207=PLANE('',#13109);
#1208=PLANE('',#13110);
#1209=PLANE('',#13111);
#1210=PLANE('',#13112);
#1211=PLANE('',#13113);
#1212=PLANE('',#13114);
#1213=PLANE('',#13115);
#1214=PLANE('',#13116);
#1215=PLANE('',#13117);
#1216=PLANE('',#13118);
#1217=PLANE('',#13121);
#1218=PLANE('',#13122);
#1219=PLANE('',#13123);
#1220=PLANE('',#13124);
#1221=PLANE('',#13125);
#1222=PLANE('',#13126);
#1223=PLANE('',#13127);
#1224=PLANE('',#13128);
#1225=PLANE('',#13129);
#1226=PLANE('',#13130);
#1227=PLANE('',#13131);
#1228=PLANE('',#13132);
#1229=PLANE('',#13133);
#1230=PLANE('',#13134);
#1231=PLANE('',#13135);
#1232=PLANE('',#13136);
#1233=PLANE('',#13137);
#1234=PLANE('',#13138);
#1235=PLANE('',#13139);
#1236=PLANE('',#13140);
#1237=PLANE('',#13141);
#1238=PLANE('',#13142);
#1239=PLANE('',#13143);
#1240=PLANE('',#13144);
#1241=PLANE('',#13145);
#1242=FACE_OUTER_BOUND('',#1829,.T.);
#1243=FACE_OUTER_BOUND('',#1830,.T.);
#1244=FACE_OUTER_BOUND('',#1831,.T.);
#1245=FACE_OUTER_BOUND('',#1832,.T.);
#1246=FACE_OUTER_BOUND('',#1833,.T.);
#1247=FACE_OUTER_BOUND('',#1834,.T.);
#1248=FACE_OUTER_BOUND('',#1835,.T.);
#1249=FACE_OUTER_BOUND('',#1836,.T.);
#1250=FACE_OUTER_BOUND('',#1837,.T.);
#1251=FACE_OUTER_BOUND('',#1838,.T.);
#1252=FACE_OUTER_BOUND('',#1839,.T.);
#1253=FACE_OUTER_BOUND('',#1840,.T.);
#1254=FACE_OUTER_BOUND('',#1841,.T.);
#1255=FACE_OUTER_BOUND('',#1842,.T.);
#1256=FACE_OUTER_BOUND('',#1843,.T.);
#1257=FACE_OUTER_BOUND('',#1844,.T.);
#1258=FACE_OUTER_BOUND('',#1845,.T.);
#1259=FACE_OUTER_BOUND('',#1846,.T.);
#1260=FACE_OUTER_BOUND('',#1847,.T.);
#1261=FACE_OUTER_BOUND('',#1848,.T.);
#1262=FACE_OUTER_BOUND('',#1849,.T.);
#1263=FACE_OUTER_BOUND('',#1850,.T.);
#1264=FACE_OUTER_BOUND('',#1851,.T.);
#1265=FACE_OUTER_BOUND('',#1852,.T.);
#1266=FACE_OUTER_BOUND('',#1853,.T.);
#1267=FACE_OUTER_BOUND('',#1854,.T.);
#1268=FACE_OUTER_BOUND('',#1855,.T.);
#1269=FACE_OUTER_BOUND('',#1856,.T.);
#1270=FACE_OUTER_BOUND('',#1857,.T.);
#1271=FACE_OUTER_BOUND('',#1858,.T.);
#1272=FACE_OUTER_BOUND('',#1859,.T.);
#1273=FACE_OUTER_BOUND('',#1860,.T.);
#1274=FACE_OUTER_BOUND('',#1861,.T.);
#1275=FACE_OUTER_BOUND('',#1862,.T.);
#1276=FACE_OUTER_BOUND('',#1863,.T.);
#1277=FACE_OUTER_BOUND('',#1864,.T.);
#1278=FACE_OUTER_BOUND('',#1865,.T.);
#1279=FACE_OUTER_BOUND('',#1866,.T.);
#1280=FACE_OUTER_BOUND('',#1867,.T.);
#1281=FACE_OUTER_BOUND('',#1868,.T.);
#1282=FACE_OUTER_BOUND('',#1869,.T.);
#1283=FACE_OUTER_BOUND('',#1870,.T.);
#1284=FACE_OUTER_BOUND('',#1871,.T.);
#1285=FACE_OUTER_BOUND('',#1872,.T.);
#1286=FACE_OUTER_BOUND('',#1873,.T.);
#1287=FACE_OUTER_BOUND('',#1874,.T.);
#1288=FACE_OUTER_BOUND('',#1875,.T.);
#1289=FACE_OUTER_BOUND('',#1876,.T.);
#1290=FACE_OUTER_BOUND('',#1877,.T.);
#1291=FACE_OUTER_BOUND('',#1878,.T.);
#1292=FACE_OUTER_BOUND('',#1879,.T.);
#1293=FACE_OUTER_BOUND('',#1880,.T.);
#1294=FACE_OUTER_BOUND('',#1881,.T.);
#1295=FACE_OUTER_BOUND('',#1882,.T.);
#1296=FACE_OUTER_BOUND('',#1883,.T.);
#1297=FACE_OUTER_BOUND('',#1884,.T.);
#1298=FACE_OUTER_BOUND('',#1885,.T.);
#1299=FACE_OUTER_BOUND('',#1886,.T.);
#1300=FACE_OUTER_BOUND('',#1887,.T.);
#1301=FACE_OUTER_BOUND('',#1888,.T.);
#1302=FACE_OUTER_BOUND('',#1889,.T.);
#1303=FACE_OUTER_BOUND('',#1890,.T.);
#1304=FACE_OUTER_BOUND('',#1891,.T.);
#1305=FACE_OUTER_BOUND('',#1892,.T.);
#1306=FACE_OUTER_BOUND('',#1893,.T.);
#1307=FACE_OUTER_BOUND('',#1894,.T.);
#1308=FACE_OUTER_BOUND('',#1895,.T.);
#1309=FACE_OUTER_BOUND('',#1896,.T.);
#1310=FACE_OUTER_BOUND('',#1897,.T.);
#1311=FACE_OUTER_BOUND('',#1898,.T.);
#1312=FACE_OUTER_BOUND('',#1899,.T.);
#1313=FACE_OUTER_BOUND('',#1900,.T.);
#1314=FACE_OUTER_BOUND('',#1901,.T.);
#1315=FACE_OUTER_BOUND('',#1902,.T.);
#1316=FACE_OUTER_BOUND('',#1903,.T.);
#1317=FACE_OUTER_BOUND('',#1904,.T.);
#1318=FACE_OUTER_BOUND('',#1905,.T.);
#1319=FACE_OUTER_BOUND('',#1906,.T.);
#1320=FACE_OUTER_BOUND('',#1907,.T.);
#1321=FACE_OUTER_BOUND('',#1908,.T.);
#1322=FACE_OUTER_BOUND('',#1909,.T.);
#1323=FACE_OUTER_BOUND('',#1910,.T.);
#1324=FACE_OUTER_BOUND('',#1911,.T.);
#1325=FACE_OUTER_BOUND('',#1912,.T.);
#1326=FACE_OUTER_BOUND('',#1913,.T.);
#1327=FACE_OUTER_BOUND('',#1914,.T.);
#1328=FACE_OUTER_BOUND('',#1915,.T.);
#1329=FACE_OUTER_BOUND('',#1916,.T.);
#1330=FACE_OUTER_BOUND('',#1917,.T.);
#1331=FACE_OUTER_BOUND('',#1918,.T.);
#1332=FACE_OUTER_BOUND('',#1919,.T.);
#1333=FACE_OUTER_BOUND('',#1920,.T.);
#1334=FACE_OUTER_BOUND('',#1921,.T.);
#1335=FACE_OUTER_BOUND('',#1922,.T.);
#1336=FACE_OUTER_BOUND('',#1923,.T.);
#1337=FACE_OUTER_BOUND('',#1924,.T.);
#1338=FACE_OUTER_BOUND('',#1925,.T.);
#1339=FACE_OUTER_BOUND('',#1926,.T.);
#1340=FACE_OUTER_BOUND('',#1927,.T.);
#1341=FACE_OUTER_BOUND('',#1928,.T.);
#1342=FACE_OUTER_BOUND('',#1929,.T.);
#1343=FACE_OUTER_BOUND('',#1930,.T.);
#1344=FACE_OUTER_BOUND('',#1931,.T.);
#1345=FACE_OUTER_BOUND('',#1932,.T.);
#1346=FACE_OUTER_BOUND('',#1933,.T.);
#1347=FACE_OUTER_BOUND('',#1934,.T.);
#1348=FACE_OUTER_BOUND('',#1935,.T.);
#1349=FACE_OUTER_BOUND('',#1936,.T.);
#1350=FACE_OUTER_BOUND('',#1937,.T.);
#1351=FACE_OUTER_BOUND('',#1938,.T.);
#1352=FACE_OUTER_BOUND('',#1939,.T.);
#1353=FACE_OUTER_BOUND('',#1940,.T.);
#1354=FACE_OUTER_BOUND('',#1941,.T.);
#1355=FACE_OUTER_BOUND('',#1942,.T.);
#1356=FACE_OUTER_BOUND('',#1943,.T.);
#1357=FACE_OUTER_BOUND('',#1944,.T.);
#1358=FACE_OUTER_BOUND('',#1945,.T.);
#1359=FACE_OUTER_BOUND('',#1946,.T.);
#1360=FACE_OUTER_BOUND('',#1947,.T.);
#1361=FACE_OUTER_BOUND('',#1948,.T.);
#1362=FACE_OUTER_BOUND('',#1949,.T.);
#1363=FACE_OUTER_BOUND('',#1950,.T.);
#1364=FACE_OUTER_BOUND('',#1951,.T.);
#1365=FACE_OUTER_BOUND('',#1952,.T.);
#1366=FACE_OUTER_BOUND('',#1953,.T.);
#1367=FACE_OUTER_BOUND('',#1954,.T.);
#1368=FACE_OUTER_BOUND('',#1955,.T.);
#1369=FACE_OUTER_BOUND('',#1956,.T.);
#1370=FACE_OUTER_BOUND('',#1957,.T.);
#1371=FACE_OUTER_BOUND('',#1958,.T.);
#1372=FACE_OUTER_BOUND('',#1959,.T.);
#1373=FACE_OUTER_BOUND('',#1960,.T.);
#1374=FACE_OUTER_BOUND('',#1961,.T.);
#1375=FACE_OUTER_BOUND('',#1962,.T.);
#1376=FACE_OUTER_BOUND('',#1963,.T.);
#1377=FACE_OUTER_BOUND('',#1964,.T.);
#1378=FACE_OUTER_BOUND('',#1965,.T.);
#1379=FACE_OUTER_BOUND('',#1966,.T.);
#1380=FACE_OUTER_BOUND('',#1967,.T.);
#1381=FACE_OUTER_BOUND('',#1968,.T.);
#1382=FACE_OUTER_BOUND('',#1969,.T.);
#1383=FACE_OUTER_BOUND('',#1970,.T.);
#1384=FACE_OUTER_BOUND('',#1971,.T.);
#1385=FACE_OUTER_BOUND('',#1972,.T.);
#1386=FACE_OUTER_BOUND('',#1973,.T.);
#1387=FACE_OUTER_BOUND('',#1974,.T.);
#1388=FACE_OUTER_BOUND('',#1975,.T.);
#1389=FACE_OUTER_BOUND('',#1976,.T.);
#1390=FACE_OUTER_BOUND('',#1977,.T.);
#1391=FACE_OUTER_BOUND('',#1978,.T.);
#1392=FACE_OUTER_BOUND('',#1979,.T.);
#1393=FACE_OUTER_BOUND('',#1980,.T.);
#1394=FACE_OUTER_BOUND('',#1981,.T.);
#1395=FACE_OUTER_BOUND('',#1982,.T.);
#1396=FACE_OUTER_BOUND('',#1983,.T.);
#1397=FACE_OUTER_BOUND('',#1984,.T.);
#1398=FACE_OUTER_BOUND('',#1985,.T.);
#1399=FACE_OUTER_BOUND('',#1986,.T.);
#1400=FACE_OUTER_BOUND('',#1987,.T.);
#1401=FACE_OUTER_BOUND('',#1988,.T.);
#1402=FACE_OUTER_BOUND('',#1989,.T.);
#1403=FACE_OUTER_BOUND('',#1990,.T.);
#1404=FACE_OUTER_BOUND('',#1991,.T.);
#1405=FACE_OUTER_BOUND('',#1992,.T.);
#1406=FACE_OUTER_BOUND('',#1993,.T.);
#1407=FACE_OUTER_BOUND('',#1994,.T.);
#1408=FACE_OUTER_BOUND('',#1995,.T.);
#1409=FACE_OUTER_BOUND('',#1996,.T.);
#1410=FACE_OUTER_BOUND('',#1997,.T.);
#1411=FACE_OUTER_BOUND('',#1998,.T.);
#1412=FACE_OUTER_BOUND('',#1999,.T.);
#1413=FACE_OUTER_BOUND('',#2000,.T.);
#1414=FACE_OUTER_BOUND('',#2001,.T.);
#1415=FACE_OUTER_BOUND('',#2002,.T.);
#1416=FACE_OUTER_BOUND('',#2003,.T.);
#1417=FACE_OUTER_BOUND('',#2004,.T.);
#1418=FACE_OUTER_BOUND('',#2005,.T.);
#1419=FACE_OUTER_BOUND('',#2006,.T.);
#1420=FACE_OUTER_BOUND('',#2007,.T.);
#1421=FACE_OUTER_BOUND('',#2008,.T.);
#1422=FACE_OUTER_BOUND('',#2009,.T.);
#1423=FACE_OUTER_BOUND('',#2010,.T.);
#1424=FACE_OUTER_BOUND('',#2011,.T.);
#1425=FACE_OUTER_BOUND('',#2012,.T.);
#1426=FACE_OUTER_BOUND('',#2013,.T.);
#1427=FACE_OUTER_BOUND('',#2014,.T.);
#1428=FACE_OUTER_BOUND('',#2015,.T.);
#1429=FACE_OUTER_BOUND('',#2016,.T.);
#1430=FACE_OUTER_BOUND('',#2017,.T.);
#1431=FACE_OUTER_BOUND('',#2018,.T.);
#1432=FACE_OUTER_BOUND('',#2019,.T.);
#1433=FACE_OUTER_BOUND('',#2020,.T.);
#1434=FACE_OUTER_BOUND('',#2021,.T.);
#1435=FACE_OUTER_BOUND('',#2022,.T.);
#1436=FACE_OUTER_BOUND('',#2023,.T.);
#1437=FACE_OUTER_BOUND('',#2024,.T.);
#1438=FACE_OUTER_BOUND('',#2025,.T.);
#1439=FACE_OUTER_BOUND('',#2026,.T.);
#1440=FACE_OUTER_BOUND('',#2027,.T.);
#1441=FACE_OUTER_BOUND('',#2028,.T.);
#1442=FACE_OUTER_BOUND('',#2029,.T.);
#1443=FACE_OUTER_BOUND('',#2030,.T.);
#1444=FACE_OUTER_BOUND('',#2031,.T.);
#1445=FACE_OUTER_BOUND('',#2032,.T.);
#1446=FACE_OUTER_BOUND('',#2033,.T.);
#1447=FACE_OUTER_BOUND('',#2034,.T.);
#1448=FACE_OUTER_BOUND('',#2035,.T.);
#1449=FACE_OUTER_BOUND('',#2036,.T.);
#1450=FACE_OUTER_BOUND('',#2037,.T.);
#1451=FACE_OUTER_BOUND('',#2038,.T.);
#1452=FACE_OUTER_BOUND('',#2039,.T.);
#1453=FACE_OUTER_BOUND('',#2040,.T.);
#1454=FACE_OUTER_BOUND('',#2041,.T.);
#1455=FACE_OUTER_BOUND('',#2042,.T.);
#1456=FACE_OUTER_BOUND('',#2043,.T.);
#1457=FACE_OUTER_BOUND('',#2044,.T.);
#1458=FACE_OUTER_BOUND('',#2045,.T.);
#1459=FACE_OUTER_BOUND('',#2046,.T.);
#1460=FACE_OUTER_BOUND('',#2047,.T.);
#1461=FACE_OUTER_BOUND('',#2048,.T.);
#1462=FACE_OUTER_BOUND('',#2049,.T.);
#1463=FACE_OUTER_BOUND('',#2050,.T.);
#1464=FACE_OUTER_BOUND('',#2051,.T.);
#1465=FACE_OUTER_BOUND('',#2052,.T.);
#1466=FACE_OUTER_BOUND('',#2053,.T.);
#1467=FACE_OUTER_BOUND('',#2054,.T.);
#1468=FACE_OUTER_BOUND('',#2055,.T.);
#1469=FACE_OUTER_BOUND('',#2056,.T.);
#1470=FACE_OUTER_BOUND('',#2057,.T.);
#1471=FACE_OUTER_BOUND('',#2058,.T.);
#1472=FACE_OUTER_BOUND('',#2059,.T.);
#1473=FACE_OUTER_BOUND('',#2060,.T.);
#1474=FACE_OUTER_BOUND('',#2061,.T.);
#1475=FACE_OUTER_BOUND('',#2062,.T.);
#1476=FACE_OUTER_BOUND('',#2063,.T.);
#1477=FACE_OUTER_BOUND('',#2064,.T.);
#1478=FACE_OUTER_BOUND('',#2065,.T.);
#1479=FACE_OUTER_BOUND('',#2066,.T.);
#1480=FACE_OUTER_BOUND('',#2067,.T.);
#1481=FACE_OUTER_BOUND('',#2068,.T.);
#1482=FACE_OUTER_BOUND('',#2069,.T.);
#1483=FACE_OUTER_BOUND('',#2070,.T.);
#1484=FACE_OUTER_BOUND('',#2071,.T.);
#1485=FACE_OUTER_BOUND('',#2072,.T.);
#1486=FACE_OUTER_BOUND('',#2073,.T.);
#1487=FACE_OUTER_BOUND('',#2074,.T.);
#1488=FACE_OUTER_BOUND('',#2075,.T.);
#1489=FACE_OUTER_BOUND('',#2076,.T.);
#1490=FACE_OUTER_BOUND('',#2077,.T.);
#1491=FACE_OUTER_BOUND('',#2078,.T.);
#1492=FACE_OUTER_BOUND('',#2079,.T.);
#1493=FACE_OUTER_BOUND('',#2080,.T.);
#1494=FACE_OUTER_BOUND('',#2081,.T.);
#1495=FACE_OUTER_BOUND('',#2082,.T.);
#1496=FACE_OUTER_BOUND('',#2083,.T.);
#1497=FACE_OUTER_BOUND('',#2084,.T.);
#1498=FACE_OUTER_BOUND('',#2085,.T.);
#1499=FACE_OUTER_BOUND('',#2086,.T.);
#1500=FACE_OUTER_BOUND('',#2087,.T.);
#1501=FACE_OUTER_BOUND('',#2088,.T.);
#1502=FACE_OUTER_BOUND('',#2089,.T.);
#1503=FACE_OUTER_BOUND('',#2090,.T.);
#1504=FACE_OUTER_BOUND('',#2091,.T.);
#1505=FACE_OUTER_BOUND('',#2092,.T.);
#1506=FACE_OUTER_BOUND('',#2093,.T.);
#1507=FACE_OUTER_BOUND('',#2094,.T.);
#1508=FACE_OUTER_BOUND('',#2095,.T.);
#1509=FACE_OUTER_BOUND('',#2096,.T.);
#1510=FACE_OUTER_BOUND('',#2097,.T.);
#1511=FACE_OUTER_BOUND('',#2098,.T.);
#1512=FACE_OUTER_BOUND('',#2099,.T.);
#1513=FACE_OUTER_BOUND('',#2100,.T.);
#1514=FACE_OUTER_BOUND('',#2101,.T.);
#1515=FACE_OUTER_BOUND('',#2102,.T.);
#1516=FACE_OUTER_BOUND('',#2103,.T.);
#1517=FACE_OUTER_BOUND('',#2104,.T.);
#1518=FACE_OUTER_BOUND('',#2105,.T.);
#1519=FACE_OUTER_BOUND('',#2106,.T.);
#1520=FACE_OUTER_BOUND('',#2107,.T.);
#1521=FACE_OUTER_BOUND('',#2108,.T.);
#1522=FACE_OUTER_BOUND('',#2109,.T.);
#1523=FACE_OUTER_BOUND('',#2110,.T.);
#1524=FACE_OUTER_BOUND('',#2111,.T.);
#1525=FACE_OUTER_BOUND('',#2112,.T.);
#1526=FACE_OUTER_BOUND('',#2113,.T.);
#1527=FACE_OUTER_BOUND('',#2114,.T.);
#1528=FACE_OUTER_BOUND('',#2115,.T.);
#1529=FACE_OUTER_BOUND('',#2116,.T.);
#1530=FACE_OUTER_BOUND('',#2117,.T.);
#1531=FACE_OUTER_BOUND('',#2118,.T.);
#1532=FACE_OUTER_BOUND('',#2119,.T.);
#1533=FACE_OUTER_BOUND('',#2120,.T.);
#1534=FACE_OUTER_BOUND('',#2121,.T.);
#1535=FACE_OUTER_BOUND('',#2122,.T.);
#1536=FACE_OUTER_BOUND('',#2123,.T.);
#1537=FACE_OUTER_BOUND('',#2124,.T.);
#1538=FACE_OUTER_BOUND('',#2125,.T.);
#1539=FACE_OUTER_BOUND('',#2126,.T.);
#1540=FACE_OUTER_BOUND('',#2127,.T.);
#1541=FACE_OUTER_BOUND('',#2128,.T.);
#1542=FACE_OUTER_BOUND('',#2129,.T.);
#1543=FACE_OUTER_BOUND('',#2130,.T.);
#1544=FACE_OUTER_BOUND('',#2131,.T.);
#1545=FACE_OUTER_BOUND('',#2132,.T.);
#1546=FACE_OUTER_BOUND('',#2133,.T.);
#1547=FACE_OUTER_BOUND('',#2134,.T.);
#1548=FACE_OUTER_BOUND('',#2135,.T.);
#1549=FACE_OUTER_BOUND('',#2136,.T.);
#1550=FACE_OUTER_BOUND('',#2137,.T.);
#1551=FACE_OUTER_BOUND('',#2138,.T.);
#1552=FACE_OUTER_BOUND('',#2139,.T.);
#1553=FACE_OUTER_BOUND('',#2140,.T.);
#1554=FACE_OUTER_BOUND('',#2141,.T.);
#1555=FACE_OUTER_BOUND('',#2142,.T.);
#1556=FACE_OUTER_BOUND('',#2143,.T.);
#1557=FACE_OUTER_BOUND('',#2144,.T.);
#1558=FACE_OUTER_BOUND('',#2145,.T.);
#1559=FACE_OUTER_BOUND('',#2146,.T.);
#1560=FACE_OUTER_BOUND('',#2147,.T.);
#1561=FACE_OUTER_BOUND('',#2148,.T.);
#1562=FACE_OUTER_BOUND('',#2149,.T.);
#1563=FACE_OUTER_BOUND('',#2150,.T.);
#1564=FACE_OUTER_BOUND('',#2151,.T.);
#1565=FACE_OUTER_BOUND('',#2152,.T.);
#1566=FACE_OUTER_BOUND('',#2153,.T.);
#1567=FACE_OUTER_BOUND('',#2154,.T.);
#1568=FACE_OUTER_BOUND('',#2155,.T.);
#1569=FACE_OUTER_BOUND('',#2156,.T.);
#1570=FACE_OUTER_BOUND('',#2157,.T.);
#1571=FACE_OUTER_BOUND('',#2158,.T.);
#1572=FACE_OUTER_BOUND('',#2159,.T.);
#1573=FACE_OUTER_BOUND('',#2160,.T.);
#1574=FACE_OUTER_BOUND('',#2161,.T.);
#1575=FACE_OUTER_BOUND('',#2162,.T.);
#1576=FACE_OUTER_BOUND('',#2163,.T.);
#1577=FACE_OUTER_BOUND('',#2164,.T.);
#1578=FACE_OUTER_BOUND('',#2165,.T.);
#1579=FACE_OUTER_BOUND('',#2166,.T.);
#1580=FACE_OUTER_BOUND('',#2167,.T.);
#1581=FACE_OUTER_BOUND('',#2168,.T.);
#1582=FACE_OUTER_BOUND('',#2169,.T.);
#1583=FACE_OUTER_BOUND('',#2170,.T.);
#1584=FACE_OUTER_BOUND('',#2171,.T.);
#1585=FACE_OUTER_BOUND('',#2172,.T.);
#1586=FACE_OUTER_BOUND('',#2173,.T.);
#1587=FACE_OUTER_BOUND('',#2174,.T.);
#1588=FACE_OUTER_BOUND('',#2175,.T.);
#1589=FACE_OUTER_BOUND('',#2176,.T.);
#1590=FACE_OUTER_BOUND('',#2177,.T.);
#1591=FACE_OUTER_BOUND('',#2178,.T.);
#1592=FACE_OUTER_BOUND('',#2179,.T.);
#1593=FACE_OUTER_BOUND('',#2180,.T.);
#1594=FACE_OUTER_BOUND('',#2181,.T.);
#1595=FACE_OUTER_BOUND('',#2182,.T.);
#1596=FACE_OUTER_BOUND('',#2183,.T.);
#1597=FACE_OUTER_BOUND('',#2184,.T.);
#1598=FACE_OUTER_BOUND('',#2185,.T.);
#1599=FACE_OUTER_BOUND('',#2186,.T.);
#1600=FACE_OUTER_BOUND('',#2187,.T.);
#1601=FACE_OUTER_BOUND('',#2188,.T.);
#1602=FACE_OUTER_BOUND('',#2189,.T.);
#1603=FACE_OUTER_BOUND('',#2190,.T.);
#1604=FACE_OUTER_BOUND('',#2191,.T.);
#1605=FACE_OUTER_BOUND('',#2192,.T.);
#1606=FACE_OUTER_BOUND('',#2193,.T.);
#1607=FACE_OUTER_BOUND('',#2194,.T.);
#1608=FACE_OUTER_BOUND('',#2195,.T.);
#1609=FACE_OUTER_BOUND('',#2196,.T.);
#1610=FACE_OUTER_BOUND('',#2197,.T.);
#1611=FACE_OUTER_BOUND('',#2198,.T.);
#1612=FACE_OUTER_BOUND('',#2199,.T.);
#1613=FACE_OUTER_BOUND('',#2200,.T.);
#1614=FACE_OUTER_BOUND('',#2201,.T.);
#1615=FACE_OUTER_BOUND('',#2202,.T.);
#1616=FACE_OUTER_BOUND('',#2203,.T.);
#1617=FACE_OUTER_BOUND('',#2204,.T.);
#1618=FACE_OUTER_BOUND('',#2205,.T.);
#1619=FACE_OUTER_BOUND('',#2206,.T.);
#1620=FACE_OUTER_BOUND('',#2207,.T.);
#1621=FACE_OUTER_BOUND('',#2208,.T.);
#1622=FACE_OUTER_BOUND('',#2209,.T.);
#1623=FACE_OUTER_BOUND('',#2210,.T.);
#1624=FACE_OUTER_BOUND('',#2211,.T.);
#1625=FACE_OUTER_BOUND('',#2212,.T.);
#1626=FACE_OUTER_BOUND('',#2213,.T.);
#1627=FACE_OUTER_BOUND('',#2214,.T.);
#1628=FACE_OUTER_BOUND('',#2215,.T.);
#1629=FACE_OUTER_BOUND('',#2216,.T.);
#1630=FACE_OUTER_BOUND('',#2217,.T.);
#1631=FACE_OUTER_BOUND('',#2218,.T.);
#1632=FACE_OUTER_BOUND('',#2219,.T.);
#1633=FACE_OUTER_BOUND('',#2220,.T.);
#1634=FACE_OUTER_BOUND('',#2221,.T.);
#1635=FACE_OUTER_BOUND('',#2222,.T.);
#1636=FACE_OUTER_BOUND('',#2223,.T.);
#1637=FACE_OUTER_BOUND('',#2224,.T.);
#1638=FACE_OUTER_BOUND('',#2225,.T.);
#1639=FACE_OUTER_BOUND('',#2226,.T.);
#1640=FACE_OUTER_BOUND('',#2227,.T.);
#1641=FACE_OUTER_BOUND('',#2228,.T.);
#1642=FACE_OUTER_BOUND('',#2229,.T.);
#1643=FACE_OUTER_BOUND('',#2230,.T.);
#1644=FACE_OUTER_BOUND('',#2231,.T.);
#1645=FACE_OUTER_BOUND('',#2232,.T.);
#1646=FACE_OUTER_BOUND('',#2233,.T.);
#1647=FACE_OUTER_BOUND('',#2234,.T.);
#1648=FACE_OUTER_BOUND('',#2235,.T.);
#1649=FACE_OUTER_BOUND('',#2236,.T.);
#1650=FACE_OUTER_BOUND('',#2237,.T.);
#1651=FACE_OUTER_BOUND('',#2238,.T.);
#1652=FACE_OUTER_BOUND('',#2239,.T.);
#1653=FACE_OUTER_BOUND('',#2240,.T.);
#1654=FACE_OUTER_BOUND('',#2241,.T.);
#1655=FACE_OUTER_BOUND('',#2242,.T.);
#1656=FACE_OUTER_BOUND('',#2243,.T.);
#1657=FACE_OUTER_BOUND('',#2244,.T.);
#1658=FACE_OUTER_BOUND('',#2245,.T.);
#1659=FACE_OUTER_BOUND('',#2246,.T.);
#1660=FACE_OUTER_BOUND('',#2247,.T.);
#1661=FACE_OUTER_BOUND('',#2248,.T.);
#1662=FACE_OUTER_BOUND('',#2249,.T.);
#1663=FACE_OUTER_BOUND('',#2250,.T.);
#1664=FACE_OUTER_BOUND('',#2251,.T.);
#1665=FACE_OUTER_BOUND('',#2252,.T.);
#1666=FACE_OUTER_BOUND('',#2253,.T.);
#1667=FACE_OUTER_BOUND('',#2254,.T.);
#1668=FACE_OUTER_BOUND('',#2255,.T.);
#1669=FACE_OUTER_BOUND('',#2258,.T.);
#1670=FACE_OUTER_BOUND('',#2259,.T.);
#1671=FACE_OUTER_BOUND('',#2260,.T.);
#1672=FACE_OUTER_BOUND('',#2261,.T.);
#1673=FACE_OUTER_BOUND('',#2262,.T.);
#1674=FACE_OUTER_BOUND('',#2263,.T.);
#1675=FACE_OUTER_BOUND('',#2264,.T.);
#1676=FACE_OUTER_BOUND('',#2265,.T.);
#1677=FACE_OUTER_BOUND('',#2266,.T.);
#1678=FACE_OUTER_BOUND('',#2267,.T.);
#1679=FACE_OUTER_BOUND('',#2268,.T.);
#1680=FACE_OUTER_BOUND('',#2269,.T.);
#1681=FACE_OUTER_BOUND('',#2270,.T.);
#1682=FACE_OUTER_BOUND('',#2271,.T.);
#1683=FACE_OUTER_BOUND('',#2272,.T.);
#1684=FACE_OUTER_BOUND('',#2273,.T.);
#1685=FACE_OUTER_BOUND('',#2274,.T.);
#1686=FACE_OUTER_BOUND('',#2275,.T.);
#1687=FACE_OUTER_BOUND('',#2276,.T.);
#1688=FACE_OUTER_BOUND('',#2277,.T.);
#1689=FACE_OUTER_BOUND('',#2278,.T.);
#1690=FACE_OUTER_BOUND('',#2279,.T.);
#1691=FACE_OUTER_BOUND('',#2280,.T.);
#1692=FACE_OUTER_BOUND('',#2281,.T.);
#1693=FACE_OUTER_BOUND('',#2282,.T.);
#1694=FACE_OUTER_BOUND('',#2283,.T.);
#1695=FACE_OUTER_BOUND('',#2284,.T.);
#1696=FACE_OUTER_BOUND('',#2285,.T.);
#1697=FACE_OUTER_BOUND('',#2286,.T.);
#1698=FACE_OUTER_BOUND('',#2287,.T.);
#1699=FACE_OUTER_BOUND('',#2288,.T.);
#1700=FACE_OUTER_BOUND('',#2289,.T.);
#1701=FACE_OUTER_BOUND('',#2290,.T.);
#1702=FACE_OUTER_BOUND('',#2291,.T.);
#1703=FACE_OUTER_BOUND('',#2292,.T.);
#1704=FACE_OUTER_BOUND('',#2293,.T.);
#1705=FACE_OUTER_BOUND('',#2294,.T.);
#1706=FACE_OUTER_BOUND('',#2295,.T.);
#1707=FACE_OUTER_BOUND('',#2296,.T.);
#1708=FACE_OUTER_BOUND('',#2297,.T.);
#1709=FACE_OUTER_BOUND('',#2298,.T.);
#1710=FACE_OUTER_BOUND('',#2299,.T.);
#1711=FACE_OUTER_BOUND('',#2300,.T.);
#1712=FACE_OUTER_BOUND('',#2301,.T.);
#1713=FACE_OUTER_BOUND('',#2302,.T.);
#1714=FACE_OUTER_BOUND('',#2303,.T.);
#1715=FACE_OUTER_BOUND('',#2304,.T.);
#1716=FACE_OUTER_BOUND('',#2326,.T.);
#1717=FACE_OUTER_BOUND('',#2327,.T.);
#1718=FACE_OUTER_BOUND('',#2328,.T.);
#1719=FACE_OUTER_BOUND('',#2329,.T.);
#1720=FACE_OUTER_BOUND('',#2330,.T.);
#1721=FACE_OUTER_BOUND('',#2331,.T.);
#1722=FACE_OUTER_BOUND('',#2332,.T.);
#1723=FACE_OUTER_BOUND('',#2333,.T.);
#1724=FACE_OUTER_BOUND('',#2334,.T.);
#1725=FACE_OUTER_BOUND('',#2335,.T.);
#1726=FACE_OUTER_BOUND('',#2336,.T.);
#1727=FACE_OUTER_BOUND('',#2337,.T.);
#1728=FACE_OUTER_BOUND('',#2338,.T.);
#1729=FACE_OUTER_BOUND('',#2339,.T.);
#1730=FACE_OUTER_BOUND('',#2340,.T.);
#1731=FACE_OUTER_BOUND('',#2341,.T.);
#1732=FACE_OUTER_BOUND('',#2342,.T.);
#1733=FACE_OUTER_BOUND('',#2343,.T.);
#1734=FACE_OUTER_BOUND('',#2344,.T.);
#1735=FACE_OUTER_BOUND('',#2345,.T.);
#1736=FACE_OUTER_BOUND('',#2346,.T.);
#1737=FACE_OUTER_BOUND('',#2347,.T.);
#1738=FACE_OUTER_BOUND('',#2348,.T.);
#1739=FACE_OUTER_BOUND('',#2349,.T.);
#1740=FACE_OUTER_BOUND('',#2350,.T.);
#1741=FACE_OUTER_BOUND('',#2351,.T.);
#1742=FACE_OUTER_BOUND('',#2352,.T.);
#1743=FACE_OUTER_BOUND('',#2353,.T.);
#1744=FACE_OUTER_BOUND('',#2354,.T.);
#1745=FACE_OUTER_BOUND('',#2355,.T.);
#1746=FACE_OUTER_BOUND('',#2356,.T.);
#1747=FACE_OUTER_BOUND('',#2357,.T.);
#1748=FACE_OUTER_BOUND('',#2358,.T.);
#1749=FACE_OUTER_BOUND('',#2359,.T.);
#1750=FACE_OUTER_BOUND('',#2360,.T.);
#1751=FACE_OUTER_BOUND('',#2361,.T.);
#1752=FACE_OUTER_BOUND('',#2362,.T.);
#1753=FACE_OUTER_BOUND('',#2367,.T.);
#1754=FACE_OUTER_BOUND('',#2368,.T.);
#1755=FACE_OUTER_BOUND('',#2369,.T.);
#1756=FACE_OUTER_BOUND('',#2370,.T.);
#1757=FACE_OUTER_BOUND('',#2371,.T.);
#1758=FACE_OUTER_BOUND('',#2372,.T.);
#1759=FACE_OUTER_BOUND('',#2373,.T.);
#1760=FACE_OUTER_BOUND('',#2374,.T.);
#1761=FACE_OUTER_BOUND('',#2375,.T.);
#1762=FACE_OUTER_BOUND('',#2376,.T.);
#1763=FACE_OUTER_BOUND('',#2377,.T.);
#1764=FACE_OUTER_BOUND('',#2378,.T.);
#1765=FACE_OUTER_BOUND('',#2379,.T.);
#1766=FACE_OUTER_BOUND('',#2380,.T.);
#1767=FACE_OUTER_BOUND('',#2381,.T.);
#1768=FACE_OUTER_BOUND('',#2382,.T.);
#1769=FACE_OUTER_BOUND('',#2383,.T.);
#1770=FACE_OUTER_BOUND('',#2384,.T.);
#1771=FACE_OUTER_BOUND('',#2385,.T.);
#1772=FACE_OUTER_BOUND('',#2386,.T.);
#1773=FACE_OUTER_BOUND('',#2387,.T.);
#1774=FACE_OUTER_BOUND('',#2388,.T.);
#1775=FACE_OUTER_BOUND('',#2389,.T.);
#1776=FACE_OUTER_BOUND('',#2390,.T.);
#1777=FACE_OUTER_BOUND('',#2391,.T.);
#1778=FACE_OUTER_BOUND('',#2392,.T.);
#1779=FACE_OUTER_BOUND('',#2393,.T.);
#1780=FACE_OUTER_BOUND('',#2394,.T.);
#1781=FACE_OUTER_BOUND('',#2395,.T.);
#1782=FACE_OUTER_BOUND('',#2396,.T.);
#1783=FACE_OUTER_BOUND('',#2397,.T.);
#1784=FACE_OUTER_BOUND('',#2398,.T.);
#1785=FACE_OUTER_BOUND('',#2399,.T.);
#1786=FACE_OUTER_BOUND('',#2400,.T.);
#1787=FACE_OUTER_BOUND('',#2401,.T.);
#1788=FACE_OUTER_BOUND('',#2402,.T.);
#1789=FACE_OUTER_BOUND('',#2403,.T.);
#1790=FACE_OUTER_BOUND('',#2404,.T.);
#1791=FACE_OUTER_BOUND('',#2405,.T.);
#1792=FACE_OUTER_BOUND('',#2406,.T.);
#1793=FACE_OUTER_BOUND('',#2407,.T.);
#1794=FACE_OUTER_BOUND('',#2408,.T.);
#1795=FACE_OUTER_BOUND('',#2409,.T.);
#1796=FACE_OUTER_BOUND('',#2410,.T.);
#1797=FACE_OUTER_BOUND('',#2411,.T.);
#1798=FACE_OUTER_BOUND('',#2412,.T.);
#1799=FACE_OUTER_BOUND('',#2413,.T.);
#1800=FACE_OUTER_BOUND('',#2414,.T.);
#1801=FACE_OUTER_BOUND('',#2415,.T.);
#1802=FACE_OUTER_BOUND('',#2416,.T.);
#1803=FACE_OUTER_BOUND('',#2417,.T.);
#1804=FACE_OUTER_BOUND('',#2418,.T.);
#1805=FACE_OUTER_BOUND('',#2419,.T.);
#1806=FACE_OUTER_BOUND('',#2420,.T.);
#1807=FACE_OUTER_BOUND('',#2421,.T.);
#1808=FACE_OUTER_BOUND('',#2422,.T.);
#1809=FACE_OUTER_BOUND('',#2423,.T.);
#1810=FACE_OUTER_BOUND('',#2424,.T.);
#1811=FACE_OUTER_BOUND('',#2425,.T.);
#1812=FACE_OUTER_BOUND('',#2426,.T.);
#1813=FACE_OUTER_BOUND('',#2427,.T.);
#1814=FACE_OUTER_BOUND('',#2428,.T.);
#1815=FACE_OUTER_BOUND('',#2429,.T.);
#1816=FACE_OUTER_BOUND('',#2430,.T.);
#1817=FACE_OUTER_BOUND('',#2431,.T.);
#1818=FACE_OUTER_BOUND('',#2432,.T.);
#1819=FACE_OUTER_BOUND('',#2433,.T.);
#1820=FACE_OUTER_BOUND('',#2434,.T.);
#1821=FACE_OUTER_BOUND('',#2435,.T.);
#1822=FACE_OUTER_BOUND('',#2436,.T.);
#1823=FACE_OUTER_BOUND('',#2437,.T.);
#1824=FACE_OUTER_BOUND('',#2438,.T.);
#1825=FACE_OUTER_BOUND('',#2439,.T.);
#1826=FACE_OUTER_BOUND('',#2440,.T.);
#1827=FACE_OUTER_BOUND('',#2441,.T.);
#1828=FACE_OUTER_BOUND('',#2442,.T.);
#1829=EDGE_LOOP('',(#2443,#2444,#2445,#2446));
#1830=EDGE_LOOP('',(#2447,#2448,#2449,#2450));
#1831=EDGE_LOOP('',(#2451,#2452,#2453,#2454));
#1832=EDGE_LOOP('',(#2455,#2456,#2457,#2458));
#1833=EDGE_LOOP('',(#2459,#2460,#2461,#2462));
#1834=EDGE_LOOP('',(#2463,#2464,#2465,#2466));
#1835=EDGE_LOOP('',(#2467,#2468,#2469,#2470));
#1836=EDGE_LOOP('',(#2471,#2472,#2473,#2474));
#1837=EDGE_LOOP('',(#2475,#2476,#2477,#2478));
#1838=EDGE_LOOP('',(#2479,#2480,#2481,#2482));
#1839=EDGE_LOOP('',(#2483,#2484,#2485,#2486));
#1840=EDGE_LOOP('',(#2487,#2488,#2489,#2490));
#1841=EDGE_LOOP('',(#2491,#2492,#2493,#2494));
#1842=EDGE_LOOP('',(#2495,#2496,#2497,#2498));
#1843=EDGE_LOOP('',(#2499,#2500,#2501,#2502));
#1844=EDGE_LOOP('',(#2503,#2504,#2505,#2506));
#1845=EDGE_LOOP('',(#2507,#2508,#2509,#2510));
#1846=EDGE_LOOP('',(#2511,#2512,#2513,#2514));
#1847=EDGE_LOOP('',(#2515,#2516,#2517,#2518));
#1848=EDGE_LOOP('',(#2519,#2520,#2521,#2522));
#1849=EDGE_LOOP('',(#2523,#2524,#2525,#2526));
#1850=EDGE_LOOP('',(#2527,#2528,#2529,#2530));
#1851=EDGE_LOOP('',(#2531,#2532,#2533,#2534));
#1852=EDGE_LOOP('',(#2535,#2536,#2537,#2538));
#1853=EDGE_LOOP('',(#2539,#2540,#2541,#2542));
#1854=EDGE_LOOP('',(#2543,#2544,#2545,#2546));
#1855=EDGE_LOOP('',(#2547,#2548,#2549,#2550));
#1856=EDGE_LOOP('',(#2551,#2552,#2553,#2554));
#1857=EDGE_LOOP('',(#2555,#2556,#2557,#2558));
#1858=EDGE_LOOP('',(#2559,#2560,#2561,#2562));
#1859=EDGE_LOOP('',(#2563,#2564,#2565,#2566));
#1860=EDGE_LOOP('',(#2567,#2568,#2569,#2570));
#1861=EDGE_LOOP('',(#2571,#2572,#2573,#2574));
#1862=EDGE_LOOP('',(#2575,#2576,#2577,#2578));
#1863=EDGE_LOOP('',(#2579,#2580,#2581,#2582));
#1864=EDGE_LOOP('',(#2583,#2584,#2585,#2586));
#1865=EDGE_LOOP('',(#2587,#2588,#2589,#2590));
#1866=EDGE_LOOP('',(#2591,#2592,#2593,#2594));
#1867=EDGE_LOOP('',(#2595,#2596,#2597,#2598));
#1868=EDGE_LOOP('',(#2599,#2600,#2601,#2602));
#1869=EDGE_LOOP('',(#2603,#2604,#2605,#2606));
#1870=EDGE_LOOP('',(#2607,#2608,#2609,#2610));
#1871=EDGE_LOOP('',(#2611,#2612,#2613,#2614));
#1872=EDGE_LOOP('',(#2615,#2616,#2617,#2618,#2619,#2620,#2621,#2622));
#1873=EDGE_LOOP('',(#2623,#2624,#2625,#2626));
#1874=EDGE_LOOP('',(#2627,#2628,#2629,#2630));
#1875=EDGE_LOOP('',(#2631,#2632,#2633,#2634));
#1876=EDGE_LOOP('',(#2635,#2636,#2637,#2638));
#1877=EDGE_LOOP('',(#2639,#2640,#2641,#2642));
#1878=EDGE_LOOP('',(#2643,#2644,#2645,#2646));
#1879=EDGE_LOOP('',(#2647,#2648,#2649,#2650));
#1880=EDGE_LOOP('',(#2651,#2652,#2653,#2654));
#1881=EDGE_LOOP('',(#2655,#2656,#2657,#2658));
#1882=EDGE_LOOP('',(#2659,#2660,#2661,#2662));
#1883=EDGE_LOOP('',(#2663,#2664,#2665,#2666));
#1884=EDGE_LOOP('',(#2667,#2668,#2669,#2670));
#1885=EDGE_LOOP('',(#2671,#2672,#2673,#2674));
#1886=EDGE_LOOP('',(#2675,#2676,#2677,#2678));
#1887=EDGE_LOOP('',(#2679,#2680,#2681,#2682));
#1888=EDGE_LOOP('',(#2683,#2684,#2685,#2686));
#1889=EDGE_LOOP('',(#2687,#2688,#2689,#2690));
#1890=EDGE_LOOP('',(#2691,#2692,#2693,#2694));
#1891=EDGE_LOOP('',(#2695,#2696,#2697,#2698));
#1892=EDGE_LOOP('',(#2699,#2700,#2701,#2702));
#1893=EDGE_LOOP('',(#2703,#2704,#2705,#2706));
#1894=EDGE_LOOP('',(#2707,#2708,#2709,#2710));
#1895=EDGE_LOOP('',(#2711,#2712,#2713,#2714));
#1896=EDGE_LOOP('',(#2715,#2716,#2717,#2718));
#1897=EDGE_LOOP('',(#2719,#2720,#2721,#2722));
#1898=EDGE_LOOP('',(#2723,#2724,#2725,#2726));
#1899=EDGE_LOOP('',(#2727,#2728,#2729,#2730));
#1900=EDGE_LOOP('',(#2731,#2732,#2733,#2734));
#1901=EDGE_LOOP('',(#2735,#2736,#2737,#2738));
#1902=EDGE_LOOP('',(#2739,#2740,#2741,#2742));
#1903=EDGE_LOOP('',(#2743,#2744,#2745,#2746));
#1904=EDGE_LOOP('',(#2747,#2748,#2749,#2750));
#1905=EDGE_LOOP('',(#2751,#2752,#2753,#2754,#2755,#2756,#2757,#2758,#2759,
#2760,#2761,#2762,#2763,#2764));
#1906=EDGE_LOOP('',(#2765,#2766,#2767,#2768,#2769,#2770,#2771,#2772,#2773,
#2774,#2775,#2776,#2777,#2778));
#1907=EDGE_LOOP('',(#2779,#2780,#2781,#2782));
#1908=EDGE_LOOP('',(#2783,#2784,#2785,#2786));
#1909=EDGE_LOOP('',(#2787,#2788,#2789,#2790));
#1910=EDGE_LOOP('',(#2791,#2792,#2793,#2794,#2795,#2796,#2797,#2798,#2799,
#2800,#2801,#2802,#2803,#2804));
#1911=EDGE_LOOP('',(#2805,#2806,#2807,#2808,#2809,#2810,#2811,#2812,#2813,
#2814,#2815,#2816,#2817,#2818));
#1912=EDGE_LOOP('',(#2819,#2820,#2821,#2822));
#1913=EDGE_LOOP('',(#2823,#2824,#2825,#2826));
#1914=EDGE_LOOP('',(#2827,#2828,#2829,#2830));
#1915=EDGE_LOOP('',(#2831,#2832,#2833,#2834));
#1916=EDGE_LOOP('',(#2835,#2836,#2837,#2838));
#1917=EDGE_LOOP('',(#2839,#2840,#2841,#2842));
#1918=EDGE_LOOP('',(#2843,#2844,#2845,#2846));
#1919=EDGE_LOOP('',(#2847,#2848,#2849,#2850));
#1920=EDGE_LOOP('',(#2851,#2852,#2853,#2854));
#1921=EDGE_LOOP('',(#2855,#2856,#2857,#2858));
#1922=EDGE_LOOP('',(#2859,#2860,#2861,#2862));
#1923=EDGE_LOOP('',(#2863,#2864,#2865,#2866));
#1924=EDGE_LOOP('',(#2867,#2868,#2869,#2870));
#1925=EDGE_LOOP('',(#2871,#2872,#2873,#2874));
#1926=EDGE_LOOP('',(#2875,#2876,#2877,#2878));
#1927=EDGE_LOOP('',(#2879,#2880,#2881,#2882));
#1928=EDGE_LOOP('',(#2883,#2884,#2885,#2886));
#1929=EDGE_LOOP('',(#2887,#2888,#2889,#2890));
#1930=EDGE_LOOP('',(#2891,#2892,#2893,#2894));
#1931=EDGE_LOOP('',(#2895,#2896,#2897,#2898));
#1932=EDGE_LOOP('',(#2899,#2900,#2901,#2902));
#1933=EDGE_LOOP('',(#2903,#2904,#2905,#2906));
#1934=EDGE_LOOP('',(#2907,#2908,#2909,#2910));
#1935=EDGE_LOOP('',(#2911,#2912,#2913,#2914));
#1936=EDGE_LOOP('',(#2915,#2916,#2917,#2918));
#1937=EDGE_LOOP('',(#2919,#2920,#2921,#2922));
#1938=EDGE_LOOP('',(#2923,#2924,#2925,#2926));
#1939=EDGE_LOOP('',(#2927,#2928,#2929,#2930));
#1940=EDGE_LOOP('',(#2931,#2932,#2933,#2934));
#1941=EDGE_LOOP('',(#2935,#2936,#2937,#2938));
#1942=EDGE_LOOP('',(#2939,#2940,#2941,#2942));
#1943=EDGE_LOOP('',(#2943,#2944,#2945,#2946));
#1944=EDGE_LOOP('',(#2947,#2948,#2949,#2950,#2951,#2952,#2953,#2954,#2955,
#2956,#2957,#2958,#2959,#2960));
#1945=EDGE_LOOP('',(#2961,#2962,#2963,#2964,#2965,#2966,#2967,#2968,#2969,
#2970,#2971,#2972,#2973,#2974));
#1946=EDGE_LOOP('',(#2975,#2976,#2977,#2978));
#1947=EDGE_LOOP('',(#2979,#2980,#2981,#2982));
#1948=EDGE_LOOP('',(#2983,#2984,#2985,#2986));
#1949=EDGE_LOOP('',(#2987,#2988,#2989,#2990,#2991,#2992,#2993,#2994,#2995,
#2996,#2997,#2998,#2999,#3000));
#1950=EDGE_LOOP('',(#3001,#3002,#3003,#3004,#3005,#3006,#3007,#3008,#3009,
#3010,#3011,#3012,#3013,#3014));
#1951=EDGE_LOOP('',(#3015,#3016,#3017,#3018));
#1952=EDGE_LOOP('',(#3019,#3020,#3021,#3022));
#1953=EDGE_LOOP('',(#3023,#3024,#3025,#3026));
#1954=EDGE_LOOP('',(#3027,#3028,#3029,#3030));
#1955=EDGE_LOOP('',(#3031,#3032,#3033,#3034));
#1956=EDGE_LOOP('',(#3035,#3036,#3037,#3038));
#1957=EDGE_LOOP('',(#3039,#3040,#3041,#3042));
#1958=EDGE_LOOP('',(#3043,#3044,#3045,#3046));
#1959=EDGE_LOOP('',(#3047,#3048,#3049,#3050));
#1960=EDGE_LOOP('',(#3051,#3052,#3053,#3054));
#1961=EDGE_LOOP('',(#3055,#3056,#3057,#3058));
#1962=EDGE_LOOP('',(#3059,#3060,#3061,#3062));
#1963=EDGE_LOOP('',(#3063,#3064,#3065,#3066));
#1964=EDGE_LOOP('',(#3067,#3068,#3069,#3070));
#1965=EDGE_LOOP('',(#3071,#3072,#3073,#3074));
#1966=EDGE_LOOP('',(#3075,#3076,#3077,#3078));
#1967=EDGE_LOOP('',(#3079,#3080,#3081,#3082));
#1968=EDGE_LOOP('',(#3083,#3084,#3085,#3086));
#1969=EDGE_LOOP('',(#3087,#3088,#3089,#3090));
#1970=EDGE_LOOP('',(#3091,#3092,#3093,#3094));
#1971=EDGE_LOOP('',(#3095,#3096,#3097,#3098));
#1972=EDGE_LOOP('',(#3099,#3100,#3101,#3102));
#1973=EDGE_LOOP('',(#3103,#3104,#3105,#3106));
#1974=EDGE_LOOP('',(#3107,#3108,#3109,#3110));
#1975=EDGE_LOOP('',(#3111,#3112,#3113,#3114));
#1976=EDGE_LOOP('',(#3115,#3116,#3117,#3118));
#1977=EDGE_LOOP('',(#3119,#3120,#3121,#3122));
#1978=EDGE_LOOP('',(#3123,#3124,#3125,#3126));
#1979=EDGE_LOOP('',(#3127,#3128,#3129,#3130));
#1980=EDGE_LOOP('',(#3131,#3132,#3133,#3134));
#1981=EDGE_LOOP('',(#3135,#3136,#3137,#3138));
#1982=EDGE_LOOP('',(#3139,#3140,#3141,#3142,#3143,#3144,#3145,#3146,#3147,
#3148,#3149,#3150,#3151,#3152));
#1983=EDGE_LOOP('',(#3153,#3154,#3155,#3156,#3157,#3158,#3159,#3160,#3161,
#3162,#3163,#3164,#3165,#3166));
#1984=EDGE_LOOP('',(#3167,#3168,#3169,#3170));
#1985=EDGE_LOOP('',(#3171,#3172,#3173,#3174));
#1986=EDGE_LOOP('',(#3175,#3176,#3177,#3178));
#1987=EDGE_LOOP('',(#3179,#3180,#3181,#3182,#3183,#3184,#3185,#3186,#3187,
#3188,#3189,#3190,#3191,#3192));
#1988=EDGE_LOOP('',(#3193,#3194,#3195,#3196,#3197,#3198,#3199,#3200,#3201,
#3202,#3203,#3204,#3205,#3206));
#1989=EDGE_LOOP('',(#3207,#3208,#3209,#3210));
#1990=EDGE_LOOP('',(#3211,#3212,#3213,#3214));
#1991=EDGE_LOOP('',(#3215,#3216,#3217,#3218));
#1992=EDGE_LOOP('',(#3219,#3220,#3221,#3222));
#1993=EDGE_LOOP('',(#3223,#3224,#3225,#3226));
#1994=EDGE_LOOP('',(#3227,#3228,#3229,#3230));
#1995=EDGE_LOOP('',(#3231,#3232,#3233,#3234));
#1996=EDGE_LOOP('',(#3235,#3236,#3237,#3238));
#1997=EDGE_LOOP('',(#3239,#3240,#3241,#3242));
#1998=EDGE_LOOP('',(#3243,#3244,#3245,#3246));
#1999=EDGE_LOOP('',(#3247,#3248,#3249,#3250));
#2000=EDGE_LOOP('',(#3251,#3252,#3253,#3254));
#2001=EDGE_LOOP('',(#3255,#3256,#3257,#3258));
#2002=EDGE_LOOP('',(#3259,#3260,#3261,#3262));
#2003=EDGE_LOOP('',(#3263,#3264,#3265,#3266));
#2004=EDGE_LOOP('',(#3267,#3268,#3269,#3270));
#2005=EDGE_LOOP('',(#3271,#3272,#3273,#3274));
#2006=EDGE_LOOP('',(#3275,#3276,#3277,#3278));
#2007=EDGE_LOOP('',(#3279,#3280,#3281,#3282));
#2008=EDGE_LOOP('',(#3283,#3284,#3285,#3286));
#2009=EDGE_LOOP('',(#3287,#3288,#3289,#3290));
#2010=EDGE_LOOP('',(#3291,#3292,#3293,#3294));
#2011=EDGE_LOOP('',(#3295,#3296,#3297,#3298));
#2012=EDGE_LOOP('',(#3299,#3300,#3301,#3302));
#2013=EDGE_LOOP('',(#3303,#3304,#3305,#3306));
#2014=EDGE_LOOP('',(#3307,#3308,#3309,#3310));
#2015=EDGE_LOOP('',(#3311,#3312,#3313,#3314));
#2016=EDGE_LOOP('',(#3315,#3316,#3317,#3318));
#2017=EDGE_LOOP('',(#3319,#3320,#3321,#3322));
#2018=EDGE_LOOP('',(#3323,#3324,#3325,#3326));
#2019=EDGE_LOOP('',(#3327,#3328,#3329,#3330));
#2020=EDGE_LOOP('',(#3331,#3332,#3333,#3334,#3335,#3336,#3337,#3338,#3339,
#3340,#3341,#3342,#3343,#3344));
#2021=EDGE_LOOP('',(#3345,#3346,#3347,#3348,#3349,#3350,#3351,#3352,#3353,
#3354,#3355,#3356,#3357,#3358));
#2022=EDGE_LOOP('',(#3359,#3360,#3361,#3362));
#2023=EDGE_LOOP('',(#3363,#3364,#3365,#3366));
#2024=EDGE_LOOP('',(#3367,#3368,#3369,#3370));
#2025=EDGE_LOOP('',(#3371,#3372,#3373,#3374,#3375,#3376,#3377,#3378,#3379,
#3380,#3381,#3382,#3383,#3384));
#2026=EDGE_LOOP('',(#3385,#3386,#3387,#3388,#3389,#3390,#3391,#3392,#3393,
#3394,#3395,#3396,#3397,#3398));
#2027=EDGE_LOOP('',(#3399,#3400,#3401,#3402));
#2028=EDGE_LOOP('',(#3403,#3404,#3405,#3406));
#2029=EDGE_LOOP('',(#3407,#3408,#3409,#3410));
#2030=EDGE_LOOP('',(#3411,#3412,#3413,#3414));
#2031=EDGE_LOOP('',(#3415,#3416,#3417,#3418));
#2032=EDGE_LOOP('',(#3419,#3420,#3421,#3422));
#2033=EDGE_LOOP('',(#3423,#3424,#3425,#3426));
#2034=EDGE_LOOP('',(#3427,#3428,#3429,#3430));
#2035=EDGE_LOOP('',(#3431,#3432,#3433,#3434));
#2036=EDGE_LOOP('',(#3435,#3436,#3437,#3438));
#2037=EDGE_LOOP('',(#3439,#3440,#3441,#3442));
#2038=EDGE_LOOP('',(#3443,#3444,#3445,#3446));
#2039=EDGE_LOOP('',(#3447,#3448,#3449,#3450));
#2040=EDGE_LOOP('',(#3451,#3452,#3453,#3454));
#2041=EDGE_LOOP('',(#3455,#3456,#3457,#3458));
#2042=EDGE_LOOP('',(#3459,#3460,#3461,#3462));
#2043=EDGE_LOOP('',(#3463,#3464,#3465,#3466));
#2044=EDGE_LOOP('',(#3467,#3468,#3469,#3470));
#2045=EDGE_LOOP('',(#3471,#3472,#3473,#3474));
#2046=EDGE_LOOP('',(#3475,#3476,#3477,#3478));
#2047=EDGE_LOOP('',(#3479,#3480,#3481,#3482));
#2048=EDGE_LOOP('',(#3483,#3484,#3485,#3486));
#2049=EDGE_LOOP('',(#3487,#3488,#3489,#3490));
#2050=EDGE_LOOP('',(#3491,#3492,#3493,#3494));
#2051=EDGE_LOOP('',(#3495,#3496,#3497,#3498));
#2052=EDGE_LOOP('',(#3499,#3500,#3501,#3502));
#2053=EDGE_LOOP('',(#3503,#3504,#3505,#3506));
#2054=EDGE_LOOP('',(#3507,#3508,#3509,#3510));
#2055=EDGE_LOOP('',(#3511,#3512,#3513,#3514));
#2056=EDGE_LOOP('',(#3515,#3516,#3517,#3518));
#2057=EDGE_LOOP('',(#3519,#3520,#3521,#3522));
#2058=EDGE_LOOP('',(#3523,#3524,#3525,#3526,#3527,#3528,#3529,#3530,#3531,
#3532,#3533,#3534,#3535,#3536));
#2059=EDGE_LOOP('',(#3537,#3538,#3539,#3540,#3541,#3542,#3543,#3544,#3545,
#3546,#3547,#3548,#3549,#3550));
#2060=EDGE_LOOP('',(#3551,#3552,#3553,#3554));
#2061=EDGE_LOOP('',(#3555,#3556,#3557,#3558));
#2062=EDGE_LOOP('',(#3559,#3560,#3561,#3562));
#2063=EDGE_LOOP('',(#3563,#3564,#3565,#3566,#3567,#3568,#3569,#3570,#3571,
#3572,#3573,#3574,#3575,#3576));
#2064=EDGE_LOOP('',(#3577,#3578,#3579,#3580,#3581,#3582,#3583,#3584,#3585,
#3586,#3587,#3588,#3589,#3590));
#2065=EDGE_LOOP('',(#3591,#3592,#3593,#3594));
#2066=EDGE_LOOP('',(#3595,#3596,#3597,#3598));
#2067=EDGE_LOOP('',(#3599,#3600,#3601,#3602));
#2068=EDGE_LOOP('',(#3603,#3604,#3605,#3606));
#2069=EDGE_LOOP('',(#3607,#3608,#3609,#3610));
#2070=EDGE_LOOP('',(#3611,#3612,#3613,#3614));
#2071=EDGE_LOOP('',(#3615,#3616,#3617,#3618));
#2072=EDGE_LOOP('',(#3619,#3620,#3621,#3622));
#2073=EDGE_LOOP('',(#3623,#3624,#3625,#3626));
#2074=EDGE_LOOP('',(#3627,#3628,#3629,#3630));
#2075=EDGE_LOOP('',(#3631,#3632,#3633,#3634));
#2076=EDGE_LOOP('',(#3635,#3636,#3637,#3638));
#2077=EDGE_LOOP('',(#3639,#3640,#3641,#3642));
#2078=EDGE_LOOP('',(#3643,#3644,#3645,#3646));
#2079=EDGE_LOOP('',(#3647,#3648,#3649,#3650));
#2080=EDGE_LOOP('',(#3651,#3652,#3653,#3654));
#2081=EDGE_LOOP('',(#3655,#3656,#3657,#3658));
#2082=EDGE_LOOP('',(#3659,#3660,#3661,#3662));
#2083=EDGE_LOOP('',(#3663,#3664,#3665,#3666));
#2084=EDGE_LOOP('',(#3667,#3668,#3669,#3670));
#2085=EDGE_LOOP('',(#3671,#3672,#3673,#3674));
#2086=EDGE_LOOP('',(#3675,#3676,#3677,#3678));
#2087=EDGE_LOOP('',(#3679,#3680,#3681,#3682));
#2088=EDGE_LOOP('',(#3683,#3684,#3685,#3686));
#2089=EDGE_LOOP('',(#3687,#3688,#3689,#3690));
#2090=EDGE_LOOP('',(#3691,#3692,#3693,#3694));
#2091=EDGE_LOOP('',(#3695,#3696,#3697,#3698));
#2092=EDGE_LOOP('',(#3699,#3700,#3701,#3702));
#2093=EDGE_LOOP('',(#3703,#3704,#3705,#3706));
#2094=EDGE_LOOP('',(#3707,#3708,#3709,#3710));
#2095=EDGE_LOOP('',(#3711,#3712,#3713,#3714));
#2096=EDGE_LOOP('',(#3715,#3716,#3717,#3718,#3719,#3720,#3721,#3722,#3723,
#3724,#3725,#3726,#3727,#3728));
#2097=EDGE_LOOP('',(#3729,#3730,#3731,#3732,#3733,#3734,#3735,#3736,#3737,
#3738,#3739,#3740,#3741,#3742));
#2098=EDGE_LOOP('',(#3743,#3744,#3745,#3746));
#2099=EDGE_LOOP('',(#3747,#3748,#3749,#3750));
#2100=EDGE_LOOP('',(#3751,#3752,#3753,#3754));
#2101=EDGE_LOOP('',(#3755,#3756,#3757,#3758,#3759,#3760,#3761,#3762,#3763,
#3764,#3765,#3766,#3767,#3768));
#2102=EDGE_LOOP('',(#3769,#3770,#3771,#3772,#3773,#3774,#3775,#3776,#3777,
#3778,#3779,#3780,#3781,#3782));
#2103=EDGE_LOOP('',(#3783,#3784,#3785,#3786));
#2104=EDGE_LOOP('',(#3787,#3788,#3789,#3790));
#2105=EDGE_LOOP('',(#3791,#3792,#3793,#3794));
#2106=EDGE_LOOP('',(#3795,#3796,#3797,#3798));
#2107=EDGE_LOOP('',(#3799,#3800,#3801,#3802));
#2108=EDGE_LOOP('',(#3803,#3804,#3805,#3806));
#2109=EDGE_LOOP('',(#3807,#3808,#3809,#3810));
#2110=EDGE_LOOP('',(#3811,#3812,#3813,#3814));
#2111=EDGE_LOOP('',(#3815,#3816,#3817,#3818));
#2112=EDGE_LOOP('',(#3819,#3820,#3821,#3822));
#2113=EDGE_LOOP('',(#3823,#3824,#3825,#3826));
#2114=EDGE_LOOP('',(#3827,#3828,#3829,#3830));
#2115=EDGE_LOOP('',(#3831,#3832,#3833,#3834));
#2116=EDGE_LOOP('',(#3835,#3836,#3837,#3838));
#2117=EDGE_LOOP('',(#3839,#3840,#3841,#3842));
#2118=EDGE_LOOP('',(#3843,#3844,#3845,#3846));
#2119=EDGE_LOOP('',(#3847,#3848,#3849,#3850));
#2120=EDGE_LOOP('',(#3851,#3852,#3853,#3854));
#2121=EDGE_LOOP('',(#3855,#3856,#3857,#3858));
#2122=EDGE_LOOP('',(#3859,#3860,#3861,#3862));
#2123=EDGE_LOOP('',(#3863,#3864,#3865,#3866));
#2124=EDGE_LOOP('',(#3867,#3868,#3869,#3870));
#2125=EDGE_LOOP('',(#3871,#3872,#3873,#3874));
#2126=EDGE_LOOP('',(#3875,#3876,#3877,#3878));
#2127=EDGE_LOOP('',(#3879,#3880,#3881,#3882));
#2128=EDGE_LOOP('',(#3883,#3884,#3885,#3886));
#2129=EDGE_LOOP('',(#3887,#3888,#3889,#3890));
#2130=EDGE_LOOP('',(#3891,#3892,#3893,#3894));
#2131=EDGE_LOOP('',(#3895,#3896,#3897,#3898));
#2132=EDGE_LOOP('',(#3899,#3900,#3901,#3902));
#2133=EDGE_LOOP('',(#3903,#3904,#3905,#3906));
#2134=EDGE_LOOP('',(#3907,#3908,#3909,#3910,#3911,#3912,#3913,#3914,#3915,
#3916,#3917,#3918,#3919,#3920));
#2135=EDGE_LOOP('',(#3921,#3922,#3923,#3924,#3925,#3926,#3927,#3928,#3929,
#3930,#3931,#3932,#3933,#3934));
#2136=EDGE_LOOP('',(#3935,#3936,#3937,#3938));
#2137=EDGE_LOOP('',(#3939,#3940,#3941,#3942));
#2138=EDGE_LOOP('',(#3943,#3944,#3945,#3946));
#2139=EDGE_LOOP('',(#3947,#3948,#3949,#3950,#3951,#3952,#3953,#3954,#3955,
#3956,#3957,#3958,#3959,#3960));
#2140=EDGE_LOOP('',(#3961,#3962,#3963,#3964,#3965,#3966,#3967,#3968,#3969,
#3970,#3971,#3972,#3973,#3974));
#2141=EDGE_LOOP('',(#3975,#3976,#3977,#3978));
#2142=EDGE_LOOP('',(#3979,#3980,#3981,#3982));
#2143=EDGE_LOOP('',(#3983,#3984,#3985,#3986));
#2144=EDGE_LOOP('',(#3987,#3988,#3989,#3990));
#2145=EDGE_LOOP('',(#3991,#3992,#3993,#3994));
#2146=EDGE_LOOP('',(#3995,#3996,#3997,#3998));
#2147=EDGE_LOOP('',(#3999,#4000,#4001,#4002));
#2148=EDGE_LOOP('',(#4003,#4004,#4005,#4006));
#2149=EDGE_LOOP('',(#4007,#4008,#4009,#4010));
#2150=EDGE_LOOP('',(#4011,#4012,#4013,#4014));
#2151=EDGE_LOOP('',(#4015,#4016,#4017,#4018));
#2152=EDGE_LOOP('',(#4019,#4020,#4021,#4022));
#2153=EDGE_LOOP('',(#4023,#4024,#4025,#4026));
#2154=EDGE_LOOP('',(#4027,#4028,#4029,#4030));
#2155=EDGE_LOOP('',(#4031,#4032,#4033,#4034));
#2156=EDGE_LOOP('',(#4035,#4036,#4037,#4038));
#2157=EDGE_LOOP('',(#4039,#4040,#4041,#4042));
#2158=EDGE_LOOP('',(#4043,#4044,#4045,#4046));
#2159=EDGE_LOOP('',(#4047,#4048,#4049,#4050));
#2160=EDGE_LOOP('',(#4051,#4052,#4053,#4054));
#2161=EDGE_LOOP('',(#4055,#4056,#4057,#4058));
#2162=EDGE_LOOP('',(#4059,#4060,#4061,#4062));
#2163=EDGE_LOOP('',(#4063,#4064,#4065,#4066));
#2164=EDGE_LOOP('',(#4067,#4068,#4069,#4070));
#2165=EDGE_LOOP('',(#4071,#4072,#4073,#4074));
#2166=EDGE_LOOP('',(#4075,#4076,#4077,#4078));
#2167=EDGE_LOOP('',(#4079,#4080,#4081,#4082));
#2168=EDGE_LOOP('',(#4083,#4084,#4085,#4086));
#2169=EDGE_LOOP('',(#4087,#4088,#4089,#4090));
#2170=EDGE_LOOP('',(#4091,#4092,#4093,#4094));
#2171=EDGE_LOOP('',(#4095,#4096,#4097,#4098));
#2172=EDGE_LOOP('',(#4099,#4100,#4101,#4102,#4103,#4104,#4105,#4106,#4107,
#4108,#4109,#4110,#4111,#4112));
#2173=EDGE_LOOP('',(#4113,#4114,#4115,#4116,#4117,#4118,#4119,#4120,#4121,
#4122,#4123,#4124,#4125,#4126));
#2174=EDGE_LOOP('',(#4127,#4128,#4129,#4130));
#2175=EDGE_LOOP('',(#4131,#4132,#4133,#4134));
#2176=EDGE_LOOP('',(#4135,#4136,#4137,#4138));
#2177=EDGE_LOOP('',(#4139,#4140,#4141,#4142,#4143,#4144,#4145,#4146,#4147,
#4148,#4149,#4150,#4151,#4152));
#2178=EDGE_LOOP('',(#4153,#4154,#4155,#4156,#4157,#4158,#4159,#4160,#4161,
#4162,#4163,#4164,#4165,#4166));
#2179=EDGE_LOOP('',(#4167,#4168,#4169,#4170,#4171,#4172,#4173,#4174,#4175,
#4176,#4177,#4178,#4179,#4180,#4181,#4182,#4183,#4184,#4185,#4186,#4187,
#4188,#4189,#4190,#4191,#4192,#4193,#4194,#4195,#4196,#4197,#4198,#4199,
#4200,#4201,#4202,#4203,#4204,#4205,#4206,#4207,#4208,#4209,#4210,#4211,
#4212,#4213,#4214));
#2180=EDGE_LOOP('',(#4215,#4216,#4217,#4218));
#2181=EDGE_LOOP('',(#4219,#4220,#4221,#4222));
#2182=EDGE_LOOP('',(#4223,#4224,#4225,#4226));
#2183=EDGE_LOOP('',(#4227,#4228,#4229,#4230));
#2184=EDGE_LOOP('',(#4231,#4232,#4233,#4234));
#2185=EDGE_LOOP('',(#4235,#4236,#4237,#4238));
#2186=EDGE_LOOP('',(#4239,#4240,#4241,#4242));
#2187=EDGE_LOOP('',(#4243,#4244,#4245,#4246));
#2188=EDGE_LOOP('',(#4247,#4248,#4249,#4250));
#2189=EDGE_LOOP('',(#4251,#4252,#4253,#4254));
#2190=EDGE_LOOP('',(#4255,#4256,#4257,#4258));
#2191=EDGE_LOOP('',(#4259,#4260,#4261,#4262));
#2192=EDGE_LOOP('',(#4263,#4264,#4265,#4266));
#2193=EDGE_LOOP('',(#4267,#4268,#4269,#4270));
#2194=EDGE_LOOP('',(#4271,#4272,#4273,#4274));
#2195=EDGE_LOOP('',(#4275,#4276,#4277,#4278));
#2196=EDGE_LOOP('',(#4279,#4280,#4281,#4282,#4283,#4284,#4285,#4286,#4287,
#4288,#4289,#4290,#4291,#4292));
#2197=EDGE_LOOP('',(#4293,#4294,#4295,#4296,#4297,#4298,#4299,#4300,#4301,
#4302,#4303,#4304,#4305,#4306));
#2198=EDGE_LOOP('',(#4307,#4308,#4309,#4310));
#2199=EDGE_LOOP('',(#4311,#4312,#4313,#4314));
#2200=EDGE_LOOP('',(#4315,#4316,#4317,#4318));
#2201=EDGE_LOOP('',(#4319,#4320,#4321,#4322,#4323,#4324,#4325,#4326,#4327,
#4328,#4329,#4330,#4331,#4332));
#2202=EDGE_LOOP('',(#4333,#4334,#4335,#4336,#4337,#4338,#4339,#4340,#4341,
#4342,#4343,#4344,#4345,#4346));
#2203=EDGE_LOOP('',(#4347,#4348,#4349,#4350,#4351,#4352,#4353,#4354,#4355,
#4356,#4357,#4358,#4359,#4360,#4361,#4362,#4363,#4364,#4365,#4366,#4367,
#4368,#4369,#4370,#4371,#4372,#4373,#4374,#4375,#4376,#4377,#4378,#4379,
#4380,#4381,#4382,#4383,#4384,#4385,#4386,#4387,#4388,#4389,#4390,#4391,
#4392,#4393,#4394,#4395,#4396,#4397,#4398,#4399,#4400,#4401,#4402,#4403,
#4404,#4405,#4406,#4407,#4408,#4409,#4410,#4411,#4412,#4413,#4414,#4415,
#4416,#4417,#4418,#4419,#4420,#4421,#4422,#4423,#4424,#4425,#4426,#4427,
#4428,#4429,#4430,#4431,#4432,#4433,#4434,#4435,#4436,#4437,#4438));
#2204=EDGE_LOOP('',(#4439,#4440,#4441,#4442));
#2205=EDGE_LOOP('',(#4443,#4444,#4445,#4446));
#2206=EDGE_LOOP('',(#4447,#4448,#4449,#4450));
#2207=EDGE_LOOP('',(#4451,#4452,#4453,#4454));
#2208=EDGE_LOOP('',(#4455,#4456,#4457,#4458));
#2209=EDGE_LOOP('',(#4459,#4460,#4461,#4462));
#2210=EDGE_LOOP('',(#4463,#4464,#4465,#4466));
#2211=EDGE_LOOP('',(#4467,#4468,#4469,#4470));
#2212=EDGE_LOOP('',(#4471,#4472,#4473,#4474));
#2213=EDGE_LOOP('',(#4475,#4476,#4477,#4478));
#2214=EDGE_LOOP('',(#4479,#4480,#4481,#4482));
#2215=EDGE_LOOP('',(#4483,#4484,#4485,#4486));
#2216=EDGE_LOOP('',(#4487,#4488,#4489,#4490));
#2217=EDGE_LOOP('',(#4491,#4492,#4493,#4494));
#2218=EDGE_LOOP('',(#4495,#4496,#4497,#4498));
#2219=EDGE_LOOP('',(#4499,#4500,#4501,#4502));
#2220=EDGE_LOOP('',(#4503,#4504,#4505,#4506));
#2221=EDGE_LOOP('',(#4507,#4508,#4509,#4510));
#2222=EDGE_LOOP('',(#4511,#4512,#4513,#4514));
#2223=EDGE_LOOP('',(#4515,#4516,#4517,#4518));
#2224=EDGE_LOOP('',(#4519,#4520,#4521,#4522));
#2225=EDGE_LOOP('',(#4523,#4524,#4525,#4526));
#2226=EDGE_LOOP('',(#4527,#4528,#4529,#4530));
#2227=EDGE_LOOP('',(#4531,#4532,#4533,#4534));
#2228=EDGE_LOOP('',(#4535,#4536,#4537,#4538));
#2229=EDGE_LOOP('',(#4539,#4540,#4541,#4542));
#2230=EDGE_LOOP('',(#4543,#4544,#4545,#4546));
#2231=EDGE_LOOP('',(#4547,#4548,#4549,#4550));
#2232=EDGE_LOOP('',(#4551,#4552,#4553,#4554,#4555,#4556,#4557,#4558,#4559,
#4560,#4561,#4562,#4563,#4564));
#2233=EDGE_LOOP('',(#4565,#4566,#4567,#4568,#4569,#4570,#4571,#4572,#4573,
#4574,#4575,#4576,#4577,#4578));
#2234=EDGE_LOOP('',(#4579,#4580,#4581,#4582));
#2235=EDGE_LOOP('',(#4583,#4584,#4585,#4586));
#2236=EDGE_LOOP('',(#4587,#4588,#4589,#4590));
#2237=EDGE_LOOP('',(#4591,#4592,#4593,#4594));
#2238=EDGE_LOOP('',(#4595,#4596,#4597,#4598,#4599,#4600,#4601,#4602,#4603,
#4604,#4605,#4606,#4607,#4608));
#2239=EDGE_LOOP('',(#4609,#4610,#4611,#4612,#4613,#4614,#4615,#4616,#4617,
#4618,#4619,#4620,#4621,#4622));
#2240=EDGE_LOOP('',(#4623,#4624,#4625,#4626,#4627,#4628,#4629,#4630,#4631,
#4632,#4633,#4634,#4635,#4636,#4637,#4638,#4639,#4640,#4641,#4642,#4643,
#4644,#4645,#4646,#4647,#4648,#4649,#4650,#4651,#4652,#4653,#4654,#4655,
#4656,#4657,#4658,#4659,#4660,#4661,#4662,#4663,#4664,#4665,#4666,#4667,
#4668,#4669,#4670));
#2241=EDGE_LOOP('',(#4671,#4672,#4673,#4674,#4675,#4676,#4677,#4678));
#2242=EDGE_LOOP('',(#4679,#4680,#4681,#4682));
#2243=EDGE_LOOP('',(#4683,#4684,#4685,#4686));
#2244=EDGE_LOOP('',(#4687,#4688,#4689,#4690));
#2245=EDGE_LOOP('',(#4691,#4692,#4693,#4694));
#2246=EDGE_LOOP('',(#4695,#4696,#4697,#4698));
#2247=EDGE_LOOP('',(#4699,#4700,#4701,#4702));
#2248=EDGE_LOOP('',(#4703,#4704,#4705,#4706));
#2249=EDGE_LOOP('',(#4707,#4708,#4709,#4710));
#2250=EDGE_LOOP('',(#4711,#4712,#4713,#4714));
#2251=EDGE_LOOP('',(#4715,#4716,#4717,#4718));
#2252=EDGE_LOOP('',(#4719,#4720,#4721,#4722));
#2253=EDGE_LOOP('',(#4723,#4724,#4725,#4726));
#2254=EDGE_LOOP('',(#4727,#4728,#4729,#4730));
#2255=EDGE_LOOP('',(#4731,#4732,#4733,#4734));
#2256=EDGE_LOOP('',(#4735,#4736,#4737,#4738,#4739,#4740,#4741,#4742));
#2257=EDGE_LOOP('',(#4743,#4744,#4745,#4746));
#2258=EDGE_LOOP('',(#4747,#4748,#4749,#4750));
#2259=EDGE_LOOP('',(#4751,#4752,#4753,#4754));
#2260=EDGE_LOOP('',(#4755,#4756,#4757,#4758,#4759));
#2261=EDGE_LOOP('',(#4760,#4761,#4762,#4763,#4764));
#2262=EDGE_LOOP('',(#4765,#4766,#4767,#4768,#4769));
#2263=EDGE_LOOP('',(#4770,#4771,#4772,#4773));
#2264=EDGE_LOOP('',(#4774,#4775,#4776,#4777,#4778,#4779,#4780,#4781));
#2265=EDGE_LOOP('',(#4782,#4783,#4784,#4785,#4786));
#2266=EDGE_LOOP('',(#4787,#4788,#4789,#4790,#4791));
#2267=EDGE_LOOP('',(#4792,#4793,#4794,#4795,#4796));
#2268=EDGE_LOOP('',(#4797,#4798,#4799,#4800));
#2269=EDGE_LOOP('',(#4801,#4802,#4803,#4804,#4805));
#2270=EDGE_LOOP('',(#4806,#4807,#4808,#4809));
#2271=EDGE_LOOP('',(#4810,#4811,#4812,#4813));
#2272=EDGE_LOOP('',(#4814,#4815,#4816,#4817));
#2273=EDGE_LOOP('',(#4818,#4819,#4820,#4821));
#2274=EDGE_LOOP('',(#4822,#4823,#4824,#4825,#4826));
#2275=EDGE_LOOP('',(#4827,#4828,#4829,#4830,#4831));
#2276=EDGE_LOOP('',(#4832,#4833,#4834,#4835));
#2277=EDGE_LOOP('',(#4836,#4837,#4838,#4839,#4840));
#2278=EDGE_LOOP('',(#4841,#4842,#4843,#4844));
#2279=EDGE_LOOP('',(#4845,#4846,#4847,#4848,#4849));
#2280=EDGE_LOOP('',(#4850,#4851,#4852,#4853));
#2281=EDGE_LOOP('',(#4854,#4855,#4856,#4857,#4858,#4859,#4860));
#2282=EDGE_LOOP('',(#4861,#4862,#4863,#4864));
#2283=EDGE_LOOP('',(#4865,#4866,#4867,#4868));
#2284=EDGE_LOOP('',(#4869,#4870,#4871,#4872,#4873,#4874));
#2285=EDGE_LOOP('',(#4875,#4876,#4877,#4878));
#2286=EDGE_LOOP('',(#4879,#4880,#4881,#4882,#4883,#4884,#4885,#4886,#4887,
#4888));
#2287=EDGE_LOOP('',(#4889,#4890,#4891,#4892,#4893,#4894));
#2288=EDGE_LOOP('',(#4895,#4896,#4897,#4898,#4899,#4900,#4901,#4902,#4903,
#4904,#4905,#4906));
#2289=EDGE_LOOP('',(#4907,#4908,#4909,#4910));
#2290=EDGE_LOOP('',(#4911,#4912,#4913,#4914));
#2291=EDGE_LOOP('',(#4915,#4916,#4917,#4918));
#2292=EDGE_LOOP('',(#4919,#4920,#4921,#4922,#4923));
#2293=EDGE_LOOP('',(#4924,#4925,#4926,#4927));
#2294=EDGE_LOOP('',(#4928,#4929,#4930,#4931));
#2295=EDGE_LOOP('',(#4932,#4933,#4934,#4935));
#2296=EDGE_LOOP('',(#4936,#4937,#4938,#4939));
#2297=EDGE_LOOP('',(#4940,#4941,#4942,#4943,#4944,#4945,#4946,#4947));
#2298=EDGE_LOOP('',(#4948,#4949,#4950,#4951,#4952,#4953,#4954,#4955));
#2299=EDGE_LOOP('',(#4956,#4957,#4958,#4959,#4960,#4961,#4962,#4963));
#2300=EDGE_LOOP('',(#4964,#4965,#4966,#4967,#4968,#4969,#4970,#4971));
#2301=EDGE_LOOP('',(#4972,#4973,#4974,#4975,#4976,#4977,#4978,#4979,#4980,
#4981,#4982,#4983,#4984,#4985,#4986,#4987,#4988,#4989,#4990,#4991));
#2302=EDGE_LOOP('',(#4992,#4993,#4994,#4995));
#2303=EDGE_LOOP('',(#4996,#4997,#4998,#4999,#5000,#5001));
#2304=EDGE_LOOP('',(#5002,#5003,#5004,#5005));
#2305=EDGE_LOOP('',(#5006,#5007,#5008,#5009));
#2306=EDGE_LOOP('',(#5010,#5011,#5012,#5013));
#2307=EDGE_LOOP('',(#5014,#5015,#5016,#5017));
#2308=EDGE_LOOP('',(#5018,#5019,#5020,#5021));
#2309=EDGE_LOOP('',(#5022,#5023,#5024,#5025));
#2310=EDGE_LOOP('',(#5026,#5027,#5028,#5029));
#2311=EDGE_LOOP('',(#5030,#5031,#5032,#5033));
#2312=EDGE_LOOP('',(#5034,#5035,#5036,#5037));
#2313=EDGE_LOOP('',(#5038,#5039,#5040,#5041));
#2314=EDGE_LOOP('',(#5042,#5043,#5044,#5045));
#2315=EDGE_LOOP('',(#5046,#5047,#5048,#5049));
#2316=EDGE_LOOP('',(#5050,#5051,#5052,#5053));
#2317=EDGE_LOOP('',(#5054,#5055,#5056,#5057));
#2318=EDGE_LOOP('',(#5058,#5059,#5060,#5061));
#2319=EDGE_LOOP('',(#5062,#5063,#5064,#5065));
#2320=EDGE_LOOP('',(#5066,#5067,#5068,#5069));
#2321=EDGE_LOOP('',(#5070,#5071,#5072,#5073));
#2322=EDGE_LOOP('',(#5074,#5075,#5076,#5077));
#2323=EDGE_LOOP('',(#5078,#5079,#5080,#5081));
#2324=EDGE_LOOP('',(#5082,#5083,#5084,#5085));
#2325=EDGE_LOOP('',(#5086,#5087,#5088,#5089,#5090,#5091,#5092,#5093,#5094,
#5095,#5096,#5097));
#2326=EDGE_LOOP('',(#5098,#5099,#5100,#5101,#5102,#5103,#5104,#5105,#5106,
#5107,#5108,#5109,#5110,#5111,#5112,#5113,#5114,#5115,#5116,#5117,#5118,
#5119,#5120,#5121));
#2327=EDGE_LOOP('',(#5122,#5123,#5124,#5125));
#2328=EDGE_LOOP('',(#5126,#5127,#5128,#5129,#5130,#5131));
#2329=EDGE_LOOP('',(#5132,#5133,#5134,#5135));
#2330=EDGE_LOOP('',(#5136,#5137,#5138,#5139));
#2331=EDGE_LOOP('',(#5140,#5141,#5142,#5143));
#2332=EDGE_LOOP('',(#5144,#5145,#5146,#5147,#5148,#5149,#5150,#5151));
#2333=EDGE_LOOP('',(#5152,#5153,#5154,#5155));
#2334=EDGE_LOOP('',(#5156,#5157,#5158,#5159));
#2335=EDGE_LOOP('',(#5160,#5161,#5162,#5163,#5164,#5165,#5166,#5167));
#2336=EDGE_LOOP('',(#5168,#5169,#5170,#5171));
#2337=EDGE_LOOP('',(#5172,#5173,#5174,#5175,#5176,#5177));
#2338=EDGE_LOOP('',(#5178,#5179,#5180,#5181,#5182,#5183));
#2339=EDGE_LOOP('',(#5184,#5185,#5186,#5187,#5188,#5189,#5190));
#2340=EDGE_LOOP('',(#5191,#5192,#5193,#5194,#5195,#5196));
#2341=EDGE_LOOP('',(#5197,#5198,#5199,#5200,#5201,#5202));
#2342=EDGE_LOOP('',(#5203,#5204,#5205,#5206));
#2343=EDGE_LOOP('',(#5207,#5208,#5209,#5210));
#2344=EDGE_LOOP('',(#5211,#5212,#5213,#5214));
#2345=EDGE_LOOP('',(#5215,#5216,#5217,#5218,#5219,#5220));
#2346=EDGE_LOOP('',(#5221,#5222,#5223,#5224));
#2347=EDGE_LOOP('',(#5225,#5226,#5227,#5228,#5229,#5230,#5231,#5232,#5233,
#5234));
#2348=EDGE_LOOP('',(#5235,#5236,#5237,#5238,#5239,#5240,#5241));
#2349=EDGE_LOOP('',(#5242,#5243,#5244,#5245,#5246,#5247));
#2350=EDGE_LOOP('',(#5248,#5249,#5250,#5251,#5252,#5253,#5254,#5255));
#2351=EDGE_LOOP('',(#5256,#5257,#5258,#5259,#5260,#5261,#5262));
#2352=EDGE_LOOP('',(#5263,#5264,#5265,#5266));
#2353=EDGE_LOOP('',(#5267,#5268,#5269,#5270,#5271,#5272,#5273));
#2354=EDGE_LOOP('',(#5274,#5275,#5276));
#2355=EDGE_LOOP('',(#5277,#5278,#5279));
#2356=EDGE_LOOP('',(#5280,#5281,#5282,#5283));
#2357=EDGE_LOOP('',(#5284,#5285,#5286,#5287));
#2358=EDGE_LOOP('',(#5288,#5289,#5290,#5291));
#2359=EDGE_LOOP('',(#5292,#5293));
#2360=EDGE_LOOP('',(#5294,#5295,#5296,#5297));
#2361=EDGE_LOOP('',(#5298,#5299,#5300,#5301));
#2362=EDGE_LOOP('',(#5302,#5303,#5304,#5305));
#2363=EDGE_LOOP('',(#5306,#5307));
#2364=EDGE_LOOP('',(#5308,#5309,#5310,#5311,#5312,#5313,#5314,#5315));
#2365=EDGE_LOOP('',(#5316,#5317));
#2366=EDGE_LOOP('',(#5318,#5319,#5320,#5321,#5322,#5323,#5324,#5325));
#2367=EDGE_LOOP('',(#5326,#5327,#5328,#5329,#5330,#5331,#5332,#5333,#5334,
#5335));
#2368=EDGE_LOOP('',(#5336,#5337,#5338,#5339));
#2369=EDGE_LOOP('',(#5340,#5341,#5342,#5343,#5344,#5345,#5346,#5347));
#2370=EDGE_LOOP('',(#5348,#5349,#5350,#5351));
#2371=EDGE_LOOP('',(#5352,#5353,#5354,#5355));
#2372=EDGE_LOOP('',(#5356,#5357,#5358,#5359));
#2373=EDGE_LOOP('',(#5360,#5361,#5362,#5363));
#2374=EDGE_LOOP('',(#5364,#5365,#5366,#5367));
#2375=EDGE_LOOP('',(#5368,#5369,#5370,#5371,#5372,#5373,#5374,#5375));
#2376=EDGE_LOOP('',(#5376,#5377,#5378,#5379));
#2377=EDGE_LOOP('',(#5380,#5381,#5382,#5383,#5384,#5385,#5386,#5387));
#2378=EDGE_LOOP('',(#5388,#5389,#5390,#5391));
#2379=EDGE_LOOP('',(#5392,#5393,#5394,#5395));
#2380=EDGE_LOOP('',(#5396,#5397,#5398,#5399));
#2381=EDGE_LOOP('',(#5400,#5401,#5402,#5403,#5404,#5405,#5406,#5407));
#2382=EDGE_LOOP('',(#5408,#5409,#5410,#5411,#5412,#5413,#5414,#5415,#5416,
#5417,#5418,#5419));
#2383=EDGE_LOOP('',(#5420,#5421,#5422,#5423,#5424,#5425,#5426,#5427));
#2384=EDGE_LOOP('',(#5428,#5429,#5430,#5431));
#2385=EDGE_LOOP('',(#5432,#5433,#5434,#5435));
#2386=EDGE_LOOP('',(#5436,#5437,#5438,#5439));
#2387=EDGE_LOOP('',(#5440,#5441,#5442,#5443,#5444,#5445));
#2388=EDGE_LOOP('',(#5446,#5447,#5448,#5449,#5450,#5451));
#2389=EDGE_LOOP('',(#5452,#5453,#5454,#5455,#5456,#5457));
#2390=EDGE_LOOP('',(#5458,#5459,#5460,#5461,#5462,#5463));
#2391=EDGE_LOOP('',(#5464,#5465,#5466,#5467,#5468,#5469,#5470,#5471,#5472,
#5473));
#2392=EDGE_LOOP('',(#5474,#5475,#5476,#5477));
#2393=EDGE_LOOP('',(#5478,#5479,#5480,#5481,#5482,#5483,#5484,#5485));
#2394=EDGE_LOOP('',(#5486,#5487,#5488,#5489,#5490,#5491,#5492,#5493));
#2395=EDGE_LOOP('',(#5494,#5495,#5496,#5497));
#2396=EDGE_LOOP('',(#5498,#5499,#5500,#5501,#5502,#5503,#5504,#5505));
#2397=EDGE_LOOP('',(#5506,#5507,#5508,#5509));
#2398=EDGE_LOOP('',(#5510,#5511,#5512,#5513,#5514,#5515,#5516,#5517));
#2399=EDGE_LOOP('',(#5518,#5519,#5520,#5521));
#2400=EDGE_LOOP('',(#5522,#5523,#5524,#5525));
#2401=EDGE_LOOP('',(#5526,#5527,#5528,#5529));
#2402=EDGE_LOOP('',(#5530,#5531,#5532,#5533));
#2403=EDGE_LOOP('',(#5534,#5535,#5536,#5537,#5538,#5539,#5540,#5541,#5542,
#5543,#5544,#5545));
#2404=EDGE_LOOP('',(#5546,#5547,#5548,#5549,#5550,#5551,#5552,#5553));
#2405=EDGE_LOOP('',(#5554,#5555,#5556,#5557,#5558,#5559,#5560,#5561,#5562,
#5563,#5564,#5565));
#2406=EDGE_LOOP('',(#5566,#5567,#5568,#5569));
#2407=EDGE_LOOP('',(#5570,#5571,#5572,#5573));
#2408=EDGE_LOOP('',(#5574,#5575,#5576,#5577));
#2409=EDGE_LOOP('',(#5578,#5579,#5580,#5581));
#2410=EDGE_LOOP('',(#5582,#5583,#5584,#5585));
#2411=EDGE_LOOP('',(#5586,#5587,#5588,#5589));
#2412=EDGE_LOOP('',(#5590,#5591,#5592,#5593,#5594,#5595,#5596,#5597,#5598,
#5599,#5600,#5601));
#2413=EDGE_LOOP('',(#5602,#5603,#5604,#5605));
#2414=EDGE_LOOP('',(#5606,#5607,#5608,#5609));
#2415=EDGE_LOOP('',(#5610,#5611,#5612,#5613,#5614,#5615,#5616,#5617,#5618,
#5619,#5620,#5621));
#2416=EDGE_LOOP('',(#5622,#5623,#5624,#5625,#5626,#5627,#5628,#5629,#5630,
#5631,#5632,#5633));
#2417=EDGE_LOOP('',(#5634,#5635,#5636,#5637,#5638,#5639,#5640,#5641));
#2418=EDGE_LOOP('',(#5642,#5643,#5644,#5645));
#2419=EDGE_LOOP('',(#5646,#5647,#5648,#5649));
#2420=EDGE_LOOP('',(#5650,#5651,#5652,#5653));
#2421=EDGE_LOOP('',(#5654,#5655,#5656,#5657));
#2422=EDGE_LOOP('',(#5658,#5659,#5660,#5661));
#2423=EDGE_LOOP('',(#5662,#5663,#5664,#5665));
#2424=EDGE_LOOP('',(#5666,#5667,#5668,#5669));
#2425=EDGE_LOOP('',(#5670,#5671,#5672,#5673));
#2426=EDGE_LOOP('',(#5674,#5675,#5676,#5677,#5678,#5679));
#2427=EDGE_LOOP('',(#5680,#5681,#5682,#5683,#5684,#5685));
#2428=EDGE_LOOP('',(#5686,#5687,#5688,#5689,#5690,#5691));
#2429=EDGE_LOOP('',(#5692,#5693,#5694,#5695,#5696,#5697));
#2430=EDGE_LOOP('',(#5698,#5699,#5700,#5701,#5702,#5703,#5704,#5705));
#2431=EDGE_LOOP('',(#5706,#5707,#5708,#5709));
#2432=EDGE_LOOP('',(#5710,#5711,#5712,#5713,#5714,#5715,#5716));
#2433=EDGE_LOOP('',(#5717,#5718,#5719,#5720,#5721,#5722,#5723,#5724));
#2434=EDGE_LOOP('',(#5725,#5726,#5727,#5728,#5729,#5730,#5731,#5732));
#2435=EDGE_LOOP('',(#5733,#5734,#5735,#5736));
#2436=EDGE_LOOP('',(#5737,#5738,#5739,#5740));
#2437=EDGE_LOOP('',(#5741,#5742,#5743,#5744,#5745,#5746));
#2438=EDGE_LOOP('',(#5747,#5748,#5749,#5750,#5751,#5752,#5753,#5754,#5755,
#5756,#5757,#5758));
#2439=EDGE_LOOP('',(#5759,#5760,#5761,#5762,#5763,#5764,#5765,#5766));
#2440=EDGE_LOOP('',(#5767,#5768,#5769,#5770,#5771,#5772));
#2441=EDGE_LOOP('',(#5773,#5774,#5775,#5776));
#2442=EDGE_LOOP('',(#5777,#5778,#5779,#5780));
#2443=ORIENTED_EDGE('',*,*,#6884,.T.);
#2444=ORIENTED_EDGE('',*,*,#6885,.F.);
#2445=ORIENTED_EDGE('',*,*,#6886,.F.);
#2446=ORIENTED_EDGE('',*,*,#6887,.T.);
#2447=ORIENTED_EDGE('',*,*,#6888,.T.);
#2448=ORIENTED_EDGE('',*,*,#6889,.F.);
#2449=ORIENTED_EDGE('',*,*,#6890,.F.);
#2450=ORIENTED_EDGE('',*,*,#6891,.T.);
#2451=ORIENTED_EDGE('',*,*,#6892,.T.);
#2452=ORIENTED_EDGE('',*,*,#6893,.F.);
#2453=ORIENTED_EDGE('',*,*,#6894,.F.);
#2454=ORIENTED_EDGE('',*,*,#6895,.T.);
#2455=ORIENTED_EDGE('',*,*,#6896,.T.);
#2456=ORIENTED_EDGE('',*,*,#6897,.F.);
#2457=ORIENTED_EDGE('',*,*,#6898,.T.);
#2458=ORIENTED_EDGE('',*,*,#6899,.T.);
#2459=ORIENTED_EDGE('',*,*,#6900,.T.);
#2460=ORIENTED_EDGE('',*,*,#6901,.T.);
#2461=ORIENTED_EDGE('',*,*,#6902,.F.);
#2462=ORIENTED_EDGE('',*,*,#6903,.T.);
#2463=ORIENTED_EDGE('',*,*,#6904,.F.);
#2464=ORIENTED_EDGE('',*,*,#6905,.T.);
#2465=ORIENTED_EDGE('',*,*,#6900,.F.);
#2466=ORIENTED_EDGE('',*,*,#6906,.T.);
#2467=ORIENTED_EDGE('',*,*,#6901,.F.);
#2468=ORIENTED_EDGE('',*,*,#6905,.F.);
#2469=ORIENTED_EDGE('',*,*,#6907,.T.);
#2470=ORIENTED_EDGE('',*,*,#6908,.F.);
#2471=ORIENTED_EDGE('',*,*,#6902,.T.);
#2472=ORIENTED_EDGE('',*,*,#6908,.T.);
#2473=ORIENTED_EDGE('',*,*,#6909,.T.);
#2474=ORIENTED_EDGE('',*,*,#6910,.T.);
#2475=ORIENTED_EDGE('',*,*,#6911,.T.);
#2476=ORIENTED_EDGE('',*,*,#6912,.T.);
#2477=ORIENTED_EDGE('',*,*,#6913,.F.);
#2478=ORIENTED_EDGE('',*,*,#6914,.T.);
#2479=ORIENTED_EDGE('',*,*,#6915,.F.);
#2480=ORIENTED_EDGE('',*,*,#6916,.T.);
#2481=ORIENTED_EDGE('',*,*,#6911,.F.);
#2482=ORIENTED_EDGE('',*,*,#6917,.T.);
#2483=ORIENTED_EDGE('',*,*,#6912,.F.);
#2484=ORIENTED_EDGE('',*,*,#6916,.F.);
#2485=ORIENTED_EDGE('',*,*,#6918,.T.);
#2486=ORIENTED_EDGE('',*,*,#6919,.F.);
#2487=ORIENTED_EDGE('',*,*,#6913,.T.);
#2488=ORIENTED_EDGE('',*,*,#6919,.T.);
#2489=ORIENTED_EDGE('',*,*,#6920,.T.);
#2490=ORIENTED_EDGE('',*,*,#6921,.T.);
#2491=ORIENTED_EDGE('',*,*,#6922,.T.);
#2492=ORIENTED_EDGE('',*,*,#6923,.T.);
#2493=ORIENTED_EDGE('',*,*,#6924,.F.);
#2494=ORIENTED_EDGE('',*,*,#6925,.T.);
#2495=ORIENTED_EDGE('',*,*,#6926,.F.);
#2496=ORIENTED_EDGE('',*,*,#6927,.T.);
#2497=ORIENTED_EDGE('',*,*,#6922,.F.);
#2498=ORIENTED_EDGE('',*,*,#6928,.T.);
#2499=ORIENTED_EDGE('',*,*,#6923,.F.);
#2500=ORIENTED_EDGE('',*,*,#6927,.F.);
#2501=ORIENTED_EDGE('',*,*,#6929,.T.);
#2502=ORIENTED_EDGE('',*,*,#6930,.F.);
#2503=ORIENTED_EDGE('',*,*,#6924,.T.);
#2504=ORIENTED_EDGE('',*,*,#6930,.T.);
#2505=ORIENTED_EDGE('',*,*,#6931,.T.);
#2506=ORIENTED_EDGE('',*,*,#6932,.T.);
#2507=ORIENTED_EDGE('',*,*,#6933,.T.);
#2508=ORIENTED_EDGE('',*,*,#6934,.F.);
#2509=ORIENTED_EDGE('',*,*,#6935,.F.);
#2510=ORIENTED_EDGE('',*,*,#6936,.T.);
#2511=ORIENTED_EDGE('',*,*,#6937,.T.);
#2512=ORIENTED_EDGE('',*,*,#6938,.F.);
#2513=ORIENTED_EDGE('',*,*,#6939,.F.);
#2514=ORIENTED_EDGE('',*,*,#6940,.T.);
#2515=ORIENTED_EDGE('',*,*,#6941,.T.);
#2516=ORIENTED_EDGE('',*,*,#6939,.T.);
#2517=ORIENTED_EDGE('',*,*,#6942,.F.);
#2518=ORIENTED_EDGE('',*,*,#6943,.F.);
#2519=ORIENTED_EDGE('',*,*,#6944,.F.);
#2520=ORIENTED_EDGE('',*,*,#6945,.F.);
#2521=ORIENTED_EDGE('',*,*,#6946,.T.);
#2522=ORIENTED_EDGE('',*,*,#6947,.T.);
#2523=ORIENTED_EDGE('',*,*,#6945,.T.);
#2524=ORIENTED_EDGE('',*,*,#6948,.F.);
#2525=ORIENTED_EDGE('',*,*,#6949,.F.);
#2526=ORIENTED_EDGE('',*,*,#6950,.T.);
#2527=ORIENTED_EDGE('',*,*,#6949,.T.);
#2528=ORIENTED_EDGE('',*,*,#6951,.F.);
#2529=ORIENTED_EDGE('',*,*,#6952,.F.);
#2530=ORIENTED_EDGE('',*,*,#6953,.T.);
#2531=ORIENTED_EDGE('',*,*,#6952,.T.);
#2532=ORIENTED_EDGE('',*,*,#6954,.F.);
#2533=ORIENTED_EDGE('',*,*,#6955,.F.);
#2534=ORIENTED_EDGE('',*,*,#6956,.T.);
#2535=ORIENTED_EDGE('',*,*,#6955,.T.);
#2536=ORIENTED_EDGE('',*,*,#6957,.F.);
#2537=ORIENTED_EDGE('',*,*,#6958,.F.);
#2538=ORIENTED_EDGE('',*,*,#6959,.T.);
#2539=ORIENTED_EDGE('',*,*,#6958,.T.);
#2540=ORIENTED_EDGE('',*,*,#6960,.F.);
#2541=ORIENTED_EDGE('',*,*,#6961,.F.);
#2542=ORIENTED_EDGE('',*,*,#6962,.T.);
#2543=ORIENTED_EDGE('',*,*,#6961,.T.);
#2544=ORIENTED_EDGE('',*,*,#6963,.F.);
#2545=ORIENTED_EDGE('',*,*,#6964,.F.);
#2546=ORIENTED_EDGE('',*,*,#6965,.T.);
#2547=ORIENTED_EDGE('',*,*,#6964,.T.);
#2548=ORIENTED_EDGE('',*,*,#6966,.F.);
#2549=ORIENTED_EDGE('',*,*,#6967,.F.);
#2550=ORIENTED_EDGE('',*,*,#6968,.T.);
#2551=ORIENTED_EDGE('',*,*,#6967,.T.);
#2552=ORIENTED_EDGE('',*,*,#6969,.F.);
#2553=ORIENTED_EDGE('',*,*,#6970,.F.);
#2554=ORIENTED_EDGE('',*,*,#6971,.T.);
#2555=ORIENTED_EDGE('',*,*,#6970,.T.);
#2556=ORIENTED_EDGE('',*,*,#6972,.F.);
#2557=ORIENTED_EDGE('',*,*,#6973,.F.);
#2558=ORIENTED_EDGE('',*,*,#6974,.T.);
#2559=ORIENTED_EDGE('',*,*,#6973,.T.);
#2560=ORIENTED_EDGE('',*,*,#6975,.F.);
#2561=ORIENTED_EDGE('',*,*,#6976,.F.);
#2562=ORIENTED_EDGE('',*,*,#6977,.T.);
#2563=ORIENTED_EDGE('',*,*,#6976,.T.);
#2564=ORIENTED_EDGE('',*,*,#6978,.F.);
#2565=ORIENTED_EDGE('',*,*,#6979,.F.);
#2566=ORIENTED_EDGE('',*,*,#6980,.T.);
#2567=ORIENTED_EDGE('',*,*,#6981,.T.);
#2568=ORIENTED_EDGE('',*,*,#6979,.T.);
#2569=ORIENTED_EDGE('',*,*,#6982,.F.);
#2570=ORIENTED_EDGE('',*,*,#6983,.F.);
#2571=ORIENTED_EDGE('',*,*,#6984,.T.);
#2572=ORIENTED_EDGE('',*,*,#6985,.F.);
#2573=ORIENTED_EDGE('',*,*,#6986,.F.);
#2574=ORIENTED_EDGE('',*,*,#6987,.T.);
#2575=ORIENTED_EDGE('',*,*,#6988,.T.);
#2576=ORIENTED_EDGE('',*,*,#6989,.F.);
#2577=ORIENTED_EDGE('',*,*,#6990,.F.);
#2578=ORIENTED_EDGE('',*,*,#6991,.T.);
#2579=ORIENTED_EDGE('',*,*,#6992,.T.);
#2580=ORIENTED_EDGE('',*,*,#6993,.F.);
#2581=ORIENTED_EDGE('',*,*,#6988,.F.);
#2582=ORIENTED_EDGE('',*,*,#6994,.F.);
#2583=ORIENTED_EDGE('',*,*,#6995,.T.);
#2584=ORIENTED_EDGE('',*,*,#6996,.F.);
#2585=ORIENTED_EDGE('',*,*,#6997,.F.);
#2586=ORIENTED_EDGE('',*,*,#6998,.T.);
#2587=ORIENTED_EDGE('',*,*,#6999,.T.);
#2588=ORIENTED_EDGE('',*,*,#7000,.F.);
#2589=ORIENTED_EDGE('',*,*,#6995,.F.);
#2590=ORIENTED_EDGE('',*,*,#7001,.F.);
#2591=ORIENTED_EDGE('',*,*,#7002,.T.);
#2592=ORIENTED_EDGE('',*,*,#7003,.T.);
#2593=ORIENTED_EDGE('',*,*,#7004,.F.);
#2594=ORIENTED_EDGE('',*,*,#7005,.F.);
#2595=ORIENTED_EDGE('',*,*,#7006,.F.);
#2596=ORIENTED_EDGE('',*,*,#7007,.T.);
#2597=ORIENTED_EDGE('',*,*,#7008,.F.);
#2598=ORIENTED_EDGE('',*,*,#7003,.F.);
#2599=ORIENTED_EDGE('',*,*,#6989,.T.);
#2600=ORIENTED_EDGE('',*,*,#6993,.T.);
#2601=ORIENTED_EDGE('',*,*,#7009,.T.);
#2602=ORIENTED_EDGE('',*,*,#7010,.T.);
#2603=ORIENTED_EDGE('',*,*,#7011,.T.);
#2604=ORIENTED_EDGE('',*,*,#7012,.T.);
#2605=ORIENTED_EDGE('',*,*,#7013,.T.);
#2606=ORIENTED_EDGE('',*,*,#7014,.T.);
#2607=ORIENTED_EDGE('',*,*,#6996,.T.);
#2608=ORIENTED_EDGE('',*,*,#7000,.T.);
#2609=ORIENTED_EDGE('',*,*,#7015,.T.);
#2610=ORIENTED_EDGE('',*,*,#7016,.T.);
#2611=ORIENTED_EDGE('',*,*,#7004,.T.);
#2612=ORIENTED_EDGE('',*,*,#7008,.T.);
#2613=ORIENTED_EDGE('',*,*,#7017,.T.);
#2614=ORIENTED_EDGE('',*,*,#7018,.T.);
#2615=ORIENTED_EDGE('',*,*,#7019,.F.);
#2616=ORIENTED_EDGE('',*,*,#7009,.F.);
#2617=ORIENTED_EDGE('',*,*,#6992,.F.);
#2618=ORIENTED_EDGE('',*,*,#7020,.T.);
#2619=ORIENTED_EDGE('',*,*,#7021,.T.);
#2620=ORIENTED_EDGE('',*,*,#7014,.F.);
#2621=ORIENTED_EDGE('',*,*,#7022,.F.);
#2622=ORIENTED_EDGE('',*,*,#7023,.F.);
#2623=ORIENTED_EDGE('',*,*,#7024,.T.);
#2624=ORIENTED_EDGE('',*,*,#7011,.F.);
#2625=ORIENTED_EDGE('',*,*,#7021,.F.);
#2626=ORIENTED_EDGE('',*,*,#7025,.T.);
#2627=ORIENTED_EDGE('',*,*,#7026,.T.);
#2628=ORIENTED_EDGE('',*,*,#7012,.F.);
#2629=ORIENTED_EDGE('',*,*,#7024,.F.);
#2630=ORIENTED_EDGE('',*,*,#7027,.F.);
#2631=ORIENTED_EDGE('',*,*,#7028,.T.);
#2632=ORIENTED_EDGE('',*,*,#7029,.F.);
#2633=ORIENTED_EDGE('',*,*,#7030,.F.);
#2634=ORIENTED_EDGE('',*,*,#7031,.T.);
#2635=ORIENTED_EDGE('',*,*,#7032,.F.);
#2636=ORIENTED_EDGE('',*,*,#7033,.F.);
#2637=ORIENTED_EDGE('',*,*,#7034,.T.);
#2638=ORIENTED_EDGE('',*,*,#7035,.T.);
#2639=ORIENTED_EDGE('',*,*,#7033,.T.);
#2640=ORIENTED_EDGE('',*,*,#7036,.F.);
#2641=ORIENTED_EDGE('',*,*,#7037,.F.);
#2642=ORIENTED_EDGE('',*,*,#7038,.T.);
#2643=ORIENTED_EDGE('',*,*,#7037,.T.);
#2644=ORIENTED_EDGE('',*,*,#7039,.F.);
#2645=ORIENTED_EDGE('',*,*,#7040,.F.);
#2646=ORIENTED_EDGE('',*,*,#7041,.T.);
#2647=ORIENTED_EDGE('',*,*,#7040,.T.);
#2648=ORIENTED_EDGE('',*,*,#7042,.F.);
#2649=ORIENTED_EDGE('',*,*,#7043,.F.);
#2650=ORIENTED_EDGE('',*,*,#7044,.T.);
#2651=ORIENTED_EDGE('',*,*,#7043,.T.);
#2652=ORIENTED_EDGE('',*,*,#7045,.F.);
#2653=ORIENTED_EDGE('',*,*,#7046,.F.);
#2654=ORIENTED_EDGE('',*,*,#7047,.T.);
#2655=ORIENTED_EDGE('',*,*,#7046,.T.);
#2656=ORIENTED_EDGE('',*,*,#7048,.F.);
#2657=ORIENTED_EDGE('',*,*,#7049,.F.);
#2658=ORIENTED_EDGE('',*,*,#7050,.T.);
#2659=ORIENTED_EDGE('',*,*,#7049,.T.);
#2660=ORIENTED_EDGE('',*,*,#7051,.F.);
#2661=ORIENTED_EDGE('',*,*,#7052,.F.);
#2662=ORIENTED_EDGE('',*,*,#7053,.T.);
#2663=ORIENTED_EDGE('',*,*,#7052,.T.);
#2664=ORIENTED_EDGE('',*,*,#7054,.F.);
#2665=ORIENTED_EDGE('',*,*,#7055,.F.);
#2666=ORIENTED_EDGE('',*,*,#7056,.T.);
#2667=ORIENTED_EDGE('',*,*,#7055,.T.);
#2668=ORIENTED_EDGE('',*,*,#7057,.F.);
#2669=ORIENTED_EDGE('',*,*,#7058,.F.);
#2670=ORIENTED_EDGE('',*,*,#7059,.T.);
#2671=ORIENTED_EDGE('',*,*,#7058,.T.);
#2672=ORIENTED_EDGE('',*,*,#7060,.F.);
#2673=ORIENTED_EDGE('',*,*,#7061,.F.);
#2674=ORIENTED_EDGE('',*,*,#7062,.T.);
#2675=ORIENTED_EDGE('',*,*,#7061,.T.);
#2676=ORIENTED_EDGE('',*,*,#7063,.F.);
#2677=ORIENTED_EDGE('',*,*,#7064,.F.);
#2678=ORIENTED_EDGE('',*,*,#7065,.T.);
#2679=ORIENTED_EDGE('',*,*,#7064,.T.);
#2680=ORIENTED_EDGE('',*,*,#7066,.F.);
#2681=ORIENTED_EDGE('',*,*,#7067,.F.);
#2682=ORIENTED_EDGE('',*,*,#7068,.T.);
#2683=ORIENTED_EDGE('',*,*,#7069,.F.);
#2684=ORIENTED_EDGE('',*,*,#7028,.F.);
#2685=ORIENTED_EDGE('',*,*,#7070,.T.);
#2686=ORIENTED_EDGE('',*,*,#7071,.T.);
#2687=ORIENTED_EDGE('',*,*,#7072,.T.);
#2688=ORIENTED_EDGE('',*,*,#7067,.T.);
#2689=ORIENTED_EDGE('',*,*,#7073,.F.);
#2690=ORIENTED_EDGE('',*,*,#7074,.F.);
#2691=ORIENTED_EDGE('',*,*,#7075,.T.);
#2692=ORIENTED_EDGE('',*,*,#7076,.F.);
#2693=ORIENTED_EDGE('',*,*,#7077,.F.);
#2694=ORIENTED_EDGE('',*,*,#7078,.T.);
#2695=ORIENTED_EDGE('',*,*,#7079,.T.);
#2696=ORIENTED_EDGE('',*,*,#7080,.F.);
#2697=ORIENTED_EDGE('',*,*,#7075,.F.);
#2698=ORIENTED_EDGE('',*,*,#7081,.T.);
#2699=ORIENTED_EDGE('',*,*,#7082,.T.);
#2700=ORIENTED_EDGE('',*,*,#7083,.F.);
#2701=ORIENTED_EDGE('',*,*,#7079,.F.);
#2702=ORIENTED_EDGE('',*,*,#7084,.T.);
#2703=ORIENTED_EDGE('',*,*,#7085,.T.);
#2704=ORIENTED_EDGE('',*,*,#7086,.F.);
#2705=ORIENTED_EDGE('',*,*,#7082,.F.);
#2706=ORIENTED_EDGE('',*,*,#7087,.T.);
#2707=ORIENTED_EDGE('',*,*,#7088,.T.);
#2708=ORIENTED_EDGE('',*,*,#7089,.F.);
#2709=ORIENTED_EDGE('',*,*,#7085,.F.);
#2710=ORIENTED_EDGE('',*,*,#7090,.T.);
#2711=ORIENTED_EDGE('',*,*,#7091,.T.);
#2712=ORIENTED_EDGE('',*,*,#7092,.F.);
#2713=ORIENTED_EDGE('',*,*,#7088,.F.);
#2714=ORIENTED_EDGE('',*,*,#7093,.T.);
#2715=ORIENTED_EDGE('',*,*,#7094,.T.);
#2716=ORIENTED_EDGE('',*,*,#7095,.F.);
#2717=ORIENTED_EDGE('',*,*,#7091,.F.);
#2718=ORIENTED_EDGE('',*,*,#7096,.T.);
#2719=ORIENTED_EDGE('',*,*,#7097,.T.);
#2720=ORIENTED_EDGE('',*,*,#7098,.F.);
#2721=ORIENTED_EDGE('',*,*,#7094,.F.);
#2722=ORIENTED_EDGE('',*,*,#7099,.T.);
#2723=ORIENTED_EDGE('',*,*,#7100,.T.);
#2724=ORIENTED_EDGE('',*,*,#7101,.F.);
#2725=ORIENTED_EDGE('',*,*,#7097,.F.);
#2726=ORIENTED_EDGE('',*,*,#7102,.T.);
#2727=ORIENTED_EDGE('',*,*,#7103,.T.);
#2728=ORIENTED_EDGE('',*,*,#7104,.F.);
#2729=ORIENTED_EDGE('',*,*,#7100,.F.);
#2730=ORIENTED_EDGE('',*,*,#7105,.T.);
#2731=ORIENTED_EDGE('',*,*,#7106,.T.);
#2732=ORIENTED_EDGE('',*,*,#7107,.F.);
#2733=ORIENTED_EDGE('',*,*,#7103,.F.);
#2734=ORIENTED_EDGE('',*,*,#7108,.T.);
#2735=ORIENTED_EDGE('',*,*,#7109,.T.);
#2736=ORIENTED_EDGE('',*,*,#7110,.F.);
#2737=ORIENTED_EDGE('',*,*,#7106,.F.);
#2738=ORIENTED_EDGE('',*,*,#7111,.T.);
#2739=ORIENTED_EDGE('',*,*,#7112,.T.);
#2740=ORIENTED_EDGE('',*,*,#7113,.F.);
#2741=ORIENTED_EDGE('',*,*,#7114,.F.);
#2742=ORIENTED_EDGE('',*,*,#7115,.T.);
#2743=ORIENTED_EDGE('',*,*,#7116,.T.);
#2744=ORIENTED_EDGE('',*,*,#7117,.F.);
#2745=ORIENTED_EDGE('',*,*,#7109,.F.);
#2746=ORIENTED_EDGE('',*,*,#7118,.T.);
#2747=ORIENTED_EDGE('',*,*,#7119,.F.);
#2748=ORIENTED_EDGE('',*,*,#7070,.F.);
#2749=ORIENTED_EDGE('',*,*,#7031,.F.);
#2750=ORIENTED_EDGE('',*,*,#7120,.F.);
#2751=ORIENTED_EDGE('',*,*,#7034,.F.);
#2752=ORIENTED_EDGE('',*,*,#7038,.F.);
#2753=ORIENTED_EDGE('',*,*,#7041,.F.);
#2754=ORIENTED_EDGE('',*,*,#7044,.F.);
#2755=ORIENTED_EDGE('',*,*,#7047,.F.);
#2756=ORIENTED_EDGE('',*,*,#7050,.F.);
#2757=ORIENTED_EDGE('',*,*,#7053,.F.);
#2758=ORIENTED_EDGE('',*,*,#7056,.F.);
#2759=ORIENTED_EDGE('',*,*,#7059,.F.);
#2760=ORIENTED_EDGE('',*,*,#7062,.F.);
#2761=ORIENTED_EDGE('',*,*,#7065,.F.);
#2762=ORIENTED_EDGE('',*,*,#7068,.F.);
#2763=ORIENTED_EDGE('',*,*,#7072,.F.);
#2764=ORIENTED_EDGE('',*,*,#7121,.T.);
#2765=ORIENTED_EDGE('',*,*,#7122,.T.);
#2766=ORIENTED_EDGE('',*,*,#7118,.F.);
#2767=ORIENTED_EDGE('',*,*,#7111,.F.);
#2768=ORIENTED_EDGE('',*,*,#7108,.F.);
#2769=ORIENTED_EDGE('',*,*,#7105,.F.);
#2770=ORIENTED_EDGE('',*,*,#7102,.F.);
#2771=ORIENTED_EDGE('',*,*,#7099,.F.);
#2772=ORIENTED_EDGE('',*,*,#7096,.F.);
#2773=ORIENTED_EDGE('',*,*,#7093,.F.);
#2774=ORIENTED_EDGE('',*,*,#7090,.F.);
#2775=ORIENTED_EDGE('',*,*,#7087,.F.);
#2776=ORIENTED_EDGE('',*,*,#7084,.F.);
#2777=ORIENTED_EDGE('',*,*,#7081,.F.);
#2778=ORIENTED_EDGE('',*,*,#7078,.F.);
#2779=ORIENTED_EDGE('',*,*,#7123,.F.);
#2780=ORIENTED_EDGE('',*,*,#7115,.F.);
#2781=ORIENTED_EDGE('',*,*,#7124,.F.);
#2782=ORIENTED_EDGE('',*,*,#7125,.T.);
#2783=ORIENTED_EDGE('',*,*,#7126,.F.);
#2784=ORIENTED_EDGE('',*,*,#7112,.F.);
#2785=ORIENTED_EDGE('',*,*,#7123,.T.);
#2786=ORIENTED_EDGE('',*,*,#7127,.T.);
#2787=ORIENTED_EDGE('',*,*,#7029,.T.);
#2788=ORIENTED_EDGE('',*,*,#7069,.T.);
#2789=ORIENTED_EDGE('',*,*,#7128,.T.);
#2790=ORIENTED_EDGE('',*,*,#7129,.T.);
#2791=ORIENTED_EDGE('',*,*,#7073,.T.);
#2792=ORIENTED_EDGE('',*,*,#7066,.T.);
#2793=ORIENTED_EDGE('',*,*,#7063,.T.);
#2794=ORIENTED_EDGE('',*,*,#7060,.T.);
#2795=ORIENTED_EDGE('',*,*,#7057,.T.);
#2796=ORIENTED_EDGE('',*,*,#7054,.T.);
#2797=ORIENTED_EDGE('',*,*,#7051,.T.);
#2798=ORIENTED_EDGE('',*,*,#7048,.T.);
#2799=ORIENTED_EDGE('',*,*,#7045,.T.);
#2800=ORIENTED_EDGE('',*,*,#7042,.T.);
#2801=ORIENTED_EDGE('',*,*,#7039,.T.);
#2802=ORIENTED_EDGE('',*,*,#7036,.T.);
#2803=ORIENTED_EDGE('',*,*,#7032,.T.);
#2804=ORIENTED_EDGE('',*,*,#7130,.F.);
#2805=ORIENTED_EDGE('',*,*,#7080,.T.);
#2806=ORIENTED_EDGE('',*,*,#7083,.T.);
#2807=ORIENTED_EDGE('',*,*,#7086,.T.);
#2808=ORIENTED_EDGE('',*,*,#7089,.T.);
#2809=ORIENTED_EDGE('',*,*,#7092,.T.);
#2810=ORIENTED_EDGE('',*,*,#7095,.T.);
#2811=ORIENTED_EDGE('',*,*,#7098,.T.);
#2812=ORIENTED_EDGE('',*,*,#7101,.T.);
#2813=ORIENTED_EDGE('',*,*,#7104,.T.);
#2814=ORIENTED_EDGE('',*,*,#7107,.T.);
#2815=ORIENTED_EDGE('',*,*,#7110,.T.);
#2816=ORIENTED_EDGE('',*,*,#7117,.T.);
#2817=ORIENTED_EDGE('',*,*,#7131,.F.);
#2818=ORIENTED_EDGE('',*,*,#7076,.T.);
#2819=ORIENTED_EDGE('',*,*,#7132,.T.);
#2820=ORIENTED_EDGE('',*,*,#7113,.T.);
#2821=ORIENTED_EDGE('',*,*,#7126,.T.);
#2822=ORIENTED_EDGE('',*,*,#7133,.F.);
#2823=ORIENTED_EDGE('',*,*,#7134,.T.);
#2824=ORIENTED_EDGE('',*,*,#7135,.F.);
#2825=ORIENTED_EDGE('',*,*,#7136,.F.);
#2826=ORIENTED_EDGE('',*,*,#7137,.T.);
#2827=ORIENTED_EDGE('',*,*,#7138,.T.);
#2828=ORIENTED_EDGE('',*,*,#7136,.T.);
#2829=ORIENTED_EDGE('',*,*,#7139,.F.);
#2830=ORIENTED_EDGE('',*,*,#7140,.F.);
#2831=ORIENTED_EDGE('',*,*,#7141,.F.);
#2832=ORIENTED_EDGE('',*,*,#7142,.F.);
#2833=ORIENTED_EDGE('',*,*,#7143,.T.);
#2834=ORIENTED_EDGE('',*,*,#7144,.T.);
#2835=ORIENTED_EDGE('',*,*,#7142,.T.);
#2836=ORIENTED_EDGE('',*,*,#7145,.F.);
#2837=ORIENTED_EDGE('',*,*,#7146,.F.);
#2838=ORIENTED_EDGE('',*,*,#7147,.T.);
#2839=ORIENTED_EDGE('',*,*,#7146,.T.);
#2840=ORIENTED_EDGE('',*,*,#7148,.F.);
#2841=ORIENTED_EDGE('',*,*,#7149,.F.);
#2842=ORIENTED_EDGE('',*,*,#7150,.T.);
#2843=ORIENTED_EDGE('',*,*,#7149,.T.);
#2844=ORIENTED_EDGE('',*,*,#7151,.F.);
#2845=ORIENTED_EDGE('',*,*,#7152,.F.);
#2846=ORIENTED_EDGE('',*,*,#7153,.T.);
#2847=ORIENTED_EDGE('',*,*,#7152,.T.);
#2848=ORIENTED_EDGE('',*,*,#7154,.F.);
#2849=ORIENTED_EDGE('',*,*,#7155,.F.);
#2850=ORIENTED_EDGE('',*,*,#7156,.T.);
#2851=ORIENTED_EDGE('',*,*,#7155,.T.);
#2852=ORIENTED_EDGE('',*,*,#7157,.F.);
#2853=ORIENTED_EDGE('',*,*,#7158,.F.);
#2854=ORIENTED_EDGE('',*,*,#7159,.T.);
#2855=ORIENTED_EDGE('',*,*,#7158,.T.);
#2856=ORIENTED_EDGE('',*,*,#7160,.F.);
#2857=ORIENTED_EDGE('',*,*,#7161,.F.);
#2858=ORIENTED_EDGE('',*,*,#7162,.T.);
#2859=ORIENTED_EDGE('',*,*,#7161,.T.);
#2860=ORIENTED_EDGE('',*,*,#7163,.F.);
#2861=ORIENTED_EDGE('',*,*,#7164,.F.);
#2862=ORIENTED_EDGE('',*,*,#7165,.T.);
#2863=ORIENTED_EDGE('',*,*,#7164,.T.);
#2864=ORIENTED_EDGE('',*,*,#7166,.F.);
#2865=ORIENTED_EDGE('',*,*,#7167,.F.);
#2866=ORIENTED_EDGE('',*,*,#7168,.T.);
#2867=ORIENTED_EDGE('',*,*,#7167,.T.);
#2868=ORIENTED_EDGE('',*,*,#7169,.F.);
#2869=ORIENTED_EDGE('',*,*,#7170,.F.);
#2870=ORIENTED_EDGE('',*,*,#7171,.T.);
#2871=ORIENTED_EDGE('',*,*,#7170,.T.);
#2872=ORIENTED_EDGE('',*,*,#7172,.F.);
#2873=ORIENTED_EDGE('',*,*,#7173,.F.);
#2874=ORIENTED_EDGE('',*,*,#7174,.T.);
#2875=ORIENTED_EDGE('',*,*,#7173,.T.);
#2876=ORIENTED_EDGE('',*,*,#7175,.F.);
#2877=ORIENTED_EDGE('',*,*,#7176,.F.);
#2878=ORIENTED_EDGE('',*,*,#7177,.T.);
#2879=ORIENTED_EDGE('',*,*,#7178,.T.);
#2880=ORIENTED_EDGE('',*,*,#7176,.T.);
#2881=ORIENTED_EDGE('',*,*,#7179,.F.);
#2882=ORIENTED_EDGE('',*,*,#7180,.F.);
#2883=ORIENTED_EDGE('',*,*,#7181,.T.);
#2884=ORIENTED_EDGE('',*,*,#7182,.F.);
#2885=ORIENTED_EDGE('',*,*,#7183,.F.);
#2886=ORIENTED_EDGE('',*,*,#7184,.T.);
#2887=ORIENTED_EDGE('',*,*,#7185,.T.);
#2888=ORIENTED_EDGE('',*,*,#7186,.F.);
#2889=ORIENTED_EDGE('',*,*,#7187,.F.);
#2890=ORIENTED_EDGE('',*,*,#7188,.T.);
#2891=ORIENTED_EDGE('',*,*,#7187,.T.);
#2892=ORIENTED_EDGE('',*,*,#7189,.F.);
#2893=ORIENTED_EDGE('',*,*,#7190,.F.);
#2894=ORIENTED_EDGE('',*,*,#7191,.T.);
#2895=ORIENTED_EDGE('',*,*,#7190,.T.);
#2896=ORIENTED_EDGE('',*,*,#7192,.F.);
#2897=ORIENTED_EDGE('',*,*,#7193,.F.);
#2898=ORIENTED_EDGE('',*,*,#7194,.T.);
#2899=ORIENTED_EDGE('',*,*,#7193,.T.);
#2900=ORIENTED_EDGE('',*,*,#7195,.F.);
#2901=ORIENTED_EDGE('',*,*,#7196,.F.);
#2902=ORIENTED_EDGE('',*,*,#7197,.T.);
#2903=ORIENTED_EDGE('',*,*,#7196,.T.);
#2904=ORIENTED_EDGE('',*,*,#7198,.F.);
#2905=ORIENTED_EDGE('',*,*,#7199,.F.);
#2906=ORIENTED_EDGE('',*,*,#7200,.T.);
#2907=ORIENTED_EDGE('',*,*,#7199,.T.);
#2908=ORIENTED_EDGE('',*,*,#7201,.F.);
#2909=ORIENTED_EDGE('',*,*,#7202,.F.);
#2910=ORIENTED_EDGE('',*,*,#7203,.T.);
#2911=ORIENTED_EDGE('',*,*,#7202,.T.);
#2912=ORIENTED_EDGE('',*,*,#7204,.F.);
#2913=ORIENTED_EDGE('',*,*,#7205,.F.);
#2914=ORIENTED_EDGE('',*,*,#7206,.T.);
#2915=ORIENTED_EDGE('',*,*,#7205,.T.);
#2916=ORIENTED_EDGE('',*,*,#7207,.F.);
#2917=ORIENTED_EDGE('',*,*,#7208,.F.);
#2918=ORIENTED_EDGE('',*,*,#7209,.T.);
#2919=ORIENTED_EDGE('',*,*,#7208,.T.);
#2920=ORIENTED_EDGE('',*,*,#7210,.F.);
#2921=ORIENTED_EDGE('',*,*,#7211,.F.);
#2922=ORIENTED_EDGE('',*,*,#7212,.T.);
#2923=ORIENTED_EDGE('',*,*,#7211,.T.);
#2924=ORIENTED_EDGE('',*,*,#7213,.F.);
#2925=ORIENTED_EDGE('',*,*,#7214,.F.);
#2926=ORIENTED_EDGE('',*,*,#7215,.T.);
#2927=ORIENTED_EDGE('',*,*,#7214,.T.);
#2928=ORIENTED_EDGE('',*,*,#7216,.F.);
#2929=ORIENTED_EDGE('',*,*,#7217,.F.);
#2930=ORIENTED_EDGE('',*,*,#7218,.T.);
#2931=ORIENTED_EDGE('',*,*,#7219,.F.);
#2932=ORIENTED_EDGE('',*,*,#7181,.F.);
#2933=ORIENTED_EDGE('',*,*,#7220,.T.);
#2934=ORIENTED_EDGE('',*,*,#7221,.T.);
#2935=ORIENTED_EDGE('',*,*,#7222,.T.);
#2936=ORIENTED_EDGE('',*,*,#7217,.T.);
#2937=ORIENTED_EDGE('',*,*,#7223,.F.);
#2938=ORIENTED_EDGE('',*,*,#7224,.F.);
#2939=ORIENTED_EDGE('',*,*,#7220,.F.);
#2940=ORIENTED_EDGE('',*,*,#7184,.F.);
#2941=ORIENTED_EDGE('',*,*,#7225,.F.);
#2942=ORIENTED_EDGE('',*,*,#7226,.F.);
#2943=ORIENTED_EDGE('',*,*,#7227,.T.);
#2944=ORIENTED_EDGE('',*,*,#7137,.F.);
#2945=ORIENTED_EDGE('',*,*,#7138,.F.);
#2946=ORIENTED_EDGE('',*,*,#7228,.F.);
#2947=ORIENTED_EDGE('',*,*,#7143,.F.);
#2948=ORIENTED_EDGE('',*,*,#7147,.F.);
#2949=ORIENTED_EDGE('',*,*,#7150,.F.);
#2950=ORIENTED_EDGE('',*,*,#7153,.F.);
#2951=ORIENTED_EDGE('',*,*,#7156,.F.);
#2952=ORIENTED_EDGE('',*,*,#7159,.F.);
#2953=ORIENTED_EDGE('',*,*,#7162,.F.);
#2954=ORIENTED_EDGE('',*,*,#7165,.F.);
#2955=ORIENTED_EDGE('',*,*,#7168,.F.);
#2956=ORIENTED_EDGE('',*,*,#7171,.F.);
#2957=ORIENTED_EDGE('',*,*,#7174,.F.);
#2958=ORIENTED_EDGE('',*,*,#7177,.F.);
#2959=ORIENTED_EDGE('',*,*,#7178,.F.);
#2960=ORIENTED_EDGE('',*,*,#7229,.F.);
#2961=ORIENTED_EDGE('',*,*,#7230,.F.);
#2962=ORIENTED_EDGE('',*,*,#7188,.F.);
#2963=ORIENTED_EDGE('',*,*,#7191,.F.);
#2964=ORIENTED_EDGE('',*,*,#7194,.F.);
#2965=ORIENTED_EDGE('',*,*,#7197,.F.);
#2966=ORIENTED_EDGE('',*,*,#7200,.F.);
#2967=ORIENTED_EDGE('',*,*,#7203,.F.);
#2968=ORIENTED_EDGE('',*,*,#7206,.F.);
#2969=ORIENTED_EDGE('',*,*,#7209,.F.);
#2970=ORIENTED_EDGE('',*,*,#7212,.F.);
#2971=ORIENTED_EDGE('',*,*,#7215,.F.);
#2972=ORIENTED_EDGE('',*,*,#7218,.F.);
#2973=ORIENTED_EDGE('',*,*,#7222,.F.);
#2974=ORIENTED_EDGE('',*,*,#7231,.F.);
#2975=ORIENTED_EDGE('',*,*,#7232,.F.);
#2976=ORIENTED_EDGE('',*,*,#7185,.F.);
#2977=ORIENTED_EDGE('',*,*,#7230,.T.);
#2978=ORIENTED_EDGE('',*,*,#7233,.T.);
#2979=ORIENTED_EDGE('',*,*,#7234,.T.);
#2980=ORIENTED_EDGE('',*,*,#7182,.T.);
#2981=ORIENTED_EDGE('',*,*,#7219,.T.);
#2982=ORIENTED_EDGE('',*,*,#7235,.T.);
#2983=ORIENTED_EDGE('',*,*,#7139,.T.);
#2984=ORIENTED_EDGE('',*,*,#7135,.T.);
#2985=ORIENTED_EDGE('',*,*,#7236,.F.);
#2986=ORIENTED_EDGE('',*,*,#7237,.T.);
#2987=ORIENTED_EDGE('',*,*,#7179,.T.);
#2988=ORIENTED_EDGE('',*,*,#7175,.T.);
#2989=ORIENTED_EDGE('',*,*,#7172,.T.);
#2990=ORIENTED_EDGE('',*,*,#7169,.T.);
#2991=ORIENTED_EDGE('',*,*,#7166,.T.);
#2992=ORIENTED_EDGE('',*,*,#7163,.T.);
#2993=ORIENTED_EDGE('',*,*,#7160,.T.);
#2994=ORIENTED_EDGE('',*,*,#7157,.T.);
#2995=ORIENTED_EDGE('',*,*,#7154,.T.);
#2996=ORIENTED_EDGE('',*,*,#7151,.T.);
#2997=ORIENTED_EDGE('',*,*,#7148,.T.);
#2998=ORIENTED_EDGE('',*,*,#7145,.T.);
#2999=ORIENTED_EDGE('',*,*,#7141,.T.);
#3000=ORIENTED_EDGE('',*,*,#7238,.T.);
#3001=ORIENTED_EDGE('',*,*,#7223,.T.);
#3002=ORIENTED_EDGE('',*,*,#7216,.T.);
#3003=ORIENTED_EDGE('',*,*,#7213,.T.);
#3004=ORIENTED_EDGE('',*,*,#7210,.T.);
#3005=ORIENTED_EDGE('',*,*,#7207,.T.);
#3006=ORIENTED_EDGE('',*,*,#7204,.T.);
#3007=ORIENTED_EDGE('',*,*,#7201,.T.);
#3008=ORIENTED_EDGE('',*,*,#7198,.T.);
#3009=ORIENTED_EDGE('',*,*,#7195,.T.);
#3010=ORIENTED_EDGE('',*,*,#7192,.T.);
#3011=ORIENTED_EDGE('',*,*,#7189,.T.);
#3012=ORIENTED_EDGE('',*,*,#7186,.T.);
#3013=ORIENTED_EDGE('',*,*,#7232,.T.);
#3014=ORIENTED_EDGE('',*,*,#7239,.T.);
#3015=ORIENTED_EDGE('',*,*,#7240,.T.);
#3016=ORIENTED_EDGE('',*,*,#7241,.F.);
#3017=ORIENTED_EDGE('',*,*,#7242,.F.);
#3018=ORIENTED_EDGE('',*,*,#7243,.T.);
#3019=ORIENTED_EDGE('',*,*,#7244,.T.);
#3020=ORIENTED_EDGE('',*,*,#7242,.T.);
#3021=ORIENTED_EDGE('',*,*,#7245,.F.);
#3022=ORIENTED_EDGE('',*,*,#7246,.F.);
#3023=ORIENTED_EDGE('',*,*,#7247,.F.);
#3024=ORIENTED_EDGE('',*,*,#7248,.F.);
#3025=ORIENTED_EDGE('',*,*,#7249,.T.);
#3026=ORIENTED_EDGE('',*,*,#7250,.T.);
#3027=ORIENTED_EDGE('',*,*,#7248,.T.);
#3028=ORIENTED_EDGE('',*,*,#7251,.F.);
#3029=ORIENTED_EDGE('',*,*,#7252,.F.);
#3030=ORIENTED_EDGE('',*,*,#7253,.T.);
#3031=ORIENTED_EDGE('',*,*,#7252,.T.);
#3032=ORIENTED_EDGE('',*,*,#7254,.F.);
#3033=ORIENTED_EDGE('',*,*,#7255,.F.);
#3034=ORIENTED_EDGE('',*,*,#7256,.T.);
#3035=ORIENTED_EDGE('',*,*,#7255,.T.);
#3036=ORIENTED_EDGE('',*,*,#7257,.F.);
#3037=ORIENTED_EDGE('',*,*,#7258,.F.);
#3038=ORIENTED_EDGE('',*,*,#7259,.T.);
#3039=ORIENTED_EDGE('',*,*,#7258,.T.);
#3040=ORIENTED_EDGE('',*,*,#7260,.F.);
#3041=ORIENTED_EDGE('',*,*,#7261,.F.);
#3042=ORIENTED_EDGE('',*,*,#7262,.T.);
#3043=ORIENTED_EDGE('',*,*,#7261,.T.);
#3044=ORIENTED_EDGE('',*,*,#7263,.F.);
#3045=ORIENTED_EDGE('',*,*,#7264,.F.);
#3046=ORIENTED_EDGE('',*,*,#7265,.T.);
#3047=ORIENTED_EDGE('',*,*,#7264,.T.);
#3048=ORIENTED_EDGE('',*,*,#7266,.F.);
#3049=ORIENTED_EDGE('',*,*,#7267,.F.);
#3050=ORIENTED_EDGE('',*,*,#7268,.T.);
#3051=ORIENTED_EDGE('',*,*,#7267,.T.);
#3052=ORIENTED_EDGE('',*,*,#7269,.F.);
#3053=ORIENTED_EDGE('',*,*,#7270,.F.);
#3054=ORIENTED_EDGE('',*,*,#7271,.T.);
#3055=ORIENTED_EDGE('',*,*,#7270,.T.);
#3056=ORIENTED_EDGE('',*,*,#7272,.F.);
#3057=ORIENTED_EDGE('',*,*,#7273,.F.);
#3058=ORIENTED_EDGE('',*,*,#7274,.T.);
#3059=ORIENTED_EDGE('',*,*,#7273,.T.);
#3060=ORIENTED_EDGE('',*,*,#7275,.F.);
#3061=ORIENTED_EDGE('',*,*,#7276,.F.);
#3062=ORIENTED_EDGE('',*,*,#7277,.T.);
#3063=ORIENTED_EDGE('',*,*,#7276,.T.);
#3064=ORIENTED_EDGE('',*,*,#7278,.F.);
#3065=ORIENTED_EDGE('',*,*,#7279,.F.);
#3066=ORIENTED_EDGE('',*,*,#7280,.T.);
#3067=ORIENTED_EDGE('',*,*,#7279,.T.);
#3068=ORIENTED_EDGE('',*,*,#7281,.F.);
#3069=ORIENTED_EDGE('',*,*,#7282,.F.);
#3070=ORIENTED_EDGE('',*,*,#7283,.T.);
#3071=ORIENTED_EDGE('',*,*,#7284,.T.);
#3072=ORIENTED_EDGE('',*,*,#7282,.T.);
#3073=ORIENTED_EDGE('',*,*,#7285,.F.);
#3074=ORIENTED_EDGE('',*,*,#7286,.F.);
#3075=ORIENTED_EDGE('',*,*,#7287,.T.);
#3076=ORIENTED_EDGE('',*,*,#7288,.F.);
#3077=ORIENTED_EDGE('',*,*,#7289,.F.);
#3078=ORIENTED_EDGE('',*,*,#7290,.T.);
#3079=ORIENTED_EDGE('',*,*,#7291,.T.);
#3080=ORIENTED_EDGE('',*,*,#7292,.F.);
#3081=ORIENTED_EDGE('',*,*,#7293,.F.);
#3082=ORIENTED_EDGE('',*,*,#7294,.T.);
#3083=ORIENTED_EDGE('',*,*,#7293,.T.);
#3084=ORIENTED_EDGE('',*,*,#7295,.F.);
#3085=ORIENTED_EDGE('',*,*,#7296,.F.);
#3086=ORIENTED_EDGE('',*,*,#7297,.T.);
#3087=ORIENTED_EDGE('',*,*,#7296,.T.);
#3088=ORIENTED_EDGE('',*,*,#7298,.F.);
#3089=ORIENTED_EDGE('',*,*,#7299,.F.);
#3090=ORIENTED_EDGE('',*,*,#7300,.T.);
#3091=ORIENTED_EDGE('',*,*,#7299,.T.);
#3092=ORIENTED_EDGE('',*,*,#7301,.F.);
#3093=ORIENTED_EDGE('',*,*,#7302,.F.);
#3094=ORIENTED_EDGE('',*,*,#7303,.T.);
#3095=ORIENTED_EDGE('',*,*,#7302,.T.);
#3096=ORIENTED_EDGE('',*,*,#7304,.F.);
#3097=ORIENTED_EDGE('',*,*,#7305,.F.);
#3098=ORIENTED_EDGE('',*,*,#7306,.T.);
#3099=ORIENTED_EDGE('',*,*,#7305,.T.);
#3100=ORIENTED_EDGE('',*,*,#7307,.F.);
#3101=ORIENTED_EDGE('',*,*,#7308,.F.);
#3102=ORIENTED_EDGE('',*,*,#7309,.T.);
#3103=ORIENTED_EDGE('',*,*,#7308,.T.);
#3104=ORIENTED_EDGE('',*,*,#7310,.F.);
#3105=ORIENTED_EDGE('',*,*,#7311,.F.);
#3106=ORIENTED_EDGE('',*,*,#7312,.T.);
#3107=ORIENTED_EDGE('',*,*,#7311,.T.);
#3108=ORIENTED_EDGE('',*,*,#7313,.F.);
#3109=ORIENTED_EDGE('',*,*,#7314,.F.);
#3110=ORIENTED_EDGE('',*,*,#7315,.T.);
#3111=ORIENTED_EDGE('',*,*,#7314,.T.);
#3112=ORIENTED_EDGE('',*,*,#7316,.F.);
#3113=ORIENTED_EDGE('',*,*,#7317,.F.);
#3114=ORIENTED_EDGE('',*,*,#7318,.T.);
#3115=ORIENTED_EDGE('',*,*,#7317,.T.);
#3116=ORIENTED_EDGE('',*,*,#7319,.F.);
#3117=ORIENTED_EDGE('',*,*,#7320,.F.);
#3118=ORIENTED_EDGE('',*,*,#7321,.T.);
#3119=ORIENTED_EDGE('',*,*,#7320,.T.);
#3120=ORIENTED_EDGE('',*,*,#7322,.F.);
#3121=ORIENTED_EDGE('',*,*,#7323,.F.);
#3122=ORIENTED_EDGE('',*,*,#7324,.T.);
#3123=ORIENTED_EDGE('',*,*,#7325,.F.);
#3124=ORIENTED_EDGE('',*,*,#7287,.F.);
#3125=ORIENTED_EDGE('',*,*,#7326,.T.);
#3126=ORIENTED_EDGE('',*,*,#7327,.T.);
#3127=ORIENTED_EDGE('',*,*,#7328,.T.);
#3128=ORIENTED_EDGE('',*,*,#7323,.T.);
#3129=ORIENTED_EDGE('',*,*,#7329,.F.);
#3130=ORIENTED_EDGE('',*,*,#7330,.F.);
#3131=ORIENTED_EDGE('',*,*,#7326,.F.);
#3132=ORIENTED_EDGE('',*,*,#7290,.F.);
#3133=ORIENTED_EDGE('',*,*,#7331,.F.);
#3134=ORIENTED_EDGE('',*,*,#7332,.F.);
#3135=ORIENTED_EDGE('',*,*,#7333,.T.);
#3136=ORIENTED_EDGE('',*,*,#7243,.F.);
#3137=ORIENTED_EDGE('',*,*,#7244,.F.);
#3138=ORIENTED_EDGE('',*,*,#7334,.F.);
#3139=ORIENTED_EDGE('',*,*,#7249,.F.);
#3140=ORIENTED_EDGE('',*,*,#7253,.F.);
#3141=ORIENTED_EDGE('',*,*,#7256,.F.);
#3142=ORIENTED_EDGE('',*,*,#7259,.F.);
#3143=ORIENTED_EDGE('',*,*,#7262,.F.);
#3144=ORIENTED_EDGE('',*,*,#7265,.F.);
#3145=ORIENTED_EDGE('',*,*,#7268,.F.);
#3146=ORIENTED_EDGE('',*,*,#7271,.F.);
#3147=ORIENTED_EDGE('',*,*,#7274,.F.);
#3148=ORIENTED_EDGE('',*,*,#7277,.F.);
#3149=ORIENTED_EDGE('',*,*,#7280,.F.);
#3150=ORIENTED_EDGE('',*,*,#7283,.F.);
#3151=ORIENTED_EDGE('',*,*,#7284,.F.);
#3152=ORIENTED_EDGE('',*,*,#7335,.F.);
#3153=ORIENTED_EDGE('',*,*,#7336,.F.);
#3154=ORIENTED_EDGE('',*,*,#7294,.F.);
#3155=ORIENTED_EDGE('',*,*,#7297,.F.);
#3156=ORIENTED_EDGE('',*,*,#7300,.F.);
#3157=ORIENTED_EDGE('',*,*,#7303,.F.);
#3158=ORIENTED_EDGE('',*,*,#7306,.F.);
#3159=ORIENTED_EDGE('',*,*,#7309,.F.);
#3160=ORIENTED_EDGE('',*,*,#7312,.F.);
#3161=ORIENTED_EDGE('',*,*,#7315,.F.);
#3162=ORIENTED_EDGE('',*,*,#7318,.F.);
#3163=ORIENTED_EDGE('',*,*,#7321,.F.);
#3164=ORIENTED_EDGE('',*,*,#7324,.F.);
#3165=ORIENTED_EDGE('',*,*,#7328,.F.);
#3166=ORIENTED_EDGE('',*,*,#7337,.F.);
#3167=ORIENTED_EDGE('',*,*,#7338,.F.);
#3168=ORIENTED_EDGE('',*,*,#7291,.F.);
#3169=ORIENTED_EDGE('',*,*,#7336,.T.);
#3170=ORIENTED_EDGE('',*,*,#7339,.T.);
#3171=ORIENTED_EDGE('',*,*,#7340,.T.);
#3172=ORIENTED_EDGE('',*,*,#7288,.T.);
#3173=ORIENTED_EDGE('',*,*,#7325,.T.);
#3174=ORIENTED_EDGE('',*,*,#7341,.T.);
#3175=ORIENTED_EDGE('',*,*,#7245,.T.);
#3176=ORIENTED_EDGE('',*,*,#7241,.T.);
#3177=ORIENTED_EDGE('',*,*,#7342,.F.);
#3178=ORIENTED_EDGE('',*,*,#7343,.T.);
#3179=ORIENTED_EDGE('',*,*,#7285,.T.);
#3180=ORIENTED_EDGE('',*,*,#7281,.T.);
#3181=ORIENTED_EDGE('',*,*,#7278,.T.);
#3182=ORIENTED_EDGE('',*,*,#7275,.T.);
#3183=ORIENTED_EDGE('',*,*,#7272,.T.);
#3184=ORIENTED_EDGE('',*,*,#7269,.T.);
#3185=ORIENTED_EDGE('',*,*,#7266,.T.);
#3186=ORIENTED_EDGE('',*,*,#7263,.T.);
#3187=ORIENTED_EDGE('',*,*,#7260,.T.);
#3188=ORIENTED_EDGE('',*,*,#7257,.T.);
#3189=ORIENTED_EDGE('',*,*,#7254,.T.);
#3190=ORIENTED_EDGE('',*,*,#7251,.T.);
#3191=ORIENTED_EDGE('',*,*,#7247,.T.);
#3192=ORIENTED_EDGE('',*,*,#7344,.T.);
#3193=ORIENTED_EDGE('',*,*,#7329,.T.);
#3194=ORIENTED_EDGE('',*,*,#7322,.T.);
#3195=ORIENTED_EDGE('',*,*,#7319,.T.);
#3196=ORIENTED_EDGE('',*,*,#7316,.T.);
#3197=ORIENTED_EDGE('',*,*,#7313,.T.);
#3198=ORIENTED_EDGE('',*,*,#7310,.T.);
#3199=ORIENTED_EDGE('',*,*,#7307,.T.);
#3200=ORIENTED_EDGE('',*,*,#7304,.T.);
#3201=ORIENTED_EDGE('',*,*,#7301,.T.);
#3202=ORIENTED_EDGE('',*,*,#7298,.T.);
#3203=ORIENTED_EDGE('',*,*,#7295,.T.);
#3204=ORIENTED_EDGE('',*,*,#7292,.T.);
#3205=ORIENTED_EDGE('',*,*,#7338,.T.);
#3206=ORIENTED_EDGE('',*,*,#7345,.T.);
#3207=ORIENTED_EDGE('',*,*,#7346,.T.);
#3208=ORIENTED_EDGE('',*,*,#7347,.F.);
#3209=ORIENTED_EDGE('',*,*,#7348,.F.);
#3210=ORIENTED_EDGE('',*,*,#7349,.T.);
#3211=ORIENTED_EDGE('',*,*,#7350,.T.);
#3212=ORIENTED_EDGE('',*,*,#7348,.T.);
#3213=ORIENTED_EDGE('',*,*,#7351,.F.);
#3214=ORIENTED_EDGE('',*,*,#7352,.F.);
#3215=ORIENTED_EDGE('',*,*,#7353,.F.);
#3216=ORIENTED_EDGE('',*,*,#7354,.F.);
#3217=ORIENTED_EDGE('',*,*,#7355,.T.);
#3218=ORIENTED_EDGE('',*,*,#7356,.T.);
#3219=ORIENTED_EDGE('',*,*,#7354,.T.);
#3220=ORIENTED_EDGE('',*,*,#7357,.F.);
#3221=ORIENTED_EDGE('',*,*,#7358,.F.);
#3222=ORIENTED_EDGE('',*,*,#7359,.T.);
#3223=ORIENTED_EDGE('',*,*,#7358,.T.);
#3224=ORIENTED_EDGE('',*,*,#7360,.F.);
#3225=ORIENTED_EDGE('',*,*,#7361,.F.);
#3226=ORIENTED_EDGE('',*,*,#7362,.T.);
#3227=ORIENTED_EDGE('',*,*,#7361,.T.);
#3228=ORIENTED_EDGE('',*,*,#7363,.F.);
#3229=ORIENTED_EDGE('',*,*,#7364,.F.);
#3230=ORIENTED_EDGE('',*,*,#7365,.T.);
#3231=ORIENTED_EDGE('',*,*,#7364,.T.);
#3232=ORIENTED_EDGE('',*,*,#7366,.F.);
#3233=ORIENTED_EDGE('',*,*,#7367,.F.);
#3234=ORIENTED_EDGE('',*,*,#7368,.T.);
#3235=ORIENTED_EDGE('',*,*,#7367,.T.);
#3236=ORIENTED_EDGE('',*,*,#7369,.F.);
#3237=ORIENTED_EDGE('',*,*,#7370,.F.);
#3238=ORIENTED_EDGE('',*,*,#7371,.T.);
#3239=ORIENTED_EDGE('',*,*,#7370,.T.);
#3240=ORIENTED_EDGE('',*,*,#7372,.F.);
#3241=ORIENTED_EDGE('',*,*,#7373,.F.);
#3242=ORIENTED_EDGE('',*,*,#7374,.T.);
#3243=ORIENTED_EDGE('',*,*,#7373,.T.);
#3244=ORIENTED_EDGE('',*,*,#7375,.F.);
#3245=ORIENTED_EDGE('',*,*,#7376,.F.);
#3246=ORIENTED_EDGE('',*,*,#7377,.T.);
#3247=ORIENTED_EDGE('',*,*,#7376,.T.);
#3248=ORIENTED_EDGE('',*,*,#7378,.F.);
#3249=ORIENTED_EDGE('',*,*,#7379,.F.);
#3250=ORIENTED_EDGE('',*,*,#7380,.T.);
#3251=ORIENTED_EDGE('',*,*,#7379,.T.);
#3252=ORIENTED_EDGE('',*,*,#7381,.F.);
#3253=ORIENTED_EDGE('',*,*,#7382,.F.);
#3254=ORIENTED_EDGE('',*,*,#7383,.T.);
#3255=ORIENTED_EDGE('',*,*,#7382,.T.);
#3256=ORIENTED_EDGE('',*,*,#7384,.F.);
#3257=ORIENTED_EDGE('',*,*,#7385,.F.);
#3258=ORIENTED_EDGE('',*,*,#7386,.T.);
#3259=ORIENTED_EDGE('',*,*,#7385,.T.);
#3260=ORIENTED_EDGE('',*,*,#7387,.F.);
#3261=ORIENTED_EDGE('',*,*,#7388,.F.);
#3262=ORIENTED_EDGE('',*,*,#7389,.T.);
#3263=ORIENTED_EDGE('',*,*,#7390,.T.);
#3264=ORIENTED_EDGE('',*,*,#7388,.T.);
#3265=ORIENTED_EDGE('',*,*,#7391,.F.);
#3266=ORIENTED_EDGE('',*,*,#7392,.F.);
#3267=ORIENTED_EDGE('',*,*,#7393,.T.);
#3268=ORIENTED_EDGE('',*,*,#7394,.F.);
#3269=ORIENTED_EDGE('',*,*,#7395,.F.);
#3270=ORIENTED_EDGE('',*,*,#7396,.T.);
#3271=ORIENTED_EDGE('',*,*,#7397,.T.);
#3272=ORIENTED_EDGE('',*,*,#7398,.F.);
#3273=ORIENTED_EDGE('',*,*,#7399,.F.);
#3274=ORIENTED_EDGE('',*,*,#7400,.T.);
#3275=ORIENTED_EDGE('',*,*,#7399,.T.);
#3276=ORIENTED_EDGE('',*,*,#7401,.F.);
#3277=ORIENTED_EDGE('',*,*,#7402,.F.);
#3278=ORIENTED_EDGE('',*,*,#7403,.T.);
#3279=ORIENTED_EDGE('',*,*,#7402,.T.);
#3280=ORIENTED_EDGE('',*,*,#7404,.F.);
#3281=ORIENTED_EDGE('',*,*,#7405,.F.);
#3282=ORIENTED_EDGE('',*,*,#7406,.T.);
#3283=ORIENTED_EDGE('',*,*,#7405,.T.);
#3284=ORIENTED_EDGE('',*,*,#7407,.F.);
#3285=ORIENTED_EDGE('',*,*,#7408,.F.);
#3286=ORIENTED_EDGE('',*,*,#7409,.T.);
#3287=ORIENTED_EDGE('',*,*,#7408,.T.);
#3288=ORIENTED_EDGE('',*,*,#7410,.F.);
#3289=ORIENTED_EDGE('',*,*,#7411,.F.);
#3290=ORIENTED_EDGE('',*,*,#7412,.T.);
#3291=ORIENTED_EDGE('',*,*,#7411,.T.);
#3292=ORIENTED_EDGE('',*,*,#7413,.F.);
#3293=ORIENTED_EDGE('',*,*,#7414,.F.);
#3294=ORIENTED_EDGE('',*,*,#7415,.T.);
#3295=ORIENTED_EDGE('',*,*,#7414,.T.);
#3296=ORIENTED_EDGE('',*,*,#7416,.F.);
#3297=ORIENTED_EDGE('',*,*,#7417,.F.);
#3298=ORIENTED_EDGE('',*,*,#7418,.T.);
#3299=ORIENTED_EDGE('',*,*,#7417,.T.);
#3300=ORIENTED_EDGE('',*,*,#7419,.F.);
#3301=ORIENTED_EDGE('',*,*,#7420,.F.);
#3302=ORIENTED_EDGE('',*,*,#7421,.T.);
#3303=ORIENTED_EDGE('',*,*,#7420,.T.);
#3304=ORIENTED_EDGE('',*,*,#7422,.F.);
#3305=ORIENTED_EDGE('',*,*,#7423,.F.);
#3306=ORIENTED_EDGE('',*,*,#7424,.T.);
#3307=ORIENTED_EDGE('',*,*,#7423,.T.);
#3308=ORIENTED_EDGE('',*,*,#7425,.F.);
#3309=ORIENTED_EDGE('',*,*,#7426,.F.);
#3310=ORIENTED_EDGE('',*,*,#7427,.T.);
#3311=ORIENTED_EDGE('',*,*,#7426,.T.);
#3312=ORIENTED_EDGE('',*,*,#7428,.F.);
#3313=ORIENTED_EDGE('',*,*,#7429,.F.);
#3314=ORIENTED_EDGE('',*,*,#7430,.T.);
#3315=ORIENTED_EDGE('',*,*,#7431,.F.);
#3316=ORIENTED_EDGE('',*,*,#7393,.F.);
#3317=ORIENTED_EDGE('',*,*,#7432,.T.);
#3318=ORIENTED_EDGE('',*,*,#7433,.T.);
#3319=ORIENTED_EDGE('',*,*,#7434,.T.);
#3320=ORIENTED_EDGE('',*,*,#7429,.T.);
#3321=ORIENTED_EDGE('',*,*,#7435,.F.);
#3322=ORIENTED_EDGE('',*,*,#7436,.F.);
#3323=ORIENTED_EDGE('',*,*,#7432,.F.);
#3324=ORIENTED_EDGE('',*,*,#7396,.F.);
#3325=ORIENTED_EDGE('',*,*,#7437,.F.);
#3326=ORIENTED_EDGE('',*,*,#7438,.F.);
#3327=ORIENTED_EDGE('',*,*,#7439,.T.);
#3328=ORIENTED_EDGE('',*,*,#7349,.F.);
#3329=ORIENTED_EDGE('',*,*,#7350,.F.);
#3330=ORIENTED_EDGE('',*,*,#7440,.F.);
#3331=ORIENTED_EDGE('',*,*,#7355,.F.);
#3332=ORIENTED_EDGE('',*,*,#7359,.F.);
#3333=ORIENTED_EDGE('',*,*,#7362,.F.);
#3334=ORIENTED_EDGE('',*,*,#7365,.F.);
#3335=ORIENTED_EDGE('',*,*,#7368,.F.);
#3336=ORIENTED_EDGE('',*,*,#7371,.F.);
#3337=ORIENTED_EDGE('',*,*,#7374,.F.);
#3338=ORIENTED_EDGE('',*,*,#7377,.F.);
#3339=ORIENTED_EDGE('',*,*,#7380,.F.);
#3340=ORIENTED_EDGE('',*,*,#7383,.F.);
#3341=ORIENTED_EDGE('',*,*,#7386,.F.);
#3342=ORIENTED_EDGE('',*,*,#7389,.F.);
#3343=ORIENTED_EDGE('',*,*,#7390,.F.);
#3344=ORIENTED_EDGE('',*,*,#7441,.F.);
#3345=ORIENTED_EDGE('',*,*,#7442,.F.);
#3346=ORIENTED_EDGE('',*,*,#7400,.F.);
#3347=ORIENTED_EDGE('',*,*,#7403,.F.);
#3348=ORIENTED_EDGE('',*,*,#7406,.F.);
#3349=ORIENTED_EDGE('',*,*,#7409,.F.);
#3350=ORIENTED_EDGE('',*,*,#7412,.F.);
#3351=ORIENTED_EDGE('',*,*,#7415,.F.);
#3352=ORIENTED_EDGE('',*,*,#7418,.F.);
#3353=ORIENTED_EDGE('',*,*,#7421,.F.);
#3354=ORIENTED_EDGE('',*,*,#7424,.F.);
#3355=ORIENTED_EDGE('',*,*,#7427,.F.);
#3356=ORIENTED_EDGE('',*,*,#7430,.F.);
#3357=ORIENTED_EDGE('',*,*,#7434,.F.);
#3358=ORIENTED_EDGE('',*,*,#7443,.F.);
#3359=ORIENTED_EDGE('',*,*,#7444,.F.);
#3360=ORIENTED_EDGE('',*,*,#7397,.F.);
#3361=ORIENTED_EDGE('',*,*,#7442,.T.);
#3362=ORIENTED_EDGE('',*,*,#7445,.T.);
#3363=ORIENTED_EDGE('',*,*,#7446,.T.);
#3364=ORIENTED_EDGE('',*,*,#7394,.T.);
#3365=ORIENTED_EDGE('',*,*,#7431,.T.);
#3366=ORIENTED_EDGE('',*,*,#7447,.T.);
#3367=ORIENTED_EDGE('',*,*,#7351,.T.);
#3368=ORIENTED_EDGE('',*,*,#7347,.T.);
#3369=ORIENTED_EDGE('',*,*,#7448,.F.);
#3370=ORIENTED_EDGE('',*,*,#7449,.T.);
#3371=ORIENTED_EDGE('',*,*,#7391,.T.);
#3372=ORIENTED_EDGE('',*,*,#7387,.T.);
#3373=ORIENTED_EDGE('',*,*,#7384,.T.);
#3374=ORIENTED_EDGE('',*,*,#7381,.T.);
#3375=ORIENTED_EDGE('',*,*,#7378,.T.);
#3376=ORIENTED_EDGE('',*,*,#7375,.T.);
#3377=ORIENTED_EDGE('',*,*,#7372,.T.);
#3378=ORIENTED_EDGE('',*,*,#7369,.T.);
#3379=ORIENTED_EDGE('',*,*,#7366,.T.);
#3380=ORIENTED_EDGE('',*,*,#7363,.T.);
#3381=ORIENTED_EDGE('',*,*,#7360,.T.);
#3382=ORIENTED_EDGE('',*,*,#7357,.T.);
#3383=ORIENTED_EDGE('',*,*,#7353,.T.);
#3384=ORIENTED_EDGE('',*,*,#7450,.T.);
#3385=ORIENTED_EDGE('',*,*,#7435,.T.);
#3386=ORIENTED_EDGE('',*,*,#7428,.T.);
#3387=ORIENTED_EDGE('',*,*,#7425,.T.);
#3388=ORIENTED_EDGE('',*,*,#7422,.T.);
#3389=ORIENTED_EDGE('',*,*,#7419,.T.);
#3390=ORIENTED_EDGE('',*,*,#7416,.T.);
#3391=ORIENTED_EDGE('',*,*,#7413,.T.);
#3392=ORIENTED_EDGE('',*,*,#7410,.T.);
#3393=ORIENTED_EDGE('',*,*,#7407,.T.);
#3394=ORIENTED_EDGE('',*,*,#7404,.T.);
#3395=ORIENTED_EDGE('',*,*,#7401,.T.);
#3396=ORIENTED_EDGE('',*,*,#7398,.T.);
#3397=ORIENTED_EDGE('',*,*,#7444,.T.);
#3398=ORIENTED_EDGE('',*,*,#7451,.T.);
#3399=ORIENTED_EDGE('',*,*,#7452,.T.);
#3400=ORIENTED_EDGE('',*,*,#7453,.F.);
#3401=ORIENTED_EDGE('',*,*,#7454,.F.);
#3402=ORIENTED_EDGE('',*,*,#7455,.T.);
#3403=ORIENTED_EDGE('',*,*,#7456,.T.);
#3404=ORIENTED_EDGE('',*,*,#7454,.T.);
#3405=ORIENTED_EDGE('',*,*,#7457,.F.);
#3406=ORIENTED_EDGE('',*,*,#7458,.F.);
#3407=ORIENTED_EDGE('',*,*,#7459,.F.);
#3408=ORIENTED_EDGE('',*,*,#7460,.F.);
#3409=ORIENTED_EDGE('',*,*,#7461,.T.);
#3410=ORIENTED_EDGE('',*,*,#7462,.T.);
#3411=ORIENTED_EDGE('',*,*,#7460,.T.);
#3412=ORIENTED_EDGE('',*,*,#7463,.F.);
#3413=ORIENTED_EDGE('',*,*,#7464,.F.);
#3414=ORIENTED_EDGE('',*,*,#7465,.T.);
#3415=ORIENTED_EDGE('',*,*,#7464,.T.);
#3416=ORIENTED_EDGE('',*,*,#7466,.F.);
#3417=ORIENTED_EDGE('',*,*,#7467,.F.);
#3418=ORIENTED_EDGE('',*,*,#7468,.T.);
#3419=ORIENTED_EDGE('',*,*,#7467,.T.);
#3420=ORIENTED_EDGE('',*,*,#7469,.F.);
#3421=ORIENTED_EDGE('',*,*,#7470,.F.);
#3422=ORIENTED_EDGE('',*,*,#7471,.T.);
#3423=ORIENTED_EDGE('',*,*,#7470,.T.);
#3424=ORIENTED_EDGE('',*,*,#7472,.F.);
#3425=ORIENTED_EDGE('',*,*,#7473,.F.);
#3426=ORIENTED_EDGE('',*,*,#7474,.T.);
#3427=ORIENTED_EDGE('',*,*,#7473,.T.);
#3428=ORIENTED_EDGE('',*,*,#7475,.F.);
#3429=ORIENTED_EDGE('',*,*,#7476,.F.);
#3430=ORIENTED_EDGE('',*,*,#7477,.T.);
#3431=ORIENTED_EDGE('',*,*,#7476,.T.);
#3432=ORIENTED_EDGE('',*,*,#7478,.F.);
#3433=ORIENTED_EDGE('',*,*,#7479,.F.);
#3434=ORIENTED_EDGE('',*,*,#7480,.T.);
#3435=ORIENTED_EDGE('',*,*,#7479,.T.);
#3436=ORIENTED_EDGE('',*,*,#7481,.F.);
#3437=ORIENTED_EDGE('',*,*,#7482,.F.);
#3438=ORIENTED_EDGE('',*,*,#7483,.T.);
#3439=ORIENTED_EDGE('',*,*,#7482,.T.);
#3440=ORIENTED_EDGE('',*,*,#7484,.F.);
#3441=ORIENTED_EDGE('',*,*,#7485,.F.);
#3442=ORIENTED_EDGE('',*,*,#7486,.T.);
#3443=ORIENTED_EDGE('',*,*,#7485,.T.);
#3444=ORIENTED_EDGE('',*,*,#7487,.F.);
#3445=ORIENTED_EDGE('',*,*,#7488,.F.);
#3446=ORIENTED_EDGE('',*,*,#7489,.T.);
#3447=ORIENTED_EDGE('',*,*,#7488,.T.);
#3448=ORIENTED_EDGE('',*,*,#7490,.F.);
#3449=ORIENTED_EDGE('',*,*,#7491,.F.);
#3450=ORIENTED_EDGE('',*,*,#7492,.T.);
#3451=ORIENTED_EDGE('',*,*,#7491,.T.);
#3452=ORIENTED_EDGE('',*,*,#7493,.F.);
#3453=ORIENTED_EDGE('',*,*,#7494,.F.);
#3454=ORIENTED_EDGE('',*,*,#7495,.T.);
#3455=ORIENTED_EDGE('',*,*,#7496,.T.);
#3456=ORIENTED_EDGE('',*,*,#7494,.T.);
#3457=ORIENTED_EDGE('',*,*,#7497,.F.);
#3458=ORIENTED_EDGE('',*,*,#7498,.F.);
#3459=ORIENTED_EDGE('',*,*,#7499,.T.);
#3460=ORIENTED_EDGE('',*,*,#7500,.F.);
#3461=ORIENTED_EDGE('',*,*,#7501,.F.);
#3462=ORIENTED_EDGE('',*,*,#7502,.T.);
#3463=ORIENTED_EDGE('',*,*,#7503,.T.);
#3464=ORIENTED_EDGE('',*,*,#7504,.F.);
#3465=ORIENTED_EDGE('',*,*,#7505,.F.);
#3466=ORIENTED_EDGE('',*,*,#7506,.T.);
#3467=ORIENTED_EDGE('',*,*,#7505,.T.);
#3468=ORIENTED_EDGE('',*,*,#7507,.F.);
#3469=ORIENTED_EDGE('',*,*,#7508,.F.);
#3470=ORIENTED_EDGE('',*,*,#7509,.T.);
#3471=ORIENTED_EDGE('',*,*,#7508,.T.);
#3472=ORIENTED_EDGE('',*,*,#7510,.F.);
#3473=ORIENTED_EDGE('',*,*,#7511,.F.);
#3474=ORIENTED_EDGE('',*,*,#7512,.T.);
#3475=ORIENTED_EDGE('',*,*,#7511,.T.);
#3476=ORIENTED_EDGE('',*,*,#7513,.F.);
#3477=ORIENTED_EDGE('',*,*,#7514,.F.);
#3478=ORIENTED_EDGE('',*,*,#7515,.T.);
#3479=ORIENTED_EDGE('',*,*,#7514,.T.);
#3480=ORIENTED_EDGE('',*,*,#7516,.F.);
#3481=ORIENTED_EDGE('',*,*,#7517,.F.);
#3482=ORIENTED_EDGE('',*,*,#7518,.T.);
#3483=ORIENTED_EDGE('',*,*,#7517,.T.);
#3484=ORIENTED_EDGE('',*,*,#7519,.F.);
#3485=ORIENTED_EDGE('',*,*,#7520,.F.);
#3486=ORIENTED_EDGE('',*,*,#7521,.T.);
#3487=ORIENTED_EDGE('',*,*,#7520,.T.);
#3488=ORIENTED_EDGE('',*,*,#7522,.F.);
#3489=ORIENTED_EDGE('',*,*,#7523,.F.);
#3490=ORIENTED_EDGE('',*,*,#7524,.T.);
#3491=ORIENTED_EDGE('',*,*,#7523,.T.);
#3492=ORIENTED_EDGE('',*,*,#7525,.F.);
#3493=ORIENTED_EDGE('',*,*,#7526,.F.);
#3494=ORIENTED_EDGE('',*,*,#7527,.T.);
#3495=ORIENTED_EDGE('',*,*,#7526,.T.);
#3496=ORIENTED_EDGE('',*,*,#7528,.F.);
#3497=ORIENTED_EDGE('',*,*,#7529,.F.);
#3498=ORIENTED_EDGE('',*,*,#7530,.T.);
#3499=ORIENTED_EDGE('',*,*,#7529,.T.);
#3500=ORIENTED_EDGE('',*,*,#7531,.F.);
#3501=ORIENTED_EDGE('',*,*,#7532,.F.);
#3502=ORIENTED_EDGE('',*,*,#7533,.T.);
#3503=ORIENTED_EDGE('',*,*,#7532,.T.);
#3504=ORIENTED_EDGE('',*,*,#7534,.F.);
#3505=ORIENTED_EDGE('',*,*,#7535,.F.);
#3506=ORIENTED_EDGE('',*,*,#7536,.T.);
#3507=ORIENTED_EDGE('',*,*,#7537,.F.);
#3508=ORIENTED_EDGE('',*,*,#7499,.F.);
#3509=ORIENTED_EDGE('',*,*,#7538,.T.);
#3510=ORIENTED_EDGE('',*,*,#7539,.T.);
#3511=ORIENTED_EDGE('',*,*,#7540,.T.);
#3512=ORIENTED_EDGE('',*,*,#7535,.T.);
#3513=ORIENTED_EDGE('',*,*,#7541,.F.);
#3514=ORIENTED_EDGE('',*,*,#7542,.F.);
#3515=ORIENTED_EDGE('',*,*,#7538,.F.);
#3516=ORIENTED_EDGE('',*,*,#7502,.F.);
#3517=ORIENTED_EDGE('',*,*,#7543,.F.);
#3518=ORIENTED_EDGE('',*,*,#7544,.F.);
#3519=ORIENTED_EDGE('',*,*,#7545,.T.);
#3520=ORIENTED_EDGE('',*,*,#7455,.F.);
#3521=ORIENTED_EDGE('',*,*,#7456,.F.);
#3522=ORIENTED_EDGE('',*,*,#7546,.F.);
#3523=ORIENTED_EDGE('',*,*,#7461,.F.);
#3524=ORIENTED_EDGE('',*,*,#7465,.F.);
#3525=ORIENTED_EDGE('',*,*,#7468,.F.);
#3526=ORIENTED_EDGE('',*,*,#7471,.F.);
#3527=ORIENTED_EDGE('',*,*,#7474,.F.);
#3528=ORIENTED_EDGE('',*,*,#7477,.F.);
#3529=ORIENTED_EDGE('',*,*,#7480,.F.);
#3530=ORIENTED_EDGE('',*,*,#7483,.F.);
#3531=ORIENTED_EDGE('',*,*,#7486,.F.);
#3532=ORIENTED_EDGE('',*,*,#7489,.F.);
#3533=ORIENTED_EDGE('',*,*,#7492,.F.);
#3534=ORIENTED_EDGE('',*,*,#7495,.F.);
#3535=ORIENTED_EDGE('',*,*,#7496,.F.);
#3536=ORIENTED_EDGE('',*,*,#7547,.F.);
#3537=ORIENTED_EDGE('',*,*,#7548,.F.);
#3538=ORIENTED_EDGE('',*,*,#7506,.F.);
#3539=ORIENTED_EDGE('',*,*,#7509,.F.);
#3540=ORIENTED_EDGE('',*,*,#7512,.F.);
#3541=ORIENTED_EDGE('',*,*,#7515,.F.);
#3542=ORIENTED_EDGE('',*,*,#7518,.F.);
#3543=ORIENTED_EDGE('',*,*,#7521,.F.);
#3544=ORIENTED_EDGE('',*,*,#7524,.F.);
#3545=ORIENTED_EDGE('',*,*,#7527,.F.);
#3546=ORIENTED_EDGE('',*,*,#7530,.F.);
#3547=ORIENTED_EDGE('',*,*,#7533,.F.);
#3548=ORIENTED_EDGE('',*,*,#7536,.F.);
#3549=ORIENTED_EDGE('',*,*,#7540,.F.);
#3550=ORIENTED_EDGE('',*,*,#7549,.F.);
#3551=ORIENTED_EDGE('',*,*,#7550,.F.);
#3552=ORIENTED_EDGE('',*,*,#7503,.F.);
#3553=ORIENTED_EDGE('',*,*,#7548,.T.);
#3554=ORIENTED_EDGE('',*,*,#7551,.T.);
#3555=ORIENTED_EDGE('',*,*,#7552,.T.);
#3556=ORIENTED_EDGE('',*,*,#7500,.T.);
#3557=ORIENTED_EDGE('',*,*,#7537,.T.);
#3558=ORIENTED_EDGE('',*,*,#7553,.T.);
#3559=ORIENTED_EDGE('',*,*,#7457,.T.);
#3560=ORIENTED_EDGE('',*,*,#7453,.T.);
#3561=ORIENTED_EDGE('',*,*,#7554,.F.);
#3562=ORIENTED_EDGE('',*,*,#7555,.T.);
#3563=ORIENTED_EDGE('',*,*,#7497,.T.);
#3564=ORIENTED_EDGE('',*,*,#7493,.T.);
#3565=ORIENTED_EDGE('',*,*,#7490,.T.);
#3566=ORIENTED_EDGE('',*,*,#7487,.T.);
#3567=ORIENTED_EDGE('',*,*,#7484,.T.);
#3568=ORIENTED_EDGE('',*,*,#7481,.T.);
#3569=ORIENTED_EDGE('',*,*,#7478,.T.);
#3570=ORIENTED_EDGE('',*,*,#7475,.T.);
#3571=ORIENTED_EDGE('',*,*,#7472,.T.);
#3572=ORIENTED_EDGE('',*,*,#7469,.T.);
#3573=ORIENTED_EDGE('',*,*,#7466,.T.);
#3574=ORIENTED_EDGE('',*,*,#7463,.T.);
#3575=ORIENTED_EDGE('',*,*,#7459,.T.);
#3576=ORIENTED_EDGE('',*,*,#7556,.T.);
#3577=ORIENTED_EDGE('',*,*,#7541,.T.);
#3578=ORIENTED_EDGE('',*,*,#7534,.T.);
#3579=ORIENTED_EDGE('',*,*,#7531,.T.);
#3580=ORIENTED_EDGE('',*,*,#7528,.T.);
#3581=ORIENTED_EDGE('',*,*,#7525,.T.);
#3582=ORIENTED_EDGE('',*,*,#7522,.T.);
#3583=ORIENTED_EDGE('',*,*,#7519,.T.);
#3584=ORIENTED_EDGE('',*,*,#7516,.T.);
#3585=ORIENTED_EDGE('',*,*,#7513,.T.);
#3586=ORIENTED_EDGE('',*,*,#7510,.T.);
#3587=ORIENTED_EDGE('',*,*,#7507,.T.);
#3588=ORIENTED_EDGE('',*,*,#7504,.T.);
#3589=ORIENTED_EDGE('',*,*,#7550,.T.);
#3590=ORIENTED_EDGE('',*,*,#7557,.T.);
#3591=ORIENTED_EDGE('',*,*,#7558,.T.);
#3592=ORIENTED_EDGE('',*,*,#7559,.F.);
#3593=ORIENTED_EDGE('',*,*,#7560,.F.);
#3594=ORIENTED_EDGE('',*,*,#7561,.T.);
#3595=ORIENTED_EDGE('',*,*,#7562,.T.);
#3596=ORIENTED_EDGE('',*,*,#7560,.T.);
#3597=ORIENTED_EDGE('',*,*,#7563,.F.);
#3598=ORIENTED_EDGE('',*,*,#7564,.F.);
#3599=ORIENTED_EDGE('',*,*,#7565,.F.);
#3600=ORIENTED_EDGE('',*,*,#7566,.F.);
#3601=ORIENTED_EDGE('',*,*,#7567,.T.);
#3602=ORIENTED_EDGE('',*,*,#7568,.T.);
#3603=ORIENTED_EDGE('',*,*,#7566,.T.);
#3604=ORIENTED_EDGE('',*,*,#7569,.F.);
#3605=ORIENTED_EDGE('',*,*,#7570,.F.);
#3606=ORIENTED_EDGE('',*,*,#7571,.T.);
#3607=ORIENTED_EDGE('',*,*,#7570,.T.);
#3608=ORIENTED_EDGE('',*,*,#7572,.F.);
#3609=ORIENTED_EDGE('',*,*,#7573,.F.);
#3610=ORIENTED_EDGE('',*,*,#7574,.T.);
#3611=ORIENTED_EDGE('',*,*,#7573,.T.);
#3612=ORIENTED_EDGE('',*,*,#7575,.F.);
#3613=ORIENTED_EDGE('',*,*,#7576,.F.);
#3614=ORIENTED_EDGE('',*,*,#7577,.T.);
#3615=ORIENTED_EDGE('',*,*,#7576,.T.);
#3616=ORIENTED_EDGE('',*,*,#7578,.F.);
#3617=ORIENTED_EDGE('',*,*,#7579,.F.);
#3618=ORIENTED_EDGE('',*,*,#7580,.T.);
#3619=ORIENTED_EDGE('',*,*,#7579,.T.);
#3620=ORIENTED_EDGE('',*,*,#7581,.F.);
#3621=ORIENTED_EDGE('',*,*,#7582,.F.);
#3622=ORIENTED_EDGE('',*,*,#7583,.T.);
#3623=ORIENTED_EDGE('',*,*,#7582,.T.);
#3624=ORIENTED_EDGE('',*,*,#7584,.F.);
#3625=ORIENTED_EDGE('',*,*,#7585,.F.);
#3626=ORIENTED_EDGE('',*,*,#7586,.T.);
#3627=ORIENTED_EDGE('',*,*,#7585,.T.);
#3628=ORIENTED_EDGE('',*,*,#7587,.F.);
#3629=ORIENTED_EDGE('',*,*,#7588,.F.);
#3630=ORIENTED_EDGE('',*,*,#7589,.T.);
#3631=ORIENTED_EDGE('',*,*,#7588,.T.);
#3632=ORIENTED_EDGE('',*,*,#7590,.F.);
#3633=ORIENTED_EDGE('',*,*,#7591,.F.);
#3634=ORIENTED_EDGE('',*,*,#7592,.T.);
#3635=ORIENTED_EDGE('',*,*,#7591,.T.);
#3636=ORIENTED_EDGE('',*,*,#7593,.F.);
#3637=ORIENTED_EDGE('',*,*,#7594,.F.);
#3638=ORIENTED_EDGE('',*,*,#7595,.T.);
#3639=ORIENTED_EDGE('',*,*,#7594,.T.);
#3640=ORIENTED_EDGE('',*,*,#7596,.F.);
#3641=ORIENTED_EDGE('',*,*,#7597,.F.);
#3642=ORIENTED_EDGE('',*,*,#7598,.T.);
#3643=ORIENTED_EDGE('',*,*,#7597,.T.);
#3644=ORIENTED_EDGE('',*,*,#7599,.F.);
#3645=ORIENTED_EDGE('',*,*,#7600,.F.);
#3646=ORIENTED_EDGE('',*,*,#7601,.T.);
#3647=ORIENTED_EDGE('',*,*,#7602,.T.);
#3648=ORIENTED_EDGE('',*,*,#7600,.T.);
#3649=ORIENTED_EDGE('',*,*,#7603,.F.);
#3650=ORIENTED_EDGE('',*,*,#7604,.F.);
#3651=ORIENTED_EDGE('',*,*,#7605,.T.);
#3652=ORIENTED_EDGE('',*,*,#7606,.F.);
#3653=ORIENTED_EDGE('',*,*,#7607,.F.);
#3654=ORIENTED_EDGE('',*,*,#7608,.T.);
#3655=ORIENTED_EDGE('',*,*,#7609,.T.);
#3656=ORIENTED_EDGE('',*,*,#7610,.F.);
#3657=ORIENTED_EDGE('',*,*,#7611,.F.);
#3658=ORIENTED_EDGE('',*,*,#7612,.T.);
#3659=ORIENTED_EDGE('',*,*,#7611,.T.);
#3660=ORIENTED_EDGE('',*,*,#7613,.F.);
#3661=ORIENTED_EDGE('',*,*,#7614,.F.);
#3662=ORIENTED_EDGE('',*,*,#7615,.T.);
#3663=ORIENTED_EDGE('',*,*,#7614,.T.);
#3664=ORIENTED_EDGE('',*,*,#7616,.F.);
#3665=ORIENTED_EDGE('',*,*,#7617,.F.);
#3666=ORIENTED_EDGE('',*,*,#7618,.T.);
#3667=ORIENTED_EDGE('',*,*,#7617,.T.);
#3668=ORIENTED_EDGE('',*,*,#7619,.F.);
#3669=ORIENTED_EDGE('',*,*,#7620,.F.);
#3670=ORIENTED_EDGE('',*,*,#7621,.T.);
#3671=ORIENTED_EDGE('',*,*,#7620,.T.);
#3672=ORIENTED_EDGE('',*,*,#7622,.F.);
#3673=ORIENTED_EDGE('',*,*,#7623,.F.);
#3674=ORIENTED_EDGE('',*,*,#7624,.T.);
#3675=ORIENTED_EDGE('',*,*,#7623,.T.);
#3676=ORIENTED_EDGE('',*,*,#7625,.F.);
#3677=ORIENTED_EDGE('',*,*,#7626,.F.);
#3678=ORIENTED_EDGE('',*,*,#7627,.T.);
#3679=ORIENTED_EDGE('',*,*,#7626,.T.);
#3680=ORIENTED_EDGE('',*,*,#7628,.F.);
#3681=ORIENTED_EDGE('',*,*,#7629,.F.);
#3682=ORIENTED_EDGE('',*,*,#7630,.T.);
#3683=ORIENTED_EDGE('',*,*,#7629,.T.);
#3684=ORIENTED_EDGE('',*,*,#7631,.F.);
#3685=ORIENTED_EDGE('',*,*,#7632,.F.);
#3686=ORIENTED_EDGE('',*,*,#7633,.T.);
#3687=ORIENTED_EDGE('',*,*,#7632,.T.);
#3688=ORIENTED_EDGE('',*,*,#7634,.F.);
#3689=ORIENTED_EDGE('',*,*,#7635,.F.);
#3690=ORIENTED_EDGE('',*,*,#7636,.T.);
#3691=ORIENTED_EDGE('',*,*,#7635,.T.);
#3692=ORIENTED_EDGE('',*,*,#7637,.F.);
#3693=ORIENTED_EDGE('',*,*,#7638,.F.);
#3694=ORIENTED_EDGE('',*,*,#7639,.T.);
#3695=ORIENTED_EDGE('',*,*,#7638,.T.);
#3696=ORIENTED_EDGE('',*,*,#7640,.F.);
#3697=ORIENTED_EDGE('',*,*,#7641,.F.);
#3698=ORIENTED_EDGE('',*,*,#7642,.T.);
#3699=ORIENTED_EDGE('',*,*,#7643,.F.);
#3700=ORIENTED_EDGE('',*,*,#7605,.F.);
#3701=ORIENTED_EDGE('',*,*,#7644,.T.);
#3702=ORIENTED_EDGE('',*,*,#7645,.T.);
#3703=ORIENTED_EDGE('',*,*,#7646,.T.);
#3704=ORIENTED_EDGE('',*,*,#7641,.T.);
#3705=ORIENTED_EDGE('',*,*,#7647,.F.);
#3706=ORIENTED_EDGE('',*,*,#7648,.F.);
#3707=ORIENTED_EDGE('',*,*,#7644,.F.);
#3708=ORIENTED_EDGE('',*,*,#7608,.F.);
#3709=ORIENTED_EDGE('',*,*,#7649,.F.);
#3710=ORIENTED_EDGE('',*,*,#7650,.F.);
#3711=ORIENTED_EDGE('',*,*,#7651,.T.);
#3712=ORIENTED_EDGE('',*,*,#7561,.F.);
#3713=ORIENTED_EDGE('',*,*,#7562,.F.);
#3714=ORIENTED_EDGE('',*,*,#7652,.F.);
#3715=ORIENTED_EDGE('',*,*,#7567,.F.);
#3716=ORIENTED_EDGE('',*,*,#7571,.F.);
#3717=ORIENTED_EDGE('',*,*,#7574,.F.);
#3718=ORIENTED_EDGE('',*,*,#7577,.F.);
#3719=ORIENTED_EDGE('',*,*,#7580,.F.);
#3720=ORIENTED_EDGE('',*,*,#7583,.F.);
#3721=ORIENTED_EDGE('',*,*,#7586,.F.);
#3722=ORIENTED_EDGE('',*,*,#7589,.F.);
#3723=ORIENTED_EDGE('',*,*,#7592,.F.);
#3724=ORIENTED_EDGE('',*,*,#7595,.F.);
#3725=ORIENTED_EDGE('',*,*,#7598,.F.);
#3726=ORIENTED_EDGE('',*,*,#7601,.F.);
#3727=ORIENTED_EDGE('',*,*,#7602,.F.);
#3728=ORIENTED_EDGE('',*,*,#7653,.F.);
#3729=ORIENTED_EDGE('',*,*,#7654,.F.);
#3730=ORIENTED_EDGE('',*,*,#7612,.F.);
#3731=ORIENTED_EDGE('',*,*,#7615,.F.);
#3732=ORIENTED_EDGE('',*,*,#7618,.F.);
#3733=ORIENTED_EDGE('',*,*,#7621,.F.);
#3734=ORIENTED_EDGE('',*,*,#7624,.F.);
#3735=ORIENTED_EDGE('',*,*,#7627,.F.);
#3736=ORIENTED_EDGE('',*,*,#7630,.F.);
#3737=ORIENTED_EDGE('',*,*,#7633,.F.);
#3738=ORIENTED_EDGE('',*,*,#7636,.F.);
#3739=ORIENTED_EDGE('',*,*,#7639,.F.);
#3740=ORIENTED_EDGE('',*,*,#7642,.F.);
#3741=ORIENTED_EDGE('',*,*,#7646,.F.);
#3742=ORIENTED_EDGE('',*,*,#7655,.F.);
#3743=ORIENTED_EDGE('',*,*,#7656,.F.);
#3744=ORIENTED_EDGE('',*,*,#7609,.F.);
#3745=ORIENTED_EDGE('',*,*,#7654,.T.);
#3746=ORIENTED_EDGE('',*,*,#7657,.T.);
#3747=ORIENTED_EDGE('',*,*,#7658,.T.);
#3748=ORIENTED_EDGE('',*,*,#7606,.T.);
#3749=ORIENTED_EDGE('',*,*,#7643,.T.);
#3750=ORIENTED_EDGE('',*,*,#7659,.T.);
#3751=ORIENTED_EDGE('',*,*,#7563,.T.);
#3752=ORIENTED_EDGE('',*,*,#7559,.T.);
#3753=ORIENTED_EDGE('',*,*,#7660,.F.);
#3754=ORIENTED_EDGE('',*,*,#7661,.T.);
#3755=ORIENTED_EDGE('',*,*,#7603,.T.);
#3756=ORIENTED_EDGE('',*,*,#7599,.T.);
#3757=ORIENTED_EDGE('',*,*,#7596,.T.);
#3758=ORIENTED_EDGE('',*,*,#7593,.T.);
#3759=ORIENTED_EDGE('',*,*,#7590,.T.);
#3760=ORIENTED_EDGE('',*,*,#7587,.T.);
#3761=ORIENTED_EDGE('',*,*,#7584,.T.);
#3762=ORIENTED_EDGE('',*,*,#7581,.T.);
#3763=ORIENTED_EDGE('',*,*,#7578,.T.);
#3764=ORIENTED_EDGE('',*,*,#7575,.T.);
#3765=ORIENTED_EDGE('',*,*,#7572,.T.);
#3766=ORIENTED_EDGE('',*,*,#7569,.T.);
#3767=ORIENTED_EDGE('',*,*,#7565,.T.);
#3768=ORIENTED_EDGE('',*,*,#7662,.T.);
#3769=ORIENTED_EDGE('',*,*,#7647,.T.);
#3770=ORIENTED_EDGE('',*,*,#7640,.T.);
#3771=ORIENTED_EDGE('',*,*,#7637,.T.);
#3772=ORIENTED_EDGE('',*,*,#7634,.T.);
#3773=ORIENTED_EDGE('',*,*,#7631,.T.);
#3774=ORIENTED_EDGE('',*,*,#7628,.T.);
#3775=ORIENTED_EDGE('',*,*,#7625,.T.);
#3776=ORIENTED_EDGE('',*,*,#7622,.T.);
#3777=ORIENTED_EDGE('',*,*,#7619,.T.);
#3778=ORIENTED_EDGE('',*,*,#7616,.T.);
#3779=ORIENTED_EDGE('',*,*,#7613,.T.);
#3780=ORIENTED_EDGE('',*,*,#7610,.T.);
#3781=ORIENTED_EDGE('',*,*,#7656,.T.);
#3782=ORIENTED_EDGE('',*,*,#7663,.T.);
#3783=ORIENTED_EDGE('',*,*,#7664,.T.);
#3784=ORIENTED_EDGE('',*,*,#7665,.F.);
#3785=ORIENTED_EDGE('',*,*,#7666,.F.);
#3786=ORIENTED_EDGE('',*,*,#7667,.T.);
#3787=ORIENTED_EDGE('',*,*,#7668,.T.);
#3788=ORIENTED_EDGE('',*,*,#7666,.T.);
#3789=ORIENTED_EDGE('',*,*,#7669,.F.);
#3790=ORIENTED_EDGE('',*,*,#7670,.F.);
#3791=ORIENTED_EDGE('',*,*,#7671,.F.);
#3792=ORIENTED_EDGE('',*,*,#7672,.F.);
#3793=ORIENTED_EDGE('',*,*,#7673,.T.);
#3794=ORIENTED_EDGE('',*,*,#7674,.T.);
#3795=ORIENTED_EDGE('',*,*,#7672,.T.);
#3796=ORIENTED_EDGE('',*,*,#7675,.F.);
#3797=ORIENTED_EDGE('',*,*,#7676,.F.);
#3798=ORIENTED_EDGE('',*,*,#7677,.T.);
#3799=ORIENTED_EDGE('',*,*,#7676,.T.);
#3800=ORIENTED_EDGE('',*,*,#7678,.F.);
#3801=ORIENTED_EDGE('',*,*,#7679,.F.);
#3802=ORIENTED_EDGE('',*,*,#7680,.T.);
#3803=ORIENTED_EDGE('',*,*,#7679,.T.);
#3804=ORIENTED_EDGE('',*,*,#7681,.F.);
#3805=ORIENTED_EDGE('',*,*,#7682,.F.);
#3806=ORIENTED_EDGE('',*,*,#7683,.T.);
#3807=ORIENTED_EDGE('',*,*,#7682,.T.);
#3808=ORIENTED_EDGE('',*,*,#7684,.F.);
#3809=ORIENTED_EDGE('',*,*,#7685,.F.);
#3810=ORIENTED_EDGE('',*,*,#7686,.T.);
#3811=ORIENTED_EDGE('',*,*,#7685,.T.);
#3812=ORIENTED_EDGE('',*,*,#7687,.F.);
#3813=ORIENTED_EDGE('',*,*,#7688,.F.);
#3814=ORIENTED_EDGE('',*,*,#7689,.T.);
#3815=ORIENTED_EDGE('',*,*,#7688,.T.);
#3816=ORIENTED_EDGE('',*,*,#7690,.F.);
#3817=ORIENTED_EDGE('',*,*,#7691,.F.);
#3818=ORIENTED_EDGE('',*,*,#7692,.T.);
#3819=ORIENTED_EDGE('',*,*,#7691,.T.);
#3820=ORIENTED_EDGE('',*,*,#7693,.F.);
#3821=ORIENTED_EDGE('',*,*,#7694,.F.);
#3822=ORIENTED_EDGE('',*,*,#7695,.T.);
#3823=ORIENTED_EDGE('',*,*,#7694,.T.);
#3824=ORIENTED_EDGE('',*,*,#7696,.F.);
#3825=ORIENTED_EDGE('',*,*,#7697,.F.);
#3826=ORIENTED_EDGE('',*,*,#7698,.T.);
#3827=ORIENTED_EDGE('',*,*,#7697,.T.);
#3828=ORIENTED_EDGE('',*,*,#7699,.F.);
#3829=ORIENTED_EDGE('',*,*,#7700,.F.);
#3830=ORIENTED_EDGE('',*,*,#7701,.T.);
#3831=ORIENTED_EDGE('',*,*,#7700,.T.);
#3832=ORIENTED_EDGE('',*,*,#7702,.F.);
#3833=ORIENTED_EDGE('',*,*,#7703,.F.);
#3834=ORIENTED_EDGE('',*,*,#7704,.T.);
#3835=ORIENTED_EDGE('',*,*,#7703,.T.);
#3836=ORIENTED_EDGE('',*,*,#7705,.F.);
#3837=ORIENTED_EDGE('',*,*,#7706,.F.);
#3838=ORIENTED_EDGE('',*,*,#7707,.T.);
#3839=ORIENTED_EDGE('',*,*,#7708,.T.);
#3840=ORIENTED_EDGE('',*,*,#7706,.T.);
#3841=ORIENTED_EDGE('',*,*,#7709,.F.);
#3842=ORIENTED_EDGE('',*,*,#7710,.F.);
#3843=ORIENTED_EDGE('',*,*,#7711,.T.);
#3844=ORIENTED_EDGE('',*,*,#7712,.F.);
#3845=ORIENTED_EDGE('',*,*,#7713,.F.);
#3846=ORIENTED_EDGE('',*,*,#7714,.T.);
#3847=ORIENTED_EDGE('',*,*,#7715,.T.);
#3848=ORIENTED_EDGE('',*,*,#7716,.F.);
#3849=ORIENTED_EDGE('',*,*,#7717,.F.);
#3850=ORIENTED_EDGE('',*,*,#7718,.T.);
#3851=ORIENTED_EDGE('',*,*,#7717,.T.);
#3852=ORIENTED_EDGE('',*,*,#7719,.F.);
#3853=ORIENTED_EDGE('',*,*,#7720,.F.);
#3854=ORIENTED_EDGE('',*,*,#7721,.T.);
#3855=ORIENTED_EDGE('',*,*,#7720,.T.);
#3856=ORIENTED_EDGE('',*,*,#7722,.F.);
#3857=ORIENTED_EDGE('',*,*,#7723,.F.);
#3858=ORIENTED_EDGE('',*,*,#7724,.T.);
#3859=ORIENTED_EDGE('',*,*,#7723,.T.);
#3860=ORIENTED_EDGE('',*,*,#7725,.F.);
#3861=ORIENTED_EDGE('',*,*,#7726,.F.);
#3862=ORIENTED_EDGE('',*,*,#7727,.T.);
#3863=ORIENTED_EDGE('',*,*,#7726,.T.);
#3864=ORIENTED_EDGE('',*,*,#7728,.F.);
#3865=ORIENTED_EDGE('',*,*,#7729,.F.);
#3866=ORIENTED_EDGE('',*,*,#7730,.T.);
#3867=ORIENTED_EDGE('',*,*,#7729,.T.);
#3868=ORIENTED_EDGE('',*,*,#7731,.F.);
#3869=ORIENTED_EDGE('',*,*,#7732,.F.);
#3870=ORIENTED_EDGE('',*,*,#7733,.T.);
#3871=ORIENTED_EDGE('',*,*,#7732,.T.);
#3872=ORIENTED_EDGE('',*,*,#7734,.F.);
#3873=ORIENTED_EDGE('',*,*,#7735,.F.);
#3874=ORIENTED_EDGE('',*,*,#7736,.T.);
#3875=ORIENTED_EDGE('',*,*,#7735,.T.);
#3876=ORIENTED_EDGE('',*,*,#7737,.F.);
#3877=ORIENTED_EDGE('',*,*,#7738,.F.);
#3878=ORIENTED_EDGE('',*,*,#7739,.T.);
#3879=ORIENTED_EDGE('',*,*,#7738,.T.);
#3880=ORIENTED_EDGE('',*,*,#7740,.F.);
#3881=ORIENTED_EDGE('',*,*,#7741,.F.);
#3882=ORIENTED_EDGE('',*,*,#7742,.T.);
#3883=ORIENTED_EDGE('',*,*,#7741,.T.);
#3884=ORIENTED_EDGE('',*,*,#7743,.F.);
#3885=ORIENTED_EDGE('',*,*,#7744,.F.);
#3886=ORIENTED_EDGE('',*,*,#7745,.T.);
#3887=ORIENTED_EDGE('',*,*,#7744,.T.);
#3888=ORIENTED_EDGE('',*,*,#7746,.F.);
#3889=ORIENTED_EDGE('',*,*,#7747,.F.);
#3890=ORIENTED_EDGE('',*,*,#7748,.T.);
#3891=ORIENTED_EDGE('',*,*,#7749,.F.);
#3892=ORIENTED_EDGE('',*,*,#7711,.F.);
#3893=ORIENTED_EDGE('',*,*,#7750,.T.);
#3894=ORIENTED_EDGE('',*,*,#7751,.T.);
#3895=ORIENTED_EDGE('',*,*,#7752,.T.);
#3896=ORIENTED_EDGE('',*,*,#7747,.T.);
#3897=ORIENTED_EDGE('',*,*,#7753,.F.);
#3898=ORIENTED_EDGE('',*,*,#7754,.F.);
#3899=ORIENTED_EDGE('',*,*,#7750,.F.);
#3900=ORIENTED_EDGE('',*,*,#7714,.F.);
#3901=ORIENTED_EDGE('',*,*,#7755,.F.);
#3902=ORIENTED_EDGE('',*,*,#7756,.F.);
#3903=ORIENTED_EDGE('',*,*,#7757,.T.);
#3904=ORIENTED_EDGE('',*,*,#7667,.F.);
#3905=ORIENTED_EDGE('',*,*,#7668,.F.);
#3906=ORIENTED_EDGE('',*,*,#7758,.F.);
#3907=ORIENTED_EDGE('',*,*,#7673,.F.);
#3908=ORIENTED_EDGE('',*,*,#7677,.F.);
#3909=ORIENTED_EDGE('',*,*,#7680,.F.);
#3910=ORIENTED_EDGE('',*,*,#7683,.F.);
#3911=ORIENTED_EDGE('',*,*,#7686,.F.);
#3912=ORIENTED_EDGE('',*,*,#7689,.F.);
#3913=ORIENTED_EDGE('',*,*,#7692,.F.);
#3914=ORIENTED_EDGE('',*,*,#7695,.F.);
#3915=ORIENTED_EDGE('',*,*,#7698,.F.);
#3916=ORIENTED_EDGE('',*,*,#7701,.F.);
#3917=ORIENTED_EDGE('',*,*,#7704,.F.);
#3918=ORIENTED_EDGE('',*,*,#7707,.F.);
#3919=ORIENTED_EDGE('',*,*,#7708,.F.);
#3920=ORIENTED_EDGE('',*,*,#7759,.F.);
#3921=ORIENTED_EDGE('',*,*,#7760,.F.);
#3922=ORIENTED_EDGE('',*,*,#7718,.F.);
#3923=ORIENTED_EDGE('',*,*,#7721,.F.);
#3924=ORIENTED_EDGE('',*,*,#7724,.F.);
#3925=ORIENTED_EDGE('',*,*,#7727,.F.);
#3926=ORIENTED_EDGE('',*,*,#7730,.F.);
#3927=ORIENTED_EDGE('',*,*,#7733,.F.);
#3928=ORIENTED_EDGE('',*,*,#7736,.F.);
#3929=ORIENTED_EDGE('',*,*,#7739,.F.);
#3930=ORIENTED_EDGE('',*,*,#7742,.F.);
#3931=ORIENTED_EDGE('',*,*,#7745,.F.);
#3932=ORIENTED_EDGE('',*,*,#7748,.F.);
#3933=ORIENTED_EDGE('',*,*,#7752,.F.);
#3934=ORIENTED_EDGE('',*,*,#7761,.F.);
#3935=ORIENTED_EDGE('',*,*,#7762,.F.);
#3936=ORIENTED_EDGE('',*,*,#7715,.F.);
#3937=ORIENTED_EDGE('',*,*,#7760,.T.);
#3938=ORIENTED_EDGE('',*,*,#7763,.T.);
#3939=ORIENTED_EDGE('',*,*,#7764,.T.);
#3940=ORIENTED_EDGE('',*,*,#7712,.T.);
#3941=ORIENTED_EDGE('',*,*,#7749,.T.);
#3942=ORIENTED_EDGE('',*,*,#7765,.T.);
#3943=ORIENTED_EDGE('',*,*,#7669,.T.);
#3944=ORIENTED_EDGE('',*,*,#7665,.T.);
#3945=ORIENTED_EDGE('',*,*,#7766,.F.);
#3946=ORIENTED_EDGE('',*,*,#7767,.T.);
#3947=ORIENTED_EDGE('',*,*,#7709,.T.);
#3948=ORIENTED_EDGE('',*,*,#7705,.T.);
#3949=ORIENTED_EDGE('',*,*,#7702,.T.);
#3950=ORIENTED_EDGE('',*,*,#7699,.T.);
#3951=ORIENTED_EDGE('',*,*,#7696,.T.);
#3952=ORIENTED_EDGE('',*,*,#7693,.T.);
#3953=ORIENTED_EDGE('',*,*,#7690,.T.);
#3954=ORIENTED_EDGE('',*,*,#7687,.T.);
#3955=ORIENTED_EDGE('',*,*,#7684,.T.);
#3956=ORIENTED_EDGE('',*,*,#7681,.T.);
#3957=ORIENTED_EDGE('',*,*,#7678,.T.);
#3958=ORIENTED_EDGE('',*,*,#7675,.T.);
#3959=ORIENTED_EDGE('',*,*,#7671,.T.);
#3960=ORIENTED_EDGE('',*,*,#7768,.T.);
#3961=ORIENTED_EDGE('',*,*,#7753,.T.);
#3962=ORIENTED_EDGE('',*,*,#7746,.T.);
#3963=ORIENTED_EDGE('',*,*,#7743,.T.);
#3964=ORIENTED_EDGE('',*,*,#7740,.T.);
#3965=ORIENTED_EDGE('',*,*,#7737,.T.);
#3966=ORIENTED_EDGE('',*,*,#7734,.T.);
#3967=ORIENTED_EDGE('',*,*,#7731,.T.);
#3968=ORIENTED_EDGE('',*,*,#7728,.T.);
#3969=ORIENTED_EDGE('',*,*,#7725,.T.);
#3970=ORIENTED_EDGE('',*,*,#7722,.T.);
#3971=ORIENTED_EDGE('',*,*,#7719,.T.);
#3972=ORIENTED_EDGE('',*,*,#7716,.T.);
#3973=ORIENTED_EDGE('',*,*,#7762,.T.);
#3974=ORIENTED_EDGE('',*,*,#7769,.T.);
#3975=ORIENTED_EDGE('',*,*,#7770,.T.);
#3976=ORIENTED_EDGE('',*,*,#7771,.F.);
#3977=ORIENTED_EDGE('',*,*,#7772,.F.);
#3978=ORIENTED_EDGE('',*,*,#7773,.T.);
#3979=ORIENTED_EDGE('',*,*,#7774,.T.);
#3980=ORIENTED_EDGE('',*,*,#7772,.T.);
#3981=ORIENTED_EDGE('',*,*,#7775,.F.);
#3982=ORIENTED_EDGE('',*,*,#7776,.F.);
#3983=ORIENTED_EDGE('',*,*,#7777,.F.);
#3984=ORIENTED_EDGE('',*,*,#7778,.F.);
#3985=ORIENTED_EDGE('',*,*,#7779,.T.);
#3986=ORIENTED_EDGE('',*,*,#7780,.T.);
#3987=ORIENTED_EDGE('',*,*,#7778,.T.);
#3988=ORIENTED_EDGE('',*,*,#7781,.F.);
#3989=ORIENTED_EDGE('',*,*,#7782,.F.);
#3990=ORIENTED_EDGE('',*,*,#7783,.T.);
#3991=ORIENTED_EDGE('',*,*,#7782,.T.);
#3992=ORIENTED_EDGE('',*,*,#7784,.F.);
#3993=ORIENTED_EDGE('',*,*,#7785,.F.);
#3994=ORIENTED_EDGE('',*,*,#7786,.T.);
#3995=ORIENTED_EDGE('',*,*,#7785,.T.);
#3996=ORIENTED_EDGE('',*,*,#7787,.F.);
#3997=ORIENTED_EDGE('',*,*,#7788,.F.);
#3998=ORIENTED_EDGE('',*,*,#7789,.T.);
#3999=ORIENTED_EDGE('',*,*,#7788,.T.);
#4000=ORIENTED_EDGE('',*,*,#7790,.F.);
#4001=ORIENTED_EDGE('',*,*,#7791,.F.);
#4002=ORIENTED_EDGE('',*,*,#7792,.T.);
#4003=ORIENTED_EDGE('',*,*,#7791,.T.);
#4004=ORIENTED_EDGE('',*,*,#7793,.F.);
#4005=ORIENTED_EDGE('',*,*,#7794,.F.);
#4006=ORIENTED_EDGE('',*,*,#7795,.T.);
#4007=ORIENTED_EDGE('',*,*,#7794,.T.);
#4008=ORIENTED_EDGE('',*,*,#7796,.F.);
#4009=ORIENTED_EDGE('',*,*,#7797,.F.);
#4010=ORIENTED_EDGE('',*,*,#7798,.T.);
#4011=ORIENTED_EDGE('',*,*,#7797,.T.);
#4012=ORIENTED_EDGE('',*,*,#7799,.F.);
#4013=ORIENTED_EDGE('',*,*,#7800,.F.);
#4014=ORIENTED_EDGE('',*,*,#7801,.T.);
#4015=ORIENTED_EDGE('',*,*,#7800,.T.);
#4016=ORIENTED_EDGE('',*,*,#7802,.F.);
#4017=ORIENTED_EDGE('',*,*,#7803,.F.);
#4018=ORIENTED_EDGE('',*,*,#7804,.T.);
#4019=ORIENTED_EDGE('',*,*,#7803,.T.);
#4020=ORIENTED_EDGE('',*,*,#7805,.F.);
#4021=ORIENTED_EDGE('',*,*,#7806,.F.);
#4022=ORIENTED_EDGE('',*,*,#7807,.T.);
#4023=ORIENTED_EDGE('',*,*,#7806,.T.);
#4024=ORIENTED_EDGE('',*,*,#7808,.F.);
#4025=ORIENTED_EDGE('',*,*,#7809,.F.);
#4026=ORIENTED_EDGE('',*,*,#7810,.T.);
#4027=ORIENTED_EDGE('',*,*,#7809,.T.);
#4028=ORIENTED_EDGE('',*,*,#7811,.F.);
#4029=ORIENTED_EDGE('',*,*,#7812,.F.);
#4030=ORIENTED_EDGE('',*,*,#7813,.T.);
#4031=ORIENTED_EDGE('',*,*,#7814,.T.);
#4032=ORIENTED_EDGE('',*,*,#7812,.T.);
#4033=ORIENTED_EDGE('',*,*,#7815,.F.);
#4034=ORIENTED_EDGE('',*,*,#7816,.F.);
#4035=ORIENTED_EDGE('',*,*,#7817,.T.);
#4036=ORIENTED_EDGE('',*,*,#7818,.F.);
#4037=ORIENTED_EDGE('',*,*,#7819,.F.);
#4038=ORIENTED_EDGE('',*,*,#7820,.T.);
#4039=ORIENTED_EDGE('',*,*,#7821,.T.);
#4040=ORIENTED_EDGE('',*,*,#7822,.F.);
#4041=ORIENTED_EDGE('',*,*,#7823,.F.);
#4042=ORIENTED_EDGE('',*,*,#7824,.T.);
#4043=ORIENTED_EDGE('',*,*,#7823,.T.);
#4044=ORIENTED_EDGE('',*,*,#7825,.F.);
#4045=ORIENTED_EDGE('',*,*,#7826,.F.);
#4046=ORIENTED_EDGE('',*,*,#7827,.T.);
#4047=ORIENTED_EDGE('',*,*,#7826,.T.);
#4048=ORIENTED_EDGE('',*,*,#7828,.F.);
#4049=ORIENTED_EDGE('',*,*,#7829,.F.);
#4050=ORIENTED_EDGE('',*,*,#7830,.T.);
#4051=ORIENTED_EDGE('',*,*,#7829,.T.);
#4052=ORIENTED_EDGE('',*,*,#7831,.F.);
#4053=ORIENTED_EDGE('',*,*,#7832,.F.);
#4054=ORIENTED_EDGE('',*,*,#7833,.T.);
#4055=ORIENTED_EDGE('',*,*,#7832,.T.);
#4056=ORIENTED_EDGE('',*,*,#7834,.F.);
#4057=ORIENTED_EDGE('',*,*,#7835,.F.);
#4058=ORIENTED_EDGE('',*,*,#7836,.T.);
#4059=ORIENTED_EDGE('',*,*,#7835,.T.);
#4060=ORIENTED_EDGE('',*,*,#7837,.F.);
#4061=ORIENTED_EDGE('',*,*,#7838,.F.);
#4062=ORIENTED_EDGE('',*,*,#7839,.T.);
#4063=ORIENTED_EDGE('',*,*,#7838,.T.);
#4064=ORIENTED_EDGE('',*,*,#7840,.F.);
#4065=ORIENTED_EDGE('',*,*,#7841,.F.);
#4066=ORIENTED_EDGE('',*,*,#7842,.T.);
#4067=ORIENTED_EDGE('',*,*,#7841,.T.);
#4068=ORIENTED_EDGE('',*,*,#7843,.F.);
#4069=ORIENTED_EDGE('',*,*,#7844,.F.);
#4070=ORIENTED_EDGE('',*,*,#7845,.T.);
#4071=ORIENTED_EDGE('',*,*,#7844,.T.);
#4072=ORIENTED_EDGE('',*,*,#7846,.F.);
#4073=ORIENTED_EDGE('',*,*,#7847,.F.);
#4074=ORIENTED_EDGE('',*,*,#7848,.T.);
#4075=ORIENTED_EDGE('',*,*,#7847,.T.);
#4076=ORIENTED_EDGE('',*,*,#7849,.F.);
#4077=ORIENTED_EDGE('',*,*,#7850,.F.);
#4078=ORIENTED_EDGE('',*,*,#7851,.T.);
#4079=ORIENTED_EDGE('',*,*,#7850,.T.);
#4080=ORIENTED_EDGE('',*,*,#7852,.F.);
#4081=ORIENTED_EDGE('',*,*,#7853,.F.);
#4082=ORIENTED_EDGE('',*,*,#7854,.T.);
#4083=ORIENTED_EDGE('',*,*,#7855,.F.);
#4084=ORIENTED_EDGE('',*,*,#7817,.F.);
#4085=ORIENTED_EDGE('',*,*,#7856,.T.);
#4086=ORIENTED_EDGE('',*,*,#7857,.T.);
#4087=ORIENTED_EDGE('',*,*,#7858,.T.);
#4088=ORIENTED_EDGE('',*,*,#7853,.T.);
#4089=ORIENTED_EDGE('',*,*,#7859,.F.);
#4090=ORIENTED_EDGE('',*,*,#7860,.F.);
#4091=ORIENTED_EDGE('',*,*,#7856,.F.);
#4092=ORIENTED_EDGE('',*,*,#7820,.F.);
#4093=ORIENTED_EDGE('',*,*,#7861,.F.);
#4094=ORIENTED_EDGE('',*,*,#7862,.F.);
#4095=ORIENTED_EDGE('',*,*,#7863,.T.);
#4096=ORIENTED_EDGE('',*,*,#7773,.F.);
#4097=ORIENTED_EDGE('',*,*,#7774,.F.);
#4098=ORIENTED_EDGE('',*,*,#7864,.F.);
#4099=ORIENTED_EDGE('',*,*,#7779,.F.);
#4100=ORIENTED_EDGE('',*,*,#7783,.F.);
#4101=ORIENTED_EDGE('',*,*,#7786,.F.);
#4102=ORIENTED_EDGE('',*,*,#7789,.F.);
#4103=ORIENTED_EDGE('',*,*,#7792,.F.);
#4104=ORIENTED_EDGE('',*,*,#7795,.F.);
#4105=ORIENTED_EDGE('',*,*,#7798,.F.);
#4106=ORIENTED_EDGE('',*,*,#7801,.F.);
#4107=ORIENTED_EDGE('',*,*,#7804,.F.);
#4108=ORIENTED_EDGE('',*,*,#7807,.F.);
#4109=ORIENTED_EDGE('',*,*,#7810,.F.);
#4110=ORIENTED_EDGE('',*,*,#7813,.F.);
#4111=ORIENTED_EDGE('',*,*,#7814,.F.);
#4112=ORIENTED_EDGE('',*,*,#7865,.F.);
#4113=ORIENTED_EDGE('',*,*,#7866,.F.);
#4114=ORIENTED_EDGE('',*,*,#7824,.F.);
#4115=ORIENTED_EDGE('',*,*,#7827,.F.);
#4116=ORIENTED_EDGE('',*,*,#7830,.F.);
#4117=ORIENTED_EDGE('',*,*,#7833,.F.);
#4118=ORIENTED_EDGE('',*,*,#7836,.F.);
#4119=ORIENTED_EDGE('',*,*,#7839,.F.);
#4120=ORIENTED_EDGE('',*,*,#7842,.F.);
#4121=ORIENTED_EDGE('',*,*,#7845,.F.);
#4122=ORIENTED_EDGE('',*,*,#7848,.F.);
#4123=ORIENTED_EDGE('',*,*,#7851,.F.);
#4124=ORIENTED_EDGE('',*,*,#7854,.F.);
#4125=ORIENTED_EDGE('',*,*,#7858,.F.);
#4126=ORIENTED_EDGE('',*,*,#7867,.F.);
#4127=ORIENTED_EDGE('',*,*,#7868,.F.);
#4128=ORIENTED_EDGE('',*,*,#7821,.F.);
#4129=ORIENTED_EDGE('',*,*,#7866,.T.);
#4130=ORIENTED_EDGE('',*,*,#7869,.T.);
#4131=ORIENTED_EDGE('',*,*,#7870,.T.);
#4132=ORIENTED_EDGE('',*,*,#7818,.T.);
#4133=ORIENTED_EDGE('',*,*,#7855,.T.);
#4134=ORIENTED_EDGE('',*,*,#7871,.T.);
#4135=ORIENTED_EDGE('',*,*,#7775,.T.);
#4136=ORIENTED_EDGE('',*,*,#7771,.T.);
#4137=ORIENTED_EDGE('',*,*,#7872,.F.);
#4138=ORIENTED_EDGE('',*,*,#7873,.T.);
#4139=ORIENTED_EDGE('',*,*,#7815,.T.);
#4140=ORIENTED_EDGE('',*,*,#7811,.T.);
#4141=ORIENTED_EDGE('',*,*,#7808,.T.);
#4142=ORIENTED_EDGE('',*,*,#7805,.T.);
#4143=ORIENTED_EDGE('',*,*,#7802,.T.);
#4144=ORIENTED_EDGE('',*,*,#7799,.T.);
#4145=ORIENTED_EDGE('',*,*,#7796,.T.);
#4146=ORIENTED_EDGE('',*,*,#7793,.T.);
#4147=ORIENTED_EDGE('',*,*,#7790,.T.);
#4148=ORIENTED_EDGE('',*,*,#7787,.T.);
#4149=ORIENTED_EDGE('',*,*,#7784,.T.);
#4150=ORIENTED_EDGE('',*,*,#7781,.T.);
#4151=ORIENTED_EDGE('',*,*,#7777,.T.);
#4152=ORIENTED_EDGE('',*,*,#7874,.T.);
#4153=ORIENTED_EDGE('',*,*,#7859,.T.);
#4154=ORIENTED_EDGE('',*,*,#7852,.T.);
#4155=ORIENTED_EDGE('',*,*,#7849,.T.);
#4156=ORIENTED_EDGE('',*,*,#7846,.T.);
#4157=ORIENTED_EDGE('',*,*,#7843,.T.);
#4158=ORIENTED_EDGE('',*,*,#7840,.T.);
#4159=ORIENTED_EDGE('',*,*,#7837,.T.);
#4160=ORIENTED_EDGE('',*,*,#7834,.T.);
#4161=ORIENTED_EDGE('',*,*,#7831,.T.);
#4162=ORIENTED_EDGE('',*,*,#7828,.T.);
#4163=ORIENTED_EDGE('',*,*,#7825,.T.);
#4164=ORIENTED_EDGE('',*,*,#7822,.T.);
#4165=ORIENTED_EDGE('',*,*,#7868,.T.);
#4166=ORIENTED_EDGE('',*,*,#7875,.T.);
#4167=ORIENTED_EDGE('',*,*,#6986,.T.);
#4168=ORIENTED_EDGE('',*,*,#7876,.F.);
#4169=ORIENTED_EDGE('',*,*,#7877,.T.);
#4170=ORIENTED_EDGE('',*,*,#7005,.T.);
#4171=ORIENTED_EDGE('',*,*,#7018,.F.);
#4172=ORIENTED_EDGE('',*,*,#7878,.T.);
#4173=ORIENTED_EDGE('',*,*,#7879,.F.);
#4174=ORIENTED_EDGE('',*,*,#7022,.T.);
#4175=ORIENTED_EDGE('',*,*,#7013,.F.);
#4176=ORIENTED_EDGE('',*,*,#7026,.F.);
#4177=ORIENTED_EDGE('',*,*,#7880,.T.);
#4178=ORIENTED_EDGE('',*,*,#7120,.T.);
#4179=ORIENTED_EDGE('',*,*,#7030,.T.);
#4180=ORIENTED_EDGE('',*,*,#7129,.F.);
#4181=ORIENTED_EDGE('',*,*,#7881,.T.);
#4182=ORIENTED_EDGE('',*,*,#7225,.T.);
#4183=ORIENTED_EDGE('',*,*,#7183,.T.);
#4184=ORIENTED_EDGE('',*,*,#7234,.F.);
#4185=ORIENTED_EDGE('',*,*,#7882,.T.);
#4186=ORIENTED_EDGE('',*,*,#7331,.T.);
#4187=ORIENTED_EDGE('',*,*,#7289,.T.);
#4188=ORIENTED_EDGE('',*,*,#7340,.F.);
#4189=ORIENTED_EDGE('',*,*,#7883,.T.);
#4190=ORIENTED_EDGE('',*,*,#7437,.T.);
#4191=ORIENTED_EDGE('',*,*,#7395,.T.);
#4192=ORIENTED_EDGE('',*,*,#7446,.F.);
#4193=ORIENTED_EDGE('',*,*,#7884,.T.);
#4194=ORIENTED_EDGE('',*,*,#7543,.T.);
#4195=ORIENTED_EDGE('',*,*,#7501,.T.);
#4196=ORIENTED_EDGE('',*,*,#7552,.F.);
#4197=ORIENTED_EDGE('',*,*,#7885,.T.);
#4198=ORIENTED_EDGE('',*,*,#7649,.T.);
#4199=ORIENTED_EDGE('',*,*,#7607,.T.);
#4200=ORIENTED_EDGE('',*,*,#7658,.F.);
#4201=ORIENTED_EDGE('',*,*,#7886,.T.);
#4202=ORIENTED_EDGE('',*,*,#7755,.T.);
#4203=ORIENTED_EDGE('',*,*,#7713,.T.);
#4204=ORIENTED_EDGE('',*,*,#7764,.F.);
#4205=ORIENTED_EDGE('',*,*,#7887,.T.);
#4206=ORIENTED_EDGE('',*,*,#7861,.T.);
#4207=ORIENTED_EDGE('',*,*,#7819,.T.);
#4208=ORIENTED_EDGE('',*,*,#7870,.F.);
#4209=ORIENTED_EDGE('',*,*,#7888,.T.);
#4210=ORIENTED_EDGE('',*,*,#7889,.T.);
#4211=ORIENTED_EDGE('',*,*,#7890,.T.);
#4212=ORIENTED_EDGE('',*,*,#7891,.F.);
#4213=ORIENTED_EDGE('',*,*,#7892,.T.);
#4214=ORIENTED_EDGE('',*,*,#7893,.T.);
#4215=ORIENTED_EDGE('',*,*,#7894,.T.);
#4216=ORIENTED_EDGE('',*,*,#7895,.F.);
#4217=ORIENTED_EDGE('',*,*,#7890,.F.);
#4218=ORIENTED_EDGE('',*,*,#7896,.T.);
#4219=ORIENTED_EDGE('',*,*,#7897,.T.);
#4220=ORIENTED_EDGE('',*,*,#7898,.F.);
#4221=ORIENTED_EDGE('',*,*,#7899,.F.);
#4222=ORIENTED_EDGE('',*,*,#7900,.T.);
#4223=ORIENTED_EDGE('',*,*,#7899,.T.);
#4224=ORIENTED_EDGE('',*,*,#7901,.F.);
#4225=ORIENTED_EDGE('',*,*,#7902,.F.);
#4226=ORIENTED_EDGE('',*,*,#7903,.T.);
#4227=ORIENTED_EDGE('',*,*,#7902,.T.);
#4228=ORIENTED_EDGE('',*,*,#7904,.F.);
#4229=ORIENTED_EDGE('',*,*,#7905,.F.);
#4230=ORIENTED_EDGE('',*,*,#7906,.T.);
#4231=ORIENTED_EDGE('',*,*,#7905,.T.);
#4232=ORIENTED_EDGE('',*,*,#7907,.F.);
#4233=ORIENTED_EDGE('',*,*,#7908,.F.);
#4234=ORIENTED_EDGE('',*,*,#7909,.T.);
#4235=ORIENTED_EDGE('',*,*,#7908,.T.);
#4236=ORIENTED_EDGE('',*,*,#7910,.F.);
#4237=ORIENTED_EDGE('',*,*,#7911,.F.);
#4238=ORIENTED_EDGE('',*,*,#7912,.T.);
#4239=ORIENTED_EDGE('',*,*,#7911,.T.);
#4240=ORIENTED_EDGE('',*,*,#7913,.F.);
#4241=ORIENTED_EDGE('',*,*,#7914,.F.);
#4242=ORIENTED_EDGE('',*,*,#7915,.T.);
#4243=ORIENTED_EDGE('',*,*,#7914,.T.);
#4244=ORIENTED_EDGE('',*,*,#7916,.F.);
#4245=ORIENTED_EDGE('',*,*,#7917,.F.);
#4246=ORIENTED_EDGE('',*,*,#7918,.T.);
#4247=ORIENTED_EDGE('',*,*,#7917,.T.);
#4248=ORIENTED_EDGE('',*,*,#7919,.F.);
#4249=ORIENTED_EDGE('',*,*,#7920,.F.);
#4250=ORIENTED_EDGE('',*,*,#7921,.T.);
#4251=ORIENTED_EDGE('',*,*,#7920,.T.);
#4252=ORIENTED_EDGE('',*,*,#7922,.F.);
#4253=ORIENTED_EDGE('',*,*,#7923,.F.);
#4254=ORIENTED_EDGE('',*,*,#7924,.T.);
#4255=ORIENTED_EDGE('',*,*,#7923,.T.);
#4256=ORIENTED_EDGE('',*,*,#7925,.F.);
#4257=ORIENTED_EDGE('',*,*,#7926,.F.);
#4258=ORIENTED_EDGE('',*,*,#7927,.T.);
#4259=ORIENTED_EDGE('',*,*,#7926,.T.);
#4260=ORIENTED_EDGE('',*,*,#7928,.F.);
#4261=ORIENTED_EDGE('',*,*,#7929,.F.);
#4262=ORIENTED_EDGE('',*,*,#7930,.T.);
#4263=ORIENTED_EDGE('',*,*,#7931,.F.);
#4264=ORIENTED_EDGE('',*,*,#7894,.F.);
#4265=ORIENTED_EDGE('',*,*,#7932,.T.);
#4266=ORIENTED_EDGE('',*,*,#7933,.T.);
#4267=ORIENTED_EDGE('',*,*,#7934,.T.);
#4268=ORIENTED_EDGE('',*,*,#7929,.T.);
#4269=ORIENTED_EDGE('',*,*,#7935,.F.);
#4270=ORIENTED_EDGE('',*,*,#7936,.F.);
#4271=ORIENTED_EDGE('',*,*,#7932,.F.);
#4272=ORIENTED_EDGE('',*,*,#7896,.F.);
#4273=ORIENTED_EDGE('',*,*,#7889,.F.);
#4274=ORIENTED_EDGE('',*,*,#7937,.F.);
#4275=ORIENTED_EDGE('',*,*,#7938,.T.);
#4276=ORIENTED_EDGE('',*,*,#6940,.F.);
#4277=ORIENTED_EDGE('',*,*,#6941,.F.);
#4278=ORIENTED_EDGE('',*,*,#7939,.F.);
#4279=ORIENTED_EDGE('',*,*,#6946,.F.);
#4280=ORIENTED_EDGE('',*,*,#6950,.F.);
#4281=ORIENTED_EDGE('',*,*,#6953,.F.);
#4282=ORIENTED_EDGE('',*,*,#6956,.F.);
#4283=ORIENTED_EDGE('',*,*,#6959,.F.);
#4284=ORIENTED_EDGE('',*,*,#6962,.F.);
#4285=ORIENTED_EDGE('',*,*,#6965,.F.);
#4286=ORIENTED_EDGE('',*,*,#6968,.F.);
#4287=ORIENTED_EDGE('',*,*,#6971,.F.);
#4288=ORIENTED_EDGE('',*,*,#6974,.F.);
#4289=ORIENTED_EDGE('',*,*,#6977,.F.);
#4290=ORIENTED_EDGE('',*,*,#6980,.F.);
#4291=ORIENTED_EDGE('',*,*,#6981,.F.);
#4292=ORIENTED_EDGE('',*,*,#7940,.F.);
#4293=ORIENTED_EDGE('',*,*,#7941,.F.);
#4294=ORIENTED_EDGE('',*,*,#7900,.F.);
#4295=ORIENTED_EDGE('',*,*,#7903,.F.);
#4296=ORIENTED_EDGE('',*,*,#7906,.F.);
#4297=ORIENTED_EDGE('',*,*,#7909,.F.);
#4298=ORIENTED_EDGE('',*,*,#7912,.F.);
#4299=ORIENTED_EDGE('',*,*,#7915,.F.);
#4300=ORIENTED_EDGE('',*,*,#7918,.F.);
#4301=ORIENTED_EDGE('',*,*,#7921,.F.);
#4302=ORIENTED_EDGE('',*,*,#7924,.F.);
#4303=ORIENTED_EDGE('',*,*,#7927,.F.);
#4304=ORIENTED_EDGE('',*,*,#7930,.F.);
#4305=ORIENTED_EDGE('',*,*,#7934,.F.);
#4306=ORIENTED_EDGE('',*,*,#7942,.F.);
#4307=ORIENTED_EDGE('',*,*,#7943,.F.);
#4308=ORIENTED_EDGE('',*,*,#7897,.F.);
#4309=ORIENTED_EDGE('',*,*,#7941,.T.);
#4310=ORIENTED_EDGE('',*,*,#7944,.T.);
#4311=ORIENTED_EDGE('',*,*,#7891,.T.);
#4312=ORIENTED_EDGE('',*,*,#7895,.T.);
#4313=ORIENTED_EDGE('',*,*,#7931,.T.);
#4314=ORIENTED_EDGE('',*,*,#7945,.T.);
#4315=ORIENTED_EDGE('',*,*,#6942,.T.);
#4316=ORIENTED_EDGE('',*,*,#6938,.T.);
#4317=ORIENTED_EDGE('',*,*,#7946,.F.);
#4318=ORIENTED_EDGE('',*,*,#7947,.T.);
#4319=ORIENTED_EDGE('',*,*,#6982,.T.);
#4320=ORIENTED_EDGE('',*,*,#6978,.T.);
#4321=ORIENTED_EDGE('',*,*,#6975,.T.);
#4322=ORIENTED_EDGE('',*,*,#6972,.T.);
#4323=ORIENTED_EDGE('',*,*,#6969,.T.);
#4324=ORIENTED_EDGE('',*,*,#6966,.T.);
#4325=ORIENTED_EDGE('',*,*,#6963,.T.);
#4326=ORIENTED_EDGE('',*,*,#6960,.T.);
#4327=ORIENTED_EDGE('',*,*,#6957,.T.);
#4328=ORIENTED_EDGE('',*,*,#6954,.T.);
#4329=ORIENTED_EDGE('',*,*,#6951,.T.);
#4330=ORIENTED_EDGE('',*,*,#6948,.T.);
#4331=ORIENTED_EDGE('',*,*,#6944,.T.);
#4332=ORIENTED_EDGE('',*,*,#7948,.T.);
#4333=ORIENTED_EDGE('',*,*,#7935,.T.);
#4334=ORIENTED_EDGE('',*,*,#7928,.T.);
#4335=ORIENTED_EDGE('',*,*,#7925,.T.);
#4336=ORIENTED_EDGE('',*,*,#7922,.T.);
#4337=ORIENTED_EDGE('',*,*,#7919,.T.);
#4338=ORIENTED_EDGE('',*,*,#7916,.T.);
#4339=ORIENTED_EDGE('',*,*,#7913,.T.);
#4340=ORIENTED_EDGE('',*,*,#7910,.T.);
#4341=ORIENTED_EDGE('',*,*,#7907,.T.);
#4342=ORIENTED_EDGE('',*,*,#7904,.T.);
#4343=ORIENTED_EDGE('',*,*,#7901,.T.);
#4344=ORIENTED_EDGE('',*,*,#7898,.T.);
#4345=ORIENTED_EDGE('',*,*,#7943,.T.);
#4346=ORIENTED_EDGE('',*,*,#7949,.T.);
#4347=ORIENTED_EDGE('',*,*,#7950,.T.);
#4348=ORIENTED_EDGE('',*,*,#7951,.F.);
#4349=ORIENTED_EDGE('',*,*,#7952,.F.);
#4350=ORIENTED_EDGE('',*,*,#7001,.T.);
#4351=ORIENTED_EDGE('',*,*,#6998,.F.);
#4352=ORIENTED_EDGE('',*,*,#7953,.F.);
#4353=ORIENTED_EDGE('',*,*,#7006,.T.);
#4354=ORIENTED_EDGE('',*,*,#7002,.F.);
#4355=ORIENTED_EDGE('',*,*,#7877,.F.);
#4356=ORIENTED_EDGE('',*,*,#7954,.F.);
#4357=ORIENTED_EDGE('',*,*,#7955,.F.);
#4358=ORIENTED_EDGE('',*,*,#7956,.T.);
#4359=ORIENTED_EDGE('',*,*,#7892,.F.);
#4360=ORIENTED_EDGE('',*,*,#7945,.F.);
#4361=ORIENTED_EDGE('',*,*,#7933,.F.);
#4362=ORIENTED_EDGE('',*,*,#7937,.T.);
#4363=ORIENTED_EDGE('',*,*,#7888,.F.);
#4364=ORIENTED_EDGE('',*,*,#7871,.F.);
#4365=ORIENTED_EDGE('',*,*,#7857,.F.);
#4366=ORIENTED_EDGE('',*,*,#7862,.T.);
#4367=ORIENTED_EDGE('',*,*,#7887,.F.);
#4368=ORIENTED_EDGE('',*,*,#7765,.F.);
#4369=ORIENTED_EDGE('',*,*,#7751,.F.);
#4370=ORIENTED_EDGE('',*,*,#7756,.T.);
#4371=ORIENTED_EDGE('',*,*,#7886,.F.);
#4372=ORIENTED_EDGE('',*,*,#7659,.F.);
#4373=ORIENTED_EDGE('',*,*,#7645,.F.);
#4374=ORIENTED_EDGE('',*,*,#7650,.T.);
#4375=ORIENTED_EDGE('',*,*,#7885,.F.);
#4376=ORIENTED_EDGE('',*,*,#7553,.F.);
#4377=ORIENTED_EDGE('',*,*,#7539,.F.);
#4378=ORIENTED_EDGE('',*,*,#7544,.T.);
#4379=ORIENTED_EDGE('',*,*,#7884,.F.);
#4380=ORIENTED_EDGE('',*,*,#7447,.F.);
#4381=ORIENTED_EDGE('',*,*,#7433,.F.);
#4382=ORIENTED_EDGE('',*,*,#7438,.T.);
#4383=ORIENTED_EDGE('',*,*,#7883,.F.);
#4384=ORIENTED_EDGE('',*,*,#7341,.F.);
#4385=ORIENTED_EDGE('',*,*,#7327,.F.);
#4386=ORIENTED_EDGE('',*,*,#7332,.T.);
#4387=ORIENTED_EDGE('',*,*,#7882,.F.);
#4388=ORIENTED_EDGE('',*,*,#7235,.F.);
#4389=ORIENTED_EDGE('',*,*,#7221,.F.);
#4390=ORIENTED_EDGE('',*,*,#7226,.T.);
#4391=ORIENTED_EDGE('',*,*,#7881,.F.);
#4392=ORIENTED_EDGE('',*,*,#7128,.F.);
#4393=ORIENTED_EDGE('',*,*,#7071,.F.);
#4394=ORIENTED_EDGE('',*,*,#7119,.T.);
#4395=ORIENTED_EDGE('',*,*,#7880,.F.);
#4396=ORIENTED_EDGE('',*,*,#7027,.T.);
#4397=ORIENTED_EDGE('',*,*,#7025,.F.);
#4398=ORIENTED_EDGE('',*,*,#7020,.F.);
#4399=ORIENTED_EDGE('',*,*,#6994,.T.);
#4400=ORIENTED_EDGE('',*,*,#6991,.F.);
#4401=ORIENTED_EDGE('',*,*,#7957,.F.);
#4402=ORIENTED_EDGE('',*,*,#7124,.T.);
#4403=ORIENTED_EDGE('',*,*,#7114,.T.);
#4404=ORIENTED_EDGE('',*,*,#7132,.F.);
#4405=ORIENTED_EDGE('',*,*,#7958,.F.);
#4406=ORIENTED_EDGE('',*,*,#7228,.T.);
#4407=ORIENTED_EDGE('',*,*,#7140,.T.);
#4408=ORIENTED_EDGE('',*,*,#7237,.F.);
#4409=ORIENTED_EDGE('',*,*,#7959,.F.);
#4410=ORIENTED_EDGE('',*,*,#7334,.T.);
#4411=ORIENTED_EDGE('',*,*,#7246,.T.);
#4412=ORIENTED_EDGE('',*,*,#7343,.F.);
#4413=ORIENTED_EDGE('',*,*,#7960,.F.);
#4414=ORIENTED_EDGE('',*,*,#7440,.T.);
#4415=ORIENTED_EDGE('',*,*,#7352,.T.);
#4416=ORIENTED_EDGE('',*,*,#7449,.F.);
#4417=ORIENTED_EDGE('',*,*,#7961,.F.);
#4418=ORIENTED_EDGE('',*,*,#7546,.T.);
#4419=ORIENTED_EDGE('',*,*,#7458,.T.);
#4420=ORIENTED_EDGE('',*,*,#7555,.F.);
#4421=ORIENTED_EDGE('',*,*,#7962,.F.);
#4422=ORIENTED_EDGE('',*,*,#7652,.T.);
#4423=ORIENTED_EDGE('',*,*,#7564,.T.);
#4424=ORIENTED_EDGE('',*,*,#7661,.F.);
#4425=ORIENTED_EDGE('',*,*,#7963,.F.);
#4426=ORIENTED_EDGE('',*,*,#7758,.T.);
#4427=ORIENTED_EDGE('',*,*,#7670,.T.);
#4428=ORIENTED_EDGE('',*,*,#7767,.F.);
#4429=ORIENTED_EDGE('',*,*,#7964,.F.);
#4430=ORIENTED_EDGE('',*,*,#7864,.T.);
#4431=ORIENTED_EDGE('',*,*,#7776,.T.);
#4432=ORIENTED_EDGE('',*,*,#7873,.F.);
#4433=ORIENTED_EDGE('',*,*,#7965,.F.);
#4434=ORIENTED_EDGE('',*,*,#7939,.T.);
#4435=ORIENTED_EDGE('',*,*,#6943,.T.);
#4436=ORIENTED_EDGE('',*,*,#7947,.F.);
#4437=ORIENTED_EDGE('',*,*,#7966,.F.);
#4438=ORIENTED_EDGE('',*,*,#7967,.T.);
#4439=ORIENTED_EDGE('',*,*,#7968,.T.);
#4440=ORIENTED_EDGE('',*,*,#7969,.T.);
#4441=ORIENTED_EDGE('',*,*,#7970,.F.);
#4442=ORIENTED_EDGE('',*,*,#7971,.F.);
#4443=ORIENTED_EDGE('',*,*,#7972,.T.);
#4444=ORIENTED_EDGE('',*,*,#7973,.F.);
#4445=ORIENTED_EDGE('',*,*,#7969,.F.);
#4446=ORIENTED_EDGE('',*,*,#7974,.T.);
#4447=ORIENTED_EDGE('',*,*,#7975,.T.);
#4448=ORIENTED_EDGE('',*,*,#7976,.F.);
#4449=ORIENTED_EDGE('',*,*,#7972,.F.);
#4450=ORIENTED_EDGE('',*,*,#7977,.T.);
#4451=ORIENTED_EDGE('',*,*,#7978,.T.);
#4452=ORIENTED_EDGE('',*,*,#7979,.F.);
#4453=ORIENTED_EDGE('',*,*,#7975,.F.);
#4454=ORIENTED_EDGE('',*,*,#7980,.T.);
#4455=ORIENTED_EDGE('',*,*,#7981,.T.);
#4456=ORIENTED_EDGE('',*,*,#7982,.F.);
#4457=ORIENTED_EDGE('',*,*,#7978,.F.);
#4458=ORIENTED_EDGE('',*,*,#7983,.T.);
#4459=ORIENTED_EDGE('',*,*,#7984,.T.);
#4460=ORIENTED_EDGE('',*,*,#7985,.F.);
#4461=ORIENTED_EDGE('',*,*,#7981,.F.);
#4462=ORIENTED_EDGE('',*,*,#7986,.T.);
#4463=ORIENTED_EDGE('',*,*,#7987,.T.);
#4464=ORIENTED_EDGE('',*,*,#7988,.F.);
#4465=ORIENTED_EDGE('',*,*,#7984,.F.);
#4466=ORIENTED_EDGE('',*,*,#7989,.T.);
#4467=ORIENTED_EDGE('',*,*,#7990,.T.);
#4468=ORIENTED_EDGE('',*,*,#7991,.F.);
#4469=ORIENTED_EDGE('',*,*,#7987,.F.);
#4470=ORIENTED_EDGE('',*,*,#7992,.T.);
#4471=ORIENTED_EDGE('',*,*,#7993,.T.);
#4472=ORIENTED_EDGE('',*,*,#7994,.F.);
#4473=ORIENTED_EDGE('',*,*,#7990,.F.);
#4474=ORIENTED_EDGE('',*,*,#7995,.T.);
#4475=ORIENTED_EDGE('',*,*,#7996,.T.);
#4476=ORIENTED_EDGE('',*,*,#7997,.F.);
#4477=ORIENTED_EDGE('',*,*,#7993,.F.);
#4478=ORIENTED_EDGE('',*,*,#7998,.T.);
#4479=ORIENTED_EDGE('',*,*,#7999,.T.);
#4480=ORIENTED_EDGE('',*,*,#8000,.F.);
#4481=ORIENTED_EDGE('',*,*,#7996,.F.);
#4482=ORIENTED_EDGE('',*,*,#8001,.T.);
#4483=ORIENTED_EDGE('',*,*,#8002,.T.);
#4484=ORIENTED_EDGE('',*,*,#8003,.F.);
#4485=ORIENTED_EDGE('',*,*,#7999,.F.);
#4486=ORIENTED_EDGE('',*,*,#8004,.T.);
#4487=ORIENTED_EDGE('',*,*,#8005,.T.);
#4488=ORIENTED_EDGE('',*,*,#6935,.T.);
#4489=ORIENTED_EDGE('',*,*,#8006,.F.);
#4490=ORIENTED_EDGE('',*,*,#7950,.F.);
#4491=ORIENTED_EDGE('',*,*,#8007,.F.);
#4492=ORIENTED_EDGE('',*,*,#8002,.F.);
#4493=ORIENTED_EDGE('',*,*,#8008,.T.);
#4494=ORIENTED_EDGE('',*,*,#8009,.T.);
#4495=ORIENTED_EDGE('',*,*,#8010,.T.);
#4496=ORIENTED_EDGE('',*,*,#8011,.F.);
#4497=ORIENTED_EDGE('',*,*,#8012,.F.);
#4498=ORIENTED_EDGE('',*,*,#8013,.T.);
#4499=ORIENTED_EDGE('',*,*,#8014,.T.);
#4500=ORIENTED_EDGE('',*,*,#8015,.F.);
#4501=ORIENTED_EDGE('',*,*,#8010,.F.);
#4502=ORIENTED_EDGE('',*,*,#8016,.T.);
#4503=ORIENTED_EDGE('',*,*,#8017,.T.);
#4504=ORIENTED_EDGE('',*,*,#8018,.F.);
#4505=ORIENTED_EDGE('',*,*,#8014,.F.);
#4506=ORIENTED_EDGE('',*,*,#8019,.T.);
#4507=ORIENTED_EDGE('',*,*,#8020,.T.);
#4508=ORIENTED_EDGE('',*,*,#8021,.F.);
#4509=ORIENTED_EDGE('',*,*,#8017,.F.);
#4510=ORIENTED_EDGE('',*,*,#8022,.T.);
#4511=ORIENTED_EDGE('',*,*,#8023,.T.);
#4512=ORIENTED_EDGE('',*,*,#8024,.F.);
#4513=ORIENTED_EDGE('',*,*,#8020,.F.);
#4514=ORIENTED_EDGE('',*,*,#8025,.T.);
#4515=ORIENTED_EDGE('',*,*,#8026,.T.);
#4516=ORIENTED_EDGE('',*,*,#8027,.F.);
#4517=ORIENTED_EDGE('',*,*,#8023,.F.);
#4518=ORIENTED_EDGE('',*,*,#8028,.T.);
#4519=ORIENTED_EDGE('',*,*,#8029,.T.);
#4520=ORIENTED_EDGE('',*,*,#8030,.F.);
#4521=ORIENTED_EDGE('',*,*,#8026,.F.);
#4522=ORIENTED_EDGE('',*,*,#8031,.T.);
#4523=ORIENTED_EDGE('',*,*,#8032,.T.);
#4524=ORIENTED_EDGE('',*,*,#8033,.F.);
#4525=ORIENTED_EDGE('',*,*,#8029,.F.);
#4526=ORIENTED_EDGE('',*,*,#8034,.T.);
#4527=ORIENTED_EDGE('',*,*,#8035,.T.);
#4528=ORIENTED_EDGE('',*,*,#8036,.F.);
#4529=ORIENTED_EDGE('',*,*,#8032,.F.);
#4530=ORIENTED_EDGE('',*,*,#8037,.T.);
#4531=ORIENTED_EDGE('',*,*,#8038,.T.);
#4532=ORIENTED_EDGE('',*,*,#8039,.F.);
#4533=ORIENTED_EDGE('',*,*,#8035,.F.);
#4534=ORIENTED_EDGE('',*,*,#8040,.T.);
#4535=ORIENTED_EDGE('',*,*,#8041,.T.);
#4536=ORIENTED_EDGE('',*,*,#8042,.F.);
#4537=ORIENTED_EDGE('',*,*,#8038,.F.);
#4538=ORIENTED_EDGE('',*,*,#8043,.T.);
#4539=ORIENTED_EDGE('',*,*,#8044,.F.);
#4540=ORIENTED_EDGE('',*,*,#8041,.F.);
#4541=ORIENTED_EDGE('',*,*,#8045,.T.);
#4542=ORIENTED_EDGE('',*,*,#8046,.T.);
#4543=ORIENTED_EDGE('',*,*,#7876,.T.);
#4544=ORIENTED_EDGE('',*,*,#6985,.T.);
#4545=ORIENTED_EDGE('',*,*,#8047,.T.);
#4546=ORIENTED_EDGE('',*,*,#7954,.T.);
#4547=ORIENTED_EDGE('',*,*,#8006,.T.);
#4548=ORIENTED_EDGE('',*,*,#6934,.T.);
#4549=ORIENTED_EDGE('',*,*,#8048,.F.);
#4550=ORIENTED_EDGE('',*,*,#7951,.T.);
#4551=ORIENTED_EDGE('',*,*,#7970,.T.);
#4552=ORIENTED_EDGE('',*,*,#7973,.T.);
#4553=ORIENTED_EDGE('',*,*,#7976,.T.);
#4554=ORIENTED_EDGE('',*,*,#7979,.T.);
#4555=ORIENTED_EDGE('',*,*,#7982,.T.);
#4556=ORIENTED_EDGE('',*,*,#7985,.T.);
#4557=ORIENTED_EDGE('',*,*,#7988,.T.);
#4558=ORIENTED_EDGE('',*,*,#7991,.T.);
#4559=ORIENTED_EDGE('',*,*,#7994,.T.);
#4560=ORIENTED_EDGE('',*,*,#7997,.T.);
#4561=ORIENTED_EDGE('',*,*,#8000,.T.);
#4562=ORIENTED_EDGE('',*,*,#8003,.T.);
#4563=ORIENTED_EDGE('',*,*,#8007,.T.);
#4564=ORIENTED_EDGE('',*,*,#8049,.T.);
#4565=ORIENTED_EDGE('',*,*,#8050,.T.);
#4566=ORIENTED_EDGE('',*,*,#8011,.T.);
#4567=ORIENTED_EDGE('',*,*,#8015,.T.);
#4568=ORIENTED_EDGE('',*,*,#8018,.T.);
#4569=ORIENTED_EDGE('',*,*,#8021,.T.);
#4570=ORIENTED_EDGE('',*,*,#8024,.T.);
#4571=ORIENTED_EDGE('',*,*,#8027,.T.);
#4572=ORIENTED_EDGE('',*,*,#8030,.T.);
#4573=ORIENTED_EDGE('',*,*,#8033,.T.);
#4574=ORIENTED_EDGE('',*,*,#8036,.T.);
#4575=ORIENTED_EDGE('',*,*,#8039,.T.);
#4576=ORIENTED_EDGE('',*,*,#8042,.T.);
#4577=ORIENTED_EDGE('',*,*,#8044,.T.);
#4578=ORIENTED_EDGE('',*,*,#8051,.T.);
#4579=ORIENTED_EDGE('',*,*,#8047,.F.);
#4580=ORIENTED_EDGE('',*,*,#6984,.F.);
#4581=ORIENTED_EDGE('',*,*,#8052,.T.);
#4582=ORIENTED_EDGE('',*,*,#7955,.T.);
#4583=ORIENTED_EDGE('',*,*,#8053,.T.);
#4584=ORIENTED_EDGE('',*,*,#8012,.T.);
#4585=ORIENTED_EDGE('',*,*,#8050,.F.);
#4586=ORIENTED_EDGE('',*,*,#8054,.F.);
#4587=ORIENTED_EDGE('',*,*,#8052,.F.);
#4588=ORIENTED_EDGE('',*,*,#6987,.F.);
#4589=ORIENTED_EDGE('',*,*,#7893,.F.);
#4590=ORIENTED_EDGE('',*,*,#7956,.F.);
#4591=ORIENTED_EDGE('',*,*,#8055,.T.);
#4592=ORIENTED_EDGE('',*,*,#6936,.F.);
#4593=ORIENTED_EDGE('',*,*,#8005,.F.);
#4594=ORIENTED_EDGE('',*,*,#7967,.F.);
#4595=ORIENTED_EDGE('',*,*,#8008,.F.);
#4596=ORIENTED_EDGE('',*,*,#8004,.F.);
#4597=ORIENTED_EDGE('',*,*,#8001,.F.);
#4598=ORIENTED_EDGE('',*,*,#7998,.F.);
#4599=ORIENTED_EDGE('',*,*,#7995,.F.);
#4600=ORIENTED_EDGE('',*,*,#7992,.F.);
#4601=ORIENTED_EDGE('',*,*,#7989,.F.);
#4602=ORIENTED_EDGE('',*,*,#7986,.F.);
#4603=ORIENTED_EDGE('',*,*,#7983,.F.);
#4604=ORIENTED_EDGE('',*,*,#7980,.F.);
#4605=ORIENTED_EDGE('',*,*,#7977,.F.);
#4606=ORIENTED_EDGE('',*,*,#7974,.F.);
#4607=ORIENTED_EDGE('',*,*,#7968,.F.);
#4608=ORIENTED_EDGE('',*,*,#8056,.F.);
#4609=ORIENTED_EDGE('',*,*,#8045,.F.);
#4610=ORIENTED_EDGE('',*,*,#8043,.F.);
#4611=ORIENTED_EDGE('',*,*,#8040,.F.);
#4612=ORIENTED_EDGE('',*,*,#8037,.F.);
#4613=ORIENTED_EDGE('',*,*,#8034,.F.);
#4614=ORIENTED_EDGE('',*,*,#8031,.F.);
#4615=ORIENTED_EDGE('',*,*,#8028,.F.);
#4616=ORIENTED_EDGE('',*,*,#8025,.F.);
#4617=ORIENTED_EDGE('',*,*,#8022,.F.);
#4618=ORIENTED_EDGE('',*,*,#8019,.F.);
#4619=ORIENTED_EDGE('',*,*,#8016,.F.);
#4620=ORIENTED_EDGE('',*,*,#8013,.F.);
#4621=ORIENTED_EDGE('',*,*,#8053,.F.);
#4622=ORIENTED_EDGE('',*,*,#8057,.F.);
#4623=ORIENTED_EDGE('',*,*,#7966,.T.);
#4624=ORIENTED_EDGE('',*,*,#7946,.T.);
#4625=ORIENTED_EDGE('',*,*,#6937,.F.);
#4626=ORIENTED_EDGE('',*,*,#7938,.F.);
#4627=ORIENTED_EDGE('',*,*,#7965,.T.);
#4628=ORIENTED_EDGE('',*,*,#7872,.T.);
#4629=ORIENTED_EDGE('',*,*,#7770,.F.);
#4630=ORIENTED_EDGE('',*,*,#7863,.F.);
#4631=ORIENTED_EDGE('',*,*,#7964,.T.);
#4632=ORIENTED_EDGE('',*,*,#7766,.T.);
#4633=ORIENTED_EDGE('',*,*,#7664,.F.);
#4634=ORIENTED_EDGE('',*,*,#7757,.F.);
#4635=ORIENTED_EDGE('',*,*,#7963,.T.);
#4636=ORIENTED_EDGE('',*,*,#7660,.T.);
#4637=ORIENTED_EDGE('',*,*,#7558,.F.);
#4638=ORIENTED_EDGE('',*,*,#7651,.F.);
#4639=ORIENTED_EDGE('',*,*,#7962,.T.);
#4640=ORIENTED_EDGE('',*,*,#7554,.T.);
#4641=ORIENTED_EDGE('',*,*,#7452,.F.);
#4642=ORIENTED_EDGE('',*,*,#7545,.F.);
#4643=ORIENTED_EDGE('',*,*,#7961,.T.);
#4644=ORIENTED_EDGE('',*,*,#7448,.T.);
#4645=ORIENTED_EDGE('',*,*,#7346,.F.);
#4646=ORIENTED_EDGE('',*,*,#7439,.F.);
#4647=ORIENTED_EDGE('',*,*,#7960,.T.);
#4648=ORIENTED_EDGE('',*,*,#7342,.T.);
#4649=ORIENTED_EDGE('',*,*,#7240,.F.);
#4650=ORIENTED_EDGE('',*,*,#7333,.F.);
#4651=ORIENTED_EDGE('',*,*,#7959,.T.);
#4652=ORIENTED_EDGE('',*,*,#7236,.T.);
#4653=ORIENTED_EDGE('',*,*,#7134,.F.);
#4654=ORIENTED_EDGE('',*,*,#7227,.F.);
#4655=ORIENTED_EDGE('',*,*,#7958,.T.);
#4656=ORIENTED_EDGE('',*,*,#7133,.T.);
#4657=ORIENTED_EDGE('',*,*,#7127,.F.);
#4658=ORIENTED_EDGE('',*,*,#7125,.F.);
#4659=ORIENTED_EDGE('',*,*,#7957,.T.);
#4660=ORIENTED_EDGE('',*,*,#6990,.T.);
#4661=ORIENTED_EDGE('',*,*,#7010,.F.);
#4662=ORIENTED_EDGE('',*,*,#7019,.T.);
#4663=ORIENTED_EDGE('',*,*,#8058,.F.);
#4664=ORIENTED_EDGE('',*,*,#8059,.F.);
#4665=ORIENTED_EDGE('',*,*,#7015,.F.);
#4666=ORIENTED_EDGE('',*,*,#6999,.F.);
#4667=ORIENTED_EDGE('',*,*,#7952,.T.);
#4668=ORIENTED_EDGE('',*,*,#8048,.T.);
#4669=ORIENTED_EDGE('',*,*,#6933,.F.);
#4670=ORIENTED_EDGE('',*,*,#8055,.F.);
#4671=ORIENTED_EDGE('',*,*,#7878,.F.);
#4672=ORIENTED_EDGE('',*,*,#7017,.F.);
#4673=ORIENTED_EDGE('',*,*,#7007,.F.);
#4674=ORIENTED_EDGE('',*,*,#7953,.T.);
#4675=ORIENTED_EDGE('',*,*,#6997,.T.);
#4676=ORIENTED_EDGE('',*,*,#7016,.F.);
#4677=ORIENTED_EDGE('',*,*,#8059,.T.);
#4678=ORIENTED_EDGE('',*,*,#8060,.F.);
#4679=ORIENTED_EDGE('',*,*,#8061,.T.);
#4680=ORIENTED_EDGE('',*,*,#8060,.T.);
#4681=ORIENTED_EDGE('',*,*,#8062,.T.);
#4682=ORIENTED_EDGE('',*,*,#8063,.T.);
#4683=ORIENTED_EDGE('',*,*,#8064,.F.);
#4684=ORIENTED_EDGE('',*,*,#8065,.F.);
#4685=ORIENTED_EDGE('',*,*,#7879,.T.);
#4686=ORIENTED_EDGE('',*,*,#8061,.F.);
#4687=ORIENTED_EDGE('',*,*,#8066,.T.);
#4688=ORIENTED_EDGE('',*,*,#7023,.T.);
#4689=ORIENTED_EDGE('',*,*,#8065,.T.);
#4690=ORIENTED_EDGE('',*,*,#8067,.F.);
#4691=ORIENTED_EDGE('',*,*,#8068,.F.);
#4692=ORIENTED_EDGE('',*,*,#8062,.F.);
#4693=ORIENTED_EDGE('',*,*,#8058,.T.);
#4694=ORIENTED_EDGE('',*,*,#8066,.F.);
#4695=ORIENTED_EDGE('',*,*,#8069,.T.);
#4696=ORIENTED_EDGE('',*,*,#8070,.F.);
#4697=ORIENTED_EDGE('',*,*,#8071,.F.);
#4698=ORIENTED_EDGE('',*,*,#8072,.T.);
#4699=ORIENTED_EDGE('',*,*,#8073,.T.);
#4700=ORIENTED_EDGE('',*,*,#8074,.T.);
#4701=ORIENTED_EDGE('',*,*,#8069,.F.);
#4702=ORIENTED_EDGE('',*,*,#8075,.T.);
#4703=ORIENTED_EDGE('',*,*,#8073,.F.);
#4704=ORIENTED_EDGE('',*,*,#8076,.T.);
#4705=ORIENTED_EDGE('',*,*,#8077,.T.);
#4706=ORIENTED_EDGE('',*,*,#8078,.F.);
#4707=ORIENTED_EDGE('',*,*,#8079,.T.);
#4708=ORIENTED_EDGE('',*,*,#8080,.T.);
#4709=ORIENTED_EDGE('',*,*,#8077,.F.);
#4710=ORIENTED_EDGE('',*,*,#8081,.F.);
#4711=ORIENTED_EDGE('',*,*,#8082,.T.);
#4712=ORIENTED_EDGE('',*,*,#8083,.T.);
#4713=ORIENTED_EDGE('',*,*,#8084,.F.);
#4714=ORIENTED_EDGE('',*,*,#8080,.F.);
#4715=ORIENTED_EDGE('',*,*,#8085,.T.);
#4716=ORIENTED_EDGE('',*,*,#8086,.T.);
#4717=ORIENTED_EDGE('',*,*,#8087,.T.);
#4718=ORIENTED_EDGE('',*,*,#8088,.F.);
#4719=ORIENTED_EDGE('',*,*,#8087,.F.);
#4720=ORIENTED_EDGE('',*,*,#8089,.F.);
#4721=ORIENTED_EDGE('',*,*,#8090,.F.);
#4722=ORIENTED_EDGE('',*,*,#8091,.F.);
#4723=ORIENTED_EDGE('',*,*,#8092,.F.);
#4724=ORIENTED_EDGE('',*,*,#8093,.T.);
#4725=ORIENTED_EDGE('',*,*,#8094,.T.);
#4726=ORIENTED_EDGE('',*,*,#8095,.F.);
#4727=ORIENTED_EDGE('',*,*,#8096,.T.);
#4728=ORIENTED_EDGE('',*,*,#8091,.T.);
#4729=ORIENTED_EDGE('',*,*,#8093,.F.);
#4730=ORIENTED_EDGE('',*,*,#8097,.T.);
#4731=ORIENTED_EDGE('',*,*,#8098,.T.);
#4732=ORIENTED_EDGE('',*,*,#8071,.T.);
#4733=ORIENTED_EDGE('',*,*,#8088,.T.);
#4734=ORIENTED_EDGE('',*,*,#8096,.F.);
#4735=ORIENTED_EDGE('',*,*,#8076,.F.);
#4736=ORIENTED_EDGE('',*,*,#8075,.F.);
#4737=ORIENTED_EDGE('',*,*,#8072,.F.);
#4738=ORIENTED_EDGE('',*,*,#8098,.F.);
#4739=ORIENTED_EDGE('',*,*,#8097,.F.);
#4740=ORIENTED_EDGE('',*,*,#8092,.T.);
#4741=ORIENTED_EDGE('',*,*,#8099,.T.);
#4742=ORIENTED_EDGE('',*,*,#8081,.T.);
#4743=ORIENTED_EDGE('',*,*,#8063,.F.);
#4744=ORIENTED_EDGE('',*,*,#8068,.T.);
#4745=ORIENTED_EDGE('',*,*,#8067,.T.);
#4746=ORIENTED_EDGE('',*,*,#8064,.T.);
#4747=ORIENTED_EDGE('',*,*,#8095,.T.);
#4748=ORIENTED_EDGE('',*,*,#8100,.T.);
#4749=ORIENTED_EDGE('',*,*,#8079,.F.);
#4750=ORIENTED_EDGE('',*,*,#8099,.F.);
#4751=ORIENTED_EDGE('',*,*,#8101,.T.);
#4752=ORIENTED_EDGE('',*,*,#8102,.T.);
#4753=ORIENTED_EDGE('',*,*,#8082,.F.);
#4754=ORIENTED_EDGE('',*,*,#8100,.F.);
#4755=ORIENTED_EDGE('',*,*,#8103,.F.);
#4756=ORIENTED_EDGE('',*,*,#6888,.F.);
#4757=ORIENTED_EDGE('',*,*,#8104,.T.);
#4758=ORIENTED_EDGE('',*,*,#8105,.F.);
#4759=ORIENTED_EDGE('',*,*,#8106,.F.);
#4760=ORIENTED_EDGE('',*,*,#8107,.T.);
#4761=ORIENTED_EDGE('',*,*,#8108,.T.);
#4762=ORIENTED_EDGE('',*,*,#6890,.T.);
#4763=ORIENTED_EDGE('',*,*,#8109,.F.);
#4764=ORIENTED_EDGE('',*,*,#8110,.T.);
#4765=ORIENTED_EDGE('',*,*,#8111,.T.);
#4766=ORIENTED_EDGE('',*,*,#8112,.T.);
#4767=ORIENTED_EDGE('',*,*,#8113,.T.);
#4768=ORIENTED_EDGE('',*,*,#8114,.F.);
#4769=ORIENTED_EDGE('',*,*,#8115,.F.);
#4770=ORIENTED_EDGE('',*,*,#8114,.T.);
#4771=ORIENTED_EDGE('',*,*,#8116,.T.);
#4772=ORIENTED_EDGE('',*,*,#8117,.T.);
#4773=ORIENTED_EDGE('',*,*,#8118,.T.);
#4774=ORIENTED_EDGE('',*,*,#8119,.F.);
#4775=ORIENTED_EDGE('',*,*,#8120,.T.);
#4776=ORIENTED_EDGE('',*,*,#8121,.F.);
#4777=ORIENTED_EDGE('',*,*,#8122,.T.);
#4778=ORIENTED_EDGE('',*,*,#8123,.T.);
#4779=ORIENTED_EDGE('',*,*,#8117,.F.);
#4780=ORIENTED_EDGE('',*,*,#8124,.F.);
#4781=ORIENTED_EDGE('',*,*,#8125,.T.);
#4782=ORIENTED_EDGE('',*,*,#8126,.F.);
#4783=ORIENTED_EDGE('',*,*,#6884,.F.);
#4784=ORIENTED_EDGE('',*,*,#8127,.T.);
#4785=ORIENTED_EDGE('',*,*,#8128,.F.);
#4786=ORIENTED_EDGE('',*,*,#8129,.F.);
#4787=ORIENTED_EDGE('',*,*,#8130,.F.);
#4788=ORIENTED_EDGE('',*,*,#6892,.F.);
#4789=ORIENTED_EDGE('',*,*,#8131,.T.);
#4790=ORIENTED_EDGE('',*,*,#8132,.T.);
#4791=ORIENTED_EDGE('',*,*,#8133,.F.);
#4792=ORIENTED_EDGE('',*,*,#8134,.F.);
#4793=ORIENTED_EDGE('',*,*,#8135,.T.);
#4794=ORIENTED_EDGE('',*,*,#6894,.T.);
#4795=ORIENTED_EDGE('',*,*,#8136,.F.);
#4796=ORIENTED_EDGE('',*,*,#8137,.T.);
#4797=ORIENTED_EDGE('',*,*,#8138,.T.);
#4798=ORIENTED_EDGE('',*,*,#8139,.F.);
#4799=ORIENTED_EDGE('',*,*,#8140,.F.);
#4800=ORIENTED_EDGE('',*,*,#8141,.T.);
#4801=ORIENTED_EDGE('',*,*,#8142,.F.);
#4802=ORIENTED_EDGE('',*,*,#8143,.T.);
#4803=ORIENTED_EDGE('',*,*,#8140,.T.);
#4804=ORIENTED_EDGE('',*,*,#8144,.F.);
#4805=ORIENTED_EDGE('',*,*,#8145,.T.);
#4806=ORIENTED_EDGE('',*,*,#8125,.F.);
#4807=ORIENTED_EDGE('',*,*,#8104,.F.);
#4808=ORIENTED_EDGE('',*,*,#6891,.F.);
#4809=ORIENTED_EDGE('',*,*,#8108,.F.);
#4810=ORIENTED_EDGE('',*,*,#8120,.F.);
#4811=ORIENTED_EDGE('',*,*,#8127,.F.);
#4812=ORIENTED_EDGE('',*,*,#6887,.F.);
#4813=ORIENTED_EDGE('',*,*,#8146,.F.);
#4814=ORIENTED_EDGE('',*,*,#8131,.F.);
#4815=ORIENTED_EDGE('',*,*,#6895,.F.);
#4816=ORIENTED_EDGE('',*,*,#8135,.F.);
#4817=ORIENTED_EDGE('',*,*,#8147,.T.);
#4818=ORIENTED_EDGE('',*,*,#8148,.F.);
#4819=ORIENTED_EDGE('',*,*,#8141,.F.);
#4820=ORIENTED_EDGE('',*,*,#8143,.F.);
#4821=ORIENTED_EDGE('',*,*,#8149,.T.);
#4822=ORIENTED_EDGE('',*,*,#8150,.T.);
#4823=ORIENTED_EDGE('',*,*,#8146,.T.);
#4824=ORIENTED_EDGE('',*,*,#6886,.T.);
#4825=ORIENTED_EDGE('',*,*,#8151,.F.);
#4826=ORIENTED_EDGE('',*,*,#8152,.T.);
#4827=ORIENTED_EDGE('',*,*,#8124,.T.);
#4828=ORIENTED_EDGE('',*,*,#8116,.F.);
#4829=ORIENTED_EDGE('',*,*,#8153,.F.);
#4830=ORIENTED_EDGE('',*,*,#8154,.T.);
#4831=ORIENTED_EDGE('',*,*,#8105,.T.);
#4832=ORIENTED_EDGE('',*,*,#8119,.T.);
#4833=ORIENTED_EDGE('',*,*,#8107,.F.);
#4834=ORIENTED_EDGE('',*,*,#8155,.T.);
#4835=ORIENTED_EDGE('',*,*,#8128,.T.);
#4836=ORIENTED_EDGE('',*,*,#8156,.T.);
#4837=ORIENTED_EDGE('',*,*,#8157,.T.);
#4838=ORIENTED_EDGE('',*,*,#8158,.T.);
#4839=ORIENTED_EDGE('',*,*,#8121,.T.);
#4840=ORIENTED_EDGE('',*,*,#8150,.F.);
#4841=ORIENTED_EDGE('',*,*,#8122,.F.);
#4842=ORIENTED_EDGE('',*,*,#8158,.F.);
#4843=ORIENTED_EDGE('',*,*,#8159,.F.);
#4844=ORIENTED_EDGE('',*,*,#8160,.F.);
#4845=ORIENTED_EDGE('',*,*,#8159,.T.);
#4846=ORIENTED_EDGE('',*,*,#8161,.F.);
#4847=ORIENTED_EDGE('',*,*,#8162,.T.);
#4848=ORIENTED_EDGE('',*,*,#8163,.T.);
#4849=ORIENTED_EDGE('',*,*,#8164,.F.);
#4850=ORIENTED_EDGE('',*,*,#8165,.F.);
#4851=ORIENTED_EDGE('',*,*,#8166,.T.);
#4852=ORIENTED_EDGE('',*,*,#8167,.T.);
#4853=ORIENTED_EDGE('',*,*,#8168,.F.);
#4854=ORIENTED_EDGE('',*,*,#8169,.F.);
#4855=ORIENTED_EDGE('',*,*,#8170,.F.);
#4856=ORIENTED_EDGE('',*,*,#8171,.F.);
#4857=ORIENTED_EDGE('',*,*,#8172,.T.);
#4858=ORIENTED_EDGE('',*,*,#8173,.F.);
#4859=ORIENTED_EDGE('',*,*,#8174,.T.);
#4860=ORIENTED_EDGE('',*,*,#8175,.F.);
#4861=ORIENTED_EDGE('',*,*,#8167,.F.);
#4862=ORIENTED_EDGE('',*,*,#8176,.T.);
#4863=ORIENTED_EDGE('',*,*,#8169,.T.);
#4864=ORIENTED_EDGE('',*,*,#8177,.T.);
#4865=ORIENTED_EDGE('',*,*,#8178,.F.);
#4866=ORIENTED_EDGE('',*,*,#8179,.T.);
#4867=ORIENTED_EDGE('',*,*,#8180,.T.);
#4868=ORIENTED_EDGE('',*,*,#8181,.F.);
#4869=ORIENTED_EDGE('',*,*,#8168,.T.);
#4870=ORIENTED_EDGE('',*,*,#8177,.F.);
#4871=ORIENTED_EDGE('',*,*,#8182,.F.);
#4872=ORIENTED_EDGE('',*,*,#8183,.T.);
#4873=ORIENTED_EDGE('',*,*,#8181,.T.);
#4874=ORIENTED_EDGE('',*,*,#8184,.T.);
#4875=ORIENTED_EDGE('',*,*,#8185,.F.);
#4876=ORIENTED_EDGE('',*,*,#8186,.T.);
#4877=ORIENTED_EDGE('',*,*,#8178,.T.);
#4878=ORIENTED_EDGE('',*,*,#8183,.F.);
#4879=ORIENTED_EDGE('',*,*,#8083,.F.);
#4880=ORIENTED_EDGE('',*,*,#8102,.F.);
#4881=ORIENTED_EDGE('',*,*,#8187,.F.);
#4882=ORIENTED_EDGE('',*,*,#8188,.T.);
#4883=ORIENTED_EDGE('',*,*,#8189,.F.);
#4884=ORIENTED_EDGE('',*,*,#8190,.F.);
#4885=ORIENTED_EDGE('',*,*,#8170,.T.);
#4886=ORIENTED_EDGE('',*,*,#8176,.F.);
#4887=ORIENTED_EDGE('',*,*,#8166,.F.);
#4888=ORIENTED_EDGE('',*,*,#8191,.T.);
#4889=ORIENTED_EDGE('',*,*,#8192,.F.);
#4890=ORIENTED_EDGE('',*,*,#8162,.F.);
#4891=ORIENTED_EDGE('',*,*,#8193,.F.);
#4892=ORIENTED_EDGE('',*,*,#8179,.F.);
#4893=ORIENTED_EDGE('',*,*,#8186,.F.);
#4894=ORIENTED_EDGE('',*,*,#8194,.F.);
#4895=ORIENTED_EDGE('',*,*,#8147,.F.);
#4896=ORIENTED_EDGE('',*,*,#8195,.T.);
#4897=ORIENTED_EDGE('',*,*,#8149,.F.);
#4898=ORIENTED_EDGE('',*,*,#8196,.T.);
#4899=ORIENTED_EDGE('',*,*,#8197,.F.);
#4900=ORIENTED_EDGE('',*,*,#8198,.T.);
#4901=ORIENTED_EDGE('',*,*,#8199,.T.);
#4902=ORIENTED_EDGE('',*,*,#8200,.T.);
#4903=ORIENTED_EDGE('',*,*,#8201,.F.);
#4904=ORIENTED_EDGE('',*,*,#8189,.T.);
#4905=ORIENTED_EDGE('',*,*,#8202,.T.);
#4906=ORIENTED_EDGE('',*,*,#8203,.T.);
#4907=ORIENTED_EDGE('',*,*,#8142,.T.);
#4908=ORIENTED_EDGE('',*,*,#8204,.F.);
#4909=ORIENTED_EDGE('',*,*,#8205,.T.);
#4910=ORIENTED_EDGE('',*,*,#8196,.F.);
#4911=ORIENTED_EDGE('',*,*,#8134,.T.);
#4912=ORIENTED_EDGE('',*,*,#8206,.F.);
#4913=ORIENTED_EDGE('',*,*,#8207,.F.);
#4914=ORIENTED_EDGE('',*,*,#8195,.F.);
#4915=ORIENTED_EDGE('',*,*,#8208,.F.);
#4916=ORIENTED_EDGE('',*,*,#8209,.F.);
#4917=ORIENTED_EDGE('',*,*,#8132,.F.);
#4918=ORIENTED_EDGE('',*,*,#8203,.F.);
#4919=ORIENTED_EDGE('',*,*,#8210,.F.);
#4920=ORIENTED_EDGE('',*,*,#8138,.F.);
#4921=ORIENTED_EDGE('',*,*,#8148,.T.);
#4922=ORIENTED_EDGE('',*,*,#8207,.T.);
#4923=ORIENTED_EDGE('',*,*,#8211,.F.);
#4924=ORIENTED_EDGE('',*,*,#8212,.T.);
#4925=ORIENTED_EDGE('',*,*,#8213,.T.);
#4926=ORIENTED_EDGE('',*,*,#8214,.F.);
#4927=ORIENTED_EDGE('',*,*,#8215,.T.);
#4928=ORIENTED_EDGE('',*,*,#8216,.T.);
#4929=ORIENTED_EDGE('',*,*,#8217,.T.);
#4930=ORIENTED_EDGE('',*,*,#8212,.F.);
#4931=ORIENTED_EDGE('',*,*,#8218,.T.);
#4932=ORIENTED_EDGE('',*,*,#8213,.F.);
#4933=ORIENTED_EDGE('',*,*,#8217,.F.);
#4934=ORIENTED_EDGE('',*,*,#8219,.T.);
#4935=ORIENTED_EDGE('',*,*,#8220,.F.);
#4936=ORIENTED_EDGE('',*,*,#8214,.T.);
#4937=ORIENTED_EDGE('',*,*,#8220,.T.);
#4938=ORIENTED_EDGE('',*,*,#8221,.F.);
#4939=ORIENTED_EDGE('',*,*,#8222,.T.);
#4940=ORIENTED_EDGE('',*,*,#6893,.T.);
#4941=ORIENTED_EDGE('',*,*,#8130,.T.);
#4942=ORIENTED_EDGE('',*,*,#8223,.F.);
#4943=ORIENTED_EDGE('',*,*,#6906,.F.);
#4944=ORIENTED_EDGE('',*,*,#6903,.F.);
#4945=ORIENTED_EDGE('',*,*,#6910,.F.);
#4946=ORIENTED_EDGE('',*,*,#8224,.F.);
#4947=ORIENTED_EDGE('',*,*,#8136,.T.);
#4948=ORIENTED_EDGE('',*,*,#6885,.T.);
#4949=ORIENTED_EDGE('',*,*,#8126,.T.);
#4950=ORIENTED_EDGE('',*,*,#8225,.T.);
#4951=ORIENTED_EDGE('',*,*,#6917,.F.);
#4952=ORIENTED_EDGE('',*,*,#6914,.F.);
#4953=ORIENTED_EDGE('',*,*,#6921,.F.);
#4954=ORIENTED_EDGE('',*,*,#8226,.T.);
#4955=ORIENTED_EDGE('',*,*,#8151,.T.);
#4956=ORIENTED_EDGE('',*,*,#6928,.F.);
#4957=ORIENTED_EDGE('',*,*,#6925,.F.);
#4958=ORIENTED_EDGE('',*,*,#6932,.F.);
#4959=ORIENTED_EDGE('',*,*,#8227,.T.);
#4960=ORIENTED_EDGE('',*,*,#8109,.T.);
#4961=ORIENTED_EDGE('',*,*,#6889,.T.);
#4962=ORIENTED_EDGE('',*,*,#8103,.T.);
#4963=ORIENTED_EDGE('',*,*,#8228,.T.);
#4964=ORIENTED_EDGE('',*,*,#8144,.T.);
#4965=ORIENTED_EDGE('',*,*,#8139,.T.);
#4966=ORIENTED_EDGE('',*,*,#8210,.T.);
#4967=ORIENTED_EDGE('',*,*,#8229,.F.);
#4968=ORIENTED_EDGE('',*,*,#8218,.F.);
#4969=ORIENTED_EDGE('',*,*,#8215,.F.);
#4970=ORIENTED_EDGE('',*,*,#8222,.F.);
#4971=ORIENTED_EDGE('',*,*,#8230,.F.);
#4972=ORIENTED_EDGE('',*,*,#8106,.T.);
#4973=ORIENTED_EDGE('',*,*,#8154,.F.);
#4974=ORIENTED_EDGE('',*,*,#8231,.F.);
#4975=ORIENTED_EDGE('',*,*,#8074,.F.);
#4976=ORIENTED_EDGE('',*,*,#8232,.T.);
#4977=ORIENTED_EDGE('',*,*,#8156,.F.);
#4978=ORIENTED_EDGE('',*,*,#8152,.F.);
#4979=ORIENTED_EDGE('',*,*,#8226,.F.);
#4980=ORIENTED_EDGE('',*,*,#6920,.F.);
#4981=ORIENTED_EDGE('',*,*,#6918,.F.);
#4982=ORIENTED_EDGE('',*,*,#6915,.T.);
#4983=ORIENTED_EDGE('',*,*,#8225,.F.);
#4984=ORIENTED_EDGE('',*,*,#8129,.T.);
#4985=ORIENTED_EDGE('',*,*,#8155,.F.);
#4986=ORIENTED_EDGE('',*,*,#8110,.F.);
#4987=ORIENTED_EDGE('',*,*,#8227,.F.);
#4988=ORIENTED_EDGE('',*,*,#6931,.F.);
#4989=ORIENTED_EDGE('',*,*,#6929,.F.);
#4990=ORIENTED_EDGE('',*,*,#6926,.T.);
#4991=ORIENTED_EDGE('',*,*,#8228,.F.);
#4992=ORIENTED_EDGE('',*,*,#8233,.T.);
#4993=ORIENTED_EDGE('',*,*,#8234,.T.);
#4994=ORIENTED_EDGE('',*,*,#8235,.F.);
#4995=ORIENTED_EDGE('',*,*,#8236,.T.);
#4996=ORIENTED_EDGE('',*,*,#8237,.F.);
#4997=ORIENTED_EDGE('',*,*,#8238,.F.);
#4998=ORIENTED_EDGE('',*,*,#8239,.T.);
#4999=ORIENTED_EDGE('',*,*,#8240,.F.);
#5000=ORIENTED_EDGE('',*,*,#8233,.F.);
#5001=ORIENTED_EDGE('',*,*,#8241,.F.);
#5002=ORIENTED_EDGE('',*,*,#8242,.T.);
#5003=ORIENTED_EDGE('',*,*,#8243,.F.);
#5004=ORIENTED_EDGE('',*,*,#8239,.F.);
#5005=ORIENTED_EDGE('',*,*,#8244,.T.);
#5006=ORIENTED_EDGE('',*,*,#7971,.T.);
#5007=ORIENTED_EDGE('',*,*,#8049,.F.);
#5008=ORIENTED_EDGE('',*,*,#8009,.F.);
#5009=ORIENTED_EDGE('',*,*,#8056,.T.);
#5010=ORIENTED_EDGE('',*,*,#8054,.T.);
#5011=ORIENTED_EDGE('',*,*,#8051,.F.);
#5012=ORIENTED_EDGE('',*,*,#8046,.F.);
#5013=ORIENTED_EDGE('',*,*,#8057,.T.);
#5014=ORIENTED_EDGE('',*,*,#6983,.T.);
#5015=ORIENTED_EDGE('',*,*,#7948,.F.);
#5016=ORIENTED_EDGE('',*,*,#6947,.F.);
#5017=ORIENTED_EDGE('',*,*,#7940,.T.);
#5018=ORIENTED_EDGE('',*,*,#7936,.T.);
#5019=ORIENTED_EDGE('',*,*,#7949,.F.);
#5020=ORIENTED_EDGE('',*,*,#7944,.F.);
#5021=ORIENTED_EDGE('',*,*,#7942,.T.);
#5022=ORIENTED_EDGE('',*,*,#7816,.T.);
#5023=ORIENTED_EDGE('',*,*,#7874,.F.);
#5024=ORIENTED_EDGE('',*,*,#7780,.F.);
#5025=ORIENTED_EDGE('',*,*,#7865,.T.);
#5026=ORIENTED_EDGE('',*,*,#7860,.T.);
#5027=ORIENTED_EDGE('',*,*,#7875,.F.);
#5028=ORIENTED_EDGE('',*,*,#7869,.F.);
#5029=ORIENTED_EDGE('',*,*,#7867,.T.);
#5030=ORIENTED_EDGE('',*,*,#7710,.T.);
#5031=ORIENTED_EDGE('',*,*,#7768,.F.);
#5032=ORIENTED_EDGE('',*,*,#7674,.F.);
#5033=ORIENTED_EDGE('',*,*,#7759,.T.);
#5034=ORIENTED_EDGE('',*,*,#7754,.T.);
#5035=ORIENTED_EDGE('',*,*,#7769,.F.);
#5036=ORIENTED_EDGE('',*,*,#7763,.F.);
#5037=ORIENTED_EDGE('',*,*,#7761,.T.);
#5038=ORIENTED_EDGE('',*,*,#7604,.T.);
#5039=ORIENTED_EDGE('',*,*,#7662,.F.);
#5040=ORIENTED_EDGE('',*,*,#7568,.F.);
#5041=ORIENTED_EDGE('',*,*,#7653,.T.);
#5042=ORIENTED_EDGE('',*,*,#7648,.T.);
#5043=ORIENTED_EDGE('',*,*,#7663,.F.);
#5044=ORIENTED_EDGE('',*,*,#7657,.F.);
#5045=ORIENTED_EDGE('',*,*,#7655,.T.);
#5046=ORIENTED_EDGE('',*,*,#7498,.T.);
#5047=ORIENTED_EDGE('',*,*,#7556,.F.);
#5048=ORIENTED_EDGE('',*,*,#7462,.F.);
#5049=ORIENTED_EDGE('',*,*,#7547,.T.);
#5050=ORIENTED_EDGE('',*,*,#7542,.T.);
#5051=ORIENTED_EDGE('',*,*,#7557,.F.);
#5052=ORIENTED_EDGE('',*,*,#7551,.F.);
#5053=ORIENTED_EDGE('',*,*,#7549,.T.);
#5054=ORIENTED_EDGE('',*,*,#7392,.T.);
#5055=ORIENTED_EDGE('',*,*,#7450,.F.);
#5056=ORIENTED_EDGE('',*,*,#7356,.F.);
#5057=ORIENTED_EDGE('',*,*,#7441,.T.);
#5058=ORIENTED_EDGE('',*,*,#7436,.T.);
#5059=ORIENTED_EDGE('',*,*,#7451,.F.);
#5060=ORIENTED_EDGE('',*,*,#7445,.F.);
#5061=ORIENTED_EDGE('',*,*,#7443,.T.);
#5062=ORIENTED_EDGE('',*,*,#7286,.T.);
#5063=ORIENTED_EDGE('',*,*,#7344,.F.);
#5064=ORIENTED_EDGE('',*,*,#7250,.F.);
#5065=ORIENTED_EDGE('',*,*,#7335,.T.);
#5066=ORIENTED_EDGE('',*,*,#7330,.T.);
#5067=ORIENTED_EDGE('',*,*,#7345,.F.);
#5068=ORIENTED_EDGE('',*,*,#7339,.F.);
#5069=ORIENTED_EDGE('',*,*,#7337,.T.);
#5070=ORIENTED_EDGE('',*,*,#7180,.T.);
#5071=ORIENTED_EDGE('',*,*,#7238,.F.);
#5072=ORIENTED_EDGE('',*,*,#7144,.F.);
#5073=ORIENTED_EDGE('',*,*,#7229,.T.);
#5074=ORIENTED_EDGE('',*,*,#7224,.T.);
#5075=ORIENTED_EDGE('',*,*,#7239,.F.);
#5076=ORIENTED_EDGE('',*,*,#7233,.F.);
#5077=ORIENTED_EDGE('',*,*,#7231,.T.);
#5078=ORIENTED_EDGE('',*,*,#7131,.T.);
#5079=ORIENTED_EDGE('',*,*,#7116,.F.);
#5080=ORIENTED_EDGE('',*,*,#7122,.F.);
#5081=ORIENTED_EDGE('',*,*,#7077,.T.);
#5082=ORIENTED_EDGE('',*,*,#7074,.T.);
#5083=ORIENTED_EDGE('',*,*,#7130,.T.);
#5084=ORIENTED_EDGE('',*,*,#7035,.F.);
#5085=ORIENTED_EDGE('',*,*,#7121,.F.);
#5086=ORIENTED_EDGE('',*,*,#8245,.T.);
#5087=ORIENTED_EDGE('',*,*,#8246,.T.);
#5088=ORIENTED_EDGE('',*,*,#8247,.F.);
#5089=ORIENTED_EDGE('',*,*,#8248,.T.);
#5090=ORIENTED_EDGE('',*,*,#8249,.T.);
#5091=ORIENTED_EDGE('',*,*,#8250,.T.);
#5092=ORIENTED_EDGE('',*,*,#6897,.T.);
#5093=ORIENTED_EDGE('',*,*,#8251,.T.);
#5094=ORIENTED_EDGE('',*,*,#8234,.F.);
#5095=ORIENTED_EDGE('',*,*,#8240,.T.);
#5096=ORIENTED_EDGE('',*,*,#8243,.T.);
#5097=ORIENTED_EDGE('',*,*,#8252,.F.);
#5098=ORIENTED_EDGE('',*,*,#8137,.F.);
#5099=ORIENTED_EDGE('',*,*,#8224,.T.);
#5100=ORIENTED_EDGE('',*,*,#6909,.F.);
#5101=ORIENTED_EDGE('',*,*,#6907,.F.);
#5102=ORIENTED_EDGE('',*,*,#6904,.T.);
#5103=ORIENTED_EDGE('',*,*,#8223,.T.);
#5104=ORIENTED_EDGE('',*,*,#8133,.T.);
#5105=ORIENTED_EDGE('',*,*,#8209,.T.);
#5106=ORIENTED_EDGE('',*,*,#8253,.T.);
#5107=ORIENTED_EDGE('',*,*,#8187,.T.);
#5108=ORIENTED_EDGE('',*,*,#8101,.F.);
#5109=ORIENTED_EDGE('',*,*,#8094,.F.);
#5110=ORIENTED_EDGE('',*,*,#8090,.T.);
#5111=ORIENTED_EDGE('',*,*,#8254,.F.);
#5112=ORIENTED_EDGE('',*,*,#8255,.F.);
#5113=ORIENTED_EDGE('',*,*,#8204,.T.);
#5114=ORIENTED_EDGE('',*,*,#8145,.F.);
#5115=ORIENTED_EDGE('',*,*,#8230,.T.);
#5116=ORIENTED_EDGE('',*,*,#8221,.T.);
#5117=ORIENTED_EDGE('',*,*,#8219,.F.);
#5118=ORIENTED_EDGE('',*,*,#8216,.F.);
#5119=ORIENTED_EDGE('',*,*,#8229,.T.);
#5120=ORIENTED_EDGE('',*,*,#8211,.T.);
#5121=ORIENTED_EDGE('',*,*,#8206,.T.);
#5122=ORIENTED_EDGE('',*,*,#8256,.T.);
#5123=ORIENTED_EDGE('',*,*,#8247,.T.);
#5124=ORIENTED_EDGE('',*,*,#8257,.F.);
#5125=ORIENTED_EDGE('',*,*,#8258,.F.);
#5126=ORIENTED_EDGE('',*,*,#8259,.F.);
#5127=ORIENTED_EDGE('',*,*,#8260,.F.);
#5128=ORIENTED_EDGE('',*,*,#8261,.T.);
#5129=ORIENTED_EDGE('',*,*,#8248,.F.);
#5130=ORIENTED_EDGE('',*,*,#8256,.F.);
#5131=ORIENTED_EDGE('',*,*,#8262,.F.);
#5132=ORIENTED_EDGE('',*,*,#8263,.F.);
#5133=ORIENTED_EDGE('',*,*,#8249,.F.);
#5134=ORIENTED_EDGE('',*,*,#8261,.F.);
#5135=ORIENTED_EDGE('',*,*,#8264,.T.);
#5136=ORIENTED_EDGE('',*,*,#8265,.T.);
#5137=ORIENTED_EDGE('',*,*,#8266,.F.);
#5138=ORIENTED_EDGE('',*,*,#8267,.T.);
#5139=ORIENTED_EDGE('',*,*,#8268,.T.);
#5140=ORIENTED_EDGE('',*,*,#8269,.T.);
#5141=ORIENTED_EDGE('',*,*,#8270,.T.);
#5142=ORIENTED_EDGE('',*,*,#8271,.T.);
#5143=ORIENTED_EDGE('',*,*,#8272,.F.);
#5144=ORIENTED_EDGE('',*,*,#6898,.F.);
#5145=ORIENTED_EDGE('',*,*,#8250,.F.);
#5146=ORIENTED_EDGE('',*,*,#8263,.T.);
#5147=ORIENTED_EDGE('',*,*,#8273,.F.);
#5148=ORIENTED_EDGE('',*,*,#8274,.F.);
#5149=ORIENTED_EDGE('',*,*,#8275,.F.);
#5150=ORIENTED_EDGE('',*,*,#8268,.F.);
#5151=ORIENTED_EDGE('',*,*,#8276,.F.);
#5152=ORIENTED_EDGE('',*,*,#8277,.F.);
#5153=ORIENTED_EDGE('',*,*,#8278,.T.);
#5154=ORIENTED_EDGE('',*,*,#8279,.F.);
#5155=ORIENTED_EDGE('',*,*,#8274,.T.);
#5156=ORIENTED_EDGE('',*,*,#8280,.F.);
#5157=ORIENTED_EDGE('',*,*,#8281,.F.);
#5158=ORIENTED_EDGE('',*,*,#8282,.F.);
#5159=ORIENTED_EDGE('',*,*,#8283,.F.);
#5160=ORIENTED_EDGE('',*,*,#8252,.T.);
#5161=ORIENTED_EDGE('',*,*,#8242,.F.);
#5162=ORIENTED_EDGE('',*,*,#8284,.T.);
#5163=ORIENTED_EDGE('',*,*,#8272,.T.);
#5164=ORIENTED_EDGE('',*,*,#8285,.T.);
#5165=ORIENTED_EDGE('',*,*,#8283,.T.);
#5166=ORIENTED_EDGE('',*,*,#8286,.T.);
#5167=ORIENTED_EDGE('',*,*,#8287,.T.);
#5168=ORIENTED_EDGE('',*,*,#8288,.T.);
#5169=ORIENTED_EDGE('',*,*,#8245,.F.);
#5170=ORIENTED_EDGE('',*,*,#8287,.F.);
#5171=ORIENTED_EDGE('',*,*,#8289,.T.);
#5172=ORIENTED_EDGE('',*,*,#8290,.F.);
#5173=ORIENTED_EDGE('',*,*,#8291,.F.);
#5174=ORIENTED_EDGE('',*,*,#8277,.T.);
#5175=ORIENTED_EDGE('',*,*,#8273,.T.);
#5176=ORIENTED_EDGE('',*,*,#8264,.F.);
#5177=ORIENTED_EDGE('',*,*,#8260,.T.);
#5178=ORIENTED_EDGE('',*,*,#8292,.T.);
#5179=ORIENTED_EDGE('',*,*,#8293,.T.);
#5180=ORIENTED_EDGE('',*,*,#8269,.F.);
#5181=ORIENTED_EDGE('',*,*,#8284,.F.);
#5182=ORIENTED_EDGE('',*,*,#8244,.F.);
#5183=ORIENTED_EDGE('',*,*,#8238,.T.);
#5184=ORIENTED_EDGE('',*,*,#6899,.F.);
#5185=ORIENTED_EDGE('',*,*,#8276,.T.);
#5186=ORIENTED_EDGE('',*,*,#8267,.F.);
#5187=ORIENTED_EDGE('',*,*,#8294,.F.);
#5188=ORIENTED_EDGE('',*,*,#8295,.T.);
#5189=ORIENTED_EDGE('',*,*,#8296,.T.);
#5190=ORIENTED_EDGE('',*,*,#8297,.T.);
#5191=ORIENTED_EDGE('',*,*,#8286,.F.);
#5192=ORIENTED_EDGE('',*,*,#8282,.T.);
#5193=ORIENTED_EDGE('',*,*,#8298,.T.);
#5194=ORIENTED_EDGE('',*,*,#8299,.F.);
#5195=ORIENTED_EDGE('',*,*,#8300,.T.);
#5196=ORIENTED_EDGE('',*,*,#8289,.F.);
#5197=ORIENTED_EDGE('',*,*,#8111,.F.);
#5198=ORIENTED_EDGE('',*,*,#8301,.T.);
#5199=ORIENTED_EDGE('',*,*,#8302,.F.);
#5200=ORIENTED_EDGE('',*,*,#8295,.F.);
#5201=ORIENTED_EDGE('',*,*,#8303,.F.);
#5202=ORIENTED_EDGE('',*,*,#8304,.T.);
#5203=ORIENTED_EDGE('',*,*,#8305,.F.);
#5204=ORIENTED_EDGE('',*,*,#8306,.T.);
#5205=ORIENTED_EDGE('',*,*,#8307,.T.);
#5206=ORIENTED_EDGE('',*,*,#8308,.F.);
#5207=ORIENTED_EDGE('',*,*,#8309,.F.);
#5208=ORIENTED_EDGE('',*,*,#8310,.T.);
#5209=ORIENTED_EDGE('',*,*,#8311,.T.);
#5210=ORIENTED_EDGE('',*,*,#8312,.F.);
#5211=ORIENTED_EDGE('',*,*,#8311,.F.);
#5212=ORIENTED_EDGE('',*,*,#8313,.T.);
#5213=ORIENTED_EDGE('',*,*,#8314,.T.);
#5214=ORIENTED_EDGE('',*,*,#8315,.F.);
#5215=ORIENTED_EDGE('',*,*,#8316,.T.);
#5216=ORIENTED_EDGE('',*,*,#8308,.T.);
#5217=ORIENTED_EDGE('',*,*,#8317,.T.);
#5218=ORIENTED_EDGE('',*,*,#8312,.T.);
#5219=ORIENTED_EDGE('',*,*,#8315,.T.);
#5220=ORIENTED_EDGE('',*,*,#8318,.F.);
#5221=ORIENTED_EDGE('',*,*,#8319,.F.);
#5222=ORIENTED_EDGE('',*,*,#8320,.T.);
#5223=ORIENTED_EDGE('',*,*,#8305,.T.);
#5224=ORIENTED_EDGE('',*,*,#8316,.F.);
#5225=ORIENTED_EDGE('',*,*,#8321,.T.);
#5226=ORIENTED_EDGE('',*,*,#8198,.F.);
#5227=ORIENTED_EDGE('',*,*,#8322,.F.);
#5228=ORIENTED_EDGE('',*,*,#8254,.T.);
#5229=ORIENTED_EDGE('',*,*,#8089,.T.);
#5230=ORIENTED_EDGE('',*,*,#8086,.F.);
#5231=ORIENTED_EDGE('',*,*,#8323,.T.);
#5232=ORIENTED_EDGE('',*,*,#8313,.F.);
#5233=ORIENTED_EDGE('',*,*,#8310,.F.);
#5234=ORIENTED_EDGE('',*,*,#8324,.F.);
#5235=ORIENTED_EDGE('',*,*,#8325,.T.);
#5236=ORIENTED_EDGE('',*,*,#8112,.F.);
#5237=ORIENTED_EDGE('',*,*,#8304,.F.);
#5238=ORIENTED_EDGE('',*,*,#8326,.T.);
#5239=ORIENTED_EDGE('',*,*,#8327,.T.);
#5240=ORIENTED_EDGE('',*,*,#8306,.F.);
#5241=ORIENTED_EDGE('',*,*,#8320,.F.);
#5242=ORIENTED_EDGE('',*,*,#8326,.F.);
#5243=ORIENTED_EDGE('',*,*,#8303,.T.);
#5244=ORIENTED_EDGE('',*,*,#8294,.T.);
#5245=ORIENTED_EDGE('',*,*,#8266,.T.);
#5246=ORIENTED_EDGE('',*,*,#8328,.T.);
#5247=ORIENTED_EDGE('',*,*,#8329,.F.);
#5248=ORIENTED_EDGE('',*,*,#8330,.T.);
#5249=ORIENTED_EDGE('',*,*,#8278,.F.);
#5250=ORIENTED_EDGE('',*,*,#8291,.T.);
#5251=ORIENTED_EDGE('',*,*,#8331,.F.);
#5252=ORIENTED_EDGE('',*,*,#8332,.T.);
#5253=ORIENTED_EDGE('',*,*,#8199,.F.);
#5254=ORIENTED_EDGE('',*,*,#8321,.F.);
#5255=ORIENTED_EDGE('',*,*,#8333,.T.);
#5256=ORIENTED_EDGE('',*,*,#8307,.F.);
#5257=ORIENTED_EDGE('',*,*,#8327,.F.);
#5258=ORIENTED_EDGE('',*,*,#8329,.T.);
#5259=ORIENTED_EDGE('',*,*,#8334,.T.);
#5260=ORIENTED_EDGE('',*,*,#8335,.F.);
#5261=ORIENTED_EDGE('',*,*,#8336,.T.);
#5262=ORIENTED_EDGE('',*,*,#8337,.F.);
#5263=ORIENTED_EDGE('',*,*,#8317,.F.);
#5264=ORIENTED_EDGE('',*,*,#8337,.T.);
#5265=ORIENTED_EDGE('',*,*,#8338,.T.);
#5266=ORIENTED_EDGE('',*,*,#8339,.F.);
#5267=ORIENTED_EDGE('',*,*,#8340,.F.);
#5268=ORIENTED_EDGE('',*,*,#8341,.T.);
#5269=ORIENTED_EDGE('',*,*,#8342,.F.);
#5270=ORIENTED_EDGE('',*,*,#8333,.F.);
#5271=ORIENTED_EDGE('',*,*,#8324,.T.);
#5272=ORIENTED_EDGE('',*,*,#8309,.T.);
#5273=ORIENTED_EDGE('',*,*,#8339,.T.);
#5274=ORIENTED_EDGE('',*,*,#8343,.T.);
#5275=ORIENTED_EDGE('',*,*,#8344,.F.);
#5276=ORIENTED_EDGE('',*,*,#8345,.T.);
#5277=ORIENTED_EDGE('',*,*,#8346,.T.);
#5278=ORIENTED_EDGE('',*,*,#8345,.F.);
#5279=ORIENTED_EDGE('',*,*,#8344,.T.);
#5280=ORIENTED_EDGE('',*,*,#8347,.F.);
#5281=ORIENTED_EDGE('',*,*,#8346,.F.);
#5282=ORIENTED_EDGE('',*,*,#8348,.T.);
#5283=ORIENTED_EDGE('',*,*,#8349,.T.);
#5284=ORIENTED_EDGE('',*,*,#8348,.F.);
#5285=ORIENTED_EDGE('',*,*,#8343,.F.);
#5286=ORIENTED_EDGE('',*,*,#8347,.T.);
#5287=ORIENTED_EDGE('',*,*,#8350,.T.);
#5288=ORIENTED_EDGE('',*,*,#8351,.F.);
#5289=ORIENTED_EDGE('',*,*,#8352,.T.);
#5290=ORIENTED_EDGE('',*,*,#8353,.T.);
#5291=ORIENTED_EDGE('',*,*,#8354,.F.);
#5292=ORIENTED_EDGE('',*,*,#8355,.T.);
#5293=ORIENTED_EDGE('',*,*,#8354,.T.);
#5294=ORIENTED_EDGE('',*,*,#8353,.F.);
#5295=ORIENTED_EDGE('',*,*,#8356,.T.);
#5296=ORIENTED_EDGE('',*,*,#8351,.T.);
#5297=ORIENTED_EDGE('',*,*,#8355,.F.);
#5298=ORIENTED_EDGE('',*,*,#8357,.F.);
#5299=ORIENTED_EDGE('',*,*,#8356,.F.);
#5300=ORIENTED_EDGE('',*,*,#8358,.T.);
#5301=ORIENTED_EDGE('',*,*,#8359,.T.);
#5302=ORIENTED_EDGE('',*,*,#8358,.F.);
#5303=ORIENTED_EDGE('',*,*,#8352,.F.);
#5304=ORIENTED_EDGE('',*,*,#8357,.T.);
#5305=ORIENTED_EDGE('',*,*,#8360,.T.);
#5306=ORIENTED_EDGE('',*,*,#8349,.F.);
#5307=ORIENTED_EDGE('',*,*,#8350,.F.);
#5308=ORIENTED_EDGE('',*,*,#8361,.T.);
#5309=ORIENTED_EDGE('',*,*,#8172,.F.);
#5310=ORIENTED_EDGE('',*,*,#8362,.T.);
#5311=ORIENTED_EDGE('',*,*,#8280,.T.);
#5312=ORIENTED_EDGE('',*,*,#8285,.F.);
#5313=ORIENTED_EDGE('',*,*,#8271,.F.);
#5314=ORIENTED_EDGE('',*,*,#8363,.T.);
#5315=ORIENTED_EDGE('',*,*,#8364,.T.);
#5316=ORIENTED_EDGE('',*,*,#8359,.F.);
#5317=ORIENTED_EDGE('',*,*,#8360,.F.);
#5318=ORIENTED_EDGE('',*,*,#8365,.T.);
#5319=ORIENTED_EDGE('',*,*,#8334,.F.);
#5320=ORIENTED_EDGE('',*,*,#8328,.F.);
#5321=ORIENTED_EDGE('',*,*,#8265,.F.);
#5322=ORIENTED_EDGE('',*,*,#8275,.T.);
#5323=ORIENTED_EDGE('',*,*,#8279,.T.);
#5324=ORIENTED_EDGE('',*,*,#8330,.F.);
#5325=ORIENTED_EDGE('',*,*,#8342,.T.);
#5326=ORIENTED_EDGE('',*,*,#8084,.T.);
#5327=ORIENTED_EDGE('',*,*,#8191,.F.);
#5328=ORIENTED_EDGE('',*,*,#8165,.T.);
#5329=ORIENTED_EDGE('',*,*,#8184,.F.);
#5330=ORIENTED_EDGE('',*,*,#8180,.F.);
#5331=ORIENTED_EDGE('',*,*,#8193,.T.);
#5332=ORIENTED_EDGE('',*,*,#8161,.T.);
#5333=ORIENTED_EDGE('',*,*,#8157,.F.);
#5334=ORIENTED_EDGE('',*,*,#8232,.F.);
#5335=ORIENTED_EDGE('',*,*,#8078,.T.);
#5336=ORIENTED_EDGE('',*,*,#8202,.F.);
#5337=ORIENTED_EDGE('',*,*,#8188,.F.);
#5338=ORIENTED_EDGE('',*,*,#8253,.F.);
#5339=ORIENTED_EDGE('',*,*,#8208,.T.);
#5340=ORIENTED_EDGE('',*,*,#8366,.T.);
#5341=ORIENTED_EDGE('',*,*,#8367,.T.);
#5342=ORIENTED_EDGE('',*,*,#8368,.T.);
#5343=ORIENTED_EDGE('',*,*,#8173,.T.);
#5344=ORIENTED_EDGE('',*,*,#8361,.F.);
#5345=ORIENTED_EDGE('',*,*,#8369,.F.);
#5346=ORIENTED_EDGE('',*,*,#8370,.T.);
#5347=ORIENTED_EDGE('',*,*,#8371,.F.);
#5348=ORIENTED_EDGE('',*,*,#8372,.T.);
#5349=ORIENTED_EDGE('',*,*,#8373,.T.);
#5350=ORIENTED_EDGE('',*,*,#8374,.F.);
#5351=ORIENTED_EDGE('',*,*,#8375,.F.);
#5352=ORIENTED_EDGE('',*,*,#8376,.T.);
#5353=ORIENTED_EDGE('',*,*,#8377,.T.);
#5354=ORIENTED_EDGE('',*,*,#8378,.F.);
#5355=ORIENTED_EDGE('',*,*,#8379,.F.);
#5356=ORIENTED_EDGE('',*,*,#8380,.T.);
#5357=ORIENTED_EDGE('',*,*,#8372,.F.);
#5358=ORIENTED_EDGE('',*,*,#8381,.F.);
#5359=ORIENTED_EDGE('',*,*,#8382,.T.);
#5360=ORIENTED_EDGE('',*,*,#8383,.F.);
#5361=ORIENTED_EDGE('',*,*,#8378,.T.);
#5362=ORIENTED_EDGE('',*,*,#8384,.T.);
#5363=ORIENTED_EDGE('',*,*,#8385,.F.);
#5364=ORIENTED_EDGE('',*,*,#8386,.T.);
#5365=ORIENTED_EDGE('',*,*,#8387,.F.);
#5366=ORIENTED_EDGE('',*,*,#8388,.F.);
#5367=ORIENTED_EDGE('',*,*,#8389,.T.);
#5368=ORIENTED_EDGE('',*,*,#8390,.F.);
#5369=ORIENTED_EDGE('',*,*,#8391,.F.);
#5370=ORIENTED_EDGE('',*,*,#8392,.F.);
#5371=ORIENTED_EDGE('',*,*,#8393,.T.);
#5372=ORIENTED_EDGE('',*,*,#8388,.T.);
#5373=ORIENTED_EDGE('',*,*,#8394,.F.);
#5374=ORIENTED_EDGE('',*,*,#8395,.F.);
#5375=ORIENTED_EDGE('',*,*,#8396,.T.);
#5376=ORIENTED_EDGE('',*,*,#8397,.F.);
#5377=ORIENTED_EDGE('',*,*,#8398,.T.);
#5378=ORIENTED_EDGE('',*,*,#8390,.T.);
#5379=ORIENTED_EDGE('',*,*,#8399,.F.);
#5380=ORIENTED_EDGE('',*,*,#8400,.T.);
#5381=ORIENTED_EDGE('',*,*,#8401,.F.);
#5382=ORIENTED_EDGE('',*,*,#8402,.F.);
#5383=ORIENTED_EDGE('',*,*,#8403,.T.);
#5384=ORIENTED_EDGE('',*,*,#8404,.T.);
#5385=ORIENTED_EDGE('',*,*,#8405,.F.);
#5386=ORIENTED_EDGE('',*,*,#8397,.T.);
#5387=ORIENTED_EDGE('',*,*,#8406,.T.);
#5388=ORIENTED_EDGE('',*,*,#8402,.T.);
#5389=ORIENTED_EDGE('',*,*,#8407,.F.);
#5390=ORIENTED_EDGE('',*,*,#8408,.F.);
#5391=ORIENTED_EDGE('',*,*,#8409,.T.);
#5392=ORIENTED_EDGE('',*,*,#8408,.T.);
#5393=ORIENTED_EDGE('',*,*,#8410,.F.);
#5394=ORIENTED_EDGE('',*,*,#8411,.F.);
#5395=ORIENTED_EDGE('',*,*,#8412,.T.);
#5396=ORIENTED_EDGE('',*,*,#8411,.T.);
#5397=ORIENTED_EDGE('',*,*,#8413,.F.);
#5398=ORIENTED_EDGE('',*,*,#8414,.F.);
#5399=ORIENTED_EDGE('',*,*,#8415,.T.);
#5400=ORIENTED_EDGE('',*,*,#8416,.F.);
#5401=ORIENTED_EDGE('',*,*,#8417,.T.);
#5402=ORIENTED_EDGE('',*,*,#8418,.F.);
#5403=ORIENTED_EDGE('',*,*,#8419,.T.);
#5404=ORIENTED_EDGE('',*,*,#8414,.T.);
#5405=ORIENTED_EDGE('',*,*,#8420,.F.);
#5406=ORIENTED_EDGE('',*,*,#8421,.F.);
#5407=ORIENTED_EDGE('',*,*,#8422,.F.);
#5408=ORIENTED_EDGE('',*,*,#8423,.F.);
#5409=ORIENTED_EDGE('',*,*,#8382,.F.);
#5410=ORIENTED_EDGE('',*,*,#8424,.F.);
#5411=ORIENTED_EDGE('',*,*,#8425,.F.);
#5412=ORIENTED_EDGE('',*,*,#8426,.F.);
#5413=ORIENTED_EDGE('',*,*,#8391,.T.);
#5414=ORIENTED_EDGE('',*,*,#8398,.F.);
#5415=ORIENTED_EDGE('',*,*,#8405,.T.);
#5416=ORIENTED_EDGE('',*,*,#8427,.F.);
#5417=ORIENTED_EDGE('',*,*,#8417,.F.);
#5418=ORIENTED_EDGE('',*,*,#8428,.F.);
#5419=ORIENTED_EDGE('',*,*,#8429,.T.);
#5420=ORIENTED_EDGE('',*,*,#8430,.T.);
#5421=ORIENTED_EDGE('',*,*,#8431,.F.);
#5422=ORIENTED_EDGE('',*,*,#8366,.F.);
#5423=ORIENTED_EDGE('',*,*,#8432,.T.);
#5424=ORIENTED_EDGE('',*,*,#8433,.T.);
#5425=ORIENTED_EDGE('',*,*,#8425,.T.);
#5426=ORIENTED_EDGE('',*,*,#8434,.T.);
#5427=ORIENTED_EDGE('',*,*,#8435,.F.);
#5428=ORIENTED_EDGE('',*,*,#8436,.T.);
#5429=ORIENTED_EDGE('',*,*,#8437,.F.);
#5430=ORIENTED_EDGE('',*,*,#8438,.F.);
#5431=ORIENTED_EDGE('',*,*,#8439,.T.);
#5432=ORIENTED_EDGE('',*,*,#8440,.T.);
#5433=ORIENTED_EDGE('',*,*,#8441,.F.);
#5434=ORIENTED_EDGE('',*,*,#8436,.F.);
#5435=ORIENTED_EDGE('',*,*,#8442,.T.);
#5436=ORIENTED_EDGE('',*,*,#8443,.T.);
#5437=ORIENTED_EDGE('',*,*,#8444,.F.);
#5438=ORIENTED_EDGE('',*,*,#8440,.F.);
#5439=ORIENTED_EDGE('',*,*,#8445,.T.);
#5440=ORIENTED_EDGE('',*,*,#8420,.T.);
#5441=ORIENTED_EDGE('',*,*,#8413,.T.);
#5442=ORIENTED_EDGE('',*,*,#8410,.T.);
#5443=ORIENTED_EDGE('',*,*,#8407,.T.);
#5444=ORIENTED_EDGE('',*,*,#8401,.T.);
#5445=ORIENTED_EDGE('',*,*,#8446,.T.);
#5446=ORIENTED_EDGE('',*,*,#8394,.T.);
#5447=ORIENTED_EDGE('',*,*,#8387,.T.);
#5448=ORIENTED_EDGE('',*,*,#8447,.F.);
#5449=ORIENTED_EDGE('',*,*,#8367,.F.);
#5450=ORIENTED_EDGE('',*,*,#8431,.T.);
#5451=ORIENTED_EDGE('',*,*,#8448,.T.);
#5452=ORIENTED_EDGE('',*,*,#8449,.T.);
#5453=ORIENTED_EDGE('',*,*,#8450,.T.);
#5454=ORIENTED_EDGE('',*,*,#8451,.F.);
#5455=ORIENTED_EDGE('',*,*,#8452,.T.);
#5456=ORIENTED_EDGE('',*,*,#8453,.T.);
#5457=ORIENTED_EDGE('',*,*,#8454,.T.);
#5458=ORIENTED_EDGE('',*,*,#8455,.T.);
#5459=ORIENTED_EDGE('',*,*,#8437,.T.);
#5460=ORIENTED_EDGE('',*,*,#8441,.T.);
#5461=ORIENTED_EDGE('',*,*,#8444,.T.);
#5462=ORIENTED_EDGE('',*,*,#8456,.T.);
#5463=ORIENTED_EDGE('',*,*,#8457,.F.);
#5464=ORIENTED_EDGE('',*,*,#8231,.T.);
#5465=ORIENTED_EDGE('',*,*,#8153,.T.);
#5466=ORIENTED_EDGE('',*,*,#8113,.F.);
#5467=ORIENTED_EDGE('',*,*,#8325,.F.);
#5468=ORIENTED_EDGE('',*,*,#8319,.T.);
#5469=ORIENTED_EDGE('',*,*,#8318,.T.);
#5470=ORIENTED_EDGE('',*,*,#8314,.F.);
#5471=ORIENTED_EDGE('',*,*,#8323,.F.);
#5472=ORIENTED_EDGE('',*,*,#8085,.F.);
#5473=ORIENTED_EDGE('',*,*,#8070,.T.);
#5474=ORIENTED_EDGE('',*,*,#8255,.T.);
#5475=ORIENTED_EDGE('',*,*,#8322,.T.);
#5476=ORIENTED_EDGE('',*,*,#8197,.T.);
#5477=ORIENTED_EDGE('',*,*,#8205,.F.);
#5478=ORIENTED_EDGE('',*,*,#8458,.F.);
#5479=ORIENTED_EDGE('',*,*,#8335,.T.);
#5480=ORIENTED_EDGE('',*,*,#8365,.F.);
#5481=ORIENTED_EDGE('',*,*,#8341,.F.);
#5482=ORIENTED_EDGE('',*,*,#8459,.F.);
#5483=ORIENTED_EDGE('',*,*,#8450,.F.);
#5484=ORIENTED_EDGE('',*,*,#8460,.F.);
#5485=ORIENTED_EDGE('',*,*,#8461,.T.);
#5486=ORIENTED_EDGE('',*,*,#8462,.T.);
#5487=ORIENTED_EDGE('',*,*,#8451,.T.);
#5488=ORIENTED_EDGE('',*,*,#8459,.T.);
#5489=ORIENTED_EDGE('',*,*,#8340,.T.);
#5490=ORIENTED_EDGE('',*,*,#8338,.F.);
#5491=ORIENTED_EDGE('',*,*,#8336,.F.);
#5492=ORIENTED_EDGE('',*,*,#8458,.T.);
#5493=ORIENTED_EDGE('',*,*,#8463,.F.);
#5494=ORIENTED_EDGE('',*,*,#8464,.T.);
#5495=ORIENTED_EDGE('',*,*,#8452,.F.);
#5496=ORIENTED_EDGE('',*,*,#8462,.F.);
#5497=ORIENTED_EDGE('',*,*,#8465,.T.);
#5498=ORIENTED_EDGE('',*,*,#8466,.T.);
#5499=ORIENTED_EDGE('',*,*,#8467,.T.);
#5500=ORIENTED_EDGE('',*,*,#8453,.F.);
#5501=ORIENTED_EDGE('',*,*,#8464,.F.);
#5502=ORIENTED_EDGE('',*,*,#8468,.T.);
#5503=ORIENTED_EDGE('',*,*,#8469,.T.);
#5504=ORIENTED_EDGE('',*,*,#8470,.F.);
#5505=ORIENTED_EDGE('',*,*,#8471,.T.);
#5506=ORIENTED_EDGE('',*,*,#8472,.F.);
#5507=ORIENTED_EDGE('',*,*,#8471,.F.);
#5508=ORIENTED_EDGE('',*,*,#8473,.T.);
#5509=ORIENTED_EDGE('',*,*,#8474,.T.);
#5510=ORIENTED_EDGE('',*,*,#8475,.F.);
#5511=ORIENTED_EDGE('',*,*,#8476,.F.);
#5512=ORIENTED_EDGE('',*,*,#8477,.T.);
#5513=ORIENTED_EDGE('',*,*,#8438,.T.);
#5514=ORIENTED_EDGE('',*,*,#8455,.F.);
#5515=ORIENTED_EDGE('',*,*,#8478,.F.);
#5516=ORIENTED_EDGE('',*,*,#8479,.T.);
#5517=ORIENTED_EDGE('',*,*,#8474,.F.);
#5518=ORIENTED_EDGE('',*,*,#8480,.T.);
#5519=ORIENTED_EDGE('',*,*,#8481,.T.);
#5520=ORIENTED_EDGE('',*,*,#8482,.F.);
#5521=ORIENTED_EDGE('',*,*,#8483,.F.);
#5522=ORIENTED_EDGE('',*,*,#8484,.T.);
#5523=ORIENTED_EDGE('',*,*,#8485,.T.);
#5524=ORIENTED_EDGE('',*,*,#8486,.F.);
#5525=ORIENTED_EDGE('',*,*,#8487,.F.);
#5526=ORIENTED_EDGE('',*,*,#8488,.T.);
#5527=ORIENTED_EDGE('',*,*,#8480,.F.);
#5528=ORIENTED_EDGE('',*,*,#8489,.F.);
#5529=ORIENTED_EDGE('',*,*,#8490,.T.);
#5530=ORIENTED_EDGE('',*,*,#8486,.T.);
#5531=ORIENTED_EDGE('',*,*,#8491,.T.);
#5532=ORIENTED_EDGE('',*,*,#8492,.F.);
#5533=ORIENTED_EDGE('',*,*,#8493,.F.);
#5534=ORIENTED_EDGE('',*,*,#8494,.T.);
#5535=ORIENTED_EDGE('',*,*,#8495,.T.);
#5536=ORIENTED_EDGE('',*,*,#8496,.F.);
#5537=ORIENTED_EDGE('',*,*,#8466,.F.);
#5538=ORIENTED_EDGE('',*,*,#8472,.T.);
#5539=ORIENTED_EDGE('',*,*,#8479,.F.);
#5540=ORIENTED_EDGE('',*,*,#8497,.F.);
#5541=ORIENTED_EDGE('',*,*,#8498,.T.);
#5542=ORIENTED_EDGE('',*,*,#8499,.T.);
#5543=ORIENTED_EDGE('',*,*,#8492,.T.);
#5544=ORIENTED_EDGE('',*,*,#8500,.F.);
#5545=ORIENTED_EDGE('',*,*,#8501,.F.);
#5546=ORIENTED_EDGE('',*,*,#8502,.T.);
#5547=ORIENTED_EDGE('',*,*,#8503,.F.);
#5548=ORIENTED_EDGE('',*,*,#8504,.T.);
#5549=ORIENTED_EDGE('',*,*,#8460,.T.);
#5550=ORIENTED_EDGE('',*,*,#8449,.F.);
#5551=ORIENTED_EDGE('',*,*,#8505,.F.);
#5552=ORIENTED_EDGE('',*,*,#8495,.F.);
#5553=ORIENTED_EDGE('',*,*,#8506,.F.);
#5554=ORIENTED_EDGE('',*,*,#8507,.T.);
#5555=ORIENTED_EDGE('',*,*,#8490,.F.);
#5556=ORIENTED_EDGE('',*,*,#8508,.F.);
#5557=ORIENTED_EDGE('',*,*,#8509,.F.);
#5558=ORIENTED_EDGE('',*,*,#8510,.F.);
#5559=ORIENTED_EDGE('',*,*,#8475,.T.);
#5560=ORIENTED_EDGE('',*,*,#8473,.F.);
#5561=ORIENTED_EDGE('',*,*,#8470,.T.);
#5562=ORIENTED_EDGE('',*,*,#8511,.F.);
#5563=ORIENTED_EDGE('',*,*,#8502,.F.);
#5564=ORIENTED_EDGE('',*,*,#8512,.F.);
#5565=ORIENTED_EDGE('',*,*,#8513,.T.);
#5566=ORIENTED_EDGE('',*,*,#8514,.T.);
#5567=ORIENTED_EDGE('',*,*,#8484,.F.);
#5568=ORIENTED_EDGE('',*,*,#8515,.F.);
#5569=ORIENTED_EDGE('',*,*,#8501,.T.);
#5570=ORIENTED_EDGE('',*,*,#8482,.T.);
#5571=ORIENTED_EDGE('',*,*,#8516,.T.);
#5572=ORIENTED_EDGE('',*,*,#8513,.F.);
#5573=ORIENTED_EDGE('',*,*,#8517,.F.);
#5574=ORIENTED_EDGE('',*,*,#8518,.F.);
#5575=ORIENTED_EDGE('',*,*,#8384,.F.);
#5576=ORIENTED_EDGE('',*,*,#8377,.F.);
#5577=ORIENTED_EDGE('',*,*,#8519,.F.);
#5578=ORIENTED_EDGE('',*,*,#8373,.F.);
#5579=ORIENTED_EDGE('',*,*,#8380,.F.);
#5580=ORIENTED_EDGE('',*,*,#8423,.T.);
#5581=ORIENTED_EDGE('',*,*,#8520,.F.);
#5582=ORIENTED_EDGE('',*,*,#8485,.F.);
#5583=ORIENTED_EDGE('',*,*,#8514,.F.);
#5584=ORIENTED_EDGE('',*,*,#8500,.T.);
#5585=ORIENTED_EDGE('',*,*,#8491,.F.);
#5586=ORIENTED_EDGE('',*,*,#8481,.F.);
#5587=ORIENTED_EDGE('',*,*,#8488,.F.);
#5588=ORIENTED_EDGE('',*,*,#8507,.F.);
#5589=ORIENTED_EDGE('',*,*,#8516,.F.);
#5590=ORIENTED_EDGE('',*,*,#8521,.T.);
#5591=ORIENTED_EDGE('',*,*,#8422,.T.);
#5592=ORIENTED_EDGE('',*,*,#8522,.F.);
#5593=ORIENTED_EDGE('',*,*,#8406,.F.);
#5594=ORIENTED_EDGE('',*,*,#8399,.T.);
#5595=ORIENTED_EDGE('',*,*,#8396,.F.);
#5596=ORIENTED_EDGE('',*,*,#8523,.F.);
#5597=ORIENTED_EDGE('',*,*,#8435,.T.);
#5598=ORIENTED_EDGE('',*,*,#8524,.T.);
#5599=ORIENTED_EDGE('',*,*,#8385,.T.);
#5600=ORIENTED_EDGE('',*,*,#8518,.T.);
#5601=ORIENTED_EDGE('',*,*,#8525,.F.);
#5602=ORIENTED_EDGE('',*,*,#8526,.F.);
#5603=ORIENTED_EDGE('',*,*,#8374,.T.);
#5604=ORIENTED_EDGE('',*,*,#8520,.T.);
#5605=ORIENTED_EDGE('',*,*,#8429,.F.);
#5606=ORIENTED_EDGE('',*,*,#8519,.T.);
#5607=ORIENTED_EDGE('',*,*,#8376,.F.);
#5608=ORIENTED_EDGE('',*,*,#8527,.F.);
#5609=ORIENTED_EDGE('',*,*,#8525,.T.);
#5610=ORIENTED_EDGE('',*,*,#8506,.T.);
#5611=ORIENTED_EDGE('',*,*,#8494,.F.);
#5612=ORIENTED_EDGE('',*,*,#8515,.T.);
#5613=ORIENTED_EDGE('',*,*,#8487,.T.);
#5614=ORIENTED_EDGE('',*,*,#8493,.T.);
#5615=ORIENTED_EDGE('',*,*,#8499,.F.);
#5616=ORIENTED_EDGE('',*,*,#8528,.F.);
#5617=ORIENTED_EDGE('',*,*,#8508,.T.);
#5618=ORIENTED_EDGE('',*,*,#8489,.T.);
#5619=ORIENTED_EDGE('',*,*,#8483,.T.);
#5620=ORIENTED_EDGE('',*,*,#8517,.T.);
#5621=ORIENTED_EDGE('',*,*,#8512,.T.);
#5622=ORIENTED_EDGE('',*,*,#8379,.T.);
#5623=ORIENTED_EDGE('',*,*,#8383,.T.);
#5624=ORIENTED_EDGE('',*,*,#8524,.F.);
#5625=ORIENTED_EDGE('',*,*,#8434,.F.);
#5626=ORIENTED_EDGE('',*,*,#8424,.T.);
#5627=ORIENTED_EDGE('',*,*,#8381,.T.);
#5628=ORIENTED_EDGE('',*,*,#8375,.T.);
#5629=ORIENTED_EDGE('',*,*,#8526,.T.);
#5630=ORIENTED_EDGE('',*,*,#8428,.T.);
#5631=ORIENTED_EDGE('',*,*,#8416,.T.);
#5632=ORIENTED_EDGE('',*,*,#8521,.F.);
#5633=ORIENTED_EDGE('',*,*,#8527,.T.);
#5634=ORIENTED_EDGE('',*,*,#8498,.F.);
#5635=ORIENTED_EDGE('',*,*,#8529,.T.);
#5636=ORIENTED_EDGE('',*,*,#8456,.F.);
#5637=ORIENTED_EDGE('',*,*,#8443,.F.);
#5638=ORIENTED_EDGE('',*,*,#8530,.T.);
#5639=ORIENTED_EDGE('',*,*,#8531,.T.);
#5640=ORIENTED_EDGE('',*,*,#8509,.T.);
#5641=ORIENTED_EDGE('',*,*,#8528,.T.);
#5642=ORIENTED_EDGE('',*,*,#8400,.F.);
#5643=ORIENTED_EDGE('',*,*,#8522,.T.);
#5644=ORIENTED_EDGE('',*,*,#8421,.T.);
#5645=ORIENTED_EDGE('',*,*,#8446,.F.);
#5646=ORIENTED_EDGE('',*,*,#8430,.F.);
#5647=ORIENTED_EDGE('',*,*,#8523,.T.);
#5648=ORIENTED_EDGE('',*,*,#8395,.T.);
#5649=ORIENTED_EDGE('',*,*,#8448,.F.);
#5650=ORIENTED_EDGE('',*,*,#8418,.T.);
#5651=ORIENTED_EDGE('',*,*,#8427,.T.);
#5652=ORIENTED_EDGE('',*,*,#8404,.F.);
#5653=ORIENTED_EDGE('',*,*,#8532,.T.);
#5654=ORIENTED_EDGE('',*,*,#8392,.T.);
#5655=ORIENTED_EDGE('',*,*,#8426,.T.);
#5656=ORIENTED_EDGE('',*,*,#8433,.F.);
#5657=ORIENTED_EDGE('',*,*,#8533,.T.);
#5658=ORIENTED_EDGE('',*,*,#8467,.F.);
#5659=ORIENTED_EDGE('',*,*,#8496,.T.);
#5660=ORIENTED_EDGE('',*,*,#8505,.T.);
#5661=ORIENTED_EDGE('',*,*,#8454,.F.);
#5662=ORIENTED_EDGE('',*,*,#8503,.T.);
#5663=ORIENTED_EDGE('',*,*,#8511,.T.);
#5664=ORIENTED_EDGE('',*,*,#8469,.F.);
#5665=ORIENTED_EDGE('',*,*,#8534,.T.);
#5666=ORIENTED_EDGE('',*,*,#8529,.F.);
#5667=ORIENTED_EDGE('',*,*,#8497,.T.);
#5668=ORIENTED_EDGE('',*,*,#8478,.T.);
#5669=ORIENTED_EDGE('',*,*,#8457,.T.);
#5670=ORIENTED_EDGE('',*,*,#8476,.T.);
#5671=ORIENTED_EDGE('',*,*,#8510,.T.);
#5672=ORIENTED_EDGE('',*,*,#8531,.F.);
#5673=ORIENTED_EDGE('',*,*,#8535,.F.);
#5674=ORIENTED_EDGE('',*,*,#8403,.F.);
#5675=ORIENTED_EDGE('',*,*,#8409,.F.);
#5676=ORIENTED_EDGE('',*,*,#8412,.F.);
#5677=ORIENTED_EDGE('',*,*,#8415,.F.);
#5678=ORIENTED_EDGE('',*,*,#8419,.F.);
#5679=ORIENTED_EDGE('',*,*,#8532,.F.);
#5680=ORIENTED_EDGE('',*,*,#8432,.F.);
#5681=ORIENTED_EDGE('',*,*,#8371,.T.);
#5682=ORIENTED_EDGE('',*,*,#8536,.T.);
#5683=ORIENTED_EDGE('',*,*,#8389,.F.);
#5684=ORIENTED_EDGE('',*,*,#8393,.F.);
#5685=ORIENTED_EDGE('',*,*,#8533,.F.);
#5686=ORIENTED_EDGE('',*,*,#8468,.F.);
#5687=ORIENTED_EDGE('',*,*,#8465,.F.);
#5688=ORIENTED_EDGE('',*,*,#8463,.T.);
#5689=ORIENTED_EDGE('',*,*,#8461,.F.);
#5690=ORIENTED_EDGE('',*,*,#8504,.F.);
#5691=ORIENTED_EDGE('',*,*,#8534,.F.);
#5692=ORIENTED_EDGE('',*,*,#8530,.F.);
#5693=ORIENTED_EDGE('',*,*,#8445,.F.);
#5694=ORIENTED_EDGE('',*,*,#8442,.F.);
#5695=ORIENTED_EDGE('',*,*,#8439,.F.);
#5696=ORIENTED_EDGE('',*,*,#8477,.F.);
#5697=ORIENTED_EDGE('',*,*,#8535,.T.);
#5698=ORIENTED_EDGE('',*,*,#8370,.F.);
#5699=ORIENTED_EDGE('',*,*,#8537,.T.);
#5700=ORIENTED_EDGE('',*,*,#8538,.T.);
#5701=ORIENTED_EDGE('',*,*,#8174,.F.);
#5702=ORIENTED_EDGE('',*,*,#8368,.F.);
#5703=ORIENTED_EDGE('',*,*,#8447,.T.);
#5704=ORIENTED_EDGE('',*,*,#8386,.F.);
#5705=ORIENTED_EDGE('',*,*,#8536,.F.);
#5706=ORIENTED_EDGE('',*,*,#8182,.T.);
#5707=ORIENTED_EDGE('',*,*,#8175,.T.);
#5708=ORIENTED_EDGE('',*,*,#8538,.F.);
#5709=ORIENTED_EDGE('',*,*,#8539,.T.);
#5710=ORIENTED_EDGE('',*,*,#8537,.F.);
#5711=ORIENTED_EDGE('',*,*,#8369,.T.);
#5712=ORIENTED_EDGE('',*,*,#8364,.F.);
#5713=ORIENTED_EDGE('',*,*,#8540,.T.);
#5714=ORIENTED_EDGE('',*,*,#8194,.T.);
#5715=ORIENTED_EDGE('',*,*,#8185,.T.);
#5716=ORIENTED_EDGE('',*,*,#8539,.F.);
#5717=ORIENTED_EDGE('',*,*,#8190,.T.);
#5718=ORIENTED_EDGE('',*,*,#8201,.T.);
#5719=ORIENTED_EDGE('',*,*,#8541,.T.);
#5720=ORIENTED_EDGE('',*,*,#8542,.F.);
#5721=ORIENTED_EDGE('',*,*,#8298,.F.);
#5722=ORIENTED_EDGE('',*,*,#8281,.T.);
#5723=ORIENTED_EDGE('',*,*,#8362,.F.);
#5724=ORIENTED_EDGE('',*,*,#8171,.T.);
#5725=ORIENTED_EDGE('',*,*,#8363,.F.);
#5726=ORIENTED_EDGE('',*,*,#8270,.F.);
#5727=ORIENTED_EDGE('',*,*,#8293,.F.);
#5728=ORIENTED_EDGE('',*,*,#8543,.T.);
#5729=ORIENTED_EDGE('',*,*,#8544,.T.);
#5730=ORIENTED_EDGE('',*,*,#8163,.F.);
#5731=ORIENTED_EDGE('',*,*,#8192,.T.);
#5732=ORIENTED_EDGE('',*,*,#8540,.F.);
#5733=ORIENTED_EDGE('',*,*,#8545,.F.);
#5734=ORIENTED_EDGE('',*,*,#8331,.T.);
#5735=ORIENTED_EDGE('',*,*,#8290,.T.);
#5736=ORIENTED_EDGE('',*,*,#8259,.T.);
#5737=ORIENTED_EDGE('',*,*,#8299,.T.);
#5738=ORIENTED_EDGE('',*,*,#8542,.T.);
#5739=ORIENTED_EDGE('',*,*,#8546,.F.);
#5740=ORIENTED_EDGE('',*,*,#8547,.F.);
#5741=ORIENTED_EDGE('',*,*,#8257,.T.);
#5742=ORIENTED_EDGE('',*,*,#8246,.F.);
#5743=ORIENTED_EDGE('',*,*,#8288,.F.);
#5744=ORIENTED_EDGE('',*,*,#8300,.F.);
#5745=ORIENTED_EDGE('',*,*,#8547,.T.);
#5746=ORIENTED_EDGE('',*,*,#8548,.T.);
#5747=ORIENTED_EDGE('',*,*,#8544,.F.);
#5748=ORIENTED_EDGE('',*,*,#8549,.F.);
#5749=ORIENTED_EDGE('',*,*,#8241,.T.);
#5750=ORIENTED_EDGE('',*,*,#8236,.F.);
#5751=ORIENTED_EDGE('',*,*,#8550,.F.);
#5752=ORIENTED_EDGE('',*,*,#8551,.F.);
#5753=ORIENTED_EDGE('',*,*,#8301,.F.);
#5754=ORIENTED_EDGE('',*,*,#8115,.T.);
#5755=ORIENTED_EDGE('',*,*,#8118,.F.);
#5756=ORIENTED_EDGE('',*,*,#8123,.F.);
#5757=ORIENTED_EDGE('',*,*,#8160,.T.);
#5758=ORIENTED_EDGE('',*,*,#8164,.T.);
#5759=ORIENTED_EDGE('',*,*,#8546,.T.);
#5760=ORIENTED_EDGE('',*,*,#8541,.F.);
#5761=ORIENTED_EDGE('',*,*,#8200,.F.);
#5762=ORIENTED_EDGE('',*,*,#8332,.F.);
#5763=ORIENTED_EDGE('',*,*,#8545,.T.);
#5764=ORIENTED_EDGE('',*,*,#8262,.T.);
#5765=ORIENTED_EDGE('',*,*,#8258,.T.);
#5766=ORIENTED_EDGE('',*,*,#8548,.F.);
#5767=ORIENTED_EDGE('',*,*,#8235,.T.);
#5768=ORIENTED_EDGE('',*,*,#8251,.F.);
#5769=ORIENTED_EDGE('',*,*,#6896,.F.);
#5770=ORIENTED_EDGE('',*,*,#8297,.F.);
#5771=ORIENTED_EDGE('',*,*,#8552,.T.);
#5772=ORIENTED_EDGE('',*,*,#8550,.T.);
#5773=ORIENTED_EDGE('',*,*,#8549,.T.);
#5774=ORIENTED_EDGE('',*,*,#8543,.F.);
#5775=ORIENTED_EDGE('',*,*,#8292,.F.);
#5776=ORIENTED_EDGE('',*,*,#8237,.T.);
#5777=ORIENTED_EDGE('',*,*,#8296,.F.);
#5778=ORIENTED_EDGE('',*,*,#8302,.T.);
#5779=ORIENTED_EDGE('',*,*,#8551,.T.);
#5780=ORIENTED_EDGE('',*,*,#8552,.F.);
#5781=VERTEX_POINT('',#16395);
#5782=VERTEX_POINT('',#16396);
#5783=VERTEX_POINT('',#16398);
#5784=VERTEX_POINT('',#16400);
#5785=VERTEX_POINT('',#16404);
#5786=VERTEX_POINT('',#16405);
#5787=VERTEX_POINT('',#16407);
#5788=VERTEX_POINT('',#16409);
#5789=VERTEX_POINT('',#16413);
#5790=VERTEX_POINT('',#16414);
#5791=VERTEX_POINT('',#16416);
#5792=VERTEX_POINT('',#16418);
#5793=VERTEX_POINT('',#16422);
#5794=VERTEX_POINT('',#16423);
#5795=VERTEX_POINT('',#16425);
#5796=VERTEX_POINT('',#16427);
#5797=VERTEX_POINT('',#16431);
#5798=VERTEX_POINT('',#16432);
#5799=VERTEX_POINT('',#16434);
#5800=VERTEX_POINT('',#16436);
#5801=VERTEX_POINT('',#16440);
#5802=VERTEX_POINT('',#16441);
#5803=VERTEX_POINT('',#16446);
#5804=VERTEX_POINT('',#16450);
#5805=VERTEX_POINT('',#16454);
#5806=VERTEX_POINT('',#16455);
#5807=VERTEX_POINT('',#16457);
#5808=VERTEX_POINT('',#16459);
#5809=VERTEX_POINT('',#16463);
#5810=VERTEX_POINT('',#16464);
#5811=VERTEX_POINT('',#16469);
#5812=VERTEX_POINT('',#16473);
#5813=VERTEX_POINT('',#16477);
#5814=VERTEX_POINT('',#16478);
#5815=VERTEX_POINT('',#16480);
#5816=VERTEX_POINT('',#16482);
#5817=VERTEX_POINT('',#16486);
#5818=VERTEX_POINT('',#16487);
#5819=VERTEX_POINT('',#16492);
#5820=VERTEX_POINT('',#16496);
#5821=VERTEX_POINT('',#16500);
#5822=VERTEX_POINT('',#16501);
#5823=VERTEX_POINT('',#16503);
#5824=VERTEX_POINT('',#16505);
#5825=VERTEX_POINT('',#16509);
#5826=VERTEX_POINT('',#16510);
#5827=VERTEX_POINT('',#16512);
#5828=VERTEX_POINT('',#16514);
#5829=VERTEX_POINT('',#16518);
#5830=VERTEX_POINT('',#16520);
#5831=VERTEX_POINT('',#16524);
#5832=VERTEX_POINT('',#16525);
#5833=VERTEX_POINT('',#16527);
#5834=VERTEX_POINT('',#16529);
#5835=VERTEX_POINT('',#16533);
#5836=VERTEX_POINT('',#16535);
#5837=VERTEX_POINT('',#16539);
#5838=VERTEX_POINT('',#16541);
#5839=VERTEX_POINT('',#16545);
#5840=VERTEX_POINT('',#16547);
#5841=VERTEX_POINT('',#16551);
#5842=VERTEX_POINT('',#16553);
#5843=VERTEX_POINT('',#16557);
#5844=VERTEX_POINT('',#16559);
#5845=VERTEX_POINT('',#16563);
#5846=VERTEX_POINT('',#16565);
#5847=VERTEX_POINT('',#16569);
#5848=VERTEX_POINT('',#16571);
#5849=VERTEX_POINT('',#16575);
#5850=VERTEX_POINT('',#16577);
#5851=VERTEX_POINT('',#16581);
#5852=VERTEX_POINT('',#16583);
#5853=VERTEX_POINT('',#16587);
#5854=VERTEX_POINT('',#16589);
#5855=VERTEX_POINT('',#16593);
#5856=VERTEX_POINT('',#16595);
#5857=VERTEX_POINT('',#16599);
#5858=VERTEX_POINT('',#16601);
#5859=VERTEX_POINT('',#16605);
#5860=VERTEX_POINT('',#16606);
#5861=VERTEX_POINT('',#16608);
#5862=VERTEX_POINT('',#16610);
#5863=VERTEX_POINT('',#16614);
#5864=VERTEX_POINT('',#16615);
#5865=VERTEX_POINT('',#16617);
#5866=VERTEX_POINT('',#16619);
#5867=VERTEX_POINT('',#16623);
#5868=VERTEX_POINT('',#16624);
#5869=VERTEX_POINT('',#16629);
#5870=VERTEX_POINT('',#16630);
#5871=VERTEX_POINT('',#16632);
#5872=VERTEX_POINT('',#16634);
#5873=VERTEX_POINT('',#16638);
#5874=VERTEX_POINT('',#16639);
#5875=VERTEX_POINT('',#16644);
#5876=VERTEX_POINT('',#16645);
#5877=VERTEX_POINT('',#16647);
#5878=VERTEX_POINT('',#16649);
#5879=VERTEX_POINT('',#16653);
#5880=VERTEX_POINT('',#16655);
#5881=VERTEX_POINT('',#16659);
#5882=VERTEX_POINT('',#16663);
#5883=VERTEX_POINT('',#16664);
#5884=VERTEX_POINT('',#16666);
#5885=VERTEX_POINT('',#16668);
#5886=VERTEX_POINT('',#16672);
#5887=VERTEX_POINT('',#16676);
#5888=VERTEX_POINT('',#16680);
#5889=VERTEX_POINT('',#16682);
#5890=VERTEX_POINT('',#16685);
#5891=VERTEX_POINT('',#16689);
#5892=VERTEX_POINT('',#16693);
#5893=VERTEX_POINT('',#16697);
#5894=VERTEX_POINT('',#16698);
#5895=VERTEX_POINT('',#16700);
#5896=VERTEX_POINT('',#16702);
#5897=VERTEX_POINT('',#16706);
#5898=VERTEX_POINT('',#16707);
#5899=VERTEX_POINT('',#16709);
#5900=VERTEX_POINT('',#16711);
#5901=VERTEX_POINT('',#16715);
#5902=VERTEX_POINT('',#16717);
#5903=VERTEX_POINT('',#16721);
#5904=VERTEX_POINT('',#16723);
#5905=VERTEX_POINT('',#16727);
#5906=VERTEX_POINT('',#16729);
#5907=VERTEX_POINT('',#16733);
#5908=VERTEX_POINT('',#16735);
#5909=VERTEX_POINT('',#16739);
#5910=VERTEX_POINT('',#16741);
#5911=VERTEX_POINT('',#16745);
#5912=VERTEX_POINT('',#16747);
#5913=VERTEX_POINT('',#16751);
#5914=VERTEX_POINT('',#16753);
#5915=VERTEX_POINT('',#16757);
#5916=VERTEX_POINT('',#16759);
#5917=VERTEX_POINT('',#16763);
#5918=VERTEX_POINT('',#16765);
#5919=VERTEX_POINT('',#16769);
#5920=VERTEX_POINT('',#16771);
#5921=VERTEX_POINT('',#16775);
#5922=VERTEX_POINT('',#16777);
#5923=VERTEX_POINT('',#16781);
#5924=VERTEX_POINT('',#16783);
#5925=VERTEX_POINT('',#16787);
#5926=VERTEX_POINT('',#16789);
#5927=VERTEX_POINT('',#16793);
#5928=VERTEX_POINT('',#16794);
#5929=VERTEX_POINT('',#16796);
#5930=VERTEX_POINT('',#16798);
#5931=VERTEX_POINT('',#16802);
#5932=VERTEX_POINT('',#16803);
#5933=VERTEX_POINT('',#16808);
#5934=VERTEX_POINT('',#16809);
#5935=VERTEX_POINT('',#16814);
#5936=VERTEX_POINT('',#16815);
#5937=VERTEX_POINT('',#16820);
#5938=VERTEX_POINT('',#16821);
#5939=VERTEX_POINT('',#16826);
#5940=VERTEX_POINT('',#16827);
#5941=VERTEX_POINT('',#16832);
#5942=VERTEX_POINT('',#16833);
#5943=VERTEX_POINT('',#16838);
#5944=VERTEX_POINT('',#16839);
#5945=VERTEX_POINT('',#16844);
#5946=VERTEX_POINT('',#16845);
#5947=VERTEX_POINT('',#16850);
#5948=VERTEX_POINT('',#16851);
#5949=VERTEX_POINT('',#16856);
#5950=VERTEX_POINT('',#16857);
#5951=VERTEX_POINT('',#16862);
#5952=VERTEX_POINT('',#16863);
#5953=VERTEX_POINT('',#16868);
#5954=VERTEX_POINT('',#16869);
#5955=VERTEX_POINT('',#16871);
#5956=VERTEX_POINT('',#16873);
#5957=VERTEX_POINT('',#16877);
#5958=VERTEX_POINT('',#16878);
#5959=VERTEX_POINT('',#16883);
#5960=VERTEX_POINT('',#16891);
#5961=VERTEX_POINT('',#16893);
#5962=VERTEX_POINT('',#16897);
#5963=VERTEX_POINT('',#16901);
#5964=VERTEX_POINT('',#16909);
#5965=VERTEX_POINT('',#16913);
#5966=VERTEX_POINT('',#16914);
#5967=VERTEX_POINT('',#16916);
#5968=VERTEX_POINT('',#16918);
#5969=VERTEX_POINT('',#16922);
#5970=VERTEX_POINT('',#16924);
#5971=VERTEX_POINT('',#16928);
#5972=VERTEX_POINT('',#16929);
#5973=VERTEX_POINT('',#16931);
#5974=VERTEX_POINT('',#16933);
#5975=VERTEX_POINT('',#16937);
#5976=VERTEX_POINT('',#16939);
#5977=VERTEX_POINT('',#16943);
#5978=VERTEX_POINT('',#16945);
#5979=VERTEX_POINT('',#16949);
#5980=VERTEX_POINT('',#16951);
#5981=VERTEX_POINT('',#16955);
#5982=VERTEX_POINT('',#16957);
#5983=VERTEX_POINT('',#16961);
#5984=VERTEX_POINT('',#16963);
#5985=VERTEX_POINT('',#16967);
#5986=VERTEX_POINT('',#16969);
#5987=VERTEX_POINT('',#16973);
#5988=VERTEX_POINT('',#16975);
#5989=VERTEX_POINT('',#16979);
#5990=VERTEX_POINT('',#16981);
#5991=VERTEX_POINT('',#16985);
#5992=VERTEX_POINT('',#16987);
#5993=VERTEX_POINT('',#16991);
#5994=VERTEX_POINT('',#16993);
#5995=VERTEX_POINT('',#16997);
#5996=VERTEX_POINT('',#16999);
#5997=VERTEX_POINT('',#17003);
#5998=VERTEX_POINT('',#17005);
#5999=VERTEX_POINT('',#17009);
#6000=VERTEX_POINT('',#17010);
#6001=VERTEX_POINT('',#17012);
#6002=VERTEX_POINT('',#17014);
#6003=VERTEX_POINT('',#17018);
#6004=VERTEX_POINT('',#17019);
#6005=VERTEX_POINT('',#17021);
#6006=VERTEX_POINT('',#17023);
#6007=VERTEX_POINT('',#17027);
#6008=VERTEX_POINT('',#17029);
#6009=VERTEX_POINT('',#17033);
#6010=VERTEX_POINT('',#17035);
#6011=VERTEX_POINT('',#17039);
#6012=VERTEX_POINT('',#17041);
#6013=VERTEX_POINT('',#17045);
#6014=VERTEX_POINT('',#17047);
#6015=VERTEX_POINT('',#17051);
#6016=VERTEX_POINT('',#17053);
#6017=VERTEX_POINT('',#17057);
#6018=VERTEX_POINT('',#17059);
#6019=VERTEX_POINT('',#17063);
#6020=VERTEX_POINT('',#17065);
#6021=VERTEX_POINT('',#17069);
#6022=VERTEX_POINT('',#17071);
#6023=VERTEX_POINT('',#17075);
#6024=VERTEX_POINT('',#17077);
#6025=VERTEX_POINT('',#17081);
#6026=VERTEX_POINT('',#17083);
#6027=VERTEX_POINT('',#17087);
#6028=VERTEX_POINT('',#17089);
#6029=VERTEX_POINT('',#17093);
#6030=VERTEX_POINT('',#17095);
#6031=VERTEX_POINT('',#17099);
#6032=VERTEX_POINT('',#17103);
#6033=VERTEX_POINT('',#17109);
#6034=VERTEX_POINT('',#17113);
#6035=VERTEX_POINT('',#17117);
#6036=VERTEX_POINT('',#17121);
#6037=VERTEX_POINT('',#17129);
#6038=VERTEX_POINT('',#17130);
#6039=VERTEX_POINT('',#17132);
#6040=VERTEX_POINT('',#17134);
#6041=VERTEX_POINT('',#17138);
#6042=VERTEX_POINT('',#17140);
#6043=VERTEX_POINT('',#17144);
#6044=VERTEX_POINT('',#17145);
#6045=VERTEX_POINT('',#17147);
#6046=VERTEX_POINT('',#17149);
#6047=VERTEX_POINT('',#17153);
#6048=VERTEX_POINT('',#17155);
#6049=VERTEX_POINT('',#17159);
#6050=VERTEX_POINT('',#17161);
#6051=VERTEX_POINT('',#17165);
#6052=VERTEX_POINT('',#17167);
#6053=VERTEX_POINT('',#17171);
#6054=VERTEX_POINT('',#17173);
#6055=VERTEX_POINT('',#17177);
#6056=VERTEX_POINT('',#17179);
#6057=VERTEX_POINT('',#17183);
#6058=VERTEX_POINT('',#17185);
#6059=VERTEX_POINT('',#17189);
#6060=VERTEX_POINT('',#17191);
#6061=VERTEX_POINT('',#17195);
#6062=VERTEX_POINT('',#17197);
#6063=VERTEX_POINT('',#17201);
#6064=VERTEX_POINT('',#17203);
#6065=VERTEX_POINT('',#17207);
#6066=VERTEX_POINT('',#17209);
#6067=VERTEX_POINT('',#17213);
#6068=VERTEX_POINT('',#17215);
#6069=VERTEX_POINT('',#17219);
#6070=VERTEX_POINT('',#17221);
#6071=VERTEX_POINT('',#17225);
#6072=VERTEX_POINT('',#17226);
#6073=VERTEX_POINT('',#17228);
#6074=VERTEX_POINT('',#17230);
#6075=VERTEX_POINT('',#17234);
#6076=VERTEX_POINT('',#17235);
#6077=VERTEX_POINT('',#17237);
#6078=VERTEX_POINT('',#17239);
#6079=VERTEX_POINT('',#17243);
#6080=VERTEX_POINT('',#17245);
#6081=VERTEX_POINT('',#17249);
#6082=VERTEX_POINT('',#17251);
#6083=VERTEX_POINT('',#17255);
#6084=VERTEX_POINT('',#17257);
#6085=VERTEX_POINT('',#17261);
#6086=VERTEX_POINT('',#17263);
#6087=VERTEX_POINT('',#17267);
#6088=VERTEX_POINT('',#17269);
#6089=VERTEX_POINT('',#17273);
#6090=VERTEX_POINT('',#17275);
#6091=VERTEX_POINT('',#17279);
#6092=VERTEX_POINT('',#17281);
#6093=VERTEX_POINT('',#17285);
#6094=VERTEX_POINT('',#17287);
#6095=VERTEX_POINT('',#17291);
#6096=VERTEX_POINT('',#17293);
#6097=VERTEX_POINT('',#17297);
#6098=VERTEX_POINT('',#17299);
#6099=VERTEX_POINT('',#17303);
#6100=VERTEX_POINT('',#17305);
#6101=VERTEX_POINT('',#17309);
#6102=VERTEX_POINT('',#17311);
#6103=VERTEX_POINT('',#17315);
#6104=VERTEX_POINT('',#17319);
#6105=VERTEX_POINT('',#17325);
#6106=VERTEX_POINT('',#17329);
#6107=VERTEX_POINT('',#17333);
#6108=VERTEX_POINT('',#17337);
#6109=VERTEX_POINT('',#17345);
#6110=VERTEX_POINT('',#17346);
#6111=VERTEX_POINT('',#17348);
#6112=VERTEX_POINT('',#17350);
#6113=VERTEX_POINT('',#17354);
#6114=VERTEX_POINT('',#17356);
#6115=VERTEX_POINT('',#17360);
#6116=VERTEX_POINT('',#17361);
#6117=VERTEX_POINT('',#17363);
#6118=VERTEX_POINT('',#17365);
#6119=VERTEX_POINT('',#17369);
#6120=VERTEX_POINT('',#17371);
#6121=VERTEX_POINT('',#17375);
#6122=VERTEX_POINT('',#17377);
#6123=VERTEX_POINT('',#17381);
#6124=VERTEX_POINT('',#17383);
#6125=VERTEX_POINT('',#17387);
#6126=VERTEX_POINT('',#17389);
#6127=VERTEX_POINT('',#17393);
#6128=VERTEX_POINT('',#17395);
#6129=VERTEX_POINT('',#17399);
#6130=VERTEX_POINT('',#17401);
#6131=VERTEX_POINT('',#17405);
#6132=VERTEX_POINT('',#17407);
#6133=VERTEX_POINT('',#17411);
#6134=VERTEX_POINT('',#17413);
#6135=VERTEX_POINT('',#17417);
#6136=VERTEX_POINT('',#17419);
#6137=VERTEX_POINT('',#17423);
#6138=VERTEX_POINT('',#17425);
#6139=VERTEX_POINT('',#17429);
#6140=VERTEX_POINT('',#17431);
#6141=VERTEX_POINT('',#17435);
#6142=VERTEX_POINT('',#17437);
#6143=VERTEX_POINT('',#17441);
#6144=VERTEX_POINT('',#17442);
#6145=VERTEX_POINT('',#17444);
#6146=VERTEX_POINT('',#17446);
#6147=VERTEX_POINT('',#17450);
#6148=VERTEX_POINT('',#17451);
#6149=VERTEX_POINT('',#17453);
#6150=VERTEX_POINT('',#17455);
#6151=VERTEX_POINT('',#17459);
#6152=VERTEX_POINT('',#17461);
#6153=VERTEX_POINT('',#17465);
#6154=VERTEX_POINT('',#17467);
#6155=VERTEX_POINT('',#17471);
#6156=VERTEX_POINT('',#17473);
#6157=VERTEX_POINT('',#17477);
#6158=VERTEX_POINT('',#17479);
#6159=VERTEX_POINT('',#17483);
#6160=VERTEX_POINT('',#17485);
#6161=VERTEX_POINT('',#17489);
#6162=VERTEX_POINT('',#17491);
#6163=VERTEX_POINT('',#17495);
#6164=VERTEX_POINT('',#17497);
#6165=VERTEX_POINT('',#17501);
#6166=VERTEX_POINT('',#17503);
#6167=VERTEX_POINT('',#17507);
#6168=VERTEX_POINT('',#17509);
#6169=VERTEX_POINT('',#17513);
#6170=VERTEX_POINT('',#17515);
#6171=VERTEX_POINT('',#17519);
#6172=VERTEX_POINT('',#17521);
#6173=VERTEX_POINT('',#17525);
#6174=VERTEX_POINT('',#17527);
#6175=VERTEX_POINT('',#17531);
#6176=VERTEX_POINT('',#17535);
#6177=VERTEX_POINT('',#17541);
#6178=VERTEX_POINT('',#17545);
#6179=VERTEX_POINT('',#17549);
#6180=VERTEX_POINT('',#17553);
#6181=VERTEX_POINT('',#17561);
#6182=VERTEX_POINT('',#17562);
#6183=VERTEX_POINT('',#17564);
#6184=VERTEX_POINT('',#17566);
#6185=VERTEX_POINT('',#17570);
#6186=VERTEX_POINT('',#17572);
#6187=VERTEX_POINT('',#17576);
#6188=VERTEX_POINT('',#17577);
#6189=VERTEX_POINT('',#17579);
#6190=VERTEX_POINT('',#17581);
#6191=VERTEX_POINT('',#17585);
#6192=VERTEX_POINT('',#17587);
#6193=VERTEX_POINT('',#17591);
#6194=VERTEX_POINT('',#17593);
#6195=VERTEX_POINT('',#17597);
#6196=VERTEX_POINT('',#17599);
#6197=VERTEX_POINT('',#17603);
#6198=VERTEX_POINT('',#17605);
#6199=VERTEX_POINT('',#17609);
#6200=VERTEX_POINT('',#17611);
#6201=VERTEX_POINT('',#17615);
#6202=VERTEX_POINT('',#17617);
#6203=VERTEX_POINT('',#17621);
#6204=VERTEX_POINT('',#17623);
#6205=VERTEX_POINT('',#17627);
#6206=VERTEX_POINT('',#17629);
#6207=VERTEX_POINT('',#17633);
#6208=VERTEX_POINT('',#17635);
#6209=VERTEX_POINT('',#17639);
#6210=VERTEX_POINT('',#17641);
#6211=VERTEX_POINT('',#17645);
#6212=VERTEX_POINT('',#17647);
#6213=VERTEX_POINT('',#17651);
#6214=VERTEX_POINT('',#17653);
#6215=VERTEX_POINT('',#17657);
#6216=VERTEX_POINT('',#17658);
#6217=VERTEX_POINT('',#17660);
#6218=VERTEX_POINT('',#17662);
#6219=VERTEX_POINT('',#17666);
#6220=VERTEX_POINT('',#17667);
#6221=VERTEX_POINT('',#17669);
#6222=VERTEX_POINT('',#17671);
#6223=VERTEX_POINT('',#17675);
#6224=VERTEX_POINT('',#17677);
#6225=VERTEX_POINT('',#17681);
#6226=VERTEX_POINT('',#17683);
#6227=VERTEX_POINT('',#17687);
#6228=VERTEX_POINT('',#17689);
#6229=VERTEX_POINT('',#17693);
#6230=VERTEX_POINT('',#17695);
#6231=VERTEX_POINT('',#17699);
#6232=VERTEX_POINT('',#17701);
#6233=VERTEX_POINT('',#17705);
#6234=VERTEX_POINT('',#17707);
#6235=VERTEX_POINT('',#17711);
#6236=VERTEX_POINT('',#17713);
#6237=VERTEX_POINT('',#17717);
#6238=VERTEX_POINT('',#17719);
#6239=VERTEX_POINT('',#17723);
#6240=VERTEX_POINT('',#17725);
#6241=VERTEX_POINT('',#17729);
#6242=VERTEX_POINT('',#17731);
#6243=VERTEX_POINT('',#17735);
#6244=VERTEX_POINT('',#17737);
#6245=VERTEX_POINT('',#17741);
#6246=VERTEX_POINT('',#17743);
#6247=VERTEX_POINT('',#17747);
#6248=VERTEX_POINT('',#17751);
#6249=VERTEX_POINT('',#17757);
#6250=VERTEX_POINT('',#17761);
#6251=VERTEX_POINT('',#17765);
#6252=VERTEX_POINT('',#17769);
#6253=VERTEX_POINT('',#17777);
#6254=VERTEX_POINT('',#17778);
#6255=VERTEX_POINT('',#17780);
#6256=VERTEX_POINT('',#17782);
#6257=VERTEX_POINT('',#17786);
#6258=VERTEX_POINT('',#17788);
#6259=VERTEX_POINT('',#17792);
#6260=VERTEX_POINT('',#17793);
#6261=VERTEX_POINT('',#17795);
#6262=VERTEX_POINT('',#17797);
#6263=VERTEX_POINT('',#17801);
#6264=VERTEX_POINT('',#17803);
#6265=VERTEX_POINT('',#17807);
#6266=VERTEX_POINT('',#17809);
#6267=VERTEX_POINT('',#17813);
#6268=VERTEX_POINT('',#17815);
#6269=VERTEX_POINT('',#17819);
#6270=VERTEX_POINT('',#17821);
#6271=VERTEX_POINT('',#17825);
#6272=VERTEX_POINT('',#17827);
#6273=VERTEX_POINT('',#17831);
#6274=VERTEX_POINT('',#17833);
#6275=VERTEX_POINT('',#17837);
#6276=VERTEX_POINT('',#17839);
#6277=VERTEX_POINT('',#17843);
#6278=VERTEX_POINT('',#17845);
#6279=VERTEX_POINT('',#17849);
#6280=VERTEX_POINT('',#17851);
#6281=VERTEX_POINT('',#17855);
#6282=VERTEX_POINT('',#17857);
#6283=VERTEX_POINT('',#17861);
#6284=VERTEX_POINT('',#17863);
#6285=VERTEX_POINT('',#17867);
#6286=VERTEX_POINT('',#17869);
#6287=VERTEX_POINT('',#17873);
#6288=VERTEX_POINT('',#17874);
#6289=VERTEX_POINT('',#17876);
#6290=VERTEX_POINT('',#17878);
#6291=VERTEX_POINT('',#17882);
#6292=VERTEX_POINT('',#17883);
#6293=VERTEX_POINT('',#17885);
#6294=VERTEX_POINT('',#17887);
#6295=VERTEX_POINT('',#17891);
#6296=VERTEX_POINT('',#17893);
#6297=VERTEX_POINT('',#17897);
#6298=VERTEX_POINT('',#17899);
#6299=VERTEX_POINT('',#17903);
#6300=VERTEX_POINT('',#17905);
#6301=VERTEX_POINT('',#17909);
#6302=VERTEX_POINT('',#17911);
#6303=VERTEX_POINT('',#17915);
#6304=VERTEX_POINT('',#17917);
#6305=VERTEX_POINT('',#17921);
#6306=VERTEX_POINT('',#17923);
#6307=VERTEX_POINT('',#17927);
#6308=VERTEX_POINT('',#17929);
#6309=VERTEX_POINT('',#17933);
#6310=VERTEX_POINT('',#17935);
#6311=VERTEX_POINT('',#17939);
#6312=VERTEX_POINT('',#17941);
#6313=VERTEX_POINT('',#17945);
#6314=VERTEX_POINT('',#17947);
#6315=VERTEX_POINT('',#17951);
#6316=VERTEX_POINT('',#17953);
#6317=VERTEX_POINT('',#17957);
#6318=VERTEX_POINT('',#17959);
#6319=VERTEX_POINT('',#17963);
#6320=VERTEX_POINT('',#17967);
#6321=VERTEX_POINT('',#17973);
#6322=VERTEX_POINT('',#17977);
#6323=VERTEX_POINT('',#17981);
#6324=VERTEX_POINT('',#17985);
#6325=VERTEX_POINT('',#17993);
#6326=VERTEX_POINT('',#17994);
#6327=VERTEX_POINT('',#17996);
#6328=VERTEX_POINT('',#17998);
#6329=VERTEX_POINT('',#18002);
#6330=VERTEX_POINT('',#18004);
#6331=VERTEX_POINT('',#18008);
#6332=VERTEX_POINT('',#18009);
#6333=VERTEX_POINT('',#18011);
#6334=VERTEX_POINT('',#18013);
#6335=VERTEX_POINT('',#18017);
#6336=VERTEX_POINT('',#18019);
#6337=VERTEX_POINT('',#18023);
#6338=VERTEX_POINT('',#18025);
#6339=VERTEX_POINT('',#18029);
#6340=VERTEX_POINT('',#18031);
#6341=VERTEX_POINT('',#18035);
#6342=VERTEX_POINT('',#18037);
#6343=VERTEX_POINT('',#18041);
#6344=VERTEX_POINT('',#18043);
#6345=VERTEX_POINT('',#18047);
#6346=VERTEX_POINT('',#18049);
#6347=VERTEX_POINT('',#18053);
#6348=VERTEX_POINT('',#18055);
#6349=VERTEX_POINT('',#18059);
#6350=VERTEX_POINT('',#18061);
#6351=VERTEX_POINT('',#18065);
#6352=VERTEX_POINT('',#18067);
#6353=VERTEX_POINT('',#18071);
#6354=VERTEX_POINT('',#18073);
#6355=VERTEX_POINT('',#18077);
#6356=VERTEX_POINT('',#18079);
#6357=VERTEX_POINT('',#18083);
#6358=VERTEX_POINT('',#18085);
#6359=VERTEX_POINT('',#18089);
#6360=VERTEX_POINT('',#18090);
#6361=VERTEX_POINT('',#18092);
#6362=VERTEX_POINT('',#18094);
#6363=VERTEX_POINT('',#18098);
#6364=VERTEX_POINT('',#18099);
#6365=VERTEX_POINT('',#18101);
#6366=VERTEX_POINT('',#18103);
#6367=VERTEX_POINT('',#18107);
#6368=VERTEX_POINT('',#18109);
#6369=VERTEX_POINT('',#18113);
#6370=VERTEX_POINT('',#18115);
#6371=VERTEX_POINT('',#18119);
#6372=VERTEX_POINT('',#18121);
#6373=VERTEX_POINT('',#18125);
#6374=VERTEX_POINT('',#18127);
#6375=VERTEX_POINT('',#18131);
#6376=VERTEX_POINT('',#18133);
#6377=VERTEX_POINT('',#18137);
#6378=VERTEX_POINT('',#18139);
#6379=VERTEX_POINT('',#18143);
#6380=VERTEX_POINT('',#18145);
#6381=VERTEX_POINT('',#18149);
#6382=VERTEX_POINT('',#18151);
#6383=VERTEX_POINT('',#18155);
#6384=VERTEX_POINT('',#18157);
#6385=VERTEX_POINT('',#18161);
#6386=VERTEX_POINT('',#18163);
#6387=VERTEX_POINT('',#18167);
#6388=VERTEX_POINT('',#18169);
#6389=VERTEX_POINT('',#18173);
#6390=VERTEX_POINT('',#18175);
#6391=VERTEX_POINT('',#18179);
#6392=VERTEX_POINT('',#18183);
#6393=VERTEX_POINT('',#18189);
#6394=VERTEX_POINT('',#18193);
#6395=VERTEX_POINT('',#18197);
#6396=VERTEX_POINT('',#18201);
#6397=VERTEX_POINT('',#18209);
#6398=VERTEX_POINT('',#18210);
#6399=VERTEX_POINT('',#18212);
#6400=VERTEX_POINT('',#18214);
#6401=VERTEX_POINT('',#18218);
#6402=VERTEX_POINT('',#18220);
#6403=VERTEX_POINT('',#18224);
#6404=VERTEX_POINT('',#18225);
#6405=VERTEX_POINT('',#18227);
#6406=VERTEX_POINT('',#18229);
#6407=VERTEX_POINT('',#18233);
#6408=VERTEX_POINT('',#18235);
#6409=VERTEX_POINT('',#18239);
#6410=VERTEX_POINT('',#18241);
#6411=VERTEX_POINT('',#18245);
#6412=VERTEX_POINT('',#18247);
#6413=VERTEX_POINT('',#18251);
#6414=VERTEX_POINT('',#18253);
#6415=VERTEX_POINT('',#18257);
#6416=VERTEX_POINT('',#18259);
#6417=VERTEX_POINT('',#18263);
#6418=VERTEX_POINT('',#18265);
#6419=VERTEX_POINT('',#18269);
#6420=VERTEX_POINT('',#18271);
#6421=VERTEX_POINT('',#18275);
#6422=VERTEX_POINT('',#18277);
#6423=VERTEX_POINT('',#18281);
#6424=VERTEX_POINT('',#18283);
#6425=VERTEX_POINT('',#18287);
#6426=VERTEX_POINT('',#18289);
#6427=VERTEX_POINT('',#18293);
#6428=VERTEX_POINT('',#18295);
#6429=VERTEX_POINT('',#18299);
#6430=VERTEX_POINT('',#18301);
#6431=VERTEX_POINT('',#18305);
#6432=VERTEX_POINT('',#18306);
#6433=VERTEX_POINT('',#18308);
#6434=VERTEX_POINT('',#18310);
#6435=VERTEX_POINT('',#18314);
#6436=VERTEX_POINT('',#18315);
#6437=VERTEX_POINT('',#18317);
#6438=VERTEX_POINT('',#18319);
#6439=VERTEX_POINT('',#18323);
#6440=VERTEX_POINT('',#18325);
#6441=VERTEX_POINT('',#18329);
#6442=VERTEX_POINT('',#18331);
#6443=VERTEX_POINT('',#18335);
#6444=VERTEX_POINT('',#18337);
#6445=VERTEX_POINT('',#18341);
#6446=VERTEX_POINT('',#18343);
#6447=VERTEX_POINT('',#18347);
#6448=VERTEX_POINT('',#18349);
#6449=VERTEX_POINT('',#18353);
#6450=VERTEX_POINT('',#18355);
#6451=VERTEX_POINT('',#18359);
#6452=VERTEX_POINT('',#18361);
#6453=VERTEX_POINT('',#18365);
#6454=VERTEX_POINT('',#18367);
#6455=VERTEX_POINT('',#18371);
#6456=VERTEX_POINT('',#18373);
#6457=VERTEX_POINT('',#18377);
#6458=VERTEX_POINT('',#18379);
#6459=VERTEX_POINT('',#18383);
#6460=VERTEX_POINT('',#18385);
#6461=VERTEX_POINT('',#18389);
#6462=VERTEX_POINT('',#18391);
#6463=VERTEX_POINT('',#18395);
#6464=VERTEX_POINT('',#18399);
#6465=VERTEX_POINT('',#18405);
#6466=VERTEX_POINT('',#18409);
#6467=VERTEX_POINT('',#18413);
#6468=VERTEX_POINT('',#18417);
#6469=VERTEX_POINT('',#18425);
#6470=VERTEX_POINT('',#18428);
#6471=VERTEX_POINT('',#18439);
#6472=VERTEX_POINT('',#18441);
#6473=VERTEX_POINT('',#18443);
#6474=VERTEX_POINT('',#18445);
#6475=VERTEX_POINT('',#18447);
#6476=VERTEX_POINT('',#18451);
#6477=VERTEX_POINT('',#18452);
#6478=VERTEX_POINT('',#18457);
#6479=VERTEX_POINT('',#18458);
#6480=VERTEX_POINT('',#18460);
#6481=VERTEX_POINT('',#18462);
#6482=VERTEX_POINT('',#18466);
#6483=VERTEX_POINT('',#18468);
#6484=VERTEX_POINT('',#18472);
#6485=VERTEX_POINT('',#18474);
#6486=VERTEX_POINT('',#18478);
#6487=VERTEX_POINT('',#18480);
#6488=VERTEX_POINT('',#18484);
#6489=VERTEX_POINT('',#18486);
#6490=VERTEX_POINT('',#18490);
#6491=VERTEX_POINT('',#18492);
#6492=VERTEX_POINT('',#18496);
#6493=VERTEX_POINT('',#18498);
#6494=VERTEX_POINT('',#18502);
#6495=VERTEX_POINT('',#18504);
#6496=VERTEX_POINT('',#18508);
#6497=VERTEX_POINT('',#18510);
#6498=VERTEX_POINT('',#18514);
#6499=VERTEX_POINT('',#18516);
#6500=VERTEX_POINT('',#18520);
#6501=VERTEX_POINT('',#18522);
#6502=VERTEX_POINT('',#18526);
#6503=VERTEX_POINT('',#18528);
#6504=VERTEX_POINT('',#18532);
#6505=VERTEX_POINT('',#18534);
#6506=VERTEX_POINT('',#18540);
#6507=VERTEX_POINT('',#18546);
#6508=VERTEX_POINT('',#18550);
#6509=VERTEX_POINT('',#18556);
#6510=VERTEX_POINT('',#18564);
#6511=VERTEX_POINT('',#18565);
#6512=VERTEX_POINT('',#18567);
#6513=VERTEX_POINT('',#18571);
#6514=VERTEX_POINT('',#18573);
#6515=VERTEX_POINT('',#18585);
#6516=VERTEX_POINT('',#18589);
#6517=VERTEX_POINT('',#18590);
#6518=VERTEX_POINT('',#18592);
#6519=VERTEX_POINT('',#18594);
#6520=VERTEX_POINT('',#18598);
#6521=VERTEX_POINT('',#18599);
#6522=VERTEX_POINT('',#18604);
#6523=VERTEX_POINT('',#18605);
#6524=VERTEX_POINT('',#18610);
#6525=VERTEX_POINT('',#18611);
#6526=VERTEX_POINT('',#18616);
#6527=VERTEX_POINT('',#18617);
#6528=VERTEX_POINT('',#18622);
#6529=VERTEX_POINT('',#18623);
#6530=VERTEX_POINT('',#18628);
#6531=VERTEX_POINT('',#18629);
#6532=VERTEX_POINT('',#18634);
#6533=VERTEX_POINT('',#18635);
#6534=VERTEX_POINT('',#18640);
#6535=VERTEX_POINT('',#18641);
#6536=VERTEX_POINT('',#18646);
#6537=VERTEX_POINT('',#18647);
#6538=VERTEX_POINT('',#18652);
#6539=VERTEX_POINT('',#18653);
#6540=VERTEX_POINT('',#18658);
#6541=VERTEX_POINT('',#18659);
#6542=VERTEX_POINT('',#18667);
#6543=VERTEX_POINT('',#18669);
#6544=VERTEX_POINT('',#18673);
#6545=VERTEX_POINT('',#18674);
#6546=VERTEX_POINT('',#18676);
#6547=VERTEX_POINT('',#18678);
#6548=VERTEX_POINT('',#18682);
#6549=VERTEX_POINT('',#18683);
#6550=VERTEX_POINT('',#18688);
#6551=VERTEX_POINT('',#18689);
#6552=VERTEX_POINT('',#18694);
#6553=VERTEX_POINT('',#18695);
#6554=VERTEX_POINT('',#18700);
#6555=VERTEX_POINT('',#18701);
#6556=VERTEX_POINT('',#18706);
#6557=VERTEX_POINT('',#18707);
#6558=VERTEX_POINT('',#18712);
#6559=VERTEX_POINT('',#18713);
#6560=VERTEX_POINT('',#18718);
#6561=VERTEX_POINT('',#18719);
#6562=VERTEX_POINT('',#18724);
#6563=VERTEX_POINT('',#18725);
#6564=VERTEX_POINT('',#18730);
#6565=VERTEX_POINT('',#18731);
#6566=VERTEX_POINT('',#18736);
#6567=VERTEX_POINT('',#18737);
#6568=VERTEX_POINT('',#18742);
#6569=VERTEX_POINT('',#18744);
#6570=VERTEX_POINT('',#18754);
#6571=VERTEX_POINT('',#18760);
#6572=VERTEX_POINT('',#18771);
#6573=VERTEX_POINT('',#18777);
#6574=VERTEX_POINT('',#18779);
#6575=VERTEX_POINT('',#18783);
#6576=VERTEX_POINT('',#18787);
#6577=VERTEX_POINT('',#18793);
#6578=VERTEX_POINT('',#18794);
#6579=VERTEX_POINT('',#18796);
#6580=VERTEX_POINT('',#18798);
#6581=VERTEX_POINT('',#18802);
#6582=VERTEX_POINT('',#18803);
#6583=VERTEX_POINT('',#18808);
#6584=VERTEX_POINT('',#18810);
#6585=VERTEX_POINT('',#18814);
#6586=VERTEX_POINT('',#18815);
#6587=VERTEX_POINT('',#18820);
#6588=VERTEX_POINT('',#18822);
#6589=VERTEX_POINT('',#18826);
#6590=VERTEX_POINT('',#18828);
#6591=VERTEX_POINT('',#18830);
#6592=VERTEX_POINT('',#18834);
#6593=VERTEX_POINT('',#18836);
#6594=VERTEX_POINT('',#18840);
#6595=VERTEX_POINT('',#18841);
#6596=VERTEX_POINT('',#18844);
#6597=VERTEX_POINT('',#18848);
#6598=VERTEX_POINT('',#18858);
#6599=VERTEX_POINT('',#18862);
#6600=VERTEX_POINT('',#18864);
#6601=VERTEX_POINT('',#18866);
#6602=VERTEX_POINT('',#18870);
#6603=VERTEX_POINT('',#18871);
#6604=VERTEX_POINT('',#18874);
#6605=VERTEX_POINT('',#18878);
#6606=VERTEX_POINT('',#18879);
#6607=VERTEX_POINT('',#18881);
#6608=VERTEX_POINT('',#18883);
#6609=VERTEX_POINT('',#18885);
#6610=VERTEX_POINT('',#18889);
#6611=VERTEX_POINT('',#18891);
#6612=VERTEX_POINT('',#18895);
#6613=VERTEX_POINT('',#18897);
#6614=VERTEX_POINT('',#18899);
#6615=VERTEX_POINT('',#18901);
#6616=VERTEX_POINT('',#18907);
#6617=VERTEX_POINT('',#18910);
#6618=VERTEX_POINT('',#18914);
#6619=VERTEX_POINT('',#18916);
#6620=VERTEX_POINT('',#18918);
#6621=VERTEX_POINT('',#18922);
#6622=VERTEX_POINT('',#18923);
#6623=VERTEX_POINT('',#18926);
#6624=VERTEX_POINT('',#18930);
#6625=VERTEX_POINT('',#18931);
#6626=VERTEX_POINT('',#18933);
#6627=VERTEX_POINT('',#18935);
#6628=VERTEX_POINT('',#18939);
#6629=VERTEX_POINT('',#18940);
#6630=VERTEX_POINT('',#18943);
#6631=VERTEX_POINT('',#18952);
#6632=VERTEX_POINT('',#18956);
#6633=VERTEX_POINT('',#18958);
#6634=VERTEX_POINT('',#18962);
#6635=VERTEX_POINT('',#18968);
#6636=VERTEX_POINT('',#18970);
#6637=VERTEX_POINT('',#18974);
#6638=VERTEX_POINT('',#18978);
#6639=VERTEX_POINT('',#18980);
#6640=VERTEX_POINT('',#18982);
#6641=VERTEX_POINT('',#18986);
#6642=VERTEX_POINT('',#18987);
#6643=VERTEX_POINT('',#18989);
#6644=VERTEX_POINT('',#18991);
#6645=VERTEX_POINT('',#18995);
#6646=VERTEX_POINT('',#18996);
#6647=VERTEX_POINT('',#18998);
#6648=VERTEX_POINT('',#19000);
#6649=VERTEX_POINT('',#19002);
#6650=VERTEX_POINT('',#19004);
#6651=VERTEX_POINT('',#19006);
#6652=VERTEX_POINT('',#19013);
#6653=VERTEX_POINT('',#19014);
#6654=VERTEX_POINT('',#19016);
#6655=VERTEX_POINT('',#19018);
#6656=VERTEX_POINT('',#19022);
#6657=VERTEX_POINT('',#19027);
#6658=VERTEX_POINT('',#19031);
#6659=VERTEX_POINT('',#19033);
#6660=VERTEX_POINT('',#19035);
#6661=VERTEX_POINT('',#19040);
#6662=VERTEX_POINT('',#19046);
#6663=VERTEX_POINT('',#19048);
#6664=VERTEX_POINT('',#19050);
#6665=VERTEX_POINT('',#19052);
#6666=VERTEX_POINT('',#19054);
#6667=VERTEX_POINT('',#19057);
#6668=VERTEX_POINT('',#19061);
#6669=VERTEX_POINT('',#19065);
#6670=VERTEX_POINT('',#19069);
#6671=VERTEX_POINT('',#19073);
#6672=VERTEX_POINT('',#19077);
#6673=VERTEX_POINT('',#19078);
#6674=VERTEX_POINT('',#19080);
#6675=VERTEX_POINT('',#19082);
#6676=VERTEX_POINT('',#19086);
#6677=VERTEX_POINT('',#19087);
#6678=VERTEX_POINT('',#19092);
#6679=VERTEX_POINT('',#19096);
#6680=VERTEX_POINT('',#19115);
#6681=VERTEX_POINT('',#19116);
#6682=VERTEX_POINT('',#19118);
#6683=VERTEX_POINT('',#19120);
#6684=VERTEX_POINT('',#19124);
#6685=VERTEX_POINT('',#19125);
#6686=VERTEX_POINT('',#19127);
#6687=VERTEX_POINT('',#19129);
#6688=VERTEX_POINT('',#19134);
#6689=VERTEX_POINT('',#19135);
#6690=VERTEX_POINT('',#19140);
#6691=VERTEX_POINT('',#19141);
#6692=VERTEX_POINT('',#19143);
#6693=VERTEX_POINT('',#19145);
#6694=VERTEX_POINT('',#19147);
#6695=VERTEX_POINT('',#19149);
#6696=VERTEX_POINT('',#19156);
#6697=VERTEX_POINT('',#19160);
#6698=VERTEX_POINT('',#19162);
#6699=VERTEX_POINT('',#19166);
#6700=VERTEX_POINT('',#19167);
#6701=VERTEX_POINT('',#19169);
#6702=VERTEX_POINT('',#19174);
#6703=VERTEX_POINT('',#19178);
#6704=VERTEX_POINT('',#19179);
#6705=VERTEX_POINT('',#19181);
#6706=VERTEX_POINT('',#19183);
#6707=VERTEX_POINT('',#19187);
#6708=VERTEX_POINT('',#19188);
#6709=VERTEX_POINT('',#19190);
#6710=VERTEX_POINT('',#19192);
#6711=VERTEX_POINT('',#19196);
#6712=VERTEX_POINT('',#19198);
#6713=VERTEX_POINT('',#19203);
#6714=VERTEX_POINT('',#19205);
#6715=VERTEX_POINT('',#19209);
#6716=VERTEX_POINT('',#19210);
#6717=VERTEX_POINT('',#19212);
#6718=VERTEX_POINT('',#19214);
#6719=VERTEX_POINT('',#19220);
#6720=VERTEX_POINT('',#19224);
#6721=VERTEX_POINT('',#19228);
#6722=VERTEX_POINT('',#19232);
#6723=VERTEX_POINT('',#19236);
#6724=VERTEX_POINT('',#19238);
#6725=VERTEX_POINT('',#19240);
#6726=VERTEX_POINT('',#19244);
#6727=VERTEX_POINT('',#19246);
#6728=VERTEX_POINT('',#19250);
#6729=VERTEX_POINT('',#19253);
#6730=VERTEX_POINT('',#19257);
#6731=VERTEX_POINT('',#19258);
#6732=VERTEX_POINT('',#19260);
#6733=VERTEX_POINT('',#19262);
#6734=VERTEX_POINT('',#19266);
#6735=VERTEX_POINT('',#19267);
#6736=VERTEX_POINT('',#19269);
#6737=VERTEX_POINT('',#19271);
#6738=VERTEX_POINT('',#19275);
#6739=VERTEX_POINT('',#19277);
#6740=VERTEX_POINT('',#19281);
#6741=VERTEX_POINT('',#19286);
#6742=VERTEX_POINT('',#19290);
#6743=VERTEX_POINT('',#19297);
#6744=VERTEX_POINT('',#19301);
#6745=VERTEX_POINT('',#19305);
#6746=VERTEX_POINT('',#19307);
#6747=VERTEX_POINT('',#19312);
#6748=VERTEX_POINT('',#19314);
#6749=VERTEX_POINT('',#19316);
#6750=VERTEX_POINT('',#19320);
#6751=VERTEX_POINT('',#19324);
#6752=VERTEX_POINT('',#19326);
#6753=VERTEX_POINT('',#19330);
#6754=VERTEX_POINT('',#19331);
#6755=VERTEX_POINT('',#19333);
#6756=VERTEX_POINT('',#19339);
#6757=VERTEX_POINT('',#19341);
#6758=VERTEX_POINT('',#19347);
#6759=VERTEX_POINT('',#19348);
#6760=VERTEX_POINT('',#19350);
#6761=VERTEX_POINT('',#19352);
#6762=VERTEX_POINT('',#19360);
#6763=VERTEX_POINT('',#19362);
#6764=VERTEX_POINT('',#19368);
#6765=VERTEX_POINT('',#19371);
#6766=VERTEX_POINT('',#19379);
#6767=VERTEX_POINT('',#19380);
#6768=VERTEX_POINT('',#19382);
#6769=VERTEX_POINT('',#19385);
#6770=VERTEX_POINT('',#19387);
#6771=VERTEX_POINT('',#19391);
#6772=VERTEX_POINT('',#19392);
#6773=VERTEX_POINT('',#19394);
#6774=VERTEX_POINT('',#19396);
#6775=VERTEX_POINT('',#19400);
#6776=VERTEX_POINT('',#19401);
#6777=VERTEX_POINT('',#19403);
#6778=VERTEX_POINT('',#19405);
#6779=VERTEX_POINT('',#19409);
#6780=VERTEX_POINT('',#19411);
#6781=VERTEX_POINT('',#19415);
#6782=VERTEX_POINT('',#19417);
#6783=VERTEX_POINT('',#19421);
#6784=VERTEX_POINT('',#19422);
#6785=VERTEX_POINT('',#19424);
#6786=VERTEX_POINT('',#19426);
#6787=VERTEX_POINT('',#19430);
#6788=VERTEX_POINT('',#19431);
#6789=VERTEX_POINT('',#19433);
#6790=VERTEX_POINT('',#19435);
#6791=VERTEX_POINT('',#19438);
#6792=VERTEX_POINT('',#19440);
#6793=VERTEX_POINT('',#19444);
#6794=VERTEX_POINT('',#19445);
#6795=VERTEX_POINT('',#19450);
#6796=VERTEX_POINT('',#19451);
#6797=VERTEX_POINT('',#19453);
#6798=VERTEX_POINT('',#19455);
#6799=VERTEX_POINT('',#19457);
#6800=VERTEX_POINT('',#19459);
#6801=VERTEX_POINT('',#19464);
#6802=VERTEX_POINT('',#19466);
#6803=VERTEX_POINT('',#19470);
#6804=VERTEX_POINT('',#19472);
#6805=VERTEX_POINT('',#19476);
#6806=VERTEX_POINT('',#19478);
#6807=VERTEX_POINT('',#19482);
#6808=VERTEX_POINT('',#19483);
#6809=VERTEX_POINT('',#19485);
#6810=VERTEX_POINT('',#19487);
#6811=VERTEX_POINT('',#19490);
#6812=VERTEX_POINT('',#19492);
#6813=VERTEX_POINT('',#19496);
#6814=VERTEX_POINT('',#19498);
#6815=VERTEX_POINT('',#19500);
#6816=VERTEX_POINT('',#19504);
#6817=VERTEX_POINT('',#19508);
#6818=VERTEX_POINT('',#19509);
#6819=VERTEX_POINT('',#19512);
#6820=VERTEX_POINT('',#19515);
#6821=VERTEX_POINT('',#19519);
#6822=VERTEX_POINT('',#19520);
#6823=VERTEX_POINT('',#19522);
#6824=VERTEX_POINT('',#19524);
#6825=VERTEX_POINT('',#19528);
#6826=VERTEX_POINT('',#19529);
#6827=VERTEX_POINT('',#19534);
#6828=VERTEX_POINT('',#19535);
#6829=VERTEX_POINT('',#19545);
#6830=VERTEX_POINT('',#19546);
#6831=VERTEX_POINT('',#19548);
#6832=VERTEX_POINT('',#19550);
#6833=VERTEX_POINT('',#19552);
#6834=VERTEX_POINT('',#19554);
#6835=VERTEX_POINT('',#19558);
#6836=VERTEX_POINT('',#19560);
#6837=VERTEX_POINT('',#19566);
#6838=VERTEX_POINT('',#19569);
#6839=VERTEX_POINT('',#19573);
#6840=VERTEX_POINT('',#19577);
#6841=VERTEX_POINT('',#19581);
#6842=VERTEX_POINT('',#19582);
#6843=VERTEX_POINT('',#19585);
#6844=VERTEX_POINT('',#19587);
#6845=VERTEX_POINT('',#19589);
#6846=VERTEX_POINT('',#19593);
#6847=VERTEX_POINT('',#19595);
#6848=VERTEX_POINT('',#19599);
#6849=VERTEX_POINT('',#19601);
#6850=VERTEX_POINT('',#19604);
#6851=VERTEX_POINT('',#19608);
#6852=VERTEX_POINT('',#19609);
#6853=VERTEX_POINT('',#19611);
#6854=VERTEX_POINT('',#19613);
#6855=VERTEX_POINT('',#19617);
#6856=VERTEX_POINT('',#19618);
#6857=VERTEX_POINT('',#19620);
#6858=VERTEX_POINT('',#19622);
#6859=VERTEX_POINT('',#19626);
#6860=VERTEX_POINT('',#19628);
#6861=VERTEX_POINT('',#19632);
#6862=VERTEX_POINT('',#19634);
#6863=VERTEX_POINT('',#19638);
#6864=VERTEX_POINT('',#19639);
#6865=VERTEX_POINT('',#19641);
#6866=VERTEX_POINT('',#19644);
#6867=VERTEX_POINT('',#19646);
#6868=VERTEX_POINT('',#19649);
#6869=VERTEX_POINT('',#19653);
#6870=VERTEX_POINT('',#19654);
#6871=VERTEX_POINT('',#19656);
#6872=VERTEX_POINT('',#19662);
#6873=VERTEX_POINT('',#19664);
#6874=VERTEX_POINT('',#19666);
#6875=VERTEX_POINT('',#19670);
#6876=VERTEX_POINT('',#19680);
#6877=VERTEX_POINT('',#19688);
#6878=VERTEX_POINT('',#19703);
#6879=VERTEX_POINT('',#19724);
#6880=VERTEX_POINT('',#19732);
#6881=VERTEX_POINT('',#19736);
#6882=VERTEX_POINT('',#19742);
#6883=VERTEX_POINT('',#19749);
#6884=EDGE_CURVE('',#5781,#5782,#9324,.T.);
#6885=EDGE_CURVE('',#5783,#5782,#9325,.T.);
#6886=EDGE_CURVE('',#5784,#5783,#9326,.T.);
#6887=EDGE_CURVE('',#5784,#5781,#9327,.T.);
#6888=EDGE_CURVE('',#5785,#5786,#9328,.T.);
#6889=EDGE_CURVE('',#5787,#5786,#9329,.T.);
#6890=EDGE_CURVE('',#5788,#5787,#9330,.T.);
#6891=EDGE_CURVE('',#5788,#5785,#9331,.T.);
#6892=EDGE_CURVE('',#5789,#5790,#9332,.T.);
#6893=EDGE_CURVE('',#5791,#5790,#9333,.T.);
#6894=EDGE_CURVE('',#5792,#5791,#9334,.T.);
#6895=EDGE_CURVE('',#5792,#5789,#9335,.T.);
#6896=EDGE_CURVE('',#5793,#5794,#9336,.T.);
#6897=EDGE_CURVE('',#5795,#5794,#9337,.T.);
#6898=EDGE_CURVE('',#5795,#5796,#9338,.T.);
#6899=EDGE_CURVE('',#5796,#5793,#9339,.T.);
#6900=EDGE_CURVE('',#5797,#5798,#9340,.T.);
#6901=EDGE_CURVE('',#5798,#5799,#9341,.T.);
#6902=EDGE_CURVE('',#5800,#5799,#9342,.T.);
#6903=EDGE_CURVE('',#5800,#5797,#9343,.T.);
#6904=EDGE_CURVE('',#5801,#5802,#9344,.T.);
#6905=EDGE_CURVE('',#5801,#5798,#9345,.T.);
#6906=EDGE_CURVE('',#5797,#5802,#9346,.T.);
#6907=EDGE_CURVE('',#5801,#5803,#9347,.T.);
#6908=EDGE_CURVE('',#5799,#5803,#9348,.T.);
#6909=EDGE_CURVE('',#5803,#5804,#9349,.T.);
#6910=EDGE_CURVE('',#5804,#5800,#9350,.T.);
#6911=EDGE_CURVE('',#5805,#5806,#9351,.T.);
#6912=EDGE_CURVE('',#5806,#5807,#9352,.T.);
#6913=EDGE_CURVE('',#5808,#5807,#9353,.T.);
#6914=EDGE_CURVE('',#5808,#5805,#9354,.T.);
#6915=EDGE_CURVE('',#5809,#5810,#9355,.T.);
#6916=EDGE_CURVE('',#5809,#5806,#9356,.T.);
#6917=EDGE_CURVE('',#5805,#5810,#9357,.T.);
#6918=EDGE_CURVE('',#5809,#5811,#9358,.T.);
#6919=EDGE_CURVE('',#5807,#5811,#9359,.T.);
#6920=EDGE_CURVE('',#5811,#5812,#9360,.T.);
#6921=EDGE_CURVE('',#5812,#5808,#9361,.T.);
#6922=EDGE_CURVE('',#5813,#5814,#9362,.T.);
#6923=EDGE_CURVE('',#5814,#5815,#9363,.T.);
#6924=EDGE_CURVE('',#5816,#5815,#9364,.T.);
#6925=EDGE_CURVE('',#5816,#5813,#9365,.T.);
#6926=EDGE_CURVE('',#5817,#5818,#9366,.T.);
#6927=EDGE_CURVE('',#5817,#5814,#9367,.T.);
#6928=EDGE_CURVE('',#5813,#5818,#9368,.T.);
#6929=EDGE_CURVE('',#5817,#5819,#9369,.T.);
#6930=EDGE_CURVE('',#5815,#5819,#9370,.T.);
#6931=EDGE_CURVE('',#5819,#5820,#9371,.T.);
#6932=EDGE_CURVE('',#5820,#5816,#9372,.T.);
#6933=EDGE_CURVE('',#5821,#5822,#9373,.T.);
#6934=EDGE_CURVE('',#5823,#5822,#9374,.T.);
#6935=EDGE_CURVE('',#5824,#5823,#9375,.T.);
#6936=EDGE_CURVE('',#5824,#5821,#9376,.T.);
#6937=EDGE_CURVE('',#5825,#5826,#9377,.T.);
#6938=EDGE_CURVE('',#5827,#5826,#9378,.T.);
#6939=EDGE_CURVE('',#5828,#5827,#9379,.T.);
#6940=EDGE_CURVE('',#5828,#5825,#9380,.T.);
#6941=EDGE_CURVE('',#5829,#5828,#9381,.T.);
#6942=EDGE_CURVE('',#5830,#5827,#9382,.T.);
#6943=EDGE_CURVE('',#5829,#5830,#9383,.T.);
#6944=EDGE_CURVE('',#5831,#5832,#9384,.T.);
#6945=EDGE_CURVE('',#5833,#5831,#9385,.T.);
#6946=EDGE_CURVE('',#5833,#5834,#9386,.T.);
#6947=EDGE_CURVE('',#5834,#5832,#9387,.T.);
#6948=EDGE_CURVE('',#5835,#5831,#8557,.T.);
#6949=EDGE_CURVE('',#5836,#5835,#9388,.T.);
#6950=EDGE_CURVE('',#5836,#5833,#8558,.T.);
#6951=EDGE_CURVE('',#5837,#5835,#9389,.T.);
#6952=EDGE_CURVE('',#5838,#5837,#9390,.T.);
#6953=EDGE_CURVE('',#5838,#5836,#9391,.T.);
#6954=EDGE_CURVE('',#5839,#5837,#8559,.T.);
#6955=EDGE_CURVE('',#5840,#5839,#9392,.T.);
#6956=EDGE_CURVE('',#5840,#5838,#8560,.T.);
#6957=EDGE_CURVE('',#5841,#5839,#9393,.T.);
#6958=EDGE_CURVE('',#5842,#5841,#9394,.T.);
#6959=EDGE_CURVE('',#5842,#5840,#9395,.T.);
#6960=EDGE_CURVE('',#5843,#5841,#9396,.T.);
#6961=EDGE_CURVE('',#5844,#5843,#9397,.T.);
#6962=EDGE_CURVE('',#5844,#5842,#9398,.T.);
#6963=EDGE_CURVE('',#5845,#5843,#9399,.T.);
#6964=EDGE_CURVE('',#5846,#5845,#9400,.T.);
#6965=EDGE_CURVE('',#5846,#5844,#9401,.T.);
#6966=EDGE_CURVE('',#5847,#5845,#9402,.T.);
#6967=EDGE_CURVE('',#5848,#5847,#9403,.T.);
#6968=EDGE_CURVE('',#5848,#5846,#9404,.T.);
#6969=EDGE_CURVE('',#5849,#5847,#9405,.T.);
#6970=EDGE_CURVE('',#5850,#5849,#9406,.T.);
#6971=EDGE_CURVE('',#5850,#5848,#9407,.T.);
#6972=EDGE_CURVE('',#5851,#5849,#8561,.T.);
#6973=EDGE_CURVE('',#5852,#5851,#9408,.T.);
#6974=EDGE_CURVE('',#5852,#5850,#8562,.T.);
#6975=EDGE_CURVE('',#5853,#5851,#9409,.T.);
#6976=EDGE_CURVE('',#5854,#5853,#9410,.T.);
#6977=EDGE_CURVE('',#5854,#5852,#9411,.T.);
#6978=EDGE_CURVE('',#5855,#5853,#8563,.T.);
#6979=EDGE_CURVE('',#5856,#5855,#9412,.T.);
#6980=EDGE_CURVE('',#5856,#5854,#8564,.T.);
#6981=EDGE_CURVE('',#5857,#5856,#9413,.T.);
#6982=EDGE_CURVE('',#5858,#5855,#9414,.T.);
#6983=EDGE_CURVE('',#5857,#5858,#9415,.T.);
#6984=EDGE_CURVE('',#5859,#5860,#9416,.T.);
#6985=EDGE_CURVE('',#5861,#5860,#9417,.T.);
#6986=EDGE_CURVE('',#5862,#5861,#9418,.T.);
#6987=EDGE_CURVE('',#5862,#5859,#9419,.T.);
#6988=EDGE_CURVE('',#5863,#5864,#9420,.T.);
#6989=EDGE_CURVE('',#5865,#5864,#9421,.T.);
#6990=EDGE_CURVE('',#5866,#5865,#9422,.T.);
#6991=EDGE_CURVE('',#5866,#5863,#9423,.T.);
#6992=EDGE_CURVE('',#5867,#5868,#9424,.T.);
#6993=EDGE_CURVE('',#5864,#5868,#9425,.T.);
#6994=EDGE_CURVE('',#5867,#5863,#9426,.T.);
#6995=EDGE_CURVE('',#5869,#5870,#9427,.T.);
#6996=EDGE_CURVE('',#5871,#5870,#9428,.T.);
#6997=EDGE_CURVE('',#5872,#5871,#9429,.T.);
#6998=EDGE_CURVE('',#5872,#5869,#9430,.T.);
#6999=EDGE_CURVE('',#5873,#5874,#9431,.T.);
#7000=EDGE_CURVE('',#5870,#5874,#9432,.T.);
#7001=EDGE_CURVE('',#5873,#5869,#9433,.T.);
#7002=EDGE_CURVE('',#5875,#5876,#9434,.T.);
#7003=EDGE_CURVE('',#5876,#5877,#9435,.T.);
#7004=EDGE_CURVE('',#5878,#5877,#9436,.T.);
#7005=EDGE_CURVE('',#5875,#5878,#9437,.T.);
#7006=EDGE_CURVE('',#5879,#5876,#9438,.T.);
#7007=EDGE_CURVE('',#5879,#5880,#9439,.T.);
#7008=EDGE_CURVE('',#5877,#5880,#9440,.T.);
#7009=EDGE_CURVE('',#5868,#5881,#9441,.T.);
#7010=EDGE_CURVE('',#5881,#5865,#9442,.T.);
#7011=EDGE_CURVE('',#5882,#5883,#9443,.T.);
#7012=EDGE_CURVE('',#5883,#5884,#9444,.T.);
#7013=EDGE_CURVE('',#5884,#5885,#9445,.T.);
#7014=EDGE_CURVE('',#5885,#5882,#9446,.T.);
#7015=EDGE_CURVE('',#5874,#5886,#9447,.T.);
#7016=EDGE_CURVE('',#5886,#5871,#9448,.T.);
#7017=EDGE_CURVE('',#5880,#5887,#9449,.T.);
#7018=EDGE_CURVE('',#5887,#5878,#9450,.T.);
#7019=EDGE_CURVE('',#5881,#5888,#9451,.T.);
#7020=EDGE_CURVE('',#5867,#5889,#9452,.T.);
#7021=EDGE_CURVE('',#5889,#5882,#9453,.T.);
#7022=EDGE_CURVE('',#5890,#5885,#9454,.T.);
#7023=EDGE_CURVE('',#5888,#5890,#9455,.T.);
#7024=EDGE_CURVE('',#5891,#5883,#9456,.T.);
#7025=EDGE_CURVE('',#5889,#5891,#9457,.T.);
#7026=EDGE_CURVE('',#5892,#5884,#9458,.T.);
#7027=EDGE_CURVE('',#5892,#5891,#9459,.T.);
#7028=EDGE_CURVE('',#5893,#5894,#9460,.T.);
#7029=EDGE_CURVE('',#5895,#5894,#9461,.T.);
#7030=EDGE_CURVE('',#5896,#5895,#9462,.T.);
#7031=EDGE_CURVE('',#5896,#5893,#9463,.T.);
#7032=EDGE_CURVE('',#5897,#5898,#9464,.T.);
#7033=EDGE_CURVE('',#5899,#5897,#9465,.T.);
#7034=EDGE_CURVE('',#5899,#5900,#9466,.T.);
#7035=EDGE_CURVE('',#5900,#5898,#9467,.T.);
#7036=EDGE_CURVE('',#5901,#5897,#8565,.T.);
#7037=EDGE_CURVE('',#5902,#5901,#9468,.T.);
#7038=EDGE_CURVE('',#5902,#5899,#8566,.T.);
#7039=EDGE_CURVE('',#5903,#5901,#9469,.T.);
#7040=EDGE_CURVE('',#5904,#5903,#9470,.T.);
#7041=EDGE_CURVE('',#5904,#5902,#9471,.T.);
#7042=EDGE_CURVE('',#5905,#5903,#8567,.T.);
#7043=EDGE_CURVE('',#5906,#5905,#9472,.T.);
#7044=EDGE_CURVE('',#5906,#5904,#8568,.T.);
#7045=EDGE_CURVE('',#5907,#5905,#9473,.T.);
#7046=EDGE_CURVE('',#5908,#5907,#9474,.T.);
#7047=EDGE_CURVE('',#5908,#5906,#9475,.T.);
#7048=EDGE_CURVE('',#5909,#5907,#9476,.T.);
#7049=EDGE_CURVE('',#5910,#5909,#9477,.T.);
#7050=EDGE_CURVE('',#5910,#5908,#9478,.T.);
#7051=EDGE_CURVE('',#5911,#5909,#9479,.T.);
#7052=EDGE_CURVE('',#5912,#5911,#9480,.T.);
#7053=EDGE_CURVE('',#5912,#5910,#9481,.T.);
#7054=EDGE_CURVE('',#5913,#5911,#9482,.T.);
#7055=EDGE_CURVE('',#5914,#5913,#9483,.T.);
#7056=EDGE_CURVE('',#5914,#5912,#9484,.T.);
#7057=EDGE_CURVE('',#5915,#5913,#9485,.T.);
#7058=EDGE_CURVE('',#5916,#5915,#9486,.T.);
#7059=EDGE_CURVE('',#5916,#5914,#9487,.T.);
#7060=EDGE_CURVE('',#5917,#5915,#8569,.T.);
#7061=EDGE_CURVE('',#5918,#5917,#9488,.T.);
#7062=EDGE_CURVE('',#5918,#5916,#8570,.T.);
#7063=EDGE_CURVE('',#5919,#5917,#9489,.T.);
#7064=EDGE_CURVE('',#5920,#5919,#9490,.T.);
#7065=EDGE_CURVE('',#5920,#5918,#9491,.T.);
#7066=EDGE_CURVE('',#5921,#5919,#8571,.T.);
#7067=EDGE_CURVE('',#5922,#5921,#9492,.T.);
#7068=EDGE_CURVE('',#5922,#5920,#8572,.T.);
#7069=EDGE_CURVE('',#5894,#5923,#9493,.T.);
#7070=EDGE_CURVE('',#5893,#5924,#9494,.T.);
#7071=EDGE_CURVE('',#5924,#5923,#9495,.T.);
#7072=EDGE_CURVE('',#5925,#5922,#9496,.T.);
#7073=EDGE_CURVE('',#5926,#5921,#9497,.T.);
#7074=EDGE_CURVE('',#5925,#5926,#9498,.T.);
#7075=EDGE_CURVE('',#5927,#5928,#9499,.T.);
#7076=EDGE_CURVE('',#5929,#5928,#9500,.T.);
#7077=EDGE_CURVE('',#5930,#5929,#9501,.T.);
#7078=EDGE_CURVE('',#5930,#5927,#9502,.T.);
#7079=EDGE_CURVE('',#5931,#5932,#9503,.T.);
#7080=EDGE_CURVE('',#5928,#5932,#8573,.T.);
#7081=EDGE_CURVE('',#5927,#5931,#8574,.T.);
#7082=EDGE_CURVE('',#5933,#5934,#9504,.T.);
#7083=EDGE_CURVE('',#5932,#5934,#9505,.T.);
#7084=EDGE_CURVE('',#5931,#5933,#9506,.T.);
#7085=EDGE_CURVE('',#5935,#5936,#9507,.T.);
#7086=EDGE_CURVE('',#5934,#5936,#8575,.T.);
#7087=EDGE_CURVE('',#5933,#5935,#8576,.T.);
#7088=EDGE_CURVE('',#5937,#5938,#9508,.T.);
#7089=EDGE_CURVE('',#5936,#5938,#9509,.T.);
#7090=EDGE_CURVE('',#5935,#5937,#9510,.T.);
#7091=EDGE_CURVE('',#5939,#5940,#9511,.T.);
#7092=EDGE_CURVE('',#5938,#5940,#9512,.T.);
#7093=EDGE_CURVE('',#5937,#5939,#9513,.T.);
#7094=EDGE_CURVE('',#5941,#5942,#9514,.T.);
#7095=EDGE_CURVE('',#5940,#5942,#9515,.T.);
#7096=EDGE_CURVE('',#5939,#5941,#9516,.T.);
#7097=EDGE_CURVE('',#5943,#5944,#9517,.T.);
#7098=EDGE_CURVE('',#5942,#5944,#9518,.T.);
#7099=EDGE_CURVE('',#5941,#5943,#9519,.T.);
#7100=EDGE_CURVE('',#5945,#5946,#9520,.T.);
#7101=EDGE_CURVE('',#5944,#5946,#9521,.T.);
#7102=EDGE_CURVE('',#5943,#5945,#9522,.T.);
#7103=EDGE_CURVE('',#5947,#5948,#9523,.T.);
#7104=EDGE_CURVE('',#5946,#5948,#8577,.T.);
#7105=EDGE_CURVE('',#5945,#5947,#8578,.T.);
#7106=EDGE_CURVE('',#5949,#5950,#9524,.T.);
#7107=EDGE_CURVE('',#5948,#5950,#9525,.T.);
#7108=EDGE_CURVE('',#5947,#5949,#9526,.T.);
#7109=EDGE_CURVE('',#5951,#5952,#9527,.T.);
#7110=EDGE_CURVE('',#5950,#5952,#8579,.T.);
#7111=EDGE_CURVE('',#5949,#5951,#8580,.T.);
#7112=EDGE_CURVE('',#5953,#5954,#9528,.T.);
#7113=EDGE_CURVE('',#5955,#5954,#9529,.T.);
#7114=EDGE_CURVE('',#5956,#5955,#9530,.T.);
#7115=EDGE_CURVE('',#5956,#5953,#9531,.T.);
#7116=EDGE_CURVE('',#5957,#5958,#9532,.T.);
#7117=EDGE_CURVE('',#5952,#5958,#9533,.T.);
#7118=EDGE_CURVE('',#5951,#5957,#9534,.T.);
#7119=EDGE_CURVE('',#5924,#5959,#9535,.T.);
#7120=EDGE_CURVE('',#5959,#5896,#9536,.T.);
#7121=EDGE_CURVE('',#5925,#5900,#9537,.T.);
#7122=EDGE_CURVE('',#5930,#5957,#9538,.T.);
#7123=EDGE_CURVE('',#5953,#5960,#9539,.T.);
#7124=EDGE_CURVE('',#5961,#5956,#9540,.T.);
#7125=EDGE_CURVE('',#5961,#5960,#9541,.T.);
#7126=EDGE_CURVE('',#5954,#5962,#9542,.T.);
#7127=EDGE_CURVE('',#5960,#5962,#9543,.T.);
#7128=EDGE_CURVE('',#5923,#5963,#9544,.T.);
#7129=EDGE_CURVE('',#5963,#5895,#9545,.T.);
#7130=EDGE_CURVE('',#5926,#5898,#9546,.T.);
#7131=EDGE_CURVE('',#5929,#5958,#9547,.T.);
#7132=EDGE_CURVE('',#5964,#5955,#9548,.T.);
#7133=EDGE_CURVE('',#5964,#5962,#9549,.T.);
#7134=EDGE_CURVE('',#5965,#5966,#9550,.T.);
#7135=EDGE_CURVE('',#5967,#5966,#9551,.T.);
#7136=EDGE_CURVE('',#5968,#5967,#9552,.T.);
#7137=EDGE_CURVE('',#5968,#5965,#9553,.T.);
#7138=EDGE_CURVE('',#5969,#5968,#9554,.T.);
#7139=EDGE_CURVE('',#5970,#5967,#9555,.T.);
#7140=EDGE_CURVE('',#5969,#5970,#9556,.T.);
#7141=EDGE_CURVE('',#5971,#5972,#9557,.T.);
#7142=EDGE_CURVE('',#5973,#5971,#9558,.T.);
#7143=EDGE_CURVE('',#5973,#5974,#9559,.T.);
#7144=EDGE_CURVE('',#5974,#5972,#9560,.T.);
#7145=EDGE_CURVE('',#5975,#5971,#8581,.T.);
#7146=EDGE_CURVE('',#5976,#5975,#9561,.T.);
#7147=EDGE_CURVE('',#5976,#5973,#8582,.T.);
#7148=EDGE_CURVE('',#5977,#5975,#9562,.T.);
#7149=EDGE_CURVE('',#5978,#5977,#9563,.T.);
#7150=EDGE_CURVE('',#5978,#5976,#9564,.T.);
#7151=EDGE_CURVE('',#5979,#5977,#8583,.T.);
#7152=EDGE_CURVE('',#5980,#5979,#9565,.T.);
#7153=EDGE_CURVE('',#5980,#5978,#8584,.T.);
#7154=EDGE_CURVE('',#5981,#5979,#9566,.T.);
#7155=EDGE_CURVE('',#5982,#5981,#9567,.T.);
#7156=EDGE_CURVE('',#5982,#5980,#9568,.T.);
#7157=EDGE_CURVE('',#5983,#5981,#9569,.T.);
#7158=EDGE_CURVE('',#5984,#5983,#9570,.T.);
#7159=EDGE_CURVE('',#5984,#5982,#9571,.T.);
#7160=EDGE_CURVE('',#5985,#5983,#9572,.T.);
#7161=EDGE_CURVE('',#5986,#5985,#9573,.T.);
#7162=EDGE_CURVE('',#5986,#5984,#9574,.T.);
#7163=EDGE_CURVE('',#5987,#5985,#9575,.T.);
#7164=EDGE_CURVE('',#5988,#5987,#9576,.T.);
#7165=EDGE_CURVE('',#5988,#5986,#9577,.T.);
#7166=EDGE_CURVE('',#5989,#5987,#9578,.T.);
#7167=EDGE_CURVE('',#5990,#5989,#9579,.T.);
#7168=EDGE_CURVE('',#5990,#5988,#9580,.T.);
#7169=EDGE_CURVE('',#5991,#5989,#8585,.T.);
#7170=EDGE_CURVE('',#5992,#5991,#9581,.T.);
#7171=EDGE_CURVE('',#5992,#5990,#8586,.T.);
#7172=EDGE_CURVE('',#5993,#5991,#9582,.T.);
#7173=EDGE_CURVE('',#5994,#5993,#9583,.T.);
#7174=EDGE_CURVE('',#5994,#5992,#9584,.T.);
#7175=EDGE_CURVE('',#5995,#5993,#8587,.T.);
#7176=EDGE_CURVE('',#5996,#5995,#9585,.T.);
#7177=EDGE_CURVE('',#5996,#5994,#8588,.T.);
#7178=EDGE_CURVE('',#5997,#5996,#9586,.T.);
#7179=EDGE_CURVE('',#5998,#5995,#9587,.T.);
#7180=EDGE_CURVE('',#5997,#5998,#9588,.T.);
#7181=EDGE_CURVE('',#5999,#6000,#9589,.T.);
#7182=EDGE_CURVE('',#6001,#6000,#9590,.T.);
#7183=EDGE_CURVE('',#6002,#6001,#9591,.T.);
#7184=EDGE_CURVE('',#6002,#5999,#9592,.T.);
#7185=EDGE_CURVE('',#6003,#6004,#9593,.T.);
#7186=EDGE_CURVE('',#6005,#6004,#8589,.T.);
#7187=EDGE_CURVE('',#6006,#6005,#9594,.T.);
#7188=EDGE_CURVE('',#6006,#6003,#8590,.T.);
#7189=EDGE_CURVE('',#6007,#6005,#9595,.T.);
#7190=EDGE_CURVE('',#6008,#6007,#9596,.T.);
#7191=EDGE_CURVE('',#6008,#6006,#9597,.T.);
#7192=EDGE_CURVE('',#6009,#6007,#8591,.T.);
#7193=EDGE_CURVE('',#6010,#6009,#9598,.T.);
#7194=EDGE_CURVE('',#6010,#6008,#8592,.T.);
#7195=EDGE_CURVE('',#6011,#6009,#9599,.T.);
#7196=EDGE_CURVE('',#6012,#6011,#9600,.T.);
#7197=EDGE_CURVE('',#6012,#6010,#9601,.T.);
#7198=EDGE_CURVE('',#6013,#6011,#9602,.T.);
#7199=EDGE_CURVE('',#6014,#6013,#9603,.T.);
#7200=EDGE_CURVE('',#6014,#6012,#9604,.T.);
#7201=EDGE_CURVE('',#6015,#6013,#9605,.T.);
#7202=EDGE_CURVE('',#6016,#6015,#9606,.T.);
#7203=EDGE_CURVE('',#6016,#6014,#9607,.T.);
#7204=EDGE_CURVE('',#6017,#6015,#9608,.T.);
#7205=EDGE_CURVE('',#6018,#6017,#9609,.T.);
#7206=EDGE_CURVE('',#6018,#6016,#9610,.T.);
#7207=EDGE_CURVE('',#6019,#6017,#9611,.T.);
#7208=EDGE_CURVE('',#6020,#6019,#9612,.T.);
#7209=EDGE_CURVE('',#6020,#6018,#9613,.T.);
#7210=EDGE_CURVE('',#6021,#6019,#8593,.T.);
#7211=EDGE_CURVE('',#6022,#6021,#9614,.T.);
#7212=EDGE_CURVE('',#6022,#6020,#8594,.T.);
#7213=EDGE_CURVE('',#6023,#6021,#9615,.T.);
#7214=EDGE_CURVE('',#6024,#6023,#9616,.T.);
#7215=EDGE_CURVE('',#6024,#6022,#9617,.T.);
#7216=EDGE_CURVE('',#6025,#6023,#8595,.T.);
#7217=EDGE_CURVE('',#6026,#6025,#9618,.T.);
#7218=EDGE_CURVE('',#6026,#6024,#8596,.T.);
#7219=EDGE_CURVE('',#6000,#6027,#9619,.T.);
#7220=EDGE_CURVE('',#5999,#6028,#9620,.T.);
#7221=EDGE_CURVE('',#6028,#6027,#9621,.T.);
#7222=EDGE_CURVE('',#6029,#6026,#9622,.T.);
#7223=EDGE_CURVE('',#6030,#6025,#9623,.T.);
#7224=EDGE_CURVE('',#6029,#6030,#9624,.T.);
#7225=EDGE_CURVE('',#6031,#6002,#9625,.T.);
#7226=EDGE_CURVE('',#6028,#6031,#9626,.T.);
#7227=EDGE_CURVE('',#6032,#5965,#9627,.T.);
#7228=EDGE_CURVE('',#6032,#5969,#9628,.T.);
#7229=EDGE_CURVE('',#5974,#5997,#9629,.T.);
#7230=EDGE_CURVE('',#6003,#6033,#9630,.T.);
#7231=EDGE_CURVE('',#6033,#6029,#9631,.T.);
#7232=EDGE_CURVE('',#6004,#6034,#9632,.T.);
#7233=EDGE_CURVE('',#6033,#6034,#9633,.T.);
#7234=EDGE_CURVE('',#6035,#6001,#9634,.T.);
#7235=EDGE_CURVE('',#6027,#6035,#9635,.T.);
#7236=EDGE_CURVE('',#6036,#5966,#9636,.T.);
#7237=EDGE_CURVE('',#6036,#5970,#9637,.T.);
#7238=EDGE_CURVE('',#5972,#5998,#9638,.T.);
#7239=EDGE_CURVE('',#6034,#6030,#9639,.T.);
#7240=EDGE_CURVE('',#6037,#6038,#9640,.T.);
#7241=EDGE_CURVE('',#6039,#6038,#9641,.T.);
#7242=EDGE_CURVE('',#6040,#6039,#9642,.T.);
#7243=EDGE_CURVE('',#6040,#6037,#9643,.T.);
#7244=EDGE_CURVE('',#6041,#6040,#9644,.T.);
#7245=EDGE_CURVE('',#6042,#6039,#9645,.T.);
#7246=EDGE_CURVE('',#6041,#6042,#9646,.T.);
#7247=EDGE_CURVE('',#6043,#6044,#9647,.T.);
#7248=EDGE_CURVE('',#6045,#6043,#9648,.T.);
#7249=EDGE_CURVE('',#6045,#6046,#9649,.T.);
#7250=EDGE_CURVE('',#6046,#6044,#9650,.T.);
#7251=EDGE_CURVE('',#6047,#6043,#8597,.T.);
#7252=EDGE_CURVE('',#6048,#6047,#9651,.T.);
#7253=EDGE_CURVE('',#6048,#6045,#8598,.T.);
#7254=EDGE_CURVE('',#6049,#6047,#9652,.T.);
#7255=EDGE_CURVE('',#6050,#6049,#9653,.T.);
#7256=EDGE_CURVE('',#6050,#6048,#9654,.T.);
#7257=EDGE_CURVE('',#6051,#6049,#8599,.T.);
#7258=EDGE_CURVE('',#6052,#6051,#9655,.T.);
#7259=EDGE_CURVE('',#6052,#6050,#8600,.T.);
#7260=EDGE_CURVE('',#6053,#6051,#9656,.T.);
#7261=EDGE_CURVE('',#6054,#6053,#9657,.T.);
#7262=EDGE_CURVE('',#6054,#6052,#9658,.T.);
#7263=EDGE_CURVE('',#6055,#6053,#9659,.T.);
#7264=EDGE_CURVE('',#6056,#6055,#9660,.T.);
#7265=EDGE_CURVE('',#6056,#6054,#9661,.T.);
#7266=EDGE_CURVE('',#6057,#6055,#9662,.T.);
#7267=EDGE_CURVE('',#6058,#6057,#9663,.T.);
#7268=EDGE_CURVE('',#6058,#6056,#9664,.T.);
#7269=EDGE_CURVE('',#6059,#6057,#9665,.T.);
#7270=EDGE_CURVE('',#6060,#6059,#9666,.T.);
#7271=EDGE_CURVE('',#6060,#6058,#9667,.T.);
#7272=EDGE_CURVE('',#6061,#6059,#9668,.T.);
#7273=EDGE_CURVE('',#6062,#6061,#9669,.T.);
#7274=EDGE_CURVE('',#6062,#6060,#9670,.T.);
#7275=EDGE_CURVE('',#6063,#6061,#8601,.T.);
#7276=EDGE_CURVE('',#6064,#6063,#9671,.T.);
#7277=EDGE_CURVE('',#6064,#6062,#8602,.T.);
#7278=EDGE_CURVE('',#6065,#6063,#9672,.T.);
#7279=EDGE_CURVE('',#6066,#6065,#9673,.T.);
#7280=EDGE_CURVE('',#6066,#6064,#9674,.T.);
#7281=EDGE_CURVE('',#6067,#6065,#8603,.T.);
#7282=EDGE_CURVE('',#6068,#6067,#9675,.T.);
#7283=EDGE_CURVE('',#6068,#6066,#8604,.T.);
#7284=EDGE_CURVE('',#6069,#6068,#9676,.T.);
#7285=EDGE_CURVE('',#6070,#6067,#9677,.T.);
#7286=EDGE_CURVE('',#6069,#6070,#9678,.T.);
#7287=EDGE_CURVE('',#6071,#6072,#9679,.T.);
#7288=EDGE_CURVE('',#6073,#6072,#9680,.T.);
#7289=EDGE_CURVE('',#6074,#6073,#9681,.T.);
#7290=EDGE_CURVE('',#6074,#6071,#9682,.T.);
#7291=EDGE_CURVE('',#6075,#6076,#9683,.T.);
#7292=EDGE_CURVE('',#6077,#6076,#8605,.T.);
#7293=EDGE_CURVE('',#6078,#6077,#9684,.T.);
#7294=EDGE_CURVE('',#6078,#6075,#8606,.T.);
#7295=EDGE_CURVE('',#6079,#6077,#9685,.T.);
#7296=EDGE_CURVE('',#6080,#6079,#9686,.T.);
#7297=EDGE_CURVE('',#6080,#6078,#9687,.T.);
#7298=EDGE_CURVE('',#6081,#6079,#8607,.T.);
#7299=EDGE_CURVE('',#6082,#6081,#9688,.T.);
#7300=EDGE_CURVE('',#6082,#6080,#8608,.T.);
#7301=EDGE_CURVE('',#6083,#6081,#9689,.T.);
#7302=EDGE_CURVE('',#6084,#6083,#9690,.T.);
#7303=EDGE_CURVE('',#6084,#6082,#9691,.T.);
#7304=EDGE_CURVE('',#6085,#6083,#9692,.T.);
#7305=EDGE_CURVE('',#6086,#6085,#9693,.T.);
#7306=EDGE_CURVE('',#6086,#6084,#9694,.T.);
#7307=EDGE_CURVE('',#6087,#6085,#9695,.T.);
#7308=EDGE_CURVE('',#6088,#6087,#9696,.T.);
#7309=EDGE_CURVE('',#6088,#6086,#9697,.T.);
#7310=EDGE_CURVE('',#6089,#6087,#9698,.T.);
#7311=EDGE_CURVE('',#6090,#6089,#9699,.T.);
#7312=EDGE_CURVE('',#6090,#6088,#9700,.T.);
#7313=EDGE_CURVE('',#6091,#6089,#9701,.T.);
#7314=EDGE_CURVE('',#6092,#6091,#9702,.T.);
#7315=EDGE_CURVE('',#6092,#6090,#9703,.T.);
#7316=EDGE_CURVE('',#6093,#6091,#8609,.T.);
#7317=EDGE_CURVE('',#6094,#6093,#9704,.T.);
#7318=EDGE_CURVE('',#6094,#6092,#8610,.T.);
#7319=EDGE_CURVE('',#6095,#6093,#9705,.T.);
#7320=EDGE_CURVE('',#6096,#6095,#9706,.T.);
#7321=EDGE_CURVE('',#6096,#6094,#9707,.T.);
#7322=EDGE_CURVE('',#6097,#6095,#8611,.T.);
#7323=EDGE_CURVE('',#6098,#6097,#9708,.T.);
#7324=EDGE_CURVE('',#6098,#6096,#8612,.T.);
#7325=EDGE_CURVE('',#6072,#6099,#9709,.T.);
#7326=EDGE_CURVE('',#6071,#6100,#9710,.T.);
#7327=EDGE_CURVE('',#6100,#6099,#9711,.T.);
#7328=EDGE_CURVE('',#6101,#6098,#9712,.T.);
#7329=EDGE_CURVE('',#6102,#6097,#9713,.T.);
#7330=EDGE_CURVE('',#6101,#6102,#9714,.T.);
#7331=EDGE_CURVE('',#6103,#6074,#9715,.T.);
#7332=EDGE_CURVE('',#6100,#6103,#9716,.T.);
#7333=EDGE_CURVE('',#6104,#6037,#9717,.T.);
#7334=EDGE_CURVE('',#6104,#6041,#9718,.T.);
#7335=EDGE_CURVE('',#6046,#6069,#9719,.T.);
#7336=EDGE_CURVE('',#6075,#6105,#9720,.T.);
#7337=EDGE_CURVE('',#6105,#6101,#9721,.T.);
#7338=EDGE_CURVE('',#6076,#6106,#9722,.T.);
#7339=EDGE_CURVE('',#6105,#6106,#9723,.T.);
#7340=EDGE_CURVE('',#6107,#6073,#9724,.T.);
#7341=EDGE_CURVE('',#6099,#6107,#9725,.T.);
#7342=EDGE_CURVE('',#6108,#6038,#9726,.T.);
#7343=EDGE_CURVE('',#6108,#6042,#9727,.T.);
#7344=EDGE_CURVE('',#6044,#6070,#9728,.T.);
#7345=EDGE_CURVE('',#6106,#6102,#9729,.T.);
#7346=EDGE_CURVE('',#6109,#6110,#9730,.T.);
#7347=EDGE_CURVE('',#6111,#6110,#9731,.T.);
#7348=EDGE_CURVE('',#6112,#6111,#9732,.T.);
#7349=EDGE_CURVE('',#6112,#6109,#9733,.T.);
#7350=EDGE_CURVE('',#6113,#6112,#9734,.T.);
#7351=EDGE_CURVE('',#6114,#6111,#9735,.T.);
#7352=EDGE_CURVE('',#6113,#6114,#9736,.T.);
#7353=EDGE_CURVE('',#6115,#6116,#9737,.T.);
#7354=EDGE_CURVE('',#6117,#6115,#9738,.T.);
#7355=EDGE_CURVE('',#6117,#6118,#9739,.T.);
#7356=EDGE_CURVE('',#6118,#6116,#9740,.T.);
#7357=EDGE_CURVE('',#6119,#6115,#8613,.T.);
#7358=EDGE_CURVE('',#6120,#6119,#9741,.T.);
#7359=EDGE_CURVE('',#6120,#6117,#8614,.T.);
#7360=EDGE_CURVE('',#6121,#6119,#9742,.T.);
#7361=EDGE_CURVE('',#6122,#6121,#9743,.T.);
#7362=EDGE_CURVE('',#6122,#6120,#9744,.T.);
#7363=EDGE_CURVE('',#6123,#6121,#8615,.T.);
#7364=EDGE_CURVE('',#6124,#6123,#9745,.T.);
#7365=EDGE_CURVE('',#6124,#6122,#8616,.T.);
#7366=EDGE_CURVE('',#6125,#6123,#9746,.T.);
#7367=EDGE_CURVE('',#6126,#6125,#9747,.T.);
#7368=EDGE_CURVE('',#6126,#6124,#9748,.T.);
#7369=EDGE_CURVE('',#6127,#6125,#9749,.T.);
#7370=EDGE_CURVE('',#6128,#6127,#9750,.T.);
#7371=EDGE_CURVE('',#6128,#6126,#9751,.T.);
#7372=EDGE_CURVE('',#6129,#6127,#9752,.T.);
#7373=EDGE_CURVE('',#6130,#6129,#9753,.T.);
#7374=EDGE_CURVE('',#6130,#6128,#9754,.T.);
#7375=EDGE_CURVE('',#6131,#6129,#9755,.T.);
#7376=EDGE_CURVE('',#6132,#6131,#9756,.T.);
#7377=EDGE_CURVE('',#6132,#6130,#9757,.T.);
#7378=EDGE_CURVE('',#6133,#6131,#9758,.T.);
#7379=EDGE_CURVE('',#6134,#6133,#9759,.T.);
#7380=EDGE_CURVE('',#6134,#6132,#9760,.T.);
#7381=EDGE_CURVE('',#6135,#6133,#8617,.T.);
#7382=EDGE_CURVE('',#6136,#6135,#9761,.T.);
#7383=EDGE_CURVE('',#6136,#6134,#8618,.T.);
#7384=EDGE_CURVE('',#6137,#6135,#9762,.T.);
#7385=EDGE_CURVE('',#6138,#6137,#9763,.T.);
#7386=EDGE_CURVE('',#6138,#6136,#9764,.T.);
#7387=EDGE_CURVE('',#6139,#6137,#8619,.T.);
#7388=EDGE_CURVE('',#6140,#6139,#9765,.T.);
#7389=EDGE_CURVE('',#6140,#6138,#8620,.T.);
#7390=EDGE_CURVE('',#6141,#6140,#9766,.T.);
#7391=EDGE_CURVE('',#6142,#6139,#9767,.T.);
#7392=EDGE_CURVE('',#6141,#6142,#9768,.T.);
#7393=EDGE_CURVE('',#6143,#6144,#9769,.T.);
#7394=EDGE_CURVE('',#6145,#6144,#9770,.T.);
#7395=EDGE_CURVE('',#6146,#6145,#9771,.T.);
#7396=EDGE_CURVE('',#6146,#6143,#9772,.T.);
#7397=EDGE_CURVE('',#6147,#6148,#9773,.T.);
#7398=EDGE_CURVE('',#6149,#6148,#8621,.T.);
#7399=EDGE_CURVE('',#6150,#6149,#9774,.T.);
#7400=EDGE_CURVE('',#6150,#6147,#8622,.T.);
#7401=EDGE_CURVE('',#6151,#6149,#9775,.T.);
#7402=EDGE_CURVE('',#6152,#6151,#9776,.T.);
#7403=EDGE_CURVE('',#6152,#6150,#9777,.T.);
#7404=EDGE_CURVE('',#6153,#6151,#8623,.T.);
#7405=EDGE_CURVE('',#6154,#6153,#9778,.T.);
#7406=EDGE_CURVE('',#6154,#6152,#8624,.T.);
#7407=EDGE_CURVE('',#6155,#6153,#9779,.T.);
#7408=EDGE_CURVE('',#6156,#6155,#9780,.T.);
#7409=EDGE_CURVE('',#6156,#6154,#9781,.T.);
#7410=EDGE_CURVE('',#6157,#6155,#9782,.T.);
#7411=EDGE_CURVE('',#6158,#6157,#9783,.T.);
#7412=EDGE_CURVE('',#6158,#6156,#9784,.T.);
#7413=EDGE_CURVE('',#6159,#6157,#9785,.T.);
#7414=EDGE_CURVE('',#6160,#6159,#9786,.T.);
#7415=EDGE_CURVE('',#6160,#6158,#9787,.T.);
#7416=EDGE_CURVE('',#6161,#6159,#9788,.T.);
#7417=EDGE_CURVE('',#6162,#6161,#9789,.T.);
#7418=EDGE_CURVE('',#6162,#6160,#9790,.T.);
#7419=EDGE_CURVE('',#6163,#6161,#9791,.T.);
#7420=EDGE_CURVE('',#6164,#6163,#9792,.T.);
#7421=EDGE_CURVE('',#6164,#6162,#9793,.T.);
#7422=EDGE_CURVE('',#6165,#6163,#8625,.T.);
#7423=EDGE_CURVE('',#6166,#6165,#9794,.T.);
#7424=EDGE_CURVE('',#6166,#6164,#8626,.T.);
#7425=EDGE_CURVE('',#6167,#6165,#9795,.T.);
#7426=EDGE_CURVE('',#6168,#6167,#9796,.T.);
#7427=EDGE_CURVE('',#6168,#6166,#9797,.T.);
#7428=EDGE_CURVE('',#6169,#6167,#8627,.T.);
#7429=EDGE_CURVE('',#6170,#6169,#9798,.T.);
#7430=EDGE_CURVE('',#6170,#6168,#8628,.T.);
#7431=EDGE_CURVE('',#6144,#6171,#9799,.T.);
#7432=EDGE_CURVE('',#6143,#6172,#9800,.T.);
#7433=EDGE_CURVE('',#6172,#6171,#9801,.T.);
#7434=EDGE_CURVE('',#6173,#6170,#9802,.T.);
#7435=EDGE_CURVE('',#6174,#6169,#9803,.T.);
#7436=EDGE_CURVE('',#6173,#6174,#9804,.T.);
#7437=EDGE_CURVE('',#6175,#6146,#9805,.T.);
#7438=EDGE_CURVE('',#6172,#6175,#9806,.T.);
#7439=EDGE_CURVE('',#6176,#6109,#9807,.T.);
#7440=EDGE_CURVE('',#6176,#6113,#9808,.T.);
#7441=EDGE_CURVE('',#6118,#6141,#9809,.T.);
#7442=EDGE_CURVE('',#6147,#6177,#9810,.T.);
#7443=EDGE_CURVE('',#6177,#6173,#9811,.T.);
#7444=EDGE_CURVE('',#6148,#6178,#9812,.T.);
#7445=EDGE_CURVE('',#6177,#6178,#9813,.T.);
#7446=EDGE_CURVE('',#6179,#6145,#9814,.T.);
#7447=EDGE_CURVE('',#6171,#6179,#9815,.T.);
#7448=EDGE_CURVE('',#6180,#6110,#9816,.T.);
#7449=EDGE_CURVE('',#6180,#6114,#9817,.T.);
#7450=EDGE_CURVE('',#6116,#6142,#9818,.T.);
#7451=EDGE_CURVE('',#6178,#6174,#9819,.T.);
#7452=EDGE_CURVE('',#6181,#6182,#9820,.T.);
#7453=EDGE_CURVE('',#6183,#6182,#9821,.T.);
#7454=EDGE_CURVE('',#6184,#6183,#9822,.T.);
#7455=EDGE_CURVE('',#6184,#6181,#9823,.T.);
#7456=EDGE_CURVE('',#6185,#6184,#9824,.T.);
#7457=EDGE_CURVE('',#6186,#6183,#9825,.T.);
#7458=EDGE_CURVE('',#6185,#6186,#9826,.T.);
#7459=EDGE_CURVE('',#6187,#6188,#9827,.T.);
#7460=EDGE_CURVE('',#6189,#6187,#9828,.T.);
#7461=EDGE_CURVE('',#6189,#6190,#9829,.T.);
#7462=EDGE_CURVE('',#6190,#6188,#9830,.T.);
#7463=EDGE_CURVE('',#6191,#6187,#8629,.T.);
#7464=EDGE_CURVE('',#6192,#6191,#9831,.T.);
#7465=EDGE_CURVE('',#6192,#6189,#8630,.T.);
#7466=EDGE_CURVE('',#6193,#6191,#9832,.T.);
#7467=EDGE_CURVE('',#6194,#6193,#9833,.T.);
#7468=EDGE_CURVE('',#6194,#6192,#9834,.T.);
#7469=EDGE_CURVE('',#6195,#6193,#8631,.T.);
#7470=EDGE_CURVE('',#6196,#6195,#9835,.T.);
#7471=EDGE_CURVE('',#6196,#6194,#8632,.T.);
#7472=EDGE_CURVE('',#6197,#6195,#9836,.T.);
#7473=EDGE_CURVE('',#6198,#6197,#9837,.T.);
#7474=EDGE_CURVE('',#6198,#6196,#9838,.T.);
#7475=EDGE_CURVE('',#6199,#6197,#9839,.T.);
#7476=EDGE_CURVE('',#6200,#6199,#9840,.T.);
#7477=EDGE_CURVE('',#6200,#6198,#9841,.T.);
#7478=EDGE_CURVE('',#6201,#6199,#9842,.T.);
#7479=EDGE_CURVE('',#6202,#6201,#9843,.T.);
#7480=EDGE_CURVE('',#6202,#6200,#9844,.T.);
#7481=EDGE_CURVE('',#6203,#6201,#9845,.T.);
#7482=EDGE_CURVE('',#6204,#6203,#9846,.T.);
#7483=EDGE_CURVE('',#6204,#6202,#9847,.T.);
#7484=EDGE_CURVE('',#6205,#6203,#9848,.T.);
#7485=EDGE_CURVE('',#6206,#6205,#9849,.T.);
#7486=EDGE_CURVE('',#6206,#6204,#9850,.T.);
#7487=EDGE_CURVE('',#6207,#6205,#8633,.T.);
#7488=EDGE_CURVE('',#6208,#6207,#9851,.T.);
#7489=EDGE_CURVE('',#6208,#6206,#8634,.T.);
#7490=EDGE_CURVE('',#6209,#6207,#9852,.T.);
#7491=EDGE_CURVE('',#6210,#6209,#9853,.T.);
#7492=EDGE_CURVE('',#6210,#6208,#9854,.T.);
#7493=EDGE_CURVE('',#6211,#6209,#8635,.T.);
#7494=EDGE_CURVE('',#6212,#6211,#9855,.T.);
#7495=EDGE_CURVE('',#6212,#6210,#8636,.T.);
#7496=EDGE_CURVE('',#6213,#6212,#9856,.T.);
#7497=EDGE_CURVE('',#6214,#6211,#9857,.T.);
#7498=EDGE_CURVE('',#6213,#6214,#9858,.T.);
#7499=EDGE_CURVE('',#6215,#6216,#9859,.T.);
#7500=EDGE_CURVE('',#6217,#6216,#9860,.T.);
#7501=EDGE_CURVE('',#6218,#6217,#9861,.T.);
#7502=EDGE_CURVE('',#6218,#6215,#9862,.T.);
#7503=EDGE_CURVE('',#6219,#6220,#9863,.T.);
#7504=EDGE_CURVE('',#6221,#6220,#8637,.T.);
#7505=EDGE_CURVE('',#6222,#6221,#9864,.T.);
#7506=EDGE_CURVE('',#6222,#6219,#8638,.T.);
#7507=EDGE_CURVE('',#6223,#6221,#9865,.T.);
#7508=EDGE_CURVE('',#6224,#6223,#9866,.T.);
#7509=EDGE_CURVE('',#6224,#6222,#9867,.T.);
#7510=EDGE_CURVE('',#6225,#6223,#8639,.T.);
#7511=EDGE_CURVE('',#6226,#6225,#9868,.T.);
#7512=EDGE_CURVE('',#6226,#6224,#8640,.T.);
#7513=EDGE_CURVE('',#6227,#6225,#9869,.T.);
#7514=EDGE_CURVE('',#6228,#6227,#9870,.T.);
#7515=EDGE_CURVE('',#6228,#6226,#9871,.T.);
#7516=EDGE_CURVE('',#6229,#6227,#9872,.T.);
#7517=EDGE_CURVE('',#6230,#6229,#9873,.T.);
#7518=EDGE_CURVE('',#6230,#6228,#9874,.T.);
#7519=EDGE_CURVE('',#6231,#6229,#9875,.T.);
#7520=EDGE_CURVE('',#6232,#6231,#9876,.T.);
#7521=EDGE_CURVE('',#6232,#6230,#9877,.T.);
#7522=EDGE_CURVE('',#6233,#6231,#9878,.T.);
#7523=EDGE_CURVE('',#6234,#6233,#9879,.T.);
#7524=EDGE_CURVE('',#6234,#6232,#9880,.T.);
#7525=EDGE_CURVE('',#6235,#6233,#9881,.T.);
#7526=EDGE_CURVE('',#6236,#6235,#9882,.T.);
#7527=EDGE_CURVE('',#6236,#6234,#9883,.T.);
#7528=EDGE_CURVE('',#6237,#6235,#8641,.T.);
#7529=EDGE_CURVE('',#6238,#6237,#9884,.T.);
#7530=EDGE_CURVE('',#6238,#6236,#8642,.T.);
#7531=EDGE_CURVE('',#6239,#6237,#9885,.T.);
#7532=EDGE_CURVE('',#6240,#6239,#9886,.T.);
#7533=EDGE_CURVE('',#6240,#6238,#9887,.T.);
#7534=EDGE_CURVE('',#6241,#6239,#8643,.T.);
#7535=EDGE_CURVE('',#6242,#6241,#9888,.T.);
#7536=EDGE_CURVE('',#6242,#6240,#8644,.T.);
#7537=EDGE_CURVE('',#6216,#6243,#9889,.T.);
#7538=EDGE_CURVE('',#6215,#6244,#9890,.T.);
#7539=EDGE_CURVE('',#6244,#6243,#9891,.T.);
#7540=EDGE_CURVE('',#6245,#6242,#9892,.T.);
#7541=EDGE_CURVE('',#6246,#6241,#9893,.T.);
#7542=EDGE_CURVE('',#6245,#6246,#9894,.T.);
#7543=EDGE_CURVE('',#6247,#6218,#9895,.T.);
#7544=EDGE_CURVE('',#6244,#6247,#9896,.T.);
#7545=EDGE_CURVE('',#6248,#6181,#9897,.T.);
#7546=EDGE_CURVE('',#6248,#6185,#9898,.T.);
#7547=EDGE_CURVE('',#6190,#6213,#9899,.T.);
#7548=EDGE_CURVE('',#6219,#6249,#9900,.T.);
#7549=EDGE_CURVE('',#6249,#6245,#9901,.T.);
#7550=EDGE_CURVE('',#6220,#6250,#9902,.T.);
#7551=EDGE_CURVE('',#6249,#6250,#9903,.T.);
#7552=EDGE_CURVE('',#6251,#6217,#9904,.T.);
#7553=EDGE_CURVE('',#6243,#6251,#9905,.T.);
#7554=EDGE_CURVE('',#6252,#6182,#9906,.T.);
#7555=EDGE_CURVE('',#6252,#6186,#9907,.T.);
#7556=EDGE_CURVE('',#6188,#6214,#9908,.T.);
#7557=EDGE_CURVE('',#6250,#6246,#9909,.T.);
#7558=EDGE_CURVE('',#6253,#6254,#9910,.T.);
#7559=EDGE_CURVE('',#6255,#6254,#9911,.T.);
#7560=EDGE_CURVE('',#6256,#6255,#9912,.T.);
#7561=EDGE_CURVE('',#6256,#6253,#9913,.T.);
#7562=EDGE_CURVE('',#6257,#6256,#9914,.T.);
#7563=EDGE_CURVE('',#6258,#6255,#9915,.T.);
#7564=EDGE_CURVE('',#6257,#6258,#9916,.T.);
#7565=EDGE_CURVE('',#6259,#6260,#9917,.T.);
#7566=EDGE_CURVE('',#6261,#6259,#9918,.T.);
#7567=EDGE_CURVE('',#6261,#6262,#9919,.T.);
#7568=EDGE_CURVE('',#6262,#6260,#9920,.T.);
#7569=EDGE_CURVE('',#6263,#6259,#8645,.T.);
#7570=EDGE_CURVE('',#6264,#6263,#9921,.T.);
#7571=EDGE_CURVE('',#6264,#6261,#8646,.T.);
#7572=EDGE_CURVE('',#6265,#6263,#9922,.T.);
#7573=EDGE_CURVE('',#6266,#6265,#9923,.T.);
#7574=EDGE_CURVE('',#6266,#6264,#9924,.T.);
#7575=EDGE_CURVE('',#6267,#6265,#8647,.T.);
#7576=EDGE_CURVE('',#6268,#6267,#9925,.T.);
#7577=EDGE_CURVE('',#6268,#6266,#8648,.T.);
#7578=EDGE_CURVE('',#6269,#6267,#9926,.T.);
#7579=EDGE_CURVE('',#6270,#6269,#9927,.T.);
#7580=EDGE_CURVE('',#6270,#6268,#9928,.T.);
#7581=EDGE_CURVE('',#6271,#6269,#9929,.T.);
#7582=EDGE_CURVE('',#6272,#6271,#9930,.T.);
#7583=EDGE_CURVE('',#6272,#6270,#9931,.T.);
#7584=EDGE_CURVE('',#6273,#6271,#9932,.T.);
#7585=EDGE_CURVE('',#6274,#6273,#9933,.T.);
#7586=EDGE_CURVE('',#6274,#6272,#9934,.T.);
#7587=EDGE_CURVE('',#6275,#6273,#9935,.T.);
#7588=EDGE_CURVE('',#6276,#6275,#9936,.T.);
#7589=EDGE_CURVE('',#6276,#6274,#9937,.T.);
#7590=EDGE_CURVE('',#6277,#6275,#9938,.T.);
#7591=EDGE_CURVE('',#6278,#6277,#9939,.T.);
#7592=EDGE_CURVE('',#6278,#6276,#9940,.T.);
#7593=EDGE_CURVE('',#6279,#6277,#8649,.T.);
#7594=EDGE_CURVE('',#6280,#6279,#9941,.T.);
#7595=EDGE_CURVE('',#6280,#6278,#8650,.T.);
#7596=EDGE_CURVE('',#6281,#6279,#9942,.T.);
#7597=EDGE_CURVE('',#6282,#6281,#9943,.T.);
#7598=EDGE_CURVE('',#6282,#6280,#9944,.T.);
#7599=EDGE_CURVE('',#6283,#6281,#8651,.T.);
#7600=EDGE_CURVE('',#6284,#6283,#9945,.T.);
#7601=EDGE_CURVE('',#6284,#6282,#8652,.T.);
#7602=EDGE_CURVE('',#6285,#6284,#9946,.T.);
#7603=EDGE_CURVE('',#6286,#6283,#9947,.T.);
#7604=EDGE_CURVE('',#6285,#6286,#9948,.T.);
#7605=EDGE_CURVE('',#6287,#6288,#9949,.T.);
#7606=EDGE_CURVE('',#6289,#6288,#9950,.T.);
#7607=EDGE_CURVE('',#6290,#6289,#9951,.T.);
#7608=EDGE_CURVE('',#6290,#6287,#9952,.T.);
#7609=EDGE_CURVE('',#6291,#6292,#9953,.T.);
#7610=EDGE_CURVE('',#6293,#6292,#8653,.T.);
#7611=EDGE_CURVE('',#6294,#6293,#9954,.T.);
#7612=EDGE_CURVE('',#6294,#6291,#8654,.T.);
#7613=EDGE_CURVE('',#6295,#6293,#9955,.T.);
#7614=EDGE_CURVE('',#6296,#6295,#9956,.T.);
#7615=EDGE_CURVE('',#6296,#6294,#9957,.T.);
#7616=EDGE_CURVE('',#6297,#6295,#8655,.T.);
#7617=EDGE_CURVE('',#6298,#6297,#9958,.T.);
#7618=EDGE_CURVE('',#6298,#6296,#8656,.T.);
#7619=EDGE_CURVE('',#6299,#6297,#9959,.T.);
#7620=EDGE_CURVE('',#6300,#6299,#9960,.T.);
#7621=EDGE_CURVE('',#6300,#6298,#9961,.T.);
#7622=EDGE_CURVE('',#6301,#6299,#9962,.T.);
#7623=EDGE_CURVE('',#6302,#6301,#9963,.T.);
#7624=EDGE_CURVE('',#6302,#6300,#9964,.T.);
#7625=EDGE_CURVE('',#6303,#6301,#9965,.T.);
#7626=EDGE_CURVE('',#6304,#6303,#9966,.T.);
#7627=EDGE_CURVE('',#6304,#6302,#9967,.T.);
#7628=EDGE_CURVE('',#6305,#6303,#9968,.T.);
#7629=EDGE_CURVE('',#6306,#6305,#9969,.T.);
#7630=EDGE_CURVE('',#6306,#6304,#9970,.T.);
#7631=EDGE_CURVE('',#6307,#6305,#9971,.T.);
#7632=EDGE_CURVE('',#6308,#6307,#9972,.T.);
#7633=EDGE_CURVE('',#6308,#6306,#9973,.T.);
#7634=EDGE_CURVE('',#6309,#6307,#8657,.T.);
#7635=EDGE_CURVE('',#6310,#6309,#9974,.T.);
#7636=EDGE_CURVE('',#6310,#6308,#8658,.T.);
#7637=EDGE_CURVE('',#6311,#6309,#9975,.T.);
#7638=EDGE_CURVE('',#6312,#6311,#9976,.T.);
#7639=EDGE_CURVE('',#6312,#6310,#9977,.T.);
#7640=EDGE_CURVE('',#6313,#6311,#8659,.T.);
#7641=EDGE_CURVE('',#6314,#6313,#9978,.T.);
#7642=EDGE_CURVE('',#6314,#6312,#8660,.T.);
#7643=EDGE_CURVE('',#6288,#6315,#9979,.T.);
#7644=EDGE_CURVE('',#6287,#6316,#9980,.T.);
#7645=EDGE_CURVE('',#6316,#6315,#9981,.T.);
#7646=EDGE_CURVE('',#6317,#6314,#9982,.T.);
#7647=EDGE_CURVE('',#6318,#6313,#9983,.T.);
#7648=EDGE_CURVE('',#6317,#6318,#9984,.T.);
#7649=EDGE_CURVE('',#6319,#6290,#9985,.T.);
#7650=EDGE_CURVE('',#6316,#6319,#9986,.T.);
#7651=EDGE_CURVE('',#6320,#6253,#9987,.T.);
#7652=EDGE_CURVE('',#6320,#6257,#9988,.T.);
#7653=EDGE_CURVE('',#6262,#6285,#9989,.T.);
#7654=EDGE_CURVE('',#6291,#6321,#9990,.T.);
#7655=EDGE_CURVE('',#6321,#6317,#9991,.T.);
#7656=EDGE_CURVE('',#6292,#6322,#9992,.T.);
#7657=EDGE_CURVE('',#6321,#6322,#9993,.T.);
#7658=EDGE_CURVE('',#6323,#6289,#9994,.T.);
#7659=EDGE_CURVE('',#6315,#6323,#9995,.T.);
#7660=EDGE_CURVE('',#6324,#6254,#9996,.T.);
#7661=EDGE_CURVE('',#6324,#6258,#9997,.T.);
#7662=EDGE_CURVE('',#6260,#6286,#9998,.T.);
#7663=EDGE_CURVE('',#6322,#6318,#9999,.T.);
#7664=EDGE_CURVE('',#6325,#6326,#10000,.T.);
#7665=EDGE_CURVE('',#6327,#6326,#10001,.T.);
#7666=EDGE_CURVE('',#6328,#6327,#10002,.T.);
#7667=EDGE_CURVE('',#6328,#6325,#10003,.T.);
#7668=EDGE_CURVE('',#6329,#6328,#10004,.T.);
#7669=EDGE_CURVE('',#6330,#6327,#10005,.T.);
#7670=EDGE_CURVE('',#6329,#6330,#10006,.T.);
#7671=EDGE_CURVE('',#6331,#6332,#10007,.T.);
#7672=EDGE_CURVE('',#6333,#6331,#10008,.T.);
#7673=EDGE_CURVE('',#6333,#6334,#10009,.T.);
#7674=EDGE_CURVE('',#6334,#6332,#10010,.T.);
#7675=EDGE_CURVE('',#6335,#6331,#8661,.T.);
#7676=EDGE_CURVE('',#6336,#6335,#10011,.T.);
#7677=EDGE_CURVE('',#6336,#6333,#8662,.T.);
#7678=EDGE_CURVE('',#6337,#6335,#10012,.T.);
#7679=EDGE_CURVE('',#6338,#6337,#10013,.T.);
#7680=EDGE_CURVE('',#6338,#6336,#10014,.T.);
#7681=EDGE_CURVE('',#6339,#6337,#8663,.T.);
#7682=EDGE_CURVE('',#6340,#6339,#10015,.T.);
#7683=EDGE_CURVE('',#6340,#6338,#8664,.T.);
#7684=EDGE_CURVE('',#6341,#6339,#10016,.T.);
#7685=EDGE_CURVE('',#6342,#6341,#10017,.T.);
#7686=EDGE_CURVE('',#6342,#6340,#10018,.T.);
#7687=EDGE_CURVE('',#6343,#6341,#10019,.T.);
#7688=EDGE_CURVE('',#6344,#6343,#10020,.T.);
#7689=EDGE_CURVE('',#6344,#6342,#10021,.T.);
#7690=EDGE_CURVE('',#6345,#6343,#10022,.T.);
#7691=EDGE_CURVE('',#6346,#6345,#10023,.T.);
#7692=EDGE_CURVE('',#6346,#6344,#10024,.T.);
#7693=EDGE_CURVE('',#6347,#6345,#10025,.T.);
#7694=EDGE_CURVE('',#6348,#6347,#10026,.T.);
#7695=EDGE_CURVE('',#6348,#6346,#10027,.T.);
#7696=EDGE_CURVE('',#6349,#6347,#10028,.T.);
#7697=EDGE_CURVE('',#6350,#6349,#10029,.T.);
#7698=EDGE_CURVE('',#6350,#6348,#10030,.T.);
#7699=EDGE_CURVE('',#6351,#6349,#8665,.T.);
#7700=EDGE_CURVE('',#6352,#6351,#10031,.T.);
#7701=EDGE_CURVE('',#6352,#6350,#8666,.T.);
#7702=EDGE_CURVE('',#6353,#6351,#10032,.T.);
#7703=EDGE_CURVE('',#6354,#6353,#10033,.T.);
#7704=EDGE_CURVE('',#6354,#6352,#10034,.T.);
#7705=EDGE_CURVE('',#6355,#6353,#8667,.T.);
#7706=EDGE_CURVE('',#6356,#6355,#10035,.T.);
#7707=EDGE_CURVE('',#6356,#6354,#8668,.T.);
#7708=EDGE_CURVE('',#6357,#6356,#10036,.T.);
#7709=EDGE_CURVE('',#6358,#6355,#10037,.T.);
#7710=EDGE_CURVE('',#6357,#6358,#10038,.T.);
#7711=EDGE_CURVE('',#6359,#6360,#10039,.T.);
#7712=EDGE_CURVE('',#6361,#6360,#10040,.T.);
#7713=EDGE_CURVE('',#6362,#6361,#10041,.T.);
#7714=EDGE_CURVE('',#6362,#6359,#10042,.T.);
#7715=EDGE_CURVE('',#6363,#6364,#10043,.T.);
#7716=EDGE_CURVE('',#6365,#6364,#8669,.T.);
#7717=EDGE_CURVE('',#6366,#6365,#10044,.T.);
#7718=EDGE_CURVE('',#6366,#6363,#8670,.T.);
#7719=EDGE_CURVE('',#6367,#6365,#10045,.T.);
#7720=EDGE_CURVE('',#6368,#6367,#10046,.T.);
#7721=EDGE_CURVE('',#6368,#6366,#10047,.T.);
#7722=EDGE_CURVE('',#6369,#6367,#8671,.T.);
#7723=EDGE_CURVE('',#6370,#6369,#10048,.T.);
#7724=EDGE_CURVE('',#6370,#6368,#8672,.T.);
#7725=EDGE_CURVE('',#6371,#6369,#10049,.T.);
#7726=EDGE_CURVE('',#6372,#6371,#10050,.T.);
#7727=EDGE_CURVE('',#6372,#6370,#10051,.T.);
#7728=EDGE_CURVE('',#6373,#6371,#10052,.T.);
#7729=EDGE_CURVE('',#6374,#6373,#10053,.T.);
#7730=EDGE_CURVE('',#6374,#6372,#10054,.T.);
#7731=EDGE_CURVE('',#6375,#6373,#10055,.T.);
#7732=EDGE_CURVE('',#6376,#6375,#10056,.T.);
#7733=EDGE_CURVE('',#6376,#6374,#10057,.T.);
#7734=EDGE_CURVE('',#6377,#6375,#10058,.T.);
#7735=EDGE_CURVE('',#6378,#6377,#10059,.T.);
#7736=EDGE_CURVE('',#6378,#6376,#10060,.T.);
#7737=EDGE_CURVE('',#6379,#6377,#10061,.T.);
#7738=EDGE_CURVE('',#6380,#6379,#10062,.T.);
#7739=EDGE_CURVE('',#6380,#6378,#10063,.T.);
#7740=EDGE_CURVE('',#6381,#6379,#8673,.T.);
#7741=EDGE_CURVE('',#6382,#6381,#10064,.T.);
#7742=EDGE_CURVE('',#6382,#6380,#8674,.T.);
#7743=EDGE_CURVE('',#6383,#6381,#10065,.T.);
#7744=EDGE_CURVE('',#6384,#6383,#10066,.T.);
#7745=EDGE_CURVE('',#6384,#6382,#10067,.T.);
#7746=EDGE_CURVE('',#6385,#6383,#8675,.T.);
#7747=EDGE_CURVE('',#6386,#6385,#10068,.T.);
#7748=EDGE_CURVE('',#6386,#6384,#8676,.T.);
#7749=EDGE_CURVE('',#6360,#6387,#10069,.T.);
#7750=EDGE_CURVE('',#6359,#6388,#10070,.T.);
#7751=EDGE_CURVE('',#6388,#6387,#10071,.T.);
#7752=EDGE_CURVE('',#6389,#6386,#10072,.T.);
#7753=EDGE_CURVE('',#6390,#6385,#10073,.T.);
#7754=EDGE_CURVE('',#6389,#6390,#10074,.T.);
#7755=EDGE_CURVE('',#6391,#6362,#10075,.T.);
#7756=EDGE_CURVE('',#6388,#6391,#10076,.T.);
#7757=EDGE_CURVE('',#6392,#6325,#10077,.T.);
#7758=EDGE_CURVE('',#6392,#6329,#10078,.T.);
#7759=EDGE_CURVE('',#6334,#6357,#10079,.T.);
#7760=EDGE_CURVE('',#6363,#6393,#10080,.T.);
#7761=EDGE_CURVE('',#6393,#6389,#10081,.T.);
#7762=EDGE_CURVE('',#6364,#6394,#10082,.T.);
#7763=EDGE_CURVE('',#6393,#6394,#10083,.T.);
#7764=EDGE_CURVE('',#6395,#6361,#10084,.T.);
#7765=EDGE_CURVE('',#6387,#6395,#10085,.T.);
#7766=EDGE_CURVE('',#6396,#6326,#10086,.T.);
#7767=EDGE_CURVE('',#6396,#6330,#10087,.T.);
#7768=EDGE_CURVE('',#6332,#6358,#10088,.T.);
#7769=EDGE_CURVE('',#6394,#6390,#10089,.T.);
#7770=EDGE_CURVE('',#6397,#6398,#10090,.T.);
#7771=EDGE_CURVE('',#6399,#6398,#10091,.T.);
#7772=EDGE_CURVE('',#6400,#6399,#10092,.T.);
#7773=EDGE_CURVE('',#6400,#6397,#10093,.T.);
#7774=EDGE_CURVE('',#6401,#6400,#10094,.T.);
#7775=EDGE_CURVE('',#6402,#6399,#10095,.T.);
#7776=EDGE_CURVE('',#6401,#6402,#10096,.T.);
#7777=EDGE_CURVE('',#6403,#6404,#10097,.T.);
#7778=EDGE_CURVE('',#6405,#6403,#10098,.T.);
#7779=EDGE_CURVE('',#6405,#6406,#10099,.T.);
#7780=EDGE_CURVE('',#6406,#6404,#10100,.T.);
#7781=EDGE_CURVE('',#6407,#6403,#8677,.T.);
#7782=EDGE_CURVE('',#6408,#6407,#10101,.T.);
#7783=EDGE_CURVE('',#6408,#6405,#8678,.T.);
#7784=EDGE_CURVE('',#6409,#6407,#10102,.T.);
#7785=EDGE_CURVE('',#6410,#6409,#10103,.T.);
#7786=EDGE_CURVE('',#6410,#6408,#10104,.T.);
#7787=EDGE_CURVE('',#6411,#6409,#8679,.T.);
#7788=EDGE_CURVE('',#6412,#6411,#10105,.T.);
#7789=EDGE_CURVE('',#6412,#6410,#8680,.T.);
#7790=EDGE_CURVE('',#6413,#6411,#10106,.T.);
#7791=EDGE_CURVE('',#6414,#6413,#10107,.T.);
#7792=EDGE_CURVE('',#6414,#6412,#10108,.T.);
#7793=EDGE_CURVE('',#6415,#6413,#10109,.T.);
#7794=EDGE_CURVE('',#6416,#6415,#10110,.T.);
#7795=EDGE_CURVE('',#6416,#6414,#10111,.T.);
#7796=EDGE_CURVE('',#6417,#6415,#10112,.T.);
#7797=EDGE_CURVE('',#6418,#6417,#10113,.T.);
#7798=EDGE_CURVE('',#6418,#6416,#10114,.T.);
#7799=EDGE_CURVE('',#6419,#6417,#10115,.T.);
#7800=EDGE_CURVE('',#6420,#6419,#10116,.T.);
#7801=EDGE_CURVE('',#6420,#6418,#10117,.T.);
#7802=EDGE_CURVE('',#6421,#6419,#10118,.T.);
#7803=EDGE_CURVE('',#6422,#6421,#10119,.T.);
#7804=EDGE_CURVE('',#6422,#6420,#10120,.T.);
#7805=EDGE_CURVE('',#6423,#6421,#8681,.T.);
#7806=EDGE_CURVE('',#6424,#6423,#10121,.T.);
#7807=EDGE_CURVE('',#6424,#6422,#8682,.T.);
#7808=EDGE_CURVE('',#6425,#6423,#10122,.T.);
#7809=EDGE_CURVE('',#6426,#6425,#10123,.T.);
#7810=EDGE_CURVE('',#6426,#6424,#10124,.T.);
#7811=EDGE_CURVE('',#6427,#6425,#8683,.T.);
#7812=EDGE_CURVE('',#6428,#6427,#10125,.T.);
#7813=EDGE_CURVE('',#6428,#6426,#8684,.T.);
#7814=EDGE_CURVE('',#6429,#6428,#10126,.T.);
#7815=EDGE_CURVE('',#6430,#6427,#10127,.T.);
#7816=EDGE_CURVE('',#6429,#6430,#10128,.T.);
#7817=EDGE_CURVE('',#6431,#6432,#10129,.T.);
#7818=EDGE_CURVE('',#6433,#6432,#10130,.T.);
#7819=EDGE_CURVE('',#6434,#6433,#10131,.T.);
#7820=EDGE_CURVE('',#6434,#6431,#10132,.T.);
#7821=EDGE_CURVE('',#6435,#6436,#10133,.T.);
#7822=EDGE_CURVE('',#6437,#6436,#8685,.T.);
#7823=EDGE_CURVE('',#6438,#6437,#10134,.T.);
#7824=EDGE_CURVE('',#6438,#6435,#8686,.T.);
#7825=EDGE_CURVE('',#6439,#6437,#10135,.T.);
#7826=EDGE_CURVE('',#6440,#6439,#10136,.T.);
#7827=EDGE_CURVE('',#6440,#6438,#10137,.T.);
#7828=EDGE_CURVE('',#6441,#6439,#8687,.T.);
#7829=EDGE_CURVE('',#6442,#6441,#10138,.T.);
#7830=EDGE_CURVE('',#6442,#6440,#8688,.T.);
#7831=EDGE_CURVE('',#6443,#6441,#10139,.T.);
#7832=EDGE_CURVE('',#6444,#6443,#10140,.T.);
#7833=EDGE_CURVE('',#6444,#6442,#10141,.T.);
#7834=EDGE_CURVE('',#6445,#6443,#10142,.T.);
#7835=EDGE_CURVE('',#6446,#6445,#10143,.T.);
#7836=EDGE_CURVE('',#6446,#6444,#10144,.T.);
#7837=EDGE_CURVE('',#6447,#6445,#10145,.T.);
#7838=EDGE_CURVE('',#6448,#6447,#10146,.T.);
#7839=EDGE_CURVE('',#6448,#6446,#10147,.T.);
#7840=EDGE_CURVE('',#6449,#6447,#10148,.T.);
#7841=EDGE_CURVE('',#6450,#6449,#10149,.T.);
#7842=EDGE_CURVE('',#6450,#6448,#10150,.T.);
#7843=EDGE_CURVE('',#6451,#6449,#10151,.T.);
#7844=EDGE_CURVE('',#6452,#6451,#10152,.T.);
#7845=EDGE_CURVE('',#6452,#6450,#10153,.T.);
#7846=EDGE_CURVE('',#6453,#6451,#8689,.T.);
#7847=EDGE_CURVE('',#6454,#6453,#10154,.T.);
#7848=EDGE_CURVE('',#6454,#6452,#8690,.T.);
#7849=EDGE_CURVE('',#6455,#6453,#10155,.T.);
#7850=EDGE_CURVE('',#6456,#6455,#10156,.T.);
#7851=EDGE_CURVE('',#6456,#6454,#10157,.T.);
#7852=EDGE_CURVE('',#6457,#6455,#8691,.T.);
#7853=EDGE_CURVE('',#6458,#6457,#10158,.T.);
#7854=EDGE_CURVE('',#6458,#6456,#8692,.T.);
#7855=EDGE_CURVE('',#6432,#6459,#10159,.T.);
#7856=EDGE_CURVE('',#6431,#6460,#10160,.T.);
#7857=EDGE_CURVE('',#6460,#6459,#10161,.T.);
#7858=EDGE_CURVE('',#6461,#6458,#10162,.T.);
#7859=EDGE_CURVE('',#6462,#6457,#10163,.T.);
#7860=EDGE_CURVE('',#6461,#6462,#10164,.T.);
#7861=EDGE_CURVE('',#6463,#6434,#10165,.T.);
#7862=EDGE_CURVE('',#6460,#6463,#10166,.T.);
#7863=EDGE_CURVE('',#6464,#6397,#10167,.T.);
#7864=EDGE_CURVE('',#6464,#6401,#10168,.T.);
#7865=EDGE_CURVE('',#6406,#6429,#10169,.T.);
#7866=EDGE_CURVE('',#6435,#6465,#10170,.T.);
#7867=EDGE_CURVE('',#6465,#6461,#10171,.T.);
#7868=EDGE_CURVE('',#6436,#6466,#10172,.T.);
#7869=EDGE_CURVE('',#6465,#6466,#10173,.T.);
#7870=EDGE_CURVE('',#6467,#6433,#10174,.T.);
#7871=EDGE_CURVE('',#6459,#6467,#10175,.T.);
#7872=EDGE_CURVE('',#6468,#6398,#10176,.T.);
#7873=EDGE_CURVE('',#6468,#6402,#10177,.T.);
#7874=EDGE_CURVE('',#6404,#6430,#10178,.T.);
#7875=EDGE_CURVE('',#6466,#6462,#10179,.T.);
#7876=EDGE_CURVE('',#6469,#5861,#10180,.T.);
#7877=EDGE_CURVE('',#6469,#5875,#10181,.T.);
#7878=EDGE_CURVE('',#5887,#6470,#10182,.T.);
#7879=EDGE_CURVE('',#5890,#6470,#10183,.T.);
#7880=EDGE_CURVE('',#5892,#5959,#10184,.T.);
#7881=EDGE_CURVE('',#5963,#6031,#10185,.T.);
#7882=EDGE_CURVE('',#6035,#6103,#10186,.T.);
#7883=EDGE_CURVE('',#6107,#6175,#10187,.T.);
#7884=EDGE_CURVE('',#6179,#6247,#10188,.T.);
#7885=EDGE_CURVE('',#6251,#6319,#10189,.T.);
#7886=EDGE_CURVE('',#6323,#6391,#10190,.T.);
#7887=EDGE_CURVE('',#6395,#6463,#10191,.T.);
#7888=EDGE_CURVE('',#6467,#6471,#10192,.T.);
#7889=EDGE_CURVE('',#6471,#6472,#10193,.T.);
#7890=EDGE_CURVE('',#6472,#6473,#10194,.T.);
#7891=EDGE_CURVE('',#6474,#6473,#10195,.T.);
#7892=EDGE_CURVE('',#6474,#6475,#10196,.T.);
#7893=EDGE_CURVE('',#6475,#5862,#10197,.T.);
#7894=EDGE_CURVE('',#6476,#6477,#10198,.T.);
#7895=EDGE_CURVE('',#6473,#6477,#10199,.T.);
#7896=EDGE_CURVE('',#6472,#6476,#10200,.T.);
#7897=EDGE_CURVE('',#6478,#6479,#10201,.T.);
#7898=EDGE_CURVE('',#6480,#6479,#8693,.T.);
#7899=EDGE_CURVE('',#6481,#6480,#10202,.T.);
#7900=EDGE_CURVE('',#6481,#6478,#8694,.T.);
#7901=EDGE_CURVE('',#6482,#6480,#10203,.T.);
#7902=EDGE_CURVE('',#6483,#6482,#10204,.T.);
#7903=EDGE_CURVE('',#6483,#6481,#10205,.T.);
#7904=EDGE_CURVE('',#6484,#6482,#8695,.T.);
#7905=EDGE_CURVE('',#6485,#6484,#10206,.T.);
#7906=EDGE_CURVE('',#6485,#6483,#8696,.T.);
#7907=EDGE_CURVE('',#6486,#6484,#10207,.T.);
#7908=EDGE_CURVE('',#6487,#6486,#10208,.T.);
#7909=EDGE_CURVE('',#6487,#6485,#10209,.T.);
#7910=EDGE_CURVE('',#6488,#6486,#10210,.T.);
#7911=EDGE_CURVE('',#6489,#6488,#10211,.T.);
#7912=EDGE_CURVE('',#6489,#6487,#10212,.T.);
#7913=EDGE_CURVE('',#6490,#6488,#10213,.T.);
#7914=EDGE_CURVE('',#6491,#6490,#10214,.T.);
#7915=EDGE_CURVE('',#6491,#6489,#10215,.T.);
#7916=EDGE_CURVE('',#6492,#6490,#10216,.T.);
#7917=EDGE_CURVE('',#6493,#6492,#10217,.T.);
#7918=EDGE_CURVE('',#6493,#6491,#10218,.T.);
#7919=EDGE_CURVE('',#6494,#6492,#10219,.T.);
#7920=EDGE_CURVE('',#6495,#6494,#10220,.T.);
#7921=EDGE_CURVE('',#6495,#6493,#10221,.T.);
#7922=EDGE_CURVE('',#6496,#6494,#8697,.T.);
#7923=EDGE_CURVE('',#6497,#6496,#10222,.T.);
#7924=EDGE_CURVE('',#6497,#6495,#8698,.T.);
#7925=EDGE_CURVE('',#6498,#6496,#10223,.T.);
#7926=EDGE_CURVE('',#6499,#6498,#10224,.T.);
#7927=EDGE_CURVE('',#6499,#6497,#10225,.T.);
#7928=EDGE_CURVE('',#6500,#6498,#8699,.T.);
#7929=EDGE_CURVE('',#6501,#6500,#10226,.T.);
#7930=EDGE_CURVE('',#6501,#6499,#8700,.T.);
#7931=EDGE_CURVE('',#6477,#6502,#10227,.T.);
#7932=EDGE_CURVE('',#6476,#6503,#10228,.T.);
#7933=EDGE_CURVE('',#6503,#6502,#10229,.T.);
#7934=EDGE_CURVE('',#6504,#6501,#10230,.T.);
#7935=EDGE_CURVE('',#6505,#6500,#10231,.T.);
#7936=EDGE_CURVE('',#6504,#6505,#10232,.T.);
#7937=EDGE_CURVE('',#6503,#6471,#10233,.T.);
#7938=EDGE_CURVE('',#6506,#5825,#10234,.T.);
#7939=EDGE_CURVE('',#6506,#5829,#10235,.T.);
#7940=EDGE_CURVE('',#5834,#5857,#10236,.T.);
#7941=EDGE_CURVE('',#6478,#6507,#10237,.T.);
#7942=EDGE_CURVE('',#6507,#6504,#10238,.T.);
#7943=EDGE_CURVE('',#6479,#6508,#10239,.T.);
#7944=EDGE_CURVE('',#6507,#6508,#10240,.T.);
#7945=EDGE_CURVE('',#6502,#6474,#10241,.T.);
#7946=EDGE_CURVE('',#6509,#5826,#10242,.T.);
#7947=EDGE_CURVE('',#6509,#5830,#10243,.T.);
#7948=EDGE_CURVE('',#5832,#5858,#10244,.T.);
#7949=EDGE_CURVE('',#6508,#6505,#10245,.T.);
#7950=EDGE_CURVE('',#6510,#6511,#10246,.T.);
#7951=EDGE_CURVE('',#6512,#6511,#10247,.T.);
#7952=EDGE_CURVE('',#5873,#6512,#10248,.T.);
#7953=EDGE_CURVE('',#5879,#5872,#10249,.T.);
#7954=EDGE_CURVE('',#6513,#6469,#10250,.T.);
#7955=EDGE_CURVE('',#6514,#6513,#10251,.T.);
#7956=EDGE_CURVE('',#6514,#6475,#10252,.T.);
#7957=EDGE_CURVE('',#5961,#5866,#10253,.T.);
#7958=EDGE_CURVE('',#6032,#5964,#10254,.T.);
#7959=EDGE_CURVE('',#6104,#6036,#10255,.T.);
#7960=EDGE_CURVE('',#6176,#6108,#10256,.T.);
#7961=EDGE_CURVE('',#6248,#6180,#10257,.T.);
#7962=EDGE_CURVE('',#6320,#6252,#10258,.T.);
#7963=EDGE_CURVE('',#6392,#6324,#10259,.T.);
#7964=EDGE_CURVE('',#6464,#6396,#10260,.T.);
#7965=EDGE_CURVE('',#6506,#6468,#10261,.T.);
#7966=EDGE_CURVE('',#6515,#6509,#10262,.T.);
#7967=EDGE_CURVE('',#6515,#6510,#10263,.T.);
#7968=EDGE_CURVE('',#6516,#6517,#10264,.T.);
#7969=EDGE_CURVE('',#6517,#6518,#10265,.T.);
#7970=EDGE_CURVE('',#6519,#6518,#10266,.T.);
#7971=EDGE_CURVE('',#6516,#6519,#10267,.T.);
#7972=EDGE_CURVE('',#6520,#6521,#10268,.T.);
#7973=EDGE_CURVE('',#6518,#6521,#8701,.T.);
#7974=EDGE_CURVE('',#6517,#6520,#8702,.T.);
#7975=EDGE_CURVE('',#6522,#6523,#10269,.T.);
#7976=EDGE_CURVE('',#6521,#6523,#10270,.T.);
#7977=EDGE_CURVE('',#6520,#6522,#10271,.T.);
#7978=EDGE_CURVE('',#6524,#6525,#10272,.T.);
#7979=EDGE_CURVE('',#6523,#6525,#8703,.T.);
#7980=EDGE_CURVE('',#6522,#6524,#8704,.T.);
#7981=EDGE_CURVE('',#6526,#6527,#10273,.T.);
#7982=EDGE_CURVE('',#6525,#6527,#10274,.T.);
#7983=EDGE_CURVE('',#6524,#6526,#10275,.T.);
#7984=EDGE_CURVE('',#6528,#6529,#10276,.T.);
#7985=EDGE_CURVE('',#6527,#6529,#10277,.T.);
#7986=EDGE_CURVE('',#6526,#6528,#10278,.T.);
#7987=EDGE_CURVE('',#6530,#6531,#10279,.T.);
#7988=EDGE_CURVE('',#6529,#6531,#10280,.T.);
#7989=EDGE_CURVE('',#6528,#6530,#10281,.T.);
#7990=EDGE_CURVE('',#6532,#6533,#10282,.T.);
#7991=EDGE_CURVE('',#6531,#6533,#10283,.T.);
#7992=EDGE_CURVE('',#6530,#6532,#10284,.T.);
#7993=EDGE_CURVE('',#6534,#6535,#10285,.T.);
#7994=EDGE_CURVE('',#6533,#6535,#10286,.T.);
#7995=EDGE_CURVE('',#6532,#6534,#10287,.T.);
#7996=EDGE_CURVE('',#6536,#6537,#10288,.T.);
#7997=EDGE_CURVE('',#6535,#6537,#8705,.T.);
#7998=EDGE_CURVE('',#6534,#6536,#8706,.T.);
#7999=EDGE_CURVE('',#6538,#6539,#10289,.T.);
#8000=EDGE_CURVE('',#6537,#6539,#10290,.T.);
#8001=EDGE_CURVE('',#6536,#6538,#10291,.T.);
#8002=EDGE_CURVE('',#6540,#6541,#10292,.T.);
#8003=EDGE_CURVE('',#6539,#6541,#8707,.T.);
#8004=EDGE_CURVE('',#6538,#6540,#8708,.T.);
#8005=EDGE_CURVE('',#6510,#5824,#10293,.T.);
#8006=EDGE_CURVE('',#6511,#5823,#10294,.T.);
#8007=EDGE_CURVE('',#6541,#6542,#10295,.T.);
#8008=EDGE_CURVE('',#6540,#6543,#10296,.T.);
#8009=EDGE_CURVE('',#6543,#6542,#10297,.T.);
#8010=EDGE_CURVE('',#6544,#6545,#10298,.T.);
#8011=EDGE_CURVE('',#6546,#6545,#8709,.T.);
#8012=EDGE_CURVE('',#6547,#6546,#10299,.T.);
#8013=EDGE_CURVE('',#6547,#6544,#8710,.T.);
#8014=EDGE_CURVE('',#6548,#6549,#10300,.T.);
#8015=EDGE_CURVE('',#6545,#6549,#10301,.T.);
#8016=EDGE_CURVE('',#6544,#6548,#10302,.T.);
#8017=EDGE_CURVE('',#6550,#6551,#10303,.T.);
#8018=EDGE_CURVE('',#6549,#6551,#8711,.T.);
#8019=EDGE_CURVE('',#6548,#6550,#8712,.T.);
#8020=EDGE_CURVE('',#6552,#6553,#10304,.T.);
#8021=EDGE_CURVE('',#6551,#6553,#10305,.T.);
#8022=EDGE_CURVE('',#6550,#6552,#10306,.T.);
#8023=EDGE_CURVE('',#6554,#6555,#10307,.T.);
#8024=EDGE_CURVE('',#6553,#6555,#10308,.T.);
#8025=EDGE_CURVE('',#6552,#6554,#10309,.T.);
#8026=EDGE_CURVE('',#6556,#6557,#10310,.T.);
#8027=EDGE_CURVE('',#6555,#6557,#10311,.T.);
#8028=EDGE_CURVE('',#6554,#6556,#10312,.T.);
#8029=EDGE_CURVE('',#6558,#6559,#10313,.T.);
#8030=EDGE_CURVE('',#6557,#6559,#10314,.T.);
#8031=EDGE_CURVE('',#6556,#6558,#10315,.T.);
#8032=EDGE_CURVE('',#6560,#6561,#10316,.T.);
#8033=EDGE_CURVE('',#6559,#6561,#10317,.T.);
#8034=EDGE_CURVE('',#6558,#6560,#10318,.T.);
#8035=EDGE_CURVE('',#6562,#6563,#10319,.T.);
#8036=EDGE_CURVE('',#6561,#6563,#8713,.T.);
#8037=EDGE_CURVE('',#6560,#6562,#8714,.T.);
#8038=EDGE_CURVE('',#6564,#6565,#10320,.T.);
#8039=EDGE_CURVE('',#6563,#6565,#10321,.T.);
#8040=EDGE_CURVE('',#6562,#6564,#10322,.T.);
#8041=EDGE_CURVE('',#6566,#6567,#10323,.T.);
#8042=EDGE_CURVE('',#6565,#6567,#8715,.T.);
#8043=EDGE_CURVE('',#6564,#6566,#8716,.T.);
#8044=EDGE_CURVE('',#6567,#6568,#10324,.T.);
#8045=EDGE_CURVE('',#6566,#6569,#10325,.T.);
#8046=EDGE_CURVE('',#6569,#6568,#10326,.T.);
#8047=EDGE_CURVE('',#5860,#6513,#10327,.T.);
#8048=EDGE_CURVE('',#6512,#5822,#10328,.T.);
#8049=EDGE_CURVE('',#6542,#6519,#10329,.T.);
#8050=EDGE_CURVE('',#6570,#6546,#10330,.T.);
#8051=EDGE_CURVE('',#6568,#6570,#10331,.T.);
#8052=EDGE_CURVE('',#5859,#6514,#10332,.T.);
#8053=EDGE_CURVE('',#6571,#6547,#10333,.T.);
#8054=EDGE_CURVE('',#6571,#6570,#10334,.T.);
#8055=EDGE_CURVE('',#6515,#5821,#10335,.T.);
#8056=EDGE_CURVE('',#6543,#6516,#10336,.T.);
#8057=EDGE_CURVE('',#6569,#6571,#10337,.T.);
#8058=EDGE_CURVE('',#6572,#5888,#10338,.T.);
#8059=EDGE_CURVE('',#5886,#6572,#10339,.T.);
#8060=EDGE_CURVE('',#6470,#6572,#10340,.T.);
#8061=EDGE_CURVE('',#6573,#6470,#10341,.T.);
#8062=EDGE_CURVE('',#6572,#6574,#10342,.T.);
#8063=EDGE_CURVE('',#6574,#6573,#10343,.T.);
#8064=EDGE_CURVE('',#6575,#6573,#10344,.T.);
#8065=EDGE_CURVE('',#5890,#6575,#10345,.T.);
#8066=EDGE_CURVE('',#6576,#5888,#10346,.T.);
#8067=EDGE_CURVE('',#6576,#6575,#10347,.T.);
#8068=EDGE_CURVE('',#6574,#6576,#10348,.T.);
#8069=EDGE_CURVE('',#6577,#6578,#10349,.T.);
#8070=EDGE_CURVE('',#6579,#6578,#10350,.T.);
#8071=EDGE_CURVE('',#6580,#6579,#10351,.T.);
#8072=EDGE_CURVE('',#6580,#6577,#10352,.T.);
#8073=EDGE_CURVE('',#6581,#6582,#10353,.T.);
#8074=EDGE_CURVE('',#6582,#6578,#10354,.T.);
#8075=EDGE_CURVE('',#6577,#6581,#10355,.T.);
#8076=EDGE_CURVE('',#6581,#6583,#10356,.T.);
#8077=EDGE_CURVE('',#6583,#6584,#10357,.T.);
#8078=EDGE_CURVE('',#6582,#6584,#10358,.T.);
#8079=EDGE_CURVE('',#6585,#6586,#10359,.T.);
#8080=EDGE_CURVE('',#6586,#6584,#10360,.T.);
#8081=EDGE_CURVE('',#6585,#6583,#10361,.T.);
#8082=EDGE_CURVE('',#6586,#6587,#10362,.T.);
#8083=EDGE_CURVE('',#6587,#6588,#10363,.T.);
#8084=EDGE_CURVE('',#6584,#6588,#10364,.T.);
#8085=EDGE_CURVE('',#6579,#6589,#10365,.T.);
#8086=EDGE_CURVE('',#6589,#6590,#10366,.T.);
#8087=EDGE_CURVE('',#6590,#6591,#10367,.T.);
#8088=EDGE_CURVE('',#6579,#6591,#10368,.T.);
#8089=EDGE_CURVE('',#6592,#6590,#10369,.T.);
#8090=EDGE_CURVE('',#6593,#6592,#10370,.T.);
#8091=EDGE_CURVE('',#6591,#6593,#10371,.T.);
#8092=EDGE_CURVE('',#6594,#6595,#10372,.T.);
#8093=EDGE_CURVE('',#6594,#6593,#10373,.T.);
#8094=EDGE_CURVE('',#6593,#6596,#10374,.T.);
#8095=EDGE_CURVE('',#6595,#6596,#10375,.T.);
#8096=EDGE_CURVE('',#6597,#6591,#10376,.T.);
#8097=EDGE_CURVE('',#6594,#6597,#10377,.T.);
#8098=EDGE_CURVE('',#6597,#6580,#10378,.T.);
#8099=EDGE_CURVE('',#6595,#6585,#10379,.T.);
#8100=EDGE_CURVE('',#6596,#6586,#10380,.T.);
#8101=EDGE_CURVE('',#6596,#6598,#10381,.T.);
#8102=EDGE_CURVE('',#6598,#6587,#10382,.T.);
#8103=EDGE_CURVE('',#5786,#6599,#10383,.T.);
#8104=EDGE_CURVE('',#5785,#6600,#10384,.T.);
#8105=EDGE_CURVE('',#6601,#6600,#10385,.T.);
#8106=EDGE_CURVE('',#6599,#6601,#10386,.T.);
#8107=EDGE_CURVE('',#6602,#6603,#10387,.T.);
#8108=EDGE_CURVE('',#6603,#5788,#10388,.T.);
#8109=EDGE_CURVE('',#6604,#5787,#10389,.T.);
#8110=EDGE_CURVE('',#6604,#6602,#10390,.T.);
#8111=EDGE_CURVE('',#6605,#6606,#10391,.T.);
#8112=EDGE_CURVE('',#6606,#6607,#10392,.T.);
#8113=EDGE_CURVE('',#6607,#6608,#10393,.T.);
#8114=EDGE_CURVE('',#6609,#6608,#10394,.T.);
#8115=EDGE_CURVE('',#6605,#6609,#10395,.T.);
#8116=EDGE_CURVE('',#6608,#6610,#10396,.T.);
#8117=EDGE_CURVE('',#6610,#6611,#10397,.T.);
#8118=EDGE_CURVE('',#6611,#6609,#10398,.T.);
#8119=EDGE_CURVE('',#6612,#6603,#10399,.T.);
#8120=EDGE_CURVE('',#6612,#6613,#10400,.T.);
#8121=EDGE_CURVE('',#6614,#6613,#10401,.T.);
#8122=EDGE_CURVE('',#6614,#6615,#10402,.T.);
#8123=EDGE_CURVE('',#6615,#6611,#10403,.T.);
#8124=EDGE_CURVE('',#6600,#6610,#10404,.T.);
#8125=EDGE_CURVE('',#6600,#6603,#10405,.T.);
#8126=EDGE_CURVE('',#5782,#6616,#10406,.T.);
#8127=EDGE_CURVE('',#5781,#6612,#10407,.T.);
#8128=EDGE_CURVE('',#6617,#6612,#10408,.T.);
#8129=EDGE_CURVE('',#6616,#6617,#10409,.T.);
#8130=EDGE_CURVE('',#5790,#6618,#10410,.T.);
#8131=EDGE_CURVE('',#5789,#6619,#10411,.T.);
#8132=EDGE_CURVE('',#6619,#6620,#10412,.T.);
#8133=EDGE_CURVE('',#6618,#6620,#10413,.T.);
#8134=EDGE_CURVE('',#6621,#6622,#10414,.T.);
#8135=EDGE_CURVE('',#6621,#5792,#10415,.T.);
#8136=EDGE_CURVE('',#6623,#5791,#10416,.T.);
#8137=EDGE_CURVE('',#6623,#6622,#10417,.T.);
#8138=EDGE_CURVE('',#6624,#6625,#10418,.T.);
#8139=EDGE_CURVE('',#6626,#6625,#10419,.T.);
#8140=EDGE_CURVE('',#6627,#6626,#10420,.T.);
#8141=EDGE_CURVE('',#6627,#6624,#10421,.T.);
#8142=EDGE_CURVE('',#6628,#6629,#10422,.T.);
#8143=EDGE_CURVE('',#6628,#6627,#10423,.T.);
#8144=EDGE_CURVE('',#6630,#6626,#10424,.T.);
#8145=EDGE_CURVE('',#6630,#6629,#10425,.T.);
#8146=EDGE_CURVE('',#6613,#5784,#10426,.T.);
#8147=EDGE_CURVE('',#6621,#6619,#10427,.T.);
#8148=EDGE_CURVE('',#6624,#6631,#10428,.T.);
#8149=EDGE_CURVE('',#6628,#6631,#10429,.T.);
#8150=EDGE_CURVE('',#6632,#6613,#10430,.T.);
#8151=EDGE_CURVE('',#6633,#5783,#10431,.T.);
#8152=EDGE_CURVE('',#6633,#6632,#10432,.T.);
#8153=EDGE_CURVE('',#6634,#6608,#10433,.T.);
#8154=EDGE_CURVE('',#6634,#6601,#10434,.T.);
#8155=EDGE_CURVE('',#6602,#6617,#10435,.T.);
#8156=EDGE_CURVE('',#6632,#6635,#10436,.T.);
#8157=EDGE_CURVE('',#6635,#6636,#10437,.T.);
#8158=EDGE_CURVE('',#6636,#6614,#10438,.T.);
#8159=EDGE_CURVE('',#6637,#6636,#10439,.T.);
#8160=EDGE_CURVE('',#6615,#6637,#10440,.T.);
#8161=EDGE_CURVE('',#6638,#6636,#10441,.T.);
#8162=EDGE_CURVE('',#6638,#6639,#10442,.T.);
#8163=EDGE_CURVE('',#6639,#6640,#10443,.T.);
#8164=EDGE_CURVE('',#6637,#6640,#10444,.T.);
#8165=EDGE_CURVE('',#6641,#6642,#10445,.T.);
#8166=EDGE_CURVE('',#6641,#6643,#10446,.T.);
#8167=EDGE_CURVE('',#6643,#6644,#10447,.T.);
#8168=EDGE_CURVE('',#6642,#6644,#10448,.T.);
#8169=EDGE_CURVE('',#6645,#6646,#10449,.T.);
#8170=EDGE_CURVE('',#6647,#6645,#10450,.T.);
#8171=EDGE_CURVE('',#6648,#6647,#10451,.T.);
#8172=EDGE_CURVE('',#6648,#6649,#10452,.T.);
#8173=EDGE_CURVE('',#6650,#6649,#10453,.T.);
#8174=EDGE_CURVE('',#6650,#6651,#10454,.T.);
#8175=EDGE_CURVE('',#6646,#6651,#10455,.T.);
#8176=EDGE_CURVE('',#6643,#6645,#10456,.T.);
#8177=EDGE_CURVE('',#6646,#6644,#10457,.T.);
#8178=EDGE_CURVE('',#6652,#6653,#10458,.T.);
#8179=EDGE_CURVE('',#6652,#6654,#10459,.T.);
#8180=EDGE_CURVE('',#6654,#6655,#10460,.T.);
#8181=EDGE_CURVE('',#6653,#6655,#10461,.T.);
#8182=EDGE_CURVE('',#6656,#6646,#10462,.T.);
#8183=EDGE_CURVE('',#6656,#6653,#10463,.T.);
#8184=EDGE_CURVE('',#6655,#6642,#10464,.T.);
#8185=EDGE_CURVE('',#6657,#6656,#10465,.T.);
#8186=EDGE_CURVE('',#6657,#6652,#10466,.T.);
#8187=EDGE_CURVE('',#6658,#6598,#10467,.T.);
#8188=EDGE_CURVE('',#6658,#6659,#10468,.T.);
#8189=EDGE_CURVE('',#6660,#6659,#10469,.T.);
#8190=EDGE_CURVE('',#6647,#6660,#10470,.T.);
#8191=EDGE_CURVE('',#6641,#6588,#10471,.T.);
#8192=EDGE_CURVE('',#6639,#6661,#10472,.T.);
#8193=EDGE_CURVE('',#6654,#6638,#10473,.T.);
#8194=EDGE_CURVE('',#6661,#6657,#10474,.T.);
#8195=EDGE_CURVE('',#6621,#6631,#10475,.T.);
#8196=EDGE_CURVE('',#6628,#6662,#10476,.T.);
#8197=EDGE_CURVE('',#6663,#6662,#10477,.T.);
#8198=EDGE_CURVE('',#6663,#6664,#10478,.T.);
#8199=EDGE_CURVE('',#6664,#6665,#10479,.T.);
#8200=EDGE_CURVE('',#6665,#6666,#10480,.T.);
#8201=EDGE_CURVE('',#6660,#6666,#10481,.T.);
#8202=EDGE_CURVE('',#6659,#6667,#10482,.T.);
#8203=EDGE_CURVE('',#6667,#6619,#10483,.T.);
#8204=EDGE_CURVE('',#6668,#6629,#10484,.T.);
#8205=EDGE_CURVE('',#6668,#6662,#10485,.T.);
#8206=EDGE_CURVE('',#6669,#6622,#10486,.T.);
#8207=EDGE_CURVE('',#6631,#6669,#10487,.T.);
#8208=EDGE_CURVE('',#6670,#6667,#10488,.T.);
#8209=EDGE_CURVE('',#6620,#6670,#10489,.T.);
#8210=EDGE_CURVE('',#6625,#6671,#10490,.T.);
#8211=EDGE_CURVE('',#6671,#6669,#10491,.T.);
#8212=EDGE_CURVE('',#6672,#6673,#10492,.T.);
#8213=EDGE_CURVE('',#6673,#6674,#10493,.T.);
#8214=EDGE_CURVE('',#6675,#6674,#10494,.T.);
#8215=EDGE_CURVE('',#6675,#6672,#10495,.T.);
#8216=EDGE_CURVE('',#6676,#6677,#10496,.T.);
#8217=EDGE_CURVE('',#6677,#6673,#10497,.T.);
#8218=EDGE_CURVE('',#6672,#6676,#10498,.T.);
#8219=EDGE_CURVE('',#6677,#6678,#10499,.T.);
#8220=EDGE_CURVE('',#6674,#6678,#10500,.T.);
#8221=EDGE_CURVE('',#6679,#6678,#10501,.T.);
#8222=EDGE_CURVE('',#6679,#6675,#10502,.T.);
#8223=EDGE_CURVE('',#5802,#6618,#10503,.T.);
#8224=EDGE_CURVE('',#6623,#5804,#10504,.T.);
#8225=EDGE_CURVE('',#6616,#5810,#10505,.T.);
#8226=EDGE_CURVE('',#5812,#6633,#10506,.T.);
#8227=EDGE_CURVE('',#5820,#6604,#10507,.T.);
#8228=EDGE_CURVE('',#6599,#5818,#10508,.T.);
#8229=EDGE_CURVE('',#6676,#6671,#10509,.T.);
#8230=EDGE_CURVE('',#6630,#6679,#10510,.T.);
#8231=EDGE_CURVE('',#6578,#6634,#10511,.T.);
#8232=EDGE_CURVE('',#6582,#6635,#10512,.T.);
#8233=EDGE_CURVE('',#6680,#6681,#10513,.T.);
#8234=EDGE_CURVE('',#6681,#6682,#10514,.T.);
#8235=EDGE_CURVE('',#6683,#6682,#10515,.T.);
#8236=EDGE_CURVE('',#6683,#6680,#10516,.T.);
#8237=EDGE_CURVE('',#6684,#6685,#10517,.T.);
#8238=EDGE_CURVE('',#6686,#6684,#10518,.T.);
#8239=EDGE_CURVE('',#6686,#6687,#10519,.T.);
#8240=EDGE_CURVE('',#6681,#6687,#10520,.T.);
#8241=EDGE_CURVE('',#6685,#6680,#10521,.T.);
#8242=EDGE_CURVE('',#6688,#6689,#10522,.T.);
#8243=EDGE_CURVE('',#6687,#6689,#10523,.T.);
#8244=EDGE_CURVE('',#6686,#6688,#10524,.T.);
#8245=EDGE_CURVE('',#6690,#6691,#10525,.T.);
#8246=EDGE_CURVE('',#6691,#6692,#10526,.T.);
#8247=EDGE_CURVE('',#6693,#6692,#10527,.T.);
#8248=EDGE_CURVE('',#6693,#6694,#10528,.T.);
#8249=EDGE_CURVE('',#6694,#6695,#10529,.T.);
#8250=EDGE_CURVE('',#6695,#5795,#10530,.T.);
#8251=EDGE_CURVE('',#5794,#6682,#10531,.T.);
#8252=EDGE_CURVE('',#6690,#6689,#10532,.T.);
#8253=EDGE_CURVE('',#6670,#6658,#10533,.T.);
#8254=EDGE_CURVE('',#6696,#6592,#10534,.T.);
#8255=EDGE_CURVE('',#6668,#6696,#10535,.T.);
#8256=EDGE_CURVE('',#6697,#6693,#10536,.T.);
#8257=EDGE_CURVE('',#6698,#6692,#10537,.T.);
#8258=EDGE_CURVE('',#6697,#6698,#10538,.T.);
#8259=EDGE_CURVE('',#6699,#6700,#10539,.T.);
#8260=EDGE_CURVE('',#6701,#6699,#10540,.T.);
#8261=EDGE_CURVE('',#6701,#6694,#10541,.T.);
#8262=EDGE_CURVE('',#6700,#6697,#10542,.T.);
#8263=EDGE_CURVE('',#6695,#6702,#10543,.T.);
#8264=EDGE_CURVE('',#6701,#6702,#10544,.T.);
#8265=EDGE_CURVE('',#6703,#6704,#10545,.T.);
#8266=EDGE_CURVE('',#6705,#6704,#10546,.T.);
#8267=EDGE_CURVE('',#6705,#6706,#10547,.T.);
#8268=EDGE_CURVE('',#6706,#6703,#10548,.T.);
#8269=EDGE_CURVE('',#6707,#6708,#10549,.T.);
#8270=EDGE_CURVE('',#6708,#6709,#10550,.T.);
#8271=EDGE_CURVE('',#6709,#6710,#10551,.T.);
#8272=EDGE_CURVE('',#6707,#6710,#10552,.T.);
#8273=EDGE_CURVE('',#6711,#6702,#10553,.T.);
#8274=EDGE_CURVE('',#6712,#6711,#10554,.T.);
#8275=EDGE_CURVE('',#6703,#6712,#10555,.T.);
#8276=EDGE_CURVE('',#5796,#6706,#10556,.T.);
#8277=EDGE_CURVE('',#6713,#6711,#10557,.T.);
#8278=EDGE_CURVE('',#6713,#6714,#10558,.T.);
#8279=EDGE_CURVE('',#6712,#6714,#10559,.T.);
#8280=EDGE_CURVE('',#6715,#6716,#10560,.T.);
#8281=EDGE_CURVE('',#6717,#6715,#10561,.T.);
#8282=EDGE_CURVE('',#6718,#6717,#10562,.T.);
#8283=EDGE_CURVE('',#6716,#6718,#10563,.T.);
#8284=EDGE_CURVE('',#6688,#6707,#10564,.T.);
#8285=EDGE_CURVE('',#6710,#6716,#10565,.T.);
#8286=EDGE_CURVE('',#6718,#6719,#10566,.T.);
#8287=EDGE_CURVE('',#6719,#6690,#10567,.T.);
#8288=EDGE_CURVE('',#6720,#6691,#10568,.T.);
#8289=EDGE_CURVE('',#6719,#6720,#10569,.T.);
#8290=EDGE_CURVE('',#6721,#6699,#10570,.T.);
#8291=EDGE_CURVE('',#6713,#6721,#10571,.T.);
#8292=EDGE_CURVE('',#6684,#6722,#10572,.T.);
#8293=EDGE_CURVE('',#6722,#6708,#10573,.T.);
#8294=EDGE_CURVE('',#6723,#6705,#10574,.T.);
#8295=EDGE_CURVE('',#6723,#6724,#10575,.T.);
#8296=EDGE_CURVE('',#6724,#6725,#10576,.T.);
#8297=EDGE_CURVE('',#6725,#5793,#10577,.T.);
#8298=EDGE_CURVE('',#6717,#6726,#10578,.T.);
#8299=EDGE_CURVE('',#6727,#6726,#10579,.T.);
#8300=EDGE_CURVE('',#6727,#6720,#10580,.T.);
#8301=EDGE_CURVE('',#6605,#6728,#10581,.T.);
#8302=EDGE_CURVE('',#6724,#6728,#10582,.T.);
#8303=EDGE_CURVE('',#6729,#6723,#10583,.T.);
#8304=EDGE_CURVE('',#6729,#6606,#10584,.T.);
#8305=EDGE_CURVE('',#6730,#6731,#10585,.T.);
#8306=EDGE_CURVE('',#6730,#6732,#10586,.T.);
#8307=EDGE_CURVE('',#6732,#6733,#10587,.T.);
#8308=EDGE_CURVE('',#6731,#6733,#10588,.T.);
#8309=EDGE_CURVE('',#6734,#6735,#10589,.T.);
#8310=EDGE_CURVE('',#6734,#6736,#10590,.T.);
#8311=EDGE_CURVE('',#6736,#6737,#10591,.T.);
#8312=EDGE_CURVE('',#6735,#6737,#10592,.T.);
#8313=EDGE_CURVE('',#6736,#6738,#10593,.T.);
#8314=EDGE_CURVE('',#6738,#6739,#10594,.T.);
#8315=EDGE_CURVE('',#6737,#6739,#10595,.T.);
#8316=EDGE_CURVE('',#6740,#6731,#10596,.T.);
#8317=EDGE_CURVE('',#6733,#6735,#10597,.T.);
#8318=EDGE_CURVE('',#6740,#6739,#10598,.T.);
#8319=EDGE_CURVE('',#6741,#6740,#10599,.T.);
#8320=EDGE_CURVE('',#6741,#6730,#10600,.T.);
#8321=EDGE_CURVE('',#6742,#6664,#10601,.T.);
#8322=EDGE_CURVE('',#6696,#6663,#10602,.T.);
#8323=EDGE_CURVE('',#6589,#6738,#10603,.T.);
#8324=EDGE_CURVE('',#6742,#6734,#10604,.T.);
#8325=EDGE_CURVE('',#6741,#6607,#10605,.T.);
#8326=EDGE_CURVE('',#6729,#6743,#10606,.T.);
#8327=EDGE_CURVE('',#6743,#6732,#10607,.T.);
#8328=EDGE_CURVE('',#6704,#6744,#10608,.T.);
#8329=EDGE_CURVE('',#6743,#6744,#10609,.T.);
#8330=EDGE_CURVE('',#6745,#6714,#10610,.T.);
#8331=EDGE_CURVE('',#6746,#6721,#10611,.T.);
#8332=EDGE_CURVE('',#6746,#6665,#10612,.T.);
#8333=EDGE_CURVE('',#6742,#6745,#10613,.T.);
#8334=EDGE_CURVE('',#6744,#6747,#10614,.T.);
#8335=EDGE_CURVE('',#6748,#6747,#10615,.T.);
#8336=EDGE_CURVE('',#6748,#6749,#10616,.T.);
#8337=EDGE_CURVE('',#6733,#6749,#10617,.T.);
#8338=EDGE_CURVE('',#6749,#6750,#10618,.T.);
#8339=EDGE_CURVE('',#6735,#6750,#10619,.T.);
#8340=EDGE_CURVE('',#6751,#6750,#10620,.T.);
#8341=EDGE_CURVE('',#6751,#6752,#10621,.T.);
#8342=EDGE_CURVE('',#6745,#6752,#10622,.T.);
#8343=EDGE_CURVE('',#6753,#6754,#8717,.T.);
#8344=EDGE_CURVE('',#6755,#6754,#10623,.T.);
#8345=EDGE_CURVE('',#6755,#6753,#10624,.T.);
#8346=EDGE_CURVE('',#6754,#6753,#8718,.T.);
#8347=EDGE_CURVE('',#6753,#6756,#10625,.T.);
#8348=EDGE_CURVE('',#6754,#6757,#10626,.T.);
#8349=EDGE_CURVE('',#6757,#6756,#8719,.T.);
#8350=EDGE_CURVE('',#6756,#6757,#8720,.T.);
#8351=EDGE_CURVE('',#6758,#6759,#10627,.T.);
#8352=EDGE_CURVE('',#6758,#6760,#8721,.T.);
#8353=EDGE_CURVE('',#6760,#6761,#10628,.T.);
#8354=EDGE_CURVE('',#6759,#6761,#8722,.T.);
#8355=EDGE_CURVE('',#6761,#6759,#8723,.T.);
#8356=EDGE_CURVE('',#6760,#6758,#8724,.T.);
#8357=EDGE_CURVE('',#6758,#6762,#10629,.T.);
#8358=EDGE_CURVE('',#6760,#6763,#10630,.T.);
#8359=EDGE_CURVE('',#6763,#6762,#8725,.T.);
#8360=EDGE_CURVE('',#6762,#6763,#8726,.T.);
#8361=EDGE_CURVE('',#6764,#6649,#10631,.T.);
#8362=EDGE_CURVE('',#6648,#6715,#10632,.T.);
#8363=EDGE_CURVE('',#6709,#6765,#10633,.T.);
#8364=EDGE_CURVE('',#6765,#6764,#10634,.T.);
#8365=EDGE_CURVE('',#6752,#6747,#10635,.T.);
#8366=EDGE_CURVE('',#6766,#6767,#10636,.T.);
#8367=EDGE_CURVE('',#6767,#6768,#10637,.T.);
#8368=EDGE_CURVE('',#6768,#6650,#10638,.T.);
#8369=EDGE_CURVE('',#6769,#6764,#10639,.T.);
#8370=EDGE_CURVE('',#6769,#6770,#10640,.T.);
#8371=EDGE_CURVE('',#6766,#6770,#10641,.T.);
#8372=EDGE_CURVE('',#6771,#6772,#10642,.T.);
#8373=EDGE_CURVE('',#6772,#6773,#10643,.T.);
#8374=EDGE_CURVE('',#6774,#6773,#10644,.T.);
#8375=EDGE_CURVE('',#6771,#6774,#10645,.T.);
#8376=EDGE_CURVE('',#6775,#6776,#10646,.T.);
#8377=EDGE_CURVE('',#6776,#6777,#10647,.T.);
#8378=EDGE_CURVE('',#6778,#6777,#10648,.T.);
#8379=EDGE_CURVE('',#6775,#6778,#10649,.T.);
#8380=EDGE_CURVE('',#6779,#6772,#10650,.T.);
#8381=EDGE_CURVE('',#6780,#6771,#10651,.T.);
#8382=EDGE_CURVE('',#6780,#6779,#10652,.T.);
#8383=EDGE_CURVE('',#6778,#6781,#10653,.T.);
#8384=EDGE_CURVE('',#6777,#6782,#10654,.T.);
#8385=EDGE_CURVE('',#6781,#6782,#10655,.T.);
#8386=EDGE_CURVE('',#6783,#6784,#10656,.T.);
#8387=EDGE_CURVE('',#6785,#6784,#10657,.T.);
#8388=EDGE_CURVE('',#6786,#6785,#10658,.T.);
#8389=EDGE_CURVE('',#6786,#6783,#10659,.T.);
#8390=EDGE_CURVE('',#6787,#6788,#10660,.T.);
#8391=EDGE_CURVE('',#6789,#6787,#8727,.T.);
#8392=EDGE_CURVE('',#6790,#6789,#10661,.T.);
#8393=EDGE_CURVE('',#6790,#6786,#8728,.T.);
#8394=EDGE_CURVE('',#6791,#6785,#8729,.T.);
#8395=EDGE_CURVE('',#6792,#6791,#10662,.T.);
#8396=EDGE_CURVE('',#6792,#6788,#8730,.T.);
#8397=EDGE_CURVE('',#6793,#6794,#10663,.T.);
#8398=EDGE_CURVE('',#6793,#6787,#10664,.T.);
#8399=EDGE_CURVE('',#6794,#6788,#10665,.T.);
#8400=EDGE_CURVE('',#6795,#6796,#10666,.T.);
#8401=EDGE_CURVE('',#6797,#6796,#8731,.T.);
#8402=EDGE_CURVE('',#6798,#6797,#10667,.T.);
#8403=EDGE_CURVE('',#6798,#6799,#8732,.T.);
#8404=EDGE_CURVE('',#6799,#6800,#10668,.T.);
#8405=EDGE_CURVE('',#6793,#6800,#8733,.T.);
#8406=EDGE_CURVE('',#6794,#6795,#8734,.T.);
#8407=EDGE_CURVE('',#6801,#6797,#10669,.T.);
#8408=EDGE_CURVE('',#6802,#6801,#10670,.T.);
#8409=EDGE_CURVE('',#6802,#6798,#10671,.T.);
#8410=EDGE_CURVE('',#6803,#6801,#10672,.T.);
#8411=EDGE_CURVE('',#6804,#6803,#10673,.T.);
#8412=EDGE_CURVE('',#6804,#6802,#10674,.T.);
#8413=EDGE_CURVE('',#6805,#6803,#10675,.T.);
#8414=EDGE_CURVE('',#6806,#6805,#10676,.T.);
#8415=EDGE_CURVE('',#6806,#6804,#10677,.T.);
#8416=EDGE_CURVE('',#6807,#6808,#10678,.T.);
#8417=EDGE_CURVE('',#6807,#6809,#8735,.T.);
#8418=EDGE_CURVE('',#6810,#6809,#10679,.T.);
#8419=EDGE_CURVE('',#6810,#6806,#8736,.T.);
#8420=EDGE_CURVE('',#6811,#6805,#8737,.T.);
#8421=EDGE_CURVE('',#6812,#6811,#10680,.T.);
#8422=EDGE_CURVE('',#6808,#6812,#8738,.T.);
#8423=EDGE_CURVE('',#6779,#6813,#10681,.T.);
#8424=EDGE_CURVE('',#6814,#6780,#10682,.T.);
#8425=EDGE_CURVE('',#6815,#6814,#8739,.T.);
#8426=EDGE_CURVE('',#6789,#6815,#10683,.T.);
#8427=EDGE_CURVE('',#6809,#6800,#10684,.T.);
#8428=EDGE_CURVE('',#6816,#6807,#10685,.T.);
#8429=EDGE_CURVE('',#6816,#6813,#10686,.T.);
#8430=EDGE_CURVE('',#6817,#6818,#10687,.T.);
#8431=EDGE_CURVE('',#6767,#6818,#8740,.T.);
#8432=EDGE_CURVE('',#6766,#6819,#8741,.T.);
#8433=EDGE_CURVE('',#6819,#6815,#10688,.T.);
#8434=EDGE_CURVE('',#6814,#6820,#10689,.T.);
#8435=EDGE_CURVE('',#6817,#6820,#8742,.T.);
#8436=EDGE_CURVE('',#6821,#6822,#10690,.T.);
#8437=EDGE_CURVE('',#6823,#6822,#10691,.T.);
#8438=EDGE_CURVE('',#6824,#6823,#10692,.T.);
#8439=EDGE_CURVE('',#6824,#6821,#10693,.T.);
#8440=EDGE_CURVE('',#6825,#6826,#10694,.T.);
#8441=EDGE_CURVE('',#6822,#6826,#10695,.T.);
#8442=EDGE_CURVE('',#6821,#6825,#10696,.T.);
#8443=EDGE_CURVE('',#6827,#6828,#10697,.T.);
#8444=EDGE_CURVE('',#6826,#6828,#10698,.T.);
#8445=EDGE_CURVE('',#6825,#6827,#10699,.T.);
#8446=EDGE_CURVE('',#6796,#6811,#10700,.T.);
#8447=EDGE_CURVE('',#6768,#6784,#10701,.T.);
#8448=EDGE_CURVE('',#6818,#6791,#10702,.T.);
#8449=EDGE_CURVE('',#6829,#6830,#8743,.T.);
#8450=EDGE_CURVE('',#6830,#6831,#10703,.T.);
#8451=EDGE_CURVE('',#6832,#6831,#10704,.T.);
#8452=EDGE_CURVE('',#6832,#6833,#10705,.T.);
#8453=EDGE_CURVE('',#6833,#6834,#8744,.T.);
#8454=EDGE_CURVE('',#6834,#6829,#10706,.T.);
#8455=EDGE_CURVE('',#6835,#6823,#8745,.T.);
#8456=EDGE_CURVE('',#6828,#6836,#8746,.T.);
#8457=EDGE_CURVE('',#6835,#6836,#10707,.T.);
#8458=EDGE_CURVE('',#6748,#6837,#10708,.T.);
#8459=EDGE_CURVE('',#6831,#6751,#10709,.T.);
#8460=EDGE_CURVE('',#6838,#6830,#10710,.T.);
#8461=EDGE_CURVE('',#6838,#6837,#10711,.T.);
#8462=EDGE_CURVE('',#6839,#6832,#10712,.T.);
#8463=EDGE_CURVE('',#6839,#6837,#10713,.T.);
#8464=EDGE_CURVE('',#6840,#6833,#10714,.T.);
#8465=EDGE_CURVE('',#6839,#6840,#10715,.T.);
#8466=EDGE_CURVE('',#6841,#6842,#8747,.T.);
#8467=EDGE_CURVE('',#6842,#6834,#10716,.T.);
#8468=EDGE_CURVE('',#6840,#6843,#8748,.T.);
#8469=EDGE_CURVE('',#6843,#6844,#10717,.T.);
#8470=EDGE_CURVE('',#6845,#6844,#8749,.T.);
#8471=EDGE_CURVE('',#6845,#6841,#10718,.T.);
#8472=EDGE_CURVE('',#6841,#6846,#10719,.T.);
#8473=EDGE_CURVE('',#6845,#6847,#10720,.T.);
#8474=EDGE_CURVE('',#6847,#6846,#10721,.T.);
#8475=EDGE_CURVE('',#6848,#6847,#8750,.T.);
#8476=EDGE_CURVE('',#6849,#6848,#10722,.T.);
#8477=EDGE_CURVE('',#6849,#6824,#8751,.T.);
#8478=EDGE_CURVE('',#6850,#6835,#10723,.T.);
#8479=EDGE_CURVE('',#6850,#6846,#8752,.T.);
#8480=EDGE_CURVE('',#6851,#6852,#10724,.T.);
#8481=EDGE_CURVE('',#6852,#6853,#10725,.T.);
#8482=EDGE_CURVE('',#6854,#6853,#10726,.T.);
#8483=EDGE_CURVE('',#6851,#6854,#10727,.T.);
#8484=EDGE_CURVE('',#6855,#6856,#10728,.T.);
#8485=EDGE_CURVE('',#6856,#6857,#10729,.T.);
#8486=EDGE_CURVE('',#6858,#6857,#10730,.T.);
#8487=EDGE_CURVE('',#6855,#6858,#10731,.T.);
#8488=EDGE_CURVE('',#6859,#6852,#10732,.T.);
#8489=EDGE_CURVE('',#6860,#6851,#10733,.T.);
#8490=EDGE_CURVE('',#6860,#6859,#10734,.T.);
#8491=EDGE_CURVE('',#6857,#6861,#10735,.T.);
#8492=EDGE_CURVE('',#6862,#6861,#10736,.T.);
#8493=EDGE_CURVE('',#6858,#6862,#10737,.T.);
#8494=EDGE_CURVE('',#6863,#6864,#10738,.T.);
#8495=EDGE_CURVE('',#6864,#6865,#8753,.T.);
#8496=EDGE_CURVE('',#6842,#6865,#10739,.T.);
#8497=EDGE_CURVE('',#6866,#6850,#10740,.T.);
#8498=EDGE_CURVE('',#6866,#6867,#8754,.T.);
#8499=EDGE_CURVE('',#6867,#6862,#10741,.T.);
#8500=EDGE_CURVE('',#6868,#6861,#10742,.T.);
#8501=EDGE_CURVE('',#6863,#6868,#10743,.T.);
#8502=EDGE_CURVE('',#6869,#6870,#8755,.T.);
#8503=EDGE_CURVE('',#6871,#6870,#10744,.T.);
#8504=EDGE_CURVE('',#6871,#6838,#8756,.T.);
#8505=EDGE_CURVE('',#6865,#6829,#10745,.T.);
#8506=EDGE_CURVE('',#6869,#6864,#10746,.T.);
#8507=EDGE_CURVE('',#6872,#6859,#10747,.T.);
#8508=EDGE_CURVE('',#6873,#6860,#10748,.T.);
#8509=EDGE_CURVE('',#6874,#6873,#8757,.T.);
#8510=EDGE_CURVE('',#6848,#6874,#10749,.T.);
#8511=EDGE_CURVE('',#6870,#6844,#10750,.T.);
#8512=EDGE_CURVE('',#6875,#6869,#10751,.T.);
#8513=EDGE_CURVE('',#6875,#6872,#10752,.T.);
#8514=EDGE_CURVE('',#6868,#6856,#10753,.T.);
#8515=EDGE_CURVE('',#6863,#6855,#10754,.T.);
#8516=EDGE_CURVE('',#6853,#6872,#10755,.T.);
#8517=EDGE_CURVE('',#6854,#6875,#10756,.T.);
#8518=EDGE_CURVE('',#6782,#6876,#10757,.T.);
#8519=EDGE_CURVE('',#6876,#6776,#10758,.T.);
#8520=EDGE_CURVE('',#6773,#6813,#10759,.T.);
#8521=EDGE_CURVE('',#6877,#6808,#10760,.T.);
#8522=EDGE_CURVE('',#6795,#6812,#10761,.T.);
#8523=EDGE_CURVE('',#6817,#6792,#10762,.T.);
#8524=EDGE_CURVE('',#6820,#6781,#10763,.T.);
#8525=EDGE_CURVE('',#6877,#6876,#10764,.T.);
#8526=EDGE_CURVE('',#6774,#6816,#10765,.T.);
#8527=EDGE_CURVE('',#6877,#6775,#10766,.T.);
#8528=EDGE_CURVE('',#6873,#6867,#10767,.T.);
#8529=EDGE_CURVE('',#6866,#6836,#10768,.T.);
#8530=EDGE_CURVE('',#6827,#6878,#8758,.T.);
#8531=EDGE_CURVE('',#6878,#6874,#10769,.T.);
#8532=EDGE_CURVE('',#6799,#6810,#10770,.T.);
#8533=EDGE_CURVE('',#6819,#6790,#10771,.T.);
#8534=EDGE_CURVE('',#6843,#6871,#10772,.T.);
#8535=EDGE_CURVE('',#6849,#6878,#10773,.T.);
#8536=EDGE_CURVE('',#6770,#6783,#10774,.T.);
#8537=EDGE_CURVE('',#6769,#6879,#10775,.T.);
#8538=EDGE_CURVE('',#6879,#6651,#10776,.T.);
#8539=EDGE_CURVE('',#6879,#6656,#10777,.T.);
#8540=EDGE_CURVE('',#6765,#6661,#10778,.T.);
#8541=EDGE_CURVE('',#6666,#6880,#10779,.T.);
#8542=EDGE_CURVE('',#6726,#6880,#10780,.T.);
#8543=EDGE_CURVE('',#6722,#6881,#10781,.T.);
#8544=EDGE_CURVE('',#6881,#6640,#10782,.T.);
#8545=EDGE_CURVE('',#6746,#6700,#10783,.T.);
#8546=EDGE_CURVE('',#6882,#6880,#10784,.T.);
#8547=EDGE_CURVE('',#6727,#6882,#10785,.T.);
#8548=EDGE_CURVE('',#6882,#6698,#10786,.T.);
#8549=EDGE_CURVE('',#6685,#6881,#10787,.T.);
#8550=EDGE_CURVE('',#6883,#6683,#10788,.T.);
#8551=EDGE_CURVE('',#6728,#6883,#10789,.T.);
#8552=EDGE_CURVE('',#6725,#6883,#10790,.T.);
#8553=CIRCLE('',#12349,0.45);
#8554=CIRCLE('',#12350,0.45);
#8555=CIRCLE('',#12351,0.35);
#8556=CIRCLE('',#12352,0.35);
#8557=CIRCLE('',#12373,0.37);
#8558=CIRCLE('',#12374,0.37);
#8559=CIRCLE('',#12377,0.32);
#8560=CIRCLE('',#12378,0.32);
#8561=CIRCLE('',#12385,0.05);
#8562=CIRCLE('',#12386,0.05);
#8563=CIRCLE('',#12389,0.1);
#8564=CIRCLE('',#12390,0.1);
#8565=CIRCLE('',#12409,0.1);
#8566=CIRCLE('',#12410,0.1);
#8567=CIRCLE('',#12413,0.05);
#8568=CIRCLE('',#12414,0.05);
#8569=CIRCLE('',#12421,0.32);
#8570=CIRCLE('',#12422,0.32);
#8571=CIRCLE('',#12425,0.37);
#8572=CIRCLE('',#12426,0.37);
#8573=CIRCLE('',#12431,0.1);
#8574=CIRCLE('',#12432,0.1);
#8575=CIRCLE('',#12435,0.05);
#8576=CIRCLE('',#12436,0.05);
#8577=CIRCLE('',#12443,0.32);
#8578=CIRCLE('',#12444,0.32);
#8579=CIRCLE('',#12447,0.37);
#8580=CIRCLE('',#12448,0.37);
#8581=CIRCLE('',#12464,0.37);
#8582=CIRCLE('',#12465,0.37);
#8583=CIRCLE('',#12468,0.32);
#8584=CIRCLE('',#12469,0.32);
#8585=CIRCLE('',#12476,0.05);
#8586=CIRCLE('',#12477,0.05);
#8587=CIRCLE('',#12480,0.1);
#8588=CIRCLE('',#12481,0.1);
#8589=CIRCLE('',#12485,0.1);
#8590=CIRCLE('',#12486,0.1);
#8591=CIRCLE('',#12489,0.05);
#8592=CIRCLE('',#12490,0.05);
#8593=CIRCLE('',#12497,0.32);
#8594=CIRCLE('',#12498,0.32);
#8595=CIRCLE('',#12501,0.37);
#8596=CIRCLE('',#12502,0.37);
#8597=CIRCLE('',#12518,0.37);
#8598=CIRCLE('',#12519,0.37);
#8599=CIRCLE('',#12522,0.32);
#8600=CIRCLE('',#12523,0.32);
#8601=CIRCLE('',#12530,0.05);
#8602=CIRCLE('',#12531,0.05);
#8603=CIRCLE('',#12534,0.1);
#8604=CIRCLE('',#12535,0.1);
#8605=CIRCLE('',#12539,0.1);
#8606=CIRCLE('',#12540,0.1);
#8607=CIRCLE('',#12543,0.05);
#8608=CIRCLE('',#12544,0.05);
#8609=CIRCLE('',#12551,0.32);
#8610=CIRCLE('',#12552,0.32);
#8611=CIRCLE('',#12555,0.37);
#8612=CIRCLE('',#12556,0.37);
#8613=CIRCLE('',#12572,0.37);
#8614=CIRCLE('',#12573,0.37);
#8615=CIRCLE('',#12576,0.32);
#8616=CIRCLE('',#12577,0.32);
#8617=CIRCLE('',#12584,0.05);
#8618=CIRCLE('',#12585,0.05);
#8619=CIRCLE('',#12588,0.1);
#8620=CIRCLE('',#12589,0.1);
#8621=CIRCLE('',#12593,0.1);
#8622=CIRCLE('',#12594,0.1);
#8623=CIRCLE('',#12597,0.05);
#8624=CIRCLE('',#12598,0.05);
#8625=CIRCLE('',#12605,0.32);
#8626=CIRCLE('',#12606,0.32);
#8627=CIRCLE('',#12609,0.37);
#8628=CIRCLE('',#12610,0.37);
#8629=CIRCLE('',#12626,0.37);
#8630=CIRCLE('',#12627,0.37);
#8631=CIRCLE('',#12630,0.32);
#8632=CIRCLE('',#12631,0.32);
#8633=CIRCLE('',#12638,0.05);
#8634=CIRCLE('',#12639,0.05);
#8635=CIRCLE('',#12642,0.1);
#8636=CIRCLE('',#12643,0.1);
#8637=CIRCLE('',#12647,0.1);
#8638=CIRCLE('',#12648,0.1);
#8639=CIRCLE('',#12651,0.05);
#8640=CIRCLE('',#12652,0.05);
#8641=CIRCLE('',#12659,0.32);
#8642=CIRCLE('',#12660,0.32);
#8643=CIRCLE('',#12663,0.37);
#8644=CIRCLE('',#12664,0.37);
#8645=CIRCLE('',#12680,0.37);
#8646=CIRCLE('',#12681,0.37);
#8647=CIRCLE('',#12684,0.32);
#8648=CIRCLE('',#12685,0.32);
#8649=CIRCLE('',#12692,0.05);
#8650=CIRCLE('',#12693,0.05);
#8651=CIRCLE('',#12696,0.1);
#8652=CIRCLE('',#12697,0.1);
#8653=CIRCLE('',#12701,0.1);
#8654=CIRCLE('',#12702,0.1);
#8655=CIRCLE('',#12705,0.05);
#8656=CIRCLE('',#12706,0.05);
#8657=CIRCLE('',#12713,0.32);
#8658=CIRCLE('',#12714,0.32);
#8659=CIRCLE('',#12717,0.37);
#8660=CIRCLE('',#12718,0.37);
#8661=CIRCLE('',#12734,0.37);
#8662=CIRCLE('',#12735,0.37);
#8663=CIRCLE('',#12738,0.32);
#8664=CIRCLE('',#12739,0.32);
#8665=CIRCLE('',#12746,0.05);
#8666=CIRCLE('',#12747,0.05);
#8667=CIRCLE('',#12750,0.1);
#8668=CIRCLE('',#12751,0.1);
#8669=CIRCLE('',#12755,0.1);
#8670=CIRCLE('',#12756,0.1);
#8671=CIRCLE('',#12759,0.05);
#8672=CIRCLE('',#12760,0.05);
#8673=CIRCLE('',#12767,0.32);
#8674=CIRCLE('',#12768,0.32);
#8675=CIRCLE('',#12771,0.37);
#8676=CIRCLE('',#12772,0.37);
#8677=CIRCLE('',#12788,0.37);
#8678=CIRCLE('',#12789,0.37);
#8679=CIRCLE('',#12792,0.32);
#8680=CIRCLE('',#12793,0.32);
#8681=CIRCLE('',#12800,0.05);
#8682=CIRCLE('',#12801,0.05);
#8683=CIRCLE('',#12804,0.1);
#8684=CIRCLE('',#12805,0.1);
#8685=CIRCLE('',#12809,0.1);
#8686=CIRCLE('',#12810,0.1);
#8687=CIRCLE('',#12813,0.05);
#8688=CIRCLE('',#12814,0.05);
#8689=CIRCLE('',#12821,0.32);
#8690=CIRCLE('',#12822,0.32);
#8691=CIRCLE('',#12825,0.37);
#8692=CIRCLE('',#12826,0.37);
#8693=CIRCLE('',#12841,0.1);
#8694=CIRCLE('',#12842,0.1);
#8695=CIRCLE('',#12845,0.05);
#8696=CIRCLE('',#12846,0.05);
#8697=CIRCLE('',#12853,0.32);
#8698=CIRCLE('',#12854,0.32);
#8699=CIRCLE('',#12857,0.37);
#8700=CIRCLE('',#12858,0.37);
#8701=CIRCLE('',#12873,0.1);
#8702=CIRCLE('',#12874,0.1);
#8703=CIRCLE('',#12877,0.05);
#8704=CIRCLE('',#12878,0.05);
#8705=CIRCLE('',#12885,0.32);
#8706=CIRCLE('',#12886,0.32);
#8707=CIRCLE('',#12889,0.37);
#8708=CIRCLE('',#12890,0.37);
#8709=CIRCLE('',#12894,0.37);
#8710=CIRCLE('',#12895,0.37);
#8711=CIRCLE('',#12898,0.32);
#8712=CIRCLE('',#12899,0.32);
#8713=CIRCLE('',#12906,0.05);
#8714=CIRCLE('',#12907,0.05);
#8715=CIRCLE('',#12910,0.1);
#8716=CIRCLE('',#12911,0.1);
#8717=CIRCLE('',#13017,0.3);
#8718=CIRCLE('',#13019,0.3);
#8719=CIRCLE('',#13021,0.3);
#8720=CIRCLE('',#13023,0.3);
#8721=CIRCLE('',#13025,0.4);
#8722=CIRCLE('',#13026,0.1);
#8723=CIRCLE('',#13028,0.1);
#8724=CIRCLE('',#13030,0.4);
#8725=CIRCLE('',#13032,0.4);
#8726=CIRCLE('',#13034,0.4);
#8727=CIRCLE('',#13046,0.15);
#8728=CIRCLE('',#13047,0.15);
#8729=CIRCLE('',#13048,0.15);
#8730=CIRCLE('',#13049,0.15);
#8731=CIRCLE('',#13052,0.15);
#8732=CIRCLE('',#13053,0.15);
#8733=CIRCLE('',#13054,0.15);
#8734=CIRCLE('',#13055,0.15);
#8735=CIRCLE('',#13060,0.404);
#8736=CIRCLE('',#13061,0.404);
#8737=CIRCLE('',#13062,0.404);
#8738=CIRCLE('',#13063,0.404);
#8739=CIRCLE('',#13065,0.404);
#8740=CIRCLE('',#13067,0.404);
#8741=CIRCLE('',#13068,0.404);
#8742=CIRCLE('',#13069,0.404);
#8743=CIRCLE('',#13076,0.404);
#8744=CIRCLE('',#13077,0.15);
#8745=CIRCLE('',#13079,0.15);
#8746=CIRCLE('',#13080,0.404);
#8747=CIRCLE('',#13087,0.15);
#8748=CIRCLE('',#13088,0.15);
#8749=CIRCLE('',#13089,0.15);
#8750=CIRCLE('',#13092,0.15);
#8751=CIRCLE('',#13093,0.15);
#8752=CIRCLE('',#13094,0.15);
#8753=CIRCLE('',#13100,0.404);
#8754=CIRCLE('',#13101,0.404);
#8755=CIRCLE('',#13103,0.404);
#8756=CIRCLE('',#13104,0.404);
#8757=CIRCLE('',#13106,0.404);
#8758=CIRCLE('',#13119,0.404);
#8759=PRESENTATION_LAYER_ASSIGNMENT('1','Layer 1',(#9140,#9141,#9142,#9143,
#9144,#9145,#9146,#9147,#9148,#9149,#9150,#9151,#9152,#9153,#9154,#9155,
#9156,#9157,#9158,#9159,#9160,#9161,#9162,#9163,#9164,#9165,#9166,#9167,
#9168,#9169,#9170,#9171,#9172,#9173,#9174,#9175,#9176,#9177,#9178,#9179,
#9180,#9181,#9182,#9183,#9184,#9185,#9186,#9187,#9188,#9189,#9190,#9191,
#9192,#9193,#9194,#9195,#9196,#9197,#9198,#9199,#9200,#9201,#9202,#9203,
#9204,#9205,#9206,#9207,#9208,#9209,#9210,#9211,#9212,#9213,#9214,#9215,
#9216,#9217,#9218,#9219,#9220,#9221,#9222,#9223,#9224,#9225,#9226,#9227,
#9228,#9229,#9230,#9231,#9232,#9233,#31));
#8760=STYLED_ITEM('',(#8855),#9140);
#8761=STYLED_ITEM('',(#8856),#9141);
#8762=STYLED_ITEM('',(#8857),#9142);
#8763=STYLED_ITEM('',(#8858),#9143);
#8764=STYLED_ITEM('',(#8859),#9144);
#8765=STYLED_ITEM('',(#8860),#9145);
#8766=STYLED_ITEM('',(#8861),#9146);
#8767=STYLED_ITEM('',(#8862),#9147);
#8768=STYLED_ITEM('',(#8863),#9148);
#8769=STYLED_ITEM('',(#8864),#9149);
#8770=STYLED_ITEM('',(#8865),#9150);
#8771=STYLED_ITEM('',(#8866),#9151);
#8772=STYLED_ITEM('',(#8867),#9152);
#8773=STYLED_ITEM('',(#8868),#9153);
#8774=STYLED_ITEM('',(#8869),#9154);
#8775=STYLED_ITEM('',(#8870),#9155);
#8776=STYLED_ITEM('',(#8871),#9156);
#8777=STYLED_ITEM('',(#8872),#9157);
#8778=STYLED_ITEM('',(#8873),#9158);
#8779=STYLED_ITEM('',(#8874),#9159);
#8780=STYLED_ITEM('',(#8875),#9160);
#8781=STYLED_ITEM('',(#8876),#9161);
#8782=STYLED_ITEM('',(#8877),#9162);
#8783=STYLED_ITEM('',(#8878),#9163);
#8784=STYLED_ITEM('',(#8879),#9164);
#8785=STYLED_ITEM('',(#8880),#9165);
#8786=STYLED_ITEM('',(#8881),#9166);
#8787=STYLED_ITEM('',(#8882),#9167);
#8788=STYLED_ITEM('',(#8883),#9168);
#8789=STYLED_ITEM('',(#8884),#9169);
#8790=STYLED_ITEM('',(#8885),#9170);
#8791=STYLED_ITEM('',(#8886),#9171);
#8792=STYLED_ITEM('',(#8887),#9172);
#8793=STYLED_ITEM('',(#8888),#9173);
#8794=STYLED_ITEM('',(#8889),#9174);
#8795=STYLED_ITEM('',(#8890),#9175);
#8796=STYLED_ITEM('',(#8891),#9176);
#8797=STYLED_ITEM('',(#8892),#9177);
#8798=STYLED_ITEM('',(#8893),#9178);
#8799=STYLED_ITEM('',(#8894),#9179);
#8800=STYLED_ITEM('',(#8895),#9180);
#8801=STYLED_ITEM('',(#8896),#9181);
#8802=STYLED_ITEM('',(#8897),#9182);
#8803=STYLED_ITEM('',(#8898),#9183);
#8804=STYLED_ITEM('',(#8899),#9184);
#8805=STYLED_ITEM('',(#8900),#9185);
#8806=STYLED_ITEM('',(#8901),#9186);
#8807=STYLED_ITEM('',(#8902),#9187);
#8808=STYLED_ITEM('',(#8903),#9188);
#8809=STYLED_ITEM('',(#8904),#9189);
#8810=STYLED_ITEM('',(#8905),#9190);
#8811=STYLED_ITEM('',(#8906),#9191);
#8812=STYLED_ITEM('',(#8907),#9192);
#8813=STYLED_ITEM('',(#8908),#9193);
#8814=STYLED_ITEM('',(#8909),#9194);
#8815=STYLED_ITEM('',(#8910),#9195);
#8816=STYLED_ITEM('',(#8911),#9196);
#8817=STYLED_ITEM('',(#8912),#9197);
#8818=STYLED_ITEM('',(#8913),#9198);
#8819=STYLED_ITEM('',(#8914),#9199);
#8820=STYLED_ITEM('',(#8915),#9200);
#8821=STYLED_ITEM('',(#8916),#9201);
#8822=STYLED_ITEM('',(#8917),#9202);
#8823=STYLED_ITEM('',(#8918),#9203);
#8824=STYLED_ITEM('',(#8919),#9204);
#8825=STYLED_ITEM('',(#8920),#9205);
#8826=STYLED_ITEM('',(#8921),#9206);
#8827=STYLED_ITEM('',(#8922),#9207);
#8828=STYLED_ITEM('',(#8923),#9208);
#8829=STYLED_ITEM('',(#8924),#9209);
#8830=STYLED_ITEM('',(#8925),#9210);
#8831=STYLED_ITEM('',(#8926),#9211);
#8832=STYLED_ITEM('',(#8927),#9212);
#8833=STYLED_ITEM('',(#8928),#9213);
#8834=STYLED_ITEM('',(#8929),#9214);
#8835=STYLED_ITEM('',(#8930),#9215);
#8836=STYLED_ITEM('',(#8931),#9216);
#8837=STYLED_ITEM('',(#8932),#9217);
#8838=STYLED_ITEM('',(#8933),#9218);
#8839=STYLED_ITEM('',(#8934),#9219);
#8840=STYLED_ITEM('',(#8935),#9220);
#8841=STYLED_ITEM('',(#8936),#9221);
#8842=STYLED_ITEM('',(#8937),#9222);
#8843=STYLED_ITEM('',(#8938),#9223);
#8844=STYLED_ITEM('',(#8939),#9224);
#8845=STYLED_ITEM('',(#8940),#9225);
#8846=STYLED_ITEM('',(#8941),#9226);
#8847=STYLED_ITEM('',(#8942),#9227);
#8848=STYLED_ITEM('',(#8943),#9228);
#8849=STYLED_ITEM('',(#8944),#9229);
#8850=STYLED_ITEM('',(#8945),#9230);
#8851=STYLED_ITEM('',(#8946),#9231);
#8852=STYLED_ITEM('',(#8947),#9232);
#8853=STYLED_ITEM('',(#8948),#9233);
#8854=STYLED_ITEM('',(#8949),#31);
#8855=PRESENTATION_STYLE_ASSIGNMENT((#8950));
#8856=PRESENTATION_STYLE_ASSIGNMENT((#8951));
#8857=PRESENTATION_STYLE_ASSIGNMENT((#8952));
#8858=PRESENTATION_STYLE_ASSIGNMENT((#8953));
#8859=PRESENTATION_STYLE_ASSIGNMENT((#8954));
#8860=PRESENTATION_STYLE_ASSIGNMENT((#8955));
#8861=PRESENTATION_STYLE_ASSIGNMENT((#8956));
#8862=PRESENTATION_STYLE_ASSIGNMENT((#8957));
#8863=PRESENTATION_STYLE_ASSIGNMENT((#8958));
#8864=PRESENTATION_STYLE_ASSIGNMENT((#8959));
#8865=PRESENTATION_STYLE_ASSIGNMENT((#8960));
#8866=PRESENTATION_STYLE_ASSIGNMENT((#8961));
#8867=PRESENTATION_STYLE_ASSIGNMENT((#8962));
#8868=PRESENTATION_STYLE_ASSIGNMENT((#8963));
#8869=PRESENTATION_STYLE_ASSIGNMENT((#8964));
#8870=PRESENTATION_STYLE_ASSIGNMENT((#8965));
#8871=PRESENTATION_STYLE_ASSIGNMENT((#8966));
#8872=PRESENTATION_STYLE_ASSIGNMENT((#8967));
#8873=PRESENTATION_STYLE_ASSIGNMENT((#8968));
#8874=PRESENTATION_STYLE_ASSIGNMENT((#8969));
#8875=PRESENTATION_STYLE_ASSIGNMENT((#8970));
#8876=PRESENTATION_STYLE_ASSIGNMENT((#8971));
#8877=PRESENTATION_STYLE_ASSIGNMENT((#8972));
#8878=PRESENTATION_STYLE_ASSIGNMENT((#8973));
#8879=PRESENTATION_STYLE_ASSIGNMENT((#8974));
#8880=PRESENTATION_STYLE_ASSIGNMENT((#8975));
#8881=PRESENTATION_STYLE_ASSIGNMENT((#8976));
#8882=PRESENTATION_STYLE_ASSIGNMENT((#8977));
#8883=PRESENTATION_STYLE_ASSIGNMENT((#8978));
#8884=PRESENTATION_STYLE_ASSIGNMENT((#8979));
#8885=PRESENTATION_STYLE_ASSIGNMENT((#8980));
#8886=PRESENTATION_STYLE_ASSIGNMENT((#8981));
#8887=PRESENTATION_STYLE_ASSIGNMENT((#8982));
#8888=PRESENTATION_STYLE_ASSIGNMENT((#8983));
#8889=PRESENTATION_STYLE_ASSIGNMENT((#8984));
#8890=PRESENTATION_STYLE_ASSIGNMENT((#8985));
#8891=PRESENTATION_STYLE_ASSIGNMENT((#8986));
#8892=PRESENTATION_STYLE_ASSIGNMENT((#8987));
#8893=PRESENTATION_STYLE_ASSIGNMENT((#8988));
#8894=PRESENTATION_STYLE_ASSIGNMENT((#8989));
#8895=PRESENTATION_STYLE_ASSIGNMENT((#8990));
#8896=PRESENTATION_STYLE_ASSIGNMENT((#8991));
#8897=PRESENTATION_STYLE_ASSIGNMENT((#8992));
#8898=PRESENTATION_STYLE_ASSIGNMENT((#8993));
#8899=PRESENTATION_STYLE_ASSIGNMENT((#8994));
#8900=PRESENTATION_STYLE_ASSIGNMENT((#8995));
#8901=PRESENTATION_STYLE_ASSIGNMENT((#8996));
#8902=PRESENTATION_STYLE_ASSIGNMENT((#8997));
#8903=PRESENTATION_STYLE_ASSIGNMENT((#8998));
#8904=PRESENTATION_STYLE_ASSIGNMENT((#8999));
#8905=PRESENTATION_STYLE_ASSIGNMENT((#9000));
#8906=PRESENTATION_STYLE_ASSIGNMENT((#9001));
#8907=PRESENTATION_STYLE_ASSIGNMENT((#9002));
#8908=PRESENTATION_STYLE_ASSIGNMENT((#9003));
#8909=PRESENTATION_STYLE_ASSIGNMENT((#9004));
#8910=PRESENTATION_STYLE_ASSIGNMENT((#9005));
#8911=PRESENTATION_STYLE_ASSIGNMENT((#9006));
#8912=PRESENTATION_STYLE_ASSIGNMENT((#9007));
#8913=PRESENTATION_STYLE_ASSIGNMENT((#9008));
#8914=PRESENTATION_STYLE_ASSIGNMENT((#9009));
#8915=PRESENTATION_STYLE_ASSIGNMENT((#9010));
#8916=PRESENTATION_STYLE_ASSIGNMENT((#9011));
#8917=PRESENTATION_STYLE_ASSIGNMENT((#9012));
#8918=PRESENTATION_STYLE_ASSIGNMENT((#9013));
#8919=PRESENTATION_STYLE_ASSIGNMENT((#9014));
#8920=PRESENTATION_STYLE_ASSIGNMENT((#9015));
#8921=PRESENTATION_STYLE_ASSIGNMENT((#9016));
#8922=PRESENTATION_STYLE_ASSIGNMENT((#9017));
#8923=PRESENTATION_STYLE_ASSIGNMENT((#9018));
#8924=PRESENTATION_STYLE_ASSIGNMENT((#9019));
#8925=PRESENTATION_STYLE_ASSIGNMENT((#9020));
#8926=PRESENTATION_STYLE_ASSIGNMENT((#9021));
#8927=PRESENTATION_STYLE_ASSIGNMENT((#9022));
#8928=PRESENTATION_STYLE_ASSIGNMENT((#9023));
#8929=PRESENTATION_STYLE_ASSIGNMENT((#9024));
#8930=PRESENTATION_STYLE_ASSIGNMENT((#9025));
#8931=PRESENTATION_STYLE_ASSIGNMENT((#9026));
#8932=PRESENTATION_STYLE_ASSIGNMENT((#9027));
#8933=PRESENTATION_STYLE_ASSIGNMENT((#9028));
#8934=PRESENTATION_STYLE_ASSIGNMENT((#9029));
#8935=PRESENTATION_STYLE_ASSIGNMENT((#9030));
#8936=PRESENTATION_STYLE_ASSIGNMENT((#9031));
#8937=PRESENTATION_STYLE_ASSIGNMENT((#9032));
#8938=PRESENTATION_STYLE_ASSIGNMENT((#9033));
#8939=PRESENTATION_STYLE_ASSIGNMENT((#9034));
#8940=PRESENTATION_STYLE_ASSIGNMENT((#9035));
#8941=PRESENTATION_STYLE_ASSIGNMENT((#9036));
#8942=PRESENTATION_STYLE_ASSIGNMENT((#9037));
#8943=PRESENTATION_STYLE_ASSIGNMENT((#9038));
#8944=PRESENTATION_STYLE_ASSIGNMENT((#9039));
#8945=PRESENTATION_STYLE_ASSIGNMENT((#9040));
#8946=PRESENTATION_STYLE_ASSIGNMENT((#9041));
#8947=PRESENTATION_STYLE_ASSIGNMENT((#9042));
#8948=PRESENTATION_STYLE_ASSIGNMENT((#9043));
#8949=PRESENTATION_STYLE_ASSIGNMENT((#26));
#8950=CURVE_STYLE('',#9046,POSITIVE_LENGTH_MEASURE(0.18),#9044);
#8951=CURVE_STYLE('',#9047,POSITIVE_LENGTH_MEASURE(0.18),#9044);
#8952=CURVE_STYLE('',#9048,POSITIVE_LENGTH_MEASURE(0.18),#9044);
#8953=CURVE_STYLE('',#9049,POSITIVE_LENGTH_MEASURE(0.18),#9044);
#8954=CURVE_STYLE('',#9050,POSITIVE_LENGTH_MEASURE(0.18),#9044);
#8955=CURVE_STYLE('',#9051,POSITIVE_LENGTH_MEASURE(0.18),#9044);
#8956=CURVE_STYLE('',#9052,POSITIVE_LENGTH_MEASURE(0.18),#9044);
#8957=CURVE_STYLE('',#9053,POSITIVE_LENGTH_MEASURE(0.18),#9044);
#8958=CURVE_STYLE('',#9054,POSITIVE_LENGTH_MEASURE(0.18),#9044);
#8959=CURVE_STYLE('',#9055,POSITIVE_LENGTH_MEASURE(0.18),#9044);
#8960=CURVE_STYLE('',#9056,POSITIVE_LENGTH_MEASURE(0.18),#9044);
#8961=CURVE_STYLE('',#9057,POSITIVE_LENGTH_MEASURE(0.18),#9044);
#8962=CURVE_STYLE('',#9058,POSITIVE_LENGTH_MEASURE(0.18),#9044);
#8963=CURVE_STYLE('',#9059,POSITIVE_LENGTH_MEASURE(0.18),#9044);
#8964=CURVE_STYLE('',#9060,POSITIVE_LENGTH_MEASURE(0.18),#9044);
#8965=CURVE_STYLE('',#9061,POSITIVE_LENGTH_MEASURE(0.18),#9044);
#8966=CURVE_STYLE('',#9062,POSITIVE_LENGTH_MEASURE(0.18),#9044);
#8967=CURVE_STYLE('',#9063,POSITIVE_LENGTH_MEASURE(0.18),#9044);
#8968=CURVE_STYLE('',#9064,POSITIVE_LENGTH_MEASURE(0.18),#9044);
#8969=CURVE_STYLE('',#9065,POSITIVE_LENGTH_MEASURE(0.18),#9044);
#8970=CURVE_STYLE('',#9066,POSITIVE_LENGTH_MEASURE(0.18),#9044);
#8971=CURVE_STYLE('',#9067,POSITIVE_LENGTH_MEASURE(0.18),#9044);
#8972=CURVE_STYLE('',#9068,POSITIVE_LENGTH_MEASURE(0.18),#9044);
#8973=CURVE_STYLE('',#9069,POSITIVE_LENGTH_MEASURE(0.18),#9044);
#8974=CURVE_STYLE('',#9070,POSITIVE_LENGTH_MEASURE(0.18),#9044);
#8975=CURVE_STYLE('',#9071,POSITIVE_LENGTH_MEASURE(0.18),#9044);
#8976=CURVE_STYLE('',#9072,POSITIVE_LENGTH_MEASURE(0.18),#9044);
#8977=CURVE_STYLE('',#9073,POSITIVE_LENGTH_MEASURE(0.18),#9044);
#8978=CURVE_STYLE('',#9074,POSITIVE_LENGTH_MEASURE(0.18),#9044);
#8979=CURVE_STYLE('',#9075,POSITIVE_LENGTH_MEASURE(0.18),#9044);
#8980=CURVE_STYLE('',#9076,POSITIVE_LENGTH_MEASURE(0.18),#9044);
#8981=CURVE_STYLE('',#9077,POSITIVE_LENGTH_MEASURE(0.18),#9044);
#8982=CURVE_STYLE('',#9078,POSITIVE_LENGTH_MEASURE(0.18),#9044);
#8983=CURVE_STYLE('',#9079,POSITIVE_LENGTH_MEASURE(0.18),#9044);
#8984=CURVE_STYLE('',#9080,POSITIVE_LENGTH_MEASURE(0.18),#9044);
#8985=CURVE_STYLE('',#9081,POSITIVE_LENGTH_MEASURE(0.18),#9044);
#8986=CURVE_STYLE('',#9082,POSITIVE_LENGTH_MEASURE(0.18),#9044);
#8987=CURVE_STYLE('',#9083,POSITIVE_LENGTH_MEASURE(0.18),#9044);
#8988=CURVE_STYLE('',#9084,POSITIVE_LENGTH_MEASURE(0.18),#9044);
#8989=CURVE_STYLE('',#9085,POSITIVE_LENGTH_MEASURE(0.18),#9044);
#8990=CURVE_STYLE('',#9086,POSITIVE_LENGTH_MEASURE(0.18),#9044);
#8991=CURVE_STYLE('',#9087,POSITIVE_LENGTH_MEASURE(0.18),#9044);
#8992=CURVE_STYLE('',#9088,POSITIVE_LENGTH_MEASURE(0.18),#9044);
#8993=CURVE_STYLE('',#9089,POSITIVE_LENGTH_MEASURE(0.18),#9044);
#8994=CURVE_STYLE('',#9090,POSITIVE_LENGTH_MEASURE(0.18),#9044);
#8995=CURVE_STYLE('',#9091,POSITIVE_LENGTH_MEASURE(0.18),#9044);
#8996=CURVE_STYLE('',#9092,POSITIVE_LENGTH_MEASURE(0.18),#9044);
#8997=CURVE_STYLE('',#9093,POSITIVE_LENGTH_MEASURE(0.18),#9044);
#8998=CURVE_STYLE('',#9094,POSITIVE_LENGTH_MEASURE(0.18),#9044);
#8999=CURVE_STYLE('',#9095,POSITIVE_LENGTH_MEASURE(0.18),#9044);
#9000=CURVE_STYLE('',#9096,POSITIVE_LENGTH_MEASURE(0.18),#9044);
#9001=CURVE_STYLE('',#9097,POSITIVE_LENGTH_MEASURE(0.18),#9044);
#9002=CURVE_STYLE('',#9098,POSITIVE_LENGTH_MEASURE(0.18),#9044);
#9003=CURVE_STYLE('',#9099,POSITIVE_LENGTH_MEASURE(0.18),#9044);
#9004=CURVE_STYLE('',#9100,POSITIVE_LENGTH_MEASURE(0.18),#9044);
#9005=CURVE_STYLE('',#9101,POSITIVE_LENGTH_MEASURE(0.18),#9044);
#9006=CURVE_STYLE('',#9102,POSITIVE_LENGTH_MEASURE(0.18),#9044);
#9007=CURVE_STYLE('',#9103,POSITIVE_LENGTH_MEASURE(0.18),#9044);
#9008=CURVE_STYLE('',#9104,POSITIVE_LENGTH_MEASURE(0.18),#9044);
#9009=CURVE_STYLE('',#9105,POSITIVE_LENGTH_MEASURE(0.18),#9044);
#9010=CURVE_STYLE('',#9106,POSITIVE_LENGTH_MEASURE(0.18),#9044);
#9011=CURVE_STYLE('',#9107,POSITIVE_LENGTH_MEASURE(0.18),#9044);
#9012=CURVE_STYLE('',#9108,POSITIVE_LENGTH_MEASURE(0.18),#9044);
#9013=CURVE_STYLE('',#9109,POSITIVE_LENGTH_MEASURE(0.18),#9044);
#9014=CURVE_STYLE('',#9110,POSITIVE_LENGTH_MEASURE(0.18),#9044);
#9015=CURVE_STYLE('',#9111,POSITIVE_LENGTH_MEASURE(0.18),#9044);
#9016=CURVE_STYLE('',#9112,POSITIVE_LENGTH_MEASURE(0.18),#9044);
#9017=CURVE_STYLE('',#9113,POSITIVE_LENGTH_MEASURE(0.18),#9044);
#9018=CURVE_STYLE('',#9114,POSITIVE_LENGTH_MEASURE(0.18),#9044);
#9019=CURVE_STYLE('',#9115,POSITIVE_LENGTH_MEASURE(0.18),#9044);
#9020=CURVE_STYLE('',#9116,POSITIVE_LENGTH_MEASURE(0.18),#9044);
#9021=CURVE_STYLE('',#9117,POSITIVE_LENGTH_MEASURE(0.18),#9044);
#9022=CURVE_STYLE('',#9118,POSITIVE_LENGTH_MEASURE(0.18),#9044);
#9023=CURVE_STYLE('',#9119,POSITIVE_LENGTH_MEASURE(0.18),#9044);
#9024=CURVE_STYLE('',#9120,POSITIVE_LENGTH_MEASURE(0.18),#9044);
#9025=CURVE_STYLE('',#9121,POSITIVE_LENGTH_MEASURE(0.18),#9044);
#9026=CURVE_STYLE('',#9122,POSITIVE_LENGTH_MEASURE(0.18),#9044);
#9027=CURVE_STYLE('',#9123,POSITIVE_LENGTH_MEASURE(0.18),#9044);
#9028=CURVE_STYLE('',#9124,POSITIVE_LENGTH_MEASURE(0.18),#9044);
#9029=CURVE_STYLE('',#9125,POSITIVE_LENGTH_MEASURE(0.18),#9044);
#9030=CURVE_STYLE('',#9126,POSITIVE_LENGTH_MEASURE(0.18),#9044);
#9031=CURVE_STYLE('',#9127,POSITIVE_LENGTH_MEASURE(0.18),#9044);
#9032=CURVE_STYLE('',#9128,POSITIVE_LENGTH_MEASURE(0.18),#9044);
#9033=CURVE_STYLE('',#9129,POSITIVE_LENGTH_MEASURE(0.18),#9044);
#9034=CURVE_STYLE('',#9130,POSITIVE_LENGTH_MEASURE(0.18),#9044);
#9035=CURVE_STYLE('',#9131,POSITIVE_LENGTH_MEASURE(0.18),#9044);
#9036=CURVE_STYLE('',#9132,POSITIVE_LENGTH_MEASURE(0.18),#9044);
#9037=CURVE_STYLE('',#9133,POSITIVE_LENGTH_MEASURE(0.18),#9044);
#9038=CURVE_STYLE('',#9134,POSITIVE_LENGTH_MEASURE(0.18),#9044);
#9039=CURVE_STYLE('',#9135,POSITIVE_LENGTH_MEASURE(0.18),#9044);
#9040=CURVE_STYLE('',#9136,POSITIVE_LENGTH_MEASURE(0.18),#9044);
#9041=CURVE_STYLE('',#9137,POSITIVE_LENGTH_MEASURE(0.18),#9044);
#9042=CURVE_STYLE('',#9138,POSITIVE_LENGTH_MEASURE(0.18),#9044);
#9043=CURVE_STYLE('',#9139,POSITIVE_LENGTH_MEASURE(0.18),#9044);
#9044=COLOUR_RGB('Medium Royal',0.2,0.4,0.8);
#9045=COLOUR_RGB('medium steel',0.596078431372549,0.666666666666667,0.686274509803922);
#9046=DRAUGHTING_PRE_DEFINED_CURVE_FONT('continuous');
#9047=DRAUGHTING_PRE_DEFINED_CURVE_FONT('continuous');
#9048=DRAUGHTING_PRE_DEFINED_CURVE_FONT('continuous');
#9049=DRAUGHTING_PRE_DEFINED_CURVE_FONT('continuous');
#9050=DRAUGHTING_PRE_DEFINED_CURVE_FONT('continuous');
#9051=DRAUGHTING_PRE_DEFINED_CURVE_FONT('continuous');
#9052=DRAUGHTING_PRE_DEFINED_CURVE_FONT('continuous');
#9053=DRAUGHTING_PRE_DEFINED_CURVE_FONT('continuous');
#9054=DRAUGHTING_PRE_DEFINED_CURVE_FONT('continuous');
#9055=DRAUGHTING_PRE_DEFINED_CURVE_FONT('continuous');
#9056=DRAUGHTING_PRE_DEFINED_CURVE_FONT('continuous');
#9057=DRAUGHTING_PRE_DEFINED_CURVE_FONT('continuous');
#9058=DRAUGHTING_PRE_DEFINED_CURVE_FONT('continuous');
#9059=DRAUGHTING_PRE_DEFINED_CURVE_FONT('continuous');
#9060=DRAUGHTING_PRE_DEFINED_CURVE_FONT('continuous');
#9061=DRAUGHTING_PRE_DEFINED_CURVE_FONT('continuous');
#9062=DRAUGHTING_PRE_DEFINED_CURVE_FONT('continuous');
#9063=DRAUGHTING_PRE_DEFINED_CURVE_FONT('continuous');
#9064=DRAUGHTING_PRE_DEFINED_CURVE_FONT('continuous');
#9065=DRAUGHTING_PRE_DEFINED_CURVE_FONT('continuous');
#9066=DRAUGHTING_PRE_DEFINED_CURVE_FONT('continuous');
#9067=DRAUGHTING_PRE_DEFINED_CURVE_FONT('continuous');
#9068=DRAUGHTING_PRE_DEFINED_CURVE_FONT('continuous');
#9069=DRAUGHTING_PRE_DEFINED_CURVE_FONT('continuous');
#9070=DRAUGHTING_PRE_DEFINED_CURVE_FONT('continuous');
#9071=DRAUGHTING_PRE_DEFINED_CURVE_FONT('continuous');
#9072=DRAUGHTING_PRE_DEFINED_CURVE_FONT('continuous');
#9073=DRAUGHTING_PRE_DEFINED_CURVE_FONT('continuous');
#9074=DRAUGHTING_PRE_DEFINED_CURVE_FONT('continuous');
#9075=DRAUGHTING_PRE_DEFINED_CURVE_FONT('continuous');
#9076=DRAUGHTING_PRE_DEFINED_CURVE_FONT('continuous');
#9077=DRAUGHTING_PRE_DEFINED_CURVE_FONT('continuous');
#9078=DRAUGHTING_PRE_DEFINED_CURVE_FONT('continuous');
#9079=DRAUGHTING_PRE_DEFINED_CURVE_FONT('continuous');
#9080=DRAUGHTING_PRE_DEFINED_CURVE_FONT('continuous');
#9081=DRAUGHTING_PRE_DEFINED_CURVE_FONT('continuous');
#9082=DRAUGHTING_PRE_DEFINED_CURVE_FONT('continuous');
#9083=DRAUGHTING_PRE_DEFINED_CURVE_FONT('continuous');
#9084=DRAUGHTING_PRE_DEFINED_CURVE_FONT('continuous');
#9085=DRAUGHTING_PRE_DEFINED_CURVE_FONT('continuous');
#9086=DRAUGHTING_PRE_DEFINED_CURVE_FONT('continuous');
#9087=DRAUGHTING_PRE_DEFINED_CURVE_FONT('continuous');
#9088=DRAUGHTING_PRE_DEFINED_CURVE_FONT('continuous');
#9089=DRAUGHTING_PRE_DEFINED_CURVE_FONT('continuous');
#9090=DRAUGHTING_PRE_DEFINED_CURVE_FONT('continuous');
#9091=DRAUGHTING_PRE_DEFINED_CURVE_FONT('continuous');
#9092=DRAUGHTING_PRE_DEFINED_CURVE_FONT('continuous');
#9093=DRAUGHTING_PRE_DEFINED_CURVE_FONT('continuous');
#9094=DRAUGHTING_PRE_DEFINED_CURVE_FONT('continuous');
#9095=DRAUGHTING_PRE_DEFINED_CURVE_FONT('continuous');
#9096=DRAUGHTING_PRE_DEFINED_CURVE_FONT('continuous');
#9097=DRAUGHTING_PRE_DEFINED_CURVE_FONT('continuous');
#9098=DRAUGHTING_PRE_DEFINED_CURVE_FONT('continuous');
#9099=DRAUGHTING_PRE_DEFINED_CURVE_FONT('continuous');
#9100=DRAUGHTING_PRE_DEFINED_CURVE_FONT('continuous');
#9101=DRAUGHTING_PRE_DEFINED_CURVE_FONT('continuous');
#9102=DRAUGHTING_PRE_DEFINED_CURVE_FONT('continuous');
#9103=DRAUGHTING_PRE_DEFINED_CURVE_FONT('continuous');
#9104=DRAUGHTING_PRE_DEFINED_CURVE_FONT('continuous');
#9105=DRAUGHTING_PRE_DEFINED_CURVE_FONT('continuous');
#9106=DRAUGHTING_PRE_DEFINED_CURVE_FONT('continuous');
#9107=DRAUGHTING_PRE_DEFINED_CURVE_FONT('continuous');
#9108=DRAUGHTING_PRE_DEFINED_CURVE_FONT('continuous');
#9109=DRAUGHTING_PRE_DEFINED_CURVE_FONT('continuous');
#9110=DRAUGHTING_PRE_DEFINED_CURVE_FONT('continuous');
#9111=DRAUGHTING_PRE_DEFINED_CURVE_FONT('continuous');
#9112=DRAUGHTING_PRE_DEFINED_CURVE_FONT('continuous');
#9113=DRAUGHTING_PRE_DEFINED_CURVE_FONT('continuous');
#9114=DRAUGHTING_PRE_DEFINED_CURVE_FONT('continuous');
#9115=DRAUGHTING_PRE_DEFINED_CURVE_FONT('continuous');
#9116=DRAUGHTING_PRE_DEFINED_CURVE_FONT('continuous');
#9117=DRAUGHTING_PRE_DEFINED_CURVE_FONT('continuous');
#9118=DRAUGHTING_PRE_DEFINED_CURVE_FONT('continuous');
#9119=DRAUGHTING_PRE_DEFINED_CURVE_FONT('continuous');
#9120=DRAUGHTING_PRE_DEFINED_CURVE_FONT('continuous');
#9121=DRAUGHTING_PRE_DEFINED_CURVE_FONT('continuous');
#9122=DRAUGHTING_PRE_DEFINED_CURVE_FONT('continuous');
#9123=DRAUGHTING_PRE_DEFINED_CURVE_FONT('continuous');
#9124=DRAUGHTING_PRE_DEFINED_CURVE_FONT('continuous');
#9125=DRAUGHTING_PRE_DEFINED_CURVE_FONT('continuous');
#9126=DRAUGHTING_PRE_DEFINED_CURVE_FONT('continuous');
#9127=DRAUGHTING_PRE_DEFINED_CURVE_FONT('continuous');
#9128=DRAUGHTING_PRE_DEFINED_CURVE_FONT('continuous');
#9129=DRAUGHTING_PRE_DEFINED_CURVE_FONT('continuous');
#9130=DRAUGHTING_PRE_DEFINED_CURVE_FONT('continuous');
#9131=DRAUGHTING_PRE_DEFINED_CURVE_FONT('continuous');
#9132=DRAUGHTING_PRE_DEFINED_CURVE_FONT('continuous');
#9133=DRAUGHTING_PRE_DEFINED_CURVE_FONT('continuous');
#9134=DRAUGHTING_PRE_DEFINED_CURVE_FONT('continuous');
#9135=DRAUGHTING_PRE_DEFINED_CURVE_FONT('continuous');
#9136=DRAUGHTING_PRE_DEFINED_CURVE_FONT('continuous');
#9137=DRAUGHTING_PRE_DEFINED_CURVE_FONT('continuous');
#9138=DRAUGHTING_PRE_DEFINED_CURVE_FONT('continuous');
#9139=DRAUGHTING_PRE_DEFINED_CURVE_FONT('continuous');
#9140=TRIMMED_CURVE('',#9234,(PARAMETER_VALUE(0.)),(PARAMETER_VALUE(1.)),
 .T.,.PARAMETER.);
#9141=TRIMMED_CURVE('',#9235,(PARAMETER_VALUE(0.)),(PARAMETER_VALUE(1.)),
 .T.,.PARAMETER.);
#9142=TRIMMED_CURVE('',#9236,(PARAMETER_VALUE(0.)),(PARAMETER_VALUE(1.)),
 .T.,.PARAMETER.);
#9143=TRIMMED_CURVE('',#9237,(PARAMETER_VALUE(0.)),(PARAMETER_VALUE(1.)),
 .T.,.PARAMETER.);
#9144=TRIMMED_CURVE('',#9238,(PARAMETER_VALUE(0.)),(PARAMETER_VALUE(1.)),
 .T.,.PARAMETER.);
#9145=TRIMMED_CURVE('',#9239,(PARAMETER_VALUE(0.)),(PARAMETER_VALUE(1.)),
 .T.,.PARAMETER.);
#9146=TRIMMED_CURVE('',#9240,(PARAMETER_VALUE(0.)),(PARAMETER_VALUE(1.)),
 .T.,.PARAMETER.);
#9147=TRIMMED_CURVE('',#9241,(PARAMETER_VALUE(0.)),(PARAMETER_VALUE(1.)),
 .T.,.PARAMETER.);
#9148=TRIMMED_CURVE('',#9242,(PARAMETER_VALUE(0.)),(PARAMETER_VALUE(1.)),
 .T.,.PARAMETER.);
#9149=TRIMMED_CURVE('',#9243,(PARAMETER_VALUE(0.)),(PARAMETER_VALUE(1.)),
 .T.,.PARAMETER.);
#9150=TRIMMED_CURVE('',#9244,(PARAMETER_VALUE(0.)),(PARAMETER_VALUE(1.)),
 .T.,.PARAMETER.);
#9151=TRIMMED_CURVE('',#9245,(PARAMETER_VALUE(0.)),(PARAMETER_VALUE(1.)),
 .T.,.PARAMETER.);
#9152=TRIMMED_CURVE('',#9246,(PARAMETER_VALUE(0.)),(PARAMETER_VALUE(1.)),
 .T.,.PARAMETER.);
#9153=TRIMMED_CURVE('',#9247,(PARAMETER_VALUE(0.)),(PARAMETER_VALUE(1.)),
 .T.,.PARAMETER.);
#9154=TRIMMED_CURVE('',#9248,(PARAMETER_VALUE(0.)),(PARAMETER_VALUE(1.)),
 .T.,.PARAMETER.);
#9155=TRIMMED_CURVE('',#9249,(PARAMETER_VALUE(0.)),(PARAMETER_VALUE(1.)),
 .T.,.PARAMETER.);
#9156=TRIMMED_CURVE('',#9250,(PARAMETER_VALUE(0.)),(PARAMETER_VALUE(1.)),
 .T.,.PARAMETER.);
#9157=TRIMMED_CURVE('',#9251,(PARAMETER_VALUE(0.)),(PARAMETER_VALUE(1.)),
 .T.,.PARAMETER.);
#9158=TRIMMED_CURVE('',#9252,(PARAMETER_VALUE(0.)),(PARAMETER_VALUE(1.)),
 .T.,.PARAMETER.);
#9159=TRIMMED_CURVE('',#9253,(PARAMETER_VALUE(0.)),(PARAMETER_VALUE(1.)),
 .T.,.PARAMETER.);
#9160=TRIMMED_CURVE('',#9254,(PARAMETER_VALUE(0.)),(PARAMETER_VALUE(1.)),
 .T.,.PARAMETER.);
#9161=TRIMMED_CURVE('',#9255,(PARAMETER_VALUE(0.)),(PARAMETER_VALUE(1.)),
 .T.,.PARAMETER.);
#9162=TRIMMED_CURVE('',#9256,(PARAMETER_VALUE(0.)),(PARAMETER_VALUE(1.)),
 .T.,.PARAMETER.);
#9163=TRIMMED_CURVE('',#9257,(PARAMETER_VALUE(0.)),(PARAMETER_VALUE(1.)),
 .T.,.PARAMETER.);
#9164=TRIMMED_CURVE('',#9258,(PARAMETER_VALUE(0.)),(PARAMETER_VALUE(1.)),
 .T.,.PARAMETER.);
#9165=TRIMMED_CURVE('',#9259,(PARAMETER_VALUE(0.)),(PARAMETER_VALUE(1.)),
 .T.,.PARAMETER.);
#9166=TRIMMED_CURVE('',#9260,(PARAMETER_VALUE(0.)),(PARAMETER_VALUE(1.)),
 .T.,.PARAMETER.);
#9167=TRIMMED_CURVE('',#9261,(PARAMETER_VALUE(0.)),(PARAMETER_VALUE(1.)),
 .T.,.PARAMETER.);
#9168=TRIMMED_CURVE('',#9262,(PARAMETER_VALUE(0.)),(PARAMETER_VALUE(1.)),
 .T.,.PARAMETER.);
#9169=TRIMMED_CURVE('',#9263,(PARAMETER_VALUE(0.)),(PARAMETER_VALUE(1.)),
 .T.,.PARAMETER.);
#9170=TRIMMED_CURVE('',#9264,(PARAMETER_VALUE(0.)),(PARAMETER_VALUE(1.)),
 .T.,.PARAMETER.);
#9171=TRIMMED_CURVE('',#9265,(PARAMETER_VALUE(0.)),(PARAMETER_VALUE(1.)),
 .T.,.PARAMETER.);
#9172=TRIMMED_CURVE('',#9266,(PARAMETER_VALUE(0.)),(PARAMETER_VALUE(1.)),
 .T.,.PARAMETER.);
#9173=TRIMMED_CURVE('',#9267,(PARAMETER_VALUE(0.)),(PARAMETER_VALUE(1.)),
 .T.,.PARAMETER.);
#9174=TRIMMED_CURVE('',#9268,(PARAMETER_VALUE(0.)),(PARAMETER_VALUE(1.)),
 .T.,.PARAMETER.);
#9175=TRIMMED_CURVE('',#9269,(PARAMETER_VALUE(0.)),(PARAMETER_VALUE(1.)),
 .T.,.PARAMETER.);
#9176=TRIMMED_CURVE('',#9270,(PARAMETER_VALUE(0.)),(PARAMETER_VALUE(1.)),
 .T.,.PARAMETER.);
#9177=TRIMMED_CURVE('',#9271,(PARAMETER_VALUE(0.)),(PARAMETER_VALUE(1.)),
 .T.,.PARAMETER.);
#9178=TRIMMED_CURVE('',#9272,(PARAMETER_VALUE(0.)),(PARAMETER_VALUE(1.)),
 .T.,.PARAMETER.);
#9179=TRIMMED_CURVE('',#9273,(PARAMETER_VALUE(0.)),(PARAMETER_VALUE(1.)),
 .T.,.PARAMETER.);
#9180=TRIMMED_CURVE('',#9274,(PARAMETER_VALUE(0.)),(PARAMETER_VALUE(1.)),
 .T.,.PARAMETER.);
#9181=TRIMMED_CURVE('',#9275,(PARAMETER_VALUE(0.)),(PARAMETER_VALUE(1.)),
 .T.,.PARAMETER.);
#9182=TRIMMED_CURVE('',#9276,(PARAMETER_VALUE(0.)),(PARAMETER_VALUE(1.)),
 .T.,.PARAMETER.);
#9183=TRIMMED_CURVE('',#9277,(PARAMETER_VALUE(0.)),(PARAMETER_VALUE(1.)),
 .T.,.PARAMETER.);
#9184=TRIMMED_CURVE('',#9278,(PARAMETER_VALUE(0.)),(PARAMETER_VALUE(1.)),
 .T.,.PARAMETER.);
#9185=TRIMMED_CURVE('',#9279,(PARAMETER_VALUE(0.)),(PARAMETER_VALUE(1.)),
 .T.,.PARAMETER.);
#9186=TRIMMED_CURVE('',#9280,(PARAMETER_VALUE(0.)),(PARAMETER_VALUE(1.)),
 .T.,.PARAMETER.);
#9187=TRIMMED_CURVE('',#9281,(PARAMETER_VALUE(0.)),(PARAMETER_VALUE(1.)),
 .T.,.PARAMETER.);
#9188=TRIMMED_CURVE('',#9282,(PARAMETER_VALUE(0.)),(PARAMETER_VALUE(1.)),
 .T.,.PARAMETER.);
#9189=TRIMMED_CURVE('',#9283,(PARAMETER_VALUE(0.)),(PARAMETER_VALUE(1.)),
 .T.,.PARAMETER.);
#9190=TRIMMED_CURVE('',#9284,(PARAMETER_VALUE(0.)),(PARAMETER_VALUE(1.)),
 .T.,.PARAMETER.);
#9191=TRIMMED_CURVE('',#9285,(PARAMETER_VALUE(0.)),(PARAMETER_VALUE(1.)),
 .T.,.PARAMETER.);
#9192=TRIMMED_CURVE('',#9286,(PARAMETER_VALUE(0.)),(PARAMETER_VALUE(1.)),
 .T.,.PARAMETER.);
#9193=TRIMMED_CURVE('',#9287,(PARAMETER_VALUE(0.)),(PARAMETER_VALUE(1.)),
 .T.,.PARAMETER.);
#9194=TRIMMED_CURVE('',#9288,(PARAMETER_VALUE(0.)),(PARAMETER_VALUE(1.)),
 .T.,.PARAMETER.);
#9195=TRIMMED_CURVE('',#9289,(PARAMETER_VALUE(0.)),(PARAMETER_VALUE(1.)),
 .T.,.PARAMETER.);
#9196=TRIMMED_CURVE('',#9290,(PARAMETER_VALUE(0.)),(PARAMETER_VALUE(1.)),
 .T.,.PARAMETER.);
#9197=TRIMMED_CURVE('',#9291,(PARAMETER_VALUE(0.)),(PARAMETER_VALUE(1.)),
 .T.,.PARAMETER.);
#9198=TRIMMED_CURVE('',#9292,(PARAMETER_VALUE(0.)),(PARAMETER_VALUE(1.)),
 .T.,.PARAMETER.);
#9199=TRIMMED_CURVE('',#9293,(PARAMETER_VALUE(0.)),(PARAMETER_VALUE(1.)),
 .T.,.PARAMETER.);
#9200=TRIMMED_CURVE('',#9294,(PARAMETER_VALUE(0.)),(PARAMETER_VALUE(1.)),
 .T.,.PARAMETER.);
#9201=TRIMMED_CURVE('',#9295,(PARAMETER_VALUE(0.)),(PARAMETER_VALUE(1.)),
 .T.,.PARAMETER.);
#9202=TRIMMED_CURVE('',#9296,(PARAMETER_VALUE(0.)),(PARAMETER_VALUE(1.)),
 .T.,.PARAMETER.);
#9203=TRIMMED_CURVE('',#9297,(PARAMETER_VALUE(0.)),(PARAMETER_VALUE(1.)),
 .T.,.PARAMETER.);
#9204=TRIMMED_CURVE('',#9298,(PARAMETER_VALUE(0.)),(PARAMETER_VALUE(1.)),
 .T.,.PARAMETER.);
#9205=TRIMMED_CURVE('',#9299,(PARAMETER_VALUE(0.)),(PARAMETER_VALUE(1.)),
 .T.,.PARAMETER.);
#9206=TRIMMED_CURVE('',#9300,(PARAMETER_VALUE(0.)),(PARAMETER_VALUE(1.)),
 .T.,.PARAMETER.);
#9207=TRIMMED_CURVE('',#9301,(PARAMETER_VALUE(0.)),(PARAMETER_VALUE(1.)),
 .T.,.PARAMETER.);
#9208=TRIMMED_CURVE('',#9302,(PARAMETER_VALUE(0.)),(PARAMETER_VALUE(1.)),
 .T.,.PARAMETER.);
#9209=TRIMMED_CURVE('',#9303,(PARAMETER_VALUE(0.)),(PARAMETER_VALUE(1.)),
 .T.,.PARAMETER.);
#9210=TRIMMED_CURVE('',#9304,(PARAMETER_VALUE(0.)),(PARAMETER_VALUE(1.)),
 .T.,.PARAMETER.);
#9211=TRIMMED_CURVE('',#9305,(PARAMETER_VALUE(0.)),(PARAMETER_VALUE(1.)),
 .T.,.PARAMETER.);
#9212=TRIMMED_CURVE('',#9306,(PARAMETER_VALUE(0.)),(PARAMETER_VALUE(1.)),
 .T.,.PARAMETER.);
#9213=TRIMMED_CURVE('',#9307,(PARAMETER_VALUE(0.)),(PARAMETER_VALUE(1.)),
 .T.,.PARAMETER.);
#9214=TRIMMED_CURVE('',#9308,(PARAMETER_VALUE(0.)),(PARAMETER_VALUE(1.)),
 .T.,.PARAMETER.);
#9215=TRIMMED_CURVE('',#9309,(PARAMETER_VALUE(0.)),(PARAMETER_VALUE(1.)),
 .T.,.PARAMETER.);
#9216=TRIMMED_CURVE('',#9310,(PARAMETER_VALUE(0.)),(PARAMETER_VALUE(1.)),
 .T.,.PARAMETER.);
#9217=TRIMMED_CURVE('',#9311,(PARAMETER_VALUE(0.)),(PARAMETER_VALUE(1.)),
 .T.,.PARAMETER.);
#9218=TRIMMED_CURVE('',#9312,(PARAMETER_VALUE(0.)),(PARAMETER_VALUE(1.)),
 .T.,.PARAMETER.);
#9219=TRIMMED_CURVE('',#9313,(PARAMETER_VALUE(0.)),(PARAMETER_VALUE(1.)),
 .T.,.PARAMETER.);
#9220=TRIMMED_CURVE('',#9314,(PARAMETER_VALUE(0.)),(PARAMETER_VALUE(1.)),
 .T.,.PARAMETER.);
#9221=TRIMMED_CURVE('',#9315,(PARAMETER_VALUE(0.)),(PARAMETER_VALUE(1.)),
 .T.,.PARAMETER.);
#9222=TRIMMED_CURVE('',#9316,(PARAMETER_VALUE(0.)),(PARAMETER_VALUE(1.)),
 .T.,.PARAMETER.);
#9223=TRIMMED_CURVE('',#9317,(PARAMETER_VALUE(0.)),(PARAMETER_VALUE(1.)),
 .T.,.PARAMETER.);
#9224=TRIMMED_CURVE('',#9318,(PARAMETER_VALUE(0.)),(PARAMETER_VALUE(1.)),
 .T.,.PARAMETER.);
#9225=TRIMMED_CURVE('',#9319,(PARAMETER_VALUE(0.)),(PARAMETER_VALUE(1.)),
 .T.,.PARAMETER.);
#9226=TRIMMED_CURVE('',#9320,(PARAMETER_VALUE(0.)),(PARAMETER_VALUE(1.)),
 .T.,.PARAMETER.);
#9227=TRIMMED_CURVE('',#9321,(PARAMETER_VALUE(0.)),(PARAMETER_VALUE(1.)),
 .T.,.PARAMETER.);
#9228=TRIMMED_CURVE('A_2',#9322,(PARAMETER_VALUE(0.)),(
PARAMETER_VALUE(1.)),.T.,.PARAMETER.);
#9229=TRIMMED_CURVE('A_3',#9323,(PARAMETER_VALUE(0.)),(
PARAMETER_VALUE(1.)),.T.,.PARAMETER.);
#9230=TRIMMED_CURVE('',#8553,(PARAMETER_VALUE(0.)),(PARAMETER_VALUE(179.999999999966)),
 .T.,.PARAMETER.);
#9231=TRIMMED_CURVE('',#8554,(PARAMETER_VALUE(0.)),(PARAMETER_VALUE(179.999999999966)),
 .T.,.PARAMETER.);
#9232=TRIMMED_CURVE('',#8555,(PARAMETER_VALUE(0.)),(PARAMETER_VALUE(179.999999999966)),
 .T.,.PARAMETER.);
#9233=TRIMMED_CURVE('',#8556,(PARAMETER_VALUE(0.)),(PARAMETER_VALUE(179.999999999966)),
 .T.,.PARAMETER.);
#9234=LINE('',#16300,#10791);
#9235=LINE('',#16301,#10792);
#9236=LINE('',#16302,#10793);
#9237=LINE('',#16303,#10794);
#9238=LINE('',#16304,#10795);
#9239=LINE('',#16305,#10796);
#9240=LINE('',#16306,#10797);
#9241=LINE('',#16307,#10798);
#9242=LINE('',#16308,#10799);
#9243=LINE('',#16309,#10800);
#9244=LINE('',#16310,#10801);
#9245=LINE('',#16311,#10802);
#9246=LINE('',#16312,#10803);
#9247=LINE('',#16313,#10804);
#9248=LINE('',#16314,#10805);
#9249=LINE('',#16315,#10806);
#9250=LINE('',#16316,#10807);
#9251=LINE('',#16317,#10808);
#9252=LINE('',#16318,#10809);
#9253=LINE('',#16319,#10810);
#9254=LINE('',#16320,#10811);
#9255=LINE('',#16321,#10812);
#9256=LINE('',#16322,#10813);
#9257=LINE('',#16323,#10814);
#9258=LINE('',#16324,#10815);
#9259=LINE('',#16325,#10816);
#9260=LINE('',#16326,#10817);
#9261=LINE('',#16327,#10818);
#9262=LINE('',#16328,#10819);
#9263=LINE('',#16329,#10820);
#9264=LINE('',#16330,#10821);
#9265=LINE('',#16331,#10822);
#9266=LINE('',#16332,#10823);
#9267=LINE('',#16333,#10824);
#9268=LINE('',#16334,#10825);
#9269=LINE('',#16335,#10826);
#9270=LINE('',#16336,#10827);
#9271=LINE('',#16337,#10828);
#9272=LINE('',#16338,#10829);
#9273=LINE('',#16339,#10830);
#9274=LINE('',#16340,#10831);
#9275=LINE('',#16341,#10832);
#9276=LINE('',#16342,#10833);
#9277=LINE('',#16343,#10834);
#9278=LINE('',#16344,#10835);
#9279=LINE('',#16345,#10836);
#9280=LINE('',#16346,#10837);
#9281=LINE('',#16347,#10838);
#9282=LINE('',#16348,#10839);
#9283=LINE('',#16349,#10840);
#9284=LINE('',#16350,#10841);
#9285=LINE('',#16351,#10842);
#9286=LINE('',#16352,#10843);
#9287=LINE('',#16353,#10844);
#9288=LINE('',#16354,#10845);
#9289=LINE('',#16355,#10846);
#9290=LINE('',#16356,#10847);
#9291=LINE('',#16357,#10848);
#9292=LINE('',#16358,#10849);
#9293=LINE('',#16359,#10850);
#9294=LINE('',#16360,#10851);
#9295=LINE('',#16361,#10852);
#9296=LINE('',#16362,#10853);
#9297=LINE('',#16363,#10854);
#9298=LINE('',#16364,#10855);
#9299=LINE('',#16365,#10856);
#9300=LINE('',#16366,#10857);
#9301=LINE('',#16367,#10858);
#9302=LINE('',#16368,#10859);
#9303=LINE('',#16369,#10860);
#9304=LINE('',#16370,#10861);
#9305=LINE('',#16371,#10862);
#9306=LINE('',#16372,#10863);
#9307=LINE('',#16373,#10864);
#9308=LINE('',#16374,#10865);
#9309=LINE('',#16375,#10866);
#9310=LINE('',#16376,#10867);
#9311=LINE('',#16377,#10868);
#9312=LINE('',#16378,#10869);
#9313=LINE('',#16379,#10870);
#9314=LINE('',#16380,#10871);
#9315=LINE('',#16381,#10872);
#9316=LINE('',#16382,#10873);
#9317=LINE('',#16383,#10874);
#9318=LINE('',#16384,#10875);
#9319=LINE('',#16385,#10876);
#9320=LINE('',#16386,#10877);
#9321=LINE('',#16387,#10878);
#9322=LINE('A_2',#16388,#10879);
#9323=LINE('A_3',#16389,#10880);
#9324=LINE('',#16394,#10881);
#9325=LINE('',#16397,#10882);
#9326=LINE('',#16399,#10883);
#9327=LINE('',#16401,#10884);
#9328=LINE('',#16403,#10885);
#9329=LINE('',#16406,#10886);
#9330=LINE('',#16408,#10887);
#9331=LINE('',#16410,#10888);
#9332=LINE('',#16412,#10889);
#9333=LINE('',#16415,#10890);
#9334=LINE('',#16417,#10891);
#9335=LINE('',#16419,#10892);
#9336=LINE('',#16421,#10893);
#9337=LINE('',#16424,#10894);
#9338=LINE('',#16426,#10895);
#9339=LINE('',#16428,#10896);
#9340=LINE('',#16430,#10897);
#9341=LINE('',#16433,#10898);
#9342=LINE('',#16435,#10899);
#9343=LINE('',#16437,#10900);
#9344=LINE('',#16439,#10901);
#9345=LINE('',#16442,#10902);
#9346=LINE('',#16443,#10903);
#9347=LINE('',#16445,#10904);
#9348=LINE('',#16447,#10905);
#9349=LINE('',#16449,#10906);
#9350=LINE('',#16451,#10907);
#9351=LINE('',#16453,#10908);
#9352=LINE('',#16456,#10909);
#9353=LINE('',#16458,#10910);
#9354=LINE('',#16460,#10911);
#9355=LINE('',#16462,#10912);
#9356=LINE('',#16465,#10913);
#9357=LINE('',#16466,#10914);
#9358=LINE('',#16468,#10915);
#9359=LINE('',#16470,#10916);
#9360=LINE('',#16472,#10917);
#9361=LINE('',#16474,#10918);
#9362=LINE('',#16476,#10919);
#9363=LINE('',#16479,#10920);
#9364=LINE('',#16481,#10921);
#9365=LINE('',#16483,#10922);
#9366=LINE('',#16485,#10923);
#9367=LINE('',#16488,#10924);
#9368=LINE('',#16489,#10925);
#9369=LINE('',#16491,#10926);
#9370=LINE('',#16493,#10927);
#9371=LINE('',#16495,#10928);
#9372=LINE('',#16497,#10929);
#9373=LINE('',#16499,#10930);
#9374=LINE('',#16502,#10931);
#9375=LINE('',#16504,#10932);
#9376=LINE('',#16506,#10933);
#9377=LINE('',#16508,#10934);
#9378=LINE('',#16511,#10935);
#9379=LINE('',#16513,#10936);
#9380=LINE('',#16515,#10937);
#9381=LINE('',#16517,#10938);
#9382=LINE('',#16519,#10939);
#9383=LINE('',#16521,#10940);
#9384=LINE('',#16523,#10941);
#9385=LINE('',#16526,#10942);
#9386=LINE('',#16528,#10943);
#9387=LINE('',#16530,#10944);
#9388=LINE('',#16534,#10945);
#9389=LINE('',#16538,#10946);
#9390=LINE('',#16540,#10947);
#9391=LINE('',#16542,#10948);
#9392=LINE('',#16546,#10949);
#9393=LINE('',#16550,#10950);
#9394=LINE('',#16552,#10951);
#9395=LINE('',#16554,#10952);
#9396=LINE('',#16556,#10953);
#9397=LINE('',#16558,#10954);
#9398=LINE('',#16560,#10955);
#9399=LINE('',#16562,#10956);
#9400=LINE('',#16564,#10957);
#9401=LINE('',#16566,#10958);
#9402=LINE('',#16568,#10959);
#9403=LINE('',#16570,#10960);
#9404=LINE('',#16572,#10961);
#9405=LINE('',#16574,#10962);
#9406=LINE('',#16576,#10963);
#9407=LINE('',#16578,#10964);
#9408=LINE('',#16582,#10965);
#9409=LINE('',#16586,#10966);
#9410=LINE('',#16588,#10967);
#9411=LINE('',#16590,#10968);
#9412=LINE('',#16594,#10969);
#9413=LINE('',#16598,#10970);
#9414=LINE('',#16600,#10971);
#9415=LINE('',#16602,#10972);
#9416=LINE('',#16604,#10973);
#9417=LINE('',#16607,#10974);
#9418=LINE('',#16609,#10975);
#9419=LINE('',#16611,#10976);
#9420=LINE('',#16613,#10977);
#9421=LINE('',#16616,#10978);
#9422=LINE('',#16618,#10979);
#9423=LINE('',#16620,#10980);
#9424=LINE('',#16622,#10981);
#9425=LINE('',#16625,#10982);
#9426=LINE('',#16626,#10983);
#9427=LINE('',#16628,#10984);
#9428=LINE('',#16631,#10985);
#9429=LINE('',#16633,#10986);
#9430=LINE('',#16635,#10987);
#9431=LINE('',#16637,#10988);
#9432=LINE('',#16640,#10989);
#9433=LINE('',#16641,#10990);
#9434=LINE('',#16643,#10991);
#9435=LINE('',#16646,#10992);
#9436=LINE('',#16648,#10993);
#9437=LINE('',#16650,#10994);
#9438=LINE('',#16652,#10995);
#9439=LINE('',#16654,#10996);
#9440=LINE('',#16656,#10997);
#9441=LINE('',#16658,#10998);
#9442=LINE('',#16660,#10999);
#9443=LINE('',#16662,#11000);
#9444=LINE('',#16665,#11001);
#9445=LINE('',#16667,#11002);
#9446=LINE('',#16669,#11003);
#9447=LINE('',#16671,#11004);
#9448=LINE('',#16673,#11005);
#9449=LINE('',#16675,#11006);
#9450=LINE('',#16677,#11007);
#9451=LINE('',#16679,#11008);
#9452=LINE('',#16681,#11009);
#9453=LINE('',#16683,#11010);
#9454=LINE('',#16684,#11011);
#9455=LINE('',#16686,#11012);
#9456=LINE('',#16688,#11013);
#9457=LINE('',#16690,#11014);
#9458=LINE('',#16692,#11015);
#9459=LINE('',#16694,#11016);
#9460=LINE('',#16696,#11017);
#9461=LINE('',#16699,#11018);
#9462=LINE('',#16701,#11019);
#9463=LINE('',#16703,#11020);
#9464=LINE('',#16705,#11021);
#9465=LINE('',#16708,#11022);
#9466=LINE('',#16710,#11023);
#9467=LINE('',#16712,#11024);
#9468=LINE('',#16716,#11025);
#9469=LINE('',#16720,#11026);
#9470=LINE('',#16722,#11027);
#9471=LINE('',#16724,#11028);
#9472=LINE('',#16728,#11029);
#9473=LINE('',#16732,#11030);
#9474=LINE('',#16734,#11031);
#9475=LINE('',#16736,#11032);
#9476=LINE('',#16738,#11033);
#9477=LINE('',#16740,#11034);
#9478=LINE('',#16742,#11035);
#9479=LINE('',#16744,#11036);
#9480=LINE('',#16746,#11037);
#9481=LINE('',#16748,#11038);
#9482=LINE('',#16750,#11039);
#9483=LINE('',#16752,#11040);
#9484=LINE('',#16754,#11041);
#9485=LINE('',#16756,#11042);
#9486=LINE('',#16758,#11043);
#9487=LINE('',#16760,#11044);
#9488=LINE('',#16764,#11045);
#9489=LINE('',#16768,#11046);
#9490=LINE('',#16770,#11047);
#9491=LINE('',#16772,#11048);
#9492=LINE('',#16776,#11049);
#9493=LINE('',#16780,#11050);
#9494=LINE('',#16782,#11051);
#9495=LINE('',#16784,#11052);
#9496=LINE('',#16786,#11053);
#9497=LINE('',#16788,#11054);
#9498=LINE('',#16790,#11055);
#9499=LINE('',#16792,#11056);
#9500=LINE('',#16795,#11057);
#9501=LINE('',#16797,#11058);
#9502=LINE('',#16799,#11059);
#9503=LINE('',#16801,#11060);
#9504=LINE('',#16807,#11061);
#9505=LINE('',#16810,#11062);
#9506=LINE('',#16811,#11063);
#9507=LINE('',#16813,#11064);
#9508=LINE('',#16819,#11065);
#9509=LINE('',#16822,#11066);
#9510=LINE('',#16823,#11067);
#9511=LINE('',#16825,#11068);
#9512=LINE('',#16828,#11069);
#9513=LINE('',#16829,#11070);
#9514=LINE('',#16831,#11071);
#9515=LINE('',#16834,#11072);
#9516=LINE('',#16835,#11073);
#9517=LINE('',#16837,#11074);
#9518=LINE('',#16840,#11075);
#9519=LINE('',#16841,#11076);
#9520=LINE('',#16843,#11077);
#9521=LINE('',#16846,#11078);
#9522=LINE('',#16847,#11079);
#9523=LINE('',#16849,#11080);
#9524=LINE('',#16855,#11081);
#9525=LINE('',#16858,#11082);
#9526=LINE('',#16859,#11083);
#9527=LINE('',#16861,#11084);
#9528=LINE('',#16867,#11085);
#9529=LINE('',#16870,#11086);
#9530=LINE('',#16872,#11087);
#9531=LINE('',#16874,#11088);
#9532=LINE('',#16876,#11089);
#9533=LINE('',#16879,#11090);
#9534=LINE('',#16880,#11091);
#9535=LINE('',#16882,#11092);
#9536=LINE('',#16884,#11093);
#9537=LINE('',#16886,#11094);
#9538=LINE('',#16888,#11095);
#9539=LINE('',#16890,#11096);
#9540=LINE('',#16892,#11097);
#9541=LINE('',#16894,#11098);
#9542=LINE('',#16896,#11099);
#9543=LINE('',#16898,#11100);
#9544=LINE('',#16900,#11101);
#9545=LINE('',#16902,#11102);
#9546=LINE('',#16904,#11103);
#9547=LINE('',#16906,#11104);
#9548=LINE('',#16908,#11105);
#9549=LINE('',#16910,#11106);
#9550=LINE('',#16912,#11107);
#9551=LINE('',#16915,#11108);
#9552=LINE('',#16917,#11109);
#9553=LINE('',#16919,#11110);
#9554=LINE('',#16921,#11111);
#9555=LINE('',#16923,#11112);
#9556=LINE('',#16925,#11113);
#9557=LINE('',#16927,#11114);
#9558=LINE('',#16930,#11115);
#9559=LINE('',#16932,#11116);
#9560=LINE('',#16934,#11117);
#9561=LINE('',#16938,#11118);
#9562=LINE('',#16942,#11119);
#9563=LINE('',#16944,#11120);
#9564=LINE('',#16946,#11121);
#9565=LINE('',#16950,#11122);
#9566=LINE('',#16954,#11123);
#9567=LINE('',#16956,#11124);
#9568=LINE('',#16958,#11125);
#9569=LINE('',#16960,#11126);
#9570=LINE('',#16962,#11127);
#9571=LINE('',#16964,#11128);
#9572=LINE('',#16966,#11129);
#9573=LINE('',#16968,#11130);
#9574=LINE('',#16970,#11131);
#9575=LINE('',#16972,#11132);
#9576=LINE('',#16974,#11133);
#9577=LINE('',#16976,#11134);
#9578=LINE('',#16978,#11135);
#9579=LINE('',#16980,#11136);
#9580=LINE('',#16982,#11137);
#9581=LINE('',#16986,#11138);
#9582=LINE('',#16990,#11139);
#9583=LINE('',#16992,#11140);
#9584=LINE('',#16994,#11141);
#9585=LINE('',#16998,#11142);
#9586=LINE('',#17002,#11143);
#9587=LINE('',#17004,#11144);
#9588=LINE('',#17006,#11145);
#9589=LINE('',#17008,#11146);
#9590=LINE('',#17011,#11147);
#9591=LINE('',#17013,#11148);
#9592=LINE('',#17015,#11149);
#9593=LINE('',#17017,#11150);
#9594=LINE('',#17022,#11151);
#9595=LINE('',#17026,#11152);
#9596=LINE('',#17028,#11153);
#9597=LINE('',#17030,#11154);
#9598=LINE('',#17034,#11155);
#9599=LINE('',#17038,#11156);
#9600=LINE('',#17040,#11157);
#9601=LINE('',#17042,#11158);
#9602=LINE('',#17044,#11159);
#9603=LINE('',#17046,#11160);
#9604=LINE('',#17048,#11161);
#9605=LINE('',#17050,#11162);
#9606=LINE('',#17052,#11163);
#9607=LINE('',#17054,#11164);
#9608=LINE('',#17056,#11165);
#9609=LINE('',#17058,#11166);
#9610=LINE('',#17060,#11167);
#9611=LINE('',#17062,#11168);
#9612=LINE('',#17064,#11169);
#9613=LINE('',#17066,#11170);
#9614=LINE('',#17070,#11171);
#9615=LINE('',#17074,#11172);
#9616=LINE('',#17076,#11173);
#9617=LINE('',#17078,#11174);
#9618=LINE('',#17082,#11175);
#9619=LINE('',#17086,#11176);
#9620=LINE('',#17088,#11177);
#9621=LINE('',#17090,#11178);
#9622=LINE('',#17092,#11179);
#9623=LINE('',#17094,#11180);
#9624=LINE('',#17096,#11181);
#9625=LINE('',#17098,#11182);
#9626=LINE('',#17100,#11183);
#9627=LINE('',#17102,#11184);
#9628=LINE('',#17104,#11185);
#9629=LINE('',#17106,#11186);
#9630=LINE('',#17108,#11187);
#9631=LINE('',#17110,#11188);
#9632=LINE('',#17112,#11189);
#9633=LINE('',#17114,#11190);
#9634=LINE('',#17116,#11191);
#9635=LINE('',#17118,#11192);
#9636=LINE('',#17120,#11193);
#9637=LINE('',#17122,#11194);
#9638=LINE('',#17124,#11195);
#9639=LINE('',#17126,#11196);
#9640=LINE('',#17128,#11197);
#9641=LINE('',#17131,#11198);
#9642=LINE('',#17133,#11199);
#9643=LINE('',#17135,#11200);
#9644=LINE('',#17137,#11201);
#9645=LINE('',#17139,#11202);
#9646=LINE('',#17141,#11203);
#9647=LINE('',#17143,#11204);
#9648=LINE('',#17146,#11205);
#9649=LINE('',#17148,#11206);
#9650=LINE('',#17150,#11207);
#9651=LINE('',#17154,#11208);
#9652=LINE('',#17158,#11209);
#9653=LINE('',#17160,#11210);
#9654=LINE('',#17162,#11211);
#9655=LINE('',#17166,#11212);
#9656=LINE('',#17170,#11213);
#9657=LINE('',#17172,#11214);
#9658=LINE('',#17174,#11215);
#9659=LINE('',#17176,#11216);
#9660=LINE('',#17178,#11217);
#9661=LINE('',#17180,#11218);
#9662=LINE('',#17182,#11219);
#9663=LINE('',#17184,#11220);
#9664=LINE('',#17186,#11221);
#9665=LINE('',#17188,#11222);
#9666=LINE('',#17190,#11223);
#9667=LINE('',#17192,#11224);
#9668=LINE('',#17194,#11225);
#9669=LINE('',#17196,#11226);
#9670=LINE('',#17198,#11227);
#9671=LINE('',#17202,#11228);
#9672=LINE('',#17206,#11229);
#9673=LINE('',#17208,#11230);
#9674=LINE('',#17210,#11231);
#9675=LINE('',#17214,#11232);
#9676=LINE('',#17218,#11233);
#9677=LINE('',#17220,#11234);
#9678=LINE('',#17222,#11235);
#9679=LINE('',#17224,#11236);
#9680=LINE('',#17227,#11237);
#9681=LINE('',#17229,#11238);
#9682=LINE('',#17231,#11239);
#9683=LINE('',#17233,#11240);
#9684=LINE('',#17238,#11241);
#9685=LINE('',#17242,#11242);
#9686=LINE('',#17244,#11243);
#9687=LINE('',#17246,#11244);
#9688=LINE('',#17250,#11245);
#9689=LINE('',#17254,#11246);
#9690=LINE('',#17256,#11247);
#9691=LINE('',#17258,#11248);
#9692=LINE('',#17260,#11249);
#9693=LINE('',#17262,#11250);
#9694=LINE('',#17264,#11251);
#9695=LINE('',#17266,#11252);
#9696=LINE('',#17268,#11253);
#9697=LINE('',#17270,#11254);
#9698=LINE('',#17272,#11255);
#9699=LINE('',#17274,#11256);
#9700=LINE('',#17276,#11257);
#9701=LINE('',#17278,#11258);
#9702=LINE('',#17280,#11259);
#9703=LINE('',#17282,#11260);
#9704=LINE('',#17286,#11261);
#9705=LINE('',#17290,#11262);
#9706=LINE('',#17292,#11263);
#9707=LINE('',#17294,#11264);
#9708=LINE('',#17298,#11265);
#9709=LINE('',#17302,#11266);
#9710=LINE('',#17304,#11267);
#9711=LINE('',#17306,#11268);
#9712=LINE('',#17308,#11269);
#9713=LINE('',#17310,#11270);
#9714=LINE('',#17312,#11271);
#9715=LINE('',#17314,#11272);
#9716=LINE('',#17316,#11273);
#9717=LINE('',#17318,#11274);
#9718=LINE('',#17320,#11275);
#9719=LINE('',#17322,#11276);
#9720=LINE('',#17324,#11277);
#9721=LINE('',#17326,#11278);
#9722=LINE('',#17328,#11279);
#9723=LINE('',#17330,#11280);
#9724=LINE('',#17332,#11281);
#9725=LINE('',#17334,#11282);
#9726=LINE('',#17336,#11283);
#9727=LINE('',#17338,#11284);
#9728=LINE('',#17340,#11285);
#9729=LINE('',#17342,#11286);
#9730=LINE('',#17344,#11287);
#9731=LINE('',#17347,#11288);
#9732=LINE('',#17349,#11289);
#9733=LINE('',#17351,#11290);
#9734=LINE('',#17353,#11291);
#9735=LINE('',#17355,#11292);
#9736=LINE('',#17357,#11293);
#9737=LINE('',#17359,#11294);
#9738=LINE('',#17362,#11295);
#9739=LINE('',#17364,#11296);
#9740=LINE('',#17366,#11297);
#9741=LINE('',#17370,#11298);
#9742=LINE('',#17374,#11299);
#9743=LINE('',#17376,#11300);
#9744=LINE('',#17378,#11301);
#9745=LINE('',#17382,#11302);
#9746=LINE('',#17386,#11303);
#9747=LINE('',#17388,#11304);
#9748=LINE('',#17390,#11305);
#9749=LINE('',#17392,#11306);
#9750=LINE('',#17394,#11307);
#9751=LINE('',#17396,#11308);
#9752=LINE('',#17398,#11309);
#9753=LINE('',#17400,#11310);
#9754=LINE('',#17402,#11311);
#9755=LINE('',#17404,#11312);
#9756=LINE('',#17406,#11313);
#9757=LINE('',#17408,#11314);
#9758=LINE('',#17410,#11315);
#9759=LINE('',#17412,#11316);
#9760=LINE('',#17414,#11317);
#9761=LINE('',#17418,#11318);
#9762=LINE('',#17422,#11319);
#9763=LINE('',#17424,#11320);
#9764=LINE('',#17426,#11321);
#9765=LINE('',#17430,#11322);
#9766=LINE('',#17434,#11323);
#9767=LINE('',#17436,#11324);
#9768=LINE('',#17438,#11325);
#9769=LINE('',#17440,#11326);
#9770=LINE('',#17443,#11327);
#9771=LINE('',#17445,#11328);
#9772=LINE('',#17447,#11329);
#9773=LINE('',#17449,#11330);
#9774=LINE('',#17454,#11331);
#9775=LINE('',#17458,#11332);
#9776=LINE('',#17460,#11333);
#9777=LINE('',#17462,#11334);
#9778=LINE('',#17466,#11335);
#9779=LINE('',#17470,#11336);
#9780=LINE('',#17472,#11337);
#9781=LINE('',#17474,#11338);
#9782=LINE('',#17476,#11339);
#9783=LINE('',#17478,#11340);
#9784=LINE('',#17480,#11341);
#9785=LINE('',#17482,#11342);
#9786=LINE('',#17484,#11343);
#9787=LINE('',#17486,#11344);
#9788=LINE('',#17488,#11345);
#9789=LINE('',#17490,#11346);
#9790=LINE('',#17492,#11347);
#9791=LINE('',#17494,#11348);
#9792=LINE('',#17496,#11349);
#9793=LINE('',#17498,#11350);
#9794=LINE('',#17502,#11351);
#9795=LINE('',#17506,#11352);
#9796=LINE('',#17508,#11353);
#9797=LINE('',#17510,#11354);
#9798=LINE('',#17514,#11355);
#9799=LINE('',#17518,#11356);
#9800=LINE('',#17520,#11357);
#9801=LINE('',#17522,#11358);
#9802=LINE('',#17524,#11359);
#9803=LINE('',#17526,#11360);
#9804=LINE('',#17528,#11361);
#9805=LINE('',#17530,#11362);
#9806=LINE('',#17532,#11363);
#9807=LINE('',#17534,#11364);
#9808=LINE('',#17536,#11365);
#9809=LINE('',#17538,#11366);
#9810=LINE('',#17540,#11367);
#9811=LINE('',#17542,#11368);
#9812=LINE('',#17544,#11369);
#9813=LINE('',#17546,#11370);
#9814=LINE('',#17548,#11371);
#9815=LINE('',#17550,#11372);
#9816=LINE('',#17552,#11373);
#9817=LINE('',#17554,#11374);
#9818=LINE('',#17556,#11375);
#9819=LINE('',#17558,#11376);
#9820=LINE('',#17560,#11377);
#9821=LINE('',#17563,#11378);
#9822=LINE('',#17565,#11379);
#9823=LINE('',#17567,#11380);
#9824=LINE('',#17569,#11381);
#9825=LINE('',#17571,#11382);
#9826=LINE('',#17573,#11383);
#9827=LINE('',#17575,#11384);
#9828=LINE('',#17578,#11385);
#9829=LINE('',#17580,#11386);
#9830=LINE('',#17582,#11387);
#9831=LINE('',#17586,#11388);
#9832=LINE('',#17590,#11389);
#9833=LINE('',#17592,#11390);
#9834=LINE('',#17594,#11391);
#9835=LINE('',#17598,#11392);
#9836=LINE('',#17602,#11393);
#9837=LINE('',#17604,#11394);
#9838=LINE('',#17606,#11395);
#9839=LINE('',#17608,#11396);
#9840=LINE('',#17610,#11397);
#9841=LINE('',#17612,#11398);
#9842=LINE('',#17614,#11399);
#9843=LINE('',#17616,#11400);
#9844=LINE('',#17618,#11401);
#9845=LINE('',#17620,#11402);
#9846=LINE('',#17622,#11403);
#9847=LINE('',#17624,#11404);
#9848=LINE('',#17626,#11405);
#9849=LINE('',#17628,#11406);
#9850=LINE('',#17630,#11407);
#9851=LINE('',#17634,#11408);
#9852=LINE('',#17638,#11409);
#9853=LINE('',#17640,#11410);
#9854=LINE('',#17642,#11411);
#9855=LINE('',#17646,#11412);
#9856=LINE('',#17650,#11413);
#9857=LINE('',#17652,#11414);
#9858=LINE('',#17654,#11415);
#9859=LINE('',#17656,#11416);
#9860=LINE('',#17659,#11417);
#9861=LINE('',#17661,#11418);
#9862=LINE('',#17663,#11419);
#9863=LINE('',#17665,#11420);
#9864=LINE('',#17670,#11421);
#9865=LINE('',#17674,#11422);
#9866=LINE('',#17676,#11423);
#9867=LINE('',#17678,#11424);
#9868=LINE('',#17682,#11425);
#9869=LINE('',#17686,#11426);
#9870=LINE('',#17688,#11427);
#9871=LINE('',#17690,#11428);
#9872=LINE('',#17692,#11429);
#9873=LINE('',#17694,#11430);
#9874=LINE('',#17696,#11431);
#9875=LINE('',#17698,#11432);
#9876=LINE('',#17700,#11433);
#9877=LINE('',#17702,#11434);
#9878=LINE('',#17704,#11435);
#9879=LINE('',#17706,#11436);
#9880=LINE('',#17708,#11437);
#9881=LINE('',#17710,#11438);
#9882=LINE('',#17712,#11439);
#9883=LINE('',#17714,#11440);
#9884=LINE('',#17718,#11441);
#9885=LINE('',#17722,#11442);
#9886=LINE('',#17724,#11443);
#9887=LINE('',#17726,#11444);
#9888=LINE('',#17730,#11445);
#9889=LINE('',#17734,#11446);
#9890=LINE('',#17736,#11447);
#9891=LINE('',#17738,#11448);
#9892=LINE('',#17740,#11449);
#9893=LINE('',#17742,#11450);
#9894=LINE('',#17744,#11451);
#9895=LINE('',#17746,#11452);
#9896=LINE('',#17748,#11453);
#9897=LINE('',#17750,#11454);
#9898=LINE('',#17752,#11455);
#9899=LINE('',#17754,#11456);
#9900=LINE('',#17756,#11457);
#9901=LINE('',#17758,#11458);
#9902=LINE('',#17760,#11459);
#9903=LINE('',#17762,#11460);
#9904=LINE('',#17764,#11461);
#9905=LINE('',#17766,#11462);
#9906=LINE('',#17768,#11463);
#9907=LINE('',#17770,#11464);
#9908=LINE('',#17772,#11465);
#9909=LINE('',#17774,#11466);
#9910=LINE('',#17776,#11467);
#9911=LINE('',#17779,#11468);
#9912=LINE('',#17781,#11469);
#9913=LINE('',#17783,#11470);
#9914=LINE('',#17785,#11471);
#9915=LINE('',#17787,#11472);
#9916=LINE('',#17789,#11473);
#9917=LINE('',#17791,#11474);
#9918=LINE('',#17794,#11475);
#9919=LINE('',#17796,#11476);
#9920=LINE('',#17798,#11477);
#9921=LINE('',#17802,#11478);
#9922=LINE('',#17806,#11479);
#9923=LINE('',#17808,#11480);
#9924=LINE('',#17810,#11481);
#9925=LINE('',#17814,#11482);
#9926=LINE('',#17818,#11483);
#9927=LINE('',#17820,#11484);
#9928=LINE('',#17822,#11485);
#9929=LINE('',#17824,#11486);
#9930=LINE('',#17826,#11487);
#9931=LINE('',#17828,#11488);
#9932=LINE('',#17830,#11489);
#9933=LINE('',#17832,#11490);
#9934=LINE('',#17834,#11491);
#9935=LINE('',#17836,#11492);
#9936=LINE('',#17838,#11493);
#9937=LINE('',#17840,#11494);
#9938=LINE('',#17842,#11495);
#9939=LINE('',#17844,#11496);
#9940=LINE('',#17846,#11497);
#9941=LINE('',#17850,#11498);
#9942=LINE('',#17854,#11499);
#9943=LINE('',#17856,#11500);
#9944=LINE('',#17858,#11501);
#9945=LINE('',#17862,#11502);
#9946=LINE('',#17866,#11503);
#9947=LINE('',#17868,#11504);
#9948=LINE('',#17870,#11505);
#9949=LINE('',#17872,#11506);
#9950=LINE('',#17875,#11507);
#9951=LINE('',#17877,#11508);
#9952=LINE('',#17879,#11509);
#9953=LINE('',#17881,#11510);
#9954=LINE('',#17886,#11511);
#9955=LINE('',#17890,#11512);
#9956=LINE('',#17892,#11513);
#9957=LINE('',#17894,#11514);
#9958=LINE('',#17898,#11515);
#9959=LINE('',#17902,#11516);
#9960=LINE('',#17904,#11517);
#9961=LINE('',#17906,#11518);
#9962=LINE('',#17908,#11519);
#9963=LINE('',#17910,#11520);
#9964=LINE('',#17912,#11521);
#9965=LINE('',#17914,#11522);
#9966=LINE('',#17916,#11523);
#9967=LINE('',#17918,#11524);
#9968=LINE('',#17920,#11525);
#9969=LINE('',#17922,#11526);
#9970=LINE('',#17924,#11527);
#9971=LINE('',#17926,#11528);
#9972=LINE('',#17928,#11529);
#9973=LINE('',#17930,#11530);
#9974=LINE('',#17934,#11531);
#9975=LINE('',#17938,#11532);
#9976=LINE('',#17940,#11533);
#9977=LINE('',#17942,#11534);
#9978=LINE('',#17946,#11535);
#9979=LINE('',#17950,#11536);
#9980=LINE('',#17952,#11537);
#9981=LINE('',#17954,#11538);
#9982=LINE('',#17956,#11539);
#9983=LINE('',#17958,#11540);
#9984=LINE('',#17960,#11541);
#9985=LINE('',#17962,#11542);
#9986=LINE('',#17964,#11543);
#9987=LINE('',#17966,#11544);
#9988=LINE('',#17968,#11545);
#9989=LINE('',#17970,#11546);
#9990=LINE('',#17972,#11547);
#9991=LINE('',#17974,#11548);
#9992=LINE('',#17976,#11549);
#9993=LINE('',#17978,#11550);
#9994=LINE('',#17980,#11551);
#9995=LINE('',#17982,#11552);
#9996=LINE('',#17984,#11553);
#9997=LINE('',#17986,#11554);
#9998=LINE('',#17988,#11555);
#9999=LINE('',#17990,#11556);
#10000=LINE('',#17992,#11557);
#10001=LINE('',#17995,#11558);
#10002=LINE('',#17997,#11559);
#10003=LINE('',#17999,#11560);
#10004=LINE('',#18001,#11561);
#10005=LINE('',#18003,#11562);
#10006=LINE('',#18005,#11563);
#10007=LINE('',#18007,#11564);
#10008=LINE('',#18010,#11565);
#10009=LINE('',#18012,#11566);
#10010=LINE('',#18014,#11567);
#10011=LINE('',#18018,#11568);
#10012=LINE('',#18022,#11569);
#10013=LINE('',#18024,#11570);
#10014=LINE('',#18026,#11571);
#10015=LINE('',#18030,#11572);
#10016=LINE('',#18034,#11573);
#10017=LINE('',#18036,#11574);
#10018=LINE('',#18038,#11575);
#10019=LINE('',#18040,#11576);
#10020=LINE('',#18042,#11577);
#10021=LINE('',#18044,#11578);
#10022=LINE('',#18046,#11579);
#10023=LINE('',#18048,#11580);
#10024=LINE('',#18050,#11581);
#10025=LINE('',#18052,#11582);
#10026=LINE('',#18054,#11583);
#10027=LINE('',#18056,#11584);
#10028=LINE('',#18058,#11585);
#10029=LINE('',#18060,#11586);
#10030=LINE('',#18062,#11587);
#10031=LINE('',#18066,#11588);
#10032=LINE('',#18070,#11589);
#10033=LINE('',#18072,#11590);
#10034=LINE('',#18074,#11591);
#10035=LINE('',#18078,#11592);
#10036=LINE('',#18082,#11593);
#10037=LINE('',#18084,#11594);
#10038=LINE('',#18086,#11595);
#10039=LINE('',#18088,#11596);
#10040=LINE('',#18091,#11597);
#10041=LINE('',#18093,#11598);
#10042=LINE('',#18095,#11599);
#10043=LINE('',#18097,#11600);
#10044=LINE('',#18102,#11601);
#10045=LINE('',#18106,#11602);
#10046=LINE('',#18108,#11603);
#10047=LINE('',#18110,#11604);
#10048=LINE('',#18114,#11605);
#10049=LINE('',#18118,#11606);
#10050=LINE('',#18120,#11607);
#10051=LINE('',#18122,#11608);
#10052=LINE('',#18124,#11609);
#10053=LINE('',#18126,#11610);
#10054=LINE('',#18128,#11611);
#10055=LINE('',#18130,#11612);
#10056=LINE('',#18132,#11613);
#10057=LINE('',#18134,#11614);
#10058=LINE('',#18136,#11615);
#10059=LINE('',#18138,#11616);
#10060=LINE('',#18140,#11617);
#10061=LINE('',#18142,#11618);
#10062=LINE('',#18144,#11619);
#10063=LINE('',#18146,#11620);
#10064=LINE('',#18150,#11621);
#10065=LINE('',#18154,#11622);
#10066=LINE('',#18156,#11623);
#10067=LINE('',#18158,#11624);
#10068=LINE('',#18162,#11625);
#10069=LINE('',#18166,#11626);
#10070=LINE('',#18168,#11627);
#10071=LINE('',#18170,#11628);
#10072=LINE('',#18172,#11629);
#10073=LINE('',#18174,#11630);
#10074=LINE('',#18176,#11631);
#10075=LINE('',#18178,#11632);
#10076=LINE('',#18180,#11633);
#10077=LINE('',#18182,#11634);
#10078=LINE('',#18184,#11635);
#10079=LINE('',#18186,#11636);
#10080=LINE('',#18188,#11637);
#10081=LINE('',#18190,#11638);
#10082=LINE('',#18192,#11639);
#10083=LINE('',#18194,#11640);
#10084=LINE('',#18196,#11641);
#10085=LINE('',#18198,#11642);
#10086=LINE('',#18200,#11643);
#10087=LINE('',#18202,#11644);
#10088=LINE('',#18204,#11645);
#10089=LINE('',#18206,#11646);
#10090=LINE('',#18208,#11647);
#10091=LINE('',#18211,#11648);
#10092=LINE('',#18213,#11649);
#10093=LINE('',#18215,#11650);
#10094=LINE('',#18217,#11651);
#10095=LINE('',#18219,#11652);
#10096=LINE('',#18221,#11653);
#10097=LINE('',#18223,#11654);
#10098=LINE('',#18226,#11655);
#10099=LINE('',#18228,#11656);
#10100=LINE('',#18230,#11657);
#10101=LINE('',#18234,#11658);
#10102=LINE('',#18238,#11659);
#10103=LINE('',#18240,#11660);
#10104=LINE('',#18242,#11661);
#10105=LINE('',#18246,#11662);
#10106=LINE('',#18250,#11663);
#10107=LINE('',#18252,#11664);
#10108=LINE('',#18254,#11665);
#10109=LINE('',#18256,#11666);
#10110=LINE('',#18258,#11667);
#10111=LINE('',#18260,#11668);
#10112=LINE('',#18262,#11669);
#10113=LINE('',#18264,#11670);
#10114=LINE('',#18266,#11671);
#10115=LINE('',#18268,#11672);
#10116=LINE('',#18270,#11673);
#10117=LINE('',#18272,#11674);
#10118=LINE('',#18274,#11675);
#10119=LINE('',#18276,#11676);
#10120=LINE('',#18278,#11677);
#10121=LINE('',#18282,#11678);
#10122=LINE('',#18286,#11679);
#10123=LINE('',#18288,#11680);
#10124=LINE('',#18290,#11681);
#10125=LINE('',#18294,#11682);
#10126=LINE('',#18298,#11683);
#10127=LINE('',#18300,#11684);
#10128=LINE('',#18302,#11685);
#10129=LINE('',#18304,#11686);
#10130=LINE('',#18307,#11687);
#10131=LINE('',#18309,#11688);
#10132=LINE('',#18311,#11689);
#10133=LINE('',#18313,#11690);
#10134=LINE('',#18318,#11691);
#10135=LINE('',#18322,#11692);
#10136=LINE('',#18324,#11693);
#10137=LINE('',#18326,#11694);
#10138=LINE('',#18330,#11695);
#10139=LINE('',#18334,#11696);
#10140=LINE('',#18336,#11697);
#10141=LINE('',#18338,#11698);
#10142=LINE('',#18340,#11699);
#10143=LINE('',#18342,#11700);
#10144=LINE('',#18344,#11701);
#10145=LINE('',#18346,#11702);
#10146=LINE('',#18348,#11703);
#10147=LINE('',#18350,#11704);
#10148=LINE('',#18352,#11705);
#10149=LINE('',#18354,#11706);
#10150=LINE('',#18356,#11707);
#10151=LINE('',#18358,#11708);
#10152=LINE('',#18360,#11709);
#10153=LINE('',#18362,#11710);
#10154=LINE('',#18366,#11711);
#10155=LINE('',#18370,#11712);
#10156=LINE('',#18372,#11713);
#10157=LINE('',#18374,#11714);
#10158=LINE('',#18378,#11715);
#10159=LINE('',#18382,#11716);
#10160=LINE('',#18384,#11717);
#10161=LINE('',#18386,#11718);
#10162=LINE('',#18388,#11719);
#10163=LINE('',#18390,#11720);
#10164=LINE('',#18392,#11721);
#10165=LINE('',#18394,#11722);
#10166=LINE('',#18396,#11723);
#10167=LINE('',#18398,#11724);
#10168=LINE('',#18400,#11725);
#10169=LINE('',#18402,#11726);
#10170=LINE('',#18404,#11727);
#10171=LINE('',#18406,#11728);
#10172=LINE('',#18408,#11729);
#10173=LINE('',#18410,#11730);
#10174=LINE('',#18412,#11731);
#10175=LINE('',#18414,#11732);
#10176=LINE('',#18416,#11733);
#10177=LINE('',#18418,#11734);
#10178=LINE('',#18420,#11735);
#10179=LINE('',#18422,#11736);
#10180=LINE('',#18424,#11737);
#10181=LINE('',#18426,#11738);
#10182=LINE('',#18427,#11739);
#10183=LINE('',#18429,#11740);
#10184=LINE('',#18430,#11741);
#10185=LINE('',#18431,#11742);
#10186=LINE('',#18432,#11743);
#10187=LINE('',#18433,#11744);
#10188=LINE('',#18434,#11745);
#10189=LINE('',#18435,#11746);
#10190=LINE('',#18436,#11747);
#10191=LINE('',#18437,#11748);
#10192=LINE('',#18438,#11749);
#10193=LINE('',#18440,#11750);
#10194=LINE('',#18442,#11751);
#10195=LINE('',#18444,#11752);
#10196=LINE('',#18446,#11753);
#10197=LINE('',#18448,#11754);
#10198=LINE('',#18450,#11755);
#10199=LINE('',#18453,#11756);
#10200=LINE('',#18454,#11757);
#10201=LINE('',#18456,#11758);
#10202=LINE('',#18461,#11759);
#10203=LINE('',#18465,#11760);
#10204=LINE('',#18467,#11761);
#10205=LINE('',#18469,#11762);
#10206=LINE('',#18473,#11763);
#10207=LINE('',#18477,#11764);
#10208=LINE('',#18479,#11765);
#10209=LINE('',#18481,#11766);
#10210=LINE('',#18483,#11767);
#10211=LINE('',#18485,#11768);
#10212=LINE('',#18487,#11769);
#10213=LINE('',#18489,#11770);
#10214=LINE('',#18491,#11771);
#10215=LINE('',#18493,#11772);
#10216=LINE('',#18495,#11773);
#10217=LINE('',#18497,#11774);
#10218=LINE('',#18499,#11775);
#10219=LINE('',#18501,#11776);
#10220=LINE('',#18503,#11777);
#10221=LINE('',#18505,#11778);
#10222=LINE('',#18509,#11779);
#10223=LINE('',#18513,#11780);
#10224=LINE('',#18515,#11781);
#10225=LINE('',#18517,#11782);
#10226=LINE('',#18521,#11783);
#10227=LINE('',#18525,#11784);
#10228=LINE('',#18527,#11785);
#10229=LINE('',#18529,#11786);
#10230=LINE('',#18531,#11787);
#10231=LINE('',#18533,#11788);
#10232=LINE('',#18535,#11789);
#10233=LINE('',#18537,#11790);
#10234=LINE('',#18539,#11791);
#10235=LINE('',#18541,#11792);
#10236=LINE('',#18543,#11793);
#10237=LINE('',#18545,#11794);
#10238=LINE('',#18547,#11795);
#10239=LINE('',#18549,#11796);
#10240=LINE('',#18551,#11797);
#10241=LINE('',#18553,#11798);
#10242=LINE('',#18555,#11799);
#10243=LINE('',#18557,#11800);
#10244=LINE('',#18559,#11801);
#10245=LINE('',#18561,#11802);
#10246=LINE('',#18563,#11803);
#10247=LINE('',#18566,#11804);
#10248=LINE('',#18568,#11805);
#10249=LINE('',#18569,#11806);
#10250=LINE('',#18570,#11807);
#10251=LINE('',#18572,#11808);
#10252=LINE('',#18574,#11809);
#10253=LINE('',#18575,#11810);
#10254=LINE('',#18576,#11811);
#10255=LINE('',#18577,#11812);
#10256=LINE('',#18578,#11813);
#10257=LINE('',#18579,#11814);
#10258=LINE('',#18580,#11815);
#10259=LINE('',#18581,#11816);
#10260=LINE('',#18582,#11817);
#10261=LINE('',#18583,#11818);
#10262=LINE('',#18584,#11819);
#10263=LINE('',#18586,#11820);
#10264=LINE('',#18588,#11821);
#10265=LINE('',#18591,#11822);
#10266=LINE('',#18593,#11823);
#10267=LINE('',#18595,#11824);
#10268=LINE('',#18597,#11825);
#10269=LINE('',#18603,#11826);
#10270=LINE('',#18606,#11827);
#10271=LINE('',#18607,#11828);
#10272=LINE('',#18609,#11829);
#10273=LINE('',#18615,#11830);
#10274=LINE('',#18618,#11831);
#10275=LINE('',#18619,#11832);
#10276=LINE('',#18621,#11833);
#10277=LINE('',#18624,#11834);
#10278=LINE('',#18625,#11835);
#10279=LINE('',#18627,#11836);
#10280=LINE('',#18630,#11837);
#10281=LINE('',#18631,#11838);
#10282=LINE('',#18633,#11839);
#10283=LINE('',#18636,#11840);
#10284=LINE('',#18637,#11841);
#10285=LINE('',#18639,#11842);
#10286=LINE('',#18642,#11843);
#10287=LINE('',#18643,#11844);
#10288=LINE('',#18645,#11845);
#10289=LINE('',#18651,#11846);
#10290=LINE('',#18654,#11847);
#10291=LINE('',#18655,#11848);
#10292=LINE('',#18657,#11849);
#10293=LINE('',#18663,#11850);
#10294=LINE('',#18664,#11851);
#10295=LINE('',#18666,#11852);
#10296=LINE('',#18668,#11853);
#10297=LINE('',#18670,#11854);
#10298=LINE('',#18672,#11855);
#10299=LINE('',#18677,#11856);
#10300=LINE('',#18681,#11857);
#10301=LINE('',#18684,#11858);
#10302=LINE('',#18685,#11859);
#10303=LINE('',#18687,#11860);
#10304=LINE('',#18693,#11861);
#10305=LINE('',#18696,#11862);
#10306=LINE('',#18697,#11863);
#10307=LINE('',#18699,#11864);
#10308=LINE('',#18702,#11865);
#10309=LINE('',#18703,#11866);
#10310=LINE('',#18705,#11867);
#10311=LINE('',#18708,#11868);
#10312=LINE('',#18709,#11869);
#10313=LINE('',#18711,#11870);
#10314=LINE('',#18714,#11871);
#10315=LINE('',#18715,#11872);
#10316=LINE('',#18717,#11873);
#10317=LINE('',#18720,#11874);
#10318=LINE('',#18721,#11875);
#10319=LINE('',#18723,#11876);
#10320=LINE('',#18729,#11877);
#10321=LINE('',#18732,#11878);
#10322=LINE('',#18733,#11879);
#10323=LINE('',#18735,#11880);
#10324=LINE('',#18741,#11881);
#10325=LINE('',#18743,#11882);
#10326=LINE('',#18745,#11883);
#10327=LINE('',#18747,#11884);
#10328=LINE('',#18749,#11885);
#10329=LINE('',#18751,#11886);
#10330=LINE('',#18753,#11887);
#10331=LINE('',#18755,#11888);
#10332=LINE('',#18757,#11889);
#10333=LINE('',#18759,#11890);
#10334=LINE('',#18761,#11891);
#10335=LINE('',#18764,#11892);
#10336=LINE('',#18766,#11893);
#10337=LINE('',#18768,#11894);
#10338=LINE('',#18770,#11895);
#10339=LINE('',#18772,#11896);
#10340=LINE('',#18774,#11897);
#10341=LINE('',#18776,#11898);
#10342=LINE('',#18778,#11899);
#10343=LINE('',#18780,#11900);
#10344=LINE('',#18782,#11901);
#10345=LINE('',#18784,#11902);
#10346=LINE('',#18786,#11903);
#10347=LINE('',#18788,#11904);
#10348=LINE('',#18790,#11905);
#10349=LINE('',#18792,#11906);
#10350=LINE('',#18795,#11907);
#10351=LINE('',#18797,#11908);
#10352=LINE('',#18799,#11909);
#10353=LINE('',#18801,#11910);
#10354=LINE('',#18804,#11911);
#10355=LINE('',#18805,#11912);
#10356=LINE('',#18807,#11913);
#10357=LINE('',#18809,#11914);
#10358=LINE('',#18811,#11915);
#10359=LINE('',#18813,#11916);
#10360=LINE('',#18816,#11917);
#10361=LINE('',#18817,#11918);
#10362=LINE('',#18819,#11919);
#10363=LINE('',#18821,#11920);
#10364=LINE('',#18823,#11921);
#10365=LINE('',#18825,#11922);
#10366=LINE('',#18827,#11923);
#10367=LINE('',#18829,#11924);
#10368=LINE('',#18831,#11925);
#10369=LINE('',#18833,#11926);
#10370=LINE('',#18835,#11927);
#10371=LINE('',#18837,#11928);
#10372=LINE('',#18839,#11929);
#10373=LINE('',#18842,#11930);
#10374=LINE('',#18843,#11931);
#10375=LINE('',#18845,#11932);
#10376=LINE('',#18847,#11933);
#10377=LINE('',#18849,#11934);
#10378=LINE('',#18851,#11935);
#10379=LINE('',#18853,#11936);
#10380=LINE('',#18855,#11937);
#10381=LINE('',#18857,#11938);
#10382=LINE('',#18859,#11939);
#10383=LINE('',#18861,#11940);
#10384=LINE('',#18863,#11941);
#10385=LINE('',#18865,#11942);
#10386=LINE('',#18867,#11943);
#10387=LINE('',#18869,#11944);
#10388=LINE('',#18872,#11945);
#10389=LINE('',#18873,#11946);
#10390=LINE('',#18875,#11947);
#10391=LINE('',#18877,#11948);
#10392=LINE('',#18880,#11949);
#10393=LINE('',#18882,#11950);
#10394=LINE('',#18884,#11951);
#10395=LINE('',#18886,#11952);
#10396=LINE('',#18888,#11953);
#10397=LINE('',#18890,#11954);
#10398=LINE('',#18892,#11955);
#10399=LINE('',#18894,#11956);
#10400=LINE('',#18896,#11957);
#10401=LINE('',#18898,#11958);
#10402=LINE('',#18900,#11959);
#10403=LINE('',#18902,#11960);
#10404=LINE('',#18903,#11961);
#10405=LINE('',#18904,#11962);
#10406=LINE('',#18906,#11963);
#10407=LINE('',#18908,#11964);
#10408=LINE('',#18909,#11965);
#10409=LINE('',#18911,#11966);
#10410=LINE('',#18913,#11967);
#10411=LINE('',#18915,#11968);
#10412=LINE('',#18917,#11969);
#10413=LINE('',#18919,#11970);
#10414=LINE('',#18921,#11971);
#10415=LINE('',#18924,#11972);
#10416=LINE('',#18925,#11973);
#10417=LINE('',#18927,#11974);
#10418=LINE('',#18929,#11975);
#10419=LINE('',#18932,#11976);
#10420=LINE('',#18934,#11977);
#10421=LINE('',#18936,#11978);
#10422=LINE('',#18938,#11979);
#10423=LINE('',#18941,#11980);
#10424=LINE('',#18942,#11981);
#10425=LINE('',#18944,#11982);
#10426=LINE('',#18947,#11983);
#10427=LINE('',#18949,#11984);
#10428=LINE('',#18951,#11985);
#10429=LINE('',#18953,#11986);
#10430=LINE('',#18955,#11987);
#10431=LINE('',#18957,#11988);
#10432=LINE('',#18959,#11989);
#10433=LINE('',#18961,#11990);
#10434=LINE('',#18963,#11991);
#10435=LINE('',#18965,#11992);
#10436=LINE('',#18967,#11993);
#10437=LINE('',#18969,#11994);
#10438=LINE('',#18971,#11995);
#10439=LINE('',#18973,#11996);
#10440=LINE('',#18975,#11997);
#10441=LINE('',#18977,#11998);
#10442=LINE('',#18979,#11999);
#10443=LINE('',#18981,#12000);
#10444=LINE('',#18983,#12001);
#10445=LINE('',#18985,#12002);
#10446=LINE('',#18988,#12003);
#10447=LINE('',#18990,#12004);
#10448=LINE('',#18992,#12005);
#10449=LINE('',#18994,#12006);
#10450=LINE('',#18997,#12007);
#10451=LINE('',#18999,#12008);
#10452=LINE('',#19001,#12009);
#10453=LINE('',#19003,#12010);
#10454=LINE('',#19005,#12011);
#10455=LINE('',#19007,#12012);
#10456=LINE('',#19009,#12013);
#10457=LINE('',#19010,#12014);
#10458=LINE('',#19012,#12015);
#10459=LINE('',#19015,#12016);
#10460=LINE('',#19017,#12017);
#10461=LINE('',#19019,#12018);
#10462=LINE('',#19021,#12019);
#10463=LINE('',#19023,#12020);
#10464=LINE('',#19024,#12021);
#10465=LINE('',#19026,#12022);
#10466=LINE('',#19028,#12023);
#10467=LINE('',#19030,#12024);
#10468=LINE('',#19032,#12025);
#10469=LINE('',#19034,#12026);
#10470=LINE('',#19036,#12027);
#10471=LINE('',#19037,#12028);
#10472=LINE('',#19039,#12029);
#10473=LINE('',#19041,#12030);
#10474=LINE('',#19042,#12031);
#10475=LINE('',#19044,#12032);
#10476=LINE('',#19045,#12033);
#10477=LINE('',#19047,#12034);
#10478=LINE('',#19049,#12035);
#10479=LINE('',#19051,#12036);
#10480=LINE('',#19053,#12037);
#10481=LINE('',#19055,#12038);
#10482=LINE('',#19056,#12039);
#10483=LINE('',#19058,#12040);
#10484=LINE('',#19060,#12041);
#10485=LINE('',#19062,#12042);
#10486=LINE('',#19064,#12043);
#10487=LINE('',#19066,#12044);
#10488=LINE('',#19068,#12045);
#10489=LINE('',#19070,#12046);
#10490=LINE('',#19072,#12047);
#10491=LINE('',#19074,#12048);
#10492=LINE('',#19076,#12049);
#10493=LINE('',#19079,#12050);
#10494=LINE('',#19081,#12051);
#10495=LINE('',#19083,#12052);
#10496=LINE('',#19085,#12053);
#10497=LINE('',#19088,#12054);
#10498=LINE('',#19089,#12055);
#10499=LINE('',#19091,#12056);
#10500=LINE('',#19093,#12057);
#10501=LINE('',#19095,#12058);
#10502=LINE('',#19097,#12059);
#10503=LINE('',#19099,#12060);
#10504=LINE('',#19100,#12061);
#10505=LINE('',#19102,#12062);
#10506=LINE('',#19103,#12063);
#10507=LINE('',#19105,#12064);
#10508=LINE('',#19106,#12065);
#10509=LINE('',#19108,#12066);
#10510=LINE('',#19109,#12067);
#10511=LINE('',#19111,#12068);
#10512=LINE('',#19112,#12069);
#10513=LINE('',#19114,#12070);
#10514=LINE('',#19117,#12071);
#10515=LINE('',#19119,#12072);
#10516=LINE('',#19121,#12073);
#10517=LINE('',#19123,#12074);
#10518=LINE('',#19126,#12075);
#10519=LINE('',#19128,#12076);
#10520=LINE('',#19130,#12077);
#10521=LINE('',#19131,#12078);
#10522=LINE('',#19133,#12079);
#10523=LINE('',#19136,#12080);
#10524=LINE('',#19137,#12081);
#10525=LINE('',#19139,#12082);
#10526=LINE('',#19142,#12083);
#10527=LINE('',#19144,#12084);
#10528=LINE('',#19146,#12085);
#10529=LINE('',#19148,#12086);
#10530=LINE('',#19150,#12087);
#10531=LINE('',#19151,#12088);
#10532=LINE('',#19152,#12089);
#10533=LINE('',#19154,#12090);
#10534=LINE('',#19155,#12091);
#10535=LINE('',#19157,#12092);
#10536=LINE('',#19159,#12093);
#10537=LINE('',#19161,#12094);
#10538=LINE('',#19163,#12095);
#10539=LINE('',#19165,#12096);
#10540=LINE('',#19168,#12097);
#10541=LINE('',#19170,#12098);
#10542=LINE('',#19171,#12099);
#10543=LINE('',#19173,#12100);
#10544=LINE('',#19175,#12101);
#10545=LINE('',#19177,#12102);
#10546=LINE('',#19180,#12103);
#10547=LINE('',#19182,#12104);
#10548=LINE('',#19184,#12105);
#10549=LINE('',#19186,#12106);
#10550=LINE('',#19189,#12107);
#10551=LINE('',#19191,#12108);
#10552=LINE('',#19193,#12109);
#10553=LINE('',#19195,#12110);
#10554=LINE('',#19197,#12111);
#10555=LINE('',#19199,#12112);
#10556=LINE('',#19200,#12113);
#10557=LINE('',#19202,#12114);
#10558=LINE('',#19204,#12115);
#10559=LINE('',#19206,#12116);
#10560=LINE('',#19208,#12117);
#10561=LINE('',#19211,#12118);
#10562=LINE('',#19213,#12119);
#10563=LINE('',#19215,#12120);
#10564=LINE('',#19217,#12121);
#10565=LINE('',#19218,#12122);
#10566=LINE('',#19219,#12123);
#10567=LINE('',#19221,#12124);
#10568=LINE('',#19223,#12125);
#10569=LINE('',#19225,#12126);
#10570=LINE('',#19227,#12127);
#10571=LINE('',#19229,#12128);
#10572=LINE('',#19231,#12129);
#10573=LINE('',#19233,#12130);
#10574=LINE('',#19235,#12131);
#10575=LINE('',#19237,#12132);
#10576=LINE('',#19239,#12133);
#10577=LINE('',#19241,#12134);
#10578=LINE('',#19243,#12135);
#10579=LINE('',#19245,#12136);
#10580=LINE('',#19247,#12137);
#10581=LINE('',#19249,#12138);
#10582=LINE('',#19251,#12139);
#10583=LINE('',#19252,#12140);
#10584=LINE('',#19254,#12141);
#10585=LINE('',#19256,#12142);
#10586=LINE('',#19259,#12143);
#10587=LINE('',#19261,#12144);
#10588=LINE('',#19263,#12145);
#10589=LINE('',#19265,#12146);
#10590=LINE('',#19268,#12147);
#10591=LINE('',#19270,#12148);
#10592=LINE('',#19272,#12149);
#10593=LINE('',#19274,#12150);
#10594=LINE('',#19276,#12151);
#10595=LINE('',#19278,#12152);
#10596=LINE('',#19280,#12153);
#10597=LINE('',#19282,#12154);
#10598=LINE('',#19283,#12155);
#10599=LINE('',#19285,#12156);
#10600=LINE('',#19287,#12157);
#10601=LINE('',#19289,#12158);
#10602=LINE('',#19291,#12159);
#10603=LINE('',#19292,#12160);
#10604=LINE('',#19293,#12161);
#10605=LINE('',#19295,#12162);
#10606=LINE('',#19296,#12163);
#10607=LINE('',#19298,#12164);
#10608=LINE('',#19300,#12165);
#10609=LINE('',#19302,#12166);
#10610=LINE('',#19304,#12167);
#10611=LINE('',#19306,#12168);
#10612=LINE('',#19308,#12169);
#10613=LINE('',#19309,#12170);
#10614=LINE('',#19311,#12171);
#10615=LINE('',#19313,#12172);
#10616=LINE('',#19315,#12173);
#10617=LINE('',#19317,#12174);
#10618=LINE('',#19319,#12175);
#10619=LINE('',#19321,#12176);
#10620=LINE('',#19323,#12177);
#10621=LINE('',#19325,#12178);
#10622=LINE('',#19327,#12179);
#10623=LINE('',#19332,#12180);
#10624=LINE('',#19334,#12181);
#10625=LINE('',#19338,#12182);
#10626=LINE('',#19340,#12183);
#10627=LINE('',#19346,#12184);
#10628=LINE('',#19351,#12185);
#10629=LINE('',#19359,#12186);
#10630=LINE('',#19361,#12187);
#10631=LINE('',#19367,#12188);
#10632=LINE('',#19369,#12189);
#10633=LINE('',#19370,#12190);
#10634=LINE('',#19372,#12191);
#10635=LINE('',#19374,#12192);
#10636=LINE('',#19378,#12193);
#10637=LINE('',#19381,#12194);
#10638=LINE('',#19383,#12195);
#10639=LINE('',#19384,#12196);
#10640=LINE('',#19386,#12197);
#10641=LINE('',#19388,#12198);
#10642=LINE('',#19390,#12199);
#10643=LINE('',#19393,#12200);
#10644=LINE('',#19395,#12201);
#10645=LINE('',#19397,#12202);
#10646=LINE('',#19399,#12203);
#10647=LINE('',#19402,#12204);
#10648=LINE('',#19404,#12205);
#10649=LINE('',#19406,#12206);
#10650=LINE('',#19408,#12207);
#10651=LINE('',#19410,#12208);
#10652=LINE('',#19412,#12209);
#10653=LINE('',#19414,#12210);
#10654=LINE('',#19416,#12211);
#10655=LINE('',#19418,#12212);
#10656=LINE('',#19420,#12213);
#10657=LINE('',#19423,#12214);
#10658=LINE('',#19425,#12215);
#10659=LINE('',#19427,#12216);
#10660=LINE('',#19429,#12217);
#10661=LINE('',#19434,#12218);
#10662=LINE('',#19439,#12219);
#10663=LINE('',#19443,#12220);
#10664=LINE('',#19446,#12221);
#10665=LINE('',#19447,#12222);
#10666=LINE('',#19449,#12223);
#10667=LINE('',#19454,#12224);
#10668=LINE('',#19458,#12225);
#10669=LINE('',#19463,#12226);
#10670=LINE('',#19465,#12227);
#10671=LINE('',#19467,#12228);
#10672=LINE('',#19469,#12229);
#10673=LINE('',#19471,#12230);
#10674=LINE('',#19473,#12231);
#10675=LINE('',#19475,#12232);
#10676=LINE('',#19477,#12233);
#10677=LINE('',#19479,#12234);
#10678=LINE('',#19481,#12235);
#10679=LINE('',#19486,#12236);
#10680=LINE('',#19491,#12237);
#10681=LINE('',#19495,#12238);
#10682=LINE('',#19497,#12239);
#10683=LINE('',#19501,#12240);
#10684=LINE('',#19502,#12241);
#10685=LINE('',#19503,#12242);
#10686=LINE('',#19505,#12243);
#10687=LINE('',#19507,#12244);
#10688=LINE('',#19513,#12245);
#10689=LINE('',#19514,#12246);
#10690=LINE('',#19518,#12247);
#10691=LINE('',#19521,#12248);
#10692=LINE('',#19523,#12249);
#10693=LINE('',#19525,#12250);
#10694=LINE('',#19527,#12251);
#10695=LINE('',#19530,#12252);
#10696=LINE('',#19531,#12253);
#10697=LINE('',#19533,#12254);
#10698=LINE('',#19536,#12255);
#10699=LINE('',#19537,#12256);
#10700=LINE('',#19539,#12257);
#10701=LINE('',#19541,#12258);
#10702=LINE('',#19542,#12259);
#10703=LINE('',#19547,#12260);
#10704=LINE('',#19549,#12261);
#10705=LINE('',#19551,#12262);
#10706=LINE('',#19555,#12263);
#10707=LINE('',#19561,#12264);
#10708=LINE('',#19565,#12265);
#10709=LINE('',#19567,#12266);
#10710=LINE('',#19568,#12267);
#10711=LINE('',#19570,#12268);
#10712=LINE('',#19572,#12269);
#10713=LINE('',#19574,#12270);
#10714=LINE('',#19576,#12271);
#10715=LINE('',#19578,#12272);
#10716=LINE('',#19583,#12273);
#10717=LINE('',#19586,#12274);
#10718=LINE('',#19590,#12275);
#10719=LINE('',#19592,#12276);
#10720=LINE('',#19594,#12277);
#10721=LINE('',#19596,#12278);
#10722=LINE('',#19600,#12279);
#10723=LINE('',#19603,#12280);
#10724=LINE('',#19607,#12281);
#10725=LINE('',#19610,#12282);
#10726=LINE('',#19612,#12283);
#10727=LINE('',#19614,#12284);
#10728=LINE('',#19616,#12285);
#10729=LINE('',#19619,#12286);
#10730=LINE('',#19621,#12287);
#10731=LINE('',#19623,#12288);
#10732=LINE('',#19625,#12289);
#10733=LINE('',#19627,#12290);
#10734=LINE('',#19629,#12291);
#10735=LINE('',#19631,#12292);
#10736=LINE('',#19633,#12293);
#10737=LINE('',#19635,#12294);
#10738=LINE('',#19637,#12295);
#10739=LINE('',#19642,#12296);
#10740=LINE('',#19643,#12297);
#10741=LINE('',#19647,#12298);
#10742=LINE('',#19648,#12299);
#10743=LINE('',#19650,#12300);
#10744=LINE('',#19655,#12301);
#10745=LINE('',#19658,#12302);
#10746=LINE('',#19659,#12303);
#10747=LINE('',#19661,#12304);
#10748=LINE('',#19663,#12305);
#10749=LINE('',#19667,#12306);
#10750=LINE('',#19668,#12307);
#10751=LINE('',#19669,#12308);
#10752=LINE('',#19671,#12309);
#10753=LINE('',#19673,#12310);
#10754=LINE('',#19674,#12311);
#10755=LINE('',#19676,#12312);
#10756=LINE('',#19677,#12313);
#10757=LINE('',#19679,#12314);
#10758=LINE('',#19681,#12315);
#10759=LINE('',#19683,#12316);
#10760=LINE('',#19687,#12317);
#10761=LINE('',#19689,#12318);
#10762=LINE('',#19690,#12319);
#10763=LINE('',#19691,#12320);
#10764=LINE('',#19692,#12321);
#10765=LINE('',#19694,#12322);
#10766=LINE('',#19696,#12323);
#10767=LINE('',#19698,#12324);
#10768=LINE('',#19701,#12325);
#10769=LINE('',#19704,#12326);
#10770=LINE('',#19708,#12327);
#10771=LINE('',#19710,#12328);
#10772=LINE('',#19713,#12329);
#10773=LINE('',#19716,#12330);
#10774=LINE('',#19719,#12331);
#10775=LINE('',#19723,#12332);
#10776=LINE('',#19725,#12333);
#10777=LINE('',#19727,#12334);
#10778=LINE('',#19729,#12335);
#10779=LINE('',#19731,#12336);
#10780=LINE('',#19733,#12337);
#10781=LINE('',#19735,#12338);
#10782=LINE('',#19737,#12339);
#10783=LINE('',#19739,#12340);
#10784=LINE('',#19741,#12341);
#10785=LINE('',#19743,#12342);
#10786=LINE('',#19745,#12343);
#10787=LINE('',#19747,#12344);
#10788=LINE('',#19748,#12345);
#10789=LINE('',#19750,#12346);
#10790=LINE('',#19753,#12347);
#10791=VECTOR('',#13148,1.8);
#10792=VECTOR('',#13149,0.35);
#10793=VECTOR('',#13150,1.8);
#10794=VECTOR('',#13151,0.35);
#10795=VECTOR('',#13152,0.35);
#10796=VECTOR('',#13153,1.8);
#10797=VECTOR('',#13154,0.35);
#10798=VECTOR('',#13155,1.8);
#10799=VECTOR('',#13156,1.8);
#10800=VECTOR('',#13157,0.35);
#10801=VECTOR('',#13158,1.8);
#10802=VECTOR('',#13159,0.35);
#10803=VECTOR('',#13160,0.35);
#10804=VECTOR('',#13161,1.8);
#10805=VECTOR('',#13162,0.35);
#10806=VECTOR('',#13163,1.8);
#10807=VECTOR('',#13164,1.8);
#10808=VECTOR('',#13165,0.35);
#10809=VECTOR('',#13166,1.8);
#10810=VECTOR('',#13167,0.35);
#10811=VECTOR('',#13168,0.35);
#10812=VECTOR('',#13169,1.8);
#10813=VECTOR('',#13170,0.35);
#10814=VECTOR('',#13171,1.8);
#10815=VECTOR('',#13172,1.8);
#10816=VECTOR('',#13173,0.35);
#10817=VECTOR('',#13174,1.8);
#10818=VECTOR('',#13175,0.35);
#10819=VECTOR('',#13176,0.35);
#10820=VECTOR('',#13177,1.8);
#10821=VECTOR('',#13178,0.35);
#10822=VECTOR('',#13179,1.8);
#10823=VECTOR('',#13180,1.8);
#10824=VECTOR('',#13181,0.35);
#10825=VECTOR('',#13182,1.8);
#10826=VECTOR('',#13183,0.35);
#10827=VECTOR('',#13184,0.35);
#10828=VECTOR('',#13185,1.8);
#10829=VECTOR('',#13186,0.35);
#10830=VECTOR('',#13187,1.8);
#10831=VECTOR('',#13188,1.8);
#10832=VECTOR('',#13189,0.35);
#10833=VECTOR('',#13190,1.8);
#10834=VECTOR('',#13191,0.35);
#10835=VECTOR('',#13192,0.35);
#10836=VECTOR('',#13193,1.8);
#10837=VECTOR('',#13194,0.35);
#10838=VECTOR('',#13195,1.8);
#10839=VECTOR('',#13196,1.8);
#10840=VECTOR('',#13197,0.35);
#10841=VECTOR('',#13198,1.8);
#10842=VECTOR('',#13199,0.35);
#10843=VECTOR('',#13200,0.35);
#10844=VECTOR('',#13201,1.8);
#10845=VECTOR('',#13202,0.35);
#10846=VECTOR('',#13203,1.8);
#10847=VECTOR('',#13204,1.8);
#10848=VECTOR('',#13205,0.35);
#10849=VECTOR('',#13206,1.8);
#10850=VECTOR('',#13207,0.35);
#10851=VECTOR('',#13208,0.35);
#10852=VECTOR('',#13209,1.8);
#10853=VECTOR('',#13210,0.35);
#10854=VECTOR('',#13211,1.8);
#10855=VECTOR('',#13212,1.8);
#10856=VECTOR('',#13213,0.35);
#10857=VECTOR('',#13214,1.8);
#10858=VECTOR('',#13215,0.35);
#10859=VECTOR('',#13216,0.35);
#10860=VECTOR('',#13217,1.8);
#10861=VECTOR('',#13218,0.35);
#10862=VECTOR('',#13219,1.8);
#10863=VECTOR('',#13220,1.8);
#10864=VECTOR('',#13221,0.35);
#10865=VECTOR('',#13222,1.8);
#10866=VECTOR('',#13223,0.35);
#10867=VECTOR('',#13224,0.35);
#10868=VECTOR('',#13225,1.8);
#10869=VECTOR('',#13226,0.35);
#10870=VECTOR('',#13227,1.8);
#10871=VECTOR('',#13228,2.);
#10872=VECTOR('',#13229,2.5);
#10873=VECTOR('',#13230,2.);
#10874=VECTOR('',#13231,2.5);
#10875=VECTOR('',#13232,2.5);
#10876=VECTOR('',#13233,2.);
#10877=VECTOR('',#13234,2.5);
#10878=VECTOR('',#13235,2.);
#10879=VECTOR('',#13236,0.7);
#10880=VECTOR('',#13237,0.7);
#10881=VECTOR('',#13246,1.);
#10882=VECTOR('',#13247,1.);
#10883=VECTOR('',#13248,1.);
#10884=VECTOR('',#13249,1.);
#10885=VECTOR('',#13252,1.);
#10886=VECTOR('',#13253,1.);
#10887=VECTOR('',#13254,1.);
#10888=VECTOR('',#13255,1.);
#10889=VECTOR('',#13258,1.);
#10890=VECTOR('',#13259,1.);
#10891=VECTOR('',#13260,1.);
#10892=VECTOR('',#13261,1.);
#10893=VECTOR('',#13264,1.);
#10894=VECTOR('',#13265,1.);
#10895=VECTOR('',#13266,1.);
#10896=VECTOR('',#13267,1.);
#10897=VECTOR('',#13270,1.);
#10898=VECTOR('',#13271,1.);
#10899=VECTOR('',#13272,1.);
#10900=VECTOR('',#13273,1.);
#10901=VECTOR('',#13276,1.);
#10902=VECTOR('',#13277,1.);
#10903=VECTOR('',#13278,1.);
#10904=VECTOR('',#13281,1.);
#10905=VECTOR('',#13282,1.);
#10906=VECTOR('',#13285,1.);
#10907=VECTOR('',#13286,1.);
#10908=VECTOR('',#13289,1.);
#10909=VECTOR('',#13290,1.);
#10910=VECTOR('',#13291,1.);
#10911=VECTOR('',#13292,1.);
#10912=VECTOR('',#13295,1.);
#10913=VECTOR('',#13296,1.);
#10914=VECTOR('',#13297,1.);
#10915=VECTOR('',#13300,1.);
#10916=VECTOR('',#13301,1.);
#10917=VECTOR('',#13304,1.);
#10918=VECTOR('',#13305,1.);
#10919=VECTOR('',#13308,1.);
#10920=VECTOR('',#13309,1.);
#10921=VECTOR('',#13310,1.);
#10922=VECTOR('',#13311,1.);
#10923=VECTOR('',#13314,1.);
#10924=VECTOR('',#13315,1.);
#10925=VECTOR('',#13316,1.);
#10926=VECTOR('',#13319,1.);
#10927=VECTOR('',#13320,1.);
#10928=VECTOR('',#13323,1.);
#10929=VECTOR('',#13324,1.);
#10930=VECTOR('',#13327,1.);
#10931=VECTOR('',#13328,1.);
#10932=VECTOR('',#13329,1.);
#10933=VECTOR('',#13330,1.);
#10934=VECTOR('',#13333,1.);
#10935=VECTOR('',#13334,1.);
#10936=VECTOR('',#13335,1.);
#10937=VECTOR('',#13336,1.);
#10938=VECTOR('',#13339,1.);
#10939=VECTOR('',#13340,1.);
#10940=VECTOR('',#13341,1.);
#10941=VECTOR('',#13344,1.);
#10942=VECTOR('',#13345,1.);
#10943=VECTOR('',#13346,1.);
#10944=VECTOR('',#13347,1.);
#10945=VECTOR('',#13352,1.);
#10946=VECTOR('',#13357,1.);
#10947=VECTOR('',#13358,1.);
#10948=VECTOR('',#13359,1.);
#10949=VECTOR('',#13364,1.);
#10950=VECTOR('',#13369,1.);
#10951=VECTOR('',#13370,1.);
#10952=VECTOR('',#13371,1.);
#10953=VECTOR('',#13374,1.);
#10954=VECTOR('',#13375,1.);
#10955=VECTOR('',#13376,1.);
#10956=VECTOR('',#13379,1.);
#10957=VECTOR('',#13380,1.);
#10958=VECTOR('',#13381,1.);
#10959=VECTOR('',#13384,1.);
#10960=VECTOR('',#13385,1.);
#10961=VECTOR('',#13386,1.);
#10962=VECTOR('',#13389,1.);
#10963=VECTOR('',#13390,1.);
#10964=VECTOR('',#13391,1.);
#10965=VECTOR('',#13396,1.);
#10966=VECTOR('',#13401,1.);
#10967=VECTOR('',#13402,1.);
#10968=VECTOR('',#13403,1.);
#10969=VECTOR('',#13408,1.);
#10970=VECTOR('',#13413,1.);
#10971=VECTOR('',#13414,1.);
#10972=VECTOR('',#13415,1.);
#10973=VECTOR('',#13418,1.);
#10974=VECTOR('',#13419,1.);
#10975=VECTOR('',#13420,1.);
#10976=VECTOR('',#13421,1.);
#10977=VECTOR('',#13424,1.);
#10978=VECTOR('',#13425,1.);
#10979=VECTOR('',#13426,1.);
#10980=VECTOR('',#13427,1.);
#10981=VECTOR('',#13430,1.);
#10982=VECTOR('',#13431,1.);
#10983=VECTOR('',#13432,1.);
#10984=VECTOR('',#13435,1.);
#10985=VECTOR('',#13436,1.);
#10986=VECTOR('',#13437,1.);
#10987=VECTOR('',#13438,1.);
#10988=VECTOR('',#13441,1.);
#10989=VECTOR('',#13442,1.);
#10990=VECTOR('',#13443,1.);
#10991=VECTOR('',#13446,1.);
#10992=VECTOR('',#13447,1.);
#10993=VECTOR('',#13448,1.);
#10994=VECTOR('',#13449,1.);
#10995=VECTOR('',#13452,1.);
#10996=VECTOR('',#13453,1.);
#10997=VECTOR('',#13454,1.);
#10998=VECTOR('',#13457,1.);
#10999=VECTOR('',#13458,1.);
#11000=VECTOR('',#13461,1.);
#11001=VECTOR('',#13462,1.);
#11002=VECTOR('',#13463,1.);
#11003=VECTOR('',#13464,1.);
#11004=VECTOR('',#13467,1.);
#11005=VECTOR('',#13468,1.);
#11006=VECTOR('',#13471,1.);
#11007=VECTOR('',#13472,1.);
#11008=VECTOR('',#13475,1.);
#11009=VECTOR('',#13476,1.);
#11010=VECTOR('',#13477,1.);
#11011=VECTOR('',#13478,1.);
#11012=VECTOR('',#13479,1.);
#11013=VECTOR('',#13482,1.);
#11014=VECTOR('',#13483,1.);
#11015=VECTOR('',#13486,1.);
#11016=VECTOR('',#13487,1.);
#11017=VECTOR('',#13490,1.);
#11018=VECTOR('',#13491,1.);
#11019=VECTOR('',#13492,1.);
#11020=VECTOR('',#13493,1.);
#11021=VECTOR('',#13496,1.);
#11022=VECTOR('',#13497,1.);
#11023=VECTOR('',#13498,1.);
#11024=VECTOR('',#13499,1.);
#11025=VECTOR('',#13504,1.);
#11026=VECTOR('',#13509,1.);
#11027=VECTOR('',#13510,1.);
#11028=VECTOR('',#13511,1.);
#11029=VECTOR('',#13516,1.);
#11030=VECTOR('',#13521,1.);
#11031=VECTOR('',#13522,1.);
#11032=VECTOR('',#13523,1.);
#11033=VECTOR('',#13526,1.);
#11034=VECTOR('',#13527,1.);
#11035=VECTOR('',#13528,1.);
#11036=VECTOR('',#13531,1.);
#11037=VECTOR('',#13532,1.);
#11038=VECTOR('',#13533,1.);
#11039=VECTOR('',#13536,1.);
#11040=VECTOR('',#13537,1.);
#11041=VECTOR('',#13538,1.);
#11042=VECTOR('',#13541,1.);
#11043=VECTOR('',#13542,1.);
#11044=VECTOR('',#13543,1.);
#11045=VECTOR('',#13548,1.);
#11046=VECTOR('',#13553,1.);
#11047=VECTOR('',#13554,1.);
#11048=VECTOR('',#13555,1.);
#11049=VECTOR('',#13560,1.);
#11050=VECTOR('',#13565,1.);
#11051=VECTOR('',#13566,1.);
#11052=VECTOR('',#13567,1.);
#11053=VECTOR('',#13570,1.);
#11054=VECTOR('',#13571,1.);
#11055=VECTOR('',#13572,1.);
#11056=VECTOR('',#13575,1.);
#11057=VECTOR('',#13576,1.);
#11058=VECTOR('',#13577,1.);
#11059=VECTOR('',#13578,1.);
#11060=VECTOR('',#13581,1.);
#11061=VECTOR('',#13588,1.);
#11062=VECTOR('',#13589,1.);
#11063=VECTOR('',#13590,1.);
#11064=VECTOR('',#13593,1.);
#11065=VECTOR('',#13600,1.);
#11066=VECTOR('',#13601,1.);
#11067=VECTOR('',#13602,1.);
#11068=VECTOR('',#13605,1.);
#11069=VECTOR('',#13606,1.);
#11070=VECTOR('',#13607,1.);
#11071=VECTOR('',#13610,1.);
#11072=VECTOR('',#13611,1.);
#11073=VECTOR('',#13612,1.);
#11074=VECTOR('',#13615,1.);
#11075=VECTOR('',#13616,1.);
#11076=VECTOR('',#13617,1.);
#11077=VECTOR('',#13620,1.);
#11078=VECTOR('',#13621,1.);
#11079=VECTOR('',#13622,1.);
#11080=VECTOR('',#13625,1.);
#11081=VECTOR('',#13632,1.);
#11082=VECTOR('',#13633,1.);
#11083=VECTOR('',#13634,1.);
#11084=VECTOR('',#13637,1.);
#11085=VECTOR('',#13644,1.);
#11086=VECTOR('',#13645,1.);
#11087=VECTOR('',#13646,1.);
#11088=VECTOR('',#13647,1.);
#11089=VECTOR('',#13650,1.);
#11090=VECTOR('',#13651,1.);
#11091=VECTOR('',#13652,1.);
#11092=VECTOR('',#13655,1.);
#11093=VECTOR('',#13656,1.);
#11094=VECTOR('',#13659,1.);
#11095=VECTOR('',#13662,1.);
#11096=VECTOR('',#13665,1.);
#11097=VECTOR('',#13666,1.);
#11098=VECTOR('',#13667,1.);
#11099=VECTOR('',#13670,1.);
#11100=VECTOR('',#13671,1.);
#11101=VECTOR('',#13674,1.);
#11102=VECTOR('',#13675,1.);
#11103=VECTOR('',#13678,1.);
#11104=VECTOR('',#13681,1.);
#11105=VECTOR('',#13684,1.);
#11106=VECTOR('',#13685,1.);
#11107=VECTOR('',#13688,1.);
#11108=VECTOR('',#13689,1.);
#11109=VECTOR('',#13690,1.);
#11110=VECTOR('',#13691,1.);
#11111=VECTOR('',#13694,1.);
#11112=VECTOR('',#13695,1.);
#11113=VECTOR('',#13696,1.);
#11114=VECTOR('',#13699,1.);
#11115=VECTOR('',#13700,1.);
#11116=VECTOR('',#13701,1.);
#11117=VECTOR('',#13702,1.);
#11118=VECTOR('',#13707,1.);
#11119=VECTOR('',#13712,1.);
#11120=VECTOR('',#13713,1.);
#11121=VECTOR('',#13714,1.);
#11122=VECTOR('',#13719,1.);
#11123=VECTOR('',#13724,1.);
#11124=VECTOR('',#13725,1.);
#11125=VECTOR('',#13726,1.);
#11126=VECTOR('',#13729,1.);
#11127=VECTOR('',#13730,1.);
#11128=VECTOR('',#13731,1.);
#11129=VECTOR('',#13734,1.);
#11130=VECTOR('',#13735,1.);
#11131=VECTOR('',#13736,1.);
#11132=VECTOR('',#13739,1.);
#11133=VECTOR('',#13740,1.);
#11134=VECTOR('',#13741,1.);
#11135=VECTOR('',#13744,1.);
#11136=VECTOR('',#13745,1.);
#11137=VECTOR('',#13746,1.);
#11138=VECTOR('',#13751,1.);
#11139=VECTOR('',#13756,1.);
#11140=VECTOR('',#13757,1.);
#11141=VECTOR('',#13758,1.);
#11142=VECTOR('',#13763,1.);
#11143=VECTOR('',#13768,1.);
#11144=VECTOR('',#13769,1.);
#11145=VECTOR('',#13770,1.);
#11146=VECTOR('',#13773,1.);
#11147=VECTOR('',#13774,1.);
#11148=VECTOR('',#13775,1.);
#11149=VECTOR('',#13776,1.);
#11150=VECTOR('',#13779,1.);
#11151=VECTOR('',#13782,1.);
#11152=VECTOR('',#13787,1.);
#11153=VECTOR('',#13788,1.);
#11154=VECTOR('',#13789,1.);
#11155=VECTOR('',#13794,1.);
#11156=VECTOR('',#13799,1.);
#11157=VECTOR('',#13800,1.);
#11158=VECTOR('',#13801,1.);
#11159=VECTOR('',#13804,1.);
#11160=VECTOR('',#13805,1.);
#11161=VECTOR('',#13806,1.);
#11162=VECTOR('',#13809,1.);
#11163=VECTOR('',#13810,1.);
#11164=VECTOR('',#13811,1.);
#11165=VECTOR('',#13814,1.);
#11166=VECTOR('',#13815,1.);
#11167=VECTOR('',#13816,1.);
#11168=VECTOR('',#13819,1.);
#11169=VECTOR('',#13820,1.);
#11170=VECTOR('',#13821,1.);
#11171=VECTOR('',#13826,1.);
#11172=VECTOR('',#13831,1.);
#11173=VECTOR('',#13832,1.);
#11174=VECTOR('',#13833,1.);
#11175=VECTOR('',#13838,1.);
#11176=VECTOR('',#13843,1.);
#11177=VECTOR('',#13844,1.);
#11178=VECTOR('',#13845,1.);
#11179=VECTOR('',#13848,1.);
#11180=VECTOR('',#13849,1.);
#11181=VECTOR('',#13850,1.);
#11182=VECTOR('',#13853,1.);
#11183=VECTOR('',#13854,1.);
#11184=VECTOR('',#13857,1.);
#11185=VECTOR('',#13858,1.);
#11186=VECTOR('',#13861,1.);
#11187=VECTOR('',#13864,1.);
#11188=VECTOR('',#13865,1.);
#11189=VECTOR('',#13868,1.);
#11190=VECTOR('',#13869,1.);
#11191=VECTOR('',#13872,1.);
#11192=VECTOR('',#13873,1.);
#11193=VECTOR('',#13876,1.);
#11194=VECTOR('',#13877,1.);
#11195=VECTOR('',#13880,1.);
#11196=VECTOR('',#13883,1.);
#11197=VECTOR('',#13886,1.);
#11198=VECTOR('',#13887,1.);
#11199=VECTOR('',#13888,1.);
#11200=VECTOR('',#13889,1.);
#11201=VECTOR('',#13892,1.);
#11202=VECTOR('',#13893,1.);
#11203=VECTOR('',#13894,1.);
#11204=VECTOR('',#13897,1.);
#11205=VECTOR('',#13898,1.);
#11206=VECTOR('',#13899,1.);
#11207=VECTOR('',#13900,1.);
#11208=VECTOR('',#13905,1.);
#11209=VECTOR('',#13910,1.);
#11210=VECTOR('',#13911,1.);
#11211=VECTOR('',#13912,1.);
#11212=VECTOR('',#13917,1.);
#11213=VECTOR('',#13922,1.);
#11214=VECTOR('',#13923,1.);
#11215=VECTOR('',#13924,1.);
#11216=VECTOR('',#13927,1.);
#11217=VECTOR('',#13928,1.);
#11218=VECTOR('',#13929,1.);
#11219=VECTOR('',#13932,1.);
#11220=VECTOR('',#13933,1.);
#11221=VECTOR('',#13934,1.);
#11222=VECTOR('',#13937,1.);
#11223=VECTOR('',#13938,1.);
#11224=VECTOR('',#13939,1.);
#11225=VECTOR('',#13942,1.);
#11226=VECTOR('',#13943,1.);
#11227=VECTOR('',#13944,1.);
#11228=VECTOR('',#13949,1.);
#11229=VECTOR('',#13954,1.);
#11230=VECTOR('',#13955,1.);
#11231=VECTOR('',#13956,1.);
#11232=VECTOR('',#13961,1.);
#11233=VECTOR('',#13966,1.);
#11234=VECTOR('',#13967,1.);
#11235=VECTOR('',#13968,1.);
#11236=VECTOR('',#13971,1.);
#11237=VECTOR('',#13972,1.);
#11238=VECTOR('',#13973,1.);
#11239=VECTOR('',#13974,1.);
#11240=VECTOR('',#13977,1.);
#11241=VECTOR('',#13980,1.);
#11242=VECTOR('',#13985,1.);
#11243=VECTOR('',#13986,1.);
#11244=VECTOR('',#13987,1.);
#11245=VECTOR('',#13992,1.);
#11246=VECTOR('',#13997,1.);
#11247=VECTOR('',#13998,1.);
#11248=VECTOR('',#13999,1.);
#11249=VECTOR('',#14002,1.);
#11250=VECTOR('',#14003,1.);
#11251=VECTOR('',#14004,1.);
#11252=VECTOR('',#14007,1.);
#11253=VECTOR('',#14008,1.);
#11254=VECTOR('',#14009,1.);
#11255=VECTOR('',#14012,1.);
#11256=VECTOR('',#14013,1.);
#11257=VECTOR('',#14014,1.);
#11258=VECTOR('',#14017,1.);
#11259=VECTOR('',#14018,1.);
#11260=VECTOR('',#14019,1.);
#11261=VECTOR('',#14024,1.);
#11262=VECTOR('',#14029,1.);
#11263=VECTOR('',#14030,1.);
#11264=VECTOR('',#14031,1.);
#11265=VECTOR('',#14036,1.);
#11266=VECTOR('',#14041,1.);
#11267=VECTOR('',#14042,1.);
#11268=VECTOR('',#14043,1.);
#11269=VECTOR('',#14046,1.);
#11270=VECTOR('',#14047,1.);
#11271=VECTOR('',#14048,1.);
#11272=VECTOR('',#14051,1.);
#11273=VECTOR('',#14052,1.);
#11274=VECTOR('',#14055,1.);
#11275=VECTOR('',#14056,1.);
#11276=VECTOR('',#14059,1.);
#11277=VECTOR('',#14062,1.);
#11278=VECTOR('',#14063,1.);
#11279=VECTOR('',#14066,1.);
#11280=VECTOR('',#14067,1.);
#11281=VECTOR('',#14070,1.);
#11282=VECTOR('',#14071,1.);
#11283=VECTOR('',#14074,1.);
#11284=VECTOR('',#14075,1.);
#11285=VECTOR('',#14078,1.);
#11286=VECTOR('',#14081,1.);
#11287=VECTOR('',#14084,1.);
#11288=VECTOR('',#14085,1.);
#11289=VECTOR('',#14086,1.);
#11290=VECTOR('',#14087,1.);
#11291=VECTOR('',#14090,1.);
#11292=VECTOR('',#14091,1.);
#11293=VECTOR('',#14092,1.);
#11294=VECTOR('',#14095,1.);
#11295=VECTOR('',#14096,1.);
#11296=VECTOR('',#14097,1.);
#11297=VECTOR('',#14098,1.);
#11298=VECTOR('',#14103,1.);
#11299=VECTOR('',#14108,1.);
#11300=VECTOR('',#14109,1.);
#11301=VECTOR('',#14110,1.);
#11302=VECTOR('',#14115,1.);
#11303=VECTOR('',#14120,1.);
#11304=VECTOR('',#14121,1.);
#11305=VECTOR('',#14122,1.);
#11306=VECTOR('',#14125,1.);
#11307=VECTOR('',#14126,1.);
#11308=VECTOR('',#14127,1.);
#11309=VECTOR('',#14130,1.);
#11310=VECTOR('',#14131,1.);
#11311=VECTOR('',#14132,1.);
#11312=VECTOR('',#14135,1.);
#11313=VECTOR('',#14136,1.);
#11314=VECTOR('',#14137,1.);
#11315=VECTOR('',#14140,1.);
#11316=VECTOR('',#14141,1.);
#11317=VECTOR('',#14142,1.);
#11318=VECTOR('',#14147,1.);
#11319=VECTOR('',#14152,1.);
#11320=VECTOR('',#14153,1.);
#11321=VECTOR('',#14154,1.);
#11322=VECTOR('',#14159,1.);
#11323=VECTOR('',#14164,1.);
#11324=VECTOR('',#14165,1.);
#11325=VECTOR('',#14166,1.);
#11326=VECTOR('',#14169,1.);
#11327=VECTOR('',#14170,1.);
#11328=VECTOR('',#14171,1.);
#11329=VECTOR('',#14172,1.);
#11330=VECTOR('',#14175,1.);
#11331=VECTOR('',#14178,1.);
#11332=VECTOR('',#14183,1.);
#11333=VECTOR('',#14184,1.);
#11334=VECTOR('',#14185,1.);
#11335=VECTOR('',#14190,1.);
#11336=VECTOR('',#14195,1.);
#11337=VECTOR('',#14196,1.);
#11338=VECTOR('',#14197,1.);
#11339=VECTOR('',#14200,1.);
#11340=VECTOR('',#14201,1.);
#11341=VECTOR('',#14202,1.);
#11342=VECTOR('',#14205,1.);
#11343=VECTOR('',#14206,1.);
#11344=VECTOR('',#14207,1.);
#11345=VECTOR('',#14210,1.);
#11346=VECTOR('',#14211,1.);
#11347=VECTOR('',#14212,1.);
#11348=VECTOR('',#14215,1.);
#11349=VECTOR('',#14216,1.);
#11350=VECTOR('',#14217,1.);
#11351=VECTOR('',#14222,1.);
#11352=VECTOR('',#14227,1.);
#11353=VECTOR('',#14228,1.);
#11354=VECTOR('',#14229,1.);
#11355=VECTOR('',#14234,1.);
#11356=VECTOR('',#14239,1.);
#11357=VECTOR('',#14240,1.);
#11358=VECTOR('',#14241,1.);
#11359=VECTOR('',#14244,1.);
#11360=VECTOR('',#14245,1.);
#11361=VECTOR('',#14246,1.);
#11362=VECTOR('',#14249,1.);
#11363=VECTOR('',#14250,1.);
#11364=VECTOR('',#14253,1.);
#11365=VECTOR('',#14254,1.);
#11366=VECTOR('',#14257,1.);
#11367=VECTOR('',#14260,1.);
#11368=VECTOR('',#14261,1.);
#11369=VECTOR('',#14264,1.);
#11370=VECTOR('',#14265,1.);
#11371=VECTOR('',#14268,1.);
#11372=VECTOR('',#14269,1.);
#11373=VECTOR('',#14272,1.);
#11374=VECTOR('',#14273,1.);
#11375=VECTOR('',#14276,1.);
#11376=VECTOR('',#14279,1.);
#11377=VECTOR('',#14282,1.);
#11378=VECTOR('',#14283,1.);
#11379=VECTOR('',#14284,1.);
#11380=VECTOR('',#14285,1.);
#11381=VECTOR('',#14288,1.);
#11382=VECTOR('',#14289,1.);
#11383=VECTOR('',#14290,1.);
#11384=VECTOR('',#14293,1.);
#11385=VECTOR('',#14294,1.);
#11386=VECTOR('',#14295,1.);
#11387=VECTOR('',#14296,1.);
#11388=VECTOR('',#14301,1.);
#11389=VECTOR('',#14306,1.);
#11390=VECTOR('',#14307,1.);
#11391=VECTOR('',#14308,1.);
#11392=VECTOR('',#14313,1.);
#11393=VECTOR('',#14318,1.);
#11394=VECTOR('',#14319,1.);
#11395=VECTOR('',#14320,1.);
#11396=VECTOR('',#14323,1.);
#11397=VECTOR('',#14324,1.);
#11398=VECTOR('',#14325,1.);
#11399=VECTOR('',#14328,1.);
#11400=VECTOR('',#14329,1.);
#11401=VECTOR('',#14330,1.);
#11402=VECTOR('',#14333,1.);
#11403=VECTOR('',#14334,1.);
#11404=VECTOR('',#14335,1.);
#11405=VECTOR('',#14338,1.);
#11406=VECTOR('',#14339,1.);
#11407=VECTOR('',#14340,1.);
#11408=VECTOR('',#14345,1.);
#11409=VECTOR('',#14350,1.);
#11410=VECTOR('',#14351,1.);
#11411=VECTOR('',#14352,1.);
#11412=VECTOR('',#14357,1.);
#11413=VECTOR('',#14362,1.);
#11414=VECTOR('',#14363,1.);
#11415=VECTOR('',#14364,1.);
#11416=VECTOR('',#14367,1.);
#11417=VECTOR('',#14368,1.);
#11418=VECTOR('',#14369,1.);
#11419=VECTOR('',#14370,1.);
#11420=VECTOR('',#14373,1.);
#11421=VECTOR('',#14376,1.);
#11422=VECTOR('',#14381,1.);
#11423=VECTOR('',#14382,1.);
#11424=VECTOR('',#14383,1.);
#11425=VECTOR('',#14388,1.);
#11426=VECTOR('',#14393,1.);
#11427=VECTOR('',#14394,1.);
#11428=VECTOR('',#14395,1.);
#11429=VECTOR('',#14398,1.);
#11430=VECTOR('',#14399,1.);
#11431=VECTOR('',#14400,1.);
#11432=VECTOR('',#14403,1.);
#11433=VECTOR('',#14404,1.);
#11434=VECTOR('',#14405,1.);
#11435=VECTOR('',#14408,1.);
#11436=VECTOR('',#14409,1.);
#11437=VECTOR('',#14410,1.);
#11438=VECTOR('',#14413,1.);
#11439=VECTOR('',#14414,1.);
#11440=VECTOR('',#14415,1.);
#11441=VECTOR('',#14420,1.);
#11442=VECTOR('',#14425,1.);
#11443=VECTOR('',#14426,1.);
#11444=VECTOR('',#14427,1.);
#11445=VECTOR('',#14432,1.);
#11446=VECTOR('',#14437,1.);
#11447=VECTOR('',#14438,1.);
#11448=VECTOR('',#14439,1.);
#11449=VECTOR('',#14442,1.);
#11450=VECTOR('',#14443,1.);
#11451=VECTOR('',#14444,1.);
#11452=VECTOR('',#14447,1.);
#11453=VECTOR('',#14448,1.);
#11454=VECTOR('',#14451,1.);
#11455=VECTOR('',#14452,1.);
#11456=VECTOR('',#14455,1.);
#11457=VECTOR('',#14458,1.);
#11458=VECTOR('',#14459,1.);
#11459=VECTOR('',#14462,1.);
#11460=VECTOR('',#14463,1.);
#11461=VECTOR('',#14466,1.);
#11462=VECTOR('',#14467,1.);
#11463=VECTOR('',#14470,1.);
#11464=VECTOR('',#14471,1.);
#11465=VECTOR('',#14474,1.);
#11466=VECTOR('',#14477,1.);
#11467=VECTOR('',#14480,1.);
#11468=VECTOR('',#14481,1.);
#11469=VECTOR('',#14482,1.);
#11470=VECTOR('',#14483,1.);
#11471=VECTOR('',#14486,1.);
#11472=VECTOR('',#14487,1.);
#11473=VECTOR('',#14488,1.);
#11474=VECTOR('',#14491,1.);
#11475=VECTOR('',#14492,1.);
#11476=VECTOR('',#14493,1.);
#11477=VECTOR('',#14494,1.);
#11478=VECTOR('',#14499,1.);
#11479=VECTOR('',#14504,1.);
#11480=VECTOR('',#14505,1.);
#11481=VECTOR('',#14506,1.);
#11482=VECTOR('',#14511,1.);
#11483=VECTOR('',#14516,1.);
#11484=VECTOR('',#14517,1.);
#11485=VECTOR('',#14518,1.);
#11486=VECTOR('',#14521,1.);
#11487=VECTOR('',#14522,1.);
#11488=VECTOR('',#14523,1.);
#11489=VECTOR('',#14526,1.);
#11490=VECTOR('',#14527,1.);
#11491=VECTOR('',#14528,1.);
#11492=VECTOR('',#14531,1.);
#11493=VECTOR('',#14532,1.);
#11494=VECTOR('',#14533,1.);
#11495=VECTOR('',#14536,1.);
#11496=VECTOR('',#14537,1.);
#11497=VECTOR('',#14538,1.);
#11498=VECTOR('',#14543,1.);
#11499=VECTOR('',#14548,1.);
#11500=VECTOR('',#14549,1.);
#11501=VECTOR('',#14550,1.);
#11502=VECTOR('',#14555,1.);
#11503=VECTOR('',#14560,1.);
#11504=VECTOR('',#14561,1.);
#11505=VECTOR('',#14562,1.);
#11506=VECTOR('',#14565,1.);
#11507=VECTOR('',#14566,1.);
#11508=VECTOR('',#14567,1.);
#11509=VECTOR('',#14568,1.);
#11510=VECTOR('',#14571,1.);
#11511=VECTOR('',#14574,1.);
#11512=VECTOR('',#14579,1.);
#11513=VECTOR('',#14580,1.);
#11514=VECTOR('',#14581,1.);
#11515=VECTOR('',#14586,1.);
#11516=VECTOR('',#14591,1.);
#11517=VECTOR('',#14592,1.);
#11518=VECTOR('',#14593,1.);
#11519=VECTOR('',#14596,1.);
#11520=VECTOR('',#14597,1.);
#11521=VECTOR('',#14598,1.);
#11522=VECTOR('',#14601,1.);
#11523=VECTOR('',#14602,1.);
#11524=VECTOR('',#14603,1.);
#11525=VECTOR('',#14606,1.);
#11526=VECTOR('',#14607,1.);
#11527=VECTOR('',#14608,1.);
#11528=VECTOR('',#14611,1.);
#11529=VECTOR('',#14612,1.);
#11530=VECTOR('',#14613,1.);
#11531=VECTOR('',#14618,1.);
#11532=VECTOR('',#14623,1.);
#11533=VECTOR('',#14624,1.);
#11534=VECTOR('',#14625,1.);
#11535=VECTOR('',#14630,1.);
#11536=VECTOR('',#14635,1.);
#11537=VECTOR('',#14636,1.);
#11538=VECTOR('',#14637,1.);
#11539=VECTOR('',#14640,1.);
#11540=VECTOR('',#14641,1.);
#11541=VECTOR('',#14642,1.);
#11542=VECTOR('',#14645,1.);
#11543=VECTOR('',#14646,1.);
#11544=VECTOR('',#14649,1.);
#11545=VECTOR('',#14650,1.);
#11546=VECTOR('',#14653,1.);
#11547=VECTOR('',#14656,1.);
#11548=VECTOR('',#14657,1.);
#11549=VECTOR('',#14660,1.);
#11550=VECTOR('',#14661,1.);
#11551=VECTOR('',#14664,1.);
#11552=VECTOR('',#14665,1.);
#11553=VECTOR('',#14668,1.);
#11554=VECTOR('',#14669,1.);
#11555=VECTOR('',#14672,1.);
#11556=VECTOR('',#14675,1.);
#11557=VECTOR('',#14678,1.);
#11558=VECTOR('',#14679,1.);
#11559=VECTOR('',#14680,1.);
#11560=VECTOR('',#14681,1.);
#11561=VECTOR('',#14684,1.);
#11562=VECTOR('',#14685,1.);
#11563=VECTOR('',#14686,1.);
#11564=VECTOR('',#14689,1.);
#11565=VECTOR('',#14690,1.);
#11566=VECTOR('',#14691,1.);
#11567=VECTOR('',#14692,1.);
#11568=VECTOR('',#14697,1.);
#11569=VECTOR('',#14702,1.);
#11570=VECTOR('',#14703,1.);
#11571=VECTOR('',#14704,1.);
#11572=VECTOR('',#14709,1.);
#11573=VECTOR('',#14714,1.);
#11574=VECTOR('',#14715,1.);
#11575=VECTOR('',#14716,1.);
#11576=VECTOR('',#14719,1.);
#11577=VECTOR('',#14720,1.);
#11578=VECTOR('',#14721,1.);
#11579=VECTOR('',#14724,1.);
#11580=VECTOR('',#14725,1.);
#11581=VECTOR('',#14726,1.);
#11582=VECTOR('',#14729,1.);
#11583=VECTOR('',#14730,1.);
#11584=VECTOR('',#14731,1.);
#11585=VECTOR('',#14734,1.);
#11586=VECTOR('',#14735,1.);
#11587=VECTOR('',#14736,1.);
#11588=VECTOR('',#14741,1.);
#11589=VECTOR('',#14746,1.);
#11590=VECTOR('',#14747,1.);
#11591=VECTOR('',#14748,1.);
#11592=VECTOR('',#14753,1.);
#11593=VECTOR('',#14758,1.);
#11594=VECTOR('',#14759,1.);
#11595=VECTOR('',#14760,1.);
#11596=VECTOR('',#14763,1.);
#11597=VECTOR('',#14764,1.);
#11598=VECTOR('',#14765,1.);
#11599=VECTOR('',#14766,1.);
#11600=VECTOR('',#14769,1.);
#11601=VECTOR('',#14772,1.);
#11602=VECTOR('',#14777,1.);
#11603=VECTOR('',#14778,1.);
#11604=VECTOR('',#14779,1.);
#11605=VECTOR('',#14784,1.);
#11606=VECTOR('',#14789,1.);
#11607=VECTOR('',#14790,1.);
#11608=VECTOR('',#14791,1.);
#11609=VECTOR('',#14794,1.);
#11610=VECTOR('',#14795,1.);
#11611=VECTOR('',#14796,1.);
#11612=VECTOR('',#14799,1.);
#11613=VECTOR('',#14800,1.);
#11614=VECTOR('',#14801,1.);
#11615=VECTOR('',#14804,1.);
#11616=VECTOR('',#14805,1.);
#11617=VECTOR('',#14806,1.);
#11618=VECTOR('',#14809,1.);
#11619=VECTOR('',#14810,1.);
#11620=VECTOR('',#14811,1.);
#11621=VECTOR('',#14816,1.);
#11622=VECTOR('',#14821,1.);
#11623=VECTOR('',#14822,1.);
#11624=VECTOR('',#14823,1.);
#11625=VECTOR('',#14828,1.);
#11626=VECTOR('',#14833,1.);
#11627=VECTOR('',#14834,1.);
#11628=VECTOR('',#14835,1.);
#11629=VECTOR('',#14838,1.);
#11630=VECTOR('',#14839,1.);
#11631=VECTOR('',#14840,1.);
#11632=VECTOR('',#14843,1.);
#11633=VECTOR('',#14844,1.);
#11634=VECTOR('',#14847,1.);
#11635=VECTOR('',#14848,1.);
#11636=VECTOR('',#14851,1.);
#11637=VECTOR('',#14854,1.);
#11638=VECTOR('',#14855,1.);
#11639=VECTOR('',#14858,1.);
#11640=VECTOR('',#14859,1.);
#11641=VECTOR('',#14862,1.);
#11642=VECTOR('',#14863,1.);
#11643=VECTOR('',#14866,1.);
#11644=VECTOR('',#14867,1.);
#11645=VECTOR('',#14870,1.);
#11646=VECTOR('',#14873,1.);
#11647=VECTOR('',#14876,1.);
#11648=VECTOR('',#14877,1.);
#11649=VECTOR('',#14878,1.);
#11650=VECTOR('',#14879,1.);
#11651=VECTOR('',#14882,1.);
#11652=VECTOR('',#14883,1.);
#11653=VECTOR('',#14884,1.);
#11654=VECTOR('',#14887,1.);
#11655=VECTOR('',#14888,1.);
#11656=VECTOR('',#14889,1.);
#11657=VECTOR('',#14890,1.);
#11658=VECTOR('',#14895,1.);
#11659=VECTOR('',#14900,1.);
#11660=VECTOR('',#14901,1.);
#11661=VECTOR('',#14902,1.);
#11662=VECTOR('',#14907,1.);
#11663=VECTOR('',#14912,1.);
#11664=VECTOR('',#14913,1.);
#11665=VECTOR('',#14914,1.);
#11666=VECTOR('',#14917,1.);
#11667=VECTOR('',#14918,1.);
#11668=VECTOR('',#14919,1.);
#11669=VECTOR('',#14922,1.);
#11670=VECTOR('',#14923,1.);
#11671=VECTOR('',#14924,1.);
#11672=VECTOR('',#14927,1.);
#11673=VECTOR('',#14928,1.);
#11674=VECTOR('',#14929,1.);
#11675=VECTOR('',#14932,1.);
#11676=VECTOR('',#14933,1.);
#11677=VECTOR('',#14934,1.);
#11678=VECTOR('',#14939,1.);
#11679=VECTOR('',#14944,1.);
#11680=VECTOR('',#14945,1.);
#11681=VECTOR('',#14946,1.);
#11682=VECTOR('',#14951,1.);
#11683=VECTOR('',#14956,1.);
#11684=VECTOR('',#14957,1.);
#11685=VECTOR('',#14958,1.);
#11686=VECTOR('',#14961,1.);
#11687=VECTOR('',#14962,1.);
#11688=VECTOR('',#14963,1.);
#11689=VECTOR('',#14964,1.);
#11690=VECTOR('',#14967,1.);
#11691=VECTOR('',#14970,1.);
#11692=VECTOR('',#14975,1.);
#11693=VECTOR('',#14976,1.);
#11694=VECTOR('',#14977,1.);
#11695=VECTOR('',#14982,1.);
#11696=VECTOR('',#14987,1.);
#11697=VECTOR('',#14988,1.);
#11698=VECTOR('',#14989,1.);
#11699=VECTOR('',#14992,1.);
#11700=VECTOR('',#14993,1.);
#11701=VECTOR('',#14994,1.);
#11702=VECTOR('',#14997,1.);
#11703=VECTOR('',#14998,1.);
#11704=VECTOR('',#14999,1.);
#11705=VECTOR('',#15002,1.);
#11706=VECTOR('',#15003,1.);
#11707=VECTOR('',#15004,1.);
#11708=VECTOR('',#15007,1.);
#11709=VECTOR('',#15008,1.);
#11710=VECTOR('',#15009,1.);
#11711=VECTOR('',#15014,1.);
#11712=VECTOR('',#15019,1.);
#11713=VECTOR('',#15020,1.);
#11714=VECTOR('',#15021,1.);
#11715=VECTOR('',#15026,1.);
#11716=VECTOR('',#15031,1.);
#11717=VECTOR('',#15032,1.);
#11718=VECTOR('',#15033,1.);
#11719=VECTOR('',#15036,1.);
#11720=VECTOR('',#15037,1.);
#11721=VECTOR('',#15038,1.);
#11722=VECTOR('',#15041,1.);
#11723=VECTOR('',#15042,1.);
#11724=VECTOR('',#15045,1.);
#11725=VECTOR('',#15046,1.);
#11726=VECTOR('',#15049,1.);
#11727=VECTOR('',#15052,1.);
#11728=VECTOR('',#15053,1.);
#11729=VECTOR('',#15056,1.);
#11730=VECTOR('',#15057,1.);
#11731=VECTOR('',#15060,1.);
#11732=VECTOR('',#15061,1.);
#11733=VECTOR('',#15064,1.);
#11734=VECTOR('',#15065,1.);
#11735=VECTOR('',#15068,1.);
#11736=VECTOR('',#15071,1.);
#11737=VECTOR('',#15074,1.);
#11738=VECTOR('',#15075,1.);
#11739=VECTOR('',#15076,1.);
#11740=VECTOR('',#15077,1.);
#11741=VECTOR('',#15078,1.);
#11742=VECTOR('',#15079,1.);
#11743=VECTOR('',#15080,1.);
#11744=VECTOR('',#15081,1.);
#11745=VECTOR('',#15082,1.);
#11746=VECTOR('',#15083,1.);
#11747=VECTOR('',#15084,1.);
#11748=VECTOR('',#15085,1.);
#11749=VECTOR('',#15086,1.);
#11750=VECTOR('',#15087,1.);
#11751=VECTOR('',#15088,1.);
#11752=VECTOR('',#15089,1.);
#11753=VECTOR('',#15090,1.);
#11754=VECTOR('',#15091,1.);
#11755=VECTOR('',#15094,1.);
#11756=VECTOR('',#15095,1.);
#11757=VECTOR('',#15096,1.);
#11758=VECTOR('',#15099,1.);
#11759=VECTOR('',#15102,1.);
#11760=VECTOR('',#15107,1.);
#11761=VECTOR('',#15108,1.);
#11762=VECTOR('',#15109,1.);
#11763=VECTOR('',#15114,1.);
#11764=VECTOR('',#15119,1.);
#11765=VECTOR('',#15120,1.);
#11766=VECTOR('',#15121,1.);
#11767=VECTOR('',#15124,1.);
#11768=VECTOR('',#15125,1.);
#11769=VECTOR('',#15126,1.);
#11770=VECTOR('',#15129,1.);
#11771=VECTOR('',#15130,1.);
#11772=VECTOR('',#15131,1.);
#11773=VECTOR('',#15134,1.);
#11774=VECTOR('',#15135,1.);
#11775=VECTOR('',#15136,1.);
#11776=VECTOR('',#15139,1.);
#11777=VECTOR('',#15140,1.);
#11778=VECTOR('',#15141,1.);
#11779=VECTOR('',#15146,1.);
#11780=VECTOR('',#15151,1.);
#11781=VECTOR('',#15152,1.);
#11782=VECTOR('',#15153,1.);
#11783=VECTOR('',#15158,1.);
#11784=VECTOR('',#15163,1.);
#11785=VECTOR('',#15164,1.);
#11786=VECTOR('',#15165,1.);
#11787=VECTOR('',#15168,1.);
#11788=VECTOR('',#15169,1.);
#11789=VECTOR('',#15170,1.);
#11790=VECTOR('',#15173,1.);
#11791=VECTOR('',#15176,1.);
#11792=VECTOR('',#15177,1.);
#11793=VECTOR('',#15180,1.);
#11794=VECTOR('',#15183,1.);
#11795=VECTOR('',#15184,1.);
#11796=VECTOR('',#15187,1.);
#11797=VECTOR('',#15188,1.);
#11798=VECTOR('',#15191,1.);
#11799=VECTOR('',#15194,1.);
#11800=VECTOR('',#15195,1.);
#11801=VECTOR('',#15198,1.);
#11802=VECTOR('',#15201,1.);
#11803=VECTOR('',#15204,1.);
#11804=VECTOR('',#15205,1.);
#11805=VECTOR('',#15206,1.);
#11806=VECTOR('',#15207,1.);
#11807=VECTOR('',#15208,1.);
#11808=VECTOR('',#15209,1.);
#11809=VECTOR('',#15210,1.);
#11810=VECTOR('',#15211,1.);
#11811=VECTOR('',#15212,1.);
#11812=VECTOR('',#15213,1.);
#11813=VECTOR('',#15214,1.);
#11814=VECTOR('',#15215,1.);
#11815=VECTOR('',#15216,1.);
#11816=VECTOR('',#15217,1.);
#11817=VECTOR('',#15218,1.);
#11818=VECTOR('',#15219,1.);
#11819=VECTOR('',#15220,1.);
#11820=VECTOR('',#15221,1.);
#11821=VECTOR('',#15224,1.);
#11822=VECTOR('',#15225,1.);
#11823=VECTOR('',#15226,1.);
#11824=VECTOR('',#15227,1.);
#11825=VECTOR('',#15230,1.);
#11826=VECTOR('',#15237,1.);
#11827=VECTOR('',#15238,1.);
#11828=VECTOR('',#15239,1.);
#11829=VECTOR('',#15242,1.);
#11830=VECTOR('',#15249,1.);
#11831=VECTOR('',#15250,1.);
#11832=VECTOR('',#15251,1.);
#11833=VECTOR('',#15254,1.);
#11834=VECTOR('',#15255,1.);
#11835=VECTOR('',#15256,1.);
#11836=VECTOR('',#15259,1.);
#11837=VECTOR('',#15260,1.);
#11838=VECTOR('',#15261,1.);
#11839=VECTOR('',#15264,1.);
#11840=VECTOR('',#15265,1.);
#11841=VECTOR('',#15266,1.);
#11842=VECTOR('',#15269,1.);
#11843=VECTOR('',#15270,1.);
#11844=VECTOR('',#15271,1.);
#11845=VECTOR('',#15274,1.);
#11846=VECTOR('',#15281,1.);
#11847=VECTOR('',#15282,1.);
#11848=VECTOR('',#15283,1.);
#11849=VECTOR('',#15286,1.);
#11850=VECTOR('',#15293,1.);
#11851=VECTOR('',#15294,1.);
#11852=VECTOR('',#15297,1.);
#11853=VECTOR('',#15298,1.);
#11854=VECTOR('',#15299,1.);
#11855=VECTOR('',#15302,1.);
#11856=VECTOR('',#15305,1.);
#11857=VECTOR('',#15310,1.);
#11858=VECTOR('',#15311,1.);
#11859=VECTOR('',#15312,1.);
#11860=VECTOR('',#15315,1.);
#11861=VECTOR('',#15322,1.);
#11862=VECTOR('',#15323,1.);
#11863=VECTOR('',#15324,1.);
#11864=VECTOR('',#15327,1.);
#11865=VECTOR('',#15328,1.);
#11866=VECTOR('',#15329,1.);
#11867=VECTOR('',#15332,1.);
#11868=VECTOR('',#15333,1.);
#11869=VECTOR('',#15334,1.);
#11870=VECTOR('',#15337,1.);
#11871=VECTOR('',#15338,1.);
#11872=VECTOR('',#15339,1.);
#11873=VECTOR('',#15342,1.);
#11874=VECTOR('',#15343,1.);
#11875=VECTOR('',#15344,1.);
#11876=VECTOR('',#15347,1.);
#11877=VECTOR('',#15354,1.);
#11878=VECTOR('',#15355,1.);
#11879=VECTOR('',#15356,1.);
#11880=VECTOR('',#15359,1.);
#11881=VECTOR('',#15366,1.);
#11882=VECTOR('',#15367,1.);
#11883=VECTOR('',#15368,1.);
#11884=VECTOR('',#15371,1.);
#11885=VECTOR('',#15374,1.);
#11886=VECTOR('',#15377,1.);
#11887=VECTOR('',#15380,1.);
#11888=VECTOR('',#15381,1.);
#11889=VECTOR('',#15384,1.);
#11890=VECTOR('',#15387,1.);
#11891=VECTOR('',#15388,1.);
#11892=VECTOR('',#15393,1.);
#11893=VECTOR('',#15396,1.);
#11894=VECTOR('',#15399,1.);
#11895=VECTOR('',#15402,1.);
#11896=VECTOR('',#15403,1.);
#11897=VECTOR('',#15406,1.);
#11898=VECTOR('',#15409,1.);
#11899=VECTOR('',#15410,1.);
#11900=VECTOR('',#15411,1.);
#11901=VECTOR('',#15414,1.);
#11902=VECTOR('',#15415,1.);
#11903=VECTOR('',#15418,1.);
#11904=VECTOR('',#15419,1.);
#11905=VECTOR('',#15422,1.);
#11906=VECTOR('',#15425,1.);
#11907=VECTOR('',#15426,1.);
#11908=VECTOR('',#15427,1.);
#11909=VECTOR('',#15428,1.);
#11910=VECTOR('',#15431,1.);
#11911=VECTOR('',#15432,1.);
#11912=VECTOR('',#15433,1.);
#11913=VECTOR('',#15436,1.);
#11914=VECTOR('',#15437,1.);
#11915=VECTOR('',#15438,1.);
#11916=VECTOR('',#15441,1.);
#11917=VECTOR('',#15442,1.);
#11918=VECTOR('',#15443,1.);
#11919=VECTOR('',#15446,1.);
#11920=VECTOR('',#15447,1.);
#11921=VECTOR('',#15448,1.);
#11922=VECTOR('',#15451,1.);
#11923=VECTOR('',#15452,1.);
#11924=VECTOR('',#15453,1.);
#11925=VECTOR('',#15454,1.);
#11926=VECTOR('',#15457,1.);
#11927=VECTOR('',#15458,1.);
#11928=VECTOR('',#15459,1.);
#11929=VECTOR('',#15462,1.);
#11930=VECTOR('',#15463,1.);
#11931=VECTOR('',#15464,1.);
#11932=VECTOR('',#15465,1.);
#11933=VECTOR('',#15468,1.);
#11934=VECTOR('',#15469,1.);
#11935=VECTOR('',#15472,1.);
#11936=VECTOR('',#15475,1.);
#11937=VECTOR('',#15478,1.);
#11938=VECTOR('',#15481,1.);
#11939=VECTOR('',#15482,1.);
#11940=VECTOR('',#15485,1.);
#11941=VECTOR('',#15486,1.);
#11942=VECTOR('',#15487,1.);
#11943=VECTOR('',#15488,1.);
#11944=VECTOR('',#15491,1.);
#11945=VECTOR('',#15492,1.);
#11946=VECTOR('',#15493,1.);
#11947=VECTOR('',#15494,1.);
#11948=VECTOR('',#15497,1.);
#11949=VECTOR('',#15498,1.);
#11950=VECTOR('',#15499,1.);
#11951=VECTOR('',#15500,1.);
#11952=VECTOR('',#15501,1.);
#11953=VECTOR('',#15504,1.);
#11954=VECTOR('',#15505,1.);
#11955=VECTOR('',#15506,1.);
#11956=VECTOR('',#15509,1.);
#11957=VECTOR('',#15510,1.);
#11958=VECTOR('',#15511,1.);
#11959=VECTOR('',#15512,1.);
#11960=VECTOR('',#15513,1.);
#11961=VECTOR('',#15514,1.);
#11962=VECTOR('',#15515,1.);
#11963=VECTOR('',#15518,1.);
#11964=VECTOR('',#15519,1.);
#11965=VECTOR('',#15520,1.);
#11966=VECTOR('',#15521,1.);
#11967=VECTOR('',#15524,1.);
#11968=VECTOR('',#15525,1.);
#11969=VECTOR('',#15526,1.);
#11970=VECTOR('',#15527,1.);
#11971=VECTOR('',#15530,1.);
#11972=VECTOR('',#15531,1.);
#11973=VECTOR('',#15532,1.);
#11974=VECTOR('',#15533,1.);
#11975=VECTOR('',#15536,1.);
#11976=VECTOR('',#15537,1.);
#11977=VECTOR('',#15538,1.);
#11978=VECTOR('',#15539,1.);
#11979=VECTOR('',#15542,1.);
#11980=VECTOR('',#15543,1.);
#11981=VECTOR('',#15544,1.);
#11982=VECTOR('',#15545,1.);
#11983=VECTOR('',#15550,1.);
#11984=VECTOR('',#15553,1.);
#11985=VECTOR('',#15556,1.);
#11986=VECTOR('',#15557,1.);
#11987=VECTOR('',#15560,1.);
#11988=VECTOR('',#15561,1.);
#11989=VECTOR('',#15562,1.);
#11990=VECTOR('',#15565,1.);
#11991=VECTOR('',#15566,1.);
#11992=VECTOR('',#15569,1.);
#11993=VECTOR('',#15572,1.);
#11994=VECTOR('',#15573,1.);
#11995=VECTOR('',#15574,1.);
#11996=VECTOR('',#15577,1.);
#11997=VECTOR('',#15578,1.);
#11998=VECTOR('',#15581,1.);
#11999=VECTOR('',#15582,1.);
#12000=VECTOR('',#15583,1.);
#12001=VECTOR('',#15584,1.);
#12002=VECTOR('',#15587,1.);
#12003=VECTOR('',#15588,1.);
#12004=VECTOR('',#15589,1.);
#12005=VECTOR('',#15590,1.);
#12006=VECTOR('',#15593,1.);
#12007=VECTOR('',#15594,1.);
#12008=VECTOR('',#15595,1.);
#12009=VECTOR('',#15596,1.);
#12010=VECTOR('',#15597,1.);
#12011=VECTOR('',#15598,1.);
#12012=VECTOR('',#15599,1.);
#12013=VECTOR('',#15602,1.);
#12014=VECTOR('',#15603,1.);
#12015=VECTOR('',#15606,1.);
#12016=VECTOR('',#15607,1.);
#12017=VECTOR('',#15608,1.);
#12018=VECTOR('',#15609,1.);
#12019=VECTOR('',#15612,1.);
#12020=VECTOR('',#15613,1.);
#12021=VECTOR('',#15614,1.);
#12022=VECTOR('',#15617,1.);
#12023=VECTOR('',#15618,1.);
#12024=VECTOR('',#15621,1.);
#12025=VECTOR('',#15622,1.);
#12026=VECTOR('',#15623,1.);
#12027=VECTOR('',#15624,1.);
#12028=VECTOR('',#15625,1.);
#12029=VECTOR('',#15628,1.);
#12030=VECTOR('',#15629,1.);
#12031=VECTOR('',#15630,1.);
#12032=VECTOR('',#15633,1.);
#12033=VECTOR('',#15634,1.);
#12034=VECTOR('',#15635,1.);
#12035=VECTOR('',#15636,1.);
#12036=VECTOR('',#15637,1.);
#12037=VECTOR('',#15638,1.);
#12038=VECTOR('',#15639,1.);
#12039=VECTOR('',#15640,1.);
#12040=VECTOR('',#15641,1.);
#12041=VECTOR('',#15644,1.);
#12042=VECTOR('',#15645,1.);
#12043=VECTOR('',#15648,1.);
#12044=VECTOR('',#15649,1.);
#12045=VECTOR('',#15652,1.);
#12046=VECTOR('',#15653,1.);
#12047=VECTOR('',#15656,1.);
#12048=VECTOR('',#15657,1.);
#12049=VECTOR('',#15660,1.);
#12050=VECTOR('',#15661,1.);
#12051=VECTOR('',#15662,1.);
#12052=VECTOR('',#15663,1.);
#12053=VECTOR('',#15666,1.);
#12054=VECTOR('',#15667,1.);
#12055=VECTOR('',#15668,1.);
#12056=VECTOR('',#15671,1.);
#12057=VECTOR('',#15672,1.);
#12058=VECTOR('',#15675,1.);
#12059=VECTOR('',#15676,1.);
#12060=VECTOR('',#15679,1.);
#12061=VECTOR('',#15680,1.);
#12062=VECTOR('',#15683,1.);
#12063=VECTOR('',#15684,1.);
#12064=VECTOR('',#15687,1.);
#12065=VECTOR('',#15688,1.);
#12066=VECTOR('',#15691,1.);
#12067=VECTOR('',#15692,1.);
#12068=VECTOR('',#15695,1.);
#12069=VECTOR('',#15696,1.);
#12070=VECTOR('',#15699,1.);
#12071=VECTOR('',#15700,1.);
#12072=VECTOR('',#15701,1.);
#12073=VECTOR('',#15702,1.);
#12074=VECTOR('',#15705,1.);
#12075=VECTOR('',#15706,1.);
#12076=VECTOR('',#15707,1.);
#12077=VECTOR('',#15708,1.);
#12078=VECTOR('',#15709,1.);
#12079=VECTOR('',#15712,1.);
#12080=VECTOR('',#15713,1.);
#12081=VECTOR('',#15714,1.);
#12082=VECTOR('',#15717,1.);
#12083=VECTOR('',#15718,1.);
#12084=VECTOR('',#15719,1.);
#12085=VECTOR('',#15720,1.);
#12086=VECTOR('',#15721,1.);
#12087=VECTOR('',#15722,1.);
#12088=VECTOR('',#15723,1.);
#12089=VECTOR('',#15724,1.);
#12090=VECTOR('',#15727,1.);
#12091=VECTOR('',#15728,1.);
#12092=VECTOR('',#15729,1.);
#12093=VECTOR('',#15732,1.);
#12094=VECTOR('',#15733,1.);
#12095=VECTOR('',#15734,1.);
#12096=VECTOR('',#15737,1.);
#12097=VECTOR('',#15738,1.);
#12098=VECTOR('',#15739,1.);
#12099=VECTOR('',#15740,1.);
#12100=VECTOR('',#15743,1.);
#12101=VECTOR('',#15744,1.);
#12102=VECTOR('',#15747,1.);
#12103=VECTOR('',#15748,1.);
#12104=VECTOR('',#15749,1.);
#12105=VECTOR('',#15750,1.);
#12106=VECTOR('',#15753,1.);
#12107=VECTOR('',#15754,1.);
#12108=VECTOR('',#15755,1.);
#12109=VECTOR('',#15756,1.);
#12110=VECTOR('',#15759,1.);
#12111=VECTOR('',#15760,1.);
#12112=VECTOR('',#15761,1.);
#12113=VECTOR('',#15762,1.);
#12114=VECTOR('',#15765,1.);
#12115=VECTOR('',#15766,1.);
#12116=VECTOR('',#15767,1.);
#12117=VECTOR('',#15770,1.);
#12118=VECTOR('',#15771,1.);
#12119=VECTOR('',#15772,1.);
#12120=VECTOR('',#15773,1.);
#12121=VECTOR('',#15776,1.);
#12122=VECTOR('',#15777,1.);
#12123=VECTOR('',#15778,1.);
#12124=VECTOR('',#15779,1.);
#12125=VECTOR('',#15782,1.);
#12126=VECTOR('',#15783,1.);
#12127=VECTOR('',#15786,1.);
#12128=VECTOR('',#15787,1.);
#12129=VECTOR('',#15790,1.);
#12130=VECTOR('',#15791,1.);
#12131=VECTOR('',#15794,1.);
#12132=VECTOR('',#15795,1.);
#12133=VECTOR('',#15796,1.);
#12134=VECTOR('',#15797,1.);
#12135=VECTOR('',#15800,1.);
#12136=VECTOR('',#15801,1.);
#12137=VECTOR('',#15802,1.);
#12138=VECTOR('',#15805,1.);
#12139=VECTOR('',#15806,1.);
#12140=VECTOR('',#15807,1.);
#12141=VECTOR('',#15808,1.);
#12142=VECTOR('',#15811,1.);
#12143=VECTOR('',#15812,1.);
#12144=VECTOR('',#15813,1.);
#12145=VECTOR('',#15814,1.);
#12146=VECTOR('',#15817,1.);
#12147=VECTOR('',#15818,1.);
#12148=VECTOR('',#15819,1.);
#12149=VECTOR('',#15820,1.);
#12150=VECTOR('',#15823,1.);
#12151=VECTOR('',#15824,1.);
#12152=VECTOR('',#15825,1.);
#12153=VECTOR('',#15828,1.);
#12154=VECTOR('',#15829,1.);
#12155=VECTOR('',#15830,1.);
#12156=VECTOR('',#15833,1.);
#12157=VECTOR('',#15834,1.);
#12158=VECTOR('',#15837,1.);
#12159=VECTOR('',#15838,1.);
#12160=VECTOR('',#15839,1.);
#12161=VECTOR('',#15840,1.);
#12162=VECTOR('',#15843,1.);
#12163=VECTOR('',#15844,1.);
#12164=VECTOR('',#15845,1.);
#12165=VECTOR('',#15848,1.);
#12166=VECTOR('',#15849,1.);
#12167=VECTOR('',#15852,1.);
#12168=VECTOR('',#15853,1.);
#12169=VECTOR('',#15854,1.);
#12170=VECTOR('',#15855,1.);
#12171=VECTOR('',#15858,1.);
#12172=VECTOR('',#15859,1.);
#12173=VECTOR('',#15860,1.);
#12174=VECTOR('',#15861,1.);
#12175=VECTOR('',#15864,1.);
#12176=VECTOR('',#15865,1.);
#12177=VECTOR('',#15868,1.);
#12178=VECTOR('',#15869,1.);
#12179=VECTOR('',#15870,1.);
#12180=VECTOR('',#15875,1.);
#12181=VECTOR('',#15876,1.);
#12182=VECTOR('',#15883,1.);
#12183=VECTOR('',#15884,1.);
#12184=VECTOR('',#15893,1.);
#12185=VECTOR('',#15896,1.);
#12186=VECTOR('',#15909,1.);
#12187=VECTOR('',#15910,1.);
#12188=VECTOR('',#15919,1.);
#12189=VECTOR('',#15920,1.);
#12190=VECTOR('',#15921,1.);
#12191=VECTOR('',#15922,1.);
#12192=VECTOR('',#15925,1.);
#12193=VECTOR('',#15932,1.);
#12194=VECTOR('',#15933,1.);
#12195=VECTOR('',#15934,1.);
#12196=VECTOR('',#15935,1.);
#12197=VECTOR('',#15936,1.);
#12198=VECTOR('',#15937,1.);
#12199=VECTOR('',#15940,1.);
#12200=VECTOR('',#15941,1.);
#12201=VECTOR('',#15942,1.);
#12202=VECTOR('',#15943,1.);
#12203=VECTOR('',#15946,1.);
#12204=VECTOR('',#15947,1.);
#12205=VECTOR('',#15948,1.);
#12206=VECTOR('',#15949,1.);
#12207=VECTOR('',#15952,1.);
#12208=VECTOR('',#15953,1.);
#12209=VECTOR('',#15954,1.);
#12210=VECTOR('',#15957,1.);
#12211=VECTOR('',#15958,1.);
#12212=VECTOR('',#15959,1.);
#12213=VECTOR('',#15962,1.);
#12214=VECTOR('',#15963,1.);
#12215=VECTOR('',#15964,1.);
#12216=VECTOR('',#15965,1.);
#12217=VECTOR('',#15968,1.);
#12218=VECTOR('',#15971,1.);
#12219=VECTOR('',#15976,1.);
#12220=VECTOR('',#15981,1.);
#12221=VECTOR('',#15982,1.);
#12222=VECTOR('',#15983,1.);
#12223=VECTOR('',#15986,1.);
#12224=VECTOR('',#15989,1.);
#12225=VECTOR('',#15992,1.);
#12226=VECTOR('',#15999,1.);
#12227=VECTOR('',#16000,1.);
#12228=VECTOR('',#16001,1.);
#12229=VECTOR('',#16004,1.);
#12230=VECTOR('',#16005,1.);
#12231=VECTOR('',#16006,1.);
#12232=VECTOR('',#16009,1.);
#12233=VECTOR('',#16010,1.);
#12234=VECTOR('',#16011,1.);
#12235=VECTOR('',#16014,1.);
#12236=VECTOR('',#16017,1.);
#12237=VECTOR('',#16022,1.);
#12238=VECTOR('',#16027,1.);
#12239=VECTOR('',#16028,1.);
#12240=VECTOR('',#16031,1.);
#12241=VECTOR('',#16032,1.);
#12242=VECTOR('',#16033,1.);
#12243=VECTOR('',#16034,1.);
#12244=VECTOR('',#16037,1.);
#12245=VECTOR('',#16042,1.);
#12246=VECTOR('',#16043,1.);
#12247=VECTOR('',#16048,1.);
#12248=VECTOR('',#16049,1.);
#12249=VECTOR('',#16050,1.);
#12250=VECTOR('',#16051,1.);
#12251=VECTOR('',#16054,1.);
#12252=VECTOR('',#16055,1.);
#12253=VECTOR('',#16056,1.);
#12254=VECTOR('',#16059,1.);
#12255=VECTOR('',#16060,1.);
#12256=VECTOR('',#16061,1.);
#12257=VECTOR('',#16064,1.);
#12258=VECTOR('',#16067,1.);
#12259=VECTOR('',#16068,1.);
#12260=VECTOR('',#16073,1.);
#12261=VECTOR('',#16074,1.);
#12262=VECTOR('',#16075,1.);
#12263=VECTOR('',#16078,1.);
#12264=VECTOR('',#16085,1.);
#12265=VECTOR('',#16092,1.);
#12266=VECTOR('',#16093,1.);
#12267=VECTOR('',#16094,1.);
#12268=VECTOR('',#16095,1.);
#12269=VECTOR('',#16098,1.);
#12270=VECTOR('',#16099,1.);
#12271=VECTOR('',#16102,1.);
#12272=VECTOR('',#16103,1.);
#12273=VECTOR('',#16108,1.);
#12274=VECTOR('',#16111,1.);
#12275=VECTOR('',#16114,1.);
#12276=VECTOR('',#16117,1.);
#12277=VECTOR('',#16118,1.);
#12278=VECTOR('',#16119,1.);
#12279=VECTOR('',#16124,1.);
#12280=VECTOR('',#16127,1.);
#12281=VECTOR('',#16132,1.);
#12282=VECTOR('',#16133,1.);
#12283=VECTOR('',#16134,1.);
#12284=VECTOR('',#16135,1.);
#12285=VECTOR('',#16138,1.);
#12286=VECTOR('',#16139,1.);
#12287=VECTOR('',#16140,1.);
#12288=VECTOR('',#16141,1.);
#12289=VECTOR('',#16144,1.);
#12290=VECTOR('',#16145,1.);
#12291=VECTOR('',#16146,1.);
#12292=VECTOR('',#16149,1.);
#12293=VECTOR('',#16150,1.);
#12294=VECTOR('',#16151,1.);
#12295=VECTOR('',#16154,1.);
#12296=VECTOR('',#16157,1.);
#12297=VECTOR('',#16158,1.);
#12298=VECTOR('',#16161,1.);
#12299=VECTOR('',#16162,1.);
#12300=VECTOR('',#16163,1.);
#12301=VECTOR('',#16168,1.);
#12302=VECTOR('',#16171,1.);
#12303=VECTOR('',#16172,1.);
#12304=VECTOR('',#16175,1.);
#12305=VECTOR('',#16176,1.);
#12306=VECTOR('',#16179,1.);
#12307=VECTOR('',#16180,1.);
#12308=VECTOR('',#16181,1.);
#12309=VECTOR('',#16182,1.);
#12310=VECTOR('',#16185,1.);
#12311=VECTOR('',#16186,1.);
#12312=VECTOR('',#16189,1.);
#12313=VECTOR('',#16190,1.);
#12314=VECTOR('',#16193,1.);
#12315=VECTOR('',#16194,1.);
#12316=VECTOR('',#16197,1.);
#12317=VECTOR('',#16204,1.);
#12318=VECTOR('',#16205,1.);
#12319=VECTOR('',#16206,1.);
#12320=VECTOR('',#16207,1.);
#12321=VECTOR('',#16208,1.);
#12322=VECTOR('',#16211,1.);
#12323=VECTOR('',#16214,1.);
#12324=VECTOR('',#16217,1.);
#12325=VECTOR('',#16222,1.);
#12326=VECTOR('',#16225,1.);
#12327=VECTOR('',#16232,1.);
#12328=VECTOR('',#16235,1.);
#12329=VECTOR('',#16240,1.);
#12330=VECTOR('',#16245,1.);
#12331=VECTOR('',#16250,1.);
#12332=VECTOR('',#16257,1.);
#12333=VECTOR('',#16258,1.);
#12334=VECTOR('',#16261,1.);
#12335=VECTOR('',#16264,1.);
#12336=VECTOR('',#16267,1.);
#12337=VECTOR('',#16268,1.);
#12338=VECTOR('',#16271,1.);
#12339=VECTOR('',#16272,1.);
#12340=VECTOR('',#16275,1.);
#12341=VECTOR('',#16278,1.);
#12342=VECTOR('',#16279,1.);
#12343=VECTOR('',#16282,1.);
#12344=VECTOR('',#16285,1.);
#12345=VECTOR('',#16286,1.);
#12346=VECTOR('',#16287,1.);
#12347=VECTOR('',#16292,1.);
#12348=AXIS2_PLACEMENT_3D('',#16299,#13146,#13147);
#12349=AXIS2_PLACEMENT_3D('',#16390,#13238,#13239);
#12350=AXIS2_PLACEMENT_3D('',#16391,#13240,#13241);
#12351=AXIS2_PLACEMENT_3D('',#16392,#13242,#13243);
#12352=AXIS2_PLACEMENT_3D('',#16393,#13244,#13245);
#12353=AXIS2_PLACEMENT_3D('',#16402,#13250,#13251);
#12354=AXIS2_PLACEMENT_3D('',#16411,#13256,#13257);
#12355=AXIS2_PLACEMENT_3D('',#16420,#13262,#13263);
#12356=AXIS2_PLACEMENT_3D('',#16429,#13268,#13269);
#12357=AXIS2_PLACEMENT_3D('',#16438,#13274,#13275);
#12358=AXIS2_PLACEMENT_3D('',#16444,#13279,#13280);
#12359=AXIS2_PLACEMENT_3D('',#16448,#13283,#13284);
#12360=AXIS2_PLACEMENT_3D('',#16452,#13287,#13288);
#12361=AXIS2_PLACEMENT_3D('',#16461,#13293,#13294);
#12362=AXIS2_PLACEMENT_3D('',#16467,#13298,#13299);
#12363=AXIS2_PLACEMENT_3D('',#16471,#13302,#13303);
#12364=AXIS2_PLACEMENT_3D('',#16475,#13306,#13307);
#12365=AXIS2_PLACEMENT_3D('',#16484,#13312,#13313);
#12366=AXIS2_PLACEMENT_3D('',#16490,#13317,#13318);
#12367=AXIS2_PLACEMENT_3D('',#16494,#13321,#13322);
#12368=AXIS2_PLACEMENT_3D('',#16498,#13325,#13326);
#12369=AXIS2_PLACEMENT_3D('',#16507,#13331,#13332);
#12370=AXIS2_PLACEMENT_3D('',#16516,#13337,#13338);
#12371=AXIS2_PLACEMENT_3D('',#16522,#13342,#13343);
#12372=AXIS2_PLACEMENT_3D('',#16531,#13348,#13349);
#12373=AXIS2_PLACEMENT_3D('',#16532,#13350,#13351);
#12374=AXIS2_PLACEMENT_3D('',#16536,#13353,#13354);
#12375=AXIS2_PLACEMENT_3D('',#16537,#13355,#13356);
#12376=AXIS2_PLACEMENT_3D('',#16543,#13360,#13361);
#12377=AXIS2_PLACEMENT_3D('',#16544,#13362,#13363);
#12378=AXIS2_PLACEMENT_3D('',#16548,#13365,#13366);
#12379=AXIS2_PLACEMENT_3D('',#16549,#13367,#13368);
#12380=AXIS2_PLACEMENT_3D('',#16555,#13372,#13373);
#12381=AXIS2_PLACEMENT_3D('',#16561,#13377,#13378);
#12382=AXIS2_PLACEMENT_3D('',#16567,#13382,#13383);
#12383=AXIS2_PLACEMENT_3D('',#16573,#13387,#13388);
#12384=AXIS2_PLACEMENT_3D('',#16579,#13392,#13393);
#12385=AXIS2_PLACEMENT_3D('',#16580,#13394,#13395);
#12386=AXIS2_PLACEMENT_3D('',#16584,#13397,#13398);
#12387=AXIS2_PLACEMENT_3D('',#16585,#13399,#13400);
#12388=AXIS2_PLACEMENT_3D('',#16591,#13404,#13405);
#12389=AXIS2_PLACEMENT_3D('',#16592,#13406,#13407);
#12390=AXIS2_PLACEMENT_3D('',#16596,#13409,#13410);
#12391=AXIS2_PLACEMENT_3D('',#16597,#13411,#13412);
#12392=AXIS2_PLACEMENT_3D('',#16603,#13416,#13417);
#12393=AXIS2_PLACEMENT_3D('',#16612,#13422,#13423);
#12394=AXIS2_PLACEMENT_3D('',#16621,#13428,#13429);
#12395=AXIS2_PLACEMENT_3D('',#16627,#13433,#13434);
#12396=AXIS2_PLACEMENT_3D('',#16636,#13439,#13440);
#12397=AXIS2_PLACEMENT_3D('',#16642,#13444,#13445);
#12398=AXIS2_PLACEMENT_3D('',#16651,#13450,#13451);
#12399=AXIS2_PLACEMENT_3D('',#16657,#13455,#13456);
#12400=AXIS2_PLACEMENT_3D('',#16661,#13459,#13460);
#12401=AXIS2_PLACEMENT_3D('',#16670,#13465,#13466);
#12402=AXIS2_PLACEMENT_3D('',#16674,#13469,#13470);
#12403=AXIS2_PLACEMENT_3D('',#16678,#13473,#13474);
#12404=AXIS2_PLACEMENT_3D('',#16687,#13480,#13481);
#12405=AXIS2_PLACEMENT_3D('',#16691,#13484,#13485);
#12406=AXIS2_PLACEMENT_3D('',#16695,#13488,#13489);
#12407=AXIS2_PLACEMENT_3D('',#16704,#13494,#13495);
#12408=AXIS2_PLACEMENT_3D('',#16713,#13500,#13501);
#12409=AXIS2_PLACEMENT_3D('',#16714,#13502,#13503);
#12410=AXIS2_PLACEMENT_3D('',#16718,#13505,#13506);
#12411=AXIS2_PLACEMENT_3D('',#16719,#13507,#13508);
#12412=AXIS2_PLACEMENT_3D('',#16725,#13512,#13513);
#12413=AXIS2_PLACEMENT_3D('',#16726,#13514,#13515);
#12414=AXIS2_PLACEMENT_3D('',#16730,#13517,#13518);
#12415=AXIS2_PLACEMENT_3D('',#16731,#13519,#13520);
#12416=AXIS2_PLACEMENT_3D('',#16737,#13524,#13525);
#12417=AXIS2_PLACEMENT_3D('',#16743,#13529,#13530);
#12418=AXIS2_PLACEMENT_3D('',#16749,#13534,#13535);
#12419=AXIS2_PLACEMENT_3D('',#16755,#13539,#13540);
#12420=AXIS2_PLACEMENT_3D('',#16761,#13544,#13545);
#12421=AXIS2_PLACEMENT_3D('',#16762,#13546,#13547);
#12422=AXIS2_PLACEMENT_3D('',#16766,#13549,#13550);
#12423=AXIS2_PLACEMENT_3D('',#16767,#13551,#13552);
#12424=AXIS2_PLACEMENT_3D('',#16773,#13556,#13557);
#12425=AXIS2_PLACEMENT_3D('',#16774,#13558,#13559);
#12426=AXIS2_PLACEMENT_3D('',#16778,#13561,#13562);
#12427=AXIS2_PLACEMENT_3D('',#16779,#13563,#13564);
#12428=AXIS2_PLACEMENT_3D('',#16785,#13568,#13569);
#12429=AXIS2_PLACEMENT_3D('',#16791,#13573,#13574);
#12430=AXIS2_PLACEMENT_3D('',#16800,#13579,#13580);
#12431=AXIS2_PLACEMENT_3D('',#16804,#13582,#13583);
#12432=AXIS2_PLACEMENT_3D('',#16805,#13584,#13585);
#12433=AXIS2_PLACEMENT_3D('',#16806,#13586,#13587);
#12434=AXIS2_PLACEMENT_3D('',#16812,#13591,#13592);
#12435=AXIS2_PLACEMENT_3D('',#16816,#13594,#13595);
#12436=AXIS2_PLACEMENT_3D('',#16817,#13596,#13597);
#12437=AXIS2_PLACEMENT_3D('',#16818,#13598,#13599);
#12438=AXIS2_PLACEMENT_3D('',#16824,#13603,#13604);
#12439=AXIS2_PLACEMENT_3D('',#16830,#13608,#13609);
#12440=AXIS2_PLACEMENT_3D('',#16836,#13613,#13614);
#12441=AXIS2_PLACEMENT_3D('',#16842,#13618,#13619);
#12442=AXIS2_PLACEMENT_3D('',#16848,#13623,#13624);
#12443=AXIS2_PLACEMENT_3D('',#16852,#13626,#13627);
#12444=AXIS2_PLACEMENT_3D('',#16853,#13628,#13629);
#12445=AXIS2_PLACEMENT_3D('',#16854,#13630,#13631);
#12446=AXIS2_PLACEMENT_3D('',#16860,#13635,#13636);
#12447=AXIS2_PLACEMENT_3D('',#16864,#13638,#13639);
#12448=AXIS2_PLACEMENT_3D('',#16865,#13640,#13641);
#12449=AXIS2_PLACEMENT_3D('',#16866,#13642,#13643);
#12450=AXIS2_PLACEMENT_3D('',#16875,#13648,#13649);
#12451=AXIS2_PLACEMENT_3D('',#16881,#13653,#13654);
#12452=AXIS2_PLACEMENT_3D('',#16885,#13657,#13658);
#12453=AXIS2_PLACEMENT_3D('',#16887,#13660,#13661);
#12454=AXIS2_PLACEMENT_3D('',#16889,#13663,#13664);
#12455=AXIS2_PLACEMENT_3D('',#16895,#13668,#13669);
#12456=AXIS2_PLACEMENT_3D('',#16899,#13672,#13673);
#12457=AXIS2_PLACEMENT_3D('',#16903,#13676,#13677);
#12458=AXIS2_PLACEMENT_3D('',#16905,#13679,#13680);
#12459=AXIS2_PLACEMENT_3D('',#16907,#13682,#13683);
#12460=AXIS2_PLACEMENT_3D('',#16911,#13686,#13687);
#12461=AXIS2_PLACEMENT_3D('',#16920,#13692,#13693);
#12462=AXIS2_PLACEMENT_3D('',#16926,#13697,#13698);
#12463=AXIS2_PLACEMENT_3D('',#16935,#13703,#13704);
#12464=AXIS2_PLACEMENT_3D('',#16936,#13705,#13706);
#12465=AXIS2_PLACEMENT_3D('',#16940,#13708,#13709);
#12466=AXIS2_PLACEMENT_3D('',#16941,#13710,#13711);
#12467=AXIS2_PLACEMENT_3D('',#16947,#13715,#13716);
#12468=AXIS2_PLACEMENT_3D('',#16948,#13717,#13718);
#12469=AXIS2_PLACEMENT_3D('',#16952,#13720,#13721);
#12470=AXIS2_PLACEMENT_3D('',#16953,#13722,#13723);
#12471=AXIS2_PLACEMENT_3D('',#16959,#13727,#13728);
#12472=AXIS2_PLACEMENT_3D('',#16965,#13732,#13733);
#12473=AXIS2_PLACEMENT_3D('',#16971,#13737,#13738);
#12474=AXIS2_PLACEMENT_3D('',#16977,#13742,#13743);
#12475=AXIS2_PLACEMENT_3D('',#16983,#13747,#13748);
#12476=AXIS2_PLACEMENT_3D('',#16984,#13749,#13750);
#12477=AXIS2_PLACEMENT_3D('',#16988,#13752,#13753);
#12478=AXIS2_PLACEMENT_3D('',#16989,#13754,#13755);
#12479=AXIS2_PLACEMENT_3D('',#16995,#13759,#13760);
#12480=AXIS2_PLACEMENT_3D('',#16996,#13761,#13762);
#12481=AXIS2_PLACEMENT_3D('',#17000,#13764,#13765);
#12482=AXIS2_PLACEMENT_3D('',#17001,#13766,#13767);
#12483=AXIS2_PLACEMENT_3D('',#17007,#13771,#13772);
#12484=AXIS2_PLACEMENT_3D('',#17016,#13777,#13778);
#12485=AXIS2_PLACEMENT_3D('',#17020,#13780,#13781);
#12486=AXIS2_PLACEMENT_3D('',#17024,#13783,#13784);
#12487=AXIS2_PLACEMENT_3D('',#17025,#13785,#13786);
#12488=AXIS2_PLACEMENT_3D('',#17031,#13790,#13791);
#12489=AXIS2_PLACEMENT_3D('',#17032,#13792,#13793);
#12490=AXIS2_PLACEMENT_3D('',#17036,#13795,#13796);
#12491=AXIS2_PLACEMENT_3D('',#17037,#13797,#13798);
#12492=AXIS2_PLACEMENT_3D('',#17043,#13802,#13803);
#12493=AXIS2_PLACEMENT_3D('',#17049,#13807,#13808);
#12494=AXIS2_PLACEMENT_3D('',#17055,#13812,#13813);
#12495=AXIS2_PLACEMENT_3D('',#17061,#13817,#13818);
#12496=AXIS2_PLACEMENT_3D('',#17067,#13822,#13823);
#12497=AXIS2_PLACEMENT_3D('',#17068,#13824,#13825);
#12498=AXIS2_PLACEMENT_3D('',#17072,#13827,#13828);
#12499=AXIS2_PLACEMENT_3D('',#17073,#13829,#13830);
#12500=AXIS2_PLACEMENT_3D('',#17079,#13834,#13835);
#12501=AXIS2_PLACEMENT_3D('',#17080,#13836,#13837);
#12502=AXIS2_PLACEMENT_3D('',#17084,#13839,#13840);
#12503=AXIS2_PLACEMENT_3D('',#17085,#13841,#13842);
#12504=AXIS2_PLACEMENT_3D('',#17091,#13846,#13847);
#12505=AXIS2_PLACEMENT_3D('',#17097,#13851,#13852);
#12506=AXIS2_PLACEMENT_3D('',#17101,#13855,#13856);
#12507=AXIS2_PLACEMENT_3D('',#17105,#13859,#13860);
#12508=AXIS2_PLACEMENT_3D('',#17107,#13862,#13863);
#12509=AXIS2_PLACEMENT_3D('',#17111,#13866,#13867);
#12510=AXIS2_PLACEMENT_3D('',#17115,#13870,#13871);
#12511=AXIS2_PLACEMENT_3D('',#17119,#13874,#13875);
#12512=AXIS2_PLACEMENT_3D('',#17123,#13878,#13879);
#12513=AXIS2_PLACEMENT_3D('',#17125,#13881,#13882);
#12514=AXIS2_PLACEMENT_3D('',#17127,#13884,#13885);
#12515=AXIS2_PLACEMENT_3D('',#17136,#13890,#13891);
#12516=AXIS2_PLACEMENT_3D('',#17142,#13895,#13896);
#12517=AXIS2_PLACEMENT_3D('',#17151,#13901,#13902);
#12518=AXIS2_PLACEMENT_3D('',#17152,#13903,#13904);
#12519=AXIS2_PLACEMENT_3D('',#17156,#13906,#13907);
#12520=AXIS2_PLACEMENT_3D('',#17157,#13908,#13909);
#12521=AXIS2_PLACEMENT_3D('',#17163,#13913,#13914);
#12522=AXIS2_PLACEMENT_3D('',#17164,#13915,#13916);
#12523=AXIS2_PLACEMENT_3D('',#17168,#13918,#13919);
#12524=AXIS2_PLACEMENT_3D('',#17169,#13920,#13921);
#12525=AXIS2_PLACEMENT_3D('',#17175,#13925,#13926);
#12526=AXIS2_PLACEMENT_3D('',#17181,#13930,#13931);
#12527=AXIS2_PLACEMENT_3D('',#17187,#13935,#13936);
#12528=AXIS2_PLACEMENT_3D('',#17193,#13940,#13941);
#12529=AXIS2_PLACEMENT_3D('',#17199,#13945,#13946);
#12530=AXIS2_PLACEMENT_3D('',#17200,#13947,#13948);
#12531=AXIS2_PLACEMENT_3D('',#17204,#13950,#13951);
#12532=AXIS2_PLACEMENT_3D('',#17205,#13952,#13953);
#12533=AXIS2_PLACEMENT_3D('',#17211,#13957,#13958);
#12534=AXIS2_PLACEMENT_3D('',#17212,#13959,#13960);
#12535=AXIS2_PLACEMENT_3D('',#17216,#13962,#13963);
#12536=AXIS2_PLACEMENT_3D('',#17217,#13964,#13965);
#12537=AXIS2_PLACEMENT_3D('',#17223,#13969,#13970);
#12538=AXIS2_PLACEMENT_3D('',#17232,#13975,#13976);
#12539=AXIS2_PLACEMENT_3D('',#17236,#13978,#13979);
#12540=AXIS2_PLACEMENT_3D('',#17240,#13981,#13982);
#12541=AXIS2_PLACEMENT_3D('',#17241,#13983,#13984);
#12542=AXIS2_PLACEMENT_3D('',#17247,#13988,#13989);
#12543=AXIS2_PLACEMENT_3D('',#17248,#13990,#13991);
#12544=AXIS2_PLACEMENT_3D('',#17252,#13993,#13994);
#12545=AXIS2_PLACEMENT_3D('',#17253,#13995,#13996);
#12546=AXIS2_PLACEMENT_3D('',#17259,#14000,#14001);
#12547=AXIS2_PLACEMENT_3D('',#17265,#14005,#14006);
#12548=AXIS2_PLACEMENT_3D('',#17271,#14010,#14011);
#12549=AXIS2_PLACEMENT_3D('',#17277,#14015,#14016);
#12550=AXIS2_PLACEMENT_3D('',#17283,#14020,#14021);
#12551=AXIS2_PLACEMENT_3D('',#17284,#14022,#14023);
#12552=AXIS2_PLACEMENT_3D('',#17288,#14025,#14026);
#12553=AXIS2_PLACEMENT_3D('',#17289,#14027,#14028);
#12554=AXIS2_PLACEMENT_3D('',#17295,#14032,#14033);
#12555=AXIS2_PLACEMENT_3D('',#17296,#14034,#14035);
#12556=AXIS2_PLACEMENT_3D('',#17300,#14037,#14038);
#12557=AXIS2_PLACEMENT_3D('',#17301,#14039,#14040);
#12558=AXIS2_PLACEMENT_3D('',#17307,#14044,#14045);
#12559=AXIS2_PLACEMENT_3D('',#17313,#14049,#14050);
#12560=AXIS2_PLACEMENT_3D('',#17317,#14053,#14054);
#12561=AXIS2_PLACEMENT_3D('',#17321,#14057,#14058);
#12562=AXIS2_PLACEMENT_3D('',#17323,#14060,#14061);
#12563=AXIS2_PLACEMENT_3D('',#17327,#14064,#14065);
#12564=AXIS2_PLACEMENT_3D('',#17331,#14068,#14069);
#12565=AXIS2_PLACEMENT_3D('',#17335,#14072,#14073);
#12566=AXIS2_PLACEMENT_3D('',#17339,#14076,#14077);
#12567=AXIS2_PLACEMENT_3D('',#17341,#14079,#14080);
#12568=AXIS2_PLACEMENT_3D('',#17343,#14082,#14083);
#12569=AXIS2_PLACEMENT_3D('',#17352,#14088,#14089);
#12570=AXIS2_PLACEMENT_3D('',#17358,#14093,#14094);
#12571=AXIS2_PLACEMENT_3D('',#17367,#14099,#14100);
#12572=AXIS2_PLACEMENT_3D('',#17368,#14101,#14102);
#12573=AXIS2_PLACEMENT_3D('',#17372,#14104,#14105);
#12574=AXIS2_PLACEMENT_3D('',#17373,#14106,#14107);
#12575=AXIS2_PLACEMENT_3D('',#17379,#14111,#14112);
#12576=AXIS2_PLACEMENT_3D('',#17380,#14113,#14114);
#12577=AXIS2_PLACEMENT_3D('',#17384,#14116,#14117);
#12578=AXIS2_PLACEMENT_3D('',#17385,#14118,#14119);
#12579=AXIS2_PLACEMENT_3D('',#17391,#14123,#14124);
#12580=AXIS2_PLACEMENT_3D('',#17397,#14128,#14129);
#12581=AXIS2_PLACEMENT_3D('',#17403,#14133,#14134);
#12582=AXIS2_PLACEMENT_3D('',#17409,#14138,#14139);
#12583=AXIS2_PLACEMENT_3D('',#17415,#14143,#14144);
#12584=AXIS2_PLACEMENT_3D('',#17416,#14145,#14146);
#12585=AXIS2_PLACEMENT_3D('',#17420,#14148,#14149);
#12586=AXIS2_PLACEMENT_3D('',#17421,#14150,#14151);
#12587=AXIS2_PLACEMENT_3D('',#17427,#14155,#14156);
#12588=AXIS2_PLACEMENT_3D('',#17428,#14157,#14158);
#12589=AXIS2_PLACEMENT_3D('',#17432,#14160,#14161);
#12590=AXIS2_PLACEMENT_3D('',#17433,#14162,#14163);
#12591=AXIS2_PLACEMENT_3D('',#17439,#14167,#14168);
#12592=AXIS2_PLACEMENT_3D('',#17448,#14173,#14174);
#12593=AXIS2_PLACEMENT_3D('',#17452,#14176,#14177);
#12594=AXIS2_PLACEMENT_3D('',#17456,#14179,#14180);
#12595=AXIS2_PLACEMENT_3D('',#17457,#14181,#14182);
#12596=AXIS2_PLACEMENT_3D('',#17463,#14186,#14187);
#12597=AXIS2_PLACEMENT_3D('',#17464,#14188,#14189);
#12598=AXIS2_PLACEMENT_3D('',#17468,#14191,#14192);
#12599=AXIS2_PLACEMENT_3D('',#17469,#14193,#14194);
#12600=AXIS2_PLACEMENT_3D('',#17475,#14198,#14199);
#12601=AXIS2_PLACEMENT_3D('',#17481,#14203,#14204);
#12602=AXIS2_PLACEMENT_3D('',#17487,#14208,#14209);
#12603=AXIS2_PLACEMENT_3D('',#17493,#14213,#14214);
#12604=AXIS2_PLACEMENT_3D('',#17499,#14218,#14219);
#12605=AXIS2_PLACEMENT_3D('',#17500,#14220,#14221);
#12606=AXIS2_PLACEMENT_3D('',#17504,#14223,#14224);
#12607=AXIS2_PLACEMENT_3D('',#17505,#14225,#14226);
#12608=AXIS2_PLACEMENT_3D('',#17511,#14230,#14231);
#12609=AXIS2_PLACEMENT_3D('',#17512,#14232,#14233);
#12610=AXIS2_PLACEMENT_3D('',#17516,#14235,#14236);
#12611=AXIS2_PLACEMENT_3D('',#17517,#14237,#14238);
#12612=AXIS2_PLACEMENT_3D('',#17523,#14242,#14243);
#12613=AXIS2_PLACEMENT_3D('',#17529,#14247,#14248);
#12614=AXIS2_PLACEMENT_3D('',#17533,#14251,#14252);
#12615=AXIS2_PLACEMENT_3D('',#17537,#14255,#14256);
#12616=AXIS2_PLACEMENT_3D('',#17539,#14258,#14259);
#12617=AXIS2_PLACEMENT_3D('',#17543,#14262,#14263);
#12618=AXIS2_PLACEMENT_3D('',#17547,#14266,#14267);
#12619=AXIS2_PLACEMENT_3D('',#17551,#14270,#14271);
#12620=AXIS2_PLACEMENT_3D('',#17555,#14274,#14275);
#12621=AXIS2_PLACEMENT_3D('',#17557,#14277,#14278);
#12622=AXIS2_PLACEMENT_3D('',#17559,#14280,#14281);
#12623=AXIS2_PLACEMENT_3D('',#17568,#14286,#14287);
#12624=AXIS2_PLACEMENT_3D('',#17574,#14291,#14292);
#12625=AXIS2_PLACEMENT_3D('',#17583,#14297,#14298);
#12626=AXIS2_PLACEMENT_3D('',#17584,#14299,#14300);
#12627=AXIS2_PLACEMENT_3D('',#17588,#14302,#14303);
#12628=AXIS2_PLACEMENT_3D('',#17589,#14304,#14305);
#12629=AXIS2_PLACEMENT_3D('',#17595,#14309,#14310);
#12630=AXIS2_PLACEMENT_3D('',#17596,#14311,#14312);
#12631=AXIS2_PLACEMENT_3D('',#17600,#14314,#14315);
#12632=AXIS2_PLACEMENT_3D('',#17601,#14316,#14317);
#12633=AXIS2_PLACEMENT_3D('',#17607,#14321,#14322);
#12634=AXIS2_PLACEMENT_3D('',#17613,#14326,#14327);
#12635=AXIS2_PLACEMENT_3D('',#17619,#14331,#14332);
#12636=AXIS2_PLACEMENT_3D('',#17625,#14336,#14337);
#12637=AXIS2_PLACEMENT_3D('',#17631,#14341,#14342);
#12638=AXIS2_PLACEMENT_3D('',#17632,#14343,#14344);
#12639=AXIS2_PLACEMENT_3D('',#17636,#14346,#14347);
#12640=AXIS2_PLACEMENT_3D('',#17637,#14348,#14349);
#12641=AXIS2_PLACEMENT_3D('',#17643,#14353,#14354);
#12642=AXIS2_PLACEMENT_3D('',#17644,#14355,#14356);
#12643=AXIS2_PLACEMENT_3D('',#17648,#14358,#14359);
#12644=AXIS2_PLACEMENT_3D('',#17649,#14360,#14361);
#12645=AXIS2_PLACEMENT_3D('',#17655,#14365,#14366);
#12646=AXIS2_PLACEMENT_3D('',#17664,#14371,#14372);
#12647=AXIS2_PLACEMENT_3D('',#17668,#14374,#14375);
#12648=AXIS2_PLACEMENT_3D('',#17672,#14377,#14378);
#12649=AXIS2_PLACEMENT_3D('',#17673,#14379,#14380);
#12650=AXIS2_PLACEMENT_3D('',#17679,#14384,#14385);
#12651=AXIS2_PLACEMENT_3D('',#17680,#14386,#14387);
#12652=AXIS2_PLACEMENT_3D('',#17684,#14389,#14390);
#12653=AXIS2_PLACEMENT_3D('',#17685,#14391,#14392);
#12654=AXIS2_PLACEMENT_3D('',#17691,#14396,#14397);
#12655=AXIS2_PLACEMENT_3D('',#17697,#14401,#14402);
#12656=AXIS2_PLACEMENT_3D('',#17703,#14406,#14407);
#12657=AXIS2_PLACEMENT_3D('',#17709,#14411,#14412);
#12658=AXIS2_PLACEMENT_3D('',#17715,#14416,#14417);
#12659=AXIS2_PLACEMENT_3D('',#17716,#14418,#14419);
#12660=AXIS2_PLACEMENT_3D('',#17720,#14421,#14422);
#12661=AXIS2_PLACEMENT_3D('',#17721,#14423,#14424);
#12662=AXIS2_PLACEMENT_3D('',#17727,#14428,#14429);
#12663=AXIS2_PLACEMENT_3D('',#17728,#14430,#14431);
#12664=AXIS2_PLACEMENT_3D('',#17732,#14433,#14434);
#12665=AXIS2_PLACEMENT_3D('',#17733,#14435,#14436);
#12666=AXIS2_PLACEMENT_3D('',#17739,#14440,#14441);
#12667=AXIS2_PLACEMENT_3D('',#17745,#14445,#14446);
#12668=AXIS2_PLACEMENT_3D('',#17749,#14449,#14450);
#12669=AXIS2_PLACEMENT_3D('',#17753,#14453,#14454);
#12670=AXIS2_PLACEMENT_3D('',#17755,#14456,#14457);
#12671=AXIS2_PLACEMENT_3D('',#17759,#14460,#14461);
#12672=AXIS2_PLACEMENT_3D('',#17763,#14464,#14465);
#12673=AXIS2_PLACEMENT_3D('',#17767,#14468,#14469);
#12674=AXIS2_PLACEMENT_3D('',#17771,#14472,#14473);
#12675=AXIS2_PLACEMENT_3D('',#17773,#14475,#14476);
#12676=AXIS2_PLACEMENT_3D('',#17775,#14478,#14479);
#12677=AXIS2_PLACEMENT_3D('',#17784,#14484,#14485);
#12678=AXIS2_PLACEMENT_3D('',#17790,#14489,#14490);
#12679=AXIS2_PLACEMENT_3D('',#17799,#14495,#14496);
#12680=AXIS2_PLACEMENT_3D('',#17800,#14497,#14498);
#12681=AXIS2_PLACEMENT_3D('',#17804,#14500,#14501);
#12682=AXIS2_PLACEMENT_3D('',#17805,#14502,#14503);
#12683=AXIS2_PLACEMENT_3D('',#17811,#14507,#14508);
#12684=AXIS2_PLACEMENT_3D('',#17812,#14509,#14510);
#12685=AXIS2_PLACEMENT_3D('',#17816,#14512,#14513);
#12686=AXIS2_PLACEMENT_3D('',#17817,#14514,#14515);
#12687=AXIS2_PLACEMENT_3D('',#17823,#14519,#14520);
#12688=AXIS2_PLACEMENT_3D('',#17829,#14524,#14525);
#12689=AXIS2_PLACEMENT_3D('',#17835,#14529,#14530);
#12690=AXIS2_PLACEMENT_3D('',#17841,#14534,#14535);
#12691=AXIS2_PLACEMENT_3D('',#17847,#14539,#14540);
#12692=AXIS2_PLACEMENT_3D('',#17848,#14541,#14542);
#12693=AXIS2_PLACEMENT_3D('',#17852,#14544,#14545);
#12694=AXIS2_PLACEMENT_3D('',#17853,#14546,#14547);
#12695=AXIS2_PLACEMENT_3D('',#17859,#14551,#14552);
#12696=AXIS2_PLACEMENT_3D('',#17860,#14553,#14554);
#12697=AXIS2_PLACEMENT_3D('',#17864,#14556,#14557);
#12698=AXIS2_PLACEMENT_3D('',#17865,#14558,#14559);
#12699=AXIS2_PLACEMENT_3D('',#17871,#14563,#14564);
#12700=AXIS2_PLACEMENT_3D('',#17880,#14569,#14570);
#12701=AXIS2_PLACEMENT_3D('',#17884,#14572,#14573);
#12702=AXIS2_PLACEMENT_3D('',#17888,#14575,#14576);
#12703=AXIS2_PLACEMENT_3D('',#17889,#14577,#14578);
#12704=AXIS2_PLACEMENT_3D('',#17895,#14582,#14583);
#12705=AXIS2_PLACEMENT_3D('',#17896,#14584,#14585);
#12706=AXIS2_PLACEMENT_3D('',#17900,#14587,#14588);
#12707=AXIS2_PLACEMENT_3D('',#17901,#14589,#14590);
#12708=AXIS2_PLACEMENT_3D('',#17907,#14594,#14595);
#12709=AXIS2_PLACEMENT_3D('',#17913,#14599,#14600);
#12710=AXIS2_PLACEMENT_3D('',#17919,#14604,#14605);
#12711=AXIS2_PLACEMENT_3D('',#17925,#14609,#14610);
#12712=AXIS2_PLACEMENT_3D('',#17931,#14614,#14615);
#12713=AXIS2_PLACEMENT_3D('',#17932,#14616,#14617);
#12714=AXIS2_PLACEMENT_3D('',#17936,#14619,#14620);
#12715=AXIS2_PLACEMENT_3D('',#17937,#14621,#14622);
#12716=AXIS2_PLACEMENT_3D('',#17943,#14626,#14627);
#12717=AXIS2_PLACEMENT_3D('',#17944,#14628,#14629);
#12718=AXIS2_PLACEMENT_3D('',#17948,#14631,#14632);
#12719=AXIS2_PLACEMENT_3D('',#17949,#14633,#14634);
#12720=AXIS2_PLACEMENT_3D('',#17955,#14638,#14639);
#12721=AXIS2_PLACEMENT_3D('',#17961,#14643,#14644);
#12722=AXIS2_PLACEMENT_3D('',#17965,#14647,#14648);
#12723=AXIS2_PLACEMENT_3D('',#17969,#14651,#14652);
#12724=AXIS2_PLACEMENT_3D('',#17971,#14654,#14655);
#12725=AXIS2_PLACEMENT_3D('',#17975,#14658,#14659);
#12726=AXIS2_PLACEMENT_3D('',#17979,#14662,#14663);
#12727=AXIS2_PLACEMENT_3D('',#17983,#14666,#14667);
#12728=AXIS2_PLACEMENT_3D('',#17987,#14670,#14671);
#12729=AXIS2_PLACEMENT_3D('',#17989,#14673,#14674);
#12730=AXIS2_PLACEMENT_3D('',#17991,#14676,#14677);
#12731=AXIS2_PLACEMENT_3D('',#18000,#14682,#14683);
#12732=AXIS2_PLACEMENT_3D('',#18006,#14687,#14688);
#12733=AXIS2_PLACEMENT_3D('',#18015,#14693,#14694);
#12734=AXIS2_PLACEMENT_3D('',#18016,#14695,#14696);
#12735=AXIS2_PLACEMENT_3D('',#18020,#14698,#14699);
#12736=AXIS2_PLACEMENT_3D('',#18021,#14700,#14701);
#12737=AXIS2_PLACEMENT_3D('',#18027,#14705,#14706);
#12738=AXIS2_PLACEMENT_3D('',#18028,#14707,#14708);
#12739=AXIS2_PLACEMENT_3D('',#18032,#14710,#14711);
#12740=AXIS2_PLACEMENT_3D('',#18033,#14712,#14713);
#12741=AXIS2_PLACEMENT_3D('',#18039,#14717,#14718);
#12742=AXIS2_PLACEMENT_3D('',#18045,#14722,#14723);
#12743=AXIS2_PLACEMENT_3D('',#18051,#14727,#14728);
#12744=AXIS2_PLACEMENT_3D('',#18057,#14732,#14733);
#12745=AXIS2_PLACEMENT_3D('',#18063,#14737,#14738);
#12746=AXIS2_PLACEMENT_3D('',#18064,#14739,#14740);
#12747=AXIS2_PLACEMENT_3D('',#18068,#14742,#14743);
#12748=AXIS2_PLACEMENT_3D('',#18069,#14744,#14745);
#12749=AXIS2_PLACEMENT_3D('',#18075,#14749,#14750);
#12750=AXIS2_PLACEMENT_3D('',#18076,#14751,#14752);
#12751=AXIS2_PLACEMENT_3D('',#18080,#14754,#14755);
#12752=AXIS2_PLACEMENT_3D('',#18081,#14756,#14757);
#12753=AXIS2_PLACEMENT_3D('',#18087,#14761,#14762);
#12754=AXIS2_PLACEMENT_3D('',#18096,#14767,#14768);
#12755=AXIS2_PLACEMENT_3D('',#18100,#14770,#14771);
#12756=AXIS2_PLACEMENT_3D('',#18104,#14773,#14774);
#12757=AXIS2_PLACEMENT_3D('',#18105,#14775,#14776);
#12758=AXIS2_PLACEMENT_3D('',#18111,#14780,#14781);
#12759=AXIS2_PLACEMENT_3D('',#18112,#14782,#14783);
#12760=AXIS2_PLACEMENT_3D('',#18116,#14785,#14786);
#12761=AXIS2_PLACEMENT_3D('',#18117,#14787,#14788);
#12762=AXIS2_PLACEMENT_3D('',#18123,#14792,#14793);
#12763=AXIS2_PLACEMENT_3D('',#18129,#14797,#14798);
#12764=AXIS2_PLACEMENT_3D('',#18135,#14802,#14803);
#12765=AXIS2_PLACEMENT_3D('',#18141,#14807,#14808);
#12766=AXIS2_PLACEMENT_3D('',#18147,#14812,#14813);
#12767=AXIS2_PLACEMENT_3D('',#18148,#14814,#14815);
#12768=AXIS2_PLACEMENT_3D('',#18152,#14817,#14818);
#12769=AXIS2_PLACEMENT_3D('',#18153,#14819,#14820);
#12770=AXIS2_PLACEMENT_3D('',#18159,#14824,#14825);
#12771=AXIS2_PLACEMENT_3D('',#18160,#14826,#14827);
#12772=AXIS2_PLACEMENT_3D('',#18164,#14829,#14830);
#12773=AXIS2_PLACEMENT_3D('',#18165,#14831,#14832);
#12774=AXIS2_PLACEMENT_3D('',#18171,#14836,#14837);
#12775=AXIS2_PLACEMENT_3D('',#18177,#14841,#14842);
#12776=AXIS2_PLACEMENT_3D('',#18181,#14845,#14846);
#12777=AXIS2_PLACEMENT_3D('',#18185,#14849,#14850);
#12778=AXIS2_PLACEMENT_3D('',#18187,#14852,#14853);
#12779=AXIS2_PLACEMENT_3D('',#18191,#14856,#14857);
#12780=AXIS2_PLACEMENT_3D('',#18195,#14860,#14861);
#12781=AXIS2_PLACEMENT_3D('',#18199,#14864,#14865);
#12782=AXIS2_PLACEMENT_3D('',#18203,#14868,#14869);
#12783=AXIS2_PLACEMENT_3D('',#18205,#14871,#14872);
#12784=AXIS2_PLACEMENT_3D('',#18207,#14874,#14875);
#12785=AXIS2_PLACEMENT_3D('',#18216,#14880,#14881);
#12786=AXIS2_PLACEMENT_3D('',#18222,#14885,#14886);
#12787=AXIS2_PLACEMENT_3D('',#18231,#14891,#14892);
#12788=AXIS2_PLACEMENT_3D('',#18232,#14893,#14894);
#12789=AXIS2_PLACEMENT_3D('',#18236,#14896,#14897);
#12790=AXIS2_PLACEMENT_3D('',#18237,#14898,#14899);
#12791=AXIS2_PLACEMENT_3D('',#18243,#14903,#14904);
#12792=AXIS2_PLACEMENT_3D('',#18244,#14905,#14906);
#12793=AXIS2_PLACEMENT_3D('',#18248,#14908,#14909);
#12794=AXIS2_PLACEMENT_3D('',#18249,#14910,#14911);
#12795=AXIS2_PLACEMENT_3D('',#18255,#14915,#14916);
#12796=AXIS2_PLACEMENT_3D('',#18261,#14920,#14921);
#12797=AXIS2_PLACEMENT_3D('',#18267,#14925,#14926);
#12798=AXIS2_PLACEMENT_3D('',#18273,#14930,#14931);
#12799=AXIS2_PLACEMENT_3D('',#18279,#14935,#14936);
#12800=AXIS2_PLACEMENT_3D('',#18280,#14937,#14938);
#12801=AXIS2_PLACEMENT_3D('',#18284,#14940,#14941);
#12802=AXIS2_PLACEMENT_3D('',#18285,#14942,#14943);
#12803=AXIS2_PLACEMENT_3D('',#18291,#14947,#14948);
#12804=AXIS2_PLACEMENT_3D('',#18292,#14949,#14950);
#12805=AXIS2_PLACEMENT_3D('',#18296,#14952,#14953);
#12806=AXIS2_PLACEMENT_3D('',#18297,#14954,#14955);
#12807=AXIS2_PLACEMENT_3D('',#18303,#14959,#14960);
#12808=AXIS2_PLACEMENT_3D('',#18312,#14965,#14966);
#12809=AXIS2_PLACEMENT_3D('',#18316,#14968,#14969);
#12810=AXIS2_PLACEMENT_3D('',#18320,#14971,#14972);
#12811=AXIS2_PLACEMENT_3D('',#18321,#14973,#14974);
#12812=AXIS2_PLACEMENT_3D('',#18327,#14978,#14979);
#12813=AXIS2_PLACEMENT_3D('',#18328,#14980,#14981);
#12814=AXIS2_PLACEMENT_3D('',#18332,#14983,#14984);
#12815=AXIS2_PLACEMENT_3D('',#18333,#14985,#14986);
#12816=AXIS2_PLACEMENT_3D('',#18339,#14990,#14991);
#12817=AXIS2_PLACEMENT_3D('',#18345,#14995,#14996);
#12818=AXIS2_PLACEMENT_3D('',#18351,#15000,#15001);
#12819=AXIS2_PLACEMENT_3D('',#18357,#15005,#15006);
#12820=AXIS2_PLACEMENT_3D('',#18363,#15010,#15011);
#12821=AXIS2_PLACEMENT_3D('',#18364,#15012,#15013);
#12822=AXIS2_PLACEMENT_3D('',#18368,#15015,#15016);
#12823=AXIS2_PLACEMENT_3D('',#18369,#15017,#15018);
#12824=AXIS2_PLACEMENT_3D('',#18375,#15022,#15023);
#12825=AXIS2_PLACEMENT_3D('',#18376,#15024,#15025);
#12826=AXIS2_PLACEMENT_3D('',#18380,#15027,#15028);
#12827=AXIS2_PLACEMENT_3D('',#18381,#15029,#15030);
#12828=AXIS2_PLACEMENT_3D('',#18387,#15034,#15035);
#12829=AXIS2_PLACEMENT_3D('',#18393,#15039,#15040);
#12830=AXIS2_PLACEMENT_3D('',#18397,#15043,#15044);
#12831=AXIS2_PLACEMENT_3D('',#18401,#15047,#15048);
#12832=AXIS2_PLACEMENT_3D('',#18403,#15050,#15051);
#12833=AXIS2_PLACEMENT_3D('',#18407,#15054,#15055);
#12834=AXIS2_PLACEMENT_3D('',#18411,#15058,#15059);
#12835=AXIS2_PLACEMENT_3D('',#18415,#15062,#15063);
#12836=AXIS2_PLACEMENT_3D('',#18419,#15066,#15067);
#12837=AXIS2_PLACEMENT_3D('',#18421,#15069,#15070);
#12838=AXIS2_PLACEMENT_3D('',#18423,#15072,#15073);
#12839=AXIS2_PLACEMENT_3D('',#18449,#15092,#15093);
#12840=AXIS2_PLACEMENT_3D('',#18455,#15097,#15098);
#12841=AXIS2_PLACEMENT_3D('',#18459,#15100,#15101);
#12842=AXIS2_PLACEMENT_3D('',#18463,#15103,#15104);
#12843=AXIS2_PLACEMENT_3D('',#18464,#15105,#15106);
#12844=AXIS2_PLACEMENT_3D('',#18470,#15110,#15111);
#12845=AXIS2_PLACEMENT_3D('',#18471,#15112,#15113);
#12846=AXIS2_PLACEMENT_3D('',#18475,#15115,#15116);
#12847=AXIS2_PLACEMENT_3D('',#18476,#15117,#15118);
#12848=AXIS2_PLACEMENT_3D('',#18482,#15122,#15123);
#12849=AXIS2_PLACEMENT_3D('',#18488,#15127,#15128);
#12850=AXIS2_PLACEMENT_3D('',#18494,#15132,#15133);
#12851=AXIS2_PLACEMENT_3D('',#18500,#15137,#15138);
#12852=AXIS2_PLACEMENT_3D('',#18506,#15142,#15143);
#12853=AXIS2_PLACEMENT_3D('',#18507,#15144,#15145);
#12854=AXIS2_PLACEMENT_3D('',#18511,#15147,#15148);
#12855=AXIS2_PLACEMENT_3D('',#18512,#15149,#15150);
#12856=AXIS2_PLACEMENT_3D('',#18518,#15154,#15155);
#12857=AXIS2_PLACEMENT_3D('',#18519,#15156,#15157);
#12858=AXIS2_PLACEMENT_3D('',#18523,#15159,#15160);
#12859=AXIS2_PLACEMENT_3D('',#18524,#15161,#15162);
#12860=AXIS2_PLACEMENT_3D('',#18530,#15166,#15167);
#12861=AXIS2_PLACEMENT_3D('',#18536,#15171,#15172);
#12862=AXIS2_PLACEMENT_3D('',#18538,#15174,#15175);
#12863=AXIS2_PLACEMENT_3D('',#18542,#15178,#15179);
#12864=AXIS2_PLACEMENT_3D('',#18544,#15181,#15182);
#12865=AXIS2_PLACEMENT_3D('',#18548,#15185,#15186);
#12866=AXIS2_PLACEMENT_3D('',#18552,#15189,#15190);
#12867=AXIS2_PLACEMENT_3D('',#18554,#15192,#15193);
#12868=AXIS2_PLACEMENT_3D('',#18558,#15196,#15197);
#12869=AXIS2_PLACEMENT_3D('',#18560,#15199,#15200);
#12870=AXIS2_PLACEMENT_3D('',#18562,#15202,#15203);
#12871=AXIS2_PLACEMENT_3D('',#18587,#15222,#15223);
#12872=AXIS2_PLACEMENT_3D('',#18596,#15228,#15229);
#12873=AXIS2_PLACEMENT_3D('',#18600,#15231,#15232);
#12874=AXIS2_PLACEMENT_3D('',#18601,#15233,#15234);
#12875=AXIS2_PLACEMENT_3D('',#18602,#15235,#15236);
#12876=AXIS2_PLACEMENT_3D('',#18608,#15240,#15241);
#12877=AXIS2_PLACEMENT_3D('',#18612,#15243,#15244);
#12878=AXIS2_PLACEMENT_3D('',#18613,#15245,#15246);
#12879=AXIS2_PLACEMENT_3D('',#18614,#15247,#15248);
#12880=AXIS2_PLACEMENT_3D('',#18620,#15252,#15253);
#12881=AXIS2_PLACEMENT_3D('',#18626,#15257,#15258);
#12882=AXIS2_PLACEMENT_3D('',#18632,#15262,#15263);
#12883=AXIS2_PLACEMENT_3D('',#18638,#15267,#15268);
#12884=AXIS2_PLACEMENT_3D('',#18644,#15272,#15273);
#12885=AXIS2_PLACEMENT_3D('',#18648,#15275,#15276);
#12886=AXIS2_PLACEMENT_3D('',#18649,#15277,#15278);
#12887=AXIS2_PLACEMENT_3D('',#18650,#15279,#15280);
#12888=AXIS2_PLACEMENT_3D('',#18656,#15284,#15285);
#12889=AXIS2_PLACEMENT_3D('',#18660,#15287,#15288);
#12890=AXIS2_PLACEMENT_3D('',#18661,#15289,#15290);
#12891=AXIS2_PLACEMENT_3D('',#18662,#15291,#15292);
#12892=AXIS2_PLACEMENT_3D('',#18665,#15295,#15296);
#12893=AXIS2_PLACEMENT_3D('',#18671,#15300,#15301);
#12894=AXIS2_PLACEMENT_3D('',#18675,#15303,#15304);
#12895=AXIS2_PLACEMENT_3D('',#18679,#15306,#15307);
#12896=AXIS2_PLACEMENT_3D('',#18680,#15308,#15309);
#12897=AXIS2_PLACEMENT_3D('',#18686,#15313,#15314);
#12898=AXIS2_PLACEMENT_3D('',#18690,#15316,#15317);
#12899=AXIS2_PLACEMENT_3D('',#18691,#15318,#15319);
#12900=AXIS2_PLACEMENT_3D('',#18692,#15320,#15321);
#12901=AXIS2_PLACEMENT_3D('',#18698,#15325,#15326);
#12902=AXIS2_PLACEMENT_3D('',#18704,#15330,#15331);
#12903=AXIS2_PLACEMENT_3D('',#18710,#15335,#15336);
#12904=AXIS2_PLACEMENT_3D('',#18716,#15340,#15341);
#12905=AXIS2_PLACEMENT_3D('',#18722,#15345,#15346);
#12906=AXIS2_PLACEMENT_3D('',#18726,#15348,#15349);
#12907=AXIS2_PLACEMENT_3D('',#18727,#15350,#15351);
#12908=AXIS2_PLACEMENT_3D('',#18728,#15352,#15353);
#12909=AXIS2_PLACEMENT_3D('',#18734,#15357,#15358);
#12910=AXIS2_PLACEMENT_3D('',#18738,#15360,#15361);
#12911=AXIS2_PLACEMENT_3D('',#18739,#15362,#15363);
#12912=AXIS2_PLACEMENT_3D('',#18740,#15364,#15365);
#12913=AXIS2_PLACEMENT_3D('',#18746,#15369,#15370);
#12914=AXIS2_PLACEMENT_3D('',#18748,#15372,#15373);
#12915=AXIS2_PLACEMENT_3D('',#18750,#15375,#15376);
#12916=AXIS2_PLACEMENT_3D('',#18752,#15378,#15379);
#12917=AXIS2_PLACEMENT_3D('',#18756,#15382,#15383);
#12918=AXIS2_PLACEMENT_3D('',#18758,#15385,#15386);
#12919=AXIS2_PLACEMENT_3D('',#18762,#15389,#15390);
#12920=AXIS2_PLACEMENT_3D('',#18763,#15391,#15392);
#12921=AXIS2_PLACEMENT_3D('',#18765,#15394,#15395);
#12922=AXIS2_PLACEMENT_3D('',#18767,#15397,#15398);
#12923=AXIS2_PLACEMENT_3D('',#18769,#15400,#15401);
#12924=AXIS2_PLACEMENT_3D('',#18773,#15404,#15405);
#12925=AXIS2_PLACEMENT_3D('',#18775,#15407,#15408);
#12926=AXIS2_PLACEMENT_3D('',#18781,#15412,#15413);
#12927=AXIS2_PLACEMENT_3D('',#18785,#15416,#15417);
#12928=AXIS2_PLACEMENT_3D('',#18789,#15420,#15421);
#12929=AXIS2_PLACEMENT_3D('',#18791,#15423,#15424);
#12930=AXIS2_PLACEMENT_3D('',#18800,#15429,#15430);
#12931=AXIS2_PLACEMENT_3D('',#18806,#15434,#15435);
#12932=AXIS2_PLACEMENT_3D('',#18812,#15439,#15440);
#12933=AXIS2_PLACEMENT_3D('',#18818,#15444,#15445);
#12934=AXIS2_PLACEMENT_3D('',#18824,#15449,#15450);
#12935=AXIS2_PLACEMENT_3D('',#18832,#15455,#15456);
#12936=AXIS2_PLACEMENT_3D('',#18838,#15460,#15461);
#12937=AXIS2_PLACEMENT_3D('',#18846,#15466,#15467);
#12938=AXIS2_PLACEMENT_3D('',#18850,#15470,#15471);
#12939=AXIS2_PLACEMENT_3D('',#18852,#15473,#15474);
#12940=AXIS2_PLACEMENT_3D('',#18854,#15476,#15477);
#12941=AXIS2_PLACEMENT_3D('',#18856,#15479,#15480);
#12942=AXIS2_PLACEMENT_3D('',#18860,#15483,#15484);
#12943=AXIS2_PLACEMENT_3D('',#18868,#15489,#15490);
#12944=AXIS2_PLACEMENT_3D('',#18876,#15495,#15496);
#12945=AXIS2_PLACEMENT_3D('',#18887,#15502,#15503);
#12946=AXIS2_PLACEMENT_3D('',#18893,#15507,#15508);
#12947=AXIS2_PLACEMENT_3D('',#18905,#15516,#15517);
#12948=AXIS2_PLACEMENT_3D('',#18912,#15522,#15523);
#12949=AXIS2_PLACEMENT_3D('',#18920,#15528,#15529);
#12950=AXIS2_PLACEMENT_3D('',#18928,#15534,#15535);
#12951=AXIS2_PLACEMENT_3D('',#18937,#15540,#15541);
#12952=AXIS2_PLACEMENT_3D('',#18945,#15546,#15547);
#12953=AXIS2_PLACEMENT_3D('',#18946,#15548,#15549);
#12954=AXIS2_PLACEMENT_3D('',#18948,#15551,#15552);
#12955=AXIS2_PLACEMENT_3D('',#18950,#15554,#15555);
#12956=AXIS2_PLACEMENT_3D('',#18954,#15558,#15559);
#12957=AXIS2_PLACEMENT_3D('',#18960,#15563,#15564);
#12958=AXIS2_PLACEMENT_3D('',#18964,#15567,#15568);
#12959=AXIS2_PLACEMENT_3D('',#18966,#15570,#15571);
#12960=AXIS2_PLACEMENT_3D('',#18972,#15575,#15576);
#12961=AXIS2_PLACEMENT_3D('',#18976,#15579,#15580);
#12962=AXIS2_PLACEMENT_3D('',#18984,#15585,#15586);
#12963=AXIS2_PLACEMENT_3D('',#18993,#15591,#15592);
#12964=AXIS2_PLACEMENT_3D('',#19008,#15600,#15601);
#12965=AXIS2_PLACEMENT_3D('',#19011,#15604,#15605);
#12966=AXIS2_PLACEMENT_3D('',#19020,#15610,#15611);
#12967=AXIS2_PLACEMENT_3D('',#19025,#15615,#15616);
#12968=AXIS2_PLACEMENT_3D('',#19029,#15619,#15620);
#12969=AXIS2_PLACEMENT_3D('',#19038,#15626,#15627);
#12970=AXIS2_PLACEMENT_3D('',#19043,#15631,#15632);
#12971=AXIS2_PLACEMENT_3D('',#19059,#15642,#15643);
#12972=AXIS2_PLACEMENT_3D('',#19063,#15646,#15647);
#12973=AXIS2_PLACEMENT_3D('',#19067,#15650,#15651);
#12974=AXIS2_PLACEMENT_3D('',#19071,#15654,#15655);
#12975=AXIS2_PLACEMENT_3D('',#19075,#15658,#15659);
#12976=AXIS2_PLACEMENT_3D('',#19084,#15664,#15665);
#12977=AXIS2_PLACEMENT_3D('',#19090,#15669,#15670);
#12978=AXIS2_PLACEMENT_3D('',#19094,#15673,#15674);
#12979=AXIS2_PLACEMENT_3D('',#19098,#15677,#15678);
#12980=AXIS2_PLACEMENT_3D('',#19101,#15681,#15682);
#12981=AXIS2_PLACEMENT_3D('',#19104,#15685,#15686);
#12982=AXIS2_PLACEMENT_3D('',#19107,#15689,#15690);
#12983=AXIS2_PLACEMENT_3D('',#19110,#15693,#15694);
#12984=AXIS2_PLACEMENT_3D('',#19113,#15697,#15698);
#12985=AXIS2_PLACEMENT_3D('',#19122,#15703,#15704);
#12986=AXIS2_PLACEMENT_3D('',#19132,#15710,#15711);
#12987=AXIS2_PLACEMENT_3D('',#19138,#15715,#15716);
#12988=AXIS2_PLACEMENT_3D('',#19153,#15725,#15726);
#12989=AXIS2_PLACEMENT_3D('',#19158,#15730,#15731);
#12990=AXIS2_PLACEMENT_3D('',#19164,#15735,#15736);
#12991=AXIS2_PLACEMENT_3D('',#19172,#15741,#15742);
#12992=AXIS2_PLACEMENT_3D('',#19176,#15745,#15746);
#12993=AXIS2_PLACEMENT_3D('',#19185,#15751,#15752);
#12994=AXIS2_PLACEMENT_3D('',#19194,#15757,#15758);
#12995=AXIS2_PLACEMENT_3D('',#19201,#15763,#15764);
#12996=AXIS2_PLACEMENT_3D('',#19207,#15768,#15769);
#12997=AXIS2_PLACEMENT_3D('',#19216,#15774,#15775);
#12998=AXIS2_PLACEMENT_3D('',#19222,#15780,#15781);
#12999=AXIS2_PLACEMENT_3D('',#19226,#15784,#15785);
#13000=AXIS2_PLACEMENT_3D('',#19230,#15788,#15789);
#13001=AXIS2_PLACEMENT_3D('',#19234,#15792,#15793);
#13002=AXIS2_PLACEMENT_3D('',#19242,#15798,#15799);
#13003=AXIS2_PLACEMENT_3D('',#19248,#15803,#15804);
#13004=AXIS2_PLACEMENT_3D('',#19255,#15809,#15810);
#13005=AXIS2_PLACEMENT_3D('',#19264,#15815,#15816);
#13006=AXIS2_PLACEMENT_3D('',#19273,#15821,#15822);
#13007=AXIS2_PLACEMENT_3D('',#19279,#15826,#15827);
#13008=AXIS2_PLACEMENT_3D('',#19284,#15831,#15832);
#13009=AXIS2_PLACEMENT_3D('',#19288,#15835,#15836);
#13010=AXIS2_PLACEMENT_3D('',#19294,#15841,#15842);
#13011=AXIS2_PLACEMENT_3D('',#19299,#15846,#15847);
#13012=AXIS2_PLACEMENT_3D('',#19303,#15850,#15851);
#13013=AXIS2_PLACEMENT_3D('',#19310,#15856,#15857);
#13014=AXIS2_PLACEMENT_3D('',#19318,#15862,#15863);
#13015=AXIS2_PLACEMENT_3D('',#19322,#15866,#15867);
#13016=AXIS2_PLACEMENT_3D('',#19328,#15871,#15872);
#13017=AXIS2_PLACEMENT_3D('',#19329,#15873,#15874);
#13018=AXIS2_PLACEMENT_3D('',#19335,#15877,#15878);
#13019=AXIS2_PLACEMENT_3D('',#19336,#15879,#15880);
#13020=AXIS2_PLACEMENT_3D('',#19337,#15881,#15882);
#13021=AXIS2_PLACEMENT_3D('',#19342,#15885,#15886);
#13022=AXIS2_PLACEMENT_3D('',#19343,#15887,#15888);
#13023=AXIS2_PLACEMENT_3D('',#19344,#15889,#15890);
#13024=AXIS2_PLACEMENT_3D('',#19345,#15891,#15892);
#13025=AXIS2_PLACEMENT_3D('',#19349,#15894,#15895);
#13026=AXIS2_PLACEMENT_3D('',#19353,#15897,#15898);
#13027=AXIS2_PLACEMENT_3D('',#19354,#15899,#15900);
#13028=AXIS2_PLACEMENT_3D('',#19355,#15901,#15902);
#13029=AXIS2_PLACEMENT_3D('',#19356,#15903,#15904);
#13030=AXIS2_PLACEMENT_3D('',#19357,#15905,#15906);
#13031=AXIS2_PLACEMENT_3D('',#19358,#15907,#15908);
#13032=AXIS2_PLACEMENT_3D('',#19363,#15911,#15912);
#13033=AXIS2_PLACEMENT_3D('',#19364,#15913,#15914);
#13034=AXIS2_PLACEMENT_3D('',#19365,#15915,#15916);
#13035=AXIS2_PLACEMENT_3D('',#19366,#15917,#15918);
#13036=AXIS2_PLACEMENT_3D('',#19373,#15923,#15924);
#13037=AXIS2_PLACEMENT_3D('',#19375,#15926,#15927);
#13038=AXIS2_PLACEMENT_3D('',#19376,#15928,#15929);
#13039=AXIS2_PLACEMENT_3D('',#19377,#15930,#15931);
#13040=AXIS2_PLACEMENT_3D('',#19389,#15938,#15939);
#13041=AXIS2_PLACEMENT_3D('',#19398,#15944,#15945);
#13042=AXIS2_PLACEMENT_3D('',#19407,#15950,#15951);
#13043=AXIS2_PLACEMENT_3D('',#19413,#15955,#15956);
#13044=AXIS2_PLACEMENT_3D('',#19419,#15960,#15961);
#13045=AXIS2_PLACEMENT_3D('',#19428,#15966,#15967);
#13046=AXIS2_PLACEMENT_3D('',#19432,#15969,#15970);
#13047=AXIS2_PLACEMENT_3D('',#19436,#15972,#15973);
#13048=AXIS2_PLACEMENT_3D('',#19437,#15974,#15975);
#13049=AXIS2_PLACEMENT_3D('',#19441,#15977,#15978);
#13050=AXIS2_PLACEMENT_3D('',#19442,#15979,#15980);
#13051=AXIS2_PLACEMENT_3D('',#19448,#15984,#15985);
#13052=AXIS2_PLACEMENT_3D('',#19452,#15987,#15988);
#13053=AXIS2_PLACEMENT_3D('',#19456,#15990,#15991);
#13054=AXIS2_PLACEMENT_3D('',#19460,#15993,#15994);
#13055=AXIS2_PLACEMENT_3D('',#19461,#15995,#15996);
#13056=AXIS2_PLACEMENT_3D('',#19462,#15997,#15998);
#13057=AXIS2_PLACEMENT_3D('',#19468,#16002,#16003);
#13058=AXIS2_PLACEMENT_3D('',#19474,#16007,#16008);
#13059=AXIS2_PLACEMENT_3D('',#19480,#16012,#16013);
#13060=AXIS2_PLACEMENT_3D('',#19484,#16015,#16016);
#13061=AXIS2_PLACEMENT_3D('',#19488,#16018,#16019);
#13062=AXIS2_PLACEMENT_3D('',#19489,#16020,#16021);
#13063=AXIS2_PLACEMENT_3D('',#19493,#16023,#16024);
#13064=AXIS2_PLACEMENT_3D('',#19494,#16025,#16026);
#13065=AXIS2_PLACEMENT_3D('',#19499,#16029,#16030);
#13066=AXIS2_PLACEMENT_3D('',#19506,#16035,#16036);
#13067=AXIS2_PLACEMENT_3D('',#19510,#16038,#16039);
#13068=AXIS2_PLACEMENT_3D('',#19511,#16040,#16041);
#13069=AXIS2_PLACEMENT_3D('',#19516,#16044,#16045);
#13070=AXIS2_PLACEMENT_3D('',#19517,#16046,#16047);
#13071=AXIS2_PLACEMENT_3D('',#19526,#16052,#16053);
#13072=AXIS2_PLACEMENT_3D('',#19532,#16057,#16058);
#13073=AXIS2_PLACEMENT_3D('',#19538,#16062,#16063);
#13074=AXIS2_PLACEMENT_3D('',#19540,#16065,#16066);
#13075=AXIS2_PLACEMENT_3D('',#19543,#16069,#16070);
#13076=AXIS2_PLACEMENT_3D('',#19544,#16071,#16072);
#13077=AXIS2_PLACEMENT_3D('',#19553,#16076,#16077);
#13078=AXIS2_PLACEMENT_3D('',#19556,#16079,#16080);
#13079=AXIS2_PLACEMENT_3D('',#19557,#16081,#16082);
#13080=AXIS2_PLACEMENT_3D('',#19559,#16083,#16084);
#13081=AXIS2_PLACEMENT_3D('',#19562,#16086,#16087);
#13082=AXIS2_PLACEMENT_3D('',#19563,#16088,#16089);
#13083=AXIS2_PLACEMENT_3D('',#19564,#16090,#16091);
#13084=AXIS2_PLACEMENT_3D('',#19571,#16096,#16097);
#13085=AXIS2_PLACEMENT_3D('',#19575,#16100,#16101);
#13086=AXIS2_PLACEMENT_3D('',#19579,#16104,#16105);
#13087=AXIS2_PLACEMENT_3D('',#19580,#16106,#16107);
#13088=AXIS2_PLACEMENT_3D('',#19584,#16109,#16110);
#13089=AXIS2_PLACEMENT_3D('',#19588,#16112,#16113);
#13090=AXIS2_PLACEMENT_3D('',#19591,#16115,#16116);
#13091=AXIS2_PLACEMENT_3D('',#19597,#16120,#16121);
#13092=AXIS2_PLACEMENT_3D('',#19598,#16122,#16123);
#13093=AXIS2_PLACEMENT_3D('',#19602,#16125,#16126);
#13094=AXIS2_PLACEMENT_3D('',#19605,#16128,#16129);
#13095=AXIS2_PLACEMENT_3D('',#19606,#16130,#16131);
#13096=AXIS2_PLACEMENT_3D('',#19615,#16136,#16137);
#13097=AXIS2_PLACEMENT_3D('',#19624,#16142,#16143);
#13098=AXIS2_PLACEMENT_3D('',#19630,#16147,#16148);
#13099=AXIS2_PLACEMENT_3D('',#19636,#16152,#16153);
#13100=AXIS2_PLACEMENT_3D('',#19640,#16155,#16156);
#13101=AXIS2_PLACEMENT_3D('',#19645,#16159,#16160);
#13102=AXIS2_PLACEMENT_3D('',#19651,#16164,#16165);
#13103=AXIS2_PLACEMENT_3D('',#19652,#16166,#16167);
#13104=AXIS2_PLACEMENT_3D('',#19657,#16169,#16170);
#13105=AXIS2_PLACEMENT_3D('',#19660,#16173,#16174);
#13106=AXIS2_PLACEMENT_3D('',#19665,#16177,#16178);
#13107=AXIS2_PLACEMENT_3D('',#19672,#16183,#16184);
#13108=AXIS2_PLACEMENT_3D('',#19675,#16187,#16188);
#13109=AXIS2_PLACEMENT_3D('',#19678,#16191,#16192);
#13110=AXIS2_PLACEMENT_3D('',#19682,#16195,#16196);
#13111=AXIS2_PLACEMENT_3D('',#19684,#16198,#16199);
#13112=AXIS2_PLACEMENT_3D('',#19685,#16200,#16201);
#13113=AXIS2_PLACEMENT_3D('',#19686,#16202,#16203);
#13114=AXIS2_PLACEMENT_3D('',#19693,#16209,#16210);
#13115=AXIS2_PLACEMENT_3D('',#19695,#16212,#16213);
#13116=AXIS2_PLACEMENT_3D('',#19697,#16215,#16216);
#13117=AXIS2_PLACEMENT_3D('',#19699,#16218,#16219);
#13118=AXIS2_PLACEMENT_3D('',#19700,#16220,#16221);
#13119=AXIS2_PLACEMENT_3D('',#19702,#16223,#16224);
#13120=AXIS2_PLACEMENT_3D('',#19705,#16226,#16227);
#13121=AXIS2_PLACEMENT_3D('',#19706,#16228,#16229);
#13122=AXIS2_PLACEMENT_3D('',#19707,#16230,#16231);
#13123=AXIS2_PLACEMENT_3D('',#19709,#16233,#16234);
#13124=AXIS2_PLACEMENT_3D('',#19711,#16236,#16237);
#13125=AXIS2_PLACEMENT_3D('',#19712,#16238,#16239);
#13126=AXIS2_PLACEMENT_3D('',#19714,#16241,#16242);
#13127=AXIS2_PLACEMENT_3D('',#19715,#16243,#16244);
#13128=AXIS2_PLACEMENT_3D('',#19717,#16246,#16247);
#13129=AXIS2_PLACEMENT_3D('',#19718,#16248,#16249);
#13130=AXIS2_PLACEMENT_3D('',#19720,#16251,#16252);
#13131=AXIS2_PLACEMENT_3D('',#19721,#16253,#16254);
#13132=AXIS2_PLACEMENT_3D('',#19722,#16255,#16256);
#13133=AXIS2_PLACEMENT_3D('',#19726,#16259,#16260);
#13134=AXIS2_PLACEMENT_3D('',#19728,#16262,#16263);
#13135=AXIS2_PLACEMENT_3D('',#19730,#16265,#16266);
#13136=AXIS2_PLACEMENT_3D('',#19734,#16269,#16270);
#13137=AXIS2_PLACEMENT_3D('',#19738,#16273,#16274);
#13138=AXIS2_PLACEMENT_3D('',#19740,#16276,#16277);
#13139=AXIS2_PLACEMENT_3D('',#19744,#16280,#16281);
#13140=AXIS2_PLACEMENT_3D('',#19746,#16283,#16284);
#13141=AXIS2_PLACEMENT_3D('',#19751,#16288,#16289);
#13142=AXIS2_PLACEMENT_3D('',#19752,#16290,#16291);
#13143=AXIS2_PLACEMENT_3D('',#19754,#16293,#16294);
#13144=AXIS2_PLACEMENT_3D('',#19755,#16295,#16296);
#13145=AXIS2_PLACEMENT_3D('',#19756,#16297,#16298);
#13146=DIRECTION('',(0.,0.,1.));
#13147=DIRECTION('',(1.,0.,0.));
#13148=DIRECTION('',(0.,0.,-1.));
#13149=DIRECTION('',(1.,0.,0.));
#13150=DIRECTION('',(0.,0.,1.));
#13151=DIRECTION('',(-1.,0.,0.));
#13152=DIRECTION('',(1.,0.,0.));
#13153=DIRECTION('',(0.,0.,1.));
#13154=DIRECTION('',(-1.,0.,0.));
#13155=DIRECTION('',(0.,0.,-1.));
#13156=DIRECTION('',(0.,0.,-1.));
#13157=DIRECTION('',(1.,0.,0.));
#13158=DIRECTION('',(0.,0.,1.));
#13159=DIRECTION('',(-1.,0.,0.));
#13160=DIRECTION('',(1.,0.,0.));
#13161=DIRECTION('',(0.,0.,1.));
#13162=DIRECTION('',(-1.,0.,0.));
#13163=DIRECTION('',(0.,0.,-1.));
#13164=DIRECTION('',(0.,0.,-1.));
#13165=DIRECTION('',(1.,0.,0.));
#13166=DIRECTION('',(0.,0.,1.));
#13167=DIRECTION('',(-1.,0.,0.));
#13168=DIRECTION('',(1.,0.,0.));
#13169=DIRECTION('',(0.,0.,1.));
#13170=DIRECTION('',(-1.,0.,0.));
#13171=DIRECTION('',(0.,0.,-1.));
#13172=DIRECTION('',(0.,0.,-1.));
#13173=DIRECTION('',(1.,0.,0.));
#13174=DIRECTION('',(0.,0.,1.));
#13175=DIRECTION('',(-1.,0.,0.));
#13176=DIRECTION('',(1.,0.,0.));
#13177=DIRECTION('',(0.,0.,1.));
#13178=DIRECTION('',(-1.,0.,0.));
#13179=DIRECTION('',(0.,0.,-1.));
#13180=DIRECTION('',(0.,0.,-1.));
#13181=DIRECTION('',(1.,0.,0.));
#13182=DIRECTION('',(0.,0.,1.));
#13183=DIRECTION('',(-1.,0.,0.));
#13184=DIRECTION('',(1.,0.,0.));
#13185=DIRECTION('',(0.,0.,1.));
#13186=DIRECTION('',(-1.,0.,0.));
#13187=DIRECTION('',(0.,0.,-1.));
#13188=DIRECTION('',(0.,0.,-1.));
#13189=DIRECTION('',(1.,0.,0.));
#13190=DIRECTION('',(0.,0.,1.));
#13191=DIRECTION('',(-1.,0.,0.));
#13192=DIRECTION('',(1.,0.,0.));
#13193=DIRECTION('',(0.,0.,1.));
#13194=DIRECTION('',(-1.,0.,0.));
#13195=DIRECTION('',(0.,0.,-1.));
#13196=DIRECTION('',(0.,0.,-1.));
#13197=DIRECTION('',(1.,0.,0.));
#13198=DIRECTION('',(0.,0.,1.));
#13199=DIRECTION('',(-1.,0.,0.));
#13200=DIRECTION('',(1.,0.,0.));
#13201=DIRECTION('',(0.,0.,1.));
#13202=DIRECTION('',(-1.,0.,0.));
#13203=DIRECTION('',(0.,0.,-1.));
#13204=DIRECTION('',(0.,0.,-1.));
#13205=DIRECTION('',(1.,0.,0.));
#13206=DIRECTION('',(0.,0.,1.));
#13207=DIRECTION('',(-1.,0.,0.));
#13208=DIRECTION('',(1.,0.,0.));
#13209=DIRECTION('',(0.,0.,1.));
#13210=DIRECTION('',(-1.,0.,0.));
#13211=DIRECTION('',(0.,0.,-1.));
#13212=DIRECTION('',(0.,0.,-1.));
#13213=DIRECTION('',(1.,0.,0.));
#13214=DIRECTION('',(0.,0.,1.));
#13215=DIRECTION('',(-1.,0.,0.));
#13216=DIRECTION('',(1.,0.,0.));
#13217=DIRECTION('',(0.,0.,1.));
#13218=DIRECTION('',(-1.,0.,0.));
#13219=DIRECTION('',(0.,0.,-1.));
#13220=DIRECTION('',(0.,0.,-1.));
#13221=DIRECTION('',(1.,0.,0.));
#13222=DIRECTION('',(0.,0.,1.));
#13223=DIRECTION('',(-1.,0.,0.));
#13224=DIRECTION('',(1.,0.,0.));
#13225=DIRECTION('',(0.,0.,1.));
#13226=DIRECTION('',(-1.,0.,0.));
#13227=DIRECTION('',(0.,0.,-1.));
#13228=DIRECTION('',(0.,0.,-1.));
#13229=DIRECTION('',(1.,0.,0.));
#13230=DIRECTION('',(0.,0.,1.));
#13231=DIRECTION('',(-1.,0.,0.));
#13232=DIRECTION('',(-1.,0.,0.));
#13233=DIRECTION('',(0.,0.,-1.));
#13234=DIRECTION('',(1.,0.,0.));
#13235=DIRECTION('',(0.,0.,1.));
#13236=DIRECTION('',(0.,-1.,0.));
#13237=DIRECTION('',(0.,-1.,0.));
#13238=DIRECTION('',(0.,-1.,0.));
#13239=DIRECTION('',(1.,0.,0.));
#13240=DIRECTION('',(0.,-1.,0.));
#13241=DIRECTION('',(-1.,0.,0.));
#13242=DIRECTION('',(0.,-1.,0.));
#13243=DIRECTION('',(1.,0.,0.));
#13244=DIRECTION('',(0.,-1.,0.));
#13245=DIRECTION('',(-1.,0.,0.));
#13246=DIRECTION('',(0.,1.,0.));
#13247=DIRECTION('',(-1.,0.,0.));
#13248=DIRECTION('',(0.,1.,0.));
#13249=DIRECTION('',(-1.,0.,0.));
#13250=DIRECTION('',(0.,0.,1.));
#13251=DIRECTION('',(1.,0.,0.));
#13252=DIRECTION('',(0.,1.,0.));
#13253=DIRECTION('',(-1.,0.,0.));
#13254=DIRECTION('',(0.,1.,0.));
#13255=DIRECTION('',(-1.,0.,0.));
#13256=DIRECTION('',(0.,0.,1.));
#13257=DIRECTION('',(1.,0.,0.));
#13258=DIRECTION('',(0.,1.,0.));
#13259=DIRECTION('',(1.,0.,0.));
#13260=DIRECTION('',(0.,1.,0.));
#13261=DIRECTION('',(1.,0.,0.));
#13262=DIRECTION('',(0.,0.,-1.));
#13263=DIRECTION('',(0.,-1.,0.));
#13264=DIRECTION('',(0.,1.,0.));
#13265=DIRECTION('',(-1.,0.,0.));
#13266=DIRECTION('',(3.730349362741E-13,-1.,0.));
#13267=DIRECTION('',(-1.,0.,0.));
#13268=DIRECTION('',(0.,0.,1.));
#13269=DIRECTION('',(1.,0.,0.));
#13270=DIRECTION('',(0.,1.,0.));
#13271=DIRECTION('',(-1.,0.,0.));
#13272=DIRECTION('',(0.,1.,0.));
#13273=DIRECTION('',(1.,0.,0.));
#13274=DIRECTION('',(0.,0.,-1.));
#13275=DIRECTION('',(0.,-1.,0.));
#13276=DIRECTION('',(0.,-1.,0.));
#13277=DIRECTION('',(0.,-0.707106781186548,-0.707106781186548));
#13278=DIRECTION('',(0.,0.,1.));
#13279=DIRECTION('',(1.,0.,0.));
#13280=DIRECTION('',(0.,1.,0.));
#13281=DIRECTION('',(-1.,0.,0.));
#13282=DIRECTION('',(0.,0.707106781186548,0.707106781186548));
#13283=DIRECTION('',(0.,-0.707106781186548,0.707106781186548));
#13284=DIRECTION('',(-1.,0.,0.));
#13285=DIRECTION('',(0.,-1.,0.));
#13286=DIRECTION('',(0.,0.,-1.));
#13287=DIRECTION('',(-1.,0.,0.));
#13288=DIRECTION('',(0.,0.,1.));
#13289=DIRECTION('',(0.,1.,0.));
#13290=DIRECTION('',(1.,0.,0.));
#13291=DIRECTION('',(0.,1.,0.));
#13292=DIRECTION('',(-1.,0.,0.));
#13293=DIRECTION('',(0.,0.,1.));
#13294=DIRECTION('',(1.,0.,0.));
#13295=DIRECTION('',(0.,-1.,0.));
#13296=DIRECTION('',(0.,-0.707106781186548,0.707106781186548));
#13297=DIRECTION('',(0.,0.,-1.));
#13298=DIRECTION('',(-1.,0.,0.));
#13299=DIRECTION('',(0.,0.,1.));
#13300=DIRECTION('',(1.,0.,0.));
#13301=DIRECTION('',(0.,0.707106781186548,-0.707106781186548));
#13302=DIRECTION('',(0.,-0.707106781186548,-0.707106781186548));
#13303=DIRECTION('',(0.,-0.707106781186548,0.707106781186548));
#13304=DIRECTION('',(0.,-1.,0.));
#13305=DIRECTION('',(0.,0.,1.));
#13306=DIRECTION('',(1.,0.,0.));
#13307=DIRECTION('',(0.,1.,0.));
#13308=DIRECTION('',(0.,1.,0.));
#13309=DIRECTION('',(1.,0.,0.));
#13310=DIRECTION('',(0.,1.,0.));
#13311=DIRECTION('',(-1.,0.,0.));
#13312=DIRECTION('',(0.,0.,1.));
#13313=DIRECTION('',(1.,0.,0.));
#13314=DIRECTION('',(0.,-1.,0.));
#13315=DIRECTION('',(0.,-0.707106781186548,0.707106781186548));
#13316=DIRECTION('',(0.,0.,-1.));
#13317=DIRECTION('',(-1.,0.,0.));
#13318=DIRECTION('',(0.,0.,1.));
#13319=DIRECTION('',(1.,0.,0.));
#13320=DIRECTION('',(0.,0.707106781186548,-0.707106781186548));
#13321=DIRECTION('',(0.,-0.707106781186548,-0.707106781186548));
#13322=DIRECTION('',(0.,-0.707106781186548,0.707106781186548));
#13323=DIRECTION('',(0.,-1.,0.));
#13324=DIRECTION('',(0.,0.,1.));
#13325=DIRECTION('',(1.,0.,0.));
#13326=DIRECTION('',(0.,1.,0.));
#13327=DIRECTION('',(1.,0.,0.));
#13328=DIRECTION('',(0.,0.707106781186548,0.707106781186548));
#13329=DIRECTION('',(1.,0.,0.));
#13330=DIRECTION('',(0.,0.707106781186548,0.707106781186548));
#13331=DIRECTION('',(0.,0.707106781186548,-0.707106781186548));
#13332=DIRECTION('',(-1.,0.,0.));
#13333=DIRECTION('',(1.,0.,0.));
#13334=DIRECTION('',(0.,0.707106781186548,0.707106781186548));
#13335=DIRECTION('',(1.,0.,0.));
#13336=DIRECTION('',(0.,0.707106781186548,0.707106781186548));
#13337=DIRECTION('',(0.,0.707106781186548,-0.707106781186548));
#13338=DIRECTION('',(-1.,0.,0.));
#13339=DIRECTION('',(0.,1.,0.));
#13340=DIRECTION('',(0.,1.,0.));
#13341=DIRECTION('',(1.,0.,0.));
#13342=DIRECTION('',(0.,0.,-1.));
#13343=DIRECTION('',(0.,-1.,0.));
#13344=DIRECTION('',(0.,1.,0.));
#13345=DIRECTION('',(1.,0.,0.));
#13346=DIRECTION('',(0.,1.,0.));
#13347=DIRECTION('',(1.,0.,0.));
#13348=DIRECTION('',(0.,0.,-1.));
#13349=DIRECTION('',(0.,-1.,0.));
#13350=DIRECTION('',(1.,0.,0.));
#13351=DIRECTION('',(0.,-0.707106781186498,-0.707106781186598));
#13352=DIRECTION('',(1.,0.,0.));
#13353=DIRECTION('',(1.,0.,0.));
#13354=DIRECTION('',(0.,-0.707106781186498,-0.707106781186598));
#13355=DIRECTION('',(-1.,0.,0.));
#13356=DIRECTION('',(0.,0.,-1.));
#13357=DIRECTION('',(0.,0.707106781186597,-0.707106781186498));
#13358=DIRECTION('',(1.,0.,0.));
#13359=DIRECTION('',(0.,0.707106781186597,-0.707106781186498));
#13360=DIRECTION('',(0.,-0.707106781186498,-0.707106781186598));
#13361=DIRECTION('',(0.,-0.707106781186598,0.707106781186498));
#13362=DIRECTION('',(1.,0.,0.));
#13363=DIRECTION('',(0.,-1.,0.));
#13364=DIRECTION('',(1.,0.,0.));
#13365=DIRECTION('',(1.,0.,0.));
#13366=DIRECTION('',(0.,-1.,0.));
#13367=DIRECTION('',(-1.,0.,0.));
#13368=DIRECTION('',(0.,0.,-1.));
#13369=DIRECTION('',(0.,0.,-1.));
#13370=DIRECTION('',(1.,0.,0.));
#13371=DIRECTION('',(0.,0.,-1.));
#13372=DIRECTION('',(0.,-1.,0.));
#13373=DIRECTION('',(0.,0.,-1.));
#13374=DIRECTION('',(0.,-0.707106781186548,-0.707106781186548));
#13375=DIRECTION('',(1.,0.,0.));
#13376=DIRECTION('',(0.,-0.707106781186548,-0.707106781186548));
#13377=DIRECTION('',(0.,-0.707106781186548,0.707106781186548));
#13378=DIRECTION('',(-1.,0.,0.));
#13379=DIRECTION('',(0.,0.,-1.));
#13380=DIRECTION('',(1.,0.,0.));
#13381=DIRECTION('',(0.,0.,-1.));
#13382=DIRECTION('',(0.,-1.,0.));
#13383=DIRECTION('',(0.,0.,-1.));
#13384=DIRECTION('',(0.,-1.,0.));
#13385=DIRECTION('',(1.,0.,0.));
#13386=DIRECTION('',(0.,-1.,0.));
#13387=DIRECTION('',(0.,0.,1.));
#13388=DIRECTION('',(1.,0.,0.));
#13389=DIRECTION('',(0.,0.,1.));
#13390=DIRECTION('',(1.,0.,0.));
#13391=DIRECTION('',(0.,0.,1.));
#13392=DIRECTION('',(0.,1.,0.));
#13393=DIRECTION('',(1.,0.,0.));
#13394=DIRECTION('',(-1.,0.,0.));
#13395=DIRECTION('',(0.,-0.707106781186496,-0.707106781186596));
#13396=DIRECTION('',(1.,0.,0.));
#13397=DIRECTION('',(-1.,0.,0.));
#13398=DIRECTION('',(0.,-0.707106781186496,-0.707106781186596));
#13399=DIRECTION('',(-1.,0.,0.));
#13400=DIRECTION('',(0.,0.,-0.999999999999998));
#13401=DIRECTION('',(0.,-0.707106781186548,0.707106781186548));
#13402=DIRECTION('',(1.,0.,0.));
#13403=DIRECTION('',(0.,-0.707106781186548,0.707106781186548));
#13404=DIRECTION('',(0.,0.707106781186498,0.707106781186598));
#13405=DIRECTION('',(1.,0.,0.));
#13406=DIRECTION('',(-1.,0.,0.));
#13407=DIRECTION('',(0.,0.,-1.));
#13408=DIRECTION('',(1.,0.,0.));
#13409=DIRECTION('',(-1.,0.,0.));
#13410=DIRECTION('',(0.,0.,-1.));
#13411=DIRECTION('',(-1.,0.,0.));
#13412=DIRECTION('',(0.,0.,-1.));
#13413=DIRECTION('',(0.,-1.,0.));
#13414=DIRECTION('',(0.,-1.,0.));
#13415=DIRECTION('',(1.,0.,0.));
#13416=DIRECTION('',(0.,0.,1.));
#13417=DIRECTION('',(1.,0.,0.));
#13418=DIRECTION('',(1.,0.,0.));
#13419=DIRECTION('',(0.,-0.707106781186548,0.707106781186548));
#13420=DIRECTION('',(1.,0.,0.));
#13421=DIRECTION('',(0.,-0.707106781186548,0.707106781186548));
#13422=DIRECTION('',(0.,0.707106781186548,0.707106781186548));
#13423=DIRECTION('',(1.,0.,0.));
#13424=DIRECTION('',(0.,-1.,0.));
#13425=DIRECTION('',(0.,0.,-1.));
#13426=DIRECTION('',(0.,-1.,0.));
#13427=DIRECTION('',(0.,0.,-1.));
#13428=DIRECTION('',(1.,0.,0.));
#13429=DIRECTION('',(0.,1.,0.));
#13430=DIRECTION('',(0.,-1.,0.));
#13431=DIRECTION('',(-1.,0.,0.));
#13432=DIRECTION('',(1.,0.,0.));
#13433=DIRECTION('',(0.,0.,-1.));
#13434=DIRECTION('',(0.,-1.,0.));
#13435=DIRECTION('',(0.,-1.,0.));
#13436=DIRECTION('',(-1.,0.,0.));
#13437=DIRECTION('',(0.,-1.,0.));
#13438=DIRECTION('',(-1.,0.,0.));
#13439=DIRECTION('',(0.,0.,-1.));
#13440=DIRECTION('',(0.,-1.,0.));
#13441=DIRECTION('',(0.,-1.,0.));
#13442=DIRECTION('',(0.,0.,1.));
#13443=DIRECTION('',(0.,0.,-1.));
#13444=DIRECTION('',(-1.,0.,0.));
#13445=DIRECTION('',(0.,0.,1.));
#13446=DIRECTION('',(0.,0.,1.));
#13447=DIRECTION('',(0.,-1.,0.));
#13448=DIRECTION('',(0.,0.,1.));
#13449=DIRECTION('',(0.,-1.,0.));
#13450=DIRECTION('',(-1.,0.,0.));
#13451=DIRECTION('',(0.,0.,1.));
#13452=DIRECTION('',(-1.,0.,0.));
#13453=DIRECTION('',(0.,-1.,0.));
#13454=DIRECTION('',(1.,0.,0.));
#13455=DIRECTION('',(0.,0.,1.));
#13456=DIRECTION('',(1.,0.,0.));
#13457=DIRECTION('',(0.,0.,1.));
#13458=DIRECTION('',(1.,0.,0.));
#13459=DIRECTION('',(0.,1.,0.));
#13460=DIRECTION('',(1.,0.,0.));
#13461=DIRECTION('',(1.,0.,0.));
#13462=DIRECTION('',(0.,0.,-1.));
#13463=DIRECTION('',(-1.,0.,0.));
#13464=DIRECTION('',(0.,0.,1.));
#13465=DIRECTION('',(0.,1.,0.));
#13466=DIRECTION('',(1.,0.,0.));
#13467=DIRECTION('',(1.,0.,0.));
#13468=DIRECTION('',(0.,0.,-1.));
#13469=DIRECTION('',(0.,1.,0.));
#13470=DIRECTION('',(1.,0.,0.));
#13471=DIRECTION('',(0.,0.,-1.));
#13472=DIRECTION('',(-1.,0.,0.));
#13473=DIRECTION('',(0.,1.,0.));
#13474=DIRECTION('',(1.,0.,0.));
#13475=DIRECTION('',(0.,1.,0.));
#13476=DIRECTION('',(0.,0.,-1.));
#13477=DIRECTION('',(0.,-1.,0.));
#13478=DIRECTION('',(0.,-1.,0.));
#13479=DIRECTION('',(0.,0.,-1.));
#13480=DIRECTION('',(-1.,0.,0.));
#13481=DIRECTION('',(0.,0.,1.));
#13482=DIRECTION('',(0.,-1.,0.));
#13483=DIRECTION('',(1.,0.,0.));
#13484=DIRECTION('',(0.,0.,1.));
#13485=DIRECTION('',(1.,0.,0.));
#13486=DIRECTION('',(0.,-1.,0.));
#13487=DIRECTION('',(0.,0.,1.));
#13488=DIRECTION('',(1.,0.,0.));
#13489=DIRECTION('',(0.,1.,0.));
#13490=DIRECTION('',(1.,0.,0.));
#13491=DIRECTION('',(0.,-0.707106781186548,0.707106781186548));
#13492=DIRECTION('',(1.,0.,0.));
#13493=DIRECTION('',(0.,-0.707106781186548,0.707106781186548));
#13494=DIRECTION('',(0.,0.707106781186548,0.707106781186548));
#13495=DIRECTION('',(1.,0.,0.));
#13496=DIRECTION('',(0.,1.,0.));
#13497=DIRECTION('',(1.,0.,0.));
#13498=DIRECTION('',(0.,1.,0.));
#13499=DIRECTION('',(1.,0.,0.));
#13500=DIRECTION('',(0.,0.,-1.));
#13501=DIRECTION('',(0.,-1.,0.));
#13502=DIRECTION('',(-1.,0.,0.));
#13503=DIRECTION('',(0.,-0.707106781186496,0.707106781186598));
#13504=DIRECTION('',(1.,0.,0.));
#13505=DIRECTION('',(-1.,0.,0.));
#13506=DIRECTION('',(0.,-0.707106781186496,0.707106781186598));
#13507=DIRECTION('',(-1.,0.,0.));
#13508=DIRECTION('',(0.,0.,-1.));
#13509=DIRECTION('',(0.,0.707106781186548,0.707106781186548));
#13510=DIRECTION('',(1.,0.,0.));
#13511=DIRECTION('',(0.,0.707106781186548,0.707106781186548));
#13512=DIRECTION('',(0.,0.707106781186498,-0.707106781186598));
#13513=DIRECTION('',(-1.,0.,0.));
#13514=DIRECTION('',(-1.,0.,0.));
#13515=DIRECTION('',(0.,-0.999999999999998,0.));
#13516=DIRECTION('',(1.,0.,0.));
#13517=DIRECTION('',(-1.,0.,0.));
#13518=DIRECTION('',(0.,-0.999999999999998,0.));
#13519=DIRECTION('',(-1.,0.,0.));
#13520=DIRECTION('',(0.,0.,-0.999999999999998));
#13521=DIRECTION('',(0.,0.,1.));
#13522=DIRECTION('',(1.,0.,0.));
#13523=DIRECTION('',(0.,0.,1.));
#13524=DIRECTION('',(0.,1.,0.));
#13525=DIRECTION('',(1.,0.,0.));
#13526=DIRECTION('',(0.,1.,0.));
#13527=DIRECTION('',(1.,0.,0.));
#13528=DIRECTION('',(0.,1.,0.));
#13529=DIRECTION('',(0.,0.,-1.));
#13530=DIRECTION('',(0.,-1.,0.));
#13531=DIRECTION('',(0.,0.,-1.));
#13532=DIRECTION('',(1.,0.,0.));
#13533=DIRECTION('',(0.,0.,-1.));
#13534=DIRECTION('',(0.,-1.,0.));
#13535=DIRECTION('',(0.,0.,-1.));
#13536=DIRECTION('',(0.,1.,0.));
#13537=DIRECTION('',(1.,0.,0.));
#13538=DIRECTION('',(0.,1.,0.));
#13539=DIRECTION('',(0.,0.,-1.));
#13540=DIRECTION('',(0.,-1.,0.));
#13541=DIRECTION('',(0.,0.,-1.));
#13542=DIRECTION('',(1.,0.,0.));
#13543=DIRECTION('',(0.,0.,-1.));
#13544=DIRECTION('',(0.,-1.,0.));
#13545=DIRECTION('',(0.,0.,-1.));
#13546=DIRECTION('',(1.,0.,0.));
#13547=DIRECTION('',(0.,-0.707106781186498,0.707106781186598));
#13548=DIRECTION('',(1.,0.,0.));
#13549=DIRECTION('',(1.,0.,0.));
#13550=DIRECTION('',(0.,-0.707106781186498,0.707106781186598));
#13551=DIRECTION('',(-1.,0.,0.));
#13552=DIRECTION('',(0.,0.,-1.));
#13553=DIRECTION('',(0.,-0.707106781186597,-0.707106781186498));
#13554=DIRECTION('',(1.,0.,0.));
#13555=DIRECTION('',(0.,-0.707106781186597,-0.707106781186498));
#13556=DIRECTION('',(0.,-0.707106781186498,0.707106781186598));
#13557=DIRECTION('',(-1.,0.,0.));
#13558=DIRECTION('',(1.,0.,0.));
#13559=DIRECTION('',(0.,0.,1.));
#13560=DIRECTION('',(1.,0.,0.));
#13561=DIRECTION('',(1.,0.,0.));
#13562=DIRECTION('',(0.,0.,1.));
#13563=DIRECTION('',(-1.,0.,0.));
#13564=DIRECTION('',(0.,0.,-1.));
#13565=DIRECTION('',(0.,-1.,0.));
#13566=DIRECTION('',(0.,-1.,0.));
#13567=DIRECTION('',(1.,0.,0.));
#13568=DIRECTION('',(0.,0.,1.));
#13569=DIRECTION('',(1.,0.,0.));
#13570=DIRECTION('',(0.,-1.,0.));
#13571=DIRECTION('',(0.,-1.,0.));
#13572=DIRECTION('',(1.,0.,0.));
#13573=DIRECTION('',(0.,0.,1.));
#13574=DIRECTION('',(1.,0.,0.));
#13575=DIRECTION('',(1.,0.,0.));
#13576=DIRECTION('',(0.,-1.,0.));
#13577=DIRECTION('',(1.,0.,0.));
#13578=DIRECTION('',(0.,-1.,0.));
#13579=DIRECTION('',(0.,0.,1.));
#13580=DIRECTION('',(1.,0.,0.));
#13581=DIRECTION('',(1.,0.,0.));
#13582=DIRECTION('',(-1.,0.,0.));
#13583=DIRECTION('',(0.,0.,-1.));
#13584=DIRECTION('',(-1.,0.,0.));
#13585=DIRECTION('',(0.,0.,-1.));
#13586=DIRECTION('',(-1.,0.,0.));
#13587=DIRECTION('',(0.,0.,-1.));
#13588=DIRECTION('',(1.,0.,0.));
#13589=DIRECTION('',(0.,-0.707106781186548,0.707106781186548));
#13590=DIRECTION('',(0.,-0.707106781186548,0.707106781186548));
#13591=DIRECTION('',(0.,0.707106781186498,0.707106781186598));
#13592=DIRECTION('',(1.,0.,0.));
#13593=DIRECTION('',(1.,0.,0.));
#13594=DIRECTION('',(-1.,0.,0.));
#13595=DIRECTION('',(0.,-0.707106781186496,-0.707106781186596));
#13596=DIRECTION('',(-1.,0.,0.));
#13597=DIRECTION('',(0.,-0.707106781186496,-0.707106781186596));
#13598=DIRECTION('',(-1.,0.,0.));
#13599=DIRECTION('',(0.,0.,-0.999999999999998));
#13600=DIRECTION('',(1.,0.,0.));
#13601=DIRECTION('',(0.,0.,1.));
#13602=DIRECTION('',(0.,0.,1.));
#13603=DIRECTION('',(0.,1.,0.));
#13604=DIRECTION('',(1.,0.,0.));
#13605=DIRECTION('',(1.,0.,0.));
#13606=DIRECTION('',(0.,-1.,0.));
#13607=DIRECTION('',(0.,-1.,0.));
#13608=DIRECTION('',(0.,0.,1.));
#13609=DIRECTION('',(1.,0.,0.));
#13610=DIRECTION('',(1.,0.,0.));
#13611=DIRECTION('',(0.,0.,-1.));
#13612=DIRECTION('',(0.,0.,-1.));
#13613=DIRECTION('',(0.,-1.,0.));
#13614=DIRECTION('',(0.,0.,-1.));
#13615=DIRECTION('',(1.,0.,0.));
#13616=DIRECTION('',(0.,-0.707106781186548,-0.707106781186548));
#13617=DIRECTION('',(0.,-0.707106781186548,-0.707106781186548));
#13618=DIRECTION('',(0.,-0.707106781186548,0.707106781186548));
#13619=DIRECTION('',(-1.,0.,0.));
#13620=DIRECTION('',(1.,0.,0.));
#13621=DIRECTION('',(0.,0.,-1.));
#13622=DIRECTION('',(0.,0.,-1.));
#13623=DIRECTION('',(0.,-1.,0.));
#13624=DIRECTION('',(0.,0.,-1.));
#13625=DIRECTION('',(1.,0.,0.));
#13626=DIRECTION('',(1.,0.,0.));
#13627=DIRECTION('',(0.,-1.,0.));
#13628=DIRECTION('',(1.,0.,0.));
#13629=DIRECTION('',(0.,-1.,0.));
#13630=DIRECTION('',(-1.,0.,0.));
#13631=DIRECTION('',(0.,0.,-1.));
#13632=DIRECTION('',(1.,0.,0.));
#13633=DIRECTION('',(0.,0.707106781186597,-0.707106781186498));
#13634=DIRECTION('',(0.,0.707106781186597,-0.707106781186498));
#13635=DIRECTION('',(0.,-0.707106781186498,-0.707106781186598));
#13636=DIRECTION('',(0.,-0.707106781186598,0.707106781186498));
#13637=DIRECTION('',(1.,0.,0.));
#13638=DIRECTION('',(1.,0.,0.));
#13639=DIRECTION('',(0.,-0.707106781186498,-0.707106781186598));
#13640=DIRECTION('',(1.,0.,0.));
#13641=DIRECTION('',(0.,-0.707106781186498,-0.707106781186598));
#13642=DIRECTION('',(-1.,0.,0.));
#13643=DIRECTION('',(0.,0.,-1.));
#13644=DIRECTION('',(1.,0.,0.));
#13645=DIRECTION('',(0.,1.,0.));
#13646=DIRECTION('',(1.,0.,0.));
#13647=DIRECTION('',(0.,1.,0.));
#13648=DIRECTION('',(0.,0.,-1.));
#13649=DIRECTION('',(0.,-1.,0.));
#13650=DIRECTION('',(1.,0.,0.));
#13651=DIRECTION('',(0.,1.,0.));
#13652=DIRECTION('',(0.,1.,0.));
#13653=DIRECTION('',(0.,0.,-1.));
#13654=DIRECTION('',(0.,-1.,0.));
#13655=DIRECTION('',(0.,0.,-1.));
#13656=DIRECTION('',(0.,1.,0.));
#13657=DIRECTION('',(1.,0.,0.));
#13658=DIRECTION('',(0.,1.,0.));
#13659=DIRECTION('',(0.,0.,-1.));
#13660=DIRECTION('',(1.,0.,0.));
#13661=DIRECTION('',(0.,1.,0.));
#13662=DIRECTION('',(0.,0.,-1.));
#13663=DIRECTION('',(1.,0.,0.));
#13664=DIRECTION('',(0.,1.,0.));
#13665=DIRECTION('',(0.,0.707106781186548,0.707106781186548));
#13666=DIRECTION('',(0.,0.,-1.));
#13667=DIRECTION('',(0.,1.,0.));
#13668=DIRECTION('',(1.,0.,0.));
#13669=DIRECTION('',(0.,1.,0.));
#13670=DIRECTION('',(0.,0.707106781186548,0.707106781186548));
#13671=DIRECTION('',(1.,0.,0.));
#13672=DIRECTION('',(0.,0.707106781186548,-0.707106781186548));
#13673=DIRECTION('',(-1.,0.,0.));
#13674=DIRECTION('',(0.,0.,-1.));
#13675=DIRECTION('',(0.,1.,0.));
#13676=DIRECTION('',(1.,0.,0.));
#13677=DIRECTION('',(0.,1.,0.));
#13678=DIRECTION('',(0.,0.,-1.));
#13679=DIRECTION('',(1.,0.,0.));
#13680=DIRECTION('',(0.,1.,0.));
#13681=DIRECTION('',(0.,0.,-1.));
#13682=DIRECTION('',(1.,0.,0.));
#13683=DIRECTION('',(0.,1.,0.));
#13684=DIRECTION('',(0.,0.,-1.));
#13685=DIRECTION('',(0.,1.,0.));
#13686=DIRECTION('',(1.,0.,0.));
#13687=DIRECTION('',(0.,1.,0.));
#13688=DIRECTION('',(1.,0.,0.));
#13689=DIRECTION('',(0.,0.707106781186548,0.707106781186548));
#13690=DIRECTION('',(1.,0.,0.));
#13691=DIRECTION('',(0.,0.707106781186548,0.707106781186548));
#13692=DIRECTION('',(0.,0.707106781186548,-0.707106781186548));
#13693=DIRECTION('',(-1.,0.,0.));
#13694=DIRECTION('',(0.,1.,0.));
#13695=DIRECTION('',(0.,1.,0.));
#13696=DIRECTION('',(1.,0.,0.));
#13697=DIRECTION('',(0.,0.,-1.));
#13698=DIRECTION('',(0.,-1.,0.));
#13699=DIRECTION('',(0.,1.,0.));
#13700=DIRECTION('',(1.,0.,0.));
#13701=DIRECTION('',(0.,1.,0.));
#13702=DIRECTION('',(1.,0.,0.));
#13703=DIRECTION('',(0.,0.,-1.));
#13704=DIRECTION('',(0.,-1.,0.));
#13705=DIRECTION('',(1.,0.,0.));
#13706=DIRECTION('',(0.,-0.707106781186498,-0.707106781186598));
#13707=DIRECTION('',(1.,0.,0.));
#13708=DIRECTION('',(1.,0.,0.));
#13709=DIRECTION('',(0.,-0.707106781186498,-0.707106781186598));
#13710=DIRECTION('',(-1.,0.,0.));
#13711=DIRECTION('',(0.,0.,-1.));
#13712=DIRECTION('',(0.,0.707106781186597,-0.707106781186498));
#13713=DIRECTION('',(1.,0.,0.));
#13714=DIRECTION('',(0.,0.707106781186597,-0.707106781186498));
#13715=DIRECTION('',(0.,-0.707106781186498,-0.707106781186598));
#13716=DIRECTION('',(0.,-0.707106781186598,0.707106781186498));
#13717=DIRECTION('',(1.,0.,0.));
#13718=DIRECTION('',(0.,-1.,0.));
#13719=DIRECTION('',(1.,0.,0.));
#13720=DIRECTION('',(1.,0.,0.));
#13721=DIRECTION('',(0.,-1.,0.));
#13722=DIRECTION('',(-1.,0.,0.));
#13723=DIRECTION('',(0.,0.,-1.));
#13724=DIRECTION('',(0.,0.,-1.));
#13725=DIRECTION('',(1.,0.,0.));
#13726=DIRECTION('',(0.,0.,-1.));
#13727=DIRECTION('',(0.,-1.,0.));
#13728=DIRECTION('',(0.,0.,-1.));
#13729=DIRECTION('',(0.,-0.707106781186548,-0.707106781186548));
#13730=DIRECTION('',(1.,0.,0.));
#13731=DIRECTION('',(0.,-0.707106781186548,-0.707106781186548));
#13732=DIRECTION('',(0.,-0.707106781186548,0.707106781186548));
#13733=DIRECTION('',(-1.,0.,0.));
#13734=DIRECTION('',(0.,0.,-1.));
#13735=DIRECTION('',(1.,0.,0.));
#13736=DIRECTION('',(0.,0.,-1.));
#13737=DIRECTION('',(0.,-1.,0.));
#13738=DIRECTION('',(0.,0.,-1.));
#13739=DIRECTION('',(0.,-1.,0.));
#13740=DIRECTION('',(1.,0.,0.));
#13741=DIRECTION('',(0.,-1.,0.));
#13742=DIRECTION('',(0.,0.,1.));
#13743=DIRECTION('',(1.,0.,0.));
#13744=DIRECTION('',(0.,0.,1.));
#13745=DIRECTION('',(1.,0.,0.));
#13746=DIRECTION('',(0.,0.,1.));
#13747=DIRECTION('',(0.,1.,0.));
#13748=DIRECTION('',(1.,0.,0.));
#13749=DIRECTION('',(-1.,0.,0.));
#13750=DIRECTION('',(0.,-0.707106781186496,-0.707106781186596));
#13751=DIRECTION('',(1.,0.,0.));
#13752=DIRECTION('',(-1.,0.,0.));
#13753=DIRECTION('',(0.,-0.707106781186496,-0.707106781186596));
#13754=DIRECTION('',(-1.,0.,0.));
#13755=DIRECTION('',(0.,0.,-0.999999999999998));
#13756=DIRECTION('',(0.,-0.707106781186548,0.707106781186548));
#13757=DIRECTION('',(1.,0.,0.));
#13758=DIRECTION('',(0.,-0.707106781186548,0.707106781186548));
#13759=DIRECTION('',(0.,0.707106781186498,0.707106781186598));
#13760=DIRECTION('',(1.,0.,0.));
#13761=DIRECTION('',(-1.,0.,0.));
#13762=DIRECTION('',(0.,0.,-1.));
#13763=DIRECTION('',(1.,0.,0.));
#13764=DIRECTION('',(-1.,0.,0.));
#13765=DIRECTION('',(0.,0.,-1.));
#13766=DIRECTION('',(-1.,0.,0.));
#13767=DIRECTION('',(0.,0.,-1.));
#13768=DIRECTION('',(0.,-1.,0.));
#13769=DIRECTION('',(0.,-1.,0.));
#13770=DIRECTION('',(1.,0.,0.));
#13771=DIRECTION('',(0.,0.,1.));
#13772=DIRECTION('',(1.,0.,0.));
#13773=DIRECTION('',(1.,0.,0.));
#13774=DIRECTION('',(0.,-0.707106781186548,0.707106781186548));
#13775=DIRECTION('',(1.,0.,0.));
#13776=DIRECTION('',(0.,-0.707106781186548,0.707106781186548));
#13777=DIRECTION('',(0.,0.707106781186548,0.707106781186548));
#13778=DIRECTION('',(1.,0.,0.));
#13779=DIRECTION('',(1.,0.,0.));
#13780=DIRECTION('',(-1.,0.,0.));
#13781=DIRECTION('',(0.,-0.707106781186496,0.707106781186598));
#13782=DIRECTION('',(1.,0.,0.));
#13783=DIRECTION('',(-1.,0.,0.));
#13784=DIRECTION('',(0.,-0.707106781186496,0.707106781186598));
#13785=DIRECTION('',(-1.,0.,0.));
#13786=DIRECTION('',(0.,0.,-1.));
#13787=DIRECTION('',(0.,0.707106781186548,0.707106781186548));
#13788=DIRECTION('',(1.,0.,0.));
#13789=DIRECTION('',(0.,0.707106781186548,0.707106781186548));
#13790=DIRECTION('',(0.,0.707106781186498,-0.707106781186598));
#13791=DIRECTION('',(-1.,0.,0.));
#13792=DIRECTION('',(-1.,0.,0.));
#13793=DIRECTION('',(0.,-0.999999999999998,0.));
#13794=DIRECTION('',(1.,0.,0.));
#13795=DIRECTION('',(-1.,0.,0.));
#13796=DIRECTION('',(0.,-0.999999999999998,0.));
#13797=DIRECTION('',(-1.,0.,0.));
#13798=DIRECTION('',(0.,0.,-0.999999999999998));
#13799=DIRECTION('',(0.,0.,1.));
#13800=DIRECTION('',(1.,0.,0.));
#13801=DIRECTION('',(0.,0.,1.));
#13802=DIRECTION('',(0.,1.,0.));
#13803=DIRECTION('',(1.,0.,0.));
#13804=DIRECTION('',(0.,1.,0.));
#13805=DIRECTION('',(1.,0.,0.));
#13806=DIRECTION('',(0.,1.,0.));
#13807=DIRECTION('',(0.,0.,-1.));
#13808=DIRECTION('',(0.,-1.,0.));
#13809=DIRECTION('',(0.,0.,-1.));
#13810=DIRECTION('',(1.,0.,0.));
#13811=DIRECTION('',(0.,0.,-1.));
#13812=DIRECTION('',(0.,-1.,0.));
#13813=DIRECTION('',(0.,0.,-1.));
#13814=DIRECTION('',(0.,1.,0.));
#13815=DIRECTION('',(1.,0.,0.));
#13816=DIRECTION('',(0.,1.,0.));
#13817=DIRECTION('',(0.,0.,-1.));
#13818=DIRECTION('',(0.,-1.,0.));
#13819=DIRECTION('',(0.,0.,-1.));
#13820=DIRECTION('',(1.,0.,0.));
#13821=DIRECTION('',(0.,0.,-1.));
#13822=DIRECTION('',(0.,-1.,0.));
#13823=DIRECTION('',(0.,0.,-1.));
#13824=DIRECTION('',(1.,0.,0.));
#13825=DIRECTION('',(0.,-0.707106781186498,0.707106781186598));
#13826=DIRECTION('',(1.,0.,0.));
#13827=DIRECTION('',(1.,0.,0.));
#13828=DIRECTION('',(0.,-0.707106781186498,0.707106781186598));
#13829=DIRECTION('',(-1.,0.,0.));
#13830=DIRECTION('',(0.,0.,-1.));
#13831=DIRECTION('',(0.,-0.707106781186597,-0.707106781186498));
#13832=DIRECTION('',(1.,0.,0.));
#13833=DIRECTION('',(0.,-0.707106781186597,-0.707106781186498));
#13834=DIRECTION('',(0.,-0.707106781186498,0.707106781186598));
#13835=DIRECTION('',(-1.,0.,0.));
#13836=DIRECTION('',(1.,0.,0.));
#13837=DIRECTION('',(0.,0.,1.));
#13838=DIRECTION('',(1.,0.,0.));
#13839=DIRECTION('',(1.,0.,0.));
#13840=DIRECTION('',(0.,0.,1.));
#13841=DIRECTION('',(-1.,0.,0.));
#13842=DIRECTION('',(0.,0.,-1.));
#13843=DIRECTION('',(0.,-1.,0.));
#13844=DIRECTION('',(0.,-1.,0.));
#13845=DIRECTION('',(1.,0.,0.));
#13846=DIRECTION('',(0.,0.,1.));
#13847=DIRECTION('',(1.,0.,0.));
#13848=DIRECTION('',(0.,-1.,0.));
#13849=DIRECTION('',(0.,-1.,0.));
#13850=DIRECTION('',(1.,0.,0.));
#13851=DIRECTION('',(0.,0.,1.));
#13852=DIRECTION('',(1.,0.,0.));
#13853=DIRECTION('',(0.,1.,0.));
#13854=DIRECTION('',(0.,0.,-1.));
#13855=DIRECTION('',(1.,0.,0.));
#13856=DIRECTION('',(0.,1.,0.));
#13857=DIRECTION('',(0.,1.,0.));
#13858=DIRECTION('',(0.,0.,-1.));
#13859=DIRECTION('',(1.,0.,0.));
#13860=DIRECTION('',(0.,1.,0.));
#13861=DIRECTION('',(0.,0.,1.));
#13862=DIRECTION('',(1.,0.,0.));
#13863=DIRECTION('',(0.,1.,0.));
#13864=DIRECTION('',(0.,1.,0.));
#13865=DIRECTION('',(0.,0.,1.));
#13866=DIRECTION('',(1.,0.,0.));
#13867=DIRECTION('',(0.,1.,0.));
#13868=DIRECTION('',(0.,1.,0.));
#13869=DIRECTION('',(1.,0.,0.));
#13870=DIRECTION('',(0.,0.,-1.));
#13871=DIRECTION('',(0.,-1.,0.));
#13872=DIRECTION('',(0.,1.,0.));
#13873=DIRECTION('',(1.110223024625E-14,0.,-1.));
#13874=DIRECTION('',(1.,0.,0.));
#13875=DIRECTION('',(0.,1.,0.));
#13876=DIRECTION('',(0.,1.,0.));
#13877=DIRECTION('',(1.110223024625E-14,0.,-1.));
#13878=DIRECTION('',(1.,0.,0.));
#13879=DIRECTION('',(0.,1.,0.));
#13880=DIRECTION('',(0.,0.,1.));
#13881=DIRECTION('',(1.,0.,0.));
#13882=DIRECTION('',(0.,1.,0.));
#13883=DIRECTION('',(0.,0.,1.));
#13884=DIRECTION('',(1.,0.,0.));
#13885=DIRECTION('',(0.,1.,0.));
#13886=DIRECTION('',(1.,0.,0.));
#13887=DIRECTION('',(0.,0.707106781186548,0.707106781186548));
#13888=DIRECTION('',(1.,0.,0.));
#13889=DIRECTION('',(0.,0.707106781186548,0.707106781186548));
#13890=DIRECTION('',(0.,0.707106781186548,-0.707106781186548));
#13891=DIRECTION('',(-1.,0.,0.));
#13892=DIRECTION('',(0.,1.,0.));
#13893=DIRECTION('',(0.,1.,0.));
#13894=DIRECTION('',(1.,0.,0.));
#13895=DIRECTION('',(0.,0.,-1.));
#13896=DIRECTION('',(0.,-1.,0.));
#13897=DIRECTION('',(0.,1.,0.));
#13898=DIRECTION('',(1.,0.,0.));
#13899=DIRECTION('',(0.,1.,0.));
#13900=DIRECTION('',(1.,0.,0.));
#13901=DIRECTION('',(0.,0.,-1.));
#13902=DIRECTION('',(0.,-1.,0.));
#13903=DIRECTION('',(1.,0.,0.));
#13904=DIRECTION('',(0.,-0.707106781186498,-0.707106781186598));
#13905=DIRECTION('',(1.,0.,0.));
#13906=DIRECTION('',(1.,0.,0.));
#13907=DIRECTION('',(0.,-0.707106781186498,-0.707106781186598));
#13908=DIRECTION('',(-1.,0.,0.));
#13909=DIRECTION('',(0.,0.,-1.));
#13910=DIRECTION('',(0.,0.707106781186597,-0.707106781186498));
#13911=DIRECTION('',(1.,0.,0.));
#13912=DIRECTION('',(0.,0.707106781186597,-0.707106781186498));
#13913=DIRECTION('',(0.,-0.707106781186498,-0.707106781186598));
#13914=DIRECTION('',(0.,-0.707106781186598,0.707106781186498));
#13915=DIRECTION('',(1.,0.,0.));
#13916=DIRECTION('',(0.,-1.,0.));
#13917=DIRECTION('',(1.,0.,0.));
#13918=DIRECTION('',(1.,0.,0.));
#13919=DIRECTION('',(0.,-1.,0.));
#13920=DIRECTION('',(-1.,0.,0.));
#13921=DIRECTION('',(0.,0.,-1.));
#13922=DIRECTION('',(0.,0.,-1.));
#13923=DIRECTION('',(1.,0.,0.));
#13924=DIRECTION('',(0.,0.,-1.));
#13925=DIRECTION('',(0.,-1.,0.));
#13926=DIRECTION('',(0.,0.,-1.));
#13927=DIRECTION('',(0.,-0.707106781186548,-0.707106781186548));
#13928=DIRECTION('',(1.,0.,0.));
#13929=DIRECTION('',(0.,-0.707106781186548,-0.707106781186548));
#13930=DIRECTION('',(0.,-0.707106781186548,0.707106781186548));
#13931=DIRECTION('',(-1.,0.,0.));
#13932=DIRECTION('',(0.,0.,-1.));
#13933=DIRECTION('',(1.,0.,0.));
#13934=DIRECTION('',(0.,0.,-1.));
#13935=DIRECTION('',(0.,-1.,0.));
#13936=DIRECTION('',(0.,0.,-1.));
#13937=DIRECTION('',(0.,-1.,0.));
#13938=DIRECTION('',(1.,0.,0.));
#13939=DIRECTION('',(0.,-1.,0.));
#13940=DIRECTION('',(0.,0.,1.));
#13941=DIRECTION('',(1.,0.,0.));
#13942=DIRECTION('',(0.,0.,1.));
#13943=DIRECTION('',(1.,0.,0.));
#13944=DIRECTION('',(0.,0.,1.));
#13945=DIRECTION('',(0.,1.,0.));
#13946=DIRECTION('',(1.,0.,0.));
#13947=DIRECTION('',(-1.,0.,0.));
#13948=DIRECTION('',(0.,-0.707106781186496,-0.707106781186596));
#13949=DIRECTION('',(1.,0.,0.));
#13950=DIRECTION('',(-1.,0.,0.));
#13951=DIRECTION('',(0.,-0.707106781186496,-0.707106781186596));
#13952=DIRECTION('',(-1.,0.,0.));
#13953=DIRECTION('',(0.,0.,-0.999999999999998));
#13954=DIRECTION('',(0.,-0.707106781186548,0.707106781186548));
#13955=DIRECTION('',(1.,0.,0.));
#13956=DIRECTION('',(0.,-0.707106781186548,0.707106781186548));
#13957=DIRECTION('',(0.,0.707106781186498,0.707106781186598));
#13958=DIRECTION('',(1.,0.,0.));
#13959=DIRECTION('',(-1.,0.,0.));
#13960=DIRECTION('',(0.,0.,-1.));
#13961=DIRECTION('',(1.,0.,0.));
#13962=DIRECTION('',(-1.,0.,0.));
#13963=DIRECTION('',(0.,0.,-1.));
#13964=DIRECTION('',(-1.,0.,0.));
#13965=DIRECTION('',(0.,0.,-1.));
#13966=DIRECTION('',(0.,-1.,0.));
#13967=DIRECTION('',(0.,-1.,0.));
#13968=DIRECTION('',(1.,0.,0.));
#13969=DIRECTION('',(0.,0.,1.));
#13970=DIRECTION('',(1.,0.,0.));
#13971=DIRECTION('',(1.,0.,0.));
#13972=DIRECTION('',(0.,-0.707106781186548,0.707106781186548));
#13973=DIRECTION('',(1.,0.,0.));
#13974=DIRECTION('',(0.,-0.707106781186548,0.707106781186548));
#13975=DIRECTION('',(0.,0.707106781186548,0.707106781186548));
#13976=DIRECTION('',(1.,0.,0.));
#13977=DIRECTION('',(1.,0.,0.));
#13978=DIRECTION('',(-1.,0.,0.));
#13979=DIRECTION('',(0.,-0.707106781186496,0.707106781186598));
#13980=DIRECTION('',(1.,0.,0.));
#13981=DIRECTION('',(-1.,0.,0.));
#13982=DIRECTION('',(0.,-0.707106781186496,0.707106781186598));
#13983=DIRECTION('',(-1.,0.,0.));
#13984=DIRECTION('',(0.,0.,-1.));
#13985=DIRECTION('',(0.,0.707106781186548,0.707106781186548));
#13986=DIRECTION('',(1.,0.,0.));
#13987=DIRECTION('',(0.,0.707106781186548,0.707106781186548));
#13988=DIRECTION('',(0.,0.707106781186498,-0.707106781186598));
#13989=DIRECTION('',(-1.,0.,0.));
#13990=DIRECTION('',(-1.,0.,0.));
#13991=DIRECTION('',(0.,-0.999999999999998,0.));
#13992=DIRECTION('',(1.,0.,0.));
#13993=DIRECTION('',(-1.,0.,0.));
#13994=DIRECTION('',(0.,-0.999999999999998,0.));
#13995=DIRECTION('',(-1.,0.,0.));
#13996=DIRECTION('',(0.,0.,-0.999999999999998));
#13997=DIRECTION('',(0.,0.,1.));
#13998=DIRECTION('',(1.,0.,0.));
#13999=DIRECTION('',(0.,0.,1.));
#14000=DIRECTION('',(0.,1.,0.));
#14001=DIRECTION('',(1.,0.,0.));
#14002=DIRECTION('',(0.,1.,0.));
#14003=DIRECTION('',(1.,0.,0.));
#14004=DIRECTION('',(0.,1.,0.));
#14005=DIRECTION('',(0.,0.,-1.));
#14006=DIRECTION('',(0.,-1.,0.));
#14007=DIRECTION('',(0.,0.,-1.));
#14008=DIRECTION('',(1.,0.,0.));
#14009=DIRECTION('',(0.,0.,-1.));
#14010=DIRECTION('',(0.,-1.,0.));
#14011=DIRECTION('',(0.,0.,-1.));
#14012=DIRECTION('',(0.,1.,0.));
#14013=DIRECTION('',(1.,0.,0.));
#14014=DIRECTION('',(0.,1.,0.));
#14015=DIRECTION('',(0.,0.,-1.));
#14016=DIRECTION('',(0.,-1.,0.));
#14017=DIRECTION('',(0.,0.,-1.));
#14018=DIRECTION('',(1.,0.,0.));
#14019=DIRECTION('',(0.,0.,-1.));
#14020=DIRECTION('',(0.,-1.,0.));
#14021=DIRECTION('',(0.,0.,-1.));
#14022=DIRECTION('',(1.,0.,0.));
#14023=DIRECTION('',(0.,-0.707106781186498,0.707106781186598));
#14024=DIRECTION('',(1.,0.,0.));
#14025=DIRECTION('',(1.,0.,0.));
#14026=DIRECTION('',(0.,-0.707106781186498,0.707106781186598));
#14027=DIRECTION('',(-1.,0.,0.));
#14028=DIRECTION('',(0.,0.,-1.));
#14029=DIRECTION('',(0.,-0.707106781186597,-0.707106781186498));
#14030=DIRECTION('',(1.,0.,0.));
#14031=DIRECTION('',(0.,-0.707106781186597,-0.707106781186498));
#14032=DIRECTION('',(0.,-0.707106781186498,0.707106781186598));
#14033=DIRECTION('',(-1.,0.,0.));
#14034=DIRECTION('',(1.,0.,0.));
#14035=DIRECTION('',(0.,0.,1.));
#14036=DIRECTION('',(1.,0.,0.));
#14037=DIRECTION('',(1.,0.,0.));
#14038=DIRECTION('',(0.,0.,1.));
#14039=DIRECTION('',(-1.,0.,0.));
#14040=DIRECTION('',(0.,0.,-1.));
#14041=DIRECTION('',(0.,-1.,0.));
#14042=DIRECTION('',(0.,-1.,0.));
#14043=DIRECTION('',(1.,0.,0.));
#14044=DIRECTION('',(0.,0.,1.));
#14045=DIRECTION('',(1.,0.,0.));
#14046=DIRECTION('',(0.,-1.,0.));
#14047=DIRECTION('',(0.,-1.,0.));
#14048=DIRECTION('',(1.,0.,0.));
#14049=DIRECTION('',(0.,0.,1.));
#14050=DIRECTION('',(1.,0.,0.));
#14051=DIRECTION('',(0.,1.,0.));
#14052=DIRECTION('',(0.,0.,-1.));
#14053=DIRECTION('',(1.,0.,0.));
#14054=DIRECTION('',(0.,1.,0.));
#14055=DIRECTION('',(0.,1.,0.));
#14056=DIRECTION('',(0.,0.,-1.));
#14057=DIRECTION('',(1.,0.,0.));
#14058=DIRECTION('',(0.,1.,0.));
#14059=DIRECTION('',(0.,0.,1.));
#14060=DIRECTION('',(1.,0.,0.));
#14061=DIRECTION('',(0.,1.,0.));
#14062=DIRECTION('',(0.,1.,0.));
#14063=DIRECTION('',(0.,0.,1.));
#14064=DIRECTION('',(1.,0.,0.));
#14065=DIRECTION('',(0.,1.,0.));
#14066=DIRECTION('',(0.,1.,0.));
#14067=DIRECTION('',(1.,0.,0.));
#14068=DIRECTION('',(0.,0.,-1.));
#14069=DIRECTION('',(0.,-1.,0.));
#14070=DIRECTION('',(0.,1.,0.));
#14071=DIRECTION('',(0.,0.,-1.));
#14072=DIRECTION('',(1.,0.,0.));
#14073=DIRECTION('',(0.,1.,0.));
#14074=DIRECTION('',(0.,1.,0.));
#14075=DIRECTION('',(0.,0.,-1.));
#14076=DIRECTION('',(1.,0.,0.));
#14077=DIRECTION('',(0.,1.,0.));
#14078=DIRECTION('',(0.,0.,1.));
#14079=DIRECTION('',(1.,0.,0.));
#14080=DIRECTION('',(0.,1.,0.));
#14081=DIRECTION('',(0.,0.,1.));
#14082=DIRECTION('',(1.,0.,0.));
#14083=DIRECTION('',(0.,1.,0.));
#14084=DIRECTION('',(1.,0.,0.));
#14085=DIRECTION('',(0.,0.707106781186548,0.707106781186548));
#14086=DIRECTION('',(1.,0.,0.));
#14087=DIRECTION('',(0.,0.707106781186548,0.707106781186548));
#14088=DIRECTION('',(0.,0.707106781186548,-0.707106781186548));
#14089=DIRECTION('',(-1.,0.,0.));
#14090=DIRECTION('',(0.,1.,0.));
#14091=DIRECTION('',(0.,1.,0.));
#14092=DIRECTION('',(1.,0.,0.));
#14093=DIRECTION('',(0.,0.,-1.));
#14094=DIRECTION('',(0.,-1.,0.));
#14095=DIRECTION('',(0.,1.,0.));
#14096=DIRECTION('',(1.,0.,0.));
#14097=DIRECTION('',(0.,1.,0.));
#14098=DIRECTION('',(1.,0.,0.));
#14099=DIRECTION('',(0.,0.,-1.));
#14100=DIRECTION('',(0.,-1.,0.));
#14101=DIRECTION('',(1.,0.,0.));
#14102=DIRECTION('',(0.,-0.707106781186498,-0.707106781186598));
#14103=DIRECTION('',(1.,0.,0.));
#14104=DIRECTION('',(1.,0.,0.));
#14105=DIRECTION('',(0.,-0.707106781186498,-0.707106781186598));
#14106=DIRECTION('',(-1.,0.,0.));
#14107=DIRECTION('',(0.,0.,-1.));
#14108=DIRECTION('',(0.,0.707106781186597,-0.707106781186498));
#14109=DIRECTION('',(1.,0.,0.));
#14110=DIRECTION('',(0.,0.707106781186597,-0.707106781186498));
#14111=DIRECTION('',(0.,-0.707106781186498,-0.707106781186598));
#14112=DIRECTION('',(0.,-0.707106781186598,0.707106781186498));
#14113=DIRECTION('',(1.,0.,0.));
#14114=DIRECTION('',(0.,-1.,0.));
#14115=DIRECTION('',(1.,0.,0.));
#14116=DIRECTION('',(1.,0.,0.));
#14117=DIRECTION('',(0.,-1.,0.));
#14118=DIRECTION('',(-1.,0.,0.));
#14119=DIRECTION('',(0.,0.,-1.));
#14120=DIRECTION('',(0.,0.,-1.));
#14121=DIRECTION('',(1.,0.,0.));
#14122=DIRECTION('',(0.,0.,-1.));
#14123=DIRECTION('',(0.,-1.,0.));
#14124=DIRECTION('',(0.,0.,-1.));
#14125=DIRECTION('',(0.,-0.707106781186548,-0.707106781186548));
#14126=DIRECTION('',(1.,0.,0.));
#14127=DIRECTION('',(0.,-0.707106781186548,-0.707106781186548));
#14128=DIRECTION('',(0.,-0.707106781186548,0.707106781186548));
#14129=DIRECTION('',(-1.,0.,0.));
#14130=DIRECTION('',(0.,0.,-1.));
#14131=DIRECTION('',(1.,0.,0.));
#14132=DIRECTION('',(0.,0.,-1.));
#14133=DIRECTION('',(0.,-1.,0.));
#14134=DIRECTION('',(0.,0.,-1.));
#14135=DIRECTION('',(0.,-1.,0.));
#14136=DIRECTION('',(1.,0.,0.));
#14137=DIRECTION('',(0.,-1.,0.));
#14138=DIRECTION('',(0.,0.,1.));
#14139=DIRECTION('',(1.,0.,0.));
#14140=DIRECTION('',(0.,0.,1.));
#14141=DIRECTION('',(1.,0.,0.));
#14142=DIRECTION('',(0.,0.,1.));
#14143=DIRECTION('',(0.,1.,0.));
#14144=DIRECTION('',(1.,0.,0.));
#14145=DIRECTION('',(-1.,0.,0.));
#14146=DIRECTION('',(0.,-0.707106781186496,-0.707106781186596));
#14147=DIRECTION('',(1.,0.,0.));
#14148=DIRECTION('',(-1.,0.,0.));
#14149=DIRECTION('',(0.,-0.707106781186496,-0.707106781186596));
#14150=DIRECTION('',(-1.,0.,0.));
#14151=DIRECTION('',(0.,0.,-0.999999999999998));
#14152=DIRECTION('',(0.,-0.707106781186548,0.707106781186548));
#14153=DIRECTION('',(1.,0.,0.));
#14154=DIRECTION('',(0.,-0.707106781186548,0.707106781186548));
#14155=DIRECTION('',(0.,0.707106781186498,0.707106781186598));
#14156=DIRECTION('',(1.,0.,0.));
#14157=DIRECTION('',(-1.,0.,0.));
#14158=DIRECTION('',(0.,0.,-1.));
#14159=DIRECTION('',(1.,0.,0.));
#14160=DIRECTION('',(-1.,0.,0.));
#14161=DIRECTION('',(0.,0.,-1.));
#14162=DIRECTION('',(-1.,0.,0.));
#14163=DIRECTION('',(0.,0.,-1.));
#14164=DIRECTION('',(0.,-1.,0.));
#14165=DIRECTION('',(0.,-1.,0.));
#14166=DIRECTION('',(1.,0.,0.));
#14167=DIRECTION('',(0.,0.,1.));
#14168=DIRECTION('',(1.,0.,0.));
#14169=DIRECTION('',(1.,0.,0.));
#14170=DIRECTION('',(0.,-0.707106781186548,0.707106781186548));
#14171=DIRECTION('',(1.,0.,0.));
#14172=DIRECTION('',(0.,-0.707106781186548,0.707106781186548));
#14173=DIRECTION('',(0.,0.707106781186548,0.707106781186548));
#14174=DIRECTION('',(1.,0.,0.));
#14175=DIRECTION('',(1.,0.,0.));
#14176=DIRECTION('',(-1.,0.,0.));
#14177=DIRECTION('',(0.,-0.707106781186496,0.707106781186598));
#14178=DIRECTION('',(1.,0.,0.));
#14179=DIRECTION('',(-1.,0.,0.));
#14180=DIRECTION('',(0.,-0.707106781186496,0.707106781186598));
#14181=DIRECTION('',(-1.,0.,0.));
#14182=DIRECTION('',(0.,0.,-1.));
#14183=DIRECTION('',(0.,0.707106781186548,0.707106781186548));
#14184=DIRECTION('',(1.,0.,0.));
#14185=DIRECTION('',(0.,0.707106781186548,0.707106781186548));
#14186=DIRECTION('',(0.,0.707106781186498,-0.707106781186598));
#14187=DIRECTION('',(-1.,0.,0.));
#14188=DIRECTION('',(-1.,0.,0.));
#14189=DIRECTION('',(0.,-0.999999999999998,0.));
#14190=DIRECTION('',(1.,0.,0.));
#14191=DIRECTION('',(-1.,0.,0.));
#14192=DIRECTION('',(0.,-0.999999999999998,0.));
#14193=DIRECTION('',(-1.,0.,0.));
#14194=DIRECTION('',(0.,0.,-0.999999999999998));
#14195=DIRECTION('',(0.,0.,1.));
#14196=DIRECTION('',(1.,0.,0.));
#14197=DIRECTION('',(0.,0.,1.));
#14198=DIRECTION('',(0.,1.,0.));
#14199=DIRECTION('',(1.,0.,0.));
#14200=DIRECTION('',(0.,1.,0.));
#14201=DIRECTION('',(1.,0.,0.));
#14202=DIRECTION('',(0.,1.,0.));
#14203=DIRECTION('',(0.,0.,-1.));
#14204=DIRECTION('',(0.,-1.,0.));
#14205=DIRECTION('',(0.,0.,-1.));
#14206=DIRECTION('',(1.,0.,0.));
#14207=DIRECTION('',(0.,0.,-1.));
#14208=DIRECTION('',(0.,-1.,0.));
#14209=DIRECTION('',(0.,0.,-1.));
#14210=DIRECTION('',(0.,1.,0.));
#14211=DIRECTION('',(1.,0.,0.));
#14212=DIRECTION('',(0.,1.,0.));
#14213=DIRECTION('',(0.,0.,-1.));
#14214=DIRECTION('',(0.,-1.,0.));
#14215=DIRECTION('',(0.,0.,-1.));
#14216=DIRECTION('',(1.,0.,0.));
#14217=DIRECTION('',(0.,0.,-1.));
#14218=DIRECTION('',(0.,-1.,0.));
#14219=DIRECTION('',(0.,0.,-1.));
#14220=DIRECTION('',(1.,0.,0.));
#14221=DIRECTION('',(0.,-0.707106781186498,0.707106781186598));
#14222=DIRECTION('',(1.,0.,0.));
#14223=DIRECTION('',(1.,0.,0.));
#14224=DIRECTION('',(0.,-0.707106781186498,0.707106781186598));
#14225=DIRECTION('',(-1.,0.,0.));
#14226=DIRECTION('',(0.,0.,-1.));
#14227=DIRECTION('',(0.,-0.707106781186597,-0.707106781186498));
#14228=DIRECTION('',(1.,0.,0.));
#14229=DIRECTION('',(0.,-0.707106781186597,-0.707106781186498));
#14230=DIRECTION('',(0.,-0.707106781186498,0.707106781186598));
#14231=DIRECTION('',(-1.,0.,0.));
#14232=DIRECTION('',(1.,0.,0.));
#14233=DIRECTION('',(0.,0.,1.));
#14234=DIRECTION('',(1.,0.,0.));
#14235=DIRECTION('',(1.,0.,0.));
#14236=DIRECTION('',(0.,0.,1.));
#14237=DIRECTION('',(-1.,0.,0.));
#14238=DIRECTION('',(0.,0.,-1.));
#14239=DIRECTION('',(0.,-1.,0.));
#14240=DIRECTION('',(0.,-1.,0.));
#14241=DIRECTION('',(1.,0.,0.));
#14242=DIRECTION('',(0.,0.,1.));
#14243=DIRECTION('',(1.,0.,0.));
#14244=DIRECTION('',(0.,-1.,0.));
#14245=DIRECTION('',(0.,-1.,0.));
#14246=DIRECTION('',(1.,0.,0.));
#14247=DIRECTION('',(0.,0.,1.));
#14248=DIRECTION('',(1.,0.,0.));
#14249=DIRECTION('',(0.,1.,0.));
#14250=DIRECTION('',(0.,0.,-1.));
#14251=DIRECTION('',(1.,0.,0.));
#14252=DIRECTION('',(0.,1.,0.));
#14253=DIRECTION('',(0.,1.,0.));
#14254=DIRECTION('',(0.,0.,-1.));
#14255=DIRECTION('',(1.,0.,0.));
#14256=DIRECTION('',(0.,1.,0.));
#14257=DIRECTION('',(0.,0.,1.));
#14258=DIRECTION('',(1.,0.,0.));
#14259=DIRECTION('',(0.,1.,0.));
#14260=DIRECTION('',(0.,1.,0.));
#14261=DIRECTION('',(0.,0.,1.));
#14262=DIRECTION('',(1.,0.,0.));
#14263=DIRECTION('',(0.,1.,0.));
#14264=DIRECTION('',(0.,1.,0.));
#14265=DIRECTION('',(1.,0.,0.));
#14266=DIRECTION('',(0.,0.,-1.));
#14267=DIRECTION('',(0.,-1.,0.));
#14268=DIRECTION('',(0.,1.,0.));
#14269=DIRECTION('',(0.,0.,-1.));
#14270=DIRECTION('',(1.,0.,0.));
#14271=DIRECTION('',(0.,1.,0.));
#14272=DIRECTION('',(0.,1.,0.));
#14273=DIRECTION('',(0.,0.,-1.));
#14274=DIRECTION('',(1.,0.,0.));
#14275=DIRECTION('',(0.,1.,0.));
#14276=DIRECTION('',(0.,0.,1.));
#14277=DIRECTION('',(1.,0.,0.));
#14278=DIRECTION('',(0.,1.,0.));
#14279=DIRECTION('',(0.,0.,1.));
#14280=DIRECTION('',(1.,0.,0.));
#14281=DIRECTION('',(0.,1.,0.));
#14282=DIRECTION('',(1.,0.,0.));
#14283=DIRECTION('',(0.,0.707106781186548,0.707106781186548));
#14284=DIRECTION('',(1.,0.,0.));
#14285=DIRECTION('',(0.,0.707106781186548,0.707106781186548));
#14286=DIRECTION('',(0.,0.707106781186548,-0.707106781186548));
#14287=DIRECTION('',(-1.,0.,0.));
#14288=DIRECTION('',(0.,1.,0.));
#14289=DIRECTION('',(0.,1.,0.));
#14290=DIRECTION('',(1.,0.,0.));
#14291=DIRECTION('',(0.,0.,-1.));
#14292=DIRECTION('',(0.,-1.,0.));
#14293=DIRECTION('',(0.,1.,0.));
#14294=DIRECTION('',(1.,0.,0.));
#14295=DIRECTION('',(0.,1.,0.));
#14296=DIRECTION('',(1.,0.,0.));
#14297=DIRECTION('',(0.,0.,-1.));
#14298=DIRECTION('',(0.,-1.,0.));
#14299=DIRECTION('',(1.,0.,0.));
#14300=DIRECTION('',(0.,-0.707106781186498,-0.707106781186598));
#14301=DIRECTION('',(1.,0.,0.));
#14302=DIRECTION('',(1.,0.,0.));
#14303=DIRECTION('',(0.,-0.707106781186498,-0.707106781186598));
#14304=DIRECTION('',(-1.,0.,0.));
#14305=DIRECTION('',(0.,0.,-1.));
#14306=DIRECTION('',(0.,0.707106781186597,-0.707106781186498));
#14307=DIRECTION('',(1.,0.,0.));
#14308=DIRECTION('',(0.,0.707106781186597,-0.707106781186498));
#14309=DIRECTION('',(0.,-0.707106781186498,-0.707106781186598));
#14310=DIRECTION('',(0.,-0.707106781186598,0.707106781186498));
#14311=DIRECTION('',(1.,0.,0.));
#14312=DIRECTION('',(0.,-1.,0.));
#14313=DIRECTION('',(1.,0.,0.));
#14314=DIRECTION('',(1.,0.,0.));
#14315=DIRECTION('',(0.,-1.,0.));
#14316=DIRECTION('',(-1.,0.,0.));
#14317=DIRECTION('',(0.,0.,-1.));
#14318=DIRECTION('',(0.,0.,-1.));
#14319=DIRECTION('',(1.,0.,0.));
#14320=DIRECTION('',(0.,0.,-1.));
#14321=DIRECTION('',(0.,-1.,0.));
#14322=DIRECTION('',(0.,0.,-1.));
#14323=DIRECTION('',(0.,-0.707106781186548,-0.707106781186548));
#14324=DIRECTION('',(1.,0.,0.));
#14325=DIRECTION('',(0.,-0.707106781186548,-0.707106781186548));
#14326=DIRECTION('',(0.,-0.707106781186548,0.707106781186548));
#14327=DIRECTION('',(-1.,0.,0.));
#14328=DIRECTION('',(0.,0.,-1.));
#14329=DIRECTION('',(1.,0.,0.));
#14330=DIRECTION('',(0.,0.,-1.));
#14331=DIRECTION('',(0.,-1.,0.));
#14332=DIRECTION('',(0.,0.,-1.));
#14333=DIRECTION('',(0.,-1.,0.));
#14334=DIRECTION('',(1.,0.,0.));
#14335=DIRECTION('',(0.,-1.,0.));
#14336=DIRECTION('',(0.,0.,1.));
#14337=DIRECTION('',(1.,0.,0.));
#14338=DIRECTION('',(0.,0.,1.));
#14339=DIRECTION('',(1.,0.,0.));
#14340=DIRECTION('',(0.,0.,1.));
#14341=DIRECTION('',(0.,1.,0.));
#14342=DIRECTION('',(1.,0.,0.));
#14343=DIRECTION('',(-1.,0.,0.));
#14344=DIRECTION('',(0.,-0.707106781186496,-0.707106781186596));
#14345=DIRECTION('',(1.,0.,0.));
#14346=DIRECTION('',(-1.,0.,0.));
#14347=DIRECTION('',(0.,-0.707106781186496,-0.707106781186596));
#14348=DIRECTION('',(-1.,0.,0.));
#14349=DIRECTION('',(0.,0.,-0.999999999999998));
#14350=DIRECTION('',(0.,-0.707106781186548,0.707106781186548));
#14351=DIRECTION('',(1.,0.,0.));
#14352=DIRECTION('',(0.,-0.707106781186548,0.707106781186548));
#14353=DIRECTION('',(0.,0.707106781186498,0.707106781186598));
#14354=DIRECTION('',(1.,0.,0.));
#14355=DIRECTION('',(-1.,0.,0.));
#14356=DIRECTION('',(0.,0.,-1.));
#14357=DIRECTION('',(1.,0.,0.));
#14358=DIRECTION('',(-1.,0.,0.));
#14359=DIRECTION('',(0.,0.,-1.));
#14360=DIRECTION('',(-1.,0.,0.));
#14361=DIRECTION('',(0.,0.,-1.));
#14362=DIRECTION('',(0.,-1.,0.));
#14363=DIRECTION('',(0.,-1.,0.));
#14364=DIRECTION('',(1.,0.,0.));
#14365=DIRECTION('',(0.,0.,1.));
#14366=DIRECTION('',(1.,0.,0.));
#14367=DIRECTION('',(1.,0.,0.));
#14368=DIRECTION('',(0.,-0.707106781186548,0.707106781186548));
#14369=DIRECTION('',(1.,0.,0.));
#14370=DIRECTION('',(0.,-0.707106781186548,0.707106781186548));
#14371=DIRECTION('',(0.,0.707106781186548,0.707106781186548));
#14372=DIRECTION('',(1.,0.,0.));
#14373=DIRECTION('',(1.,0.,0.));
#14374=DIRECTION('',(-1.,0.,0.));
#14375=DIRECTION('',(0.,-0.707106781186496,0.707106781186598));
#14376=DIRECTION('',(1.,0.,0.));
#14377=DIRECTION('',(-1.,0.,0.));
#14378=DIRECTION('',(0.,-0.707106781186496,0.707106781186598));
#14379=DIRECTION('',(-1.,0.,0.));
#14380=DIRECTION('',(0.,0.,-1.));
#14381=DIRECTION('',(0.,0.707106781186548,0.707106781186548));
#14382=DIRECTION('',(1.,0.,0.));
#14383=DIRECTION('',(0.,0.707106781186548,0.707106781186548));
#14384=DIRECTION('',(0.,0.707106781186498,-0.707106781186598));
#14385=DIRECTION('',(-1.,0.,0.));
#14386=DIRECTION('',(-1.,0.,0.));
#14387=DIRECTION('',(0.,-0.999999999999998,0.));
#14388=DIRECTION('',(1.,0.,0.));
#14389=DIRECTION('',(-1.,0.,0.));
#14390=DIRECTION('',(0.,-0.999999999999998,0.));
#14391=DIRECTION('',(-1.,0.,0.));
#14392=DIRECTION('',(0.,0.,-0.999999999999998));
#14393=DIRECTION('',(0.,0.,1.));
#14394=DIRECTION('',(1.,0.,0.));
#14395=DIRECTION('',(0.,0.,1.));
#14396=DIRECTION('',(0.,1.,0.));
#14397=DIRECTION('',(1.,0.,0.));
#14398=DIRECTION('',(0.,1.,0.));
#14399=DIRECTION('',(1.,0.,0.));
#14400=DIRECTION('',(0.,1.,0.));
#14401=DIRECTION('',(0.,0.,-1.));
#14402=DIRECTION('',(0.,-1.,0.));
#14403=DIRECTION('',(0.,0.,-1.));
#14404=DIRECTION('',(1.,0.,0.));
#14405=DIRECTION('',(0.,0.,-1.));
#14406=DIRECTION('',(0.,-1.,0.));
#14407=DIRECTION('',(0.,0.,-1.));
#14408=DIRECTION('',(0.,1.,0.));
#14409=DIRECTION('',(1.,0.,0.));
#14410=DIRECTION('',(0.,1.,0.));
#14411=DIRECTION('',(0.,0.,-1.));
#14412=DIRECTION('',(0.,-1.,0.));
#14413=DIRECTION('',(0.,0.,-1.));
#14414=DIRECTION('',(1.,0.,0.));
#14415=DIRECTION('',(0.,0.,-1.));
#14416=DIRECTION('',(0.,-1.,0.));
#14417=DIRECTION('',(0.,0.,-1.));
#14418=DIRECTION('',(1.,0.,0.));
#14419=DIRECTION('',(0.,-0.707106781186498,0.707106781186598));
#14420=DIRECTION('',(1.,0.,0.));
#14421=DIRECTION('',(1.,0.,0.));
#14422=DIRECTION('',(0.,-0.707106781186498,0.707106781186598));
#14423=DIRECTION('',(-1.,0.,0.));
#14424=DIRECTION('',(0.,0.,-1.));
#14425=DIRECTION('',(0.,-0.707106781186597,-0.707106781186498));
#14426=DIRECTION('',(1.,0.,0.));
#14427=DIRECTION('',(0.,-0.707106781186597,-0.707106781186498));
#14428=DIRECTION('',(0.,-0.707106781186498,0.707106781186598));
#14429=DIRECTION('',(-1.,0.,0.));
#14430=DIRECTION('',(1.,0.,0.));
#14431=DIRECTION('',(0.,0.,1.));
#14432=DIRECTION('',(1.,0.,0.));
#14433=DIRECTION('',(1.,0.,0.));
#14434=DIRECTION('',(0.,0.,1.));
#14435=DIRECTION('',(-1.,0.,0.));
#14436=DIRECTION('',(0.,0.,-1.));
#14437=DIRECTION('',(0.,-1.,0.));
#14438=DIRECTION('',(0.,-1.,0.));
#14439=DIRECTION('',(1.,0.,0.));
#14440=DIRECTION('',(0.,0.,1.));
#14441=DIRECTION('',(1.,0.,0.));
#14442=DIRECTION('',(0.,-1.,0.));
#14443=DIRECTION('',(0.,-1.,0.));
#14444=DIRECTION('',(1.,0.,0.));
#14445=DIRECTION('',(0.,0.,1.));
#14446=DIRECTION('',(1.,0.,0.));
#14447=DIRECTION('',(0.,1.,0.));
#14448=DIRECTION('',(0.,0.,-1.));
#14449=DIRECTION('',(1.,0.,0.));
#14450=DIRECTION('',(0.,1.,0.));
#14451=DIRECTION('',(0.,1.,0.));
#14452=DIRECTION('',(0.,0.,-1.));
#14453=DIRECTION('',(1.,0.,0.));
#14454=DIRECTION('',(0.,1.,0.));
#14455=DIRECTION('',(0.,0.,1.));
#14456=DIRECTION('',(1.,0.,0.));
#14457=DIRECTION('',(0.,1.,0.));
#14458=DIRECTION('',(0.,1.,0.));
#14459=DIRECTION('',(0.,0.,1.));
#14460=DIRECTION('',(1.,0.,0.));
#14461=DIRECTION('',(0.,1.,0.));
#14462=DIRECTION('',(0.,1.,0.));
#14463=DIRECTION('',(1.,0.,0.));
#14464=DIRECTION('',(0.,0.,-1.));
#14465=DIRECTION('',(0.,-1.,0.));
#14466=DIRECTION('',(0.,1.,0.));
#14467=DIRECTION('',(0.,0.,-1.));
#14468=DIRECTION('',(1.,0.,0.));
#14469=DIRECTION('',(0.,1.,0.));
#14470=DIRECTION('',(0.,1.,0.));
#14471=DIRECTION('',(0.,0.,-1.));
#14472=DIRECTION('',(1.,0.,0.));
#14473=DIRECTION('',(0.,1.,0.));
#14474=DIRECTION('',(0.,0.,1.));
#14475=DIRECTION('',(1.,0.,0.));
#14476=DIRECTION('',(0.,1.,0.));
#14477=DIRECTION('',(0.,0.,1.));
#14478=DIRECTION('',(1.,0.,0.));
#14479=DIRECTION('',(0.,1.,0.));
#14480=DIRECTION('',(1.,0.,0.));
#14481=DIRECTION('',(0.,0.707106781186548,0.707106781186548));
#14482=DIRECTION('',(1.,0.,0.));
#14483=DIRECTION('',(0.,0.707106781186548,0.707106781186548));
#14484=DIRECTION('',(0.,0.707106781186548,-0.707106781186548));
#14485=DIRECTION('',(-1.,0.,0.));
#14486=DIRECTION('',(0.,1.,0.));
#14487=DIRECTION('',(0.,1.,0.));
#14488=DIRECTION('',(1.,0.,0.));
#14489=DIRECTION('',(0.,0.,-1.));
#14490=DIRECTION('',(0.,-1.,0.));
#14491=DIRECTION('',(0.,1.,0.));
#14492=DIRECTION('',(1.,0.,0.));
#14493=DIRECTION('',(0.,1.,0.));
#14494=DIRECTION('',(1.,0.,0.));
#14495=DIRECTION('',(0.,0.,-1.));
#14496=DIRECTION('',(0.,-1.,0.));
#14497=DIRECTION('',(1.,0.,0.));
#14498=DIRECTION('',(0.,-0.707106781186498,-0.707106781186598));
#14499=DIRECTION('',(1.,0.,0.));
#14500=DIRECTION('',(1.,0.,0.));
#14501=DIRECTION('',(0.,-0.707106781186498,-0.707106781186598));
#14502=DIRECTION('',(-1.,0.,0.));
#14503=DIRECTION('',(0.,0.,-1.));
#14504=DIRECTION('',(0.,0.707106781186597,-0.707106781186498));
#14505=DIRECTION('',(1.,0.,0.));
#14506=DIRECTION('',(0.,0.707106781186597,-0.707106781186498));
#14507=DIRECTION('',(0.,-0.707106781186498,-0.707106781186598));
#14508=DIRECTION('',(0.,-0.707106781186598,0.707106781186498));
#14509=DIRECTION('',(1.,0.,0.));
#14510=DIRECTION('',(0.,-1.,0.));
#14511=DIRECTION('',(1.,0.,0.));
#14512=DIRECTION('',(1.,0.,0.));
#14513=DIRECTION('',(0.,-1.,0.));
#14514=DIRECTION('',(-1.,0.,0.));
#14515=DIRECTION('',(0.,0.,-1.));
#14516=DIRECTION('',(0.,0.,-1.));
#14517=DIRECTION('',(1.,0.,0.));
#14518=DIRECTION('',(0.,0.,-1.));
#14519=DIRECTION('',(0.,-1.,0.));
#14520=DIRECTION('',(0.,0.,-1.));
#14521=DIRECTION('',(0.,-0.707106781186548,-0.707106781186548));
#14522=DIRECTION('',(1.,0.,0.));
#14523=DIRECTION('',(0.,-0.707106781186548,-0.707106781186548));
#14524=DIRECTION('',(0.,-0.707106781186548,0.707106781186548));
#14525=DIRECTION('',(-1.,0.,0.));
#14526=DIRECTION('',(0.,0.,-1.));
#14527=DIRECTION('',(1.,0.,0.));
#14528=DIRECTION('',(0.,0.,-1.));
#14529=DIRECTION('',(0.,-1.,0.));
#14530=DIRECTION('',(0.,0.,-1.));
#14531=DIRECTION('',(0.,-1.,0.));
#14532=DIRECTION('',(1.,0.,0.));
#14533=DIRECTION('',(0.,-1.,0.));
#14534=DIRECTION('',(0.,0.,1.));
#14535=DIRECTION('',(1.,0.,0.));
#14536=DIRECTION('',(0.,0.,1.));
#14537=DIRECTION('',(1.,0.,0.));
#14538=DIRECTION('',(0.,0.,1.));
#14539=DIRECTION('',(0.,1.,0.));
#14540=DIRECTION('',(1.,0.,0.));
#14541=DIRECTION('',(-1.,0.,0.));
#14542=DIRECTION('',(0.,-0.707106781186496,-0.707106781186596));
#14543=DIRECTION('',(1.,0.,0.));
#14544=DIRECTION('',(-1.,0.,0.));
#14545=DIRECTION('',(0.,-0.707106781186496,-0.707106781186596));
#14546=DIRECTION('',(-1.,0.,0.));
#14547=DIRECTION('',(0.,0.,-0.999999999999998));
#14548=DIRECTION('',(0.,-0.707106781186548,0.707106781186548));
#14549=DIRECTION('',(1.,0.,0.));
#14550=DIRECTION('',(0.,-0.707106781186548,0.707106781186548));
#14551=DIRECTION('',(0.,0.707106781186498,0.707106781186598));
#14552=DIRECTION('',(1.,0.,0.));
#14553=DIRECTION('',(-1.,0.,0.));
#14554=DIRECTION('',(0.,0.,-1.));
#14555=DIRECTION('',(1.,0.,0.));
#14556=DIRECTION('',(-1.,0.,0.));
#14557=DIRECTION('',(0.,0.,-1.));
#14558=DIRECTION('',(-1.,0.,0.));
#14559=DIRECTION('',(0.,0.,-1.));
#14560=DIRECTION('',(0.,-1.,0.));
#14561=DIRECTION('',(0.,-1.,0.));
#14562=DIRECTION('',(1.,0.,0.));
#14563=DIRECTION('',(0.,0.,1.));
#14564=DIRECTION('',(1.,0.,0.));
#14565=DIRECTION('',(1.,0.,0.));
#14566=DIRECTION('',(0.,-0.707106781186548,0.707106781186548));
#14567=DIRECTION('',(1.,0.,0.));
#14568=DIRECTION('',(0.,-0.707106781186548,0.707106781186548));
#14569=DIRECTION('',(0.,0.707106781186548,0.707106781186548));
#14570=DIRECTION('',(1.,0.,0.));
#14571=DIRECTION('',(1.,0.,0.));
#14572=DIRECTION('',(-1.,0.,0.));
#14573=DIRECTION('',(0.,-0.707106781186496,0.707106781186598));
#14574=DIRECTION('',(1.,0.,0.));
#14575=DIRECTION('',(-1.,0.,0.));
#14576=DIRECTION('',(0.,-0.707106781186496,0.707106781186598));
#14577=DIRECTION('',(-1.,0.,0.));
#14578=DIRECTION('',(0.,0.,-1.));
#14579=DIRECTION('',(0.,0.707106781186548,0.707106781186548));
#14580=DIRECTION('',(1.,0.,0.));
#14581=DIRECTION('',(0.,0.707106781186548,0.707106781186548));
#14582=DIRECTION('',(0.,0.707106781186498,-0.707106781186598));
#14583=DIRECTION('',(-1.,0.,0.));
#14584=DIRECTION('',(-1.,0.,0.));
#14585=DIRECTION('',(0.,-0.999999999999998,0.));
#14586=DIRECTION('',(1.,0.,0.));
#14587=DIRECTION('',(-1.,0.,0.));
#14588=DIRECTION('',(0.,-0.999999999999998,0.));
#14589=DIRECTION('',(-1.,0.,0.));
#14590=DIRECTION('',(0.,0.,-0.999999999999998));
#14591=DIRECTION('',(0.,0.,1.));
#14592=DIRECTION('',(1.,0.,0.));
#14593=DIRECTION('',(0.,0.,1.));
#14594=DIRECTION('',(0.,1.,0.));
#14595=DIRECTION('',(1.,0.,0.));
#14596=DIRECTION('',(0.,1.,0.));
#14597=DIRECTION('',(1.,0.,0.));
#14598=DIRECTION('',(0.,1.,0.));
#14599=DIRECTION('',(0.,0.,-1.));
#14600=DIRECTION('',(0.,-1.,0.));
#14601=DIRECTION('',(0.,0.,-1.));
#14602=DIRECTION('',(1.,0.,0.));
#14603=DIRECTION('',(0.,0.,-1.));
#14604=DIRECTION('',(0.,-1.,0.));
#14605=DIRECTION('',(0.,0.,-1.));
#14606=DIRECTION('',(0.,1.,0.));
#14607=DIRECTION('',(1.,0.,0.));
#14608=DIRECTION('',(0.,1.,0.));
#14609=DIRECTION('',(0.,0.,-1.));
#14610=DIRECTION('',(0.,-1.,0.));
#14611=DIRECTION('',(0.,0.,-1.));
#14612=DIRECTION('',(1.,0.,0.));
#14613=DIRECTION('',(0.,0.,-1.));
#14614=DIRECTION('',(0.,-1.,0.));
#14615=DIRECTION('',(0.,0.,-1.));
#14616=DIRECTION('',(1.,0.,0.));
#14617=DIRECTION('',(0.,-0.707106781186498,0.707106781186598));
#14618=DIRECTION('',(1.,0.,0.));
#14619=DIRECTION('',(1.,0.,0.));
#14620=DIRECTION('',(0.,-0.707106781186498,0.707106781186598));
#14621=DIRECTION('',(-1.,0.,0.));
#14622=DIRECTION('',(0.,0.,-1.));
#14623=DIRECTION('',(0.,-0.707106781186597,-0.707106781186498));
#14624=DIRECTION('',(1.,0.,0.));
#14625=DIRECTION('',(0.,-0.707106781186597,-0.707106781186498));
#14626=DIRECTION('',(0.,-0.707106781186498,0.707106781186598));
#14627=DIRECTION('',(-1.,0.,0.));
#14628=DIRECTION('',(1.,0.,0.));
#14629=DIRECTION('',(0.,0.,1.));
#14630=DIRECTION('',(1.,0.,0.));
#14631=DIRECTION('',(1.,0.,0.));
#14632=DIRECTION('',(0.,0.,1.));
#14633=DIRECTION('',(-1.,0.,0.));
#14634=DIRECTION('',(0.,0.,-1.));
#14635=DIRECTION('',(0.,-1.,0.));
#14636=DIRECTION('',(0.,-1.,0.));
#14637=DIRECTION('',(1.,0.,0.));
#14638=DIRECTION('',(0.,0.,1.));
#14639=DIRECTION('',(1.,0.,0.));
#14640=DIRECTION('',(0.,-1.,0.));
#14641=DIRECTION('',(0.,-1.,0.));
#14642=DIRECTION('',(1.,0.,0.));
#14643=DIRECTION('',(0.,0.,1.));
#14644=DIRECTION('',(1.,0.,0.));
#14645=DIRECTION('',(0.,1.,0.));
#14646=DIRECTION('',(0.,0.,-1.));
#14647=DIRECTION('',(1.,0.,0.));
#14648=DIRECTION('',(0.,1.,0.));
#14649=DIRECTION('',(0.,1.,0.));
#14650=DIRECTION('',(0.,0.,-1.));
#14651=DIRECTION('',(1.,0.,0.));
#14652=DIRECTION('',(0.,1.,0.));
#14653=DIRECTION('',(0.,0.,1.));
#14654=DIRECTION('',(1.,0.,0.));
#14655=DIRECTION('',(0.,1.,0.));
#14656=DIRECTION('',(0.,1.,0.));
#14657=DIRECTION('',(0.,0.,1.));
#14658=DIRECTION('',(1.,0.,0.));
#14659=DIRECTION('',(0.,1.,0.));
#14660=DIRECTION('',(0.,1.,0.));
#14661=DIRECTION('',(1.,0.,0.));
#14662=DIRECTION('',(0.,0.,-1.));
#14663=DIRECTION('',(0.,-1.,0.));
#14664=DIRECTION('',(0.,1.,0.));
#14665=DIRECTION('',(0.,0.,-1.));
#14666=DIRECTION('',(1.,0.,0.));
#14667=DIRECTION('',(0.,1.,0.));
#14668=DIRECTION('',(0.,1.,0.));
#14669=DIRECTION('',(0.,0.,-1.));
#14670=DIRECTION('',(1.,0.,0.));
#14671=DIRECTION('',(0.,1.,0.));
#14672=DIRECTION('',(0.,0.,1.));
#14673=DIRECTION('',(1.,0.,0.));
#14674=DIRECTION('',(0.,1.,0.));
#14675=DIRECTION('',(0.,0.,1.));
#14676=DIRECTION('',(1.,0.,0.));
#14677=DIRECTION('',(0.,1.,0.));
#14678=DIRECTION('',(1.,0.,0.));
#14679=DIRECTION('',(0.,0.707106781186548,0.707106781186548));
#14680=DIRECTION('',(1.,0.,0.));
#14681=DIRECTION('',(0.,0.707106781186548,0.707106781186548));
#14682=DIRECTION('',(0.,0.707106781186548,-0.707106781186548));
#14683=DIRECTION('',(-1.,0.,0.));
#14684=DIRECTION('',(0.,1.,0.));
#14685=DIRECTION('',(0.,1.,0.));
#14686=DIRECTION('',(1.,0.,0.));
#14687=DIRECTION('',(0.,0.,-1.));
#14688=DIRECTION('',(0.,-1.,0.));
#14689=DIRECTION('',(0.,1.,0.));
#14690=DIRECTION('',(1.,0.,0.));
#14691=DIRECTION('',(0.,1.,0.));
#14692=DIRECTION('',(1.,0.,0.));
#14693=DIRECTION('',(0.,0.,-1.));
#14694=DIRECTION('',(0.,-1.,0.));
#14695=DIRECTION('',(1.,0.,0.));
#14696=DIRECTION('',(0.,-0.707106781186498,-0.707106781186598));
#14697=DIRECTION('',(1.,0.,0.));
#14698=DIRECTION('',(1.,0.,0.));
#14699=DIRECTION('',(0.,-0.707106781186498,-0.707106781186598));
#14700=DIRECTION('',(-1.,0.,0.));
#14701=DIRECTION('',(0.,0.,-1.));
#14702=DIRECTION('',(0.,0.707106781186597,-0.707106781186498));
#14703=DIRECTION('',(1.,0.,0.));
#14704=DIRECTION('',(0.,0.707106781186597,-0.707106781186498));
#14705=DIRECTION('',(0.,-0.707106781186498,-0.707106781186598));
#14706=DIRECTION('',(0.,-0.707106781186598,0.707106781186498));
#14707=DIRECTION('',(1.,0.,0.));
#14708=DIRECTION('',(0.,-1.,0.));
#14709=DIRECTION('',(1.,0.,0.));
#14710=DIRECTION('',(1.,0.,0.));
#14711=DIRECTION('',(0.,-1.,0.));
#14712=DIRECTION('',(-1.,0.,0.));
#14713=DIRECTION('',(0.,0.,-1.));
#14714=DIRECTION('',(0.,0.,-1.));
#14715=DIRECTION('',(1.,0.,0.));
#14716=DIRECTION('',(0.,0.,-1.));
#14717=DIRECTION('',(0.,-1.,0.));
#14718=DIRECTION('',(0.,0.,-1.));
#14719=DIRECTION('',(0.,-0.707106781186548,-0.707106781186548));
#14720=DIRECTION('',(1.,0.,0.));
#14721=DIRECTION('',(0.,-0.707106781186548,-0.707106781186548));
#14722=DIRECTION('',(0.,-0.707106781186548,0.707106781186548));
#14723=DIRECTION('',(-1.,0.,0.));
#14724=DIRECTION('',(0.,0.,-1.));
#14725=DIRECTION('',(1.,0.,0.));
#14726=DIRECTION('',(0.,0.,-1.));
#14727=DIRECTION('',(0.,-1.,0.));
#14728=DIRECTION('',(0.,0.,-1.));
#14729=DIRECTION('',(0.,-1.,0.));
#14730=DIRECTION('',(1.,0.,0.));
#14731=DIRECTION('',(0.,-1.,0.));
#14732=DIRECTION('',(0.,0.,1.));
#14733=DIRECTION('',(1.,0.,0.));
#14734=DIRECTION('',(0.,0.,1.));
#14735=DIRECTION('',(1.,0.,0.));
#14736=DIRECTION('',(0.,0.,1.));
#14737=DIRECTION('',(0.,1.,0.));
#14738=DIRECTION('',(1.,0.,0.));
#14739=DIRECTION('',(-1.,0.,0.));
#14740=DIRECTION('',(0.,-0.707106781186496,-0.707106781186596));
#14741=DIRECTION('',(1.,0.,0.));
#14742=DIRECTION('',(-1.,0.,0.));
#14743=DIRECTION('',(0.,-0.707106781186496,-0.707106781186596));
#14744=DIRECTION('',(-1.,0.,0.));
#14745=DIRECTION('',(0.,0.,-0.999999999999998));
#14746=DIRECTION('',(0.,-0.707106781186548,0.707106781186548));
#14747=DIRECTION('',(1.,0.,0.));
#14748=DIRECTION('',(0.,-0.707106781186548,0.707106781186548));
#14749=DIRECTION('',(0.,0.707106781186498,0.707106781186598));
#14750=DIRECTION('',(1.,0.,0.));
#14751=DIRECTION('',(-1.,0.,0.));
#14752=DIRECTION('',(0.,0.,-1.));
#14753=DIRECTION('',(1.,0.,0.));
#14754=DIRECTION('',(-1.,0.,0.));
#14755=DIRECTION('',(0.,0.,-1.));
#14756=DIRECTION('',(-1.,0.,0.));
#14757=DIRECTION('',(0.,0.,-1.));
#14758=DIRECTION('',(0.,-1.,0.));
#14759=DIRECTION('',(0.,-1.,0.));
#14760=DIRECTION('',(1.,0.,0.));
#14761=DIRECTION('',(0.,0.,1.));
#14762=DIRECTION('',(1.,0.,0.));
#14763=DIRECTION('',(1.,0.,0.));
#14764=DIRECTION('',(0.,-0.707106781186548,0.707106781186548));
#14765=DIRECTION('',(1.,0.,0.));
#14766=DIRECTION('',(0.,-0.707106781186548,0.707106781186548));
#14767=DIRECTION('',(0.,0.707106781186548,0.707106781186548));
#14768=DIRECTION('',(1.,0.,0.));
#14769=DIRECTION('',(1.,0.,0.));
#14770=DIRECTION('',(-1.,0.,0.));
#14771=DIRECTION('',(0.,-0.707106781186496,0.707106781186598));
#14772=DIRECTION('',(1.,0.,0.));
#14773=DIRECTION('',(-1.,0.,0.));
#14774=DIRECTION('',(0.,-0.707106781186496,0.707106781186598));
#14775=DIRECTION('',(-1.,0.,0.));
#14776=DIRECTION('',(0.,0.,-1.));
#14777=DIRECTION('',(0.,0.707106781186548,0.707106781186548));
#14778=DIRECTION('',(1.,0.,0.));
#14779=DIRECTION('',(0.,0.707106781186548,0.707106781186548));
#14780=DIRECTION('',(0.,0.707106781186498,-0.707106781186598));
#14781=DIRECTION('',(-1.,0.,0.));
#14782=DIRECTION('',(-1.,0.,0.));
#14783=DIRECTION('',(0.,-0.999999999999998,0.));
#14784=DIRECTION('',(1.,0.,0.));
#14785=DIRECTION('',(-1.,0.,0.));
#14786=DIRECTION('',(0.,-0.999999999999998,0.));
#14787=DIRECTION('',(-1.,0.,0.));
#14788=DIRECTION('',(0.,0.,-0.999999999999998));
#14789=DIRECTION('',(0.,0.,1.));
#14790=DIRECTION('',(1.,0.,0.));
#14791=DIRECTION('',(0.,0.,1.));
#14792=DIRECTION('',(0.,1.,0.));
#14793=DIRECTION('',(1.,0.,0.));
#14794=DIRECTION('',(0.,1.,0.));
#14795=DIRECTION('',(1.,0.,0.));
#14796=DIRECTION('',(0.,1.,0.));
#14797=DIRECTION('',(0.,0.,-1.));
#14798=DIRECTION('',(0.,-1.,0.));
#14799=DIRECTION('',(0.,0.,-1.));
#14800=DIRECTION('',(1.,0.,0.));
#14801=DIRECTION('',(0.,0.,-1.));
#14802=DIRECTION('',(0.,-1.,0.));
#14803=DIRECTION('',(0.,0.,-1.));
#14804=DIRECTION('',(0.,1.,0.));
#14805=DIRECTION('',(1.,0.,0.));
#14806=DIRECTION('',(0.,1.,0.));
#14807=DIRECTION('',(0.,0.,-1.));
#14808=DIRECTION('',(0.,-1.,0.));
#14809=DIRECTION('',(0.,0.,-1.));
#14810=DIRECTION('',(1.,0.,0.));
#14811=DIRECTION('',(0.,0.,-1.));
#14812=DIRECTION('',(0.,-1.,0.));
#14813=DIRECTION('',(0.,0.,-1.));
#14814=DIRECTION('',(1.,0.,0.));
#14815=DIRECTION('',(0.,-0.707106781186498,0.707106781186598));
#14816=DIRECTION('',(1.,0.,0.));
#14817=DIRECTION('',(1.,0.,0.));
#14818=DIRECTION('',(0.,-0.707106781186498,0.707106781186598));
#14819=DIRECTION('',(-1.,0.,0.));
#14820=DIRECTION('',(0.,0.,-1.));
#14821=DIRECTION('',(0.,-0.707106781186597,-0.707106781186498));
#14822=DIRECTION('',(1.,0.,0.));
#14823=DIRECTION('',(0.,-0.707106781186597,-0.707106781186498));
#14824=DIRECTION('',(0.,-0.707106781186498,0.707106781186598));
#14825=DIRECTION('',(-1.,0.,0.));
#14826=DIRECTION('',(1.,0.,0.));
#14827=DIRECTION('',(0.,0.,1.));
#14828=DIRECTION('',(1.,0.,0.));
#14829=DIRECTION('',(1.,0.,0.));
#14830=DIRECTION('',(0.,0.,1.));
#14831=DIRECTION('',(-1.,0.,0.));
#14832=DIRECTION('',(0.,0.,-1.));
#14833=DIRECTION('',(0.,-1.,0.));
#14834=DIRECTION('',(0.,-1.,0.));
#14835=DIRECTION('',(1.,0.,0.));
#14836=DIRECTION('',(0.,0.,1.));
#14837=DIRECTION('',(1.,0.,0.));
#14838=DIRECTION('',(0.,-1.,0.));
#14839=DIRECTION('',(0.,-1.,0.));
#14840=DIRECTION('',(1.,0.,0.));
#14841=DIRECTION('',(0.,0.,1.));
#14842=DIRECTION('',(1.,0.,0.));
#14843=DIRECTION('',(0.,1.,0.));
#14844=DIRECTION('',(0.,0.,-1.));
#14845=DIRECTION('',(1.,0.,0.));
#14846=DIRECTION('',(0.,1.,0.));
#14847=DIRECTION('',(0.,1.,0.));
#14848=DIRECTION('',(0.,0.,-1.));
#14849=DIRECTION('',(1.,0.,0.));
#14850=DIRECTION('',(0.,1.,0.));
#14851=DIRECTION('',(0.,0.,1.));
#14852=DIRECTION('',(1.,0.,0.));
#14853=DIRECTION('',(0.,1.,0.));
#14854=DIRECTION('',(0.,1.,0.));
#14855=DIRECTION('',(0.,0.,1.));
#14856=DIRECTION('',(1.,0.,0.));
#14857=DIRECTION('',(0.,1.,0.));
#14858=DIRECTION('',(0.,1.,0.));
#14859=DIRECTION('',(1.,0.,0.));
#14860=DIRECTION('',(0.,0.,-1.));
#14861=DIRECTION('',(0.,-1.,0.));
#14862=DIRECTION('',(0.,1.,0.));
#14863=DIRECTION('',(0.,0.,-1.));
#14864=DIRECTION('',(1.,0.,0.));
#14865=DIRECTION('',(0.,1.,0.));
#14866=DIRECTION('',(0.,1.,0.));
#14867=DIRECTION('',(0.,0.,-1.));
#14868=DIRECTION('',(1.,0.,0.));
#14869=DIRECTION('',(0.,1.,0.));
#14870=DIRECTION('',(0.,0.,1.));
#14871=DIRECTION('',(1.,0.,0.));
#14872=DIRECTION('',(0.,1.,0.));
#14873=DIRECTION('',(0.,0.,1.));
#14874=DIRECTION('',(1.,0.,0.));
#14875=DIRECTION('',(0.,1.,0.));
#14876=DIRECTION('',(1.,0.,0.));
#14877=DIRECTION('',(0.,0.707106781186548,0.707106781186548));
#14878=DIRECTION('',(1.,0.,0.));
#14879=DIRECTION('',(0.,0.707106781186548,0.707106781186548));
#14880=DIRECTION('',(0.,0.707106781186548,-0.707106781186548));
#14881=DIRECTION('',(-1.,0.,0.));
#14882=DIRECTION('',(0.,1.,0.));
#14883=DIRECTION('',(0.,1.,0.));
#14884=DIRECTION('',(1.,0.,0.));
#14885=DIRECTION('',(0.,0.,-1.));
#14886=DIRECTION('',(0.,-1.,0.));
#14887=DIRECTION('',(0.,1.,0.));
#14888=DIRECTION('',(1.,0.,0.));
#14889=DIRECTION('',(0.,1.,0.));
#14890=DIRECTION('',(1.,0.,0.));
#14891=DIRECTION('',(0.,0.,-1.));
#14892=DIRECTION('',(0.,-1.,0.));
#14893=DIRECTION('',(1.,0.,0.));
#14894=DIRECTION('',(0.,-0.707106781186498,-0.707106781186598));
#14895=DIRECTION('',(1.,0.,0.));
#14896=DIRECTION('',(1.,0.,0.));
#14897=DIRECTION('',(0.,-0.707106781186498,-0.707106781186598));
#14898=DIRECTION('',(-1.,0.,0.));
#14899=DIRECTION('',(0.,0.,-1.));
#14900=DIRECTION('',(0.,0.707106781186597,-0.707106781186498));
#14901=DIRECTION('',(1.,0.,0.));
#14902=DIRECTION('',(0.,0.707106781186597,-0.707106781186498));
#14903=DIRECTION('',(0.,-0.707106781186498,-0.707106781186598));
#14904=DIRECTION('',(0.,-0.707106781186598,0.707106781186498));
#14905=DIRECTION('',(1.,0.,0.));
#14906=DIRECTION('',(0.,-1.,0.));
#14907=DIRECTION('',(1.,0.,0.));
#14908=DIRECTION('',(1.,0.,0.));
#14909=DIRECTION('',(0.,-1.,0.));
#14910=DIRECTION('',(-1.,0.,0.));
#14911=DIRECTION('',(0.,0.,-1.));
#14912=DIRECTION('',(0.,0.,-1.));
#14913=DIRECTION('',(1.,0.,0.));
#14914=DIRECTION('',(0.,0.,-1.));
#14915=DIRECTION('',(0.,-1.,0.));
#14916=DIRECTION('',(0.,0.,-1.));
#14917=DIRECTION('',(0.,-0.707106781186548,-0.707106781186548));
#14918=DIRECTION('',(1.,0.,0.));
#14919=DIRECTION('',(0.,-0.707106781186548,-0.707106781186548));
#14920=DIRECTION('',(0.,-0.707106781186548,0.707106781186548));
#14921=DIRECTION('',(-1.,0.,0.));
#14922=DIRECTION('',(0.,0.,-1.));
#14923=DIRECTION('',(1.,0.,0.));
#14924=DIRECTION('',(0.,0.,-1.));
#14925=DIRECTION('',(0.,-1.,0.));
#14926=DIRECTION('',(0.,0.,-1.));
#14927=DIRECTION('',(0.,-1.,0.));
#14928=DIRECTION('',(1.,0.,0.));
#14929=DIRECTION('',(0.,-1.,0.));
#14930=DIRECTION('',(0.,0.,1.));
#14931=DIRECTION('',(1.,0.,0.));
#14932=DIRECTION('',(0.,0.,1.));
#14933=DIRECTION('',(1.,0.,0.));
#14934=DIRECTION('',(0.,0.,1.));
#14935=DIRECTION('',(0.,1.,0.));
#14936=DIRECTION('',(1.,0.,0.));
#14937=DIRECTION('',(-1.,0.,0.));
#14938=DIRECTION('',(0.,-0.707106781186496,-0.707106781186596));
#14939=DIRECTION('',(1.,0.,0.));
#14940=DIRECTION('',(-1.,0.,0.));
#14941=DIRECTION('',(0.,-0.707106781186496,-0.707106781186596));
#14942=DIRECTION('',(-1.,0.,0.));
#14943=DIRECTION('',(0.,0.,-0.999999999999998));
#14944=DIRECTION('',(0.,-0.707106781186548,0.707106781186548));
#14945=DIRECTION('',(1.,0.,0.));
#14946=DIRECTION('',(0.,-0.707106781186548,0.707106781186548));
#14947=DIRECTION('',(0.,0.707106781186498,0.707106781186598));
#14948=DIRECTION('',(1.,0.,0.));
#14949=DIRECTION('',(-1.,0.,0.));
#14950=DIRECTION('',(0.,0.,-1.));
#14951=DIRECTION('',(1.,0.,0.));
#14952=DIRECTION('',(-1.,0.,0.));
#14953=DIRECTION('',(0.,0.,-1.));
#14954=DIRECTION('',(-1.,0.,0.));
#14955=DIRECTION('',(0.,0.,-1.));
#14956=DIRECTION('',(0.,-1.,0.));
#14957=DIRECTION('',(0.,-1.,0.));
#14958=DIRECTION('',(1.,0.,0.));
#14959=DIRECTION('',(0.,0.,1.));
#14960=DIRECTION('',(1.,0.,0.));
#14961=DIRECTION('',(1.,0.,0.));
#14962=DIRECTION('',(0.,-0.707106781186548,0.707106781186548));
#14963=DIRECTION('',(1.,0.,0.));
#14964=DIRECTION('',(0.,-0.707106781186548,0.707106781186548));
#14965=DIRECTION('',(0.,0.707106781186548,0.707106781186548));
#14966=DIRECTION('',(1.,0.,0.));
#14967=DIRECTION('',(1.,0.,0.));
#14968=DIRECTION('',(-1.,0.,0.));
#14969=DIRECTION('',(0.,-0.707106781186496,0.707106781186598));
#14970=DIRECTION('',(1.,0.,0.));
#14971=DIRECTION('',(-1.,0.,0.));
#14972=DIRECTION('',(0.,-0.707106781186496,0.707106781186598));
#14973=DIRECTION('',(-1.,0.,0.));
#14974=DIRECTION('',(0.,0.,-1.));
#14975=DIRECTION('',(0.,0.707106781186548,0.707106781186548));
#14976=DIRECTION('',(1.,0.,0.));
#14977=DIRECTION('',(0.,0.707106781186548,0.707106781186548));
#14978=DIRECTION('',(0.,0.707106781186498,-0.707106781186598));
#14979=DIRECTION('',(-1.,0.,0.));
#14980=DIRECTION('',(-1.,0.,0.));
#14981=DIRECTION('',(0.,-0.999999999999998,0.));
#14982=DIRECTION('',(1.,0.,0.));
#14983=DIRECTION('',(-1.,0.,0.));
#14984=DIRECTION('',(0.,-0.999999999999998,0.));
#14985=DIRECTION('',(-1.,0.,0.));
#14986=DIRECTION('',(0.,0.,-0.999999999999998));
#14987=DIRECTION('',(0.,0.,1.));
#14988=DIRECTION('',(1.,0.,0.));
#14989=DIRECTION('',(0.,0.,1.));
#14990=DIRECTION('',(0.,1.,0.));
#14991=DIRECTION('',(1.,0.,0.));
#14992=DIRECTION('',(0.,1.,0.));
#14993=DIRECTION('',(1.,0.,0.));
#14994=DIRECTION('',(0.,1.,0.));
#14995=DIRECTION('',(0.,0.,-1.));
#14996=DIRECTION('',(0.,-1.,0.));
#14997=DIRECTION('',(0.,0.,-1.));
#14998=DIRECTION('',(1.,0.,0.));
#14999=DIRECTION('',(0.,0.,-1.));
#15000=DIRECTION('',(0.,-1.,0.));
#15001=DIRECTION('',(0.,0.,-1.));
#15002=DIRECTION('',(0.,1.,0.));
#15003=DIRECTION('',(1.,0.,0.));
#15004=DIRECTION('',(0.,1.,0.));
#15005=DIRECTION('',(0.,0.,-1.));
#15006=DIRECTION('',(0.,-1.,0.));
#15007=DIRECTION('',(0.,0.,-1.));
#15008=DIRECTION('',(1.,0.,0.));
#15009=DIRECTION('',(0.,0.,-1.));
#15010=DIRECTION('',(0.,-1.,0.));
#15011=DIRECTION('',(0.,0.,-1.));
#15012=DIRECTION('',(1.,0.,0.));
#15013=DIRECTION('',(0.,-0.707106781186498,0.707106781186598));
#15014=DIRECTION('',(1.,0.,0.));
#15015=DIRECTION('',(1.,0.,0.));
#15016=DIRECTION('',(0.,-0.707106781186498,0.707106781186598));
#15017=DIRECTION('',(-1.,0.,0.));
#15018=DIRECTION('',(0.,0.,-1.));
#15019=DIRECTION('',(0.,-0.707106781186597,-0.707106781186498));
#15020=DIRECTION('',(1.,0.,0.));
#15021=DIRECTION('',(0.,-0.707106781186597,-0.707106781186498));
#15022=DIRECTION('',(0.,-0.707106781186498,0.707106781186598));
#15023=DIRECTION('',(-1.,0.,0.));
#15024=DIRECTION('',(1.,0.,0.));
#15025=DIRECTION('',(0.,0.,1.));
#15026=DIRECTION('',(1.,0.,0.));
#15027=DIRECTION('',(1.,0.,0.));
#15028=DIRECTION('',(0.,0.,1.));
#15029=DIRECTION('',(-1.,0.,0.));
#15030=DIRECTION('',(0.,0.,-1.));
#15031=DIRECTION('',(0.,-1.,0.));
#15032=DIRECTION('',(0.,-1.,0.));
#15033=DIRECTION('',(1.,0.,0.));
#15034=DIRECTION('',(0.,0.,1.));
#15035=DIRECTION('',(1.,0.,0.));
#15036=DIRECTION('',(0.,-1.,0.));
#15037=DIRECTION('',(0.,-1.,0.));
#15038=DIRECTION('',(1.,0.,0.));
#15039=DIRECTION('',(0.,0.,1.));
#15040=DIRECTION('',(1.,0.,0.));
#15041=DIRECTION('',(0.,1.,0.));
#15042=DIRECTION('',(0.,0.,-1.));
#15043=DIRECTION('',(1.,0.,0.));
#15044=DIRECTION('',(0.,1.,0.));
#15045=DIRECTION('',(0.,1.,0.));
#15046=DIRECTION('',(0.,0.,-1.));
#15047=DIRECTION('',(1.,0.,0.));
#15048=DIRECTION('',(0.,1.,0.));
#15049=DIRECTION('',(0.,0.,1.));
#15050=DIRECTION('',(1.,0.,0.));
#15051=DIRECTION('',(0.,1.,0.));
#15052=DIRECTION('',(0.,1.,0.));
#15053=DIRECTION('',(0.,0.,1.));
#15054=DIRECTION('',(1.,0.,0.));
#15055=DIRECTION('',(0.,1.,0.));
#15056=DIRECTION('',(0.,1.,0.));
#15057=DIRECTION('',(1.,0.,0.));
#15058=DIRECTION('',(0.,0.,-1.));
#15059=DIRECTION('',(0.,-1.,0.));
#15060=DIRECTION('',(0.,1.,0.));
#15061=DIRECTION('',(0.,0.,-1.));
#15062=DIRECTION('',(1.,0.,0.));
#15063=DIRECTION('',(0.,1.,0.));
#15064=DIRECTION('',(0.,1.,0.));
#15065=DIRECTION('',(0.,0.,-1.));
#15066=DIRECTION('',(1.,0.,0.));
#15067=DIRECTION('',(0.,1.,0.));
#15068=DIRECTION('',(0.,0.,1.));
#15069=DIRECTION('',(1.,0.,0.));
#15070=DIRECTION('',(0.,1.,0.));
#15071=DIRECTION('',(0.,0.,1.));
#15072=DIRECTION('',(1.,0.,0.));
#15073=DIRECTION('',(0.,1.,0.));
#15074=DIRECTION('',(0.,1.,0.));
#15075=DIRECTION('',(1.,0.,0.));
#15076=DIRECTION('',(0.,1.,0.));
#15077=DIRECTION('',(1.,0.,0.));
#15078=DIRECTION('',(1.,0.,0.));
#15079=DIRECTION('',(1.,0.,0.));
#15080=DIRECTION('',(1.,0.,0.));
#15081=DIRECTION('',(1.,0.,0.));
#15082=DIRECTION('',(1.,0.,0.));
#15083=DIRECTION('',(1.,0.,0.));
#15084=DIRECTION('',(1.,0.,0.));
#15085=DIRECTION('',(1.,0.,0.));
#15086=DIRECTION('',(1.,0.,0.));
#15087=DIRECTION('',(0.,1.,0.));
#15088=DIRECTION('',(1.,0.,0.));
#15089=DIRECTION('',(0.,1.,0.));
#15090=DIRECTION('',(1.,0.,0.));
#15091=DIRECTION('',(0.,1.,0.));
#15092=DIRECTION('',(0.,0.,-1.));
#15093=DIRECTION('',(0.,-1.,0.));
#15094=DIRECTION('',(1.,0.,0.));
#15095=DIRECTION('',(0.,-0.707106781186548,0.707106781186548));
#15096=DIRECTION('',(0.,-0.707106781186548,0.707106781186548));
#15097=DIRECTION('',(0.,0.707106781186548,0.707106781186548));
#15098=DIRECTION('',(1.,0.,0.));
#15099=DIRECTION('',(1.,0.,0.));
#15100=DIRECTION('',(-1.,0.,0.));
#15101=DIRECTION('',(0.,-0.707106781186496,0.707106781186598));
#15102=DIRECTION('',(1.,0.,0.));
#15103=DIRECTION('',(-1.,0.,0.));
#15104=DIRECTION('',(0.,-0.707106781186496,0.707106781186598));
#15105=DIRECTION('',(-1.,0.,0.));
#15106=DIRECTION('',(0.,0.,-1.));
#15107=DIRECTION('',(0.,0.707106781186548,0.707106781186548));
#15108=DIRECTION('',(1.,0.,0.));
#15109=DIRECTION('',(0.,0.707106781186548,0.707106781186548));
#15110=DIRECTION('',(0.,0.707106781186498,-0.707106781186598));
#15111=DIRECTION('',(-1.,0.,0.));
#15112=DIRECTION('',(-1.,0.,0.));
#15113=DIRECTION('',(0.,-0.999999999999998,0.));
#15114=DIRECTION('',(1.,0.,0.));
#15115=DIRECTION('',(-1.,0.,0.));
#15116=DIRECTION('',(0.,-0.999999999999998,0.));
#15117=DIRECTION('',(-1.,0.,0.));
#15118=DIRECTION('',(0.,0.,-0.999999999999998));
#15119=DIRECTION('',(0.,0.,1.));
#15120=DIRECTION('',(1.,0.,0.));
#15121=DIRECTION('',(0.,0.,1.));
#15122=DIRECTION('',(0.,1.,0.));
#15123=DIRECTION('',(1.,0.,0.));
#15124=DIRECTION('',(0.,1.,0.));
#15125=DIRECTION('',(1.,0.,0.));
#15126=DIRECTION('',(0.,1.,0.));
#15127=DIRECTION('',(0.,0.,-1.));
#15128=DIRECTION('',(0.,-1.,0.));
#15129=DIRECTION('',(0.,0.,-1.));
#15130=DIRECTION('',(1.,0.,0.));
#15131=DIRECTION('',(0.,0.,-1.));
#15132=DIRECTION('',(0.,-1.,0.));
#15133=DIRECTION('',(0.,0.,-1.));
#15134=DIRECTION('',(0.,1.,0.));
#15135=DIRECTION('',(1.,0.,0.));
#15136=DIRECTION('',(0.,1.,0.));
#15137=DIRECTION('',(0.,0.,-1.));
#15138=DIRECTION('',(0.,-1.,0.));
#15139=DIRECTION('',(0.,0.,-1.));
#15140=DIRECTION('',(1.,0.,0.));
#15141=DIRECTION('',(0.,0.,-1.));
#15142=DIRECTION('',(0.,-1.,0.));
#15143=DIRECTION('',(0.,0.,-1.));
#15144=DIRECTION('',(1.,0.,0.));
#15145=DIRECTION('',(0.,-0.707106781186498,0.707106781186598));
#15146=DIRECTION('',(1.,0.,0.));
#15147=DIRECTION('',(1.,0.,0.));
#15148=DIRECTION('',(0.,-0.707106781186498,0.707106781186598));
#15149=DIRECTION('',(-1.,0.,0.));
#15150=DIRECTION('',(0.,0.,-1.));
#15151=DIRECTION('',(0.,-0.707106781186597,-0.707106781186498));
#15152=DIRECTION('',(1.,0.,0.));
#15153=DIRECTION('',(0.,-0.707106781186597,-0.707106781186498));
#15154=DIRECTION('',(0.,-0.707106781186498,0.707106781186598));
#15155=DIRECTION('',(-1.,0.,0.));
#15156=DIRECTION('',(1.,0.,0.));
#15157=DIRECTION('',(0.,0.,1.));
#15158=DIRECTION('',(1.,0.,0.));
#15159=DIRECTION('',(1.,0.,0.));
#15160=DIRECTION('',(0.,0.,1.));
#15161=DIRECTION('',(-1.,0.,0.));
#15162=DIRECTION('',(0.,0.,-1.));
#15163=DIRECTION('',(0.,-1.,0.));
#15164=DIRECTION('',(0.,-1.,0.));
#15165=DIRECTION('',(1.,0.,0.));
#15166=DIRECTION('',(0.,0.,1.));
#15167=DIRECTION('',(1.,0.,0.));
#15168=DIRECTION('',(0.,-1.,0.));
#15169=DIRECTION('',(0.,-1.,0.));
#15170=DIRECTION('',(1.,0.,0.));
#15171=DIRECTION('',(0.,0.,1.));
#15172=DIRECTION('',(1.,0.,0.));
#15173=DIRECTION('',(0.,0.,-1.));
#15174=DIRECTION('',(1.,0.,0.));
#15175=DIRECTION('',(0.,1.,0.));
#15176=DIRECTION('',(0.,1.,0.));
#15177=DIRECTION('',(0.,0.,-1.));
#15178=DIRECTION('',(1.,0.,0.));
#15179=DIRECTION('',(0.,1.,0.));
#15180=DIRECTION('',(0.,0.,1.));
#15181=DIRECTION('',(1.,0.,0.));
#15182=DIRECTION('',(0.,1.,0.));
#15183=DIRECTION('',(0.,1.,0.));
#15184=DIRECTION('',(0.,0.,1.));
#15185=DIRECTION('',(1.,0.,0.));
#15186=DIRECTION('',(0.,1.,0.));
#15187=DIRECTION('',(0.,1.,0.));
#15188=DIRECTION('',(1.,0.,0.));
#15189=DIRECTION('',(0.,0.,-1.));
#15190=DIRECTION('',(0.,-1.,0.));
#15191=DIRECTION('',(1.110223024625E-14,0.,-1.));
#15192=DIRECTION('',(1.,0.,0.));
#15193=DIRECTION('',(0.,1.,0.));
#15194=DIRECTION('',(0.,1.,0.));
#15195=DIRECTION('',(-1.110223024625E-14,0.,-1.));
#15196=DIRECTION('',(1.,0.,0.));
#15197=DIRECTION('',(0.,1.,0.));
#15198=DIRECTION('',(0.,0.,1.));
#15199=DIRECTION('',(1.,0.,0.));
#15200=DIRECTION('',(0.,1.,0.));
#15201=DIRECTION('',(0.,0.,1.));
#15202=DIRECTION('',(1.,0.,0.));
#15203=DIRECTION('',(0.,1.,0.));
#15204=DIRECTION('',(1.,0.,0.));
#15205=DIRECTION('',(0.,0.,-1.));
#15206=DIRECTION('',(-1.,0.,0.));
#15207=DIRECTION('',(0.,0.,1.));
#15208=DIRECTION('',(0.,0.,-1.));
#15209=DIRECTION('',(1.,0.,0.));
#15210=DIRECTION('',(0.,0.,-1.));
#15211=DIRECTION('',(-1.,0.,0.));
#15212=DIRECTION('',(-1.,0.,0.));
#15213=DIRECTION('',(-1.,0.,0.));
#15214=DIRECTION('',(-1.,0.,0.));
#15215=DIRECTION('',(-1.,0.,0.));
#15216=DIRECTION('',(-1.,0.,0.));
#15217=DIRECTION('',(-1.,0.,0.));
#15218=DIRECTION('',(-1.,0.,0.));
#15219=DIRECTION('',(-1.,0.,0.));
#15220=DIRECTION('',(-1.,0.,0.));
#15221=DIRECTION('',(0.,0.,-1.));
#15222=DIRECTION('',(0.,1.,0.));
#15223=DIRECTION('',(1.,0.,0.));
#15224=DIRECTION('',(0.,-1.,0.));
#15225=DIRECTION('',(1.,0.,0.));
#15226=DIRECTION('',(0.,-1.,0.));
#15227=DIRECTION('',(1.,0.,0.));
#15228=DIRECTION('',(0.,0.,1.));
#15229=DIRECTION('',(1.,0.,0.));
#15230=DIRECTION('',(1.,0.,0.));
#15231=DIRECTION('',(-1.,0.,0.));
#15232=DIRECTION('',(0.,0.,-1.));
#15233=DIRECTION('',(-1.,0.,0.));
#15234=DIRECTION('',(0.,0.,-1.));
#15235=DIRECTION('',(-1.,0.,0.));
#15236=DIRECTION('',(0.,0.,-1.));
#15237=DIRECTION('',(1.,0.,0.));
#15238=DIRECTION('',(0.,-0.707106781186548,0.707106781186548));
#15239=DIRECTION('',(0.,-0.707106781186548,0.707106781186548));
#15240=DIRECTION('',(0.,0.707106781186498,0.707106781186598));
#15241=DIRECTION('',(1.,0.,0.));
#15242=DIRECTION('',(1.,0.,0.));
#15243=DIRECTION('',(-1.,0.,0.));
#15244=DIRECTION('',(0.,-0.707106781186496,-0.707106781186596));
#15245=DIRECTION('',(-1.,0.,0.));
#15246=DIRECTION('',(0.,-0.707106781186496,-0.707106781186596));
#15247=DIRECTION('',(-1.,0.,0.));
#15248=DIRECTION('',(0.,0.,-0.999999999999998));
#15249=DIRECTION('',(1.,0.,0.));
#15250=DIRECTION('',(0.,0.,1.));
#15251=DIRECTION('',(0.,0.,1.));
#15252=DIRECTION('',(0.,1.,0.));
#15253=DIRECTION('',(1.,0.,0.));
#15254=DIRECTION('',(1.,0.,0.));
#15255=DIRECTION('',(0.,-1.,0.));
#15256=DIRECTION('',(0.,-1.,0.));
#15257=DIRECTION('',(0.,0.,1.));
#15258=DIRECTION('',(1.,0.,0.));
#15259=DIRECTION('',(1.,0.,0.));
#15260=DIRECTION('',(0.,0.,-1.));
#15261=DIRECTION('',(0.,0.,-1.));
#15262=DIRECTION('',(0.,-1.,0.));
#15263=DIRECTION('',(0.,0.,-1.));
#15264=DIRECTION('',(1.,0.,0.));
#15265=DIRECTION('',(0.,-0.707106781186548,-0.707106781186548));
#15266=DIRECTION('',(0.,-0.707106781186548,-0.707106781186548));
#15267=DIRECTION('',(0.,-0.707106781186548,0.707106781186548));
#15268=DIRECTION('',(-1.,0.,0.));
#15269=DIRECTION('',(1.,0.,0.));
#15270=DIRECTION('',(0.,0.,-1.));
#15271=DIRECTION('',(0.,0.,-1.));
#15272=DIRECTION('',(0.,-1.,0.));
#15273=DIRECTION('',(0.,0.,-1.));
#15274=DIRECTION('',(1.,0.,0.));
#15275=DIRECTION('',(1.,0.,0.));
#15276=DIRECTION('',(0.,-1.,0.));
#15277=DIRECTION('',(1.,0.,0.));
#15278=DIRECTION('',(0.,-1.,0.));
#15279=DIRECTION('',(-1.,0.,0.));
#15280=DIRECTION('',(0.,0.,-1.));
#15281=DIRECTION('',(1.,0.,0.));
#15282=DIRECTION('',(0.,0.707106781186597,-0.707106781186498));
#15283=DIRECTION('',(0.,0.707106781186597,-0.707106781186498));
#15284=DIRECTION('',(0.,-0.707106781186498,-0.707106781186598));
#15285=DIRECTION('',(0.,-0.707106781186598,0.707106781186498));
#15286=DIRECTION('',(1.,0.,0.));
#15287=DIRECTION('',(1.,0.,0.));
#15288=DIRECTION('',(0.,-0.707106781186498,-0.707106781186598));
#15289=DIRECTION('',(1.,0.,0.));
#15290=DIRECTION('',(0.,-0.707106781186498,-0.707106781186598));
#15291=DIRECTION('',(-1.,0.,0.));
#15292=DIRECTION('',(0.,0.,-1.));
#15293=DIRECTION('',(0.,1.,0.));
#15294=DIRECTION('',(0.,1.,0.));
#15295=DIRECTION('',(0.,0.,-1.));
#15296=DIRECTION('',(0.,-1.,0.));
#15297=DIRECTION('',(0.,1.,0.));
#15298=DIRECTION('',(0.,1.,0.));
#15299=DIRECTION('',(1.,0.,0.));
#15300=DIRECTION('',(0.,0.,-1.));
#15301=DIRECTION('',(0.,-1.,0.));
#15302=DIRECTION('',(1.,0.,0.));
#15303=DIRECTION('',(1.,0.,0.));
#15304=DIRECTION('',(0.,0.,1.));
#15305=DIRECTION('',(1.,0.,0.));
#15306=DIRECTION('',(1.,0.,0.));
#15307=DIRECTION('',(0.,0.,1.));
#15308=DIRECTION('',(-1.,0.,0.));
#15309=DIRECTION('',(0.,0.,-1.));
#15310=DIRECTION('',(1.,0.,0.));
#15311=DIRECTION('',(0.,-0.707106781186597,-0.707106781186498));
#15312=DIRECTION('',(0.,-0.707106781186597,-0.707106781186498));
#15313=DIRECTION('',(0.,-0.707106781186498,0.707106781186598));
#15314=DIRECTION('',(-1.,0.,0.));
#15315=DIRECTION('',(1.,0.,0.));
#15316=DIRECTION('',(1.,0.,0.));
#15317=DIRECTION('',(0.,-0.707106781186498,0.707106781186598));
#15318=DIRECTION('',(1.,0.,0.));
#15319=DIRECTION('',(0.,-0.707106781186498,0.707106781186598));
#15320=DIRECTION('',(-1.,0.,0.));
#15321=DIRECTION('',(0.,0.,-1.));
#15322=DIRECTION('',(1.,0.,0.));
#15323=DIRECTION('',(0.,0.,-1.));
#15324=DIRECTION('',(0.,0.,-1.));
#15325=DIRECTION('',(0.,-1.,0.));
#15326=DIRECTION('',(0.,0.,-1.));
#15327=DIRECTION('',(1.,0.,0.));
#15328=DIRECTION('',(0.,1.,0.));
#15329=DIRECTION('',(0.,1.,0.));
#15330=DIRECTION('',(0.,0.,-1.));
#15331=DIRECTION('',(0.,-1.,0.));
#15332=DIRECTION('',(1.,0.,0.));
#15333=DIRECTION('',(0.,0.,-1.));
#15334=DIRECTION('',(0.,0.,-1.));
#15335=DIRECTION('',(0.,-1.,0.));
#15336=DIRECTION('',(0.,0.,-1.));
#15337=DIRECTION('',(1.,0.,0.));
#15338=DIRECTION('',(0.,1.,0.));
#15339=DIRECTION('',(0.,1.,0.));
#15340=DIRECTION('',(0.,0.,-1.));
#15341=DIRECTION('',(0.,-1.,0.));
#15342=DIRECTION('',(1.,0.,0.));
#15343=DIRECTION('',(0.,0.,1.));
#15344=DIRECTION('',(0.,0.,1.));
#15345=DIRECTION('',(0.,1.,0.));
#15346=DIRECTION('',(1.,0.,0.));
#15347=DIRECTION('',(1.,0.,0.));
#15348=DIRECTION('',(-1.,0.,0.));
#15349=DIRECTION('',(0.,-0.999999999999998,0.));
#15350=DIRECTION('',(-1.,0.,0.));
#15351=DIRECTION('',(0.,-0.999999999999998,0.));
#15352=DIRECTION('',(-1.,0.,0.));
#15353=DIRECTION('',(0.,0.,-0.999999999999998));
#15354=DIRECTION('',(1.,0.,0.));
#15355=DIRECTION('',(0.,0.707106781186548,0.707106781186548));
#15356=DIRECTION('',(0.,0.707106781186548,0.707106781186548));
#15357=DIRECTION('',(0.,0.707106781186498,-0.707106781186598));
#15358=DIRECTION('',(-1.,0.,0.));
#15359=DIRECTION('',(1.,0.,0.));
#15360=DIRECTION('',(-1.,0.,0.));
#15361=DIRECTION('',(0.,-0.707106781186496,0.707106781186598));
#15362=DIRECTION('',(-1.,0.,0.));
#15363=DIRECTION('',(0.,-0.707106781186496,0.707106781186598));
#15364=DIRECTION('',(-1.,0.,0.));
#15365=DIRECTION('',(0.,0.,-1.));
#15366=DIRECTION('',(0.,1.,0.));
#15367=DIRECTION('',(0.,1.,0.));
#15368=DIRECTION('',(1.,0.,0.));
#15369=DIRECTION('',(0.,0.,-1.));
#15370=DIRECTION('',(0.,-1.,0.));
#15371=DIRECTION('',(0.,-1.,0.));
#15372=DIRECTION('',(1.,0.,0.));
#15373=DIRECTION('',(0.,1.,0.));
#15374=DIRECTION('',(0.,1.,0.));
#15375=DIRECTION('',(1.,0.,0.));
#15376=DIRECTION('',(0.,1.,0.));
#15377=DIRECTION('',(0.,0.,1.));
#15378=DIRECTION('',(1.,0.,0.));
#15379=DIRECTION('',(0.,1.,0.));
#15380=DIRECTION('',(0.,-1.,0.));
#15381=DIRECTION('',(0.,0.,1.));
#15382=DIRECTION('',(1.,0.,0.));
#15383=DIRECTION('',(0.,1.,0.));
#15384=DIRECTION('',(0.,-1.,0.));
#15385=DIRECTION('',(0.,0.,1.));
#15386=DIRECTION('',(1.,0.,0.));
#15387=DIRECTION('',(0.,-1.,0.));
#15388=DIRECTION('',(1.,0.,0.));
#15389=DIRECTION('',(0.,0.,1.));
#15390=DIRECTION('',(1.,0.,0.));
#15391=DIRECTION('',(1.,0.,0.));
#15392=DIRECTION('',(0.,1.,0.));
#15393=DIRECTION('',(0.,1.,0.));
#15394=DIRECTION('',(1.,0.,0.));
#15395=DIRECTION('',(0.,1.,0.));
#15396=DIRECTION('',(0.,0.,1.));
#15397=DIRECTION('',(1.,0.,0.));
#15398=DIRECTION('',(0.,1.,0.));
#15399=DIRECTION('',(0.,0.,1.));
#15400=DIRECTION('',(1.,0.,0.));
#15401=DIRECTION('',(0.,1.,0.));
#15402=DIRECTION('',(-1.,0.,0.));
#15403=DIRECTION('',(0.,1.,0.));
#15404=DIRECTION('',(0.,0.,1.));
#15405=DIRECTION('',(1.,0.,0.));
#15406=DIRECTION('',(0.,0.,1.));
#15407=DIRECTION('',(1.,0.,0.));
#15408=DIRECTION('',(0.,1.,0.));
#15409=DIRECTION('',(-0.474503860688503,-0.741412282325705,0.474503860688503));
#15410=DIRECTION('',(0.474503860688503,0.741412282325705,0.474503860688503));
#15411=DIRECTION('',(0.,0.,-1.));
#15412=DIRECTION('',(-0.842271400661493,0.539053696423396,0.));
#15413=DIRECTION('',(0.,0.,1.));
#15414=DIRECTION('',(1.,0.,0.));
#15415=DIRECTION('',(-0.474503860688503,0.741412282325705,-0.474503860688503));
#15416=DIRECTION('',(0.,0.539053696423396,0.842271400661493));
#15417=DIRECTION('',(1.,0.,0.));
#15418=DIRECTION('',(0.474503860688503,-0.741412282325705,-0.474503860688503));
#15419=DIRECTION('',(0.,0.,-1.));
#15420=DIRECTION('',(0.842271400661493,0.539053696423396,0.));
#15421=DIRECTION('',(0.,0.,-1.));
#15422=DIRECTION('',(-1.,0.,0.));
#15423=DIRECTION('',(0.,0.539053696423396,-0.842271400661493));
#15424=DIRECTION('',(-1.,0.,0.));
#15425=DIRECTION('',(-0.348155311911396,-0.870388279778489,-0.348155311911396));
#15426=DIRECTION('',(0.,0.,-1.));
#15427=DIRECTION('',(-0.348155311911396,-0.870388279778489,0.348155311911396));
#15428=DIRECTION('',(0.,0.,-1.));
#15429=DIRECTION('',(-0.928476690885266,0.371390676354087,0.));
#15430=DIRECTION('',(0.,0.,1.));
#15431=DIRECTION('',(0.348155311911396,-0.870388279778489,-0.348155311911396));
#15432=DIRECTION('',(-1.,0.,0.));
#15433=DIRECTION('',(1.,0.,0.));
#15434=DIRECTION('',(0.,0.371390676354087,-0.928476690885266));
#15435=DIRECTION('',(-1.,0.,0.));
#15436=DIRECTION('',(0.,0.,1.));
#15437=DIRECTION('',(0.348155311911396,-0.870388279778489,0.348155311911396));
#15438=DIRECTION('',(0.,0.,1.));
#15439=DIRECTION('',(0.928476690885266,0.371390676354087,0.));
#15440=DIRECTION('',(0.,0.,-1.));
#15441=DIRECTION('',(0.348155311911396,-0.870388279778489,0.348155311911396));
#15442=DIRECTION('',(1.,0.,0.));
#15443=DIRECTION('',(1.,0.,0.));
#15444=DIRECTION('',(0.,0.371390676354087,0.928476690885266));
#15445=DIRECTION('',(1.,0.,0.));
#15446=DIRECTION('',(0.,-1.,0.));
#15447=DIRECTION('',(1.,0.,0.));
#15448=DIRECTION('',(0.,-1.,0.));
#15449=DIRECTION('',(0.,0.,1.));
#15450=DIRECTION('',(1.,0.,0.));
#15451=DIRECTION('',(0.,-1.,0.));
#15452=DIRECTION('',(1.,0.,0.));
#15453=DIRECTION('',(0.,1.,0.));
#15454=DIRECTION('',(1.,0.,0.));
#15455=DIRECTION('',(0.,0.,1.));
#15456=DIRECTION('',(1.,0.,0.));
#15457=DIRECTION('',(0.,0.,-1.));
#15458=DIRECTION('',(0.,-1.,0.));
#15459=DIRECTION('',(0.,0.,1.));
#15460=DIRECTION('',(1.,0.,0.));
#15461=DIRECTION('',(0.,1.,0.));
#15462=DIRECTION('',(1.,0.,0.));
#15463=DIRECTION('',(-0.348155311911396,-0.870388279778489,0.348155311911396));
#15464=DIRECTION('',(1.,0.,0.));
#15465=DIRECTION('',(0.348155311911396,-0.870388279778489,0.348155311911396));
#15466=DIRECTION('',(0.,0.371390676354087,0.928476690885266));
#15467=DIRECTION('',(1.,0.,0.));
#15468=DIRECTION('',(-0.348155311911396,-0.870388279778489,0.348155311911396));
#15469=DIRECTION('',(0.,0.,-1.));
#15470=DIRECTION('',(-0.928476690885266,0.371390676354087,0.));
#15471=DIRECTION('',(0.,0.,1.));
#15472=DIRECTION('',(-1.,0.,0.));
#15473=DIRECTION('',(0.,0.371390676354087,0.928476690885266));
#15474=DIRECTION('',(1.,0.,0.));
#15475=DIRECTION('',(0.,0.,-1.));
#15476=DIRECTION('',(0.,1.,0.));
#15477=DIRECTION('',(1.,0.,0.));
#15478=DIRECTION('',(0.,0.,-1.));
#15479=DIRECTION('',(0.928476690885266,0.371390676354087,0.));
#15480=DIRECTION('',(0.,0.,-1.));
#15481=DIRECTION('',(0.,-1.,0.));
#15482=DIRECTION('',(0.,0.,-1.));
#15483=DIRECTION('',(-1.,0.,0.));
#15484=DIRECTION('',(0.,0.,1.));
#15485=DIRECTION('',(0.,0.,-1.));
#15486=DIRECTION('',(0.,0.,-1.));
#15487=DIRECTION('',(0.,0.,1.));
#15488=DIRECTION('',(0.,-1.,0.));
#15489=DIRECTION('',(-1.,0.,0.));
#15490=DIRECTION('',(0.,0.,1.));
#15491=DIRECTION('',(0.,0.,1.));
#15492=DIRECTION('',(0.,0.,1.));
#15493=DIRECTION('',(0.,0.,1.));
#15494=DIRECTION('',(0.,-1.,0.));
#15495=DIRECTION('',(1.,0.,0.));
#15496=DIRECTION('',(0.,1.,0.));
#15497=DIRECTION('',(0.,1.,0.));
#15498=DIRECTION('',(1.,0.,0.));
#15499=DIRECTION('',(0.,-1.,0.));
#15500=DIRECTION('',(0.,1.,0.));
#15501=DIRECTION('',(1.,0.,0.));
#15502=DIRECTION('',(0.,0.,1.));
#15503=DIRECTION('',(1.,0.,0.));
#15504=DIRECTION('',(0.,0.,1.));
#15505=DIRECTION('',(0.,-1.,0.));
#15506=DIRECTION('',(0.,0.,-1.));
#15507=DIRECTION('',(1.,0.,0.));
#15508=DIRECTION('',(0.,1.,0.));
#15509=DIRECTION('',(-1.,0.,0.));
#15510=DIRECTION('',(1.,0.,0.));
#15511=DIRECTION('',(-1.,0.,0.));
#15512=DIRECTION('',(0.,-1.,0.));
#15513=DIRECTION('',(-1.,0.,0.));
#15514=DIRECTION('',(-1.,0.,0.));
#15515=DIRECTION('',(1.,0.,0.));
#15516=DIRECTION('',(0.,0.,1.));
#15517=DIRECTION('',(1.,0.,0.));
#15518=DIRECTION('',(0.,0.,-1.));
#15519=DIRECTION('',(0.,0.,-1.));
#15520=DIRECTION('',(0.,0.,1.));
#15521=DIRECTION('',(0.,-1.,0.));
#15522=DIRECTION('',(-1.,0.,0.));
#15523=DIRECTION('',(0.,0.,1.));
#15524=DIRECTION('',(0.,0.,1.));
#15525=DIRECTION('',(0.,0.,1.));
#15526=DIRECTION('',(0.,0.,1.));
#15527=DIRECTION('',(0.,-1.,0.));
#15528=DIRECTION('',(1.,0.,0.));
#15529=DIRECTION('',(0.,1.,0.));
#15530=DIRECTION('',(0.,0.,1.));
#15531=DIRECTION('',(0.,0.,-1.));
#15532=DIRECTION('',(0.,0.,-1.));
#15533=DIRECTION('',(0.,-1.,0.));
#15534=DIRECTION('',(-1.,0.,0.));
#15535=DIRECTION('',(0.,0.,1.));
#15536=DIRECTION('',(0.,1.,0.));
#15537=DIRECTION('',(1.,0.,0.));
#15538=DIRECTION('',(0.,1.,0.));
#15539=DIRECTION('',(1.,0.,0.));
#15540=DIRECTION('',(0.,0.,-1.));
#15541=DIRECTION('',(0.,-1.,0.));
#15542=DIRECTION('',(0.,0.,1.));
#15543=DIRECTION('',(0.,0.,-1.));
#15544=DIRECTION('',(0.,0.,-1.));
#15545=DIRECTION('',(0.,-1.,0.));
#15546=DIRECTION('',(-1.,0.,0.));
#15547=DIRECTION('',(0.,0.,1.));
#15548=DIRECTION('',(0.,-1.,0.));
#15549=DIRECTION('',(0.,0.,-1.));
#15550=DIRECTION('',(0.,0.,1.));
#15551=DIRECTION('',(0.,-1.,0.));
#15552=DIRECTION('',(0.,0.,-1.));
#15553=DIRECTION('',(1.,0.,0.));
#15554=DIRECTION('',(0.,-1.,0.));
#15555=DIRECTION('',(0.,0.,-1.));
#15556=DIRECTION('',(0.,0.,1.));
#15557=DIRECTION('',(1.,0.,0.));
#15558=DIRECTION('',(0.,-1.,0.));
#15559=DIRECTION('',(0.,0.,-1.));
#15560=DIRECTION('',(0.,0.,1.));
#15561=DIRECTION('',(0.,0.,1.));
#15562=DIRECTION('',(0.,-1.,0.));
#15563=DIRECTION('',(1.,0.,0.));
#15564=DIRECTION('',(0.,1.,0.));
#15565=DIRECTION('',(0.,0.,1.));
#15566=DIRECTION('',(1.,0.,0.));
#15567=DIRECTION('',(0.,1.,0.));
#15568=DIRECTION('',(1.,0.,0.));
#15569=DIRECTION('',(1.,0.,0.));
#15570=DIRECTION('',(0.,1.,0.));
#15571=DIRECTION('',(1.,0.,0.));
#15572=DIRECTION('',(1.,0.,0.));
#15573=DIRECTION('',(0.,0.,1.));
#15574=DIRECTION('',(0.,0.,1.));
#15575=DIRECTION('',(0.,1.,0.));
#15576=DIRECTION('',(1.,0.,0.));
#15577=DIRECTION('',(0.,1.,0.));
#15578=DIRECTION('',(0.,0.,-1.));
#15579=DIRECTION('',(1.,0.,0.));
#15580=DIRECTION('',(0.,1.,0.));
#15581=DIRECTION('',(0.,-1.,0.));
#15582=DIRECTION('',(1.,0.,0.));
#15583=DIRECTION('',(0.,-1.,0.));
#15584=DIRECTION('',(1.,0.,0.));
#15585=DIRECTION('',(0.,0.,1.));
#15586=DIRECTION('',(1.,0.,0.));
#15587=DIRECTION('',(0.,-1.,0.));
#15588=DIRECTION('',(1.,0.,0.));
#15589=DIRECTION('',(0.,-1.,0.));
#15590=DIRECTION('',(1.,0.,0.));
#15591=DIRECTION('',(0.,0.,1.));
#15592=DIRECTION('',(1.,0.,0.));
#15593=DIRECTION('',(0.,-1.,0.));
#15594=DIRECTION('',(-1.,0.,0.));
#15595=DIRECTION('',(0.,1.,0.));
#15596=DIRECTION('',(-1.,0.,0.));
#15597=DIRECTION('',(0.,-1.,0.));
#15598=DIRECTION('',(1.,0.,0.));
#15599=DIRECTION('',(0.,-1.,0.));
#15600=DIRECTION('',(0.,0.,1.));
#15601=DIRECTION('',(1.,0.,0.));
#15602=DIRECTION('',(0.,0.,-1.));
#15603=DIRECTION('',(0.,0.,1.));
#15604=DIRECTION('',(1.,0.,0.));
#15605=DIRECTION('',(0.,1.,0.));
#15606=DIRECTION('',(0.,-1.,0.));
#15607=DIRECTION('',(-1.,0.,0.));
#15608=DIRECTION('',(0.,-1.,0.));
#15609=DIRECTION('',(-1.,0.,0.));
#15610=DIRECTION('',(0.,0.,-1.));
#15611=DIRECTION('',(0.,-1.,0.));
#15612=DIRECTION('',(0.,0.,1.));
#15613=DIRECTION('',(0.,0.,-1.));
#15614=DIRECTION('',(0.,0.,1.));
#15615=DIRECTION('',(0.,1.,0.));
#15616=DIRECTION('',(1.,0.,0.));
#15617=DIRECTION('',(0.,-1.,0.));
#15618=DIRECTION('',(0.,0.,-1.));
#15619=DIRECTION('',(1.,0.,0.));
#15620=DIRECTION('',(0.,1.,0.));
#15621=DIRECTION('',(-1.,0.,0.));
#15622=DIRECTION('',(0.,0.,-1.));
#15623=DIRECTION('',(-1.,0.,0.));
#15624=DIRECTION('',(0.,0.,1.));
#15625=DIRECTION('',(0.,0.,-1.));
#15626=DIRECTION('',(0.,-1.,0.));
#15627=DIRECTION('',(0.,0.,-1.));
#15628=DIRECTION('',(0.,0.,1.));
#15629=DIRECTION('',(0.,0.,-1.));
#15630=DIRECTION('',(-1.,0.,0.));
#15631=DIRECTION('',(0.,-1.,0.));
#15632=DIRECTION('',(0.,0.,-1.));
#15633=DIRECTION('',(-1.,0.,0.));
#15634=DIRECTION('',(-1.,0.,0.));
#15635=DIRECTION('',(0.,-1.,0.));
#15636=DIRECTION('',(-1.,0.,0.));
#15637=DIRECTION('',(0.,-1.,0.));
#15638=DIRECTION('',(1.,0.,0.));
#15639=DIRECTION('',(0.,-1.,0.));
#15640=DIRECTION('',(0.,-1.,0.));
#15641=DIRECTION('',(-1.,0.,0.));
#15642=DIRECTION('',(0.,0.,-1.));
#15643=DIRECTION('',(0.,-1.,0.));
#15644=DIRECTION('',(1.,0.,0.));
#15645=DIRECTION('',(0.,0.,-1.));
#15646=DIRECTION('',(0.,1.,0.));
#15647=DIRECTION('',(1.,0.,0.));
#15648=DIRECTION('',(1.,0.,0.));
#15649=DIRECTION('',(0.,0.,1.));
#15650=DIRECTION('',(0.,1.,0.));
#15651=DIRECTION('',(1.,0.,0.));
#15652=DIRECTION('',(0.,0.,-1.));
#15653=DIRECTION('',(1.,0.,0.));
#15654=DIRECTION('',(0.,1.,0.));
#15655=DIRECTION('',(1.,0.,0.));
#15656=DIRECTION('',(0.,0.,1.));
#15657=DIRECTION('',(0.,-1.,0.));
#15658=DIRECTION('',(1.,0.,0.));
#15659=DIRECTION('',(0.,1.,0.));
#15660=DIRECTION('',(0.,1.,0.));
#15661=DIRECTION('',(-1.,0.,0.));
#15662=DIRECTION('',(0.,1.,0.));
#15663=DIRECTION('',(1.,0.,0.));
#15664=DIRECTION('',(0.,0.,-1.));
#15665=DIRECTION('',(0.,-1.,0.));
#15666=DIRECTION('',(0.,1.,0.));
#15667=DIRECTION('',(0.,-0.707106781186548,-0.707106781186548));
#15668=DIRECTION('',(0.,0.,1.));
#15669=DIRECTION('',(1.,0.,0.));
#15670=DIRECTION('',(0.,1.,0.));
#15671=DIRECTION('',(-1.,0.,0.));
#15672=DIRECTION('',(0.,0.707106781186548,0.707106781186548));
#15673=DIRECTION('',(0.,-0.707106781186548,0.707106781186548));
#15674=DIRECTION('',(-1.,0.,0.));
#15675=DIRECTION('',(0.,1.,0.));
#15676=DIRECTION('',(0.,0.,-1.));
#15677=DIRECTION('',(-1.,0.,0.));
#15678=DIRECTION('',(0.,0.,1.));
#15679=DIRECTION('',(1.,0.,0.));
#15680=DIRECTION('',(1.,0.,0.));
#15681=DIRECTION('',(0.,-1.,0.));
#15682=DIRECTION('',(0.,0.,-1.));
#15683=DIRECTION('',(1.,0.,0.));
#15684=DIRECTION('',(1.,0.,0.));
#15685=DIRECTION('',(0.,-1.,0.));
#15686=DIRECTION('',(0.,0.,-1.));
#15687=DIRECTION('',(1.,0.,0.));
#15688=DIRECTION('',(1.,0.,0.));
#15689=DIRECTION('',(0.,-1.,0.));
#15690=DIRECTION('',(0.,0.,-1.));
#15691=DIRECTION('',(1.,0.,0.));
#15692=DIRECTION('',(1.,0.,0.));
#15693=DIRECTION('',(0.,-1.,0.));
#15694=DIRECTION('',(0.,0.,-1.));
#15695=DIRECTION('',(0.,-1.,0.));
#15696=DIRECTION('',(0.,-1.,0.));
#15697=DIRECTION('',(0.,0.,1.));
#15698=DIRECTION('',(1.,0.,0.));
#15699=DIRECTION('',(0.,-1.,0.));
#15700=DIRECTION('',(-1.,0.,0.));
#15701=DIRECTION('',(0.,-1.,0.));
#15702=DIRECTION('',(1.,0.,0.));
#15703=DIRECTION('',(0.,0.,1.));
#15704=DIRECTION('',(1.,0.,0.));
#15705=DIRECTION('',(0.,1.,0.));
#15706=DIRECTION('',(0.,0.,-1.));
#15707=DIRECTION('',(0.,1.,0.));
#15708=DIRECTION('',(0.,0.,1.));
#15709=DIRECTION('',(0.,0.,1.));
#15710=DIRECTION('',(1.,0.,0.));
#15711=DIRECTION('',(0.,1.,0.));
#15712=DIRECTION('',(0.,1.,0.));
#15713=DIRECTION('',(-1.,0.,0.));
#15714=DIRECTION('',(-1.,0.,0.));
#15715=DIRECTION('',(0.,0.,1.));
#15716=DIRECTION('',(1.,0.,0.));
#15717=DIRECTION('',(1.,0.,0.));
#15718=DIRECTION('',(0.,0.,1.));
#15719=DIRECTION('',(1.,0.,0.));
#15720=DIRECTION('',(0.,0.,-1.));
#15721=DIRECTION('',(1.,0.,0.));
#15722=DIRECTION('',(0.,0.,-1.));
#15723=DIRECTION('',(0.,0.,-1.));
#15724=DIRECTION('',(0.,0.,-1.));
#15725=DIRECTION('',(0.,1.,0.));
#15726=DIRECTION('',(1.,0.,0.));
#15727=DIRECTION('',(0.,1.,0.));
#15728=DIRECTION('',(1.,0.,0.));
#15729=DIRECTION('',(0.,1.,0.));
#15730=DIRECTION('',(0.,0.,-1.));
#15731=DIRECTION('',(0.,-1.,0.));
#15732=DIRECTION('',(0.,-1.,0.));
#15733=DIRECTION('',(0.,-1.,0.));
#15734=DIRECTION('',(1.,0.,0.));
#15735=DIRECTION('',(0.,0.,-1.));
#15736=DIRECTION('',(0.,-1.,0.));
#15737=DIRECTION('',(0.,1.,0.));
#15738=DIRECTION('',(0.,0.,1.));
#15739=DIRECTION('',(0.,1.,0.));
#15740=DIRECTION('',(0.,0.,-1.));
#15741=DIRECTION('',(-1.,0.,0.));
#15742=DIRECTION('',(0.,0.,1.));
#15743=DIRECTION('',(3.739231146938E-13,-1.,0.));
#15744=DIRECTION('',(1.,0.,0.));
#15745=DIRECTION('',(0.,0.,-1.));
#15746=DIRECTION('',(0.,-1.,0.));
#15747=DIRECTION('',(-1.,0.,0.));
#15748=DIRECTION('',(0.,1.,0.));
#15749=DIRECTION('',(1.,0.,0.));
#15750=DIRECTION('',(-4.478956887916E-13,1.,0.));
#15751=DIRECTION('',(0.,0.,-1.));
#15752=DIRECTION('',(0.,-1.,0.));
#15753=DIRECTION('',(1.,0.,0.));
#15754=DIRECTION('',(0.,1.,0.));
#15755=DIRECTION('',(-1.,0.,0.));
#15756=DIRECTION('',(0.,1.,0.));
#15757=DIRECTION('',(0.,0.,-1.));
#15758=DIRECTION('',(0.,-1.,0.));
#15759=DIRECTION('',(0.,0.,1.));
#15760=DIRECTION('',(4.466268624778E-13,-1.,0.));
#15761=DIRECTION('',(0.,0.,1.));
#15762=DIRECTION('',(0.,0.,1.));
#15763=DIRECTION('',(-1.,-4.476419235289E-13,0.));
#15764=DIRECTION('',(-4.47641923528863E-13,1.,0.));
#15765=DIRECTION('',(1.,0.,0.));
#15766=DIRECTION('',(0.,1.,0.));
#15767=DIRECTION('',(-1.,0.,0.));
#15768=DIRECTION('',(0.,0.,1.));
#15769=DIRECTION('',(1.,0.,0.));
#15770=DIRECTION('',(-1.,0.,0.));
#15771=DIRECTION('',(0.,1.,0.));
#15772=DIRECTION('',(1.,0.,0.));
#15773=DIRECTION('',(0.,-1.,0.));
#15774=DIRECTION('',(0.,0.,1.));
#15775=DIRECTION('',(1.,0.,0.));
#15776=DIRECTION('',(0.,0.,1.));
#15777=DIRECTION('',(0.,0.,1.));
#15778=DIRECTION('',(0.,0.,1.));
#15779=DIRECTION('',(0.,1.,0.));
#15780=DIRECTION('',(1.,0.,0.));
#15781=DIRECTION('',(0.,1.,0.));
#15782=DIRECTION('',(0.,1.,0.));
#15783=DIRECTION('',(1.,0.,0.));
#15784=DIRECTION('',(0.,0.,-1.));
#15785=DIRECTION('',(0.,-1.,0.));
#15786=DIRECTION('',(1.,0.,0.));
#15787=DIRECTION('',(0.,0.,1.));
#15788=DIRECTION('',(0.,-1.,0.));
#15789=DIRECTION('',(0.,0.,-1.));
#15790=DIRECTION('',(1.,0.,0.));
#15791=DIRECTION('',(0.,0.,1.));
#15792=DIRECTION('',(0.,-1.,0.));
#15793=DIRECTION('',(0.,0.,-1.));
#15794=DIRECTION('',(0.,0.,1.));
#15795=DIRECTION('',(0.707106781186548,0.,-0.707106781186548));
#15796=DIRECTION('',(1.,0.,0.));
#15797=DIRECTION('',(0.,0.,1.));
#15798=DIRECTION('',(0.,-1.,0.));
#15799=DIRECTION('',(0.,0.,-1.));
#15800=DIRECTION('',(0.,0.,1.));
#15801=DIRECTION('',(1.,0.,0.));
#15802=DIRECTION('',(0.,0.,-1.));
#15803=DIRECTION('',(0.,-1.,0.));
#15804=DIRECTION('',(0.,0.,-1.));
#15805=DIRECTION('',(0.707106781186548,0.,-0.707106781186548));
#15806=DIRECTION('',(0.,1.,0.));
#15807=DIRECTION('',(0.,-1.,0.));
#15808=DIRECTION('',(0.707106781186597,0.,-0.707106781186498));
#15809=DIRECTION('',(0.707106781186548,0.,0.707106781186548));
#15810=DIRECTION('',(0.,-1.,0.));
#15811=DIRECTION('',(0.,-1.,0.));
#15812=DIRECTION('',(0.,0.,1.));
#15813=DIRECTION('',(0.,-1.,0.));
#15814=DIRECTION('',(0.,0.,1.));
#15815=DIRECTION('',(-1.,0.,0.));
#15816=DIRECTION('',(0.,0.,1.));
#15817=DIRECTION('',(0.,-1.,0.));
#15818=DIRECTION('',(0.,0.,1.));
#15819=DIRECTION('',(0.,-1.,0.));
#15820=DIRECTION('',(0.,0.,1.));
#15821=DIRECTION('',(-1.,0.,0.));
#15822=DIRECTION('',(0.,0.,1.));
#15823=DIRECTION('',(1.,0.,0.));
#15824=DIRECTION('',(0.,-1.,0.));
#15825=DIRECTION('',(1.,0.,0.));
#15826=DIRECTION('',(0.,0.,1.));
#15827=DIRECTION('',(1.,0.,0.));
#15828=DIRECTION('',(-1.,0.,0.));
#15829=DIRECTION('',(0.,0.,1.));
#15830=DIRECTION('',(0.,0.,1.));
#15831=DIRECTION('',(0.,1.,0.));
#15832=DIRECTION('',(1.,0.,0.));
#15833=DIRECTION('',(0.,-1.,0.));
#15834=DIRECTION('',(-1.,0.,0.));
#15835=DIRECTION('',(0.,0.,-1.));
#15836=DIRECTION('',(0.,-1.,0.));
#15837=DIRECTION('',(0.,0.,1.));
#15838=DIRECTION('',(0.,0.,-1.));
#15839=DIRECTION('',(0.,0.,1.));
#15840=DIRECTION('',(1.,0.,0.));
#15841=DIRECTION('',(0.,-1.,0.));
#15842=DIRECTION('',(0.,0.,-1.));
#15843=DIRECTION('',(0.,0.,-1.));
#15844=DIRECTION('',(0.,0.,1.));
#15845=DIRECTION('',(1.,0.,0.));
#15846=DIRECTION('',(0.,-1.,0.));
#15847=DIRECTION('',(0.,0.,-1.));
#15848=DIRECTION('',(0.,0.,1.));
#15849=DIRECTION('',(0.,-1.,0.));
#15850=DIRECTION('',(-1.,0.,0.));
#15851=DIRECTION('',(0.,0.,1.));
#15852=DIRECTION('',(0.,0.,1.));
#15853=DIRECTION('',(0.,-1.,0.));
#15854=DIRECTION('',(0.,0.,-1.));
#15855=DIRECTION('',(0.,-1.,0.));
#15856=DIRECTION('',(-1.,0.,0.));
#15857=DIRECTION('',(0.,0.,1.));
#15858=DIRECTION('',(1.,0.,0.));
#15859=DIRECTION('',(0.,-1.,0.));
#15860=DIRECTION('',(-1.,0.,0.));
#15861=DIRECTION('',(0.,-1.,0.));
#15862=DIRECTION('',(0.,0.,-1.));
#15863=DIRECTION('',(0.,-1.,0.));
#15864=DIRECTION('',(0.,0.,1.));
#15865=DIRECTION('',(0.,-1.,0.));
#15866=DIRECTION('',(-1.,0.,0.));
#15867=DIRECTION('',(0.,0.,1.));
#15868=DIRECTION('',(-1.,0.,0.));
#15869=DIRECTION('',(0.,-1.,0.));
#15870=DIRECTION('',(1.,0.,0.));
#15871=DIRECTION('',(0.,0.,1.));
#15872=DIRECTION('',(1.,0.,0.));
#15873=DIRECTION('',(0.,-1.,0.));
#15874=DIRECTION('',(1.,0.,0.));
#15875=DIRECTION('',(-0.707106781186548,0.707106781186548,0.));
#15876=DIRECTION('',(0.707106781186548,0.707106781186548,0.));
#15877=DIRECTION('',(0.,1.,0.));
#15878=DIRECTION('',(-1.,5.42017483942904E-18,0.));
#15879=DIRECTION('',(0.,-1.,0.));
#15880=DIRECTION('',(-1.,0.,0.));
#15881=DIRECTION('',(0.,1.,0.));
#15882=DIRECTION('',(-1.,5.42017483942904E-18,0.));
#15883=DIRECTION('',(0.,1.,0.));
#15884=DIRECTION('',(0.,1.,0.));
#15885=DIRECTION('',(0.,-1.,0.));
#15886=DIRECTION('',(-1.,0.,0.));
#15887=DIRECTION('',(0.,1.,0.));
#15888=DIRECTION('',(1.,0.,0.));
#15889=DIRECTION('',(0.,-1.,0.));
#15890=DIRECTION('',(1.,0.,0.));
#15891=DIRECTION('',(0.,1.,0.));
#15892=DIRECTION('',(1.,0.,0.));
#15893=DIRECTION('',(-0.707106781186548,-0.707106781186548,0.));
#15894=DIRECTION('',(0.,-1.,0.));
#15895=DIRECTION('',(1.,0.,0.));
#15896=DIRECTION('',(0.707106781186548,-0.707106781186548,0.));
#15897=DIRECTION('',(0.,-1.,0.));
#15898=DIRECTION('',(1.,0.,-5.329070518201E-14));
#15899=DIRECTION('',(0.,1.,0.));
#15900=DIRECTION('',(-1.,-7.37073208988115E-18,0.));
#15901=DIRECTION('',(0.,-1.,0.));
#15902=DIRECTION('',(-1.,0.,-4.884981308351E-14));
#15903=DIRECTION('',(0.,-1.,0.));
#15904=DIRECTION('',(0.,0.,-1.));
#15905=DIRECTION('',(0.,-1.,0.));
#15906=DIRECTION('',(-1.,0.,0.));
#15907=DIRECTION('',(0.,1.,0.));
#15908=DIRECTION('',(-1.,-7.37073208988115E-18,0.));
#15909=DIRECTION('',(0.,1.,0.));
#15910=DIRECTION('',(0.,1.,0.));
#15911=DIRECTION('',(0.,-1.,0.));
#15912=DIRECTION('',(-1.,0.,0.));
#15913=DIRECTION('',(0.,1.,0.));
#15914=DIRECTION('',(1.,0.,0.));
#15915=DIRECTION('',(0.,-1.,0.));
#15916=DIRECTION('',(1.,0.,0.));
#15917=DIRECTION('',(0.,1.,0.));
#15918=DIRECTION('',(1.,0.,0.));
#15919=DIRECTION('',(0.,0.,1.));
#15920=DIRECTION('',(0.,0.,1.));
#15921=DIRECTION('',(0.,0.,1.));
#15922=DIRECTION('',(-1.,0.,0.));
#15923=DIRECTION('',(0.,1.,0.));
#15924=DIRECTION('',(1.,0.,0.));
#15925=DIRECTION('',(0.,0.,-1.));
#15926=DIRECTION('',(0.,1.,0.));
#15927=DIRECTION('',(1.,0.,0.));
#15928=DIRECTION('',(-1.,0.,0.));
#15929=DIRECTION('',(0.,0.,1.));
#15930=DIRECTION('',(-1.,0.,0.));
#15931=DIRECTION('',(0.,0.,1.));
#15932=DIRECTION('',(0.,0.,1.));
#15933=DIRECTION('',(0.,1.,0.));
#15934=DIRECTION('',(0.,0.,1.));
#15935=DIRECTION('',(0.,-1.,0.));
#15936=DIRECTION('',(0.,0.,1.));
#15937=DIRECTION('',(0.,1.,0.));
#15938=DIRECTION('',(-1.,0.,0.));
#15939=DIRECTION('',(0.,0.,1.));
#15940=DIRECTION('',(0.,1.,0.));
#15941=DIRECTION('',(1.,0.,0.));
#15942=DIRECTION('',(0.,1.,0.));
#15943=DIRECTION('',(1.,0.,0.));
#15944=DIRECTION('',(0.,0.,-1.));
#15945=DIRECTION('',(0.,-1.,0.));
#15946=DIRECTION('',(0.,1.,0.));
#15947=DIRECTION('',(-1.,0.,0.));
#15948=DIRECTION('',(0.,1.,0.));
#15949=DIRECTION('',(-1.,0.,0.));
#15950=DIRECTION('',(0.,0.,1.));
#15951=DIRECTION('',(1.,0.,0.));
#15952=DIRECTION('',(0.,0.,-1.));
#15953=DIRECTION('',(0.,0.,-1.));
#15954=DIRECTION('',(0.,1.,0.));
#15955=DIRECTION('',(-1.,0.,0.));
#15956=DIRECTION('',(0.,0.,1.));
#15957=DIRECTION('',(0.,0.,-1.));
#15958=DIRECTION('',(0.,0.,-1.));
#15959=DIRECTION('',(0.,1.,0.));
#15960=DIRECTION('',(-1.,0.,0.));
#15961=DIRECTION('',(0.,0.,1.));
#15962=DIRECTION('',(0.,0.,1.));
#15963=DIRECTION('',(0.,1.,0.));
#15964=DIRECTION('',(0.,0.,1.));
#15965=DIRECTION('',(0.,1.,0.));
#15966=DIRECTION('',(1.,0.,0.));
#15967=DIRECTION('',(0.,1.,0.));
#15968=DIRECTION('',(0.,0.,1.));
#15969=DIRECTION('',(0.,0.,1.));
#15970=DIRECTION('',(-0.999644381212081,-0.0266666666666789,0.));
#15971=DIRECTION('',(0.,0.,1.));
#15972=DIRECTION('',(0.,0.,-1.));
#15973=DIRECTION('',(-0.999644381212081,-0.0266666666666789,0.));
#15974=DIRECTION('',(0.,0.,-1.));
#15975=DIRECTION('',(-0.999644381212081,-0.0266666666666789,0.));
#15976=DIRECTION('',(0.,0.,1.));
#15977=DIRECTION('',(0.,0.,1.));
#15978=DIRECTION('',(-0.999644381212081,-0.0266666666666789,0.));
#15979=DIRECTION('',(0.,0.,-1.));
#15980=DIRECTION('',(1.,0.,0.));
#15981=DIRECTION('',(0.,0.,1.));
#15982=DIRECTION('',(-1.,0.,0.));
#15983=DIRECTION('',(-1.,0.,0.));
#15984=DIRECTION('',(0.,1.,0.));
#15985=DIRECTION('',(1.,0.,0.));
#15986=DIRECTION('',(0.,0.,1.));
#15987=DIRECTION('',(0.,0.,-1.));
#15988=DIRECTION('',(1.,-3.61400724161835E-14,0.));
#15989=DIRECTION('',(0.,0.,1.));
#15990=DIRECTION('',(0.,0.,-1.));
#15991=DIRECTION('',(1.,-3.61400724161835E-14,0.));
#15992=DIRECTION('',(0.,0.,1.));
#15993=DIRECTION('',(0.,0.,1.));
#15994=DIRECTION('',(0.,-1.,0.));
#15995=DIRECTION('',(0.,0.,1.));
#15996=DIRECTION('',(0.,-1.,0.));
#15997=DIRECTION('',(0.,0.,-1.));
#15998=DIRECTION('',(1.,0.,0.));
#15999=DIRECTION('',(0.,-1.,0.));
#16000=DIRECTION('',(0.,0.,1.));
#16001=DIRECTION('',(0.,-1.,0.));
#16002=DIRECTION('',(-1.,0.,0.));
#16003=DIRECTION('',(0.,0.,1.));
#16004=DIRECTION('',(-1.,0.,0.));
#16005=DIRECTION('',(0.,0.,1.));
#16006=DIRECTION('',(-1.,0.,0.));
#16007=DIRECTION('',(0.,1.,0.));
#16008=DIRECTION('',(1.,0.,0.));
#16009=DIRECTION('',(0.,1.,0.));
#16010=DIRECTION('',(0.,0.,1.));
#16011=DIRECTION('',(0.,1.,0.));
#16012=DIRECTION('',(1.,0.,0.));
#16013=DIRECTION('',(0.,1.,0.));
#16014=DIRECTION('',(0.,0.,1.));
#16015=DIRECTION('',(0.,0.,1.));
#16016=DIRECTION('',(0.,-1.,0.));
#16017=DIRECTION('',(0.,0.,1.));
#16018=DIRECTION('',(0.,0.,1.));
#16019=DIRECTION('',(0.999950983996246,-0.00990099009901336,0.));
#16020=DIRECTION('',(0.,0.,1.));
#16021=DIRECTION('',(0.999950983996246,-0.00990099009901336,0.));
#16022=DIRECTION('',(0.,0.,1.));
#16023=DIRECTION('',(0.,0.,1.));
#16024=DIRECTION('',(0.,-1.,0.));
#16025=DIRECTION('',(0.,0.,-1.));
#16026=DIRECTION('',(1.,0.,0.));
#16027=DIRECTION('',(1.,0.,0.));
#16028=DIRECTION('',(1.,0.,0.));
#16029=DIRECTION('',(0.,0.,1.));
#16030=DIRECTION('',(-0.999950983996246,-0.00990099009901336,0.));
#16031=DIRECTION('',(-1.,0.,0.));
#16032=DIRECTION('',(-1.,0.,0.));
#16033=DIRECTION('',(1.,0.,0.));
#16034=DIRECTION('',(0.,1.,0.));
#16035=DIRECTION('',(0.,0.,1.));
#16036=DIRECTION('',(1.,0.,0.));
#16037=DIRECTION('',(0.,0.,1.));
#16038=DIRECTION('',(0.,0.,1.));
#16039=DIRECTION('',(-1.,-1.98591487039424E-14,0.));
#16040=DIRECTION('',(0.,0.,1.));
#16041=DIRECTION('',(-1.,-1.98591487039424E-14,0.));
#16042=DIRECTION('',(0.,0.,1.));
#16043=DIRECTION('',(0.,0.,1.));
#16044=DIRECTION('',(0.,0.,1.));
#16045=DIRECTION('',(-0.999950983996246,-0.00990099009901336,0.));
#16046=DIRECTION('',(0.,0.,-1.));
#16047=DIRECTION('',(1.,0.,0.));
#16048=DIRECTION('',(0.,0.,1.));
#16049=DIRECTION('',(0.,1.,0.));
#16050=DIRECTION('',(0.,0.,1.));
#16051=DIRECTION('',(0.,1.,0.));
#16052=DIRECTION('',(1.,0.,0.));
#16053=DIRECTION('',(0.,1.,0.));
#16054=DIRECTION('',(0.,0.,1.));
#16055=DIRECTION('',(-1.,0.,0.));
#16056=DIRECTION('',(-1.,0.,0.));
#16057=DIRECTION('',(0.,1.,0.));
#16058=DIRECTION('',(1.,0.,0.));
#16059=DIRECTION('',(0.,0.,1.));
#16060=DIRECTION('',(0.,-1.,0.));
#16061=DIRECTION('',(0.,-1.,0.));
#16062=DIRECTION('',(-1.,0.,0.));
#16063=DIRECTION('',(0.,0.,1.));
#16064=DIRECTION('',(1.,0.,0.));
#16065=DIRECTION('',(0.,0.,1.));
#16066=DIRECTION('',(1.,0.,0.));
#16067=DIRECTION('',(1.,0.,0.));
#16068=DIRECTION('',(1.,0.,0.));
#16069=DIRECTION('',(0.,0.,1.));
#16070=DIRECTION('',(1.,0.,0.));
#16071=DIRECTION('',(0.,0.,1.));
#16072=DIRECTION('',(0.999950983996246,-0.00990099009901336,0.));
#16073=DIRECTION('',(0.,1.,0.));
#16074=DIRECTION('',(1.,0.,0.));
#16075=DIRECTION('',(0.,-1.,0.));
#16076=DIRECTION('',(0.,0.,-1.));
#16077=DIRECTION('',(1.,-3.61400724161835E-14,0.));
#16078=DIRECTION('',(1.,0.,0.));
#16079=DIRECTION('',(0.,0.,1.));
#16080=DIRECTION('',(1.,0.,0.));
#16081=DIRECTION('',(0.,0.,-1.));
#16082=DIRECTION('',(-0.999644381212081,-0.0266666666666789,0.));
#16083=DIRECTION('',(0.,0.,1.));
#16084=DIRECTION('',(-1.,-1.98591487039424E-14,0.));
#16085=DIRECTION('',(-1.,0.,0.));
#16086=DIRECTION('',(0.,0.,1.));
#16087=DIRECTION('',(1.,0.,0.));
#16088=DIRECTION('',(1.,0.,0.));
#16089=DIRECTION('',(0.,1.,0.));
#16090=DIRECTION('',(1.,0.,0.));
#16091=DIRECTION('',(0.,1.,0.));
#16092=DIRECTION('',(0.,0.,1.));
#16093=DIRECTION('',(0.,0.,1.));
#16094=DIRECTION('',(0.,0.,1.));
#16095=DIRECTION('',(0.,1.,0.));
#16096=DIRECTION('',(1.,0.,0.));
#16097=DIRECTION('',(0.,1.,0.));
#16098=DIRECTION('',(0.,0.,1.));
#16099=DIRECTION('',(1.,0.,0.));
#16100=DIRECTION('',(0.,-1.,0.));
#16101=DIRECTION('',(0.,0.,-1.));
#16102=DIRECTION('',(0.,0.,1.));
#16103=DIRECTION('',(0.,-1.,0.));
#16104=DIRECTION('',(-1.,0.,0.));
#16105=DIRECTION('',(0.,0.,1.));
#16106=DIRECTION('',(0.,0.,1.));
#16107=DIRECTION('',(0.,-1.,0.));
#16108=DIRECTION('',(0.,0.,1.));
#16109=DIRECTION('',(0.,0.,-1.));
#16110=DIRECTION('',(1.,-3.61400724161835E-14,0.));
#16111=DIRECTION('',(0.,0.,1.));
#16112=DIRECTION('',(0.,0.,1.));
#16113=DIRECTION('',(0.,-1.,0.));
#16114=DIRECTION('',(0.,0.,1.));
#16115=DIRECTION('',(0.,0.,-1.));
#16116=DIRECTION('',(1.,0.,0.));
#16117=DIRECTION('',(-1.,0.,0.));
#16118=DIRECTION('',(-1.,0.,0.));
#16119=DIRECTION('',(0.,0.,1.));
#16120=DIRECTION('',(0.,1.,0.));
#16121=DIRECTION('',(1.,0.,0.));
#16122=DIRECTION('',(0.,0.,1.));
#16123=DIRECTION('',(-0.999644381212081,-0.0266666666666789,0.));
#16124=DIRECTION('',(0.,0.,1.));
#16125=DIRECTION('',(0.,0.,-1.));
#16126=DIRECTION('',(-0.999644381212081,-0.0266666666666789,0.));
#16127=DIRECTION('',(0.,0.,1.));
#16128=DIRECTION('',(0.,0.,1.));
#16129=DIRECTION('',(-0.999644381212081,-0.0266666666666789,0.));
#16130=DIRECTION('',(0.,0.,-1.));
#16131=DIRECTION('',(1.,0.,0.));
#16132=DIRECTION('',(0.,1.,0.));
#16133=DIRECTION('',(1.,0.,0.));
#16134=DIRECTION('',(0.,1.,0.));
#16135=DIRECTION('',(1.,0.,0.));
#16136=DIRECTION('',(0.,0.,-1.));
#16137=DIRECTION('',(0.,-1.,0.));
#16138=DIRECTION('',(0.,1.,0.));
#16139=DIRECTION('',(-1.,0.,0.));
#16140=DIRECTION('',(0.,1.,0.));
#16141=DIRECTION('',(-1.,0.,0.));
#16142=DIRECTION('',(0.,0.,1.));
#16143=DIRECTION('',(1.,0.,0.));
#16144=DIRECTION('',(0.,0.,-1.));
#16145=DIRECTION('',(0.,0.,-1.));
#16146=DIRECTION('',(0.,1.,0.));
#16147=DIRECTION('',(-1.,0.,0.));
#16148=DIRECTION('',(0.,0.,1.));
#16149=DIRECTION('',(0.,0.,-1.));
#16150=DIRECTION('',(0.,1.,0.));
#16151=DIRECTION('',(0.,0.,-1.));
#16152=DIRECTION('',(-1.,0.,0.));
#16153=DIRECTION('',(0.,0.,1.));
#16154=DIRECTION('',(1.,0.,0.));
#16155=DIRECTION('',(0.,0.,1.));
#16156=DIRECTION('',(0.,-1.,0.));
#16157=DIRECTION('',(1.,0.,0.));
#16158=DIRECTION('',(1.,0.,0.));
#16159=DIRECTION('',(0.,0.,1.));
#16160=DIRECTION('',(-0.999950983996246,-0.00990099009901336,0.));
#16161=DIRECTION('',(1.,0.,0.));
#16162=DIRECTION('',(-1.,0.,0.));
#16163=DIRECTION('',(0.,1.,0.));
#16164=DIRECTION('',(0.,0.,-1.));
#16165=DIRECTION('',(0.,-1.,0.));
#16166=DIRECTION('',(0.,0.,1.));
#16167=DIRECTION('',(0.,-1.,0.));
#16168=DIRECTION('',(0.,0.,1.));
#16169=DIRECTION('',(0.,0.,1.));
#16170=DIRECTION('',(0.999950983996246,-0.00990099009901336,0.));
#16171=DIRECTION('',(0.,0.,1.));
#16172=DIRECTION('',(0.,0.,1.));
#16173=DIRECTION('',(0.,0.,-1.));
#16174=DIRECTION('',(1.,0.,0.));
#16175=DIRECTION('',(-1.,0.,0.));
#16176=DIRECTION('',(1.,0.,0.));
#16177=DIRECTION('',(0.,0.,1.));
#16178=DIRECTION('',(-0.999950983996246,-0.00990099009901336,0.));
#16179=DIRECTION('',(-1.,0.,0.));
#16180=DIRECTION('',(-1.,0.,0.));
#16181=DIRECTION('',(1.,0.,0.));
#16182=DIRECTION('',(0.,1.,0.));
#16183=DIRECTION('',(0.,0.,1.));
#16184=DIRECTION('',(1.,0.,0.));
#16185=DIRECTION('',(0.,0.,1.));
#16186=DIRECTION('',(0.,0.,1.));
#16187=DIRECTION('',(1.,0.,0.));
#16188=DIRECTION('',(0.,1.,0.));
#16189=DIRECTION('',(0.,0.,1.));
#16190=DIRECTION('',(0.,0.,1.));
#16191=DIRECTION('',(1.,0.,0.));
#16192=DIRECTION('',(0.,1.,0.));
#16193=DIRECTION('',(1.,0.,0.));
#16194=DIRECTION('',(0.,0.,1.));
#16195=DIRECTION('',(0.,-1.,0.));
#16196=DIRECTION('',(0.,0.,-1.));
#16197=DIRECTION('',(0.,0.,1.));
#16198=DIRECTION('',(0.,-1.,0.));
#16199=DIRECTION('',(0.,0.,-1.));
#16200=DIRECTION('',(0.,-1.,0.));
#16201=DIRECTION('',(0.,0.,-1.));
#16202=DIRECTION('',(0.,-1.,0.));
#16203=DIRECTION('',(0.,0.,-1.));
#16204=DIRECTION('',(1.,0.,0.));
#16205=DIRECTION('',(1.,0.,0.));
#16206=DIRECTION('',(1.,0.,0.));
#16207=DIRECTION('',(1.,0.,0.));
#16208=DIRECTION('',(0.,1.,0.));
#16209=DIRECTION('',(0.,0.,-1.));
#16210=DIRECTION('',(0.,-1.,0.));
#16211=DIRECTION('',(0.,0.,1.));
#16212=DIRECTION('',(1.,0.,0.));
#16213=DIRECTION('',(0.,1.,0.));
#16214=DIRECTION('',(0.,0.,1.));
#16215=DIRECTION('',(1.,0.,0.));
#16216=DIRECTION('',(0.,1.,0.));
#16217=DIRECTION('',(0.,0.,1.));
#16218=DIRECTION('',(0.,-1.,0.));
#16219=DIRECTION('',(0.,0.,-1.));
#16220=DIRECTION('',(0.,-1.,0.));
#16221=DIRECTION('',(0.,0.,-1.));
#16222=DIRECTION('',(0.,0.,1.));
#16223=DIRECTION('',(0.,0.,1.));
#16224=DIRECTION('',(-1.,-1.98591487039424E-14,0.));
#16225=DIRECTION('',(0.,0.,1.));
#16226=DIRECTION('',(0.,0.,-1.));
#16227=DIRECTION('',(1.,0.,0.));
#16228=DIRECTION('',(0.,-1.,0.));
#16229=DIRECTION('',(0.,0.,-1.));
#16230=DIRECTION('',(0.,-1.,0.));
#16231=DIRECTION('',(0.,0.,-1.));
#16232=DIRECTION('',(1.,0.,0.));
#16233=DIRECTION('',(0.,-1.,0.));
#16234=DIRECTION('',(0.,0.,-1.));
#16235=DIRECTION('',(1.,0.,0.));
#16236=DIRECTION('',(0.,-1.,0.));
#16237=DIRECTION('',(0.,0.,-1.));
#16238=DIRECTION('',(0.,-1.,0.));
#16239=DIRECTION('',(0.,0.,-1.));
#16240=DIRECTION('',(1.,0.,0.));
#16241=DIRECTION('',(0.,-1.,0.));
#16242=DIRECTION('',(0.,0.,-1.));
#16243=DIRECTION('',(0.,-1.,0.));
#16244=DIRECTION('',(0.,0.,-1.));
#16245=DIRECTION('',(-1.,0.,0.));
#16246=DIRECTION('',(0.,-1.,0.));
#16247=DIRECTION('',(0.,0.,-1.));
#16248=DIRECTION('',(0.,0.,1.));
#16249=DIRECTION('',(1.,0.,0.));
#16250=DIRECTION('',(1.,0.,0.));
#16251=DIRECTION('',(0.,0.,1.));
#16252=DIRECTION('',(1.,0.,0.));
#16253=DIRECTION('',(0.,0.,1.));
#16254=DIRECTION('',(1.,0.,0.));
#16255=DIRECTION('',(0.,0.,1.));
#16256=DIRECTION('',(1.,0.,0.));
#16257=DIRECTION('',(1.,0.,0.));
#16258=DIRECTION('',(0.,0.,1.));
#16259=DIRECTION('',(0.,-1.,0.));
#16260=DIRECTION('',(0.,0.,-1.));
#16261=DIRECTION('',(0.,1.,0.));
#16262=DIRECTION('',(1.,0.,0.));
#16263=DIRECTION('',(0.,1.,0.));
#16264=DIRECTION('',(0.,1.,0.));
#16265=DIRECTION('',(0.,0.,-1.));
#16266=DIRECTION('',(0.,-1.,0.));
#16267=DIRECTION('',(0.,0.,1.));
#16268=DIRECTION('',(0.,1.,0.));
#16269=DIRECTION('',(1.,0.,0.));
#16270=DIRECTION('',(0.,1.,0.));
#16271=DIRECTION('',(0.,1.,0.));
#16272=DIRECTION('',(0.,0.,1.));
#16273=DIRECTION('',(1.,0.,0.));
#16274=DIRECTION('',(0.,1.,0.));
#16275=DIRECTION('',(1.,0.,0.));
#16276=DIRECTION('',(0.,0.,1.));
#16277=DIRECTION('',(1.,0.,0.));
#16278=DIRECTION('',(1.,0.,0.));
#16279=DIRECTION('',(0.,1.,0.));
#16280=DIRECTION('',(0.,0.,1.));
#16281=DIRECTION('',(1.,0.,0.));
#16282=DIRECTION('',(0.,0.,-1.));
#16283=DIRECTION('',(1.,0.,0.));
#16284=DIRECTION('',(0.,1.,0.));
#16285=DIRECTION('',(1.,0.,0.));
#16286=DIRECTION('',(0.,0.,1.));
#16287=DIRECTION('',(1.,0.,0.));
#16288=DIRECTION('',(0.,-1.,0.));
#16289=DIRECTION('',(0.,0.,-1.));
#16290=DIRECTION('',(0.,-1.,0.));
#16291=DIRECTION('',(0.,0.,-1.));
#16292=DIRECTION('',(0.,1.,0.));
#16293=DIRECTION('',(-1.,0.,0.));
#16294=DIRECTION('',(0.,0.,1.));
#16295=DIRECTION('',(0.,0.,1.));
#16296=DIRECTION('',(1.,0.,0.));
#16297=DIRECTION('',(0.,0.,1.));
#16298=DIRECTION('',(1.,0.,0.));
#16299=CARTESIAN_POINT('',(0.,0.,0.));
#16300=CARTESIAN_POINT('',(-3.0325,-1.45,3.));
#16301=CARTESIAN_POINT('',(-3.0325,-1.45,1.2));
#16302=CARTESIAN_POINT('',(-2.6825,-1.45,1.2));
#16303=CARTESIAN_POINT('',(-2.6825,-1.45,3.));
#16304=CARTESIAN_POINT('',(-3.0325,-1.45,-3.));
#16305=CARTESIAN_POINT('',(-2.6825,-1.45,-3.));
#16306=CARTESIAN_POINT('',(-2.6825,-1.45,-1.2));
#16307=CARTESIAN_POINT('',(-3.0325,-1.45,-1.2));
#16308=CARTESIAN_POINT('',(-2.3975,-1.45,3.));
#16309=CARTESIAN_POINT('',(-2.3975,-1.45,1.2));
#16310=CARTESIAN_POINT('',(-2.0475,-1.45,1.2));
#16311=CARTESIAN_POINT('',(-2.0475,-1.45,3.));
#16312=CARTESIAN_POINT('',(-2.3975,-1.45,-3.));
#16313=CARTESIAN_POINT('',(-2.0475,-1.45,-3.));
#16314=CARTESIAN_POINT('',(-2.0475,-1.45,-1.2));
#16315=CARTESIAN_POINT('',(-2.3975,-1.45,-1.2));
#16316=CARTESIAN_POINT('',(-1.7625,-1.45,3.));
#16317=CARTESIAN_POINT('',(-1.7625,-1.45,1.2));
#16318=CARTESIAN_POINT('',(-1.4125,-1.45,1.2));
#16319=CARTESIAN_POINT('',(-1.4125,-1.45,3.));
#16320=CARTESIAN_POINT('',(-1.7625,-1.45,-3.));
#16321=CARTESIAN_POINT('',(-1.4125,-1.45,-3.));
#16322=CARTESIAN_POINT('',(-1.4125,-1.45,-1.2));
#16323=CARTESIAN_POINT('',(-1.7625,-1.45,-1.2));
#16324=CARTESIAN_POINT('',(-1.1275,-1.45,3.));
#16325=CARTESIAN_POINT('',(-1.1275,-1.45,1.2));
#16326=CARTESIAN_POINT('',(-0.7775,-1.45,1.2));
#16327=CARTESIAN_POINT('',(-0.7775,-1.45,3.));
#16328=CARTESIAN_POINT('',(-1.1275,-1.45,-3.));
#16329=CARTESIAN_POINT('',(-0.7775,-1.45,-3.));
#16330=CARTESIAN_POINT('',(-0.7775,-1.45,-1.2));
#16331=CARTESIAN_POINT('',(-1.1275,-1.45,-1.2));
#16332=CARTESIAN_POINT('',(-0.4925,-1.45,3.));
#16333=CARTESIAN_POINT('',(-0.4925,-1.45,1.2));
#16334=CARTESIAN_POINT('',(-0.1425,-1.45,1.2));
#16335=CARTESIAN_POINT('',(-0.1425,-1.45,3.));
#16336=CARTESIAN_POINT('',(-0.4925,-1.45,-3.));
#16337=CARTESIAN_POINT('',(-0.1425,-1.45,-3.));
#16338=CARTESIAN_POINT('',(-0.1425,-1.45,-1.2));
#16339=CARTESIAN_POINT('',(-0.4925,-1.45,-1.2));
#16340=CARTESIAN_POINT('',(0.1425,-1.45,3.));
#16341=CARTESIAN_POINT('',(0.1425,-1.45,1.2));
#16342=CARTESIAN_POINT('',(0.4925,-1.45,1.2));
#16343=CARTESIAN_POINT('',(0.4925,-1.45,3.));
#16344=CARTESIAN_POINT('',(0.1425,-1.45,-3.));
#16345=CARTESIAN_POINT('',(0.4925,-1.45,-3.));
#16346=CARTESIAN_POINT('',(0.4925,-1.45,-1.2));
#16347=CARTESIAN_POINT('',(0.1425,-1.45,-1.2));
#16348=CARTESIAN_POINT('',(0.7775,-1.45,3.));
#16349=CARTESIAN_POINT('',(0.7775,-1.45,1.2));
#16350=CARTESIAN_POINT('',(1.1275,-1.45,1.2));
#16351=CARTESIAN_POINT('',(1.1275,-1.45,3.));
#16352=CARTESIAN_POINT('',(0.7775,-1.45,-3.));
#16353=CARTESIAN_POINT('',(1.1275,-1.45,-3.));
#16354=CARTESIAN_POINT('',(1.1275,-1.45,-1.2));
#16355=CARTESIAN_POINT('',(0.7775,-1.45,-1.2));
#16356=CARTESIAN_POINT('',(1.4125,-1.45,3.));
#16357=CARTESIAN_POINT('',(1.4125,-1.45,1.2));
#16358=CARTESIAN_POINT('',(1.7625,-1.45,1.2));
#16359=CARTESIAN_POINT('',(1.7625,-1.45,3.));
#16360=CARTESIAN_POINT('',(1.4125,-1.45,-3.));
#16361=CARTESIAN_POINT('',(1.7625,-1.45,-3.));
#16362=CARTESIAN_POINT('',(1.7625,-1.45,-1.2));
#16363=CARTESIAN_POINT('',(1.4125,-1.45,-1.2));
#16364=CARTESIAN_POINT('',(2.0475,-1.45,3.));
#16365=CARTESIAN_POINT('',(2.0475,-1.45,1.2));
#16366=CARTESIAN_POINT('',(2.3975,-1.45,1.2));
#16367=CARTESIAN_POINT('',(2.3975,-1.45,3.));
#16368=CARTESIAN_POINT('',(2.0475,-1.45,-3.));
#16369=CARTESIAN_POINT('',(2.3975,-1.45,-3.));
#16370=CARTESIAN_POINT('',(2.3975,-1.45,-1.2));
#16371=CARTESIAN_POINT('',(2.0475,-1.45,-1.2));
#16372=CARTESIAN_POINT('',(2.6825,-1.45,3.));
#16373=CARTESIAN_POINT('',(2.6825,-1.45,1.2));
#16374=CARTESIAN_POINT('',(3.0325,-1.45,1.2));
#16375=CARTESIAN_POINT('',(3.0325,-1.45,3.));
#16376=CARTESIAN_POINT('',(2.6825,-1.45,-3.));
#16377=CARTESIAN_POINT('',(3.0325,-1.45,-3.));
#16378=CARTESIAN_POINT('',(3.0325,-1.45,-1.2));
#16379=CARTESIAN_POINT('',(2.6825,-1.45,-1.2));
#16380=CARTESIAN_POINT('',(-7.16,-1.45,1.));
#16381=CARTESIAN_POINT('',(-7.16,-1.45,-1.));
#16382=CARTESIAN_POINT('',(-4.66,-1.45,-1.));
#16383=CARTESIAN_POINT('',(-4.66,-1.45,1.));
#16384=CARTESIAN_POINT('',(7.16,-1.45,1.));
#16385=CARTESIAN_POINT('',(4.66,-1.45,1.));
#16386=CARTESIAN_POINT('',(4.66,-1.45,-1.));
#16387=CARTESIAN_POINT('',(7.16,-1.45,-1.));
#16388=CARTESIAN_POINT('',(-4.11,-1.1,0.));
#16389=CARTESIAN_POINT('',(4.11,-1.1,0.));
#16390=CARTESIAN_POINT('',(-4.11,-1.45,0.));
#16391=CARTESIAN_POINT('',(-4.11,-1.45,0.));
#16392=CARTESIAN_POINT('',(4.11,-1.45,0.));
#16393=CARTESIAN_POINT('',(4.11,-1.45,0.));
#16394=CARTESIAN_POINT('',(3.15,-0.3,-1.39));
#16395=CARTESIAN_POINT('',(3.15,-0.3,-1.39));
#16396=CARTESIAN_POINT('',(3.15,1.,-1.39));
#16397=CARTESIAN_POINT('',(4.425,1.,-1.39));
#16398=CARTESIAN_POINT('',(4.425,1.,-1.39));
#16399=CARTESIAN_POINT('',(4.425,-0.3,-1.39));
#16400=CARTESIAN_POINT('',(4.425,-0.3,-1.39));
#16401=CARTESIAN_POINT('',(4.425,-0.3,-1.39));
#16402=CARTESIAN_POINT('',(4.425,-0.3,-1.39));
#16403=CARTESIAN_POINT('',(-4.425,-0.3,-1.39));
#16404=CARTESIAN_POINT('',(-4.425,-0.3,-1.39));
#16405=CARTESIAN_POINT('',(-4.425,1.,-1.39));
#16406=CARTESIAN_POINT('',(-3.15,1.,-1.39));
#16407=CARTESIAN_POINT('',(-3.15,1.,-1.39));
#16408=CARTESIAN_POINT('',(-3.15,-0.3,-1.39));
#16409=CARTESIAN_POINT('',(-3.15,-0.3,-1.39));
#16410=CARTESIAN_POINT('',(-3.15,-0.3,-1.39));
#16411=CARTESIAN_POINT('',(-3.15,-0.3,-1.39));
#16412=CARTESIAN_POINT('',(4.425,-0.3,1.39));
#16413=CARTESIAN_POINT('',(4.425,-0.3,1.39));
#16414=CARTESIAN_POINT('',(4.425,1.,1.39));
#16415=CARTESIAN_POINT('',(3.15,1.,1.39));
#16416=CARTESIAN_POINT('',(3.15,1.,1.39));
#16417=CARTESIAN_POINT('',(3.15,-0.3,1.39));
#16418=CARTESIAN_POINT('',(3.15,-0.3,1.39));
#16419=CARTESIAN_POINT('',(3.15,-0.3,1.39));
#16420=CARTESIAN_POINT('',(3.15,-0.3,1.39));
#16421=CARTESIAN_POINT('',(-5.065,-1.45,-1.44));
#16422=CARTESIAN_POINT('',(-5.065,-1.45,-1.44));
#16423=CARTESIAN_POINT('',(-5.065,-0.95,-1.44));
#16424=CARTESIAN_POINT('',(-3.51,-0.95,-1.44));
#16425=CARTESIAN_POINT('',(-3.51,-0.95,-1.44));
#16426=CARTESIAN_POINT('',(-3.51,-0.95,-1.44));
#16427=CARTESIAN_POINT('',(-3.51,-1.45,-1.44));
#16428=CARTESIAN_POINT('',(-3.51,-1.45,-1.44));
#16429=CARTESIAN_POINT('',(-3.51,-1.45,-1.44));
#16430=CARTESIAN_POINT('',(4.0075,1.,1.54));
#16431=CARTESIAN_POINT('',(4.0075,1.,1.54));
#16432=CARTESIAN_POINT('',(4.0075,1.9,1.54));
#16433=CARTESIAN_POINT('',(4.0075,1.9,1.54));
#16434=CARTESIAN_POINT('',(3.3075,1.9,1.54));
#16435=CARTESIAN_POINT('',(3.3075,1.,1.54));
#16436=CARTESIAN_POINT('',(3.3075,1.,1.54));
#16437=CARTESIAN_POINT('',(3.3075,1.,1.54));
#16438=CARTESIAN_POINT('',(3.3075,-0.3,1.54));
#16439=CARTESIAN_POINT('',(4.0075,2.15,1.79));
#16440=CARTESIAN_POINT('',(4.0075,2.15,1.79));
#16441=CARTESIAN_POINT('',(4.0075,1.,1.79));
#16442=CARTESIAN_POINT('',(4.0075,2.15,1.79));
#16443=CARTESIAN_POINT('',(4.0075,1.,1.54));
#16444=CARTESIAN_POINT('',(4.0075,-0.3,1.54));
#16445=CARTESIAN_POINT('',(4.0075,2.15,1.79));
#16446=CARTESIAN_POINT('',(3.3075,2.15,1.79));
#16447=CARTESIAN_POINT('',(3.3075,1.9,1.54));
#16448=CARTESIAN_POINT('',(3.6575,2.025,1.665));
#16449=CARTESIAN_POINT('',(3.3075,2.15,1.79));
#16450=CARTESIAN_POINT('',(3.3075,1.,1.79));
#16451=CARTESIAN_POINT('',(3.3075,1.,1.79));
#16452=CARTESIAN_POINT('',(3.3075,-0.3,1.79));
#16453=CARTESIAN_POINT('',(3.3075,1.,-1.54));
#16454=CARTESIAN_POINT('',(3.3075,1.,-1.54));
#16455=CARTESIAN_POINT('',(3.3075,1.9,-1.54));
#16456=CARTESIAN_POINT('',(3.3075,1.9,-1.54));
#16457=CARTESIAN_POINT('',(4.0075,1.9,-1.54));
#16458=CARTESIAN_POINT('',(4.0075,1.,-1.54));
#16459=CARTESIAN_POINT('',(4.0075,1.,-1.54));
#16460=CARTESIAN_POINT('',(4.0075,1.,-1.54));
#16461=CARTESIAN_POINT('',(4.0075,-0.3,-1.54));
#16462=CARTESIAN_POINT('',(3.3075,2.15,-1.79));
#16463=CARTESIAN_POINT('',(3.3075,2.15,-1.79));
#16464=CARTESIAN_POINT('',(3.3075,1.,-1.79));
#16465=CARTESIAN_POINT('',(3.3075,2.15,-1.79));
#16466=CARTESIAN_POINT('',(3.3075,1.,-1.54));
#16467=CARTESIAN_POINT('',(3.3075,-0.3,-1.54));
#16468=CARTESIAN_POINT('',(3.3075,2.15,-1.79));
#16469=CARTESIAN_POINT('',(4.0075,2.15,-1.79));
#16470=CARTESIAN_POINT('',(4.0075,1.9,-1.54));
#16471=CARTESIAN_POINT('',(3.6575,2.025,-1.665));
#16472=CARTESIAN_POINT('',(4.0075,2.15,-1.79));
#16473=CARTESIAN_POINT('',(4.0075,1.,-1.79));
#16474=CARTESIAN_POINT('',(4.0075,1.,-1.79));
#16475=CARTESIAN_POINT('',(4.0075,-0.3,-1.79));
#16476=CARTESIAN_POINT('',(-4.0075,1.,-1.54));
#16477=CARTESIAN_POINT('',(-4.0075,1.,-1.54));
#16478=CARTESIAN_POINT('',(-4.0075,1.9,-1.54));
#16479=CARTESIAN_POINT('',(-4.0075,1.9,-1.54));
#16480=CARTESIAN_POINT('',(-3.3075,1.9,-1.54));
#16481=CARTESIAN_POINT('',(-3.3075,1.,-1.54));
#16482=CARTESIAN_POINT('',(-3.3075,1.,-1.54));
#16483=CARTESIAN_POINT('',(-3.3075,1.,-1.54));
#16484=CARTESIAN_POINT('',(-3.3075,-0.3,-1.54));
#16485=CARTESIAN_POINT('',(-4.0075,2.15,-1.79));
#16486=CARTESIAN_POINT('',(-4.0075,2.15,-1.79));
#16487=CARTESIAN_POINT('',(-4.0075,1.,-1.79));
#16488=CARTESIAN_POINT('',(-4.0075,2.15,-1.79));
#16489=CARTESIAN_POINT('',(-4.0075,1.,-1.54));
#16490=CARTESIAN_POINT('',(-4.0075,-0.3,-1.54));
#16491=CARTESIAN_POINT('',(-4.0075,2.15,-1.79));
#16492=CARTESIAN_POINT('',(-3.3075,2.15,-1.79));
#16493=CARTESIAN_POINT('',(-3.3075,1.9,-1.54));
#16494=CARTESIAN_POINT('',(-3.6575,2.025,-1.665));
#16495=CARTESIAN_POINT('',(-3.3075,2.15,-1.79));
#16496=CARTESIAN_POINT('',(-3.3075,1.,-1.79));
#16497=CARTESIAN_POINT('',(-3.3075,1.,-1.79));
#16498=CARTESIAN_POINT('',(-3.3075,-0.3,-1.79));
#16499=CARTESIAN_POINT('',(2.7225,3.02,1.175));
#16500=CARTESIAN_POINT('',(2.7225,3.02,1.175));
#16501=CARTESIAN_POINT('',(2.9925,3.02,1.175));
#16502=CARTESIAN_POINT('',(2.9925,2.98,1.135));
#16503=CARTESIAN_POINT('',(2.9925,2.98,1.135));
#16504=CARTESIAN_POINT('',(2.7225,2.98,1.135));
#16505=CARTESIAN_POINT('',(2.7225,2.98,1.135));
#16506=CARTESIAN_POINT('',(2.7225,2.98,1.135));
#16507=CARTESIAN_POINT('',(2.7225,2.98,1.135));
#16508=CARTESIAN_POINT('',(2.0875,3.02,1.175));
#16509=CARTESIAN_POINT('',(2.0875,3.02,1.175));
#16510=CARTESIAN_POINT('',(2.3575,3.02,1.175));
#16511=CARTESIAN_POINT('',(2.3575,2.98,1.135));
#16512=CARTESIAN_POINT('',(2.3575,2.98,1.135));
#16513=CARTESIAN_POINT('',(2.0875,2.98,1.135));
#16514=CARTESIAN_POINT('',(2.0875,2.98,1.135));
#16515=CARTESIAN_POINT('',(2.0875,2.98,1.135));
#16516=CARTESIAN_POINT('',(2.0875,2.98,1.135));
#16517=CARTESIAN_POINT('',(2.0875,0.5,1.135));
#16518=CARTESIAN_POINT('',(2.0875,0.5,1.135));
#16519=CARTESIAN_POINT('',(2.3575,0.5,1.135));
#16520=CARTESIAN_POINT('',(2.3575,0.5,1.135));
#16521=CARTESIAN_POINT('',(2.0875,0.5,1.135));
#16522=CARTESIAN_POINT('',(2.0875,-1.034289321881,1.135));
#16523=CARTESIAN_POINT('',(2.3575,-1.034289321881,1.135));
#16524=CARTESIAN_POINT('',(2.3575,-1.034289321881,1.135));
#16525=CARTESIAN_POINT('',(2.3575,-0.95,1.135));
#16526=CARTESIAN_POINT('',(2.0875,-1.034289321881,1.135));
#16527=CARTESIAN_POINT('',(2.0875,-1.034289321881,1.135));
#16528=CARTESIAN_POINT('',(2.0875,-1.034289321881,1.135));
#16529=CARTESIAN_POINT('',(2.0875,-0.95,1.135));
#16530=CARTESIAN_POINT('',(2.0875,-0.95,1.135));
#16531=CARTESIAN_POINT('',(2.0875,-1.034289321881,1.135));
#16532=CARTESIAN_POINT('',(2.3575,-1.034289321881,1.505));
#16533=CARTESIAN_POINT('',(2.3575,-1.29591883092,1.243370490961));
#16534=CARTESIAN_POINT('',(2.0875,-1.29591883092,1.243370490961));
#16535=CARTESIAN_POINT('',(2.0875,-1.29591883092,1.243370490961));
#16536=CARTESIAN_POINT('',(2.0875,-1.034289321881,1.505));
#16537=CARTESIAN_POINT('',(2.0875,-1.034289321881,1.505));
#16538=CARTESIAN_POINT('',(2.3575,-1.40627416998,1.35372583002));
#16539=CARTESIAN_POINT('',(2.3575,-1.40627416998,1.35372583002));
#16540=CARTESIAN_POINT('',(2.0875,-1.40627416998,1.35372583002));
#16541=CARTESIAN_POINT('',(2.0875,-1.40627416998,1.35372583002));
#16542=CARTESIAN_POINT('',(2.0875,-1.40627416998,1.35372583002));
#16543=CARTESIAN_POINT('',(2.0875,-1.40627416998,1.35372583002));
#16544=CARTESIAN_POINT('',(2.3575,-1.18,1.58));
#16545=CARTESIAN_POINT('',(2.3575,-1.5,1.58));
#16546=CARTESIAN_POINT('',(2.0875,-1.5,1.58));
#16547=CARTESIAN_POINT('',(2.0875,-1.5,1.58));
#16548=CARTESIAN_POINT('',(2.0875,-1.18,1.58));
#16549=CARTESIAN_POINT('',(2.0875,-1.18,1.58));
#16550=CARTESIAN_POINT('',(2.3575,-1.5,2.35));
#16551=CARTESIAN_POINT('',(2.3575,-1.5,2.35));
#16552=CARTESIAN_POINT('',(2.0875,-1.5,2.35));
#16553=CARTESIAN_POINT('',(2.0875,-1.5,2.35));
#16554=CARTESIAN_POINT('',(2.0875,-1.5,2.35));
#16555=CARTESIAN_POINT('',(2.0875,-1.5,2.35));
#16556=CARTESIAN_POINT('',(2.3575,-1.45,2.4));
#16557=CARTESIAN_POINT('',(2.3575,-1.45,2.4));
#16558=CARTESIAN_POINT('',(2.0875,-1.45,2.4));
#16559=CARTESIAN_POINT('',(2.0875,-1.45,2.4));
#16560=CARTESIAN_POINT('',(2.0875,-1.45,2.4));
#16561=CARTESIAN_POINT('',(2.0875,-1.45,2.4));
#16562=CARTESIAN_POINT('',(2.3575,-1.45,2.5));
#16563=CARTESIAN_POINT('',(2.3575,-1.45,2.5));
#16564=CARTESIAN_POINT('',(2.0875,-1.45,2.5));
#16565=CARTESIAN_POINT('',(2.0875,-1.45,2.5));
#16566=CARTESIAN_POINT('',(2.0875,-1.45,2.5));
#16567=CARTESIAN_POINT('',(2.0875,-1.45,2.5));
#16568=CARTESIAN_POINT('',(2.3575,-1.23,2.5));
#16569=CARTESIAN_POINT('',(2.3575,-1.23,2.5));
#16570=CARTESIAN_POINT('',(2.0875,-1.23,2.5));
#16571=CARTESIAN_POINT('',(2.0875,-1.23,2.5));
#16572=CARTESIAN_POINT('',(2.0875,-1.23,2.5));
#16573=CARTESIAN_POINT('',(2.0875,-1.23,2.5));
#16574=CARTESIAN_POINT('',(2.3575,-1.23,1.58));
#16575=CARTESIAN_POINT('',(2.3575,-1.23,1.58));
#16576=CARTESIAN_POINT('',(2.0875,-1.23,1.58));
#16577=CARTESIAN_POINT('',(2.0875,-1.23,1.58));
#16578=CARTESIAN_POINT('',(2.0875,-1.23,1.58));
#16579=CARTESIAN_POINT('',(2.0875,-1.23,1.58));
#16580=CARTESIAN_POINT('',(2.3575,-1.18,1.58));
#16581=CARTESIAN_POINT('',(2.3575,-1.215355339059,1.544644660941));
#16582=CARTESIAN_POINT('',(2.0875,-1.215355339059,1.544644660941));
#16583=CARTESIAN_POINT('',(2.0875,-1.215355339059,1.544644660941));
#16584=CARTESIAN_POINT('',(2.0875,-1.18,1.58));
#16585=CARTESIAN_POINT('',(2.0875,-1.18,1.58));
#16586=CARTESIAN_POINT('',(2.3575,-1.105,1.434289321881));
#16587=CARTESIAN_POINT('',(2.3575,-1.105,1.434289321881));
#16588=CARTESIAN_POINT('',(2.0875,-1.105,1.434289321881));
#16589=CARTESIAN_POINT('',(2.0875,-1.105,1.434289321881));
#16590=CARTESIAN_POINT('',(2.0875,-1.105,1.434289321881));
#16591=CARTESIAN_POINT('',(2.0875,-1.105,1.434289321881));
#16592=CARTESIAN_POINT('',(2.3575,-1.034289321881,1.505));
#16593=CARTESIAN_POINT('',(2.3575,-1.034289321881,1.405));
#16594=CARTESIAN_POINT('',(2.0875,-1.034289321881,1.405));
#16595=CARTESIAN_POINT('',(2.0875,-1.034289321881,1.405));
#16596=CARTESIAN_POINT('',(2.0875,-1.034289321881,1.505));
#16597=CARTESIAN_POINT('',(2.0875,-1.034289321881,1.505));
#16598=CARTESIAN_POINT('',(2.0875,-0.95,1.405));
#16599=CARTESIAN_POINT('',(2.0875,-0.95,1.405));
#16600=CARTESIAN_POINT('',(2.3575,-0.95,1.405));
#16601=CARTESIAN_POINT('',(2.3575,-0.95,1.405));
#16602=CARTESIAN_POINT('',(2.0875,-0.95,1.405));
#16603=CARTESIAN_POINT('',(2.0875,3.25,1.405));
#16604=CARTESIAN_POINT('',(2.7225,2.98,-1.135));
#16605=CARTESIAN_POINT('',(2.7225,2.98,-1.135));
#16606=CARTESIAN_POINT('',(2.9925,2.98,-1.135));
#16607=CARTESIAN_POINT('',(2.9925,3.02,-1.175));
#16608=CARTESIAN_POINT('',(2.9925,3.02,-1.175));
#16609=CARTESIAN_POINT('',(2.7225,3.02,-1.175));
#16610=CARTESIAN_POINT('',(2.7225,3.02,-1.175));
#16611=CARTESIAN_POINT('',(2.7225,3.02,-1.175));
#16612=CARTESIAN_POINT('',(2.7225,3.25,-1.405));
#16613=CARTESIAN_POINT('',(-3.31,0.5,0.635));
#16614=CARTESIAN_POINT('',(-3.31,0.5,0.635));
#16615=CARTESIAN_POINT('',(-3.31,0.4,0.635));
#16616=CARTESIAN_POINT('',(-3.31,0.4,1.175));
#16617=CARTESIAN_POINT('',(-3.31,0.4,1.175));
#16618=CARTESIAN_POINT('',(-3.31,0.5,1.175));
#16619=CARTESIAN_POINT('',(-3.31,0.5,1.175));
#16620=CARTESIAN_POINT('',(-3.31,0.5,1.175));
#16621=CARTESIAN_POINT('',(-3.31,0.5,1.175));
#16622=CARTESIAN_POINT('',(-3.71,0.5,0.635));
#16623=CARTESIAN_POINT('',(-3.71,0.5,0.635));
#16624=CARTESIAN_POINT('',(-3.71,0.4,0.635));
#16625=CARTESIAN_POINT('',(-3.31,0.4,0.635));
#16626=CARTESIAN_POINT('',(-3.71,0.5,0.635));
#16627=CARTESIAN_POINT('',(-3.31,0.5,0.635));
#16628=CARTESIAN_POINT('',(3.31,0.5,0.635));
#16629=CARTESIAN_POINT('',(3.31,0.5,0.635));
#16630=CARTESIAN_POINT('',(3.31,0.4,0.635));
#16631=CARTESIAN_POINT('',(3.71,0.4,0.635));
#16632=CARTESIAN_POINT('',(3.71,0.4,0.635));
#16633=CARTESIAN_POINT('',(3.71,0.5,0.635));
#16634=CARTESIAN_POINT('',(3.71,0.5,0.635));
#16635=CARTESIAN_POINT('',(3.71,0.5,0.635));
#16636=CARTESIAN_POINT('',(3.71,0.5,0.635));
#16637=CARTESIAN_POINT('',(3.31,0.5,1.175));
#16638=CARTESIAN_POINT('',(3.31,0.5,1.175));
#16639=CARTESIAN_POINT('',(3.31,0.4,1.175));
#16640=CARTESIAN_POINT('',(3.31,0.4,0.635));
#16641=CARTESIAN_POINT('',(3.31,0.5,1.175));
#16642=CARTESIAN_POINT('',(3.31,0.5,0.635));
#16643=CARTESIAN_POINT('',(3.31,0.5,-1.175));
#16644=CARTESIAN_POINT('',(3.31,0.5,-1.175));
#16645=CARTESIAN_POINT('',(3.31,0.5,-0.635));
#16646=CARTESIAN_POINT('',(3.31,0.5,-0.635));
#16647=CARTESIAN_POINT('',(3.31,0.4,-0.635));
#16648=CARTESIAN_POINT('',(3.31,0.4,-1.175));
#16649=CARTESIAN_POINT('',(3.31,0.4,-1.175));
#16650=CARTESIAN_POINT('',(3.31,0.5,-1.175));
#16651=CARTESIAN_POINT('',(3.31,0.5,-1.175));
#16652=CARTESIAN_POINT('',(3.71,0.5,-0.635));
#16653=CARTESIAN_POINT('',(3.71,0.5,-0.635));
#16654=CARTESIAN_POINT('',(3.71,0.5,-0.635));
#16655=CARTESIAN_POINT('',(3.71,0.4,-0.635));
#16656=CARTESIAN_POINT('',(3.31,0.4,-0.635));
#16657=CARTESIAN_POINT('',(3.31,0.5,-0.635));
#16658=CARTESIAN_POINT('',(-3.71,0.4,0.635));
#16659=CARTESIAN_POINT('',(-3.71,0.4,1.175));
#16660=CARTESIAN_POINT('',(-3.71,0.4,1.175));
#16661=CARTESIAN_POINT('',(6.61,0.4,-1.79));
#16662=CARTESIAN_POINT('',(-3.71,0.4,-0.635));
#16663=CARTESIAN_POINT('',(-3.71,0.4,-0.635));
#16664=CARTESIAN_POINT('',(-3.31,0.4,-0.635));
#16665=CARTESIAN_POINT('',(-3.31,0.4,-0.635));
#16666=CARTESIAN_POINT('',(-3.31,0.4,-1.175));
#16667=CARTESIAN_POINT('',(-3.31,0.4,-1.175));
#16668=CARTESIAN_POINT('',(-3.71,0.4,-1.175));
#16669=CARTESIAN_POINT('',(-3.71,0.4,-1.175));
#16670=CARTESIAN_POINT('',(6.61,0.4,-1.79));
#16671=CARTESIAN_POINT('',(3.31,0.4,1.175));
#16672=CARTESIAN_POINT('',(3.71,0.4,1.175));
#16673=CARTESIAN_POINT('',(3.71,0.4,1.175));
#16674=CARTESIAN_POINT('',(6.61,0.4,-1.79));
#16675=CARTESIAN_POINT('',(3.71,0.4,-0.635));
#16676=CARTESIAN_POINT('',(3.71,0.4,-1.175));
#16677=CARTESIAN_POINT('',(3.71,0.4,-1.175));
#16678=CARTESIAN_POINT('',(6.61,0.4,-1.79));
#16679=CARTESIAN_POINT('',(-3.71,0.4,1.175));
#16680=CARTESIAN_POINT('',(-3.71,3.25,1.175));
#16681=CARTESIAN_POINT('',(-3.71,0.5,0.635));
#16682=CARTESIAN_POINT('',(-3.71,0.5,-0.635));
#16683=CARTESIAN_POINT('',(-3.71,0.5,-0.635));
#16684=CARTESIAN_POINT('',(-3.71,3.25,-1.175));
#16685=CARTESIAN_POINT('',(-3.71,3.25,-1.175));
#16686=CARTESIAN_POINT('',(-3.71,3.25,1.175));
#16687=CARTESIAN_POINT('',(-3.71,3.5,-1.175));
#16688=CARTESIAN_POINT('',(-3.31,0.5,-0.635));
#16689=CARTESIAN_POINT('',(-3.31,0.5,-0.635));
#16690=CARTESIAN_POINT('',(-3.71,0.5,-0.635));
#16691=CARTESIAN_POINT('',(-3.71,0.5,-0.635));
#16692=CARTESIAN_POINT('',(-3.31,0.5,-1.175));
#16693=CARTESIAN_POINT('',(-3.31,0.5,-1.175));
#16694=CARTESIAN_POINT('',(-3.31,0.5,-1.175));
#16695=CARTESIAN_POINT('',(-3.31,0.5,-0.635));
#16696=CARTESIAN_POINT('',(-2.9925,2.98,-1.135));
#16697=CARTESIAN_POINT('',(-2.9925,2.98,-1.135));
#16698=CARTESIAN_POINT('',(-2.7225,2.98,-1.135));
#16699=CARTESIAN_POINT('',(-2.7225,3.02,-1.175));
#16700=CARTESIAN_POINT('',(-2.7225,3.02,-1.175));
#16701=CARTESIAN_POINT('',(-2.9925,3.02,-1.175));
#16702=CARTESIAN_POINT('',(-2.9925,3.02,-1.175));
#16703=CARTESIAN_POINT('',(-2.9925,3.02,-1.175));
#16704=CARTESIAN_POINT('',(-2.9925,3.25,-1.405));
#16705=CARTESIAN_POINT('',(-2.7225,-1.034289321881,-1.405));
#16706=CARTESIAN_POINT('',(-2.7225,-1.034289321881,-1.405));
#16707=CARTESIAN_POINT('',(-2.7225,-0.95,-1.405));
#16708=CARTESIAN_POINT('',(-2.9925,-1.034289321881,-1.405));
#16709=CARTESIAN_POINT('',(-2.9925,-1.034289321881,-1.405));
#16710=CARTESIAN_POINT('',(-2.9925,-1.034289321881,-1.405));
#16711=CARTESIAN_POINT('',(-2.9925,-0.95,-1.405));
#16712=CARTESIAN_POINT('',(-2.9925,-0.95,-1.405));
#16713=CARTESIAN_POINT('',(-2.9925,-1.034289321881,-1.405));
#16714=CARTESIAN_POINT('',(-2.7225,-1.034289321881,-1.505));
#16715=CARTESIAN_POINT('',(-2.7225,-1.105,-1.434289321881));
#16716=CARTESIAN_POINT('',(-2.9925,-1.105,-1.434289321881));
#16717=CARTESIAN_POINT('',(-2.9925,-1.105,-1.434289321881));
#16718=CARTESIAN_POINT('',(-2.9925,-1.034289321881,-1.505));
#16719=CARTESIAN_POINT('',(-2.9925,-1.034289321881,-1.505));
#16720=CARTESIAN_POINT('',(-2.7225,-1.215355339059,-1.544644660941));
#16721=CARTESIAN_POINT('',(-2.7225,-1.215355339059,-1.544644660941));
#16722=CARTESIAN_POINT('',(-2.9925,-1.215355339059,-1.544644660941));
#16723=CARTESIAN_POINT('',(-2.9925,-1.215355339059,-1.544644660941));
#16724=CARTESIAN_POINT('',(-2.9925,-1.215355339059,-1.544644660941));
#16725=CARTESIAN_POINT('',(-2.9925,-1.215355339059,-1.544644660941));
#16726=CARTESIAN_POINT('',(-2.7225,-1.18,-1.58));
#16727=CARTESIAN_POINT('',(-2.7225,-1.23,-1.58));
#16728=CARTESIAN_POINT('',(-2.9925,-1.23,-1.58));
#16729=CARTESIAN_POINT('',(-2.9925,-1.23,-1.58));
#16730=CARTESIAN_POINT('',(-2.9925,-1.18,-1.58));
#16731=CARTESIAN_POINT('',(-2.9925,-1.18,-1.58));
#16732=CARTESIAN_POINT('',(-2.7225,-1.23,-2.5));
#16733=CARTESIAN_POINT('',(-2.7225,-1.23,-2.5));
#16734=CARTESIAN_POINT('',(-2.9925,-1.23,-2.5));
#16735=CARTESIAN_POINT('',(-2.9925,-1.23,-2.5));
#16736=CARTESIAN_POINT('',(-2.9925,-1.23,-2.5));
#16737=CARTESIAN_POINT('',(-2.9925,-1.23,-2.5));
#16738=CARTESIAN_POINT('',(-2.7225,-1.45,-2.5));
#16739=CARTESIAN_POINT('',(-2.7225,-1.45,-2.5));
#16740=CARTESIAN_POINT('',(-2.9925,-1.45,-2.5));
#16741=CARTESIAN_POINT('',(-2.9925,-1.45,-2.5));
#16742=CARTESIAN_POINT('',(-2.9925,-1.45,-2.5));
#16743=CARTESIAN_POINT('',(-2.9925,-1.45,-2.5));
#16744=CARTESIAN_POINT('',(-2.7225,-1.45,-2.4));
#16745=CARTESIAN_POINT('',(-2.7225,-1.45,-2.4));
#16746=CARTESIAN_POINT('',(-2.9925,-1.45,-2.4));
#16747=CARTESIAN_POINT('',(-2.9925,-1.45,-2.4));
#16748=CARTESIAN_POINT('',(-2.9925,-1.45,-2.4));
#16749=CARTESIAN_POINT('',(-2.9925,-1.45,-2.4));
#16750=CARTESIAN_POINT('',(-2.7225,-1.5,-2.4));
#16751=CARTESIAN_POINT('',(-2.7225,-1.5,-2.4));
#16752=CARTESIAN_POINT('',(-2.9925,-1.5,-2.4));
#16753=CARTESIAN_POINT('',(-2.9925,-1.5,-2.4));
#16754=CARTESIAN_POINT('',(-2.9925,-1.5,-2.4));
#16755=CARTESIAN_POINT('',(-2.9925,-1.5,-2.4));
#16756=CARTESIAN_POINT('',(-2.7225,-1.5,-1.58));
#16757=CARTESIAN_POINT('',(-2.7225,-1.5,-1.58));
#16758=CARTESIAN_POINT('',(-2.9925,-1.5,-1.58));
#16759=CARTESIAN_POINT('',(-2.9925,-1.5,-1.58));
#16760=CARTESIAN_POINT('',(-2.9925,-1.5,-1.58));
#16761=CARTESIAN_POINT('',(-2.9925,-1.5,-1.58));
#16762=CARTESIAN_POINT('',(-2.7225,-1.18,-1.58));
#16763=CARTESIAN_POINT('',(-2.7225,-1.40627416998,-1.35372583002));
#16764=CARTESIAN_POINT('',(-2.9925,-1.40627416998,-1.35372583002));
#16765=CARTESIAN_POINT('',(-2.9925,-1.40627416998,-1.35372583002));
#16766=CARTESIAN_POINT('',(-2.9925,-1.18,-1.58));
#16767=CARTESIAN_POINT('',(-2.9925,-1.18,-1.58));
#16768=CARTESIAN_POINT('',(-2.7225,-1.29591883092,-1.243370490961));
#16769=CARTESIAN_POINT('',(-2.7225,-1.29591883092,-1.243370490961));
#16770=CARTESIAN_POINT('',(-2.9925,-1.29591883092,-1.243370490961));
#16771=CARTESIAN_POINT('',(-2.9925,-1.29591883092,-1.243370490961));
#16772=CARTESIAN_POINT('',(-2.9925,-1.29591883092,-1.243370490961));
#16773=CARTESIAN_POINT('',(-2.9925,-1.29591883092,-1.243370490961));
#16774=CARTESIAN_POINT('',(-2.7225,-1.034289321881,-1.505));
#16775=CARTESIAN_POINT('',(-2.7225,-1.034289321881,-1.135));
#16776=CARTESIAN_POINT('',(-2.9925,-1.034289321881,-1.135));
#16777=CARTESIAN_POINT('',(-2.9925,-1.034289321881,-1.135));
#16778=CARTESIAN_POINT('',(-2.9925,-1.034289321881,-1.505));
#16779=CARTESIAN_POINT('',(-2.9925,-1.034289321881,-1.505));
#16780=CARTESIAN_POINT('',(-2.7225,2.98,-1.135));
#16781=CARTESIAN_POINT('',(-2.7225,0.5,-1.135));
#16782=CARTESIAN_POINT('',(-2.9925,2.98,-1.135));
#16783=CARTESIAN_POINT('',(-2.9925,0.5,-1.135));
#16784=CARTESIAN_POINT('',(-2.9925,0.5,-1.135));
#16785=CARTESIAN_POINT('',(-2.9925,2.98,-1.135));
#16786=CARTESIAN_POINT('',(-2.9925,-0.95,-1.135));
#16787=CARTESIAN_POINT('',(-2.9925,-0.95,-1.135));
#16788=CARTESIAN_POINT('',(-2.7225,-0.95,-1.135));
#16789=CARTESIAN_POINT('',(-2.7225,-0.95,-1.135));
#16790=CARTESIAN_POINT('',(-2.9925,-0.95,-1.135));
#16791=CARTESIAN_POINT('',(-2.9925,2.98,-1.135));
#16792=CARTESIAN_POINT('',(-2.9925,-1.034289321881,1.405));
#16793=CARTESIAN_POINT('',(-2.9925,-1.034289321881,1.405));
#16794=CARTESIAN_POINT('',(-2.7225,-1.034289321881,1.405));
#16795=CARTESIAN_POINT('',(-2.7225,-0.95,1.405));
#16796=CARTESIAN_POINT('',(-2.7225,-0.95,1.405));
#16797=CARTESIAN_POINT('',(-2.9925,-0.95,1.405));
#16798=CARTESIAN_POINT('',(-2.9925,-0.95,1.405));
#16799=CARTESIAN_POINT('',(-2.9925,-0.95,1.405));
#16800=CARTESIAN_POINT('',(-2.9925,3.25,1.405));
#16801=CARTESIAN_POINT('',(-2.9925,-1.105,1.434289321881));
#16802=CARTESIAN_POINT('',(-2.9925,-1.105,1.434289321881));
#16803=CARTESIAN_POINT('',(-2.7225,-1.105,1.434289321881));
#16804=CARTESIAN_POINT('',(-2.7225,-1.034289321881,1.505));
#16805=CARTESIAN_POINT('',(-2.9925,-1.034289321881,1.505));
#16806=CARTESIAN_POINT('',(-2.9925,-1.034289321881,1.505));
#16807=CARTESIAN_POINT('',(-2.9925,-1.215355339059,1.544644660941));
#16808=CARTESIAN_POINT('',(-2.9925,-1.215355339059,1.544644660941));
#16809=CARTESIAN_POINT('',(-2.7225,-1.215355339059,1.544644660941));
#16810=CARTESIAN_POINT('',(-2.7225,-1.105,1.434289321881));
#16811=CARTESIAN_POINT('',(-2.9925,-1.105,1.434289321881));
#16812=CARTESIAN_POINT('',(-2.9925,-1.105,1.434289321881));
#16813=CARTESIAN_POINT('',(-2.9925,-1.23,1.58));
#16814=CARTESIAN_POINT('',(-2.9925,-1.23,1.58));
#16815=CARTESIAN_POINT('',(-2.7225,-1.23,1.58));
#16816=CARTESIAN_POINT('',(-2.7225,-1.18,1.58));
#16817=CARTESIAN_POINT('',(-2.9925,-1.18,1.58));
#16818=CARTESIAN_POINT('',(-2.9925,-1.18,1.58));
#16819=CARTESIAN_POINT('',(-2.9925,-1.23,2.5));
#16820=CARTESIAN_POINT('',(-2.9925,-1.23,2.5));
#16821=CARTESIAN_POINT('',(-2.7225,-1.23,2.5));
#16822=CARTESIAN_POINT('',(-2.7225,-1.23,1.58));
#16823=CARTESIAN_POINT('',(-2.9925,-1.23,1.58));
#16824=CARTESIAN_POINT('',(-2.9925,-1.23,1.58));
#16825=CARTESIAN_POINT('',(-2.9925,-1.45,2.5));
#16826=CARTESIAN_POINT('',(-2.9925,-1.45,2.5));
#16827=CARTESIAN_POINT('',(-2.7225,-1.45,2.5));
#16828=CARTESIAN_POINT('',(-2.7225,-1.23,2.5));
#16829=CARTESIAN_POINT('',(-2.9925,-1.23,2.5));
#16830=CARTESIAN_POINT('',(-2.9925,-1.23,2.5));
#16831=CARTESIAN_POINT('',(-2.9925,-1.45,2.4));
#16832=CARTESIAN_POINT('',(-2.9925,-1.45,2.4));
#16833=CARTESIAN_POINT('',(-2.7225,-1.45,2.4));
#16834=CARTESIAN_POINT('',(-2.7225,-1.45,2.5));
#16835=CARTESIAN_POINT('',(-2.9925,-1.45,2.5));
#16836=CARTESIAN_POINT('',(-2.9925,-1.45,2.5));
#16837=CARTESIAN_POINT('',(-2.9925,-1.5,2.35));
#16838=CARTESIAN_POINT('',(-2.9925,-1.5,2.35));
#16839=CARTESIAN_POINT('',(-2.7225,-1.5,2.35));
#16840=CARTESIAN_POINT('',(-2.7225,-1.45,2.4));
#16841=CARTESIAN_POINT('',(-2.9925,-1.45,2.4));
#16842=CARTESIAN_POINT('',(-2.9925,-1.45,2.4));
#16843=CARTESIAN_POINT('',(-2.9925,-1.5,1.58));
#16844=CARTESIAN_POINT('',(-2.9925,-1.5,1.58));
#16845=CARTESIAN_POINT('',(-2.7225,-1.5,1.58));
#16846=CARTESIAN_POINT('',(-2.7225,-1.5,2.35));
#16847=CARTESIAN_POINT('',(-2.9925,-1.5,2.35));
#16848=CARTESIAN_POINT('',(-2.9925,-1.5,2.35));
#16849=CARTESIAN_POINT('',(-2.9925,-1.40627416998,1.35372583002));
#16850=CARTESIAN_POINT('',(-2.9925,-1.40627416998,1.35372583002));
#16851=CARTESIAN_POINT('',(-2.7225,-1.40627416998,1.35372583002));
#16852=CARTESIAN_POINT('',(-2.7225,-1.18,1.58));
#16853=CARTESIAN_POINT('',(-2.9925,-1.18,1.58));
#16854=CARTESIAN_POINT('',(-2.9925,-1.18,1.58));
#16855=CARTESIAN_POINT('',(-2.9925,-1.29591883092,1.243370490961));
#16856=CARTESIAN_POINT('',(-2.9925,-1.29591883092,1.243370490961));
#16857=CARTESIAN_POINT('',(-2.7225,-1.29591883092,1.243370490961));
#16858=CARTESIAN_POINT('',(-2.7225,-1.40627416998,1.35372583002));
#16859=CARTESIAN_POINT('',(-2.9925,-1.40627416998,1.35372583002));
#16860=CARTESIAN_POINT('',(-2.9925,-1.40627416998,1.35372583002));
#16861=CARTESIAN_POINT('',(-2.9925,-1.034289321881,1.135));
#16862=CARTESIAN_POINT('',(-2.9925,-1.034289321881,1.135));
#16863=CARTESIAN_POINT('',(-2.7225,-1.034289321881,1.135));
#16864=CARTESIAN_POINT('',(-2.7225,-1.034289321881,1.505));
#16865=CARTESIAN_POINT('',(-2.9925,-1.034289321881,1.505));
#16866=CARTESIAN_POINT('',(-2.9925,-1.034289321881,1.505));
#16867=CARTESIAN_POINT('',(-2.9925,2.98,1.135));
#16868=CARTESIAN_POINT('',(-2.9925,2.98,1.135));
#16869=CARTESIAN_POINT('',(-2.7225,2.98,1.135));
#16870=CARTESIAN_POINT('',(-2.7225,0.5,1.135));
#16871=CARTESIAN_POINT('',(-2.7225,0.5,1.135));
#16872=CARTESIAN_POINT('',(-2.9925,0.5,1.135));
#16873=CARTESIAN_POINT('',(-2.9925,0.5,1.135));
#16874=CARTESIAN_POINT('',(-2.9925,0.5,1.135));
#16875=CARTESIAN_POINT('',(-2.9925,-1.034289321881,1.135));
#16876=CARTESIAN_POINT('',(-2.9925,-0.95,1.135));
#16877=CARTESIAN_POINT('',(-2.9925,-0.95,1.135));
#16878=CARTESIAN_POINT('',(-2.7225,-0.95,1.135));
#16879=CARTESIAN_POINT('',(-2.7225,-1.034289321881,1.135));
#16880=CARTESIAN_POINT('',(-2.9925,-1.034289321881,1.135));
#16881=CARTESIAN_POINT('',(-2.9925,-1.034289321881,1.135));
#16882=CARTESIAN_POINT('',(-2.9925,0.5,-1.135));
#16883=CARTESIAN_POINT('',(-2.9925,0.5,-1.175));
#16884=CARTESIAN_POINT('',(-2.9925,0.5,-1.175));
#16885=CARTESIAN_POINT('',(-2.9925,0.,0.));
#16886=CARTESIAN_POINT('',(-2.9925,-0.95,-1.135));
#16887=CARTESIAN_POINT('',(-2.9925,0.,0.));
#16888=CARTESIAN_POINT('',(-2.9925,-0.95,1.405));
#16889=CARTESIAN_POINT('',(-2.9925,0.,0.));
#16890=CARTESIAN_POINT('',(-2.9925,2.98,1.135));
#16891=CARTESIAN_POINT('',(-2.9925,3.02,1.175));
#16892=CARTESIAN_POINT('',(-2.9925,0.5,1.175));
#16893=CARTESIAN_POINT('',(-2.9925,0.5,1.175));
#16894=CARTESIAN_POINT('',(-2.9925,0.5,1.175));
#16895=CARTESIAN_POINT('',(-2.9925,0.,0.));
#16896=CARTESIAN_POINT('',(-2.7225,2.98,1.135));
#16897=CARTESIAN_POINT('',(-2.7225,3.02,1.175));
#16898=CARTESIAN_POINT('',(-2.9925,3.02,1.175));
#16899=CARTESIAN_POINT('',(-2.9925,2.98,1.135));
#16900=CARTESIAN_POINT('',(-2.7225,0.5,-1.135));
#16901=CARTESIAN_POINT('',(-2.7225,0.5,-1.175));
#16902=CARTESIAN_POINT('',(-2.7225,0.5,-1.175));
#16903=CARTESIAN_POINT('',(-2.7225,0.,0.));
#16904=CARTESIAN_POINT('',(-2.7225,-0.95,-1.135));
#16905=CARTESIAN_POINT('',(-2.7225,0.,0.));
#16906=CARTESIAN_POINT('',(-2.7225,-0.95,1.405));
#16907=CARTESIAN_POINT('',(-2.7225,0.,0.));
#16908=CARTESIAN_POINT('',(-2.7225,0.5,1.175));
#16909=CARTESIAN_POINT('',(-2.7225,0.5,1.175));
#16910=CARTESIAN_POINT('',(-2.7225,0.5,1.175));
#16911=CARTESIAN_POINT('',(-2.7225,0.,0.));
#16912=CARTESIAN_POINT('',(-2.3575,3.02,1.175));
#16913=CARTESIAN_POINT('',(-2.3575,3.02,1.175));
#16914=CARTESIAN_POINT('',(-2.0875,3.02,1.175));
#16915=CARTESIAN_POINT('',(-2.0875,2.98,1.135));
#16916=CARTESIAN_POINT('',(-2.0875,2.98,1.135));
#16917=CARTESIAN_POINT('',(-2.3575,2.98,1.135));
#16918=CARTESIAN_POINT('',(-2.3575,2.98,1.135));
#16919=CARTESIAN_POINT('',(-2.3575,2.98,1.135));
#16920=CARTESIAN_POINT('',(-2.3575,2.98,1.135));
#16921=CARTESIAN_POINT('',(-2.3575,0.5,1.135));
#16922=CARTESIAN_POINT('',(-2.3575,0.5,1.135));
#16923=CARTESIAN_POINT('',(-2.0875,0.5,1.135));
#16924=CARTESIAN_POINT('',(-2.0875,0.5,1.135));
#16925=CARTESIAN_POINT('',(-2.3575,0.5,1.135));
#16926=CARTESIAN_POINT('',(-2.3575,-1.034289321881,1.135));
#16927=CARTESIAN_POINT('',(-2.0875,-1.034289321881,1.135));
#16928=CARTESIAN_POINT('',(-2.0875,-1.034289321881,1.135));
#16929=CARTESIAN_POINT('',(-2.0875,-0.95,1.135));
#16930=CARTESIAN_POINT('',(-2.3575,-1.034289321881,1.135));
#16931=CARTESIAN_POINT('',(-2.3575,-1.034289321881,1.135));
#16932=CARTESIAN_POINT('',(-2.3575,-1.034289321881,1.135));
#16933=CARTESIAN_POINT('',(-2.3575,-0.95,1.135));
#16934=CARTESIAN_POINT('',(-2.3575,-0.95,1.135));
#16935=CARTESIAN_POINT('',(-2.3575,-1.034289321881,1.135));
#16936=CARTESIAN_POINT('',(-2.0875,-1.034289321881,1.505));
#16937=CARTESIAN_POINT('',(-2.0875,-1.29591883092,1.243370490961));
#16938=CARTESIAN_POINT('',(-2.3575,-1.29591883092,1.243370490961));
#16939=CARTESIAN_POINT('',(-2.3575,-1.29591883092,1.243370490961));
#16940=CARTESIAN_POINT('',(-2.3575,-1.034289321881,1.505));
#16941=CARTESIAN_POINT('',(-2.3575,-1.034289321881,1.505));
#16942=CARTESIAN_POINT('',(-2.0875,-1.40627416998,1.35372583002));
#16943=CARTESIAN_POINT('',(-2.0875,-1.40627416998,1.35372583002));
#16944=CARTESIAN_POINT('',(-2.3575,-1.40627416998,1.35372583002));
#16945=CARTESIAN_POINT('',(-2.3575,-1.40627416998,1.35372583002));
#16946=CARTESIAN_POINT('',(-2.3575,-1.40627416998,1.35372583002));
#16947=CARTESIAN_POINT('',(-2.3575,-1.40627416998,1.35372583002));
#16948=CARTESIAN_POINT('',(-2.0875,-1.18,1.58));
#16949=CARTESIAN_POINT('',(-2.0875,-1.5,1.58));
#16950=CARTESIAN_POINT('',(-2.3575,-1.5,1.58));
#16951=CARTESIAN_POINT('',(-2.3575,-1.5,1.58));
#16952=CARTESIAN_POINT('',(-2.3575,-1.18,1.58));
#16953=CARTESIAN_POINT('',(-2.3575,-1.18,1.58));
#16954=CARTESIAN_POINT('',(-2.0875,-1.5,2.35));
#16955=CARTESIAN_POINT('',(-2.0875,-1.5,2.35));
#16956=CARTESIAN_POINT('',(-2.3575,-1.5,2.35));
#16957=CARTESIAN_POINT('',(-2.3575,-1.5,2.35));
#16958=CARTESIAN_POINT('',(-2.3575,-1.5,2.35));
#16959=CARTESIAN_POINT('',(-2.3575,-1.5,2.35));
#16960=CARTESIAN_POINT('',(-2.0875,-1.45,2.4));
#16961=CARTESIAN_POINT('',(-2.0875,-1.45,2.4));
#16962=CARTESIAN_POINT('',(-2.3575,-1.45,2.4));
#16963=CARTESIAN_POINT('',(-2.3575,-1.45,2.4));
#16964=CARTESIAN_POINT('',(-2.3575,-1.45,2.4));
#16965=CARTESIAN_POINT('',(-2.3575,-1.45,2.4));
#16966=CARTESIAN_POINT('',(-2.0875,-1.45,2.5));
#16967=CARTESIAN_POINT('',(-2.0875,-1.45,2.5));
#16968=CARTESIAN_POINT('',(-2.3575,-1.45,2.5));
#16969=CARTESIAN_POINT('',(-2.3575,-1.45,2.5));
#16970=CARTESIAN_POINT('',(-2.3575,-1.45,2.5));
#16971=CARTESIAN_POINT('',(-2.3575,-1.45,2.5));
#16972=CARTESIAN_POINT('',(-2.0875,-1.23,2.5));
#16973=CARTESIAN_POINT('',(-2.0875,-1.23,2.5));
#16974=CARTESIAN_POINT('',(-2.3575,-1.23,2.5));
#16975=CARTESIAN_POINT('',(-2.3575,-1.23,2.5));
#16976=CARTESIAN_POINT('',(-2.3575,-1.23,2.5));
#16977=CARTESIAN_POINT('',(-2.3575,-1.23,2.5));
#16978=CARTESIAN_POINT('',(-2.0875,-1.23,1.58));
#16979=CARTESIAN_POINT('',(-2.0875,-1.23,1.58));
#16980=CARTESIAN_POINT('',(-2.3575,-1.23,1.58));
#16981=CARTESIAN_POINT('',(-2.3575,-1.23,1.58));
#16982=CARTESIAN_POINT('',(-2.3575,-1.23,1.58));
#16983=CARTESIAN_POINT('',(-2.3575,-1.23,1.58));
#16984=CARTESIAN_POINT('',(-2.0875,-1.18,1.58));
#16985=CARTESIAN_POINT('',(-2.0875,-1.215355339059,1.544644660941));
#16986=CARTESIAN_POINT('',(-2.3575,-1.215355339059,1.544644660941));
#16987=CARTESIAN_POINT('',(-2.3575,-1.215355339059,1.544644660941));
#16988=CARTESIAN_POINT('',(-2.3575,-1.18,1.58));
#16989=CARTESIAN_POINT('',(-2.3575,-1.18,1.58));
#16990=CARTESIAN_POINT('',(-2.0875,-1.105,1.434289321881));
#16991=CARTESIAN_POINT('',(-2.0875,-1.105,1.434289321881));
#16992=CARTESIAN_POINT('',(-2.3575,-1.105,1.434289321881));
#16993=CARTESIAN_POINT('',(-2.3575,-1.105,1.434289321881));
#16994=CARTESIAN_POINT('',(-2.3575,-1.105,1.434289321881));
#16995=CARTESIAN_POINT('',(-2.3575,-1.105,1.434289321881));
#16996=CARTESIAN_POINT('',(-2.0875,-1.034289321881,1.505));
#16997=CARTESIAN_POINT('',(-2.0875,-1.034289321881,1.405));
#16998=CARTESIAN_POINT('',(-2.3575,-1.034289321881,1.405));
#16999=CARTESIAN_POINT('',(-2.3575,-1.034289321881,1.405));
#17000=CARTESIAN_POINT('',(-2.3575,-1.034289321881,1.505));
#17001=CARTESIAN_POINT('',(-2.3575,-1.034289321881,1.505));
#17002=CARTESIAN_POINT('',(-2.3575,-0.95,1.405));
#17003=CARTESIAN_POINT('',(-2.3575,-0.95,1.405));
#17004=CARTESIAN_POINT('',(-2.0875,-0.95,1.405));
#17005=CARTESIAN_POINT('',(-2.0875,-0.95,1.405));
#17006=CARTESIAN_POINT('',(-2.3575,-0.95,1.405));
#17007=CARTESIAN_POINT('',(-2.3575,3.25,1.405));
#17008=CARTESIAN_POINT('',(-2.3575,2.98,-1.135));
#17009=CARTESIAN_POINT('',(-2.3575,2.98,-1.135));
#17010=CARTESIAN_POINT('',(-2.0875,2.98,-1.135));
#17011=CARTESIAN_POINT('',(-2.0875,3.02,-1.175));
#17012=CARTESIAN_POINT('',(-2.0875,3.02,-1.175));
#17013=CARTESIAN_POINT('',(-2.3575,3.02,-1.175));
#17014=CARTESIAN_POINT('',(-2.3575,3.02,-1.175));
#17015=CARTESIAN_POINT('',(-2.3575,3.02,-1.175));
#17016=CARTESIAN_POINT('',(-2.3575,3.25,-1.405));
#17017=CARTESIAN_POINT('',(-2.3575,-1.034289321881,-1.405));
#17018=CARTESIAN_POINT('',(-2.3575,-1.034289321881,-1.405));
#17019=CARTESIAN_POINT('',(-2.0875,-1.034289321881,-1.405));
#17020=CARTESIAN_POINT('',(-2.0875,-1.034289321881,-1.505));
#17021=CARTESIAN_POINT('',(-2.0875,-1.105,-1.434289321881));
#17022=CARTESIAN_POINT('',(-2.3575,-1.105,-1.434289321881));
#17023=CARTESIAN_POINT('',(-2.3575,-1.105,-1.434289321881));
#17024=CARTESIAN_POINT('',(-2.3575,-1.034289321881,-1.505));
#17025=CARTESIAN_POINT('',(-2.3575,-1.034289321881,-1.505));
#17026=CARTESIAN_POINT('',(-2.0875,-1.215355339059,-1.544644660941));
#17027=CARTESIAN_POINT('',(-2.0875,-1.215355339059,-1.544644660941));
#17028=CARTESIAN_POINT('',(-2.3575,-1.215355339059,-1.544644660941));
#17029=CARTESIAN_POINT('',(-2.3575,-1.215355339059,-1.544644660941));
#17030=CARTESIAN_POINT('',(-2.3575,-1.215355339059,-1.544644660941));
#17031=CARTESIAN_POINT('',(-2.3575,-1.215355339059,-1.544644660941));
#17032=CARTESIAN_POINT('',(-2.0875,-1.18,-1.58));
#17033=CARTESIAN_POINT('',(-2.0875,-1.23,-1.58));
#17034=CARTESIAN_POINT('',(-2.3575,-1.23,-1.58));
#17035=CARTESIAN_POINT('',(-2.3575,-1.23,-1.58));
#17036=CARTESIAN_POINT('',(-2.3575,-1.18,-1.58));
#17037=CARTESIAN_POINT('',(-2.3575,-1.18,-1.58));
#17038=CARTESIAN_POINT('',(-2.0875,-1.23,-2.5));
#17039=CARTESIAN_POINT('',(-2.0875,-1.23,-2.5));
#17040=CARTESIAN_POINT('',(-2.3575,-1.23,-2.5));
#17041=CARTESIAN_POINT('',(-2.3575,-1.23,-2.5));
#17042=CARTESIAN_POINT('',(-2.3575,-1.23,-2.5));
#17043=CARTESIAN_POINT('',(-2.3575,-1.23,-2.5));
#17044=CARTESIAN_POINT('',(-2.0875,-1.45,-2.5));
#17045=CARTESIAN_POINT('',(-2.0875,-1.45,-2.5));
#17046=CARTESIAN_POINT('',(-2.3575,-1.45,-2.5));
#17047=CARTESIAN_POINT('',(-2.3575,-1.45,-2.5));
#17048=CARTESIAN_POINT('',(-2.3575,-1.45,-2.5));
#17049=CARTESIAN_POINT('',(-2.3575,-1.45,-2.5));
#17050=CARTESIAN_POINT('',(-2.0875,-1.45,-2.4));
#17051=CARTESIAN_POINT('',(-2.0875,-1.45,-2.4));
#17052=CARTESIAN_POINT('',(-2.3575,-1.45,-2.4));
#17053=CARTESIAN_POINT('',(-2.3575,-1.45,-2.4));
#17054=CARTESIAN_POINT('',(-2.3575,-1.45,-2.4));
#17055=CARTESIAN_POINT('',(-2.3575,-1.45,-2.4));
#17056=CARTESIAN_POINT('',(-2.0875,-1.5,-2.4));
#17057=CARTESIAN_POINT('',(-2.0875,-1.5,-2.4));
#17058=CARTESIAN_POINT('',(-2.3575,-1.5,-2.4));
#17059=CARTESIAN_POINT('',(-2.3575,-1.5,-2.4));
#17060=CARTESIAN_POINT('',(-2.3575,-1.5,-2.4));
#17061=CARTESIAN_POINT('',(-2.3575,-1.5,-2.4));
#17062=CARTESIAN_POINT('',(-2.0875,-1.5,-1.58));
#17063=CARTESIAN_POINT('',(-2.0875,-1.5,-1.58));
#17064=CARTESIAN_POINT('',(-2.3575,-1.5,-1.58));
#17065=CARTESIAN_POINT('',(-2.3575,-1.5,-1.58));
#17066=CARTESIAN_POINT('',(-2.3575,-1.5,-1.58));
#17067=CARTESIAN_POINT('',(-2.3575,-1.5,-1.58));
#17068=CARTESIAN_POINT('',(-2.0875,-1.18,-1.58));
#17069=CARTESIAN_POINT('',(-2.0875,-1.40627416998,-1.35372583002));
#17070=CARTESIAN_POINT('',(-2.3575,-1.40627416998,-1.35372583002));
#17071=CARTESIAN_POINT('',(-2.3575,-1.40627416998,-1.35372583002));
#17072=CARTESIAN_POINT('',(-2.3575,-1.18,-1.58));
#17073=CARTESIAN_POINT('',(-2.3575,-1.18,-1.58));
#17074=CARTESIAN_POINT('',(-2.0875,-1.29591883092,-1.243370490961));
#17075=CARTESIAN_POINT('',(-2.0875,-1.29591883092,-1.243370490961));
#17076=CARTESIAN_POINT('',(-2.3575,-1.29591883092,-1.243370490961));
#17077=CARTESIAN_POINT('',(-2.3575,-1.29591883092,-1.243370490961));
#17078=CARTESIAN_POINT('',(-2.3575,-1.29591883092,-1.243370490961));
#17079=CARTESIAN_POINT('',(-2.3575,-1.29591883092,-1.243370490961));
#17080=CARTESIAN_POINT('',(-2.0875,-1.034289321881,-1.505));
#17081=CARTESIAN_POINT('',(-2.0875,-1.034289321881,-1.135));
#17082=CARTESIAN_POINT('',(-2.3575,-1.034289321881,-1.135));
#17083=CARTESIAN_POINT('',(-2.3575,-1.034289321881,-1.135));
#17084=CARTESIAN_POINT('',(-2.3575,-1.034289321881,-1.505));
#17085=CARTESIAN_POINT('',(-2.3575,-1.034289321881,-1.505));
#17086=CARTESIAN_POINT('',(-2.0875,2.98,-1.135));
#17087=CARTESIAN_POINT('',(-2.0875,0.5,-1.135));
#17088=CARTESIAN_POINT('',(-2.3575,2.98,-1.135));
#17089=CARTESIAN_POINT('',(-2.3575,0.5,-1.135));
#17090=CARTESIAN_POINT('',(-2.3575,0.5,-1.135));
#17091=CARTESIAN_POINT('',(-2.3575,2.98,-1.135));
#17092=CARTESIAN_POINT('',(-2.3575,-0.95,-1.135));
#17093=CARTESIAN_POINT('',(-2.3575,-0.95,-1.135));
#17094=CARTESIAN_POINT('',(-2.0875,-0.95,-1.135));
#17095=CARTESIAN_POINT('',(-2.0875,-0.95,-1.135));
#17096=CARTESIAN_POINT('',(-2.3575,-0.95,-1.135));
#17097=CARTESIAN_POINT('',(-2.3575,2.98,-1.135));
#17098=CARTESIAN_POINT('',(-2.3575,0.5,-1.175));
#17099=CARTESIAN_POINT('',(-2.3575,0.5,-1.175));
#17100=CARTESIAN_POINT('',(-2.3575,0.5,-1.135));
#17101=CARTESIAN_POINT('',(-2.3575,0.,0.));
#17102=CARTESIAN_POINT('',(-2.3575,0.5,1.175));
#17103=CARTESIAN_POINT('',(-2.3575,0.5,1.175));
#17104=CARTESIAN_POINT('',(-2.3575,0.5,1.175));
#17105=CARTESIAN_POINT('',(-2.3575,0.,0.));
#17106=CARTESIAN_POINT('',(-2.3575,-0.95,1.135));
#17107=CARTESIAN_POINT('',(-2.3575,0.,0.));
#17108=CARTESIAN_POINT('',(-2.3575,-1.034289321881,-1.405));
#17109=CARTESIAN_POINT('',(-2.3575,-0.95,-1.405));
#17110=CARTESIAN_POINT('',(-2.3575,-0.95,-1.405));
#17111=CARTESIAN_POINT('',(-2.3575,0.,0.));
#17112=CARTESIAN_POINT('',(-2.0875,-1.034289321881,-1.405));
#17113=CARTESIAN_POINT('',(-2.0875,-0.95,-1.405));
#17114=CARTESIAN_POINT('',(-2.3575,-0.95,-1.405));
#17115=CARTESIAN_POINT('',(-2.3575,-1.034289321881,-1.405));
#17116=CARTESIAN_POINT('',(-2.0875,0.5,-1.175));
#17117=CARTESIAN_POINT('',(-2.0875,0.5,-1.175));
#17118=CARTESIAN_POINT('',(-2.0875,0.5,-1.135));
#17119=CARTESIAN_POINT('',(-2.0875,0.,0.));
#17120=CARTESIAN_POINT('',(-2.0875,0.5,1.175));
#17121=CARTESIAN_POINT('',(-2.0875,0.5,1.175));
#17122=CARTESIAN_POINT('',(-2.0875,0.5,1.175));
#17123=CARTESIAN_POINT('',(-2.0875,0.,0.));
#17124=CARTESIAN_POINT('',(-2.0875,-0.95,1.135));
#17125=CARTESIAN_POINT('',(-2.0875,0.,0.));
#17126=CARTESIAN_POINT('',(-2.0875,-0.95,-1.405));
#17127=CARTESIAN_POINT('',(-2.0875,0.,0.));
#17128=CARTESIAN_POINT('',(-1.7225,3.02,1.175));
#17129=CARTESIAN_POINT('',(-1.7225,3.02,1.175));
#17130=CARTESIAN_POINT('',(-1.4525,3.02,1.175));
#17131=CARTESIAN_POINT('',(-1.4525,2.98,1.135));
#17132=CARTESIAN_POINT('',(-1.4525,2.98,1.135));
#17133=CARTESIAN_POINT('',(-1.7225,2.98,1.135));
#17134=CARTESIAN_POINT('',(-1.7225,2.98,1.135));
#17135=CARTESIAN_POINT('',(-1.7225,2.98,1.135));
#17136=CARTESIAN_POINT('',(-1.7225,2.98,1.135));
#17137=CARTESIAN_POINT('',(-1.7225,0.5,1.135));
#17138=CARTESIAN_POINT('',(-1.7225,0.5,1.135));
#17139=CARTESIAN_POINT('',(-1.4525,0.5,1.135));
#17140=CARTESIAN_POINT('',(-1.4525,0.5,1.135));
#17141=CARTESIAN_POINT('',(-1.7225,0.5,1.135));
#17142=CARTESIAN_POINT('',(-1.7225,-1.034289321881,1.135));
#17143=CARTESIAN_POINT('',(-1.4525,-1.034289321881,1.135));
#17144=CARTESIAN_POINT('',(-1.4525,-1.034289321881,1.135));
#17145=CARTESIAN_POINT('',(-1.4525,-0.95,1.135));
#17146=CARTESIAN_POINT('',(-1.7225,-1.034289321881,1.135));
#17147=CARTESIAN_POINT('',(-1.7225,-1.034289321881,1.135));
#17148=CARTESIAN_POINT('',(-1.7225,-1.034289321881,1.135));
#17149=CARTESIAN_POINT('',(-1.7225,-0.95,1.135));
#17150=CARTESIAN_POINT('',(-1.7225,-0.95,1.135));
#17151=CARTESIAN_POINT('',(-1.7225,-1.034289321881,1.135));
#17152=CARTESIAN_POINT('',(-1.4525,-1.034289321881,1.505));
#17153=CARTESIAN_POINT('',(-1.4525,-1.29591883092,1.243370490961));
#17154=CARTESIAN_POINT('',(-1.7225,-1.29591883092,1.243370490961));
#17155=CARTESIAN_POINT('',(-1.7225,-1.29591883092,1.243370490961));
#17156=CARTESIAN_POINT('',(-1.7225,-1.034289321881,1.505));
#17157=CARTESIAN_POINT('',(-1.7225,-1.034289321881,1.505));
#17158=CARTESIAN_POINT('',(-1.4525,-1.40627416998,1.35372583002));
#17159=CARTESIAN_POINT('',(-1.4525,-1.40627416998,1.35372583002));
#17160=CARTESIAN_POINT('',(-1.7225,-1.40627416998,1.35372583002));
#17161=CARTESIAN_POINT('',(-1.7225,-1.40627416998,1.35372583002));
#17162=CARTESIAN_POINT('',(-1.7225,-1.40627416998,1.35372583002));
#17163=CARTESIAN_POINT('',(-1.7225,-1.40627416998,1.35372583002));
#17164=CARTESIAN_POINT('',(-1.4525,-1.18,1.58));
#17165=CARTESIAN_POINT('',(-1.4525,-1.5,1.58));
#17166=CARTESIAN_POINT('',(-1.7225,-1.5,1.58));
#17167=CARTESIAN_POINT('',(-1.7225,-1.5,1.58));
#17168=CARTESIAN_POINT('',(-1.7225,-1.18,1.58));
#17169=CARTESIAN_POINT('',(-1.7225,-1.18,1.58));
#17170=CARTESIAN_POINT('',(-1.4525,-1.5,2.35));
#17171=CARTESIAN_POINT('',(-1.4525,-1.5,2.35));
#17172=CARTESIAN_POINT('',(-1.7225,-1.5,2.35));
#17173=CARTESIAN_POINT('',(-1.7225,-1.5,2.35));
#17174=CARTESIAN_POINT('',(-1.7225,-1.5,2.35));
#17175=CARTESIAN_POINT('',(-1.7225,-1.5,2.35));
#17176=CARTESIAN_POINT('',(-1.4525,-1.45,2.4));
#17177=CARTESIAN_POINT('',(-1.4525,-1.45,2.4));
#17178=CARTESIAN_POINT('',(-1.7225,-1.45,2.4));
#17179=CARTESIAN_POINT('',(-1.7225,-1.45,2.4));
#17180=CARTESIAN_POINT('',(-1.7225,-1.45,2.4));
#17181=CARTESIAN_POINT('',(-1.7225,-1.45,2.4));
#17182=CARTESIAN_POINT('',(-1.4525,-1.45,2.5));
#17183=CARTESIAN_POINT('',(-1.4525,-1.45,2.5));
#17184=CARTESIAN_POINT('',(-1.7225,-1.45,2.5));
#17185=CARTESIAN_POINT('',(-1.7225,-1.45,2.5));
#17186=CARTESIAN_POINT('',(-1.7225,-1.45,2.5));
#17187=CARTESIAN_POINT('',(-1.7225,-1.45,2.5));
#17188=CARTESIAN_POINT('',(-1.4525,-1.23,2.5));
#17189=CARTESIAN_POINT('',(-1.4525,-1.23,2.5));
#17190=CARTESIAN_POINT('',(-1.7225,-1.23,2.5));
#17191=CARTESIAN_POINT('',(-1.7225,-1.23,2.5));
#17192=CARTESIAN_POINT('',(-1.7225,-1.23,2.5));
#17193=CARTESIAN_POINT('',(-1.7225,-1.23,2.5));
#17194=CARTESIAN_POINT('',(-1.4525,-1.23,1.58));
#17195=CARTESIAN_POINT('',(-1.4525,-1.23,1.58));
#17196=CARTESIAN_POINT('',(-1.7225,-1.23,1.58));
#17197=CARTESIAN_POINT('',(-1.7225,-1.23,1.58));
#17198=CARTESIAN_POINT('',(-1.7225,-1.23,1.58));
#17199=CARTESIAN_POINT('',(-1.7225,-1.23,1.58));
#17200=CARTESIAN_POINT('',(-1.4525,-1.18,1.58));
#17201=CARTESIAN_POINT('',(-1.4525,-1.215355339059,1.544644660941));
#17202=CARTESIAN_POINT('',(-1.7225,-1.215355339059,1.544644660941));
#17203=CARTESIAN_POINT('',(-1.7225,-1.215355339059,1.544644660941));
#17204=CARTESIAN_POINT('',(-1.7225,-1.18,1.58));
#17205=CARTESIAN_POINT('',(-1.7225,-1.18,1.58));
#17206=CARTESIAN_POINT('',(-1.4525,-1.105,1.434289321881));
#17207=CARTESIAN_POINT('',(-1.4525,-1.105,1.434289321881));
#17208=CARTESIAN_POINT('',(-1.7225,-1.105,1.434289321881));
#17209=CARTESIAN_POINT('',(-1.7225,-1.105,1.434289321881));
#17210=CARTESIAN_POINT('',(-1.7225,-1.105,1.434289321881));
#17211=CARTESIAN_POINT('',(-1.7225,-1.105,1.434289321881));
#17212=CARTESIAN_POINT('',(-1.4525,-1.034289321881,1.505));
#17213=CARTESIAN_POINT('',(-1.4525,-1.034289321881,1.405));
#17214=CARTESIAN_POINT('',(-1.7225,-1.034289321881,1.405));
#17215=CARTESIAN_POINT('',(-1.7225,-1.034289321881,1.405));
#17216=CARTESIAN_POINT('',(-1.7225,-1.034289321881,1.505));
#17217=CARTESIAN_POINT('',(-1.7225,-1.034289321881,1.505));
#17218=CARTESIAN_POINT('',(-1.7225,-0.95,1.405));
#17219=CARTESIAN_POINT('',(-1.7225,-0.95,1.405));
#17220=CARTESIAN_POINT('',(-1.4525,-0.95,1.405));
#17221=CARTESIAN_POINT('',(-1.4525,-0.95,1.405));
#17222=CARTESIAN_POINT('',(-1.7225,-0.95,1.405));
#17223=CARTESIAN_POINT('',(-1.7225,3.25,1.405));
#17224=CARTESIAN_POINT('',(-1.7225,2.98,-1.135));
#17225=CARTESIAN_POINT('',(-1.7225,2.98,-1.135));
#17226=CARTESIAN_POINT('',(-1.4525,2.98,-1.135));
#17227=CARTESIAN_POINT('',(-1.4525,3.02,-1.175));
#17228=CARTESIAN_POINT('',(-1.4525,3.02,-1.175));
#17229=CARTESIAN_POINT('',(-1.7225,3.02,-1.175));
#17230=CARTESIAN_POINT('',(-1.7225,3.02,-1.175));
#17231=CARTESIAN_POINT('',(-1.7225,3.02,-1.175));
#17232=CARTESIAN_POINT('',(-1.7225,3.25,-1.405));
#17233=CARTESIAN_POINT('',(-1.7225,-1.034289321881,-1.405));
#17234=CARTESIAN_POINT('',(-1.7225,-1.034289321881,-1.405));
#17235=CARTESIAN_POINT('',(-1.4525,-1.034289321881,-1.405));
#17236=CARTESIAN_POINT('',(-1.4525,-1.034289321881,-1.505));
#17237=CARTESIAN_POINT('',(-1.4525,-1.105,-1.434289321881));
#17238=CARTESIAN_POINT('',(-1.7225,-1.105,-1.434289321881));
#17239=CARTESIAN_POINT('',(-1.7225,-1.105,-1.434289321881));
#17240=CARTESIAN_POINT('',(-1.7225,-1.034289321881,-1.505));
#17241=CARTESIAN_POINT('',(-1.7225,-1.034289321881,-1.505));
#17242=CARTESIAN_POINT('',(-1.4525,-1.215355339059,-1.544644660941));
#17243=CARTESIAN_POINT('',(-1.4525,-1.215355339059,-1.544644660941));
#17244=CARTESIAN_POINT('',(-1.7225,-1.215355339059,-1.544644660941));
#17245=CARTESIAN_POINT('',(-1.7225,-1.215355339059,-1.544644660941));
#17246=CARTESIAN_POINT('',(-1.7225,-1.215355339059,-1.544644660941));
#17247=CARTESIAN_POINT('',(-1.7225,-1.215355339059,-1.544644660941));
#17248=CARTESIAN_POINT('',(-1.4525,-1.18,-1.58));
#17249=CARTESIAN_POINT('',(-1.4525,-1.23,-1.58));
#17250=CARTESIAN_POINT('',(-1.7225,-1.23,-1.58));
#17251=CARTESIAN_POINT('',(-1.7225,-1.23,-1.58));
#17252=CARTESIAN_POINT('',(-1.7225,-1.18,-1.58));
#17253=CARTESIAN_POINT('',(-1.7225,-1.18,-1.58));
#17254=CARTESIAN_POINT('',(-1.4525,-1.23,-2.5));
#17255=CARTESIAN_POINT('',(-1.4525,-1.23,-2.5));
#17256=CARTESIAN_POINT('',(-1.7225,-1.23,-2.5));
#17257=CARTESIAN_POINT('',(-1.7225,-1.23,-2.5));
#17258=CARTESIAN_POINT('',(-1.7225,-1.23,-2.5));
#17259=CARTESIAN_POINT('',(-1.7225,-1.23,-2.5));
#17260=CARTESIAN_POINT('',(-1.4525,-1.45,-2.5));
#17261=CARTESIAN_POINT('',(-1.4525,-1.45,-2.5));
#17262=CARTESIAN_POINT('',(-1.7225,-1.45,-2.5));
#17263=CARTESIAN_POINT('',(-1.7225,-1.45,-2.5));
#17264=CARTESIAN_POINT('',(-1.7225,-1.45,-2.5));
#17265=CARTESIAN_POINT('',(-1.7225,-1.45,-2.5));
#17266=CARTESIAN_POINT('',(-1.4525,-1.45,-2.4));
#17267=CARTESIAN_POINT('',(-1.4525,-1.45,-2.4));
#17268=CARTESIAN_POINT('',(-1.7225,-1.45,-2.4));
#17269=CARTESIAN_POINT('',(-1.7225,-1.45,-2.4));
#17270=CARTESIAN_POINT('',(-1.7225,-1.45,-2.4));
#17271=CARTESIAN_POINT('',(-1.7225,-1.45,-2.4));
#17272=CARTESIAN_POINT('',(-1.4525,-1.5,-2.4));
#17273=CARTESIAN_POINT('',(-1.4525,-1.5,-2.4));
#17274=CARTESIAN_POINT('',(-1.7225,-1.5,-2.4));
#17275=CARTESIAN_POINT('',(-1.7225,-1.5,-2.4));
#17276=CARTESIAN_POINT('',(-1.7225,-1.5,-2.4));
#17277=CARTESIAN_POINT('',(-1.7225,-1.5,-2.4));
#17278=CARTESIAN_POINT('',(-1.4525,-1.5,-1.58));
#17279=CARTESIAN_POINT('',(-1.4525,-1.5,-1.58));
#17280=CARTESIAN_POINT('',(-1.7225,-1.5,-1.58));
#17281=CARTESIAN_POINT('',(-1.7225,-1.5,-1.58));
#17282=CARTESIAN_POINT('',(-1.7225,-1.5,-1.58));
#17283=CARTESIAN_POINT('',(-1.7225,-1.5,-1.58));
#17284=CARTESIAN_POINT('',(-1.4525,-1.18,-1.58));
#17285=CARTESIAN_POINT('',(-1.4525,-1.40627416998,-1.35372583002));
#17286=CARTESIAN_POINT('',(-1.7225,-1.40627416998,-1.35372583002));
#17287=CARTESIAN_POINT('',(-1.7225,-1.40627416998,-1.35372583002));
#17288=CARTESIAN_POINT('',(-1.7225,-1.18,-1.58));
#17289=CARTESIAN_POINT('',(-1.7225,-1.18,-1.58));
#17290=CARTESIAN_POINT('',(-1.4525,-1.29591883092,-1.243370490961));
#17291=CARTESIAN_POINT('',(-1.4525,-1.29591883092,-1.243370490961));
#17292=CARTESIAN_POINT('',(-1.7225,-1.29591883092,-1.243370490961));
#17293=CARTESIAN_POINT('',(-1.7225,-1.29591883092,-1.243370490961));
#17294=CARTESIAN_POINT('',(-1.7225,-1.29591883092,-1.243370490961));
#17295=CARTESIAN_POINT('',(-1.7225,-1.29591883092,-1.243370490961));
#17296=CARTESIAN_POINT('',(-1.4525,-1.034289321881,-1.505));
#17297=CARTESIAN_POINT('',(-1.4525,-1.034289321881,-1.135));
#17298=CARTESIAN_POINT('',(-1.7225,-1.034289321881,-1.135));
#17299=CARTESIAN_POINT('',(-1.7225,-1.034289321881,-1.135));
#17300=CARTESIAN_POINT('',(-1.7225,-1.034289321881,-1.505));
#17301=CARTESIAN_POINT('',(-1.7225,-1.034289321881,-1.505));
#17302=CARTESIAN_POINT('',(-1.4525,2.98,-1.135));
#17303=CARTESIAN_POINT('',(-1.4525,0.5,-1.135));
#17304=CARTESIAN_POINT('',(-1.7225,2.98,-1.135));
#17305=CARTESIAN_POINT('',(-1.7225,0.5,-1.135));
#17306=CARTESIAN_POINT('',(-1.7225,0.5,-1.135));
#17307=CARTESIAN_POINT('',(-1.7225,2.98,-1.135));
#17308=CARTESIAN_POINT('',(-1.7225,-0.95,-1.135));
#17309=CARTESIAN_POINT('',(-1.7225,-0.95,-1.135));
#17310=CARTESIAN_POINT('',(-1.4525,-0.95,-1.135));
#17311=CARTESIAN_POINT('',(-1.4525,-0.95,-1.135));
#17312=CARTESIAN_POINT('',(-1.7225,-0.95,-1.135));
#17313=CARTESIAN_POINT('',(-1.7225,2.98,-1.135));
#17314=CARTESIAN_POINT('',(-1.7225,0.5,-1.175));
#17315=CARTESIAN_POINT('',(-1.7225,0.5,-1.175));
#17316=CARTESIAN_POINT('',(-1.7225,0.5,-1.135));
#17317=CARTESIAN_POINT('',(-1.7225,0.,0.));
#17318=CARTESIAN_POINT('',(-1.7225,0.5,1.175));
#17319=CARTESIAN_POINT('',(-1.7225,0.5,1.175));
#17320=CARTESIAN_POINT('',(-1.7225,0.5,1.175));
#17321=CARTESIAN_POINT('',(-1.7225,0.,0.));
#17322=CARTESIAN_POINT('',(-1.7225,-0.95,1.135));
#17323=CARTESIAN_POINT('',(-1.7225,0.,0.));
#17324=CARTESIAN_POINT('',(-1.7225,-1.034289321881,-1.405));
#17325=CARTESIAN_POINT('',(-1.7225,-0.95,-1.405));
#17326=CARTESIAN_POINT('',(-1.7225,-0.95,-1.405));
#17327=CARTESIAN_POINT('',(-1.7225,0.,0.));
#17328=CARTESIAN_POINT('',(-1.4525,-1.034289321881,-1.405));
#17329=CARTESIAN_POINT('',(-1.4525,-0.95,-1.405));
#17330=CARTESIAN_POINT('',(-1.7225,-0.95,-1.405));
#17331=CARTESIAN_POINT('',(-1.7225,-1.034289321881,-1.405));
#17332=CARTESIAN_POINT('',(-1.4525,0.5,-1.175));
#17333=CARTESIAN_POINT('',(-1.4525,0.5,-1.175));
#17334=CARTESIAN_POINT('',(-1.4525,0.5,-1.135));
#17335=CARTESIAN_POINT('',(-1.4525,0.,0.));
#17336=CARTESIAN_POINT('',(-1.4525,0.5,1.175));
#17337=CARTESIAN_POINT('',(-1.4525,0.5,1.175));
#17338=CARTESIAN_POINT('',(-1.4525,0.5,1.175));
#17339=CARTESIAN_POINT('',(-1.4525,0.,0.));
#17340=CARTESIAN_POINT('',(-1.4525,-0.95,1.135));
#17341=CARTESIAN_POINT('',(-1.4525,0.,0.));
#17342=CARTESIAN_POINT('',(-1.4525,-0.95,-1.405));
#17343=CARTESIAN_POINT('',(-1.4525,0.,0.));
#17344=CARTESIAN_POINT('',(-1.0875,3.02,1.175));
#17345=CARTESIAN_POINT('',(-1.0875,3.02,1.175));
#17346=CARTESIAN_POINT('',(-0.8175,3.02,1.175));
#17347=CARTESIAN_POINT('',(-0.8175,2.98,1.135));
#17348=CARTESIAN_POINT('',(-0.8175,2.98,1.135));
#17349=CARTESIAN_POINT('',(-1.0875,2.98,1.135));
#17350=CARTESIAN_POINT('',(-1.0875,2.98,1.135));
#17351=CARTESIAN_POINT('',(-1.0875,2.98,1.135));
#17352=CARTESIAN_POINT('',(-1.0875,2.98,1.135));
#17353=CARTESIAN_POINT('',(-1.0875,0.5,1.135));
#17354=CARTESIAN_POINT('',(-1.0875,0.5,1.135));
#17355=CARTESIAN_POINT('',(-0.8175,0.5,1.135));
#17356=CARTESIAN_POINT('',(-0.8175,0.5,1.135));
#17357=CARTESIAN_POINT('',(-1.0875,0.5,1.135));
#17358=CARTESIAN_POINT('',(-1.0875,-1.034289321881,1.135));
#17359=CARTESIAN_POINT('',(-0.8175,-1.034289321881,1.135));
#17360=CARTESIAN_POINT('',(-0.8175,-1.034289321881,1.135));
#17361=CARTESIAN_POINT('',(-0.8175,-0.95,1.135));
#17362=CARTESIAN_POINT('',(-1.0875,-1.034289321881,1.135));
#17363=CARTESIAN_POINT('',(-1.0875,-1.034289321881,1.135));
#17364=CARTESIAN_POINT('',(-1.0875,-1.034289321881,1.135));
#17365=CARTESIAN_POINT('',(-1.0875,-0.95,1.135));
#17366=CARTESIAN_POINT('',(-1.0875,-0.95,1.135));
#17367=CARTESIAN_POINT('',(-1.0875,-1.034289321881,1.135));
#17368=CARTESIAN_POINT('',(-0.8175,-1.034289321881,1.505));
#17369=CARTESIAN_POINT('',(-0.8175,-1.29591883092,1.243370490961));
#17370=CARTESIAN_POINT('',(-1.0875,-1.29591883092,1.243370490961));
#17371=CARTESIAN_POINT('',(-1.0875,-1.29591883092,1.243370490961));
#17372=CARTESIAN_POINT('',(-1.0875,-1.034289321881,1.505));
#17373=CARTESIAN_POINT('',(-1.0875,-1.034289321881,1.505));
#17374=CARTESIAN_POINT('',(-0.8175,-1.40627416998,1.35372583002));
#17375=CARTESIAN_POINT('',(-0.8175,-1.40627416998,1.35372583002));
#17376=CARTESIAN_POINT('',(-1.0875,-1.40627416998,1.35372583002));
#17377=CARTESIAN_POINT('',(-1.0875,-1.40627416998,1.35372583002));
#17378=CARTESIAN_POINT('',(-1.0875,-1.40627416998,1.35372583002));
#17379=CARTESIAN_POINT('',(-1.0875,-1.40627416998,1.35372583002));
#17380=CARTESIAN_POINT('',(-0.8175,-1.18,1.58));
#17381=CARTESIAN_POINT('',(-0.8175,-1.5,1.58));
#17382=CARTESIAN_POINT('',(-1.0875,-1.5,1.58));
#17383=CARTESIAN_POINT('',(-1.0875,-1.5,1.58));
#17384=CARTESIAN_POINT('',(-1.0875,-1.18,1.58));
#17385=CARTESIAN_POINT('',(-1.0875,-1.18,1.58));
#17386=CARTESIAN_POINT('',(-0.8175,-1.5,2.35));
#17387=CARTESIAN_POINT('',(-0.8175,-1.5,2.35));
#17388=CARTESIAN_POINT('',(-1.0875,-1.5,2.35));
#17389=CARTESIAN_POINT('',(-1.0875,-1.5,2.35));
#17390=CARTESIAN_POINT('',(-1.0875,-1.5,2.35));
#17391=CARTESIAN_POINT('',(-1.0875,-1.5,2.35));
#17392=CARTESIAN_POINT('',(-0.8175,-1.45,2.4));
#17393=CARTESIAN_POINT('',(-0.8175,-1.45,2.4));
#17394=CARTESIAN_POINT('',(-1.0875,-1.45,2.4));
#17395=CARTESIAN_POINT('',(-1.0875,-1.45,2.4));
#17396=CARTESIAN_POINT('',(-1.0875,-1.45,2.4));
#17397=CARTESIAN_POINT('',(-1.0875,-1.45,2.4));
#17398=CARTESIAN_POINT('',(-0.8175,-1.45,2.5));
#17399=CARTESIAN_POINT('',(-0.8175,-1.45,2.5));
#17400=CARTESIAN_POINT('',(-1.0875,-1.45,2.5));
#17401=CARTESIAN_POINT('',(-1.0875,-1.45,2.5));
#17402=CARTESIAN_POINT('',(-1.0875,-1.45,2.5));
#17403=CARTESIAN_POINT('',(-1.0875,-1.45,2.5));
#17404=CARTESIAN_POINT('',(-0.8175,-1.23,2.5));
#17405=CARTESIAN_POINT('',(-0.8175,-1.23,2.5));
#17406=CARTESIAN_POINT('',(-1.0875,-1.23,2.5));
#17407=CARTESIAN_POINT('',(-1.0875,-1.23,2.5));
#17408=CARTESIAN_POINT('',(-1.0875,-1.23,2.5));
#17409=CARTESIAN_POINT('',(-1.0875,-1.23,2.5));
#17410=CARTESIAN_POINT('',(-0.8175,-1.23,1.58));
#17411=CARTESIAN_POINT('',(-0.8175,-1.23,1.58));
#17412=CARTESIAN_POINT('',(-1.0875,-1.23,1.58));
#17413=CARTESIAN_POINT('',(-1.0875,-1.23,1.58));
#17414=CARTESIAN_POINT('',(-1.0875,-1.23,1.58));
#17415=CARTESIAN_POINT('',(-1.0875,-1.23,1.58));
#17416=CARTESIAN_POINT('',(-0.8175,-1.18,1.58));
#17417=CARTESIAN_POINT('',(-0.8175,-1.215355339059,1.544644660941));
#17418=CARTESIAN_POINT('',(-1.0875,-1.215355339059,1.544644660941));
#17419=CARTESIAN_POINT('',(-1.0875,-1.215355339059,1.544644660941));
#17420=CARTESIAN_POINT('',(-1.0875,-1.18,1.58));
#17421=CARTESIAN_POINT('',(-1.0875,-1.18,1.58));
#17422=CARTESIAN_POINT('',(-0.8175,-1.105,1.434289321881));
#17423=CARTESIAN_POINT('',(-0.8175,-1.105,1.434289321881));
#17424=CARTESIAN_POINT('',(-1.0875,-1.105,1.434289321881));
#17425=CARTESIAN_POINT('',(-1.0875,-1.105,1.434289321881));
#17426=CARTESIAN_POINT('',(-1.0875,-1.105,1.434289321881));
#17427=CARTESIAN_POINT('',(-1.0875,-1.105,1.434289321881));
#17428=CARTESIAN_POINT('',(-0.8175,-1.034289321881,1.505));
#17429=CARTESIAN_POINT('',(-0.8175,-1.034289321881,1.405));
#17430=CARTESIAN_POINT('',(-1.0875,-1.034289321881,1.405));
#17431=CARTESIAN_POINT('',(-1.0875,-1.034289321881,1.405));
#17432=CARTESIAN_POINT('',(-1.0875,-1.034289321881,1.505));
#17433=CARTESIAN_POINT('',(-1.0875,-1.034289321881,1.505));
#17434=CARTESIAN_POINT('',(-1.0875,-0.95,1.405));
#17435=CARTESIAN_POINT('',(-1.0875,-0.95,1.405));
#17436=CARTESIAN_POINT('',(-0.8175,-0.95,1.405));
#17437=CARTESIAN_POINT('',(-0.8175,-0.95,1.405));
#17438=CARTESIAN_POINT('',(-1.0875,-0.95,1.405));
#17439=CARTESIAN_POINT('',(-1.0875,3.25,1.405));
#17440=CARTESIAN_POINT('',(-1.0875,2.98,-1.135));
#17441=CARTESIAN_POINT('',(-1.0875,2.98,-1.135));
#17442=CARTESIAN_POINT('',(-0.8175,2.98,-1.135));
#17443=CARTESIAN_POINT('',(-0.8175,3.02,-1.175));
#17444=CARTESIAN_POINT('',(-0.8175,3.02,-1.175));
#17445=CARTESIAN_POINT('',(-1.0875,3.02,-1.175));
#17446=CARTESIAN_POINT('',(-1.0875,3.02,-1.175));
#17447=CARTESIAN_POINT('',(-1.0875,3.02,-1.175));
#17448=CARTESIAN_POINT('',(-1.0875,3.25,-1.405));
#17449=CARTESIAN_POINT('',(-1.0875,-1.034289321881,-1.405));
#17450=CARTESIAN_POINT('',(-1.0875,-1.034289321881,-1.405));
#17451=CARTESIAN_POINT('',(-0.8175,-1.034289321881,-1.405));
#17452=CARTESIAN_POINT('',(-0.8175,-1.034289321881,-1.505));
#17453=CARTESIAN_POINT('',(-0.8175,-1.105,-1.434289321881));
#17454=CARTESIAN_POINT('',(-1.0875,-1.105,-1.434289321881));
#17455=CARTESIAN_POINT('',(-1.0875,-1.105,-1.434289321881));
#17456=CARTESIAN_POINT('',(-1.0875,-1.034289321881,-1.505));
#17457=CARTESIAN_POINT('',(-1.0875,-1.034289321881,-1.505));
#17458=CARTESIAN_POINT('',(-0.8175,-1.215355339059,-1.544644660941));
#17459=CARTESIAN_POINT('',(-0.8175,-1.215355339059,-1.544644660941));
#17460=CARTESIAN_POINT('',(-1.0875,-1.215355339059,-1.544644660941));
#17461=CARTESIAN_POINT('',(-1.0875,-1.215355339059,-1.544644660941));
#17462=CARTESIAN_POINT('',(-1.0875,-1.215355339059,-1.544644660941));
#17463=CARTESIAN_POINT('',(-1.0875,-1.215355339059,-1.544644660941));
#17464=CARTESIAN_POINT('',(-0.8175,-1.18,-1.58));
#17465=CARTESIAN_POINT('',(-0.8175,-1.23,-1.58));
#17466=CARTESIAN_POINT('',(-1.0875,-1.23,-1.58));
#17467=CARTESIAN_POINT('',(-1.0875,-1.23,-1.58));
#17468=CARTESIAN_POINT('',(-1.0875,-1.18,-1.58));
#17469=CARTESIAN_POINT('',(-1.0875,-1.18,-1.58));
#17470=CARTESIAN_POINT('',(-0.8175,-1.23,-2.5));
#17471=CARTESIAN_POINT('',(-0.8175,-1.23,-2.5));
#17472=CARTESIAN_POINT('',(-1.0875,-1.23,-2.5));
#17473=CARTESIAN_POINT('',(-1.0875,-1.23,-2.5));
#17474=CARTESIAN_POINT('',(-1.0875,-1.23,-2.5));
#17475=CARTESIAN_POINT('',(-1.0875,-1.23,-2.5));
#17476=CARTESIAN_POINT('',(-0.8175,-1.45,-2.5));
#17477=CARTESIAN_POINT('',(-0.8175,-1.45,-2.5));
#17478=CARTESIAN_POINT('',(-1.0875,-1.45,-2.5));
#17479=CARTESIAN_POINT('',(-1.0875,-1.45,-2.5));
#17480=CARTESIAN_POINT('',(-1.0875,-1.45,-2.5));
#17481=CARTESIAN_POINT('',(-1.0875,-1.45,-2.5));
#17482=CARTESIAN_POINT('',(-0.8175,-1.45,-2.4));
#17483=CARTESIAN_POINT('',(-0.8175,-1.45,-2.4));
#17484=CARTESIAN_POINT('',(-1.0875,-1.45,-2.4));
#17485=CARTESIAN_POINT('',(-1.0875,-1.45,-2.4));
#17486=CARTESIAN_POINT('',(-1.0875,-1.45,-2.4));
#17487=CARTESIAN_POINT('',(-1.0875,-1.45,-2.4));
#17488=CARTESIAN_POINT('',(-0.8175,-1.5,-2.4));
#17489=CARTESIAN_POINT('',(-0.8175,-1.5,-2.4));
#17490=CARTESIAN_POINT('',(-1.0875,-1.5,-2.4));
#17491=CARTESIAN_POINT('',(-1.0875,-1.5,-2.4));
#17492=CARTESIAN_POINT('',(-1.0875,-1.5,-2.4));
#17493=CARTESIAN_POINT('',(-1.0875,-1.5,-2.4));
#17494=CARTESIAN_POINT('',(-0.8175,-1.5,-1.58));
#17495=CARTESIAN_POINT('',(-0.8175,-1.5,-1.58));
#17496=CARTESIAN_POINT('',(-1.0875,-1.5,-1.58));
#17497=CARTESIAN_POINT('',(-1.0875,-1.5,-1.58));
#17498=CARTESIAN_POINT('',(-1.0875,-1.5,-1.58));
#17499=CARTESIAN_POINT('',(-1.0875,-1.5,-1.58));
#17500=CARTESIAN_POINT('',(-0.8175,-1.18,-1.58));
#17501=CARTESIAN_POINT('',(-0.8175,-1.40627416998,-1.35372583002));
#17502=CARTESIAN_POINT('',(-1.0875,-1.40627416998,-1.35372583002));
#17503=CARTESIAN_POINT('',(-1.0875,-1.40627416998,-1.35372583002));
#17504=CARTESIAN_POINT('',(-1.0875,-1.18,-1.58));
#17505=CARTESIAN_POINT('',(-1.0875,-1.18,-1.58));
#17506=CARTESIAN_POINT('',(-0.8175,-1.29591883092,-1.243370490961));
#17507=CARTESIAN_POINT('',(-0.8175,-1.29591883092,-1.243370490961));
#17508=CARTESIAN_POINT('',(-1.0875,-1.29591883092,-1.243370490961));
#17509=CARTESIAN_POINT('',(-1.0875,-1.29591883092,-1.243370490961));
#17510=CARTESIAN_POINT('',(-1.0875,-1.29591883092,-1.243370490961));
#17511=CARTESIAN_POINT('',(-1.0875,-1.29591883092,-1.243370490961));
#17512=CARTESIAN_POINT('',(-0.8175,-1.034289321881,-1.505));
#17513=CARTESIAN_POINT('',(-0.8175,-1.034289321881,-1.135));
#17514=CARTESIAN_POINT('',(-1.0875,-1.034289321881,-1.135));
#17515=CARTESIAN_POINT('',(-1.0875,-1.034289321881,-1.135));
#17516=CARTESIAN_POINT('',(-1.0875,-1.034289321881,-1.505));
#17517=CARTESIAN_POINT('',(-1.0875,-1.034289321881,-1.505));
#17518=CARTESIAN_POINT('',(-0.8175,2.98,-1.135));
#17519=CARTESIAN_POINT('',(-0.8175,0.5,-1.135));
#17520=CARTESIAN_POINT('',(-1.0875,2.98,-1.135));
#17521=CARTESIAN_POINT('',(-1.0875,0.5,-1.135));
#17522=CARTESIAN_POINT('',(-1.0875,0.5,-1.135));
#17523=CARTESIAN_POINT('',(-1.0875,2.98,-1.135));
#17524=CARTESIAN_POINT('',(-1.0875,-0.95,-1.135));
#17525=CARTESIAN_POINT('',(-1.0875,-0.95,-1.135));
#17526=CARTESIAN_POINT('',(-0.8175,-0.95,-1.135));
#17527=CARTESIAN_POINT('',(-0.8175,-0.95,-1.135));
#17528=CARTESIAN_POINT('',(-1.0875,-0.95,-1.135));
#17529=CARTESIAN_POINT('',(-1.0875,2.98,-1.135));
#17530=CARTESIAN_POINT('',(-1.0875,0.5,-1.175));
#17531=CARTESIAN_POINT('',(-1.0875,0.5,-1.175));
#17532=CARTESIAN_POINT('',(-1.0875,0.5,-1.135));
#17533=CARTESIAN_POINT('',(-1.0875,0.,0.));
#17534=CARTESIAN_POINT('',(-1.0875,0.5,1.175));
#17535=CARTESIAN_POINT('',(-1.0875,0.5,1.175));
#17536=CARTESIAN_POINT('',(-1.0875,0.5,1.175));
#17537=CARTESIAN_POINT('',(-1.0875,0.,0.));
#17538=CARTESIAN_POINT('',(-1.0875,-0.95,1.135));
#17539=CARTESIAN_POINT('',(-1.0875,0.,0.));
#17540=CARTESIAN_POINT('',(-1.0875,-1.034289321881,-1.405));
#17541=CARTESIAN_POINT('',(-1.0875,-0.95,-1.405));
#17542=CARTESIAN_POINT('',(-1.0875,-0.95,-1.405));
#17543=CARTESIAN_POINT('',(-1.0875,0.,0.));
#17544=CARTESIAN_POINT('',(-0.8175,-1.034289321881,-1.405));
#17545=CARTESIAN_POINT('',(-0.8175,-0.95,-1.405));
#17546=CARTESIAN_POINT('',(-1.0875,-0.95,-1.405));
#17547=CARTESIAN_POINT('',(-1.0875,-1.034289321881,-1.405));
#17548=CARTESIAN_POINT('',(-0.8175,0.5,-1.175));
#17549=CARTESIAN_POINT('',(-0.8175,0.5,-1.175));
#17550=CARTESIAN_POINT('',(-0.8175,0.5,-1.135));
#17551=CARTESIAN_POINT('',(-0.8175,0.,0.));
#17552=CARTESIAN_POINT('',(-0.8175,0.5,1.175));
#17553=CARTESIAN_POINT('',(-0.8175,0.5,1.175));
#17554=CARTESIAN_POINT('',(-0.8175,0.5,1.175));
#17555=CARTESIAN_POINT('',(-0.8175,0.,0.));
#17556=CARTESIAN_POINT('',(-0.8175,-0.95,1.135));
#17557=CARTESIAN_POINT('',(-0.8175,0.,0.));
#17558=CARTESIAN_POINT('',(-0.8175,-0.95,-1.405));
#17559=CARTESIAN_POINT('',(-0.8175,0.,0.));
#17560=CARTESIAN_POINT('',(-0.4525,3.02,1.175));
#17561=CARTESIAN_POINT('',(-0.4525,3.02,1.175));
#17562=CARTESIAN_POINT('',(-0.1825,3.02,1.175));
#17563=CARTESIAN_POINT('',(-0.1825,2.98,1.135));
#17564=CARTESIAN_POINT('',(-0.1825,2.98,1.135));
#17565=CARTESIAN_POINT('',(-0.4525,2.98,1.135));
#17566=CARTESIAN_POINT('',(-0.4525,2.98,1.135));
#17567=CARTESIAN_POINT('',(-0.4525,2.98,1.135));
#17568=CARTESIAN_POINT('',(-0.4525,2.98,1.135));
#17569=CARTESIAN_POINT('',(-0.4525,0.5,1.135));
#17570=CARTESIAN_POINT('',(-0.4525,0.5,1.135));
#17571=CARTESIAN_POINT('',(-0.1825,0.5,1.135));
#17572=CARTESIAN_POINT('',(-0.1825,0.5,1.135));
#17573=CARTESIAN_POINT('',(-0.4525,0.5,1.135));
#17574=CARTESIAN_POINT('',(-0.4525,-1.034289321881,1.135));
#17575=CARTESIAN_POINT('',(-0.1825,-1.034289321881,1.135));
#17576=CARTESIAN_POINT('',(-0.1825,-1.034289321881,1.135));
#17577=CARTESIAN_POINT('',(-0.1825,-0.95,1.135));
#17578=CARTESIAN_POINT('',(-0.4525,-1.034289321881,1.135));
#17579=CARTESIAN_POINT('',(-0.4525,-1.034289321881,1.135));
#17580=CARTESIAN_POINT('',(-0.4525,-1.034289321881,1.135));
#17581=CARTESIAN_POINT('',(-0.4525,-0.95,1.135));
#17582=CARTESIAN_POINT('',(-0.4525,-0.95,1.135));
#17583=CARTESIAN_POINT('',(-0.4525,-1.034289321881,1.135));
#17584=CARTESIAN_POINT('',(-0.1825,-1.034289321881,1.505));
#17585=CARTESIAN_POINT('',(-0.1825,-1.29591883092,1.243370490961));
#17586=CARTESIAN_POINT('',(-0.4525,-1.29591883092,1.243370490961));
#17587=CARTESIAN_POINT('',(-0.4525,-1.29591883092,1.243370490961));
#17588=CARTESIAN_POINT('',(-0.4525,-1.034289321881,1.505));
#17589=CARTESIAN_POINT('',(-0.4525,-1.034289321881,1.505));
#17590=CARTESIAN_POINT('',(-0.1825,-1.40627416998,1.35372583002));
#17591=CARTESIAN_POINT('',(-0.1825,-1.40627416998,1.35372583002));
#17592=CARTESIAN_POINT('',(-0.4525,-1.40627416998,1.35372583002));
#17593=CARTESIAN_POINT('',(-0.4525,-1.40627416998,1.35372583002));
#17594=CARTESIAN_POINT('',(-0.4525,-1.40627416998,1.35372583002));
#17595=CARTESIAN_POINT('',(-0.4525,-1.40627416998,1.35372583002));
#17596=CARTESIAN_POINT('',(-0.1825,-1.18,1.58));
#17597=CARTESIAN_POINT('',(-0.1825,-1.5,1.58));
#17598=CARTESIAN_POINT('',(-0.4525,-1.5,1.58));
#17599=CARTESIAN_POINT('',(-0.4525,-1.5,1.58));
#17600=CARTESIAN_POINT('',(-0.4525,-1.18,1.58));
#17601=CARTESIAN_POINT('',(-0.4525,-1.18,1.58));
#17602=CARTESIAN_POINT('',(-0.1825,-1.5,2.35));
#17603=CARTESIAN_POINT('',(-0.1825,-1.5,2.35));
#17604=CARTESIAN_POINT('',(-0.4525,-1.5,2.35));
#17605=CARTESIAN_POINT('',(-0.4525,-1.5,2.35));
#17606=CARTESIAN_POINT('',(-0.4525,-1.5,2.35));
#17607=CARTESIAN_POINT('',(-0.4525,-1.5,2.35));
#17608=CARTESIAN_POINT('',(-0.1825,-1.45,2.4));
#17609=CARTESIAN_POINT('',(-0.1825,-1.45,2.4));
#17610=CARTESIAN_POINT('',(-0.4525,-1.45,2.4));
#17611=CARTESIAN_POINT('',(-0.4525,-1.45,2.4));
#17612=CARTESIAN_POINT('',(-0.4525,-1.45,2.4));
#17613=CARTESIAN_POINT('',(-0.4525,-1.45,2.4));
#17614=CARTESIAN_POINT('',(-0.1825,-1.45,2.5));
#17615=CARTESIAN_POINT('',(-0.1825,-1.45,2.5));
#17616=CARTESIAN_POINT('',(-0.4525,-1.45,2.5));
#17617=CARTESIAN_POINT('',(-0.4525,-1.45,2.5));
#17618=CARTESIAN_POINT('',(-0.4525,-1.45,2.5));
#17619=CARTESIAN_POINT('',(-0.4525,-1.45,2.5));
#17620=CARTESIAN_POINT('',(-0.1825,-1.23,2.5));
#17621=CARTESIAN_POINT('',(-0.1825,-1.23,2.5));
#17622=CARTESIAN_POINT('',(-0.4525,-1.23,2.5));
#17623=CARTESIAN_POINT('',(-0.4525,-1.23,2.5));
#17624=CARTESIAN_POINT('',(-0.4525,-1.23,2.5));
#17625=CARTESIAN_POINT('',(-0.4525,-1.23,2.5));
#17626=CARTESIAN_POINT('',(-0.1825,-1.23,1.58));
#17627=CARTESIAN_POINT('',(-0.1825,-1.23,1.58));
#17628=CARTESIAN_POINT('',(-0.4525,-1.23,1.58));
#17629=CARTESIAN_POINT('',(-0.4525,-1.23,1.58));
#17630=CARTESIAN_POINT('',(-0.4525,-1.23,1.58));
#17631=CARTESIAN_POINT('',(-0.4525,-1.23,1.58));
#17632=CARTESIAN_POINT('',(-0.1825,-1.18,1.58));
#17633=CARTESIAN_POINT('',(-0.1825,-1.215355339059,1.544644660941));
#17634=CARTESIAN_POINT('',(-0.4525,-1.215355339059,1.544644660941));
#17635=CARTESIAN_POINT('',(-0.4525,-1.215355339059,1.544644660941));
#17636=CARTESIAN_POINT('',(-0.4525,-1.18,1.58));
#17637=CARTESIAN_POINT('',(-0.4525,-1.18,1.58));
#17638=CARTESIAN_POINT('',(-0.1825,-1.105,1.434289321881));
#17639=CARTESIAN_POINT('',(-0.1825,-1.105,1.434289321881));
#17640=CARTESIAN_POINT('',(-0.4525,-1.105,1.434289321881));
#17641=CARTESIAN_POINT('',(-0.4525,-1.105,1.434289321881));
#17642=CARTESIAN_POINT('',(-0.4525,-1.105,1.434289321881));
#17643=CARTESIAN_POINT('',(-0.4525,-1.105,1.434289321881));
#17644=CARTESIAN_POINT('',(-0.1825,-1.034289321881,1.505));
#17645=CARTESIAN_POINT('',(-0.1825,-1.034289321881,1.405));
#17646=CARTESIAN_POINT('',(-0.4525,-1.034289321881,1.405));
#17647=CARTESIAN_POINT('',(-0.4525,-1.034289321881,1.405));
#17648=CARTESIAN_POINT('',(-0.4525,-1.034289321881,1.505));
#17649=CARTESIAN_POINT('',(-0.4525,-1.034289321881,1.505));
#17650=CARTESIAN_POINT('',(-0.4525,-0.95,1.405));
#17651=CARTESIAN_POINT('',(-0.4525,-0.95,1.405));
#17652=CARTESIAN_POINT('',(-0.1825,-0.95,1.405));
#17653=CARTESIAN_POINT('',(-0.1825,-0.95,1.405));
#17654=CARTESIAN_POINT('',(-0.4525,-0.95,1.405));
#17655=CARTESIAN_POINT('',(-0.4525,3.25,1.405));
#17656=CARTESIAN_POINT('',(-0.4525,2.98,-1.135));
#17657=CARTESIAN_POINT('',(-0.4525,2.98,-1.135));
#17658=CARTESIAN_POINT('',(-0.1825,2.98,-1.135));
#17659=CARTESIAN_POINT('',(-0.1825,3.02,-1.175));
#17660=CARTESIAN_POINT('',(-0.1825,3.02,-1.175));
#17661=CARTESIAN_POINT('',(-0.4525,3.02,-1.175));
#17662=CARTESIAN_POINT('',(-0.4525,3.02,-1.175));
#17663=CARTESIAN_POINT('',(-0.4525,3.02,-1.175));
#17664=CARTESIAN_POINT('',(-0.4525,3.25,-1.405));
#17665=CARTESIAN_POINT('',(-0.4525,-1.034289321881,-1.405));
#17666=CARTESIAN_POINT('',(-0.4525,-1.034289321881,-1.405));
#17667=CARTESIAN_POINT('',(-0.1825,-1.034289321881,-1.405));
#17668=CARTESIAN_POINT('',(-0.1825,-1.034289321881,-1.505));
#17669=CARTESIAN_POINT('',(-0.1825,-1.105,-1.434289321881));
#17670=CARTESIAN_POINT('',(-0.4525,-1.105,-1.434289321881));
#17671=CARTESIAN_POINT('',(-0.4525,-1.105,-1.434289321881));
#17672=CARTESIAN_POINT('',(-0.4525,-1.034289321881,-1.505));
#17673=CARTESIAN_POINT('',(-0.4525,-1.034289321881,-1.505));
#17674=CARTESIAN_POINT('',(-0.1825,-1.215355339059,-1.544644660941));
#17675=CARTESIAN_POINT('',(-0.1825,-1.215355339059,-1.544644660941));
#17676=CARTESIAN_POINT('',(-0.4525,-1.215355339059,-1.544644660941));
#17677=CARTESIAN_POINT('',(-0.4525,-1.215355339059,-1.544644660941));
#17678=CARTESIAN_POINT('',(-0.4525,-1.215355339059,-1.544644660941));
#17679=CARTESIAN_POINT('',(-0.4525,-1.215355339059,-1.544644660941));
#17680=CARTESIAN_POINT('',(-0.1825,-1.18,-1.58));
#17681=CARTESIAN_POINT('',(-0.1825,-1.23,-1.58));
#17682=CARTESIAN_POINT('',(-0.4525,-1.23,-1.58));
#17683=CARTESIAN_POINT('',(-0.4525,-1.23,-1.58));
#17684=CARTESIAN_POINT('',(-0.4525,-1.18,-1.58));
#17685=CARTESIAN_POINT('',(-0.4525,-1.18,-1.58));
#17686=CARTESIAN_POINT('',(-0.1825,-1.23,-2.5));
#17687=CARTESIAN_POINT('',(-0.1825,-1.23,-2.5));
#17688=CARTESIAN_POINT('',(-0.4525,-1.23,-2.5));
#17689=CARTESIAN_POINT('',(-0.4525,-1.23,-2.5));
#17690=CARTESIAN_POINT('',(-0.4525,-1.23,-2.5));
#17691=CARTESIAN_POINT('',(-0.4525,-1.23,-2.5));
#17692=CARTESIAN_POINT('',(-0.1825,-1.45,-2.5));
#17693=CARTESIAN_POINT('',(-0.1825,-1.45,-2.5));
#17694=CARTESIAN_POINT('',(-0.4525,-1.45,-2.5));
#17695=CARTESIAN_POINT('',(-0.4525,-1.45,-2.5));
#17696=CARTESIAN_POINT('',(-0.4525,-1.45,-2.5));
#17697=CARTESIAN_POINT('',(-0.4525,-1.45,-2.5));
#17698=CARTESIAN_POINT('',(-0.1825,-1.45,-2.4));
#17699=CARTESIAN_POINT('',(-0.1825,-1.45,-2.4));
#17700=CARTESIAN_POINT('',(-0.4525,-1.45,-2.4));
#17701=CARTESIAN_POINT('',(-0.4525,-1.45,-2.4));
#17702=CARTESIAN_POINT('',(-0.4525,-1.45,-2.4));
#17703=CARTESIAN_POINT('',(-0.4525,-1.45,-2.4));
#17704=CARTESIAN_POINT('',(-0.1825,-1.5,-2.4));
#17705=CARTESIAN_POINT('',(-0.1825,-1.5,-2.4));
#17706=CARTESIAN_POINT('',(-0.4525,-1.5,-2.4));
#17707=CARTESIAN_POINT('',(-0.4525,-1.5,-2.4));
#17708=CARTESIAN_POINT('',(-0.4525,-1.5,-2.4));
#17709=CARTESIAN_POINT('',(-0.4525,-1.5,-2.4));
#17710=CARTESIAN_POINT('',(-0.1825,-1.5,-1.58));
#17711=CARTESIAN_POINT('',(-0.1825,-1.5,-1.58));
#17712=CARTESIAN_POINT('',(-0.4525,-1.5,-1.58));
#17713=CARTESIAN_POINT('',(-0.4525,-1.5,-1.58));
#17714=CARTESIAN_POINT('',(-0.4525,-1.5,-1.58));
#17715=CARTESIAN_POINT('',(-0.4525,-1.5,-1.58));
#17716=CARTESIAN_POINT('',(-0.1825,-1.18,-1.58));
#17717=CARTESIAN_POINT('',(-0.1825,-1.40627416998,-1.35372583002));
#17718=CARTESIAN_POINT('',(-0.4525,-1.40627416998,-1.35372583002));
#17719=CARTESIAN_POINT('',(-0.4525,-1.40627416998,-1.35372583002));
#17720=CARTESIAN_POINT('',(-0.4525,-1.18,-1.58));
#17721=CARTESIAN_POINT('',(-0.4525,-1.18,-1.58));
#17722=CARTESIAN_POINT('',(-0.1825,-1.29591883092,-1.243370490961));
#17723=CARTESIAN_POINT('',(-0.1825,-1.29591883092,-1.243370490961));
#17724=CARTESIAN_POINT('',(-0.4525,-1.29591883092,-1.243370490961));
#17725=CARTESIAN_POINT('',(-0.4525,-1.29591883092,-1.243370490961));
#17726=CARTESIAN_POINT('',(-0.4525,-1.29591883092,-1.243370490961));
#17727=CARTESIAN_POINT('',(-0.4525,-1.29591883092,-1.243370490961));
#17728=CARTESIAN_POINT('',(-0.1825,-1.034289321881,-1.505));
#17729=CARTESIAN_POINT('',(-0.1825,-1.034289321881,-1.135));
#17730=CARTESIAN_POINT('',(-0.4525,-1.034289321881,-1.135));
#17731=CARTESIAN_POINT('',(-0.4525,-1.034289321881,-1.135));
#17732=CARTESIAN_POINT('',(-0.4525,-1.034289321881,-1.505));
#17733=CARTESIAN_POINT('',(-0.4525,-1.034289321881,-1.505));
#17734=CARTESIAN_POINT('',(-0.1825,2.98,-1.135));
#17735=CARTESIAN_POINT('',(-0.1825,0.5,-1.135));
#17736=CARTESIAN_POINT('',(-0.4525,2.98,-1.135));
#17737=CARTESIAN_POINT('',(-0.4525,0.5,-1.135));
#17738=CARTESIAN_POINT('',(-0.4525,0.5,-1.135));
#17739=CARTESIAN_POINT('',(-0.4525,2.98,-1.135));
#17740=CARTESIAN_POINT('',(-0.4525,-0.95,-1.135));
#17741=CARTESIAN_POINT('',(-0.4525,-0.95,-1.135));
#17742=CARTESIAN_POINT('',(-0.1825,-0.95,-1.135));
#17743=CARTESIAN_POINT('',(-0.1825,-0.95,-1.135));
#17744=CARTESIAN_POINT('',(-0.4525,-0.95,-1.135));
#17745=CARTESIAN_POINT('',(-0.4525,2.98,-1.135));
#17746=CARTESIAN_POINT('',(-0.4525,0.5,-1.175));
#17747=CARTESIAN_POINT('',(-0.4525,0.5,-1.175));
#17748=CARTESIAN_POINT('',(-0.4525,0.5,-1.135));
#17749=CARTESIAN_POINT('',(-0.4525,0.,0.));
#17750=CARTESIAN_POINT('',(-0.4525,0.5,1.175));
#17751=CARTESIAN_POINT('',(-0.4525,0.5,1.175));
#17752=CARTESIAN_POINT('',(-0.4525,0.5,1.175));
#17753=CARTESIAN_POINT('',(-0.4525,0.,0.));
#17754=CARTESIAN_POINT('',(-0.4525,-0.95,1.135));
#17755=CARTESIAN_POINT('',(-0.4525,0.,0.));
#17756=CARTESIAN_POINT('',(-0.4525,-1.034289321881,-1.405));
#17757=CARTESIAN_POINT('',(-0.4525,-0.95,-1.405));
#17758=CARTESIAN_POINT('',(-0.4525,-0.95,-1.405));
#17759=CARTESIAN_POINT('',(-0.4525,0.,0.));
#17760=CARTESIAN_POINT('',(-0.1825,-1.034289321881,-1.405));
#17761=CARTESIAN_POINT('',(-0.1825,-0.95,-1.405));
#17762=CARTESIAN_POINT('',(-0.4525,-0.95,-1.405));
#17763=CARTESIAN_POINT('',(-0.4525,-1.034289321881,-1.405));
#17764=CARTESIAN_POINT('',(-0.1825,0.5,-1.175));
#17765=CARTESIAN_POINT('',(-0.1825,0.5,-1.175));
#17766=CARTESIAN_POINT('',(-0.1825,0.5,-1.135));
#17767=CARTESIAN_POINT('',(-0.1825,0.,0.));
#17768=CARTESIAN_POINT('',(-0.1825,0.5,1.175));
#17769=CARTESIAN_POINT('',(-0.1825,0.5,1.175));
#17770=CARTESIAN_POINT('',(-0.1825,0.5,1.175));
#17771=CARTESIAN_POINT('',(-0.1825,0.,0.));
#17772=CARTESIAN_POINT('',(-0.1825,-0.95,1.135));
#17773=CARTESIAN_POINT('',(-0.1825,0.,0.));
#17774=CARTESIAN_POINT('',(-0.1825,-0.95,-1.405));
#17775=CARTESIAN_POINT('',(-0.1825,0.,0.));
#17776=CARTESIAN_POINT('',(0.1825,3.02,1.175));
#17777=CARTESIAN_POINT('',(0.1825,3.02,1.175));
#17778=CARTESIAN_POINT('',(0.4525,3.02,1.175));
#17779=CARTESIAN_POINT('',(0.4525,2.98,1.135));
#17780=CARTESIAN_POINT('',(0.4525,2.98,1.135));
#17781=CARTESIAN_POINT('',(0.1825,2.98,1.135));
#17782=CARTESIAN_POINT('',(0.1825,2.98,1.135));
#17783=CARTESIAN_POINT('',(0.1825,2.98,1.135));
#17784=CARTESIAN_POINT('',(0.1825,2.98,1.135));
#17785=CARTESIAN_POINT('',(0.1825,0.5,1.135));
#17786=CARTESIAN_POINT('',(0.1825,0.5,1.135));
#17787=CARTESIAN_POINT('',(0.4525,0.5,1.135));
#17788=CARTESIAN_POINT('',(0.4525,0.5,1.135));
#17789=CARTESIAN_POINT('',(0.1825,0.5,1.135));
#17790=CARTESIAN_POINT('',(0.1825,-1.034289321881,1.135));
#17791=CARTESIAN_POINT('',(0.4525,-1.034289321881,1.135));
#17792=CARTESIAN_POINT('',(0.4525,-1.034289321881,1.135));
#17793=CARTESIAN_POINT('',(0.4525,-0.95,1.135));
#17794=CARTESIAN_POINT('',(0.1825,-1.034289321881,1.135));
#17795=CARTESIAN_POINT('',(0.1825,-1.034289321881,1.135));
#17796=CARTESIAN_POINT('',(0.1825,-1.034289321881,1.135));
#17797=CARTESIAN_POINT('',(0.1825,-0.95,1.135));
#17798=CARTESIAN_POINT('',(0.1825,-0.95,1.135));
#17799=CARTESIAN_POINT('',(0.1825,-1.034289321881,1.135));
#17800=CARTESIAN_POINT('',(0.4525,-1.034289321881,1.505));
#17801=CARTESIAN_POINT('',(0.4525,-1.29591883092,1.243370490961));
#17802=CARTESIAN_POINT('',(0.1825,-1.29591883092,1.243370490961));
#17803=CARTESIAN_POINT('',(0.1825,-1.29591883092,1.243370490961));
#17804=CARTESIAN_POINT('',(0.1825,-1.034289321881,1.505));
#17805=CARTESIAN_POINT('',(0.1825,-1.034289321881,1.505));
#17806=CARTESIAN_POINT('',(0.4525,-1.40627416998,1.35372583002));
#17807=CARTESIAN_POINT('',(0.4525,-1.40627416998,1.35372583002));
#17808=CARTESIAN_POINT('',(0.1825,-1.40627416998,1.35372583002));
#17809=CARTESIAN_POINT('',(0.1825,-1.40627416998,1.35372583002));
#17810=CARTESIAN_POINT('',(0.1825,-1.40627416998,1.35372583002));
#17811=CARTESIAN_POINT('',(0.1825,-1.40627416998,1.35372583002));
#17812=CARTESIAN_POINT('',(0.4525,-1.18,1.58));
#17813=CARTESIAN_POINT('',(0.4525,-1.5,1.58));
#17814=CARTESIAN_POINT('',(0.1825,-1.5,1.58));
#17815=CARTESIAN_POINT('',(0.1825,-1.5,1.58));
#17816=CARTESIAN_POINT('',(0.1825,-1.18,1.58));
#17817=CARTESIAN_POINT('',(0.1825,-1.18,1.58));
#17818=CARTESIAN_POINT('',(0.4525,-1.5,2.35));
#17819=CARTESIAN_POINT('',(0.4525,-1.5,2.35));
#17820=CARTESIAN_POINT('',(0.1825,-1.5,2.35));
#17821=CARTESIAN_POINT('',(0.1825,-1.5,2.35));
#17822=CARTESIAN_POINT('',(0.1825,-1.5,2.35));
#17823=CARTESIAN_POINT('',(0.1825,-1.5,2.35));
#17824=CARTESIAN_POINT('',(0.4525,-1.45,2.4));
#17825=CARTESIAN_POINT('',(0.4525,-1.45,2.4));
#17826=CARTESIAN_POINT('',(0.1825,-1.45,2.4));
#17827=CARTESIAN_POINT('',(0.1825,-1.45,2.4));
#17828=CARTESIAN_POINT('',(0.1825,-1.45,2.4));
#17829=CARTESIAN_POINT('',(0.1825,-1.45,2.4));
#17830=CARTESIAN_POINT('',(0.4525,-1.45,2.5));
#17831=CARTESIAN_POINT('',(0.4525,-1.45,2.5));
#17832=CARTESIAN_POINT('',(0.1825,-1.45,2.5));
#17833=CARTESIAN_POINT('',(0.1825,-1.45,2.5));
#17834=CARTESIAN_POINT('',(0.1825,-1.45,2.5));
#17835=CARTESIAN_POINT('',(0.1825,-1.45,2.5));
#17836=CARTESIAN_POINT('',(0.4525,-1.23,2.5));
#17837=CARTESIAN_POINT('',(0.4525,-1.23,2.5));
#17838=CARTESIAN_POINT('',(0.1825,-1.23,2.5));
#17839=CARTESIAN_POINT('',(0.1825,-1.23,2.5));
#17840=CARTESIAN_POINT('',(0.1825,-1.23,2.5));
#17841=CARTESIAN_POINT('',(0.1825,-1.23,2.5));
#17842=CARTESIAN_POINT('',(0.4525,-1.23,1.58));
#17843=CARTESIAN_POINT('',(0.4525,-1.23,1.58));
#17844=CARTESIAN_POINT('',(0.1825,-1.23,1.58));
#17845=CARTESIAN_POINT('',(0.1825,-1.23,1.58));
#17846=CARTESIAN_POINT('',(0.1825,-1.23,1.58));
#17847=CARTESIAN_POINT('',(0.1825,-1.23,1.58));
#17848=CARTESIAN_POINT('',(0.4525,-1.18,1.58));
#17849=CARTESIAN_POINT('',(0.4525,-1.215355339059,1.544644660941));
#17850=CARTESIAN_POINT('',(0.1825,-1.215355339059,1.544644660941));
#17851=CARTESIAN_POINT('',(0.1825,-1.215355339059,1.544644660941));
#17852=CARTESIAN_POINT('',(0.1825,-1.18,1.58));
#17853=CARTESIAN_POINT('',(0.1825,-1.18,1.58));
#17854=CARTESIAN_POINT('',(0.4525,-1.105,1.434289321881));
#17855=CARTESIAN_POINT('',(0.4525,-1.105,1.434289321881));
#17856=CARTESIAN_POINT('',(0.1825,-1.105,1.434289321881));
#17857=CARTESIAN_POINT('',(0.1825,-1.105,1.434289321881));
#17858=CARTESIAN_POINT('',(0.1825,-1.105,1.434289321881));
#17859=CARTESIAN_POINT('',(0.1825,-1.105,1.434289321881));
#17860=CARTESIAN_POINT('',(0.4525,-1.034289321881,1.505));
#17861=CARTESIAN_POINT('',(0.4525,-1.034289321881,1.405));
#17862=CARTESIAN_POINT('',(0.1825,-1.034289321881,1.405));
#17863=CARTESIAN_POINT('',(0.1825,-1.034289321881,1.405));
#17864=CARTESIAN_POINT('',(0.1825,-1.034289321881,1.505));
#17865=CARTESIAN_POINT('',(0.1825,-1.034289321881,1.505));
#17866=CARTESIAN_POINT('',(0.1825,-0.95,1.405));
#17867=CARTESIAN_POINT('',(0.1825,-0.95,1.405));
#17868=CARTESIAN_POINT('',(0.4525,-0.95,1.405));
#17869=CARTESIAN_POINT('',(0.4525,-0.95,1.405));
#17870=CARTESIAN_POINT('',(0.1825,-0.95,1.405));
#17871=CARTESIAN_POINT('',(0.1825,3.25,1.405));
#17872=CARTESIAN_POINT('',(0.1825,2.98,-1.135));
#17873=CARTESIAN_POINT('',(0.1825,2.98,-1.135));
#17874=CARTESIAN_POINT('',(0.4525,2.98,-1.135));
#17875=CARTESIAN_POINT('',(0.4525,3.02,-1.175));
#17876=CARTESIAN_POINT('',(0.4525,3.02,-1.175));
#17877=CARTESIAN_POINT('',(0.1825,3.02,-1.175));
#17878=CARTESIAN_POINT('',(0.1825,3.02,-1.175));
#17879=CARTESIAN_POINT('',(0.1825,3.02,-1.175));
#17880=CARTESIAN_POINT('',(0.1825,3.25,-1.405));
#17881=CARTESIAN_POINT('',(0.1825,-1.034289321881,-1.405));
#17882=CARTESIAN_POINT('',(0.1825,-1.034289321881,-1.405));
#17883=CARTESIAN_POINT('',(0.4525,-1.034289321881,-1.405));
#17884=CARTESIAN_POINT('',(0.4525,-1.034289321881,-1.505));
#17885=CARTESIAN_POINT('',(0.4525,-1.105,-1.434289321881));
#17886=CARTESIAN_POINT('',(0.1825,-1.105,-1.434289321881));
#17887=CARTESIAN_POINT('',(0.1825,-1.105,-1.434289321881));
#17888=CARTESIAN_POINT('',(0.1825,-1.034289321881,-1.505));
#17889=CARTESIAN_POINT('',(0.1825,-1.034289321881,-1.505));
#17890=CARTESIAN_POINT('',(0.4525,-1.215355339059,-1.544644660941));
#17891=CARTESIAN_POINT('',(0.4525,-1.215355339059,-1.544644660941));
#17892=CARTESIAN_POINT('',(0.1825,-1.215355339059,-1.544644660941));
#17893=CARTESIAN_POINT('',(0.1825,-1.215355339059,-1.544644660941));
#17894=CARTESIAN_POINT('',(0.1825,-1.215355339059,-1.544644660941));
#17895=CARTESIAN_POINT('',(0.1825,-1.215355339059,-1.544644660941));
#17896=CARTESIAN_POINT('',(0.4525,-1.18,-1.58));
#17897=CARTESIAN_POINT('',(0.4525,-1.23,-1.58));
#17898=CARTESIAN_POINT('',(0.1825,-1.23,-1.58));
#17899=CARTESIAN_POINT('',(0.1825,-1.23,-1.58));
#17900=CARTESIAN_POINT('',(0.1825,-1.18,-1.58));
#17901=CARTESIAN_POINT('',(0.1825,-1.18,-1.58));
#17902=CARTESIAN_POINT('',(0.4525,-1.23,-2.5));
#17903=CARTESIAN_POINT('',(0.4525,-1.23,-2.5));
#17904=CARTESIAN_POINT('',(0.1825,-1.23,-2.5));
#17905=CARTESIAN_POINT('',(0.1825,-1.23,-2.5));
#17906=CARTESIAN_POINT('',(0.1825,-1.23,-2.5));
#17907=CARTESIAN_POINT('',(0.1825,-1.23,-2.5));
#17908=CARTESIAN_POINT('',(0.4525,-1.45,-2.5));
#17909=CARTESIAN_POINT('',(0.4525,-1.45,-2.5));
#17910=CARTESIAN_POINT('',(0.1825,-1.45,-2.5));
#17911=CARTESIAN_POINT('',(0.1825,-1.45,-2.5));
#17912=CARTESIAN_POINT('',(0.1825,-1.45,-2.5));
#17913=CARTESIAN_POINT('',(0.1825,-1.45,-2.5));
#17914=CARTESIAN_POINT('',(0.4525,-1.45,-2.4));
#17915=CARTESIAN_POINT('',(0.4525,-1.45,-2.4));
#17916=CARTESIAN_POINT('',(0.1825,-1.45,-2.4));
#17917=CARTESIAN_POINT('',(0.1825,-1.45,-2.4));
#17918=CARTESIAN_POINT('',(0.1825,-1.45,-2.4));
#17919=CARTESIAN_POINT('',(0.1825,-1.45,-2.4));
#17920=CARTESIAN_POINT('',(0.4525,-1.5,-2.4));
#17921=CARTESIAN_POINT('',(0.4525,-1.5,-2.4));
#17922=CARTESIAN_POINT('',(0.1825,-1.5,-2.4));
#17923=CARTESIAN_POINT('',(0.1825,-1.5,-2.4));
#17924=CARTESIAN_POINT('',(0.1825,-1.5,-2.4));
#17925=CARTESIAN_POINT('',(0.1825,-1.5,-2.4));
#17926=CARTESIAN_POINT('',(0.4525,-1.5,-1.58));
#17927=CARTESIAN_POINT('',(0.4525,-1.5,-1.58));
#17928=CARTESIAN_POINT('',(0.1825,-1.5,-1.58));
#17929=CARTESIAN_POINT('',(0.1825,-1.5,-1.58));
#17930=CARTESIAN_POINT('',(0.1825,-1.5,-1.58));
#17931=CARTESIAN_POINT('',(0.1825,-1.5,-1.58));
#17932=CARTESIAN_POINT('',(0.4525,-1.18,-1.58));
#17933=CARTESIAN_POINT('',(0.4525,-1.40627416998,-1.35372583002));
#17934=CARTESIAN_POINT('',(0.1825,-1.40627416998,-1.35372583002));
#17935=CARTESIAN_POINT('',(0.1825,-1.40627416998,-1.35372583002));
#17936=CARTESIAN_POINT('',(0.1825,-1.18,-1.58));
#17937=CARTESIAN_POINT('',(0.1825,-1.18,-1.58));
#17938=CARTESIAN_POINT('',(0.4525,-1.29591883092,-1.243370490961));
#17939=CARTESIAN_POINT('',(0.4525,-1.29591883092,-1.243370490961));
#17940=CARTESIAN_POINT('',(0.1825,-1.29591883092,-1.243370490961));
#17941=CARTESIAN_POINT('',(0.1825,-1.29591883092,-1.243370490961));
#17942=CARTESIAN_POINT('',(0.1825,-1.29591883092,-1.243370490961));
#17943=CARTESIAN_POINT('',(0.1825,-1.29591883092,-1.243370490961));
#17944=CARTESIAN_POINT('',(0.4525,-1.034289321881,-1.505));
#17945=CARTESIAN_POINT('',(0.4525,-1.034289321881,-1.135));
#17946=CARTESIAN_POINT('',(0.1825,-1.034289321881,-1.135));
#17947=CARTESIAN_POINT('',(0.1825,-1.034289321881,-1.135));
#17948=CARTESIAN_POINT('',(0.1825,-1.034289321881,-1.505));
#17949=CARTESIAN_POINT('',(0.1825,-1.034289321881,-1.505));
#17950=CARTESIAN_POINT('',(0.4525,2.98,-1.135));
#17951=CARTESIAN_POINT('',(0.4525,0.5,-1.135));
#17952=CARTESIAN_POINT('',(0.1825,2.98,-1.135));
#17953=CARTESIAN_POINT('',(0.1825,0.5,-1.135));
#17954=CARTESIAN_POINT('',(0.1825,0.5,-1.135));
#17955=CARTESIAN_POINT('',(0.1825,2.98,-1.135));
#17956=CARTESIAN_POINT('',(0.1825,-0.95,-1.135));
#17957=CARTESIAN_POINT('',(0.1825,-0.95,-1.135));
#17958=CARTESIAN_POINT('',(0.4525,-0.95,-1.135));
#17959=CARTESIAN_POINT('',(0.4525,-0.95,-1.135));
#17960=CARTESIAN_POINT('',(0.1825,-0.95,-1.135));
#17961=CARTESIAN_POINT('',(0.1825,2.98,-1.135));
#17962=CARTESIAN_POINT('',(0.1825,0.5,-1.175));
#17963=CARTESIAN_POINT('',(0.1825,0.5,-1.175));
#17964=CARTESIAN_POINT('',(0.1825,0.5,-1.135));
#17965=CARTESIAN_POINT('',(0.1825,0.,0.));
#17966=CARTESIAN_POINT('',(0.1825,0.5,1.175));
#17967=CARTESIAN_POINT('',(0.1825,0.5,1.175));
#17968=CARTESIAN_POINT('',(0.1825,0.5,1.175));
#17969=CARTESIAN_POINT('',(0.1825,0.,0.));
#17970=CARTESIAN_POINT('',(0.1825,-0.95,1.135));
#17971=CARTESIAN_POINT('',(0.1825,0.,0.));
#17972=CARTESIAN_POINT('',(0.1825,-1.034289321881,-1.405));
#17973=CARTESIAN_POINT('',(0.1825,-0.95,-1.405));
#17974=CARTESIAN_POINT('',(0.1825,-0.95,-1.405));
#17975=CARTESIAN_POINT('',(0.1825,0.,0.));
#17976=CARTESIAN_POINT('',(0.4525,-1.034289321881,-1.405));
#17977=CARTESIAN_POINT('',(0.4525,-0.95,-1.405));
#17978=CARTESIAN_POINT('',(0.1825,-0.95,-1.405));
#17979=CARTESIAN_POINT('',(0.1825,-1.034289321881,-1.405));
#17980=CARTESIAN_POINT('',(0.4525,0.5,-1.175));
#17981=CARTESIAN_POINT('',(0.4525,0.5,-1.175));
#17982=CARTESIAN_POINT('',(0.4525,0.5,-1.135));
#17983=CARTESIAN_POINT('',(0.4525,0.,0.));
#17984=CARTESIAN_POINT('',(0.4525,0.5,1.175));
#17985=CARTESIAN_POINT('',(0.4525,0.5,1.175));
#17986=CARTESIAN_POINT('',(0.4525,0.5,1.175));
#17987=CARTESIAN_POINT('',(0.4525,0.,0.));
#17988=CARTESIAN_POINT('',(0.4525,-0.95,1.135));
#17989=CARTESIAN_POINT('',(0.4525,0.,0.));
#17990=CARTESIAN_POINT('',(0.4525,-0.95,-1.405));
#17991=CARTESIAN_POINT('',(0.4525,0.,0.));
#17992=CARTESIAN_POINT('',(0.8175,3.02,1.175));
#17993=CARTESIAN_POINT('',(0.8175,3.02,1.175));
#17994=CARTESIAN_POINT('',(1.0875,3.02,1.175));
#17995=CARTESIAN_POINT('',(1.0875,2.98,1.135));
#17996=CARTESIAN_POINT('',(1.0875,2.98,1.135));
#17997=CARTESIAN_POINT('',(0.8175,2.98,1.135));
#17998=CARTESIAN_POINT('',(0.8175,2.98,1.135));
#17999=CARTESIAN_POINT('',(0.8175,2.98,1.135));
#18000=CARTESIAN_POINT('',(0.8175,2.98,1.135));
#18001=CARTESIAN_POINT('',(0.8175,0.5,1.135));
#18002=CARTESIAN_POINT('',(0.8175,0.5,1.135));
#18003=CARTESIAN_POINT('',(1.0875,0.5,1.135));
#18004=CARTESIAN_POINT('',(1.0875,0.5,1.135));
#18005=CARTESIAN_POINT('',(0.8175,0.5,1.135));
#18006=CARTESIAN_POINT('',(0.8175,-1.034289321881,1.135));
#18007=CARTESIAN_POINT('',(1.0875,-1.034289321881,1.135));
#18008=CARTESIAN_POINT('',(1.0875,-1.034289321881,1.135));
#18009=CARTESIAN_POINT('',(1.0875,-0.95,1.135));
#18010=CARTESIAN_POINT('',(0.8175,-1.034289321881,1.135));
#18011=CARTESIAN_POINT('',(0.8175,-1.034289321881,1.135));
#18012=CARTESIAN_POINT('',(0.8175,-1.034289321881,1.135));
#18013=CARTESIAN_POINT('',(0.8175,-0.95,1.135));
#18014=CARTESIAN_POINT('',(0.8175,-0.95,1.135));
#18015=CARTESIAN_POINT('',(0.8175,-1.034289321881,1.135));
#18016=CARTESIAN_POINT('',(1.0875,-1.034289321881,1.505));
#18017=CARTESIAN_POINT('',(1.0875,-1.29591883092,1.243370490961));
#18018=CARTESIAN_POINT('',(0.8175,-1.29591883092,1.243370490961));
#18019=CARTESIAN_POINT('',(0.8175,-1.29591883092,1.243370490961));
#18020=CARTESIAN_POINT('',(0.8175,-1.034289321881,1.505));
#18021=CARTESIAN_POINT('',(0.8175,-1.034289321881,1.505));
#18022=CARTESIAN_POINT('',(1.0875,-1.40627416998,1.35372583002));
#18023=CARTESIAN_POINT('',(1.0875,-1.40627416998,1.35372583002));
#18024=CARTESIAN_POINT('',(0.8175,-1.40627416998,1.35372583002));
#18025=CARTESIAN_POINT('',(0.8175,-1.40627416998,1.35372583002));
#18026=CARTESIAN_POINT('',(0.8175,-1.40627416998,1.35372583002));
#18027=CARTESIAN_POINT('',(0.8175,-1.40627416998,1.35372583002));
#18028=CARTESIAN_POINT('',(1.0875,-1.18,1.58));
#18029=CARTESIAN_POINT('',(1.0875,-1.5,1.58));
#18030=CARTESIAN_POINT('',(0.8175,-1.5,1.58));
#18031=CARTESIAN_POINT('',(0.8175,-1.5,1.58));
#18032=CARTESIAN_POINT('',(0.8175,-1.18,1.58));
#18033=CARTESIAN_POINT('',(0.8175,-1.18,1.58));
#18034=CARTESIAN_POINT('',(1.0875,-1.5,2.35));
#18035=CARTESIAN_POINT('',(1.0875,-1.5,2.35));
#18036=CARTESIAN_POINT('',(0.8175,-1.5,2.35));
#18037=CARTESIAN_POINT('',(0.8175,-1.5,2.35));
#18038=CARTESIAN_POINT('',(0.8175,-1.5,2.35));
#18039=CARTESIAN_POINT('',(0.8175,-1.5,2.35));
#18040=CARTESIAN_POINT('',(1.0875,-1.45,2.4));
#18041=CARTESIAN_POINT('',(1.0875,-1.45,2.4));
#18042=CARTESIAN_POINT('',(0.8175,-1.45,2.4));
#18043=CARTESIAN_POINT('',(0.8175,-1.45,2.4));
#18044=CARTESIAN_POINT('',(0.8175,-1.45,2.4));
#18045=CARTESIAN_POINT('',(0.8175,-1.45,2.4));
#18046=CARTESIAN_POINT('',(1.0875,-1.45,2.5));
#18047=CARTESIAN_POINT('',(1.0875,-1.45,2.5));
#18048=CARTESIAN_POINT('',(0.8175,-1.45,2.5));
#18049=CARTESIAN_POINT('',(0.8175,-1.45,2.5));
#18050=CARTESIAN_POINT('',(0.8175,-1.45,2.5));
#18051=CARTESIAN_POINT('',(0.8175,-1.45,2.5));
#18052=CARTESIAN_POINT('',(1.0875,-1.23,2.5));
#18053=CARTESIAN_POINT('',(1.0875,-1.23,2.5));
#18054=CARTESIAN_POINT('',(0.8175,-1.23,2.5));
#18055=CARTESIAN_POINT('',(0.8175,-1.23,2.5));
#18056=CARTESIAN_POINT('',(0.8175,-1.23,2.5));
#18057=CARTESIAN_POINT('',(0.8175,-1.23,2.5));
#18058=CARTESIAN_POINT('',(1.0875,-1.23,1.58));
#18059=CARTESIAN_POINT('',(1.0875,-1.23,1.58));
#18060=CARTESIAN_POINT('',(0.8175,-1.23,1.58));
#18061=CARTESIAN_POINT('',(0.8175,-1.23,1.58));
#18062=CARTESIAN_POINT('',(0.8175,-1.23,1.58));
#18063=CARTESIAN_POINT('',(0.8175,-1.23,1.58));
#18064=CARTESIAN_POINT('',(1.0875,-1.18,1.58));
#18065=CARTESIAN_POINT('',(1.0875,-1.215355339059,1.544644660941));
#18066=CARTESIAN_POINT('',(0.8175,-1.215355339059,1.544644660941));
#18067=CARTESIAN_POINT('',(0.8175,-1.215355339059,1.544644660941));
#18068=CARTESIAN_POINT('',(0.8175,-1.18,1.58));
#18069=CARTESIAN_POINT('',(0.8175,-1.18,1.58));
#18070=CARTESIAN_POINT('',(1.0875,-1.105,1.434289321881));
#18071=CARTESIAN_POINT('',(1.0875,-1.105,1.434289321881));
#18072=CARTESIAN_POINT('',(0.8175,-1.105,1.434289321881));
#18073=CARTESIAN_POINT('',(0.8175,-1.105,1.434289321881));
#18074=CARTESIAN_POINT('',(0.8175,-1.105,1.434289321881));
#18075=CARTESIAN_POINT('',(0.8175,-1.105,1.434289321881));
#18076=CARTESIAN_POINT('',(1.0875,-1.034289321881,1.505));
#18077=CARTESIAN_POINT('',(1.0875,-1.034289321881,1.405));
#18078=CARTESIAN_POINT('',(0.8175,-1.034289321881,1.405));
#18079=CARTESIAN_POINT('',(0.8175,-1.034289321881,1.405));
#18080=CARTESIAN_POINT('',(0.8175,-1.034289321881,1.505));
#18081=CARTESIAN_POINT('',(0.8175,-1.034289321881,1.505));
#18082=CARTESIAN_POINT('',(0.8175,-0.95,1.405));
#18083=CARTESIAN_POINT('',(0.8175,-0.95,1.405));
#18084=CARTESIAN_POINT('',(1.0875,-0.95,1.405));
#18085=CARTESIAN_POINT('',(1.0875,-0.95,1.405));
#18086=CARTESIAN_POINT('',(0.8175,-0.95,1.405));
#18087=CARTESIAN_POINT('',(0.8175,3.25,1.405));
#18088=CARTESIAN_POINT('',(0.8175,2.98,-1.135));
#18089=CARTESIAN_POINT('',(0.8175,2.98,-1.135));
#18090=CARTESIAN_POINT('',(1.0875,2.98,-1.135));
#18091=CARTESIAN_POINT('',(1.0875,3.02,-1.175));
#18092=CARTESIAN_POINT('',(1.0875,3.02,-1.175));
#18093=CARTESIAN_POINT('',(0.8175,3.02,-1.175));
#18094=CARTESIAN_POINT('',(0.8175,3.02,-1.175));
#18095=CARTESIAN_POINT('',(0.8175,3.02,-1.175));
#18096=CARTESIAN_POINT('',(0.8175,3.25,-1.405));
#18097=CARTESIAN_POINT('',(0.8175,-1.034289321881,-1.405));
#18098=CARTESIAN_POINT('',(0.8175,-1.034289321881,-1.405));
#18099=CARTESIAN_POINT('',(1.0875,-1.034289321881,-1.405));
#18100=CARTESIAN_POINT('',(1.0875,-1.034289321881,-1.505));
#18101=CARTESIAN_POINT('',(1.0875,-1.105,-1.434289321881));
#18102=CARTESIAN_POINT('',(0.8175,-1.105,-1.434289321881));
#18103=CARTESIAN_POINT('',(0.8175,-1.105,-1.434289321881));
#18104=CARTESIAN_POINT('',(0.8175,-1.034289321881,-1.505));
#18105=CARTESIAN_POINT('',(0.8175,-1.034289321881,-1.505));
#18106=CARTESIAN_POINT('',(1.0875,-1.215355339059,-1.544644660941));
#18107=CARTESIAN_POINT('',(1.0875,-1.215355339059,-1.544644660941));
#18108=CARTESIAN_POINT('',(0.8175,-1.215355339059,-1.544644660941));
#18109=CARTESIAN_POINT('',(0.8175,-1.215355339059,-1.544644660941));
#18110=CARTESIAN_POINT('',(0.8175,-1.215355339059,-1.544644660941));
#18111=CARTESIAN_POINT('',(0.8175,-1.215355339059,-1.544644660941));
#18112=CARTESIAN_POINT('',(1.0875,-1.18,-1.58));
#18113=CARTESIAN_POINT('',(1.0875,-1.23,-1.58));
#18114=CARTESIAN_POINT('',(0.8175,-1.23,-1.58));
#18115=CARTESIAN_POINT('',(0.8175,-1.23,-1.58));
#18116=CARTESIAN_POINT('',(0.8175,-1.18,-1.58));
#18117=CARTESIAN_POINT('',(0.8175,-1.18,-1.58));
#18118=CARTESIAN_POINT('',(1.0875,-1.23,-2.5));
#18119=CARTESIAN_POINT('',(1.0875,-1.23,-2.5));
#18120=CARTESIAN_POINT('',(0.8175,-1.23,-2.5));
#18121=CARTESIAN_POINT('',(0.8175,-1.23,-2.5));
#18122=CARTESIAN_POINT('',(0.8175,-1.23,-2.5));
#18123=CARTESIAN_POINT('',(0.8175,-1.23,-2.5));
#18124=CARTESIAN_POINT('',(1.0875,-1.45,-2.5));
#18125=CARTESIAN_POINT('',(1.0875,-1.45,-2.5));
#18126=CARTESIAN_POINT('',(0.8175,-1.45,-2.5));
#18127=CARTESIAN_POINT('',(0.8175,-1.45,-2.5));
#18128=CARTESIAN_POINT('',(0.8175,-1.45,-2.5));
#18129=CARTESIAN_POINT('',(0.8175,-1.45,-2.5));
#18130=CARTESIAN_POINT('',(1.0875,-1.45,-2.4));
#18131=CARTESIAN_POINT('',(1.0875,-1.45,-2.4));
#18132=CARTESIAN_POINT('',(0.8175,-1.45,-2.4));
#18133=CARTESIAN_POINT('',(0.8175,-1.45,-2.4));
#18134=CARTESIAN_POINT('',(0.8175,-1.45,-2.4));
#18135=CARTESIAN_POINT('',(0.8175,-1.45,-2.4));
#18136=CARTESIAN_POINT('',(1.0875,-1.5,-2.4));
#18137=CARTESIAN_POINT('',(1.0875,-1.5,-2.4));
#18138=CARTESIAN_POINT('',(0.8175,-1.5,-2.4));
#18139=CARTESIAN_POINT('',(0.8175,-1.5,-2.4));
#18140=CARTESIAN_POINT('',(0.8175,-1.5,-2.4));
#18141=CARTESIAN_POINT('',(0.8175,-1.5,-2.4));
#18142=CARTESIAN_POINT('',(1.0875,-1.5,-1.58));
#18143=CARTESIAN_POINT('',(1.0875,-1.5,-1.58));
#18144=CARTESIAN_POINT('',(0.8175,-1.5,-1.58));
#18145=CARTESIAN_POINT('',(0.8175,-1.5,-1.58));
#18146=CARTESIAN_POINT('',(0.8175,-1.5,-1.58));
#18147=CARTESIAN_POINT('',(0.8175,-1.5,-1.58));
#18148=CARTESIAN_POINT('',(1.0875,-1.18,-1.58));
#18149=CARTESIAN_POINT('',(1.0875,-1.40627416998,-1.35372583002));
#18150=CARTESIAN_POINT('',(0.8175,-1.40627416998,-1.35372583002));
#18151=CARTESIAN_POINT('',(0.8175,-1.40627416998,-1.35372583002));
#18152=CARTESIAN_POINT('',(0.8175,-1.18,-1.58));
#18153=CARTESIAN_POINT('',(0.8175,-1.18,-1.58));
#18154=CARTESIAN_POINT('',(1.0875,-1.29591883092,-1.243370490961));
#18155=CARTESIAN_POINT('',(1.0875,-1.29591883092,-1.243370490961));
#18156=CARTESIAN_POINT('',(0.8175,-1.29591883092,-1.243370490961));
#18157=CARTESIAN_POINT('',(0.8175,-1.29591883092,-1.243370490961));
#18158=CARTESIAN_POINT('',(0.8175,-1.29591883092,-1.243370490961));
#18159=CARTESIAN_POINT('',(0.8175,-1.29591883092,-1.243370490961));
#18160=CARTESIAN_POINT('',(1.0875,-1.034289321881,-1.505));
#18161=CARTESIAN_POINT('',(1.0875,-1.034289321881,-1.135));
#18162=CARTESIAN_POINT('',(0.8175,-1.034289321881,-1.135));
#18163=CARTESIAN_POINT('',(0.8175,-1.034289321881,-1.135));
#18164=CARTESIAN_POINT('',(0.8175,-1.034289321881,-1.505));
#18165=CARTESIAN_POINT('',(0.8175,-1.034289321881,-1.505));
#18166=CARTESIAN_POINT('',(1.0875,2.98,-1.135));
#18167=CARTESIAN_POINT('',(1.0875,0.5,-1.135));
#18168=CARTESIAN_POINT('',(0.8175,2.98,-1.135));
#18169=CARTESIAN_POINT('',(0.8175,0.5,-1.135));
#18170=CARTESIAN_POINT('',(0.8175,0.5,-1.135));
#18171=CARTESIAN_POINT('',(0.8175,2.98,-1.135));
#18172=CARTESIAN_POINT('',(0.8175,-0.95,-1.135));
#18173=CARTESIAN_POINT('',(0.8175,-0.95,-1.135));
#18174=CARTESIAN_POINT('',(1.0875,-0.95,-1.135));
#18175=CARTESIAN_POINT('',(1.0875,-0.95,-1.135));
#18176=CARTESIAN_POINT('',(0.8175,-0.95,-1.135));
#18177=CARTESIAN_POINT('',(0.8175,2.98,-1.135));
#18178=CARTESIAN_POINT('',(0.8175,0.5,-1.175));
#18179=CARTESIAN_POINT('',(0.8175,0.5,-1.175));
#18180=CARTESIAN_POINT('',(0.8175,0.5,-1.135));
#18181=CARTESIAN_POINT('',(0.8175,0.,0.));
#18182=CARTESIAN_POINT('',(0.8175,0.5,1.175));
#18183=CARTESIAN_POINT('',(0.8175,0.5,1.175));
#18184=CARTESIAN_POINT('',(0.8175,0.5,1.175));
#18185=CARTESIAN_POINT('',(0.8175,0.,0.));
#18186=CARTESIAN_POINT('',(0.8175,-0.95,1.135));
#18187=CARTESIAN_POINT('',(0.8175,0.,0.));
#18188=CARTESIAN_POINT('',(0.8175,-1.034289321881,-1.405));
#18189=CARTESIAN_POINT('',(0.8175,-0.95,-1.405));
#18190=CARTESIAN_POINT('',(0.8175,-0.95,-1.405));
#18191=CARTESIAN_POINT('',(0.8175,0.,0.));
#18192=CARTESIAN_POINT('',(1.0875,-1.034289321881,-1.405));
#18193=CARTESIAN_POINT('',(1.0875,-0.95,-1.405));
#18194=CARTESIAN_POINT('',(0.8175,-0.95,-1.405));
#18195=CARTESIAN_POINT('',(0.8175,-1.034289321881,-1.405));
#18196=CARTESIAN_POINT('',(1.0875,0.5,-1.175));
#18197=CARTESIAN_POINT('',(1.0875,0.5,-1.175));
#18198=CARTESIAN_POINT('',(1.0875,0.5,-1.135));
#18199=CARTESIAN_POINT('',(1.0875,0.,0.));
#18200=CARTESIAN_POINT('',(1.0875,0.5,1.175));
#18201=CARTESIAN_POINT('',(1.0875,0.5,1.175));
#18202=CARTESIAN_POINT('',(1.0875,0.5,1.175));
#18203=CARTESIAN_POINT('',(1.0875,0.,0.));
#18204=CARTESIAN_POINT('',(1.0875,-0.95,1.135));
#18205=CARTESIAN_POINT('',(1.0875,0.,0.));
#18206=CARTESIAN_POINT('',(1.0875,-0.95,-1.405));
#18207=CARTESIAN_POINT('',(1.0875,0.,0.));
#18208=CARTESIAN_POINT('',(1.4525,3.02,1.175));
#18209=CARTESIAN_POINT('',(1.4525,3.02,1.175));
#18210=CARTESIAN_POINT('',(1.7225,3.02,1.175));
#18211=CARTESIAN_POINT('',(1.7225,2.98,1.135));
#18212=CARTESIAN_POINT('',(1.7225,2.98,1.135));
#18213=CARTESIAN_POINT('',(1.4525,2.98,1.135));
#18214=CARTESIAN_POINT('',(1.4525,2.98,1.135));
#18215=CARTESIAN_POINT('',(1.4525,2.98,1.135));
#18216=CARTESIAN_POINT('',(1.4525,2.98,1.135));
#18217=CARTESIAN_POINT('',(1.4525,0.5,1.135));
#18218=CARTESIAN_POINT('',(1.4525,0.5,1.135));
#18219=CARTESIAN_POINT('',(1.7225,0.5,1.135));
#18220=CARTESIAN_POINT('',(1.7225,0.5,1.135));
#18221=CARTESIAN_POINT('',(1.4525,0.5,1.135));
#18222=CARTESIAN_POINT('',(1.4525,-1.034289321881,1.135));
#18223=CARTESIAN_POINT('',(1.7225,-1.034289321881,1.135));
#18224=CARTESIAN_POINT('',(1.7225,-1.034289321881,1.135));
#18225=CARTESIAN_POINT('',(1.7225,-0.95,1.135));
#18226=CARTESIAN_POINT('',(1.4525,-1.034289321881,1.135));
#18227=CARTESIAN_POINT('',(1.4525,-1.034289321881,1.135));
#18228=CARTESIAN_POINT('',(1.4525,-1.034289321881,1.135));
#18229=CARTESIAN_POINT('',(1.4525,-0.95,1.135));
#18230=CARTESIAN_POINT('',(1.4525,-0.95,1.135));
#18231=CARTESIAN_POINT('',(1.4525,-1.034289321881,1.135));
#18232=CARTESIAN_POINT('',(1.7225,-1.034289321881,1.505));
#18233=CARTESIAN_POINT('',(1.7225,-1.29591883092,1.243370490961));
#18234=CARTESIAN_POINT('',(1.4525,-1.29591883092,1.243370490961));
#18235=CARTESIAN_POINT('',(1.4525,-1.29591883092,1.243370490961));
#18236=CARTESIAN_POINT('',(1.4525,-1.034289321881,1.505));
#18237=CARTESIAN_POINT('',(1.4525,-1.034289321881,1.505));
#18238=CARTESIAN_POINT('',(1.7225,-1.40627416998,1.35372583002));
#18239=CARTESIAN_POINT('',(1.7225,-1.40627416998,1.35372583002));
#18240=CARTESIAN_POINT('',(1.4525,-1.40627416998,1.35372583002));
#18241=CARTESIAN_POINT('',(1.4525,-1.40627416998,1.35372583002));
#18242=CARTESIAN_POINT('',(1.4525,-1.40627416998,1.35372583002));
#18243=CARTESIAN_POINT('',(1.4525,-1.40627416998,1.35372583002));
#18244=CARTESIAN_POINT('',(1.7225,-1.18,1.58));
#18245=CARTESIAN_POINT('',(1.7225,-1.5,1.58));
#18246=CARTESIAN_POINT('',(1.4525,-1.5,1.58));
#18247=CARTESIAN_POINT('',(1.4525,-1.5,1.58));
#18248=CARTESIAN_POINT('',(1.4525,-1.18,1.58));
#18249=CARTESIAN_POINT('',(1.4525,-1.18,1.58));
#18250=CARTESIAN_POINT('',(1.7225,-1.5,2.35));
#18251=CARTESIAN_POINT('',(1.7225,-1.5,2.35));
#18252=CARTESIAN_POINT('',(1.4525,-1.5,2.35));
#18253=CARTESIAN_POINT('',(1.4525,-1.5,2.35));
#18254=CARTESIAN_POINT('',(1.4525,-1.5,2.35));
#18255=CARTESIAN_POINT('',(1.4525,-1.5,2.35));
#18256=CARTESIAN_POINT('',(1.7225,-1.45,2.4));
#18257=CARTESIAN_POINT('',(1.7225,-1.45,2.4));
#18258=CARTESIAN_POINT('',(1.4525,-1.45,2.4));
#18259=CARTESIAN_POINT('',(1.4525,-1.45,2.4));
#18260=CARTESIAN_POINT('',(1.4525,-1.45,2.4));
#18261=CARTESIAN_POINT('',(1.4525,-1.45,2.4));
#18262=CARTESIAN_POINT('',(1.7225,-1.45,2.5));
#18263=CARTESIAN_POINT('',(1.7225,-1.45,2.5));
#18264=CARTESIAN_POINT('',(1.4525,-1.45,2.5));
#18265=CARTESIAN_POINT('',(1.4525,-1.45,2.5));
#18266=CARTESIAN_POINT('',(1.4525,-1.45,2.5));
#18267=CARTESIAN_POINT('',(1.4525,-1.45,2.5));
#18268=CARTESIAN_POINT('',(1.7225,-1.23,2.5));
#18269=CARTESIAN_POINT('',(1.7225,-1.23,2.5));
#18270=CARTESIAN_POINT('',(1.4525,-1.23,2.5));
#18271=CARTESIAN_POINT('',(1.4525,-1.23,2.5));
#18272=CARTESIAN_POINT('',(1.4525,-1.23,2.5));
#18273=CARTESIAN_POINT('',(1.4525,-1.23,2.5));
#18274=CARTESIAN_POINT('',(1.7225,-1.23,1.58));
#18275=CARTESIAN_POINT('',(1.7225,-1.23,1.58));
#18276=CARTESIAN_POINT('',(1.4525,-1.23,1.58));
#18277=CARTESIAN_POINT('',(1.4525,-1.23,1.58));
#18278=CARTESIAN_POINT('',(1.4525,-1.23,1.58));
#18279=CARTESIAN_POINT('',(1.4525,-1.23,1.58));
#18280=CARTESIAN_POINT('',(1.7225,-1.18,1.58));
#18281=CARTESIAN_POINT('',(1.7225,-1.215355339059,1.544644660941));
#18282=CARTESIAN_POINT('',(1.4525,-1.215355339059,1.544644660941));
#18283=CARTESIAN_POINT('',(1.4525,-1.215355339059,1.544644660941));
#18284=CARTESIAN_POINT('',(1.4525,-1.18,1.58));
#18285=CARTESIAN_POINT('',(1.4525,-1.18,1.58));
#18286=CARTESIAN_POINT('',(1.7225,-1.105,1.434289321881));
#18287=CARTESIAN_POINT('',(1.7225,-1.105,1.434289321881));
#18288=CARTESIAN_POINT('',(1.4525,-1.105,1.434289321881));
#18289=CARTESIAN_POINT('',(1.4525,-1.105,1.434289321881));
#18290=CARTESIAN_POINT('',(1.4525,-1.105,1.434289321881));
#18291=CARTESIAN_POINT('',(1.4525,-1.105,1.434289321881));
#18292=CARTESIAN_POINT('',(1.7225,-1.034289321881,1.505));
#18293=CARTESIAN_POINT('',(1.7225,-1.034289321881,1.405));
#18294=CARTESIAN_POINT('',(1.4525,-1.034289321881,1.405));
#18295=CARTESIAN_POINT('',(1.4525,-1.034289321881,1.405));
#18296=CARTESIAN_POINT('',(1.4525,-1.034289321881,1.505));
#18297=CARTESIAN_POINT('',(1.4525,-1.034289321881,1.505));
#18298=CARTESIAN_POINT('',(1.4525,-0.95,1.405));
#18299=CARTESIAN_POINT('',(1.4525,-0.95,1.405));
#18300=CARTESIAN_POINT('',(1.7225,-0.95,1.405));
#18301=CARTESIAN_POINT('',(1.7225,-0.95,1.405));
#18302=CARTESIAN_POINT('',(1.4525,-0.95,1.405));
#18303=CARTESIAN_POINT('',(1.4525,3.25,1.405));
#18304=CARTESIAN_POINT('',(1.4525,2.98,-1.135));
#18305=CARTESIAN_POINT('',(1.4525,2.98,-1.135));
#18306=CARTESIAN_POINT('',(1.7225,2.98,-1.135));
#18307=CARTESIAN_POINT('',(1.7225,3.02,-1.175));
#18308=CARTESIAN_POINT('',(1.7225,3.02,-1.175));
#18309=CARTESIAN_POINT('',(1.4525,3.02,-1.175));
#18310=CARTESIAN_POINT('',(1.4525,3.02,-1.175));
#18311=CARTESIAN_POINT('',(1.4525,3.02,-1.175));
#18312=CARTESIAN_POINT('',(1.4525,3.25,-1.405));
#18313=CARTESIAN_POINT('',(1.4525,-1.034289321881,-1.405));
#18314=CARTESIAN_POINT('',(1.4525,-1.034289321881,-1.405));
#18315=CARTESIAN_POINT('',(1.7225,-1.034289321881,-1.405));
#18316=CARTESIAN_POINT('',(1.7225,-1.034289321881,-1.505));
#18317=CARTESIAN_POINT('',(1.7225,-1.105,-1.434289321881));
#18318=CARTESIAN_POINT('',(1.4525,-1.105,-1.434289321881));
#18319=CARTESIAN_POINT('',(1.4525,-1.105,-1.434289321881));
#18320=CARTESIAN_POINT('',(1.4525,-1.034289321881,-1.505));
#18321=CARTESIAN_POINT('',(1.4525,-1.034289321881,-1.505));
#18322=CARTESIAN_POINT('',(1.7225,-1.215355339059,-1.544644660941));
#18323=CARTESIAN_POINT('',(1.7225,-1.215355339059,-1.544644660941));
#18324=CARTESIAN_POINT('',(1.4525,-1.215355339059,-1.544644660941));
#18325=CARTESIAN_POINT('',(1.4525,-1.215355339059,-1.544644660941));
#18326=CARTESIAN_POINT('',(1.4525,-1.215355339059,-1.544644660941));
#18327=CARTESIAN_POINT('',(1.4525,-1.215355339059,-1.544644660941));
#18328=CARTESIAN_POINT('',(1.7225,-1.18,-1.58));
#18329=CARTESIAN_POINT('',(1.7225,-1.23,-1.58));
#18330=CARTESIAN_POINT('',(1.4525,-1.23,-1.58));
#18331=CARTESIAN_POINT('',(1.4525,-1.23,-1.58));
#18332=CARTESIAN_POINT('',(1.4525,-1.18,-1.58));
#18333=CARTESIAN_POINT('',(1.4525,-1.18,-1.58));
#18334=CARTESIAN_POINT('',(1.7225,-1.23,-2.5));
#18335=CARTESIAN_POINT('',(1.7225,-1.23,-2.5));
#18336=CARTESIAN_POINT('',(1.4525,-1.23,-2.5));
#18337=CARTESIAN_POINT('',(1.4525,-1.23,-2.5));
#18338=CARTESIAN_POINT('',(1.4525,-1.23,-2.5));
#18339=CARTESIAN_POINT('',(1.4525,-1.23,-2.5));
#18340=CARTESIAN_POINT('',(1.7225,-1.45,-2.5));
#18341=CARTESIAN_POINT('',(1.7225,-1.45,-2.5));
#18342=CARTESIAN_POINT('',(1.4525,-1.45,-2.5));
#18343=CARTESIAN_POINT('',(1.4525,-1.45,-2.5));
#18344=CARTESIAN_POINT('',(1.4525,-1.45,-2.5));
#18345=CARTESIAN_POINT('',(1.4525,-1.45,-2.5));
#18346=CARTESIAN_POINT('',(1.7225,-1.45,-2.4));
#18347=CARTESIAN_POINT('',(1.7225,-1.45,-2.4));
#18348=CARTESIAN_POINT('',(1.4525,-1.45,-2.4));
#18349=CARTESIAN_POINT('',(1.4525,-1.45,-2.4));
#18350=CARTESIAN_POINT('',(1.4525,-1.45,-2.4));
#18351=CARTESIAN_POINT('',(1.4525,-1.45,-2.4));
#18352=CARTESIAN_POINT('',(1.7225,-1.5,-2.4));
#18353=CARTESIAN_POINT('',(1.7225,-1.5,-2.4));
#18354=CARTESIAN_POINT('',(1.4525,-1.5,-2.4));
#18355=CARTESIAN_POINT('',(1.4525,-1.5,-2.4));
#18356=CARTESIAN_POINT('',(1.4525,-1.5,-2.4));
#18357=CARTESIAN_POINT('',(1.4525,-1.5,-2.4));
#18358=CARTESIAN_POINT('',(1.7225,-1.5,-1.58));
#18359=CARTESIAN_POINT('',(1.7225,-1.5,-1.58));
#18360=CARTESIAN_POINT('',(1.4525,-1.5,-1.58));
#18361=CARTESIAN_POINT('',(1.4525,-1.5,-1.58));
#18362=CARTESIAN_POINT('',(1.4525,-1.5,-1.58));
#18363=CARTESIAN_POINT('',(1.4525,-1.5,-1.58));
#18364=CARTESIAN_POINT('',(1.7225,-1.18,-1.58));
#18365=CARTESIAN_POINT('',(1.7225,-1.40627416998,-1.35372583002));
#18366=CARTESIAN_POINT('',(1.4525,-1.40627416998,-1.35372583002));
#18367=CARTESIAN_POINT('',(1.4525,-1.40627416998,-1.35372583002));
#18368=CARTESIAN_POINT('',(1.4525,-1.18,-1.58));
#18369=CARTESIAN_POINT('',(1.4525,-1.18,-1.58));
#18370=CARTESIAN_POINT('',(1.7225,-1.29591883092,-1.243370490961));
#18371=CARTESIAN_POINT('',(1.7225,-1.29591883092,-1.243370490961));
#18372=CARTESIAN_POINT('',(1.4525,-1.29591883092,-1.243370490961));
#18373=CARTESIAN_POINT('',(1.4525,-1.29591883092,-1.243370490961));
#18374=CARTESIAN_POINT('',(1.4525,-1.29591883092,-1.243370490961));
#18375=CARTESIAN_POINT('',(1.4525,-1.29591883092,-1.243370490961));
#18376=CARTESIAN_POINT('',(1.7225,-1.034289321881,-1.505));
#18377=CARTESIAN_POINT('',(1.7225,-1.034289321881,-1.135));
#18378=CARTESIAN_POINT('',(1.4525,-1.034289321881,-1.135));
#18379=CARTESIAN_POINT('',(1.4525,-1.034289321881,-1.135));
#18380=CARTESIAN_POINT('',(1.4525,-1.034289321881,-1.505));
#18381=CARTESIAN_POINT('',(1.4525,-1.034289321881,-1.505));
#18382=CARTESIAN_POINT('',(1.7225,2.98,-1.135));
#18383=CARTESIAN_POINT('',(1.7225,0.5,-1.135));
#18384=CARTESIAN_POINT('',(1.4525,2.98,-1.135));
#18385=CARTESIAN_POINT('',(1.4525,0.5,-1.135));
#18386=CARTESIAN_POINT('',(1.4525,0.5,-1.135));
#18387=CARTESIAN_POINT('',(1.4525,2.98,-1.135));
#18388=CARTESIAN_POINT('',(1.4525,-0.95,-1.135));
#18389=CARTESIAN_POINT('',(1.4525,-0.95,-1.135));
#18390=CARTESIAN_POINT('',(1.7225,-0.95,-1.135));
#18391=CARTESIAN_POINT('',(1.7225,-0.95,-1.135));
#18392=CARTESIAN_POINT('',(1.4525,-0.95,-1.135));
#18393=CARTESIAN_POINT('',(1.4525,2.98,-1.135));
#18394=CARTESIAN_POINT('',(1.4525,0.5,-1.175));
#18395=CARTESIAN_POINT('',(1.4525,0.5,-1.175));
#18396=CARTESIAN_POINT('',(1.4525,0.5,-1.135));
#18397=CARTESIAN_POINT('',(1.4525,0.,0.));
#18398=CARTESIAN_POINT('',(1.4525,0.5,1.175));
#18399=CARTESIAN_POINT('',(1.4525,0.5,1.175));
#18400=CARTESIAN_POINT('',(1.4525,0.5,1.175));
#18401=CARTESIAN_POINT('',(1.4525,0.,0.));
#18402=CARTESIAN_POINT('',(1.4525,-0.95,1.135));
#18403=CARTESIAN_POINT('',(1.4525,0.,0.));
#18404=CARTESIAN_POINT('',(1.4525,-1.034289321881,-1.405));
#18405=CARTESIAN_POINT('',(1.4525,-0.95,-1.405));
#18406=CARTESIAN_POINT('',(1.4525,-0.95,-1.405));
#18407=CARTESIAN_POINT('',(1.4525,0.,0.));
#18408=CARTESIAN_POINT('',(1.7225,-1.034289321881,-1.405));
#18409=CARTESIAN_POINT('',(1.7225,-0.95,-1.405));
#18410=CARTESIAN_POINT('',(1.4525,-0.95,-1.405));
#18411=CARTESIAN_POINT('',(1.4525,-1.034289321881,-1.405));
#18412=CARTESIAN_POINT('',(1.7225,0.5,-1.175));
#18413=CARTESIAN_POINT('',(1.7225,0.5,-1.175));
#18414=CARTESIAN_POINT('',(1.7225,0.5,-1.135));
#18415=CARTESIAN_POINT('',(1.7225,0.,0.));
#18416=CARTESIAN_POINT('',(1.7225,0.5,1.175));
#18417=CARTESIAN_POINT('',(1.7225,0.5,1.175));
#18418=CARTESIAN_POINT('',(1.7225,0.5,1.175));
#18419=CARTESIAN_POINT('',(1.7225,0.,0.));
#18420=CARTESIAN_POINT('',(1.7225,-0.95,1.135));
#18421=CARTESIAN_POINT('',(1.7225,0.,0.));
#18422=CARTESIAN_POINT('',(1.7225,-0.95,-1.405));
#18423=CARTESIAN_POINT('',(1.7225,0.,0.));
#18424=CARTESIAN_POINT('',(2.9925,0.5,-1.175));
#18425=CARTESIAN_POINT('',(2.9925,0.5,-1.175));
#18426=CARTESIAN_POINT('',(2.9925,0.5,-1.175));
#18427=CARTESIAN_POINT('',(3.71,0.4,-1.175));
#18428=CARTESIAN_POINT('',(3.71,3.25,-1.175));
#18429=CARTESIAN_POINT('',(-3.71,3.25,-1.175));
#18430=CARTESIAN_POINT('',(-3.31,0.5,-1.175));
#18431=CARTESIAN_POINT('',(-2.7225,0.5,-1.175));
#18432=CARTESIAN_POINT('',(-2.0875,0.5,-1.175));
#18433=CARTESIAN_POINT('',(-1.4525,0.5,-1.175));
#18434=CARTESIAN_POINT('',(-0.8175,0.5,-1.175));
#18435=CARTESIAN_POINT('',(-0.1825,0.5,-1.175));
#18436=CARTESIAN_POINT('',(0.4525,0.5,-1.175));
#18437=CARTESIAN_POINT('',(1.0875,0.5,-1.175));
#18438=CARTESIAN_POINT('',(1.7225,0.5,-1.175));
#18439=CARTESIAN_POINT('',(2.0875,0.5,-1.175));
#18440=CARTESIAN_POINT('',(2.0875,0.5,-1.175));
#18441=CARTESIAN_POINT('',(2.0875,3.02,-1.175));
#18442=CARTESIAN_POINT('',(2.0875,3.02,-1.175));
#18443=CARTESIAN_POINT('',(2.3575,3.02,-1.175));
#18444=CARTESIAN_POINT('',(2.3575,0.5,-1.175));
#18445=CARTESIAN_POINT('',(2.3575,0.5,-1.175));
#18446=CARTESIAN_POINT('',(2.3575,0.5,-1.175));
#18447=CARTESIAN_POINT('',(2.7225,0.5,-1.175));
#18448=CARTESIAN_POINT('',(2.7225,0.5,-1.175));
#18449=CARTESIAN_POINT('',(3.71,3.5,-1.175));
#18450=CARTESIAN_POINT('',(2.0875,2.98,-1.135));
#18451=CARTESIAN_POINT('',(2.0875,2.98,-1.135));
#18452=CARTESIAN_POINT('',(2.3575,2.98,-1.135));
#18453=CARTESIAN_POINT('',(2.3575,3.02,-1.175));
#18454=CARTESIAN_POINT('',(2.0875,3.02,-1.175));
#18455=CARTESIAN_POINT('',(2.0875,3.25,-1.405));
#18456=CARTESIAN_POINT('',(2.0875,-1.034289321881,-1.405));
#18457=CARTESIAN_POINT('',(2.0875,-1.034289321881,-1.405));
#18458=CARTESIAN_POINT('',(2.3575,-1.034289321881,-1.405));
#18459=CARTESIAN_POINT('',(2.3575,-1.034289321881,-1.505));
#18460=CARTESIAN_POINT('',(2.3575,-1.105,-1.434289321881));
#18461=CARTESIAN_POINT('',(2.0875,-1.105,-1.434289321881));
#18462=CARTESIAN_POINT('',(2.0875,-1.105,-1.434289321881));
#18463=CARTESIAN_POINT('',(2.0875,-1.034289321881,-1.505));
#18464=CARTESIAN_POINT('',(2.0875,-1.034289321881,-1.505));
#18465=CARTESIAN_POINT('',(2.3575,-1.215355339059,-1.544644660941));
#18466=CARTESIAN_POINT('',(2.3575,-1.215355339059,-1.544644660941));
#18467=CARTESIAN_POINT('',(2.0875,-1.215355339059,-1.544644660941));
#18468=CARTESIAN_POINT('',(2.0875,-1.215355339059,-1.544644660941));
#18469=CARTESIAN_POINT('',(2.0875,-1.215355339059,-1.544644660941));
#18470=CARTESIAN_POINT('',(2.0875,-1.215355339059,-1.544644660941));
#18471=CARTESIAN_POINT('',(2.3575,-1.18,-1.58));
#18472=CARTESIAN_POINT('',(2.3575,-1.23,-1.58));
#18473=CARTESIAN_POINT('',(2.0875,-1.23,-1.58));
#18474=CARTESIAN_POINT('',(2.0875,-1.23,-1.58));
#18475=CARTESIAN_POINT('',(2.0875,-1.18,-1.58));
#18476=CARTESIAN_POINT('',(2.0875,-1.18,-1.58));
#18477=CARTESIAN_POINT('',(2.3575,-1.23,-2.5));
#18478=CARTESIAN_POINT('',(2.3575,-1.23,-2.5));
#18479=CARTESIAN_POINT('',(2.0875,-1.23,-2.5));
#18480=CARTESIAN_POINT('',(2.0875,-1.23,-2.5));
#18481=CARTESIAN_POINT('',(2.0875,-1.23,-2.5));
#18482=CARTESIAN_POINT('',(2.0875,-1.23,-2.5));
#18483=CARTESIAN_POINT('',(2.3575,-1.45,-2.5));
#18484=CARTESIAN_POINT('',(2.3575,-1.45,-2.5));
#18485=CARTESIAN_POINT('',(2.0875,-1.45,-2.5));
#18486=CARTESIAN_POINT('',(2.0875,-1.45,-2.5));
#18487=CARTESIAN_POINT('',(2.0875,-1.45,-2.5));
#18488=CARTESIAN_POINT('',(2.0875,-1.45,-2.5));
#18489=CARTESIAN_POINT('',(2.3575,-1.45,-2.4));
#18490=CARTESIAN_POINT('',(2.3575,-1.45,-2.4));
#18491=CARTESIAN_POINT('',(2.0875,-1.45,-2.4));
#18492=CARTESIAN_POINT('',(2.0875,-1.45,-2.4));
#18493=CARTESIAN_POINT('',(2.0875,-1.45,-2.4));
#18494=CARTESIAN_POINT('',(2.0875,-1.45,-2.4));
#18495=CARTESIAN_POINT('',(2.3575,-1.5,-2.4));
#18496=CARTESIAN_POINT('',(2.3575,-1.5,-2.4));
#18497=CARTESIAN_POINT('',(2.0875,-1.5,-2.4));
#18498=CARTESIAN_POINT('',(2.0875,-1.5,-2.4));
#18499=CARTESIAN_POINT('',(2.0875,-1.5,-2.4));
#18500=CARTESIAN_POINT('',(2.0875,-1.5,-2.4));
#18501=CARTESIAN_POINT('',(2.3575,-1.5,-1.58));
#18502=CARTESIAN_POINT('',(2.3575,-1.5,-1.58));
#18503=CARTESIAN_POINT('',(2.0875,-1.5,-1.58));
#18504=CARTESIAN_POINT('',(2.0875,-1.5,-1.58));
#18505=CARTESIAN_POINT('',(2.0875,-1.5,-1.58));
#18506=CARTESIAN_POINT('',(2.0875,-1.5,-1.58));
#18507=CARTESIAN_POINT('',(2.3575,-1.18,-1.58));
#18508=CARTESIAN_POINT('',(2.3575,-1.40627416998,-1.35372583002));
#18509=CARTESIAN_POINT('',(2.0875,-1.40627416998,-1.35372583002));
#18510=CARTESIAN_POINT('',(2.0875,-1.40627416998,-1.35372583002));
#18511=CARTESIAN_POINT('',(2.0875,-1.18,-1.58));
#18512=CARTESIAN_POINT('',(2.0875,-1.18,-1.58));
#18513=CARTESIAN_POINT('',(2.3575,-1.29591883092,-1.243370490961));
#18514=CARTESIAN_POINT('',(2.3575,-1.29591883092,-1.243370490961));
#18515=CARTESIAN_POINT('',(2.0875,-1.29591883092,-1.243370490961));
#18516=CARTESIAN_POINT('',(2.0875,-1.29591883092,-1.243370490961));
#18517=CARTESIAN_POINT('',(2.0875,-1.29591883092,-1.243370490961));
#18518=CARTESIAN_POINT('',(2.0875,-1.29591883092,-1.243370490961));
#18519=CARTESIAN_POINT('',(2.3575,-1.034289321881,-1.505));
#18520=CARTESIAN_POINT('',(2.3575,-1.034289321881,-1.135));
#18521=CARTESIAN_POINT('',(2.0875,-1.034289321881,-1.135));
#18522=CARTESIAN_POINT('',(2.0875,-1.034289321881,-1.135));
#18523=CARTESIAN_POINT('',(2.0875,-1.034289321881,-1.505));
#18524=CARTESIAN_POINT('',(2.0875,-1.034289321881,-1.505));
#18525=CARTESIAN_POINT('',(2.3575,2.98,-1.135));
#18526=CARTESIAN_POINT('',(2.3575,0.5,-1.135));
#18527=CARTESIAN_POINT('',(2.0875,2.98,-1.135));
#18528=CARTESIAN_POINT('',(2.0875,0.5,-1.135));
#18529=CARTESIAN_POINT('',(2.0875,0.5,-1.135));
#18530=CARTESIAN_POINT('',(2.0875,2.98,-1.135));
#18531=CARTESIAN_POINT('',(2.0875,-0.95,-1.135));
#18532=CARTESIAN_POINT('',(2.0875,-0.95,-1.135));
#18533=CARTESIAN_POINT('',(2.3575,-0.95,-1.135));
#18534=CARTESIAN_POINT('',(2.3575,-0.95,-1.135));
#18535=CARTESIAN_POINT('',(2.0875,-0.95,-1.135));
#18536=CARTESIAN_POINT('',(2.0875,2.98,-1.135));
#18537=CARTESIAN_POINT('',(2.0875,0.5,-1.135));
#18538=CARTESIAN_POINT('',(2.0875,0.,0.));
#18539=CARTESIAN_POINT('',(2.0875,0.5,1.175));
#18540=CARTESIAN_POINT('',(2.0875,0.5,1.175));
#18541=CARTESIAN_POINT('',(2.0875,0.5,1.175));
#18542=CARTESIAN_POINT('',(2.0875,0.,0.));
#18543=CARTESIAN_POINT('',(2.0875,-0.95,1.135));
#18544=CARTESIAN_POINT('',(2.0875,0.,0.));
#18545=CARTESIAN_POINT('',(2.0875,-1.034289321881,-1.405));
#18546=CARTESIAN_POINT('',(2.0875,-0.95,-1.405));
#18547=CARTESIAN_POINT('',(2.0875,-0.95,-1.405));
#18548=CARTESIAN_POINT('',(2.0875,0.,0.));
#18549=CARTESIAN_POINT('',(2.3575,-1.034289321881,-1.405));
#18550=CARTESIAN_POINT('',(2.3575,-0.95,-1.405));
#18551=CARTESIAN_POINT('',(2.0875,-0.95,-1.405));
#18552=CARTESIAN_POINT('',(2.0875,-1.034289321881,-1.405));
#18553=CARTESIAN_POINT('',(2.3575,0.5,-1.135));
#18554=CARTESIAN_POINT('',(2.3575,0.,0.));
#18555=CARTESIAN_POINT('',(2.3575,0.5,1.175));
#18556=CARTESIAN_POINT('',(2.3575,0.5,1.175));
#18557=CARTESIAN_POINT('',(2.3575,0.5,1.175));
#18558=CARTESIAN_POINT('',(2.3575,0.,0.));
#18559=CARTESIAN_POINT('',(2.3575,-0.95,1.135));
#18560=CARTESIAN_POINT('',(2.3575,0.,0.));
#18561=CARTESIAN_POINT('',(2.3575,-0.95,-1.405));
#18562=CARTESIAN_POINT('',(2.3575,0.,0.));
#18563=CARTESIAN_POINT('',(2.7225,0.5,1.135));
#18564=CARTESIAN_POINT('',(2.7225,0.5,1.135));
#18565=CARTESIAN_POINT('',(2.9925,0.5,1.135));
#18566=CARTESIAN_POINT('',(2.9925,0.5,1.175));
#18567=CARTESIAN_POINT('',(2.9925,0.5,1.175));
#18568=CARTESIAN_POINT('',(3.31,0.5,1.175));
#18569=CARTESIAN_POINT('',(3.71,0.5,-0.635));
#18570=CARTESIAN_POINT('',(2.9925,0.5,-1.135));
#18571=CARTESIAN_POINT('',(2.9925,0.5,-1.135));
#18572=CARTESIAN_POINT('',(2.7225,0.5,-1.135));
#18573=CARTESIAN_POINT('',(2.7225,0.5,-1.135));
#18574=CARTESIAN_POINT('',(2.7225,0.5,-1.135));
#18575=CARTESIAN_POINT('',(-2.9925,0.5,1.175));
#18576=CARTESIAN_POINT('',(-2.3575,0.5,1.175));
#18577=CARTESIAN_POINT('',(-1.7225,0.5,1.175));
#18578=CARTESIAN_POINT('',(-1.0875,0.5,1.175));
#18579=CARTESIAN_POINT('',(-0.4525,0.5,1.175));
#18580=CARTESIAN_POINT('',(0.1825,0.5,1.175));
#18581=CARTESIAN_POINT('',(0.8175,0.5,1.175));
#18582=CARTESIAN_POINT('',(1.4525,0.5,1.175));
#18583=CARTESIAN_POINT('',(2.0875,0.5,1.175));
#18584=CARTESIAN_POINT('',(2.7225,0.5,1.175));
#18585=CARTESIAN_POINT('',(2.7225,0.5,1.175));
#18586=CARTESIAN_POINT('',(2.7225,0.5,1.175));
#18587=CARTESIAN_POINT('',(6.61,0.5,-2.6));
#18588=CARTESIAN_POINT('',(2.7225,-0.95,1.405));
#18589=CARTESIAN_POINT('',(2.7225,-0.95,1.405));
#18590=CARTESIAN_POINT('',(2.7225,-1.034289321881,1.405));
#18591=CARTESIAN_POINT('',(2.7225,-1.034289321881,1.405));
#18592=CARTESIAN_POINT('',(2.9925,-1.034289321881,1.405));
#18593=CARTESIAN_POINT('',(2.9925,-0.95,1.405));
#18594=CARTESIAN_POINT('',(2.9925,-0.95,1.405));
#18595=CARTESIAN_POINT('',(2.7225,-0.95,1.405));
#18596=CARTESIAN_POINT('',(2.7225,3.25,1.405));
#18597=CARTESIAN_POINT('',(2.7225,-1.105,1.434289321881));
#18598=CARTESIAN_POINT('',(2.7225,-1.105,1.434289321881));
#18599=CARTESIAN_POINT('',(2.9925,-1.105,1.434289321881));
#18600=CARTESIAN_POINT('',(2.9925,-1.034289321881,1.505));
#18601=CARTESIAN_POINT('',(2.7225,-1.034289321881,1.505));
#18602=CARTESIAN_POINT('',(2.7225,-1.034289321881,1.505));
#18603=CARTESIAN_POINT('',(2.7225,-1.215355339059,1.544644660941));
#18604=CARTESIAN_POINT('',(2.7225,-1.215355339059,1.544644660941));
#18605=CARTESIAN_POINT('',(2.9925,-1.215355339059,1.544644660941));
#18606=CARTESIAN_POINT('',(2.9925,-1.105,1.434289321881));
#18607=CARTESIAN_POINT('',(2.7225,-1.105,1.434289321881));
#18608=CARTESIAN_POINT('',(2.7225,-1.105,1.434289321881));
#18609=CARTESIAN_POINT('',(2.7225,-1.23,1.58));
#18610=CARTESIAN_POINT('',(2.7225,-1.23,1.58));
#18611=CARTESIAN_POINT('',(2.9925,-1.23,1.58));
#18612=CARTESIAN_POINT('',(2.9925,-1.18,1.58));
#18613=CARTESIAN_POINT('',(2.7225,-1.18,1.58));
#18614=CARTESIAN_POINT('',(2.7225,-1.18,1.58));
#18615=CARTESIAN_POINT('',(2.7225,-1.23,2.5));
#18616=CARTESIAN_POINT('',(2.7225,-1.23,2.5));
#18617=CARTESIAN_POINT('',(2.9925,-1.23,2.5));
#18618=CARTESIAN_POINT('',(2.9925,-1.23,1.58));
#18619=CARTESIAN_POINT('',(2.7225,-1.23,1.58));
#18620=CARTESIAN_POINT('',(2.7225,-1.23,1.58));
#18621=CARTESIAN_POINT('',(2.7225,-1.45,2.5));
#18622=CARTESIAN_POINT('',(2.7225,-1.45,2.5));
#18623=CARTESIAN_POINT('',(2.9925,-1.45,2.5));
#18624=CARTESIAN_POINT('',(2.9925,-1.23,2.5));
#18625=CARTESIAN_POINT('',(2.7225,-1.23,2.5));
#18626=CARTESIAN_POINT('',(2.7225,-1.23,2.5));
#18627=CARTESIAN_POINT('',(2.7225,-1.45,2.4));
#18628=CARTESIAN_POINT('',(2.7225,-1.45,2.4));
#18629=CARTESIAN_POINT('',(2.9925,-1.45,2.4));
#18630=CARTESIAN_POINT('',(2.9925,-1.45,2.5));
#18631=CARTESIAN_POINT('',(2.7225,-1.45,2.5));
#18632=CARTESIAN_POINT('',(2.7225,-1.45,2.5));
#18633=CARTESIAN_POINT('',(2.7225,-1.5,2.35));
#18634=CARTESIAN_POINT('',(2.7225,-1.5,2.35));
#18635=CARTESIAN_POINT('',(2.9925,-1.5,2.35));
#18636=CARTESIAN_POINT('',(2.9925,-1.45,2.4));
#18637=CARTESIAN_POINT('',(2.7225,-1.45,2.4));
#18638=CARTESIAN_POINT('',(2.7225,-1.45,2.4));
#18639=CARTESIAN_POINT('',(2.7225,-1.5,1.58));
#18640=CARTESIAN_POINT('',(2.7225,-1.5,1.58));
#18641=CARTESIAN_POINT('',(2.9925,-1.5,1.58));
#18642=CARTESIAN_POINT('',(2.9925,-1.5,2.35));
#18643=CARTESIAN_POINT('',(2.7225,-1.5,2.35));
#18644=CARTESIAN_POINT('',(2.7225,-1.5,2.35));
#18645=CARTESIAN_POINT('',(2.7225,-1.40627416998,1.35372583002));
#18646=CARTESIAN_POINT('',(2.7225,-1.40627416998,1.35372583002));
#18647=CARTESIAN_POINT('',(2.9925,-1.40627416998,1.35372583002));
#18648=CARTESIAN_POINT('',(2.9925,-1.18,1.58));
#18649=CARTESIAN_POINT('',(2.7225,-1.18,1.58));
#18650=CARTESIAN_POINT('',(2.7225,-1.18,1.58));
#18651=CARTESIAN_POINT('',(2.7225,-1.29591883092,1.243370490961));
#18652=CARTESIAN_POINT('',(2.7225,-1.29591883092,1.243370490961));
#18653=CARTESIAN_POINT('',(2.9925,-1.29591883092,1.243370490961));
#18654=CARTESIAN_POINT('',(2.9925,-1.40627416998,1.35372583002));
#18655=CARTESIAN_POINT('',(2.7225,-1.40627416998,1.35372583002));
#18656=CARTESIAN_POINT('',(2.7225,-1.40627416998,1.35372583002));
#18657=CARTESIAN_POINT('',(2.7225,-1.034289321881,1.135));
#18658=CARTESIAN_POINT('',(2.7225,-1.034289321881,1.135));
#18659=CARTESIAN_POINT('',(2.9925,-1.034289321881,1.135));
#18660=CARTESIAN_POINT('',(2.9925,-1.034289321881,1.505));
#18661=CARTESIAN_POINT('',(2.7225,-1.034289321881,1.505));
#18662=CARTESIAN_POINT('',(2.7225,-1.034289321881,1.505));
#18663=CARTESIAN_POINT('',(2.7225,0.5,1.135));
#18664=CARTESIAN_POINT('',(2.9925,0.5,1.135));
#18665=CARTESIAN_POINT('',(2.7225,-1.034289321881,1.135));
#18666=CARTESIAN_POINT('',(2.9925,-1.034289321881,1.135));
#18667=CARTESIAN_POINT('',(2.9925,-0.95,1.135));
#18668=CARTESIAN_POINT('',(2.7225,-1.034289321881,1.135));
#18669=CARTESIAN_POINT('',(2.7225,-0.95,1.135));
#18670=CARTESIAN_POINT('',(2.7225,-0.95,1.135));
#18671=CARTESIAN_POINT('',(2.7225,-1.034289321881,1.135));
#18672=CARTESIAN_POINT('',(2.7225,-1.29591883092,-1.243370490961));
#18673=CARTESIAN_POINT('',(2.7225,-1.29591883092,-1.243370490961));
#18674=CARTESIAN_POINT('',(2.9925,-1.29591883092,-1.243370490961));
#18675=CARTESIAN_POINT('',(2.9925,-1.034289321881,-1.505));
#18676=CARTESIAN_POINT('',(2.9925,-1.034289321881,-1.135));
#18677=CARTESIAN_POINT('',(2.7225,-1.034289321881,-1.135));
#18678=CARTESIAN_POINT('',(2.7225,-1.034289321881,-1.135));
#18679=CARTESIAN_POINT('',(2.7225,-1.034289321881,-1.505));
#18680=CARTESIAN_POINT('',(2.7225,-1.034289321881,-1.505));
#18681=CARTESIAN_POINT('',(2.7225,-1.40627416998,-1.35372583002));
#18682=CARTESIAN_POINT('',(2.7225,-1.40627416998,-1.35372583002));
#18683=CARTESIAN_POINT('',(2.9925,-1.40627416998,-1.35372583002));
#18684=CARTESIAN_POINT('',(2.9925,-1.29591883092,-1.243370490961));
#18685=CARTESIAN_POINT('',(2.7225,-1.29591883092,-1.243370490961));
#18686=CARTESIAN_POINT('',(2.7225,-1.29591883092,-1.243370490961));
#18687=CARTESIAN_POINT('',(2.7225,-1.5,-1.58));
#18688=CARTESIAN_POINT('',(2.7225,-1.5,-1.58));
#18689=CARTESIAN_POINT('',(2.9925,-1.5,-1.58));
#18690=CARTESIAN_POINT('',(2.9925,-1.18,-1.58));
#18691=CARTESIAN_POINT('',(2.7225,-1.18,-1.58));
#18692=CARTESIAN_POINT('',(2.7225,-1.18,-1.58));
#18693=CARTESIAN_POINT('',(2.7225,-1.5,-2.4));
#18694=CARTESIAN_POINT('',(2.7225,-1.5,-2.4));
#18695=CARTESIAN_POINT('',(2.9925,-1.5,-2.4));
#18696=CARTESIAN_POINT('',(2.9925,-1.5,-1.58));
#18697=CARTESIAN_POINT('',(2.7225,-1.5,-1.58));
#18698=CARTESIAN_POINT('',(2.7225,-1.5,-1.58));
#18699=CARTESIAN_POINT('',(2.7225,-1.45,-2.4));
#18700=CARTESIAN_POINT('',(2.7225,-1.45,-2.4));
#18701=CARTESIAN_POINT('',(2.9925,-1.45,-2.4));
#18702=CARTESIAN_POINT('',(2.9925,-1.5,-2.4));
#18703=CARTESIAN_POINT('',(2.7225,-1.5,-2.4));
#18704=CARTESIAN_POINT('',(2.7225,-1.5,-2.4));
#18705=CARTESIAN_POINT('',(2.7225,-1.45,-2.5));
#18706=CARTESIAN_POINT('',(2.7225,-1.45,-2.5));
#18707=CARTESIAN_POINT('',(2.9925,-1.45,-2.5));
#18708=CARTESIAN_POINT('',(2.9925,-1.45,-2.4));
#18709=CARTESIAN_POINT('',(2.7225,-1.45,-2.4));
#18710=CARTESIAN_POINT('',(2.7225,-1.45,-2.4));
#18711=CARTESIAN_POINT('',(2.7225,-1.23,-2.5));
#18712=CARTESIAN_POINT('',(2.7225,-1.23,-2.5));
#18713=CARTESIAN_POINT('',(2.9925,-1.23,-2.5));
#18714=CARTESIAN_POINT('',(2.9925,-1.45,-2.5));
#18715=CARTESIAN_POINT('',(2.7225,-1.45,-2.5));
#18716=CARTESIAN_POINT('',(2.7225,-1.45,-2.5));
#18717=CARTESIAN_POINT('',(2.7225,-1.23,-1.58));
#18718=CARTESIAN_POINT('',(2.7225,-1.23,-1.58));
#18719=CARTESIAN_POINT('',(2.9925,-1.23,-1.58));
#18720=CARTESIAN_POINT('',(2.9925,-1.23,-2.5));
#18721=CARTESIAN_POINT('',(2.7225,-1.23,-2.5));
#18722=CARTESIAN_POINT('',(2.7225,-1.23,-2.5));
#18723=CARTESIAN_POINT('',(2.7225,-1.215355339059,-1.544644660941));
#18724=CARTESIAN_POINT('',(2.7225,-1.215355339059,-1.544644660941));
#18725=CARTESIAN_POINT('',(2.9925,-1.215355339059,-1.544644660941));
#18726=CARTESIAN_POINT('',(2.9925,-1.18,-1.58));
#18727=CARTESIAN_POINT('',(2.7225,-1.18,-1.58));
#18728=CARTESIAN_POINT('',(2.7225,-1.18,-1.58));
#18729=CARTESIAN_POINT('',(2.7225,-1.105,-1.434289321881));
#18730=CARTESIAN_POINT('',(2.7225,-1.105,-1.434289321881));
#18731=CARTESIAN_POINT('',(2.9925,-1.105,-1.434289321881));
#18732=CARTESIAN_POINT('',(2.9925,-1.215355339059,-1.544644660941));
#18733=CARTESIAN_POINT('',(2.7225,-1.215355339059,-1.544644660941));
#18734=CARTESIAN_POINT('',(2.7225,-1.215355339059,-1.544644660941));
#18735=CARTESIAN_POINT('',(2.7225,-1.034289321881,-1.405));
#18736=CARTESIAN_POINT('',(2.7225,-1.034289321881,-1.405));
#18737=CARTESIAN_POINT('',(2.9925,-1.034289321881,-1.405));
#18738=CARTESIAN_POINT('',(2.9925,-1.034289321881,-1.505));
#18739=CARTESIAN_POINT('',(2.7225,-1.034289321881,-1.505));
#18740=CARTESIAN_POINT('',(2.7225,-1.034289321881,-1.505));
#18741=CARTESIAN_POINT('',(2.9925,-1.034289321881,-1.405));
#18742=CARTESIAN_POINT('',(2.9925,-0.95,-1.405));
#18743=CARTESIAN_POINT('',(2.7225,-1.034289321881,-1.405));
#18744=CARTESIAN_POINT('',(2.7225,-0.95,-1.405));
#18745=CARTESIAN_POINT('',(2.7225,-0.95,-1.405));
#18746=CARTESIAN_POINT('',(2.7225,-1.034289321881,-1.405));
#18747=CARTESIAN_POINT('',(2.9925,2.98,-1.135));
#18748=CARTESIAN_POINT('',(2.9925,0.,0.));
#18749=CARTESIAN_POINT('',(2.9925,0.5,1.175));
#18750=CARTESIAN_POINT('',(2.9925,0.,0.));
#18751=CARTESIAN_POINT('',(2.9925,-0.95,1.135));
#18752=CARTESIAN_POINT('',(2.9925,0.,0.));
#18753=CARTESIAN_POINT('',(2.9925,-0.95,-1.135));
#18754=CARTESIAN_POINT('',(2.9925,-0.95,-1.135));
#18755=CARTESIAN_POINT('',(2.9925,-0.95,-1.405));
#18756=CARTESIAN_POINT('',(2.9925,0.,0.));
#18757=CARTESIAN_POINT('',(2.7225,2.98,-1.135));
#18758=CARTESIAN_POINT('',(2.7225,2.98,-1.135));
#18759=CARTESIAN_POINT('',(2.7225,-0.95,-1.135));
#18760=CARTESIAN_POINT('',(2.7225,-0.95,-1.135));
#18761=CARTESIAN_POINT('',(2.7225,-0.95,-1.135));
#18762=CARTESIAN_POINT('',(2.7225,2.98,-1.135));
#18763=CARTESIAN_POINT('',(2.7225,0.,0.));
#18764=CARTESIAN_POINT('',(2.7225,0.5,1.175));
#18765=CARTESIAN_POINT('',(2.7225,0.,0.));
#18766=CARTESIAN_POINT('',(2.7225,-0.95,1.135));
#18767=CARTESIAN_POINT('',(2.7225,0.,0.));
#18768=CARTESIAN_POINT('',(2.7225,-0.95,-1.405));
#18769=CARTESIAN_POINT('',(2.7225,0.,0.));
#18770=CARTESIAN_POINT('',(3.71,3.25,1.175));
#18771=CARTESIAN_POINT('',(3.71,3.25,1.175));
#18772=CARTESIAN_POINT('',(3.71,0.4,1.175));
#18773=CARTESIAN_POINT('',(-3.71,3.5,1.175));
#18774=CARTESIAN_POINT('',(3.71,3.25,-1.175));
#18775=CARTESIAN_POINT('',(3.71,3.5,1.175));
#18776=CARTESIAN_POINT('',(3.87,3.5,-1.335));
#18777=CARTESIAN_POINT('',(3.87,3.5,-1.335));
#18778=CARTESIAN_POINT('',(3.71,3.25,1.175));
#18779=CARTESIAN_POINT('',(3.87000000000001,3.5,1.33500000000001));
#18780=CARTESIAN_POINT('',(3.87,3.5,1.335));
#18781=CARTESIAN_POINT('',(3.79,3.375,0.));
#18782=CARTESIAN_POINT('',(-3.87,3.5,-1.335));
#18783=CARTESIAN_POINT('',(-3.87000000000001,3.5,-1.33500000000001));
#18784=CARTESIAN_POINT('',(-3.71,3.25,-1.175));
#18785=CARTESIAN_POINT('',(0.,3.375,-1.255));
#18786=CARTESIAN_POINT('',(-3.87,3.5,1.335));
#18787=CARTESIAN_POINT('',(-3.87,3.5,1.335));
#18788=CARTESIAN_POINT('',(-3.87,3.5,1.335));
#18789=CARTESIAN_POINT('',(-3.79,3.375,0.));
#18790=CARTESIAN_POINT('',(-2.999564568674,3.5,1.335));
#18791=CARTESIAN_POINT('',(0.,3.375,1.255));
#18792=CARTESIAN_POINT('',(-4.965,3.5,-1.69));
#18793=CARTESIAN_POINT('',(-4.965,3.5,-1.69));
#18794=CARTESIAN_POINT('',(-5.065,3.25,-1.79));
#18795=CARTESIAN_POINT('',(-5.065,3.25,-0.15));
#18796=CARTESIAN_POINT('',(-5.065,3.25,-0.15));
#18797=CARTESIAN_POINT('',(-4.965,3.5,-0.25));
#18798=CARTESIAN_POINT('',(-4.965,3.5,-0.25));
#18799=CARTESIAN_POINT('',(-4.965,3.5,-0.25));
#18800=CARTESIAN_POINT('',(-5.015,3.375,-0.97));
#18801=CARTESIAN_POINT('',(4.965,3.5,-1.69));
#18802=CARTESIAN_POINT('',(4.965,3.5,-1.69));
#18803=CARTESIAN_POINT('',(5.065,3.25,-1.79));
#18804=CARTESIAN_POINT('',(5.065,3.25,-1.79));
#18805=CARTESIAN_POINT('',(-2.644564568674,3.5,-1.69));
#18806=CARTESIAN_POINT('',(0.,3.375,-1.74));
#18807=CARTESIAN_POINT('',(4.965,3.5,-1.69));
#18808=CARTESIAN_POINT('',(4.965,3.5,-0.25));
#18809=CARTESIAN_POINT('',(4.965,3.5,-0.25));
#18810=CARTESIAN_POINT('',(5.065,3.25,-0.15));
#18811=CARTESIAN_POINT('',(5.065,3.25,-1.79));
#18812=CARTESIAN_POINT('',(5.015,3.375,-0.97));
#18813=CARTESIAN_POINT('',(4.31,3.5,-0.25));
#18814=CARTESIAN_POINT('',(4.31,3.5,-0.25));
#18815=CARTESIAN_POINT('',(4.41,3.25,-0.15));
#18816=CARTESIAN_POINT('',(4.41,3.25,-0.15));
#18817=CARTESIAN_POINT('',(4.31,3.5,-0.25));
#18818=CARTESIAN_POINT('',(4.7375,3.375,-0.2));
#18819=CARTESIAN_POINT('',(4.41,3.25,-0.15));
#18820=CARTESIAN_POINT('',(4.41,1.35,-0.15));
#18821=CARTESIAN_POINT('',(4.41,1.35,-0.15));
#18822=CARTESIAN_POINT('',(5.065,1.35,-0.15));
#18823=CARTESIAN_POINT('',(5.065,3.25,-0.15));
#18824=CARTESIAN_POINT('',(6.61,-0.8,-0.15));
#18825=CARTESIAN_POINT('',(-5.065,3.25,-0.15));
#18826=CARTESIAN_POINT('',(-5.065,1.35,-0.15));
#18827=CARTESIAN_POINT('',(-5.065,1.35,-0.15));
#18828=CARTESIAN_POINT('',(-4.41,1.35,-0.15));
#18829=CARTESIAN_POINT('',(-4.41,1.35,-0.15));
#18830=CARTESIAN_POINT('',(-4.41,3.25,-0.15));
#18831=CARTESIAN_POINT('',(-5.065,3.25,-0.15));
#18832=CARTESIAN_POINT('',(6.61,-0.8,-0.15));
#18833=CARTESIAN_POINT('',(-4.41,1.35,1.79));
#18834=CARTESIAN_POINT('',(-4.41,1.35,1.79));
#18835=CARTESIAN_POINT('',(-4.41,3.25,1.79));
#18836=CARTESIAN_POINT('',(-4.41,3.25,1.79));
#18837=CARTESIAN_POINT('',(-4.41,3.25,-0.15));
#18838=CARTESIAN_POINT('',(-4.41,1.35,1.79));
#18839=CARTESIAN_POINT('',(-2.644564568674,3.5,1.69));
#18840=CARTESIAN_POINT('',(-4.31,3.5,1.69));
#18841=CARTESIAN_POINT('',(4.31,3.5,1.69));
#18842=CARTESIAN_POINT('',(-4.31,3.5,1.69));
#18843=CARTESIAN_POINT('',(-4.41,3.25,1.79));
#18844=CARTESIAN_POINT('',(4.41,3.25,1.79));
#18845=CARTESIAN_POINT('',(4.31,3.5,1.69));
#18846=CARTESIAN_POINT('',(0.,3.375,1.74));
#18847=CARTESIAN_POINT('',(-4.31,3.5,-0.25));
#18848=CARTESIAN_POINT('',(-4.31,3.5,-0.25));
#18849=CARTESIAN_POINT('',(-4.31,3.5,1.69));
#18850=CARTESIAN_POINT('',(-4.36,3.375,0.82));
#18851=CARTESIAN_POINT('',(-4.31,3.5,-0.25));
#18852=CARTESIAN_POINT('',(-4.7375,3.375,-0.2));
#18853=CARTESIAN_POINT('',(4.31,3.5,1.69));
#18854=CARTESIAN_POINT('',(6.61,3.5,-2.6));
#18855=CARTESIAN_POINT('',(4.41,3.25,1.79));
#18856=CARTESIAN_POINT('',(4.36,3.375,0.82));
#18857=CARTESIAN_POINT('',(4.41,3.25,1.79));
#18858=CARTESIAN_POINT('',(4.41,1.35,1.79));
#18859=CARTESIAN_POINT('',(4.41,1.35,1.79));
#18860=CARTESIAN_POINT('',(4.41,3.5,1.79));
#18861=CARTESIAN_POINT('',(-4.425,1.,-1.39));
#18862=CARTESIAN_POINT('',(-4.425,1.,-1.79));
#18863=CARTESIAN_POINT('',(-4.425,-0.3,-1.39));
#18864=CARTESIAN_POINT('',(-4.425,-0.3,-1.44));
#18865=CARTESIAN_POINT('',(-4.425,-0.3,-1.79));
#18866=CARTESIAN_POINT('',(-4.425,-0.3,-1.79));
#18867=CARTESIAN_POINT('',(-4.425,1.,-1.79));
#18868=CARTESIAN_POINT('',(-4.425,-0.3,-1.39));
#18869=CARTESIAN_POINT('',(-3.15,-0.3,-1.79));
#18870=CARTESIAN_POINT('',(-3.15,-0.3,-1.79));
#18871=CARTESIAN_POINT('',(-3.15,-0.3,-1.44));
#18872=CARTESIAN_POINT('',(-3.15,-0.3,-1.44));
#18873=CARTESIAN_POINT('',(-3.15,1.,-1.79));
#18874=CARTESIAN_POINT('',(-3.15,1.,-1.79));
#18875=CARTESIAN_POINT('',(-3.15,1.,-1.79));
#18876=CARTESIAN_POINT('',(-3.15,-0.3,-1.79));
#18877=CARTESIAN_POINT('',(-6.52,-0.8,-1.49));
#18878=CARTESIAN_POINT('',(-6.52,-0.8,-1.49));
#18879=CARTESIAN_POINT('',(-6.52,1.35,-1.49));
#18880=CARTESIAN_POINT('',(-6.52,1.35,-1.49));
#18881=CARTESIAN_POINT('',(-5.065,1.35,-1.49));
#18882=CARTESIAN_POINT('',(-5.065,1.35,-1.49));
#18883=CARTESIAN_POINT('',(-5.065,-0.3,-1.49));
#18884=CARTESIAN_POINT('',(-5.065,-0.8,-1.49));
#18885=CARTESIAN_POINT('',(-5.065,-0.8,-1.49));
#18886=CARTESIAN_POINT('',(-6.52,-0.8,-1.49));
#18887=CARTESIAN_POINT('',(-6.61,3.5,-1.49));
#18888=CARTESIAN_POINT('',(-5.065,-0.3,-1.49));
#18889=CARTESIAN_POINT('',(-5.065,-0.3,-1.44));
#18890=CARTESIAN_POINT('',(-5.065,-0.3,-1.44));
#18891=CARTESIAN_POINT('',(-5.065,-0.8,-1.44));
#18892=CARTESIAN_POINT('',(-5.065,-0.8,-1.44));
#18893=CARTESIAN_POINT('',(-5.065,3.5,1.79));
#18894=CARTESIAN_POINT('',(3.15,-0.3,-1.44));
#18895=CARTESIAN_POINT('',(3.15,-0.3,-1.44));
#18896=CARTESIAN_POINT('',(3.15,-0.3,-1.44));
#18897=CARTESIAN_POINT('',(4.425,-0.3,-1.44));
#18898=CARTESIAN_POINT('',(5.065,-0.3,-1.44));
#18899=CARTESIAN_POINT('',(5.065,-0.3,-1.44));
#18900=CARTESIAN_POINT('',(5.065,-0.3,-1.44));
#18901=CARTESIAN_POINT('',(5.065,-0.8,-1.44));
#18902=CARTESIAN_POINT('',(5.065,-0.8,-1.44));
#18903=CARTESIAN_POINT('',(-4.425,-0.3,-1.44));
#18904=CARTESIAN_POINT('',(-4.425,-0.3,-1.44));
#18905=CARTESIAN_POINT('',(5.065,-0.3,-1.44));
#18906=CARTESIAN_POINT('',(3.15,1.,-1.39));
#18907=CARTESIAN_POINT('',(3.15,1.,-1.79));
#18908=CARTESIAN_POINT('',(3.15,-0.3,-1.39));
#18909=CARTESIAN_POINT('',(3.15,-0.3,-1.79));
#18910=CARTESIAN_POINT('',(3.15,-0.3,-1.79));
#18911=CARTESIAN_POINT('',(3.15,1.,-1.79));
#18912=CARTESIAN_POINT('',(3.15,-0.3,-1.39));
#18913=CARTESIAN_POINT('',(4.425,1.,1.39));
#18914=CARTESIAN_POINT('',(4.425,1.,1.79));
#18915=CARTESIAN_POINT('',(4.425,-0.3,1.39));
#18916=CARTESIAN_POINT('',(4.425,-0.3,1.49));
#18917=CARTESIAN_POINT('',(4.425,-0.3,1.49));
#18918=CARTESIAN_POINT('',(4.425,-0.3,1.79));
#18919=CARTESIAN_POINT('',(4.425,1.,1.79));
#18920=CARTESIAN_POINT('',(4.425,-0.3,1.39));
#18921=CARTESIAN_POINT('',(3.15,-0.3,1.49));
#18922=CARTESIAN_POINT('',(3.15,-0.3,1.49));
#18923=CARTESIAN_POINT('',(3.15,-0.3,1.79));
#18924=CARTESIAN_POINT('',(3.15,-0.3,1.49));
#18925=CARTESIAN_POINT('',(3.15,1.,1.79));
#18926=CARTESIAN_POINT('',(3.15,1.,1.79));
#18927=CARTESIAN_POINT('',(3.15,1.,1.79));
#18928=CARTESIAN_POINT('',(3.15,-0.3,1.79));
#18929=CARTESIAN_POINT('',(-3.15,-0.3,1.39));
#18930=CARTESIAN_POINT('',(-3.15,-0.3,1.39));
#18931=CARTESIAN_POINT('',(-3.15,1.,1.39));
#18932=CARTESIAN_POINT('',(-4.425,1.,1.39));
#18933=CARTESIAN_POINT('',(-4.425,1.,1.39));
#18934=CARTESIAN_POINT('',(-4.425,-0.3,1.39));
#18935=CARTESIAN_POINT('',(-4.425,-0.3,1.39));
#18936=CARTESIAN_POINT('',(-4.425,-0.3,1.39));
#18937=CARTESIAN_POINT('',(-4.425,-0.3,1.39));
#18938=CARTESIAN_POINT('',(-4.425,-0.3,1.49));
#18939=CARTESIAN_POINT('',(-4.425,-0.3,1.49));
#18940=CARTESIAN_POINT('',(-4.425,-0.3,1.79));
#18941=CARTESIAN_POINT('',(-4.425,-0.3,1.49));
#18942=CARTESIAN_POINT('',(-4.425,1.,1.79));
#18943=CARTESIAN_POINT('',(-4.425,1.,1.79));
#18944=CARTESIAN_POINT('',(-4.425,1.,1.79));
#18945=CARTESIAN_POINT('',(-4.425,-0.3,1.79));
#18946=CARTESIAN_POINT('',(5.065,-0.3,-2.6));
#18947=CARTESIAN_POINT('',(4.425,-0.3,-1.44));
#18948=CARTESIAN_POINT('',(5.065,-0.3,-2.6));
#18949=CARTESIAN_POINT('',(3.15,-0.3,1.49));
#18950=CARTESIAN_POINT('',(5.065,-0.3,-2.6));
#18951=CARTESIAN_POINT('',(-3.15,-0.3,1.39));
#18952=CARTESIAN_POINT('',(-3.15,-0.3,1.49));
#18953=CARTESIAN_POINT('',(-4.425,-0.3,1.49));
#18954=CARTESIAN_POINT('',(5.065,-0.3,-2.6));
#18955=CARTESIAN_POINT('',(4.425,-0.3,-1.79));
#18956=CARTESIAN_POINT('',(4.425,-0.3,-1.79));
#18957=CARTESIAN_POINT('',(4.425,1.,-1.79));
#18958=CARTESIAN_POINT('',(4.425,1.,-1.79));
#18959=CARTESIAN_POINT('',(4.425,1.,-1.79));
#18960=CARTESIAN_POINT('',(4.425,-0.3,-1.79));
#18961=CARTESIAN_POINT('',(-5.065,-0.3,-1.79));
#18962=CARTESIAN_POINT('',(-5.065,-0.3,-1.79));
#18963=CARTESIAN_POINT('',(-5.065,-0.3,-1.79));
#18964=CARTESIAN_POINT('',(5.065,-0.3,-1.79));
#18965=CARTESIAN_POINT('',(-3.15,-0.3,-1.79));
#18966=CARTESIAN_POINT('',(5.065,-0.3,-1.79));
#18967=CARTESIAN_POINT('',(4.425,-0.3,-1.79));
#18968=CARTESIAN_POINT('',(5.065,-0.3,-1.79));
#18969=CARTESIAN_POINT('',(5.065,-0.3,-1.79));
#18970=CARTESIAN_POINT('',(5.065,-0.3,-1.49));
#18971=CARTESIAN_POINT('',(5.065,-0.3,-1.49));
#18972=CARTESIAN_POINT('',(5.065,-0.3,-1.79));
#18973=CARTESIAN_POINT('',(5.065,-0.8,-1.49));
#18974=CARTESIAN_POINT('',(5.065,-0.8,-1.49));
#18975=CARTESIAN_POINT('',(5.065,-0.8,-1.44));
#18976=CARTESIAN_POINT('',(5.065,3.5,-2.6));
#18977=CARTESIAN_POINT('',(5.065,1.35,-1.49));
#18978=CARTESIAN_POINT('',(5.065,1.35,-1.49));
#18979=CARTESIAN_POINT('',(5.065,1.35,-1.49));
#18980=CARTESIAN_POINT('',(6.61,1.35,-1.49));
#18981=CARTESIAN_POINT('',(6.61,1.35,-1.49));
#18982=CARTESIAN_POINT('',(6.61,-0.8,-1.49));
#18983=CARTESIAN_POINT('',(5.065,-0.8,-1.49));
#18984=CARTESIAN_POINT('',(5.065,3.5,-1.49));
#18985=CARTESIAN_POINT('',(5.065,1.35,1.));
#18986=CARTESIAN_POINT('',(5.065,1.35,1.));
#18987=CARTESIAN_POINT('',(5.065,0.05,1.));
#18988=CARTESIAN_POINT('',(5.065,1.35,1.));
#18989=CARTESIAN_POINT('',(5.365,1.35,1.));
#18990=CARTESIAN_POINT('',(5.365,1.35,1.));
#18991=CARTESIAN_POINT('',(5.365,0.05,1.));
#18992=CARTESIAN_POINT('',(5.065,0.05,1.));
#18993=CARTESIAN_POINT('',(5.065,1.35,1.));
#18994=CARTESIAN_POINT('',(5.365,1.35,0.75));
#18995=CARTESIAN_POINT('',(5.365,1.35,0.75));
#18996=CARTESIAN_POINT('',(5.365,0.05,0.75));
#18997=CARTESIAN_POINT('',(6.61,1.35,0.75));
#18998=CARTESIAN_POINT('',(6.61,1.35,0.75));
#18999=CARTESIAN_POINT('',(6.61,-1.1,0.75));
#19000=CARTESIAN_POINT('',(6.61,-1.1,0.75));
#19001=CARTESIAN_POINT('',(6.61,-1.1,0.75));
#19002=CARTESIAN_POINT('',(5.065,-1.1,0.75));
#19003=CARTESIAN_POINT('',(5.065,-0.95,0.75));
#19004=CARTESIAN_POINT('',(5.065,-0.95,0.75));
#19005=CARTESIAN_POINT('',(5.065,-0.95,0.75));
#19006=CARTESIAN_POINT('',(5.365,-0.95,0.75));
#19007=CARTESIAN_POINT('',(5.365,0.05,0.75));
#19008=CARTESIAN_POINT('',(5.065,1.35,0.75));
#19009=CARTESIAN_POINT('',(5.365,1.35,1.));
#19010=CARTESIAN_POINT('',(5.365,0.05,0.75));
#19011=CARTESIAN_POINT('',(5.365,1.35,1.));
#19012=CARTESIAN_POINT('',(5.365,1.35,-1.));
#19013=CARTESIAN_POINT('',(5.365,1.35,-1.));
#19014=CARTESIAN_POINT('',(5.365,0.05,-1.));
#19015=CARTESIAN_POINT('',(5.365,1.35,-1.));
#19016=CARTESIAN_POINT('',(5.065,1.35,-1.));
#19017=CARTESIAN_POINT('',(5.065,1.35,-1.));
#19018=CARTESIAN_POINT('',(5.065,0.05,-1.));
#19019=CARTESIAN_POINT('',(5.365,0.05,-1.));
#19020=CARTESIAN_POINT('',(5.365,1.35,-1.));
#19021=CARTESIAN_POINT('',(5.365,0.05,-0.75));
#19022=CARTESIAN_POINT('',(5.365,0.05,-0.75));
#19023=CARTESIAN_POINT('',(5.365,0.05,-0.75));
#19024=CARTESIAN_POINT('',(5.065,0.05,-1.));
#19025=CARTESIAN_POINT('',(5.365,0.05,-1.05));
#19026=CARTESIAN_POINT('',(5.365,1.35,-0.75));
#19027=CARTESIAN_POINT('',(5.365,1.35,-0.75));
#19028=CARTESIAN_POINT('',(5.365,1.35,-0.75));
#19029=CARTESIAN_POINT('',(5.365,1.35,-0.75));
#19030=CARTESIAN_POINT('',(5.065,1.35,1.79));
#19031=CARTESIAN_POINT('',(5.065,1.35,1.79));
#19032=CARTESIAN_POINT('',(5.065,1.35,1.79));
#19033=CARTESIAN_POINT('',(5.065,1.35,1.49));
#19034=CARTESIAN_POINT('',(6.61,1.35,1.49));
#19035=CARTESIAN_POINT('',(6.61,1.35,1.49));
#19036=CARTESIAN_POINT('',(6.61,1.35,0.75));
#19037=CARTESIAN_POINT('',(5.065,1.35,1.));
#19038=CARTESIAN_POINT('',(5.065,1.35,1.79));
#19039=CARTESIAN_POINT('',(6.61,1.35,-1.49));
#19040=CARTESIAN_POINT('',(6.61,1.35,-0.75));
#19041=CARTESIAN_POINT('',(5.065,1.35,-1.));
#19042=CARTESIAN_POINT('',(6.61,1.35,-0.75));
#19043=CARTESIAN_POINT('',(5.065,1.35,1.79));
#19044=CARTESIAN_POINT('',(3.15,-0.3,1.49));
#19045=CARTESIAN_POINT('',(-4.425,-0.3,1.49));
#19046=CARTESIAN_POINT('',(-5.065,-0.3,1.49));
#19047=CARTESIAN_POINT('',(-5.065,1.35,1.49));
#19048=CARTESIAN_POINT('',(-5.065,1.35,1.49));
#19049=CARTESIAN_POINT('',(-5.065,1.35,1.49));
#19050=CARTESIAN_POINT('',(-6.61,1.35,1.49));
#19051=CARTESIAN_POINT('',(-6.61,1.35,1.49));
#19052=CARTESIAN_POINT('',(-6.61,-0.8,1.49));
#19053=CARTESIAN_POINT('',(-6.61,-0.8,1.49));
#19054=CARTESIAN_POINT('',(6.61,-0.8,1.49));
#19055=CARTESIAN_POINT('',(6.61,1.35,1.49));
#19056=CARTESIAN_POINT('',(5.065,1.35,1.49));
#19057=CARTESIAN_POINT('',(5.065,-0.3,1.49));
#19058=CARTESIAN_POINT('',(5.065,-0.3,1.49));
#19059=CARTESIAN_POINT('',(6.61,3.5,1.49));
#19060=CARTESIAN_POINT('',(-5.065,-0.3,1.79));
#19061=CARTESIAN_POINT('',(-5.065,-0.3,1.79));
#19062=CARTESIAN_POINT('',(-5.065,-0.3,1.79));
#19063=CARTESIAN_POINT('',(5.065,-0.3,1.49));
#19064=CARTESIAN_POINT('',(-3.15,-0.3,1.79));
#19065=CARTESIAN_POINT('',(-3.15,-0.3,1.79));
#19066=CARTESIAN_POINT('',(-3.15,-0.3,1.49));
#19067=CARTESIAN_POINT('',(5.065,-0.3,1.49));
#19068=CARTESIAN_POINT('',(5.065,-0.3,1.79));
#19069=CARTESIAN_POINT('',(5.065,-0.3,1.79));
#19070=CARTESIAN_POINT('',(4.425,-0.3,1.79));
#19071=CARTESIAN_POINT('',(5.065,-0.3,1.49));
#19072=CARTESIAN_POINT('',(-3.15,1.,1.39));
#19073=CARTESIAN_POINT('',(-3.15,1.,1.79));
#19074=CARTESIAN_POINT('',(-3.15,1.,1.79));
#19075=CARTESIAN_POINT('',(-3.15,-0.3,1.39));
#19076=CARTESIAN_POINT('',(-3.3075,1.,1.54));
#19077=CARTESIAN_POINT('',(-3.3075,1.,1.54));
#19078=CARTESIAN_POINT('',(-3.3075,1.9,1.54));
#19079=CARTESIAN_POINT('',(-3.3075,1.9,1.54));
#19080=CARTESIAN_POINT('',(-4.0075,1.9,1.54));
#19081=CARTESIAN_POINT('',(-4.0075,1.,1.54));
#19082=CARTESIAN_POINT('',(-4.0075,1.,1.54));
#19083=CARTESIAN_POINT('',(-4.0075,1.,1.54));
#19084=CARTESIAN_POINT('',(-4.0075,-0.3,1.54));
#19085=CARTESIAN_POINT('',(-3.3075,1.,1.79));
#19086=CARTESIAN_POINT('',(-3.3075,1.,1.79));
#19087=CARTESIAN_POINT('',(-3.3075,2.15,1.79));
#19088=CARTESIAN_POINT('',(-3.3075,2.15,1.79));
#19089=CARTESIAN_POINT('',(-3.3075,1.,1.54));
#19090=CARTESIAN_POINT('',(-3.3075,-0.3,1.54));
#19091=CARTESIAN_POINT('',(-3.3075,2.15,1.79));
#19092=CARTESIAN_POINT('',(-4.0075,2.15,1.79));
#19093=CARTESIAN_POINT('',(-4.0075,1.9,1.54));
#19094=CARTESIAN_POINT('',(-3.6575,2.025,1.665));
#19095=CARTESIAN_POINT('',(-4.0075,1.,1.79));
#19096=CARTESIAN_POINT('',(-4.0075,1.,1.79));
#19097=CARTESIAN_POINT('',(-4.0075,1.,1.79));
#19098=CARTESIAN_POINT('',(-4.0075,-0.3,1.79));
#19099=CARTESIAN_POINT('',(4.0075,1.,1.79));
#19100=CARTESIAN_POINT('',(3.15,1.,1.79));
#19101=CARTESIAN_POINT('',(5.065,1.,-2.6));
#19102=CARTESIAN_POINT('',(3.15,1.,-1.79));
#19103=CARTESIAN_POINT('',(4.0075,1.,-1.79));
#19104=CARTESIAN_POINT('',(5.065,1.,-2.6));
#19105=CARTESIAN_POINT('',(-3.3075,1.,-1.79));
#19106=CARTESIAN_POINT('',(-4.425,1.,-1.79));
#19107=CARTESIAN_POINT('',(5.065,1.,-2.6));
#19108=CARTESIAN_POINT('',(-3.3075,1.,1.79));
#19109=CARTESIAN_POINT('',(-4.425,1.,1.79));
#19110=CARTESIAN_POINT('',(5.065,1.,-2.6));
#19111=CARTESIAN_POINT('',(-5.065,3.25,-1.79));
#19112=CARTESIAN_POINT('',(5.065,3.25,-1.79));
#19113=CARTESIAN_POINT('',(6.61,3.5,-1.79));
#19114=CARTESIAN_POINT('',(5.065,-0.8,-1.79));
#19115=CARTESIAN_POINT('',(5.065,-0.8,-1.79));
#19116=CARTESIAN_POINT('',(5.065,-0.95,-1.79));
#19117=CARTESIAN_POINT('',(5.065,-0.95,-1.79));
#19118=CARTESIAN_POINT('',(-5.065,-0.95,-1.79));
#19119=CARTESIAN_POINT('',(-5.065,-0.8,-1.79));
#19120=CARTESIAN_POINT('',(-5.065,-0.8,-1.79));
#19121=CARTESIAN_POINT('',(-5.065,-0.8,-1.79));
#19122=CARTESIAN_POINT('',(6.61,3.5,-1.79));
#19123=CARTESIAN_POINT('',(5.065,-1.45,-2.6));
#19124=CARTESIAN_POINT('',(5.065,-1.45,-2.6));
#19125=CARTESIAN_POINT('',(5.065,-0.8,-2.6));
#19126=CARTESIAN_POINT('',(5.065,-1.45,-1.44));
#19127=CARTESIAN_POINT('',(5.065,-1.45,-1.44));
#19128=CARTESIAN_POINT('',(5.065,-1.45,-1.44));
#19129=CARTESIAN_POINT('',(5.065,-0.95,-1.44));
#19130=CARTESIAN_POINT('',(5.065,-0.95,-1.79));
#19131=CARTESIAN_POINT('',(5.065,-0.8,-2.6));
#19132=CARTESIAN_POINT('',(5.065,3.5,-1.79));
#19133=CARTESIAN_POINT('',(3.51,-1.45,-1.44));
#19134=CARTESIAN_POINT('',(3.51,-1.45,-1.44));
#19135=CARTESIAN_POINT('',(3.51,-0.95,-1.44));
#19136=CARTESIAN_POINT('',(5.065,-0.95,-1.44));
#19137=CARTESIAN_POINT('',(5.065,-1.45,-1.44));
#19138=CARTESIAN_POINT('',(5.065,-1.45,-1.44));
#19139=CARTESIAN_POINT('',(3.51,-0.95,1.44));
#19140=CARTESIAN_POINT('',(3.51,-0.95,1.44));
#19141=CARTESIAN_POINT('',(5.065,-0.95,1.44));
#19142=CARTESIAN_POINT('',(5.065,-0.95,1.44));
#19143=CARTESIAN_POINT('',(5.065,-0.95,1.79));
#19144=CARTESIAN_POINT('',(-5.065,-0.95,1.79));
#19145=CARTESIAN_POINT('',(-5.065,-0.95,1.79));
#19146=CARTESIAN_POINT('',(-5.065,-0.95,1.79));
#19147=CARTESIAN_POINT('',(-5.065,-0.95,1.44));
#19148=CARTESIAN_POINT('',(-5.065,-0.95,1.44));
#19149=CARTESIAN_POINT('',(-3.51,-0.95,1.44));
#19150=CARTESIAN_POINT('',(-3.51,-0.95,1.44));
#19151=CARTESIAN_POINT('',(-5.065,-0.95,-1.44));
#19152=CARTESIAN_POINT('',(3.51,-0.95,1.44));
#19153=CARTESIAN_POINT('',(3.51,-0.95,1.79));
#19154=CARTESIAN_POINT('',(5.065,-0.3,1.79));
#19155=CARTESIAN_POINT('',(-5.065,1.35,1.79));
#19156=CARTESIAN_POINT('',(-5.065,1.35,1.79));
#19157=CARTESIAN_POINT('',(-5.065,-0.3,1.79));
#19158=CARTESIAN_POINT('',(6.61,-0.8,1.79));
#19159=CARTESIAN_POINT('',(-5.065,-0.8,1.79));
#19160=CARTESIAN_POINT('',(-5.065,-0.8,1.79));
#19161=CARTESIAN_POINT('',(5.065,-0.8,1.79));
#19162=CARTESIAN_POINT('',(5.065,-0.8,1.79));
#19163=CARTESIAN_POINT('',(-5.065,-0.8,1.79));
#19164=CARTESIAN_POINT('',(6.61,-0.8,1.79));
#19165=CARTESIAN_POINT('',(-5.065,-1.45,2.6));
#19166=CARTESIAN_POINT('',(-5.065,-1.45,2.6));
#19167=CARTESIAN_POINT('',(-5.065,-0.8,2.6));
#19168=CARTESIAN_POINT('',(-5.065,-1.45,1.44));
#19169=CARTESIAN_POINT('',(-5.065,-1.45,1.44));
#19170=CARTESIAN_POINT('',(-5.065,-1.45,1.44));
#19171=CARTESIAN_POINT('',(-5.065,-0.8,2.6));
#19172=CARTESIAN_POINT('',(-5.065,3.5,1.79));
#19173=CARTESIAN_POINT('',(-3.51,-0.95,1.44));
#19174=CARTESIAN_POINT('',(-3.51,-1.45,1.44));
#19175=CARTESIAN_POINT('',(-5.065,-1.45,1.44));
#19176=CARTESIAN_POINT('',(-5.065,-1.45,1.44));
#19177=CARTESIAN_POINT('',(-3.51,-1.1,-1.));
#19178=CARTESIAN_POINT('',(-3.51,-1.1,-1.));
#19179=CARTESIAN_POINT('',(-6.61,-1.1,-1.));
#19180=CARTESIAN_POINT('',(-6.61,-1.45,-1.));
#19181=CARTESIAN_POINT('',(-6.61,-1.45,-1.));
#19182=CARTESIAN_POINT('',(-6.61,-1.45,-1.));
#19183=CARTESIAN_POINT('',(-3.51,-1.45,-1.));
#19184=CARTESIAN_POINT('',(-3.51,-1.45,-1.));
#19185=CARTESIAN_POINT('',(6.61,-1.45,-1.));
#19186=CARTESIAN_POINT('',(3.51,-1.45,-1.));
#19187=CARTESIAN_POINT('',(3.51,-1.45,-1.));
#19188=CARTESIAN_POINT('',(6.61,-1.45,-1.));
#19189=CARTESIAN_POINT('',(6.61,-1.45,-1.));
#19190=CARTESIAN_POINT('',(6.61,-1.1,-1.));
#19191=CARTESIAN_POINT('',(6.61,-1.1,-1.));
#19192=CARTESIAN_POINT('',(3.51,-1.1,-1.));
#19193=CARTESIAN_POINT('',(3.51,-1.45,-1.));
#19194=CARTESIAN_POINT('',(6.61,-1.45,-1.));
#19195=CARTESIAN_POINT('',(-3.51,-1.45,1.));
#19196=CARTESIAN_POINT('',(-3.51,-1.45,1.));
#19197=CARTESIAN_POINT('',(-3.51,-1.1,1.));
#19198=CARTESIAN_POINT('',(-3.51,-1.1,1.));
#19199=CARTESIAN_POINT('',(-3.51,-1.1,-1.));
#19200=CARTESIAN_POINT('',(-3.51,-1.45,-1.44));
#19201=CARTESIAN_POINT('',(-3.51,-0.95,1.79));
#19202=CARTESIAN_POINT('',(-6.61,-1.45,1.));
#19203=CARTESIAN_POINT('',(-6.61,-1.45,1.));
#19204=CARTESIAN_POINT('',(-6.61,-1.45,1.));
#19205=CARTESIAN_POINT('',(-6.61,-1.1,1.));
#19206=CARTESIAN_POINT('',(-3.51,-1.1,1.));
#19207=CARTESIAN_POINT('',(6.61,-1.1,1.));
#19208=CARTESIAN_POINT('',(6.61,-1.1,1.));
#19209=CARTESIAN_POINT('',(6.61,-1.1,1.));
#19210=CARTESIAN_POINT('',(3.51,-1.1,1.));
#19211=CARTESIAN_POINT('',(6.61,-1.45,1.));
#19212=CARTESIAN_POINT('',(6.61,-1.45,1.));
#19213=CARTESIAN_POINT('',(3.51,-1.45,1.));
#19214=CARTESIAN_POINT('',(3.51,-1.45,1.));
#19215=CARTESIAN_POINT('',(3.51,-1.1,1.));
#19216=CARTESIAN_POINT('',(6.61,-1.1,1.));
#19217=CARTESIAN_POINT('',(3.51,-1.45,-1.44));
#19218=CARTESIAN_POINT('',(3.51,-1.1,-1.));
#19219=CARTESIAN_POINT('',(3.51,-1.45,1.));
#19220=CARTESIAN_POINT('',(3.51,-1.45,1.44));
#19221=CARTESIAN_POINT('',(3.51,-1.45,1.44));
#19222=CARTESIAN_POINT('',(3.51,-1.45,1.79));
#19223=CARTESIAN_POINT('',(5.065,-1.45,1.44));
#19224=CARTESIAN_POINT('',(5.065,-1.45,1.44));
#19225=CARTESIAN_POINT('',(3.51,-1.45,1.44));
#19226=CARTESIAN_POINT('',(3.51,-1.45,1.44));
#19227=CARTESIAN_POINT('',(-6.61,-1.45,2.6));
#19228=CARTESIAN_POINT('',(-6.61,-1.45,2.6));
#19229=CARTESIAN_POINT('',(-6.61,-1.45,1.));
#19230=CARTESIAN_POINT('',(-6.61,-1.45,-2.6));
#19231=CARTESIAN_POINT('',(5.065,-1.45,-2.6));
#19232=CARTESIAN_POINT('',(6.61,-1.45,-2.6));
#19233=CARTESIAN_POINT('',(6.61,-1.45,-2.6));
#19234=CARTESIAN_POINT('',(-6.61,-1.45,-2.6));
#19235=CARTESIAN_POINT('',(-6.61,-1.45,-1.4));
#19236=CARTESIAN_POINT('',(-6.61,-1.45,-1.4));
#19237=CARTESIAN_POINT('',(-6.61,-1.45,-1.4));
#19238=CARTESIAN_POINT('',(-5.41,-1.45,-2.6));
#19239=CARTESIAN_POINT('',(-5.41,-1.45,-2.6));
#19240=CARTESIAN_POINT('',(-5.065,-1.45,-2.6));
#19241=CARTESIAN_POINT('',(-5.065,-1.45,-2.6));
#19242=CARTESIAN_POINT('',(-6.61,-1.45,-2.6));
#19243=CARTESIAN_POINT('',(6.61,-1.45,1.));
#19244=CARTESIAN_POINT('',(6.61,-1.45,2.6));
#19245=CARTESIAN_POINT('',(5.065,-1.45,2.6));
#19246=CARTESIAN_POINT('',(5.065,-1.45,2.6));
#19247=CARTESIAN_POINT('',(5.065,-1.45,2.6));
#19248=CARTESIAN_POINT('',(-6.61,-1.45,-2.6));
#19249=CARTESIAN_POINT('',(-6.52,-0.8,-1.49));
#19250=CARTESIAN_POINT('',(-5.41,-0.8,-2.6));
#19251=CARTESIAN_POINT('',(-5.41,-1.45,-2.6));
#19252=CARTESIAN_POINT('',(-6.61,1.35,-1.4));
#19253=CARTESIAN_POINT('',(-6.61,1.35,-1.4));
#19254=CARTESIAN_POINT('',(-6.61,1.35,-1.4));
#19255=CARTESIAN_POINT('',(-6.61,3.5,-1.4));
#19256=CARTESIAN_POINT('',(-5.365,1.35,-1.));
#19257=CARTESIAN_POINT('',(-5.365,1.35,-1.));
#19258=CARTESIAN_POINT('',(-5.365,0.05,-1.));
#19259=CARTESIAN_POINT('',(-5.365,1.35,-1.));
#19260=CARTESIAN_POINT('',(-5.365,1.35,-0.75));
#19261=CARTESIAN_POINT('',(-5.365,1.35,-0.75));
#19262=CARTESIAN_POINT('',(-5.365,0.05,-0.75));
#19263=CARTESIAN_POINT('',(-5.365,0.05,-1.));
#19264=CARTESIAN_POINT('',(-5.365,1.35,-1.));
#19265=CARTESIAN_POINT('',(-5.365,1.35,0.75));
#19266=CARTESIAN_POINT('',(-5.365,1.35,0.75));
#19267=CARTESIAN_POINT('',(-5.365,0.05,0.75));
#19268=CARTESIAN_POINT('',(-5.365,1.35,0.75));
#19269=CARTESIAN_POINT('',(-5.365,1.35,1.));
#19270=CARTESIAN_POINT('',(-5.365,1.35,1.));
#19271=CARTESIAN_POINT('',(-5.365,0.05,1.));
#19272=CARTESIAN_POINT('',(-5.365,0.05,0.75));
#19273=CARTESIAN_POINT('',(-5.365,1.35,0.75));
#19274=CARTESIAN_POINT('',(-5.365,1.35,1.));
#19275=CARTESIAN_POINT('',(-5.065,1.35,1.));
#19276=CARTESIAN_POINT('',(-5.065,1.35,1.));
#19277=CARTESIAN_POINT('',(-5.065,0.05,1.));
#19278=CARTESIAN_POINT('',(-5.365,0.05,1.));
#19279=CARTESIAN_POINT('',(-5.365,1.35,1.));
#19280=CARTESIAN_POINT('',(-5.065,0.05,-1.));
#19281=CARTESIAN_POINT('',(-5.065,0.05,-1.));
#19282=CARTESIAN_POINT('',(-5.365,0.05,-0.75));
#19283=CARTESIAN_POINT('',(-5.065,0.05,-1.));
#19284=CARTESIAN_POINT('',(-5.065,0.05,-1.05));
#19285=CARTESIAN_POINT('',(-5.065,1.35,-1.));
#19286=CARTESIAN_POINT('',(-5.065,1.35,-1.));
#19287=CARTESIAN_POINT('',(-5.065,1.35,-1.));
#19288=CARTESIAN_POINT('',(-5.065,1.35,-1.));
#19289=CARTESIAN_POINT('',(-6.61,1.35,0.75));
#19290=CARTESIAN_POINT('',(-6.61,1.35,0.75));
#19291=CARTESIAN_POINT('',(-5.065,1.35,1.79));
#19292=CARTESIAN_POINT('',(-5.065,1.35,-0.15));
#19293=CARTESIAN_POINT('',(-6.61,1.35,0.75));
#19294=CARTESIAN_POINT('',(-6.61,1.35,1.79));
#19295=CARTESIAN_POINT('',(-5.065,1.35,-1.));
#19296=CARTESIAN_POINT('',(-6.61,1.35,-1.4));
#19297=CARTESIAN_POINT('',(-6.61,1.35,-0.75));
#19298=CARTESIAN_POINT('',(-6.61,1.35,-0.75));
#19299=CARTESIAN_POINT('',(-6.61,1.35,1.79));
#19300=CARTESIAN_POINT('',(-6.61,-1.1,-1.));
#19301=CARTESIAN_POINT('',(-6.61,-1.1,-0.75));
#19302=CARTESIAN_POINT('',(-6.61,1.35,-0.75));
#19303=CARTESIAN_POINT('',(-6.61,3.5,-2.6));
#19304=CARTESIAN_POINT('',(-6.61,-1.1,0.75));
#19305=CARTESIAN_POINT('',(-6.61,-1.1,0.75));
#19306=CARTESIAN_POINT('',(-6.61,-0.8,2.6));
#19307=CARTESIAN_POINT('',(-6.61,-0.8,2.6));
#19308=CARTESIAN_POINT('',(-6.61,-0.8,2.6));
#19309=CARTESIAN_POINT('',(-6.61,1.35,0.75));
#19310=CARTESIAN_POINT('',(-6.61,3.5,-2.6));
#19311=CARTESIAN_POINT('',(-6.61,-1.1,-0.75));
#19312=CARTESIAN_POINT('',(-5.065,-1.1,-0.75));
#19313=CARTESIAN_POINT('',(-5.065,-0.95,-0.75));
#19314=CARTESIAN_POINT('',(-5.065,-0.95,-0.75));
#19315=CARTESIAN_POINT('',(-5.065,-0.95,-0.75));
#19316=CARTESIAN_POINT('',(-5.365,-0.95,-0.75));
#19317=CARTESIAN_POINT('',(-5.365,0.05,-0.75));
#19318=CARTESIAN_POINT('',(-5.065,1.35,-0.75));
#19319=CARTESIAN_POINT('',(-5.365,-0.95,-0.75));
#19320=CARTESIAN_POINT('',(-5.365,-0.95,0.75));
#19321=CARTESIAN_POINT('',(-5.365,0.05,0.75));
#19322=CARTESIAN_POINT('',(-5.365,0.05,-1.05));
#19323=CARTESIAN_POINT('',(-5.065,-0.95,0.75));
#19324=CARTESIAN_POINT('',(-5.065,-0.95,0.75));
#19325=CARTESIAN_POINT('',(-5.065,-0.95,0.75));
#19326=CARTESIAN_POINT('',(-5.065,-1.1,0.75));
#19327=CARTESIAN_POINT('',(-6.61,-1.1,0.75));
#19328=CARTESIAN_POINT('',(-6.61,1.35,0.75));
#19329=CARTESIAN_POINT('',(4.11,-1.8,0.));
#19330=CARTESIAN_POINT('',(4.41,-1.8,0.));
#19331=CARTESIAN_POINT('',(3.81,-1.8,0.));
#19332=CARTESIAN_POINT('',(4.11,-2.1,0.));
#19333=CARTESIAN_POINT('',(4.11,-2.1,0.));
#19334=CARTESIAN_POINT('',(4.11,-2.1,0.));
#19335=CARTESIAN_POINT('',(4.11,-1.9457571896,0.));
#19336=CARTESIAN_POINT('',(4.11,-1.8,0.));
#19337=CARTESIAN_POINT('',(4.11,-1.9457571896,0.));
#19338=CARTESIAN_POINT('',(4.41,-1.1,0.));
#19339=CARTESIAN_POINT('',(4.41,-1.1,0.));
#19340=CARTESIAN_POINT('',(3.81,-1.1,0.));
#19341=CARTESIAN_POINT('',(3.81,-1.1,0.));
#19342=CARTESIAN_POINT('',(4.11,-1.1,0.));
#19343=CARTESIAN_POINT('',(4.11,-1.1,0.));
#19344=CARTESIAN_POINT('',(4.11,-1.1,0.));
#19345=CARTESIAN_POINT('',(4.11,-1.1,0.));
#19346=CARTESIAN_POINT('',(-4.01,-2.1,0.));
#19347=CARTESIAN_POINT('',(-3.71,-1.8,0.));
#19348=CARTESIAN_POINT('',(-4.01,-2.1,0.));
#19349=CARTESIAN_POINT('',(-4.11,-1.8,0.));
#19350=CARTESIAN_POINT('',(-4.51,-1.8,0.));
#19351=CARTESIAN_POINT('',(-4.21,-2.1,0.));
#19352=CARTESIAN_POINT('',(-4.21,-2.1,0.));
#19353=CARTESIAN_POINT('',(-4.11,-2.1,0.));
#19354=CARTESIAN_POINT('',(-4.11,-1.95,0.));
#19355=CARTESIAN_POINT('',(-4.11,-2.1,0.));
#19356=CARTESIAN_POINT('',(-6.61,-2.1,-2.6));
#19357=CARTESIAN_POINT('',(-4.11,-1.8,0.));
#19358=CARTESIAN_POINT('',(-4.11,-1.95,0.));
#19359=CARTESIAN_POINT('',(-3.71,-1.1,0.));
#19360=CARTESIAN_POINT('',(-3.71,-1.1,0.));
#19361=CARTESIAN_POINT('',(-4.51,-1.1,0.));
#19362=CARTESIAN_POINT('',(-4.51,-1.1,0.));
#19363=CARTESIAN_POINT('',(-4.11,-1.1,0.));
#19364=CARTESIAN_POINT('',(-4.11,-1.1,0.));
#19365=CARTESIAN_POINT('',(-4.11,-1.1,0.));
#19366=CARTESIAN_POINT('',(-4.11,-1.1,0.));
#19367=CARTESIAN_POINT('',(5.065,-1.1,-0.75));
#19368=CARTESIAN_POINT('',(5.065,-1.1,-0.75));
#19369=CARTESIAN_POINT('',(6.61,-1.1,0.75));
#19370=CARTESIAN_POINT('',(6.61,-1.1,-1.));
#19371=CARTESIAN_POINT('',(6.61,-1.1,-0.75));
#19372=CARTESIAN_POINT('',(6.61,-1.1,-0.75));
#19373=CARTESIAN_POINT('',(6.61,-1.1,-1.));
#19374=CARTESIAN_POINT('',(-5.065,-1.1,0.75));
#19375=CARTESIAN_POINT('',(6.61,-1.1,-1.));
#19376=CARTESIAN_POINT('',(5.065,3.5,1.49));
#19377=CARTESIAN_POINT('',(5.065,3.5,1.49));
#19378=CARTESIAN_POINT('',(5.065,-1.096,-0.685));
#19379=CARTESIAN_POINT('',(5.065,-1.096,-0.685));
#19380=CARTESIAN_POINT('',(5.065,-1.096,0.685));
#19381=CARTESIAN_POINT('',(5.065,-1.096,0.685));
#19382=CARTESIAN_POINT('',(5.065,-0.95,0.685));
#19383=CARTESIAN_POINT('',(5.065,-0.95,0.685));
#19384=CARTESIAN_POINT('',(5.065,-0.95,-0.75));
#19385=CARTESIAN_POINT('',(5.065,-0.95,-0.75));
#19386=CARTESIAN_POINT('',(5.065,-0.95,-0.75));
#19387=CARTESIAN_POINT('',(5.065,-0.95,-0.685));
#19388=CARTESIAN_POINT('',(5.065,-1.096,-0.685));
#19389=CARTESIAN_POINT('',(5.065,3.5,1.49));
#19390=CARTESIAN_POINT('',(5.636,-1.5,-0.685));
#19391=CARTESIAN_POINT('',(5.636,-1.5,-0.685));
#19392=CARTESIAN_POINT('',(5.636,-1.3,-0.685));
#19393=CARTESIAN_POINT('',(5.636,-1.3,-0.685));
#19394=CARTESIAN_POINT('',(5.936,-1.3,-0.685));
#19395=CARTESIAN_POINT('',(5.936,-1.5,-0.685));
#19396=CARTESIAN_POINT('',(5.936,-1.5,-0.685));
#19397=CARTESIAN_POINT('',(5.636,-1.5,-0.685));
#19398=CARTESIAN_POINT('',(5.636,-1.5,-0.685));
#19399=CARTESIAN_POINT('',(5.936,-1.5,0.685));
#19400=CARTESIAN_POINT('',(5.936,-1.5,0.685));
#19401=CARTESIAN_POINT('',(5.936,-1.3,0.685));
#19402=CARTESIAN_POINT('',(5.936,-1.3,0.685));
#19403=CARTESIAN_POINT('',(5.636,-1.3,0.685));
#19404=CARTESIAN_POINT('',(5.636,-1.5,0.685));
#19405=CARTESIAN_POINT('',(5.636,-1.5,0.685));
#19406=CARTESIAN_POINT('',(5.936,-1.5,0.685));
#19407=CARTESIAN_POINT('',(5.936,-1.5,0.685));
#19408=CARTESIAN_POINT('',(5.636,-1.3,-0.485));
#19409=CARTESIAN_POINT('',(5.636,-1.3,-0.485));
#19410=CARTESIAN_POINT('',(5.636,-1.5,-0.485));
#19411=CARTESIAN_POINT('',(5.636,-1.5,-0.485));
#19412=CARTESIAN_POINT('',(5.636,-1.5,-0.485));
#19413=CARTESIAN_POINT('',(5.636,-1.5,0.685));
#19414=CARTESIAN_POINT('',(5.636,-1.5,0.685));
#19415=CARTESIAN_POINT('',(5.636,-1.5,0.485));
#19416=CARTESIAN_POINT('',(5.636,-1.3,0.685));
#19417=CARTESIAN_POINT('',(5.636,-1.3,0.485));
#19418=CARTESIAN_POINT('',(5.636,-1.5,0.485));
#19419=CARTESIAN_POINT('',(5.636,-1.5,0.685));
#19420=CARTESIAN_POINT('',(5.319,-0.95,-0.685));
#19421=CARTESIAN_POINT('',(5.319,-0.95,-0.685));
#19422=CARTESIAN_POINT('',(5.319,-0.95,0.685));
#19423=CARTESIAN_POINT('',(5.319,-1.096,0.685));
#19424=CARTESIAN_POINT('',(5.319,-1.096,0.685));
#19425=CARTESIAN_POINT('',(5.319,-1.096,-0.685));
#19426=CARTESIAN_POINT('',(5.319,-1.096,-0.685));
#19427=CARTESIAN_POINT('',(5.319,-1.096,-0.685));
#19428=CARTESIAN_POINT('',(5.319,-1.096,-0.685));
#19429=CARTESIAN_POINT('',(5.469,-1.246,-0.485));
#19430=CARTESIAN_POINT('',(5.469,-1.246,-0.485));
#19431=CARTESIAN_POINT('',(5.469,-1.246,0.485));
#19432=CARTESIAN_POINT('',(5.469,-1.096,-0.485));
#19433=CARTESIAN_POINT('',(5.319053342818,-1.1,-0.485));
#19434=CARTESIAN_POINT('',(5.319053342818,-1.1,-0.685));
#19435=CARTESIAN_POINT('',(5.319053342818,-1.1,-0.685));
#19436=CARTESIAN_POINT('',(5.469,-1.096,-0.685));
#19437=CARTESIAN_POINT('',(5.469,-1.096,0.685));
#19438=CARTESIAN_POINT('',(5.319053342818,-1.1,0.685));
#19439=CARTESIAN_POINT('',(5.319053342818,-1.1,0.485));
#19440=CARTESIAN_POINT('',(5.319053342818,-1.1,0.485));
#19441=CARTESIAN_POINT('',(5.469,-1.096,0.485));
#19442=CARTESIAN_POINT('',(5.469,-1.096,-0.685));
#19443=CARTESIAN_POINT('',(6.056,-1.246,-0.485));
#19444=CARTESIAN_POINT('',(6.056,-1.246,-0.485));
#19445=CARTESIAN_POINT('',(6.056,-1.246,0.485));
#19446=CARTESIAN_POINT('',(6.056,-1.246,-0.485));
#19447=CARTESIAN_POINT('',(6.056,-1.246,0.485));
#19448=CARTESIAN_POINT('',(6.056,-1.246,-0.685));
#19449=CARTESIAN_POINT('',(6.205946657182,-1.1,0.485));
#19450=CARTESIAN_POINT('',(6.205946657182,-1.1,0.485));
#19451=CARTESIAN_POINT('',(6.205946657182,-1.1,0.685));
#19452=CARTESIAN_POINT('',(6.056,-1.096,0.685));
#19453=CARTESIAN_POINT('',(6.206,-1.096,0.685));
#19454=CARTESIAN_POINT('',(6.206,-1.096,-0.685));
#19455=CARTESIAN_POINT('',(6.206,-1.096,-0.685));
#19456=CARTESIAN_POINT('',(6.056,-1.096,-0.685));
#19457=CARTESIAN_POINT('',(6.205946657182,-1.1,-0.685));
#19458=CARTESIAN_POINT('',(6.205946657182,-1.1,-0.685));
#19459=CARTESIAN_POINT('',(6.205946657182,-1.1,-0.485));
#19460=CARTESIAN_POINT('',(6.056,-1.096,-0.485));
#19461=CARTESIAN_POINT('',(6.056,-1.096,0.485));
#19462=CARTESIAN_POINT('',(6.056,-1.096,-0.685));
#19463=CARTESIAN_POINT('',(6.206,-0.5,0.685));
#19464=CARTESIAN_POINT('',(6.206,-0.5,0.685));
#19465=CARTESIAN_POINT('',(6.206,-0.5,-0.685));
#19466=CARTESIAN_POINT('',(6.206,-0.5,-0.685));
#19467=CARTESIAN_POINT('',(6.206,-0.5,-0.685));
#19468=CARTESIAN_POINT('',(6.206,-0.5,-0.685));
#19469=CARTESIAN_POINT('',(6.46,-0.5,0.685));
#19470=CARTESIAN_POINT('',(6.46,-0.5,0.685));
#19471=CARTESIAN_POINT('',(6.46,-0.5,-0.685));
#19472=CARTESIAN_POINT('',(6.46,-0.5,-0.685));
#19473=CARTESIAN_POINT('',(6.46,-0.5,-0.685));
#19474=CARTESIAN_POINT('',(6.46,-0.5,-0.685));
#19475=CARTESIAN_POINT('',(6.46,-1.096,0.685));
#19476=CARTESIAN_POINT('',(6.46,-1.096,0.685));
#19477=CARTESIAN_POINT('',(6.46,-1.096,-0.685));
#19478=CARTESIAN_POINT('',(6.46,-1.096,-0.685));
#19479=CARTESIAN_POINT('',(6.46,-1.096,-0.685));
#19480=CARTESIAN_POINT('',(6.46,-1.096,-0.685));
#19481=CARTESIAN_POINT('',(6.056,-1.5,-0.485));
#19482=CARTESIAN_POINT('',(6.056,-1.5,-0.485));
#19483=CARTESIAN_POINT('',(6.056,-1.5,0.485));
#19484=CARTESIAN_POINT('',(6.056,-1.096,-0.485));
#19485=CARTESIAN_POINT('',(6.459980197534,-1.1,-0.485));
#19486=CARTESIAN_POINT('',(6.459980197534,-1.1,-0.685));
#19487=CARTESIAN_POINT('',(6.459980197534,-1.1,-0.685));
#19488=CARTESIAN_POINT('',(6.056,-1.096,-0.685));
#19489=CARTESIAN_POINT('',(6.056,-1.096,0.685));
#19490=CARTESIAN_POINT('',(6.459980197534,-1.1,0.685));
#19491=CARTESIAN_POINT('',(6.459980197534,-1.1,0.485));
#19492=CARTESIAN_POINT('',(6.459980197534,-1.1,0.485));
#19493=CARTESIAN_POINT('',(6.056,-1.096,0.485));
#19494=CARTESIAN_POINT('',(6.056,-1.096,-0.685));
#19495=CARTESIAN_POINT('',(5.636,-1.3,-0.485));
#19496=CARTESIAN_POINT('',(5.936,-1.3,-0.485));
#19497=CARTESIAN_POINT('',(5.469,-1.5,-0.485));
#19498=CARTESIAN_POINT('',(5.469,-1.5,-0.485));
#19499=CARTESIAN_POINT('',(5.469,-1.096,-0.485));
#19500=CARTESIAN_POINT('',(5.065019802466,-1.1,-0.485));
#19501=CARTESIAN_POINT('',(5.319053342818,-1.1,-0.485));
#19502=CARTESIAN_POINT('',(6.459980197534,-1.1,-0.485));
#19503=CARTESIAN_POINT('',(5.936,-1.5,-0.485));
#19504=CARTESIAN_POINT('',(5.936,-1.5,-0.485));
#19505=CARTESIAN_POINT('',(5.936,-1.5,-0.485));
#19506=CARTESIAN_POINT('',(6.46,-2.66,-0.485));
#19507=CARTESIAN_POINT('',(5.065019802466,-1.1,0.485));
#19508=CARTESIAN_POINT('',(5.065019802466,-1.1,0.485));
#19509=CARTESIAN_POINT('',(5.065019802466,-1.1,0.685));
#19510=CARTESIAN_POINT('',(5.469,-1.096,0.685));
#19511=CARTESIAN_POINT('',(5.469,-1.096,-0.685));
#19512=CARTESIAN_POINT('',(5.065019802466,-1.1,-0.685));
#19513=CARTESIAN_POINT('',(5.065019802466,-1.1,-0.685));
#19514=CARTESIAN_POINT('',(5.469,-1.5,-0.485));
#19515=CARTESIAN_POINT('',(5.469,-1.5,0.485));
#19516=CARTESIAN_POINT('',(5.469,-1.096,0.485));
#19517=CARTESIAN_POINT('',(5.469,-1.096,-0.685));
#19518=CARTESIAN_POINT('',(-6.206,-0.5,-0.685));
#19519=CARTESIAN_POINT('',(-6.206,-0.5,-0.685));
#19520=CARTESIAN_POINT('',(-6.206,-0.5,0.685));
#19521=CARTESIAN_POINT('',(-6.206,-1.096,0.685));
#19522=CARTESIAN_POINT('',(-6.206,-1.096,0.685));
#19523=CARTESIAN_POINT('',(-6.206,-1.096,-0.685));
#19524=CARTESIAN_POINT('',(-6.206,-1.096,-0.685));
#19525=CARTESIAN_POINT('',(-6.206,-1.096,-0.685));
#19526=CARTESIAN_POINT('',(-6.206,-1.096,-0.685));
#19527=CARTESIAN_POINT('',(-6.46,-0.5,-0.685));
#19528=CARTESIAN_POINT('',(-6.46,-0.5,-0.685));
#19529=CARTESIAN_POINT('',(-6.46,-0.5,0.685));
#19530=CARTESIAN_POINT('',(-6.206,-0.5,0.685));
#19531=CARTESIAN_POINT('',(-6.206,-0.5,-0.685));
#19532=CARTESIAN_POINT('',(-6.206,-0.5,-0.685));
#19533=CARTESIAN_POINT('',(-6.46,-1.096,-0.685));
#19534=CARTESIAN_POINT('',(-6.46,-1.096,-0.685));
#19535=CARTESIAN_POINT('',(-6.46,-1.096,0.685));
#19536=CARTESIAN_POINT('',(-6.46,-0.5,0.685));
#19537=CARTESIAN_POINT('',(-6.46,-0.5,-0.685));
#19538=CARTESIAN_POINT('',(-6.46,-0.5,-0.685));
#19539=CARTESIAN_POINT('',(6.205946657182,-1.1,0.685));
#19540=CARTESIAN_POINT('',(0.,0.,0.685));
#19541=CARTESIAN_POINT('',(5.065,-0.95,0.685));
#19542=CARTESIAN_POINT('',(5.065019802466,-1.1,0.685));
#19543=CARTESIAN_POINT('',(0.,0.,0.685));
#19544=CARTESIAN_POINT('',(-5.469,-1.096,0.685));
#19545=CARTESIAN_POINT('',(-5.065019802466,-1.1,0.685));
#19546=CARTESIAN_POINT('',(-5.065,-1.096,0.685));
#19547=CARTESIAN_POINT('',(-5.065,-1.096,0.685));
#19548=CARTESIAN_POINT('',(-5.065,-0.95,0.685));
#19549=CARTESIAN_POINT('',(-5.319,-0.95,0.685));
#19550=CARTESIAN_POINT('',(-5.319,-0.95,0.685));
#19551=CARTESIAN_POINT('',(-5.319,-0.95,0.685));
#19552=CARTESIAN_POINT('',(-5.319,-1.096,0.685));
#19553=CARTESIAN_POINT('',(-5.469,-1.096,0.685));
#19554=CARTESIAN_POINT('',(-5.319053342818,-1.1,0.685));
#19555=CARTESIAN_POINT('',(-5.319053342818,-1.1,0.685));
#19556=CARTESIAN_POINT('',(0.,0.,0.685));
#19557=CARTESIAN_POINT('',(-6.056,-1.096,0.685));
#19558=CARTESIAN_POINT('',(-6.205946657182,-1.1,0.685));
#19559=CARTESIAN_POINT('',(-6.056,-1.096,0.685));
#19560=CARTESIAN_POINT('',(-6.459980197534,-1.1,0.685));
#19561=CARTESIAN_POINT('',(-6.205946657182,-1.1,0.685));
#19562=CARTESIAN_POINT('',(0.,0.,0.685));
#19563=CARTESIAN_POINT('',(-5.065,3.5,1.79));
#19564=CARTESIAN_POINT('',(-5.065,3.5,1.79));
#19565=CARTESIAN_POINT('',(-5.065,-0.95,-0.75));
#19566=CARTESIAN_POINT('',(-5.065,-0.95,-0.685));
#19567=CARTESIAN_POINT('',(-5.065,-0.95,0.685));
#19568=CARTESIAN_POINT('',(-5.065,-1.096,-0.685));
#19569=CARTESIAN_POINT('',(-5.065,-1.096,-0.685));
#19570=CARTESIAN_POINT('',(-5.065,-1.096,-0.685));
#19571=CARTESIAN_POINT('',(-5.065,3.5,1.79));
#19572=CARTESIAN_POINT('',(-5.319,-0.95,-0.685));
#19573=CARTESIAN_POINT('',(-5.319,-0.95,-0.685));
#19574=CARTESIAN_POINT('',(-5.319,-0.95,-0.685));
#19575=CARTESIAN_POINT('',(-5.365,-0.95,-1.05));
#19576=CARTESIAN_POINT('',(-5.319,-1.096,-0.685));
#19577=CARTESIAN_POINT('',(-5.319,-1.096,-0.685));
#19578=CARTESIAN_POINT('',(-5.319,-0.95,-0.685));
#19579=CARTESIAN_POINT('',(-5.319,-0.95,-0.685));
#19580=CARTESIAN_POINT('',(-5.469,-1.096,0.485));
#19581=CARTESIAN_POINT('',(-5.469,-1.246,0.485));
#19582=CARTESIAN_POINT('',(-5.319053342818,-1.1,0.485));
#19583=CARTESIAN_POINT('',(-5.319053342818,-1.1,0.485));
#19584=CARTESIAN_POINT('',(-5.469,-1.096,-0.685));
#19585=CARTESIAN_POINT('',(-5.319053342818,-1.1,-0.685));
#19586=CARTESIAN_POINT('',(-5.319053342818,-1.1,-0.685));
#19587=CARTESIAN_POINT('',(-5.319053342818,-1.1,-0.485));
#19588=CARTESIAN_POINT('',(-5.469,-1.096,-0.485));
#19589=CARTESIAN_POINT('',(-5.469,-1.246,-0.485));
#19590=CARTESIAN_POINT('',(-5.469,-1.246,-0.485));
#19591=CARTESIAN_POINT('',(-5.469,-1.096,-0.685));
#19592=CARTESIAN_POINT('',(-5.469,-1.246,0.485));
#19593=CARTESIAN_POINT('',(-6.056,-1.246,0.485));
#19594=CARTESIAN_POINT('',(-5.469,-1.246,-0.485));
#19595=CARTESIAN_POINT('',(-6.056,-1.246,-0.485));
#19596=CARTESIAN_POINT('',(-6.056,-1.246,-0.485));
#19597=CARTESIAN_POINT('',(-5.469,-1.246,-0.685));
#19598=CARTESIAN_POINT('',(-6.056,-1.096,-0.485));
#19599=CARTESIAN_POINT('',(-6.205946657182,-1.1,-0.485));
#19600=CARTESIAN_POINT('',(-6.205946657182,-1.1,-0.685));
#19601=CARTESIAN_POINT('',(-6.205946657182,-1.1,-0.685));
#19602=CARTESIAN_POINT('',(-6.056,-1.096,-0.685));
#19603=CARTESIAN_POINT('',(-6.205946657182,-1.1,0.485));
#19604=CARTESIAN_POINT('',(-6.205946657182,-1.1,0.485));
#19605=CARTESIAN_POINT('',(-6.056,-1.096,0.485));
#19606=CARTESIAN_POINT('',(-6.056,-1.096,-0.685));
#19607=CARTESIAN_POINT('',(-5.936,-1.5,-0.685));
#19608=CARTESIAN_POINT('',(-5.936,-1.5,-0.685));
#19609=CARTESIAN_POINT('',(-5.936,-1.3,-0.685));
#19610=CARTESIAN_POINT('',(-5.936,-1.3,-0.685));
#19611=CARTESIAN_POINT('',(-5.636,-1.3,-0.685));
#19612=CARTESIAN_POINT('',(-5.636,-1.5,-0.685));
#19613=CARTESIAN_POINT('',(-5.636,-1.5,-0.685));
#19614=CARTESIAN_POINT('',(-5.936,-1.5,-0.685));
#19615=CARTESIAN_POINT('',(-5.936,-1.5,-0.685));
#19616=CARTESIAN_POINT('',(-5.636,-1.5,0.685));
#19617=CARTESIAN_POINT('',(-5.636,-1.5,0.685));
#19618=CARTESIAN_POINT('',(-5.636,-1.3,0.685));
#19619=CARTESIAN_POINT('',(-5.636,-1.3,0.685));
#19620=CARTESIAN_POINT('',(-5.936,-1.3,0.685));
#19621=CARTESIAN_POINT('',(-5.936,-1.5,0.685));
#19622=CARTESIAN_POINT('',(-5.936,-1.5,0.685));
#19623=CARTESIAN_POINT('',(-5.636,-1.5,0.685));
#19624=CARTESIAN_POINT('',(-5.636,-1.5,0.685));
#19625=CARTESIAN_POINT('',(-5.936,-1.3,-0.485));
#19626=CARTESIAN_POINT('',(-5.936,-1.3,-0.485));
#19627=CARTESIAN_POINT('',(-5.936,-1.5,-0.485));
#19628=CARTESIAN_POINT('',(-5.936,-1.5,-0.485));
#19629=CARTESIAN_POINT('',(-5.936,-1.5,-0.485));
#19630=CARTESIAN_POINT('',(-5.936,-1.5,0.685));
#19631=CARTESIAN_POINT('',(-5.936,-1.3,0.685));
#19632=CARTESIAN_POINT('',(-5.936,-1.3,0.485));
#19633=CARTESIAN_POINT('',(-5.936,-1.5,0.485));
#19634=CARTESIAN_POINT('',(-5.936,-1.5,0.485));
#19635=CARTESIAN_POINT('',(-5.936,-1.5,0.685));
#19636=CARTESIAN_POINT('',(-5.936,-1.5,0.685));
#19637=CARTESIAN_POINT('',(-5.636,-1.5,0.485));
#19638=CARTESIAN_POINT('',(-5.636,-1.5,0.485));
#19639=CARTESIAN_POINT('',(-5.469,-1.5,0.485));
#19640=CARTESIAN_POINT('',(-5.469,-1.096,0.485));
#19641=CARTESIAN_POINT('',(-5.065019802466,-1.1,0.485));
#19642=CARTESIAN_POINT('',(-5.319053342818,-1.1,0.485));
#19643=CARTESIAN_POINT('',(-6.459980197534,-1.1,0.485));
#19644=CARTESIAN_POINT('',(-6.459980197534,-1.1,0.485));
#19645=CARTESIAN_POINT('',(-6.056,-1.096,0.485));
#19646=CARTESIAN_POINT('',(-6.056,-1.5,0.485));
#19647=CARTESIAN_POINT('',(-6.056,-1.5,0.485));
#19648=CARTESIAN_POINT('',(-5.636,-1.3,0.485));
#19649=CARTESIAN_POINT('',(-5.636,-1.3,0.485));
#19650=CARTESIAN_POINT('',(-5.636,-1.5,0.485));
#19651=CARTESIAN_POINT('',(-6.46,-2.66,0.485));
#19652=CARTESIAN_POINT('',(-5.469,-1.096,-0.485));
#19653=CARTESIAN_POINT('',(-5.469,-1.5,-0.485));
#19654=CARTESIAN_POINT('',(-5.065019802466,-1.1,-0.485));
#19655=CARTESIAN_POINT('',(-5.065019802466,-1.1,-0.685));
#19656=CARTESIAN_POINT('',(-5.065019802466,-1.1,-0.685));
#19657=CARTESIAN_POINT('',(-5.469,-1.096,-0.685));
#19658=CARTESIAN_POINT('',(-5.065019802466,-1.1,0.485));
#19659=CARTESIAN_POINT('',(-5.469,-1.5,-0.485));
#19660=CARTESIAN_POINT('',(-5.469,-1.096,-0.685));
#19661=CARTESIAN_POINT('',(-5.636,-1.3,-0.485));
#19662=CARTESIAN_POINT('',(-5.636,-1.3,-0.485));
#19663=CARTESIAN_POINT('',(-6.056,-1.5,-0.485));
#19664=CARTESIAN_POINT('',(-6.056,-1.5,-0.485));
#19665=CARTESIAN_POINT('',(-6.056,-1.096,-0.485));
#19666=CARTESIAN_POINT('',(-6.459980197534,-1.1,-0.485));
#19667=CARTESIAN_POINT('',(-6.205946657182,-1.1,-0.485));
#19668=CARTESIAN_POINT('',(-5.065019802466,-1.1,-0.485));
#19669=CARTESIAN_POINT('',(-5.636,-1.5,-0.485));
#19670=CARTESIAN_POINT('',(-5.636,-1.5,-0.485));
#19671=CARTESIAN_POINT('',(-5.636,-1.5,-0.485));
#19672=CARTESIAN_POINT('',(-5.065,-2.66,-0.485));
#19673=CARTESIAN_POINT('',(-5.636,-1.3,0.485));
#19674=CARTESIAN_POINT('',(-5.636,-1.5,0.485));
#19675=CARTESIAN_POINT('',(-5.636,-1.5,-0.685));
#19676=CARTESIAN_POINT('',(-5.636,-1.3,-0.685));
#19677=CARTESIAN_POINT('',(-5.636,-1.5,-0.685));
#19678=CARTESIAN_POINT('',(-5.636,-1.5,-0.685));
#19679=CARTESIAN_POINT('',(5.636,-1.3,0.485));
#19680=CARTESIAN_POINT('',(5.936,-1.3,0.485));
#19681=CARTESIAN_POINT('',(5.936,-1.3,0.485));
#19682=CARTESIAN_POINT('',(-6.056,-1.3,-0.685));
#19683=CARTESIAN_POINT('',(5.936,-1.3,-0.685));
#19684=CARTESIAN_POINT('',(-6.056,-1.3,-0.685));
#19685=CARTESIAN_POINT('',(-6.056,-1.3,-0.685));
#19686=CARTESIAN_POINT('',(-6.056,-1.3,-0.685));
#19687=CARTESIAN_POINT('',(5.936,-1.5,0.485));
#19688=CARTESIAN_POINT('',(5.936,-1.5,0.485));
#19689=CARTESIAN_POINT('',(6.205946657182,-1.1,0.485));
#19690=CARTESIAN_POINT('',(5.065019802466,-1.1,0.485));
#19691=CARTESIAN_POINT('',(5.469,-1.5,0.485));
#19692=CARTESIAN_POINT('',(5.936,-1.5,0.485));
#19693=CARTESIAN_POINT('',(5.065,-2.66,0.485));
#19694=CARTESIAN_POINT('',(5.936,-1.5,-0.685));
#19695=CARTESIAN_POINT('',(5.936,-1.5,-0.685));
#19696=CARTESIAN_POINT('',(5.936,-1.5,0.485));
#19697=CARTESIAN_POINT('',(5.936,-1.5,-0.685));
#19698=CARTESIAN_POINT('',(-6.056,-1.5,-0.485));
#19699=CARTESIAN_POINT('',(-6.056,-1.5,-0.685));
#19700=CARTESIAN_POINT('',(-6.056,-1.5,-0.685));
#19701=CARTESIAN_POINT('',(-6.459980197534,-1.1,0.485));
#19702=CARTESIAN_POINT('',(-6.056,-1.096,-0.685));
#19703=CARTESIAN_POINT('',(-6.459980197534,-1.1,-0.685));
#19704=CARTESIAN_POINT('',(-6.459980197534,-1.1,-0.685));
#19705=CARTESIAN_POINT('',(-6.056,-1.096,-0.685));
#19706=CARTESIAN_POINT('',(-6.61,-1.1,-2.6));
#19707=CARTESIAN_POINT('',(-6.61,-1.1,-2.6));
#19708=CARTESIAN_POINT('',(6.205946657182,-1.1,-0.685));
#19709=CARTESIAN_POINT('',(-6.61,-1.1,-2.6));
#19710=CARTESIAN_POINT('',(5.065019802466,-1.1,-0.685));
#19711=CARTESIAN_POINT('',(-6.61,-1.1,-2.6));
#19712=CARTESIAN_POINT('',(-6.61,-1.1,-2.6));
#19713=CARTESIAN_POINT('',(-5.319053342818,-1.1,-0.685));
#19714=CARTESIAN_POINT('',(-6.61,-1.1,-2.6));
#19715=CARTESIAN_POINT('',(-6.61,-1.1,-2.6));
#19716=CARTESIAN_POINT('',(-6.205946657182,-1.1,-0.685));
#19717=CARTESIAN_POINT('',(-6.61,-1.1,-2.6));
#19718=CARTESIAN_POINT('',(0.,0.,-0.685));
#19719=CARTESIAN_POINT('',(5.065,-0.95,-0.685));
#19720=CARTESIAN_POINT('',(0.,0.,-0.685));
#19721=CARTESIAN_POINT('',(0.,0.,-0.685));
#19722=CARTESIAN_POINT('',(0.,0.,-0.685));
#19723=CARTESIAN_POINT('',(5.065,-0.95,-0.75));
#19724=CARTESIAN_POINT('',(5.365,-0.95,-0.75));
#19725=CARTESIAN_POINT('',(5.365,-0.95,-0.75));
#19726=CARTESIAN_POINT('',(5.065,-0.95,-1.05));
#19727=CARTESIAN_POINT('',(5.365,-0.95,-0.75));
#19728=CARTESIAN_POINT('',(5.365,-0.95,-1.05));
#19729=CARTESIAN_POINT('',(6.61,-1.1,-0.75));
#19730=CARTESIAN_POINT('',(6.61,1.35,-0.75));
#19731=CARTESIAN_POINT('',(6.61,-0.8,1.49));
#19732=CARTESIAN_POINT('',(6.61,-0.8,2.6));
#19733=CARTESIAN_POINT('',(6.61,-1.45,2.6));
#19734=CARTESIAN_POINT('',(6.61,-1.45,-2.6));
#19735=CARTESIAN_POINT('',(6.61,-1.45,-2.6));
#19736=CARTESIAN_POINT('',(6.61,-0.8,-2.6));
#19737=CARTESIAN_POINT('',(6.61,-0.8,-2.6));
#19738=CARTESIAN_POINT('',(6.61,-1.45,-2.6));
#19739=CARTESIAN_POINT('',(-6.61,-0.8,2.6));
#19740=CARTESIAN_POINT('',(0.,0.,2.6));
#19741=CARTESIAN_POINT('',(5.065,-0.8,2.6));
#19742=CARTESIAN_POINT('',(5.065,-0.8,2.6));
#19743=CARTESIAN_POINT('',(5.065,-1.45,2.6));
#19744=CARTESIAN_POINT('',(0.,0.,2.6));
#19745=CARTESIAN_POINT('',(5.065,-0.8,2.6));
#19746=CARTESIAN_POINT('',(5.065,3.5,2.6));
#19747=CARTESIAN_POINT('',(5.065,-0.8,-2.6));
#19748=CARTESIAN_POINT('',(-5.065,-0.8,-2.6));
#19749=CARTESIAN_POINT('',(-5.065,-0.8,-2.6));
#19750=CARTESIAN_POINT('',(-5.41,-0.8,-2.6));
#19751=CARTESIAN_POINT('',(6.61,-0.8,2.6));
#19752=CARTESIAN_POINT('',(6.61,-0.8,2.6));
#19753=CARTESIAN_POINT('',(-5.065,-1.45,-2.6));
#19754=CARTESIAN_POINT('',(-5.065,3.5,-2.6));
#19755=CARTESIAN_POINT('',(0.,0.,-2.6));
#19756=CARTESIAN_POINT('',(0.,0.,-2.6));
#19757=MECHANICAL_DESIGN_GEOMETRIC_PRESENTATION_REPRESENTATION('',(#8760,
#8761,#8762,#8763,#8764,#8765,#8766,#8767,#8768,#8769,#8770,#8771,#8772,
#8773,#8774,#8775,#8776,#8777,#8778,#8779,#8780,#8781,#8782,#8783,#8784,
#8785,#8786,#8787,#8788,#8789,#8790,#8791,#8792,#8793,#8794,#8795,#8796,
#8797,#8798,#8799,#8800,#8801,#8802,#8803,#8804,#8805,#8806,#8807,#8808,
#8809,#8810,#8811,#8812,#8813,#8814,#8815,#8816,#8817,#8818,#8819,#8820,
#8821,#8822,#8823,#8824,#8825,#8826,#8827,#8828,#8829,#8830,#8831,#8832,
#8833,#8834,#8835,#8836,#8837,#8838,#8839,#8840,#8841,#8842,#8843,#8844,
#8845,#8846,#8847,#8848,#8849,#8850,#8851,#8852,#8853,#8854),#19758);
#19758=(
GEOMETRIC_REPRESENTATION_CONTEXT(3)
GLOBAL_UNCERTAINTY_ASSIGNED_CONTEXT((#19759))
GLOBAL_UNIT_ASSIGNED_CONTEXT((#19765,#19761,#19760))
REPRESENTATION_CONTEXT('0550910274_stp','TOP_LEVEL_ASSEMBLY_PART')
);
#19759=UNCERTAINTY_MEASURE_WITH_UNIT(LENGTH_MEASURE(0.001),#19765,
'DISTANCE_ACCURACY_VALUE','Maximum Tolerance applied to model');
#19760=(
NAMED_UNIT(*)
SI_UNIT($,.STERADIAN.)
SOLID_ANGLE_UNIT()
);
#19761=(
CONVERSION_BASED_UNIT('DEGREE',#19763)
NAMED_UNIT(#19762)
PLANE_ANGLE_UNIT()
);
#19762=DIMENSIONAL_EXPONENTS(0.,0.,0.,0.,0.,0.,0.);
#19763=PLANE_ANGLE_MEASURE_WITH_UNIT(PLANE_ANGLE_MEASURE(0.0174532925),
#19764);
#19764=(
NAMED_UNIT(*)
PLANE_ANGLE_UNIT()
SI_UNIT($,.RADIAN.)
);
#19765=(
LENGTH_UNIT()
NAMED_UNIT(*)
SI_UNIT(.MILLI.,.METRE.)
);
ENDSEC;
END-ISO-10303-21;
