ISO-10303-21;
HEADER;
FILE_DESCRIPTION((''),'2;1');
FILE_NAME('2049270201','2021-02-25T',('gga'),(''),
'PRO/ENGINEER BY PARAMETRIC TECHNOLOGY CORPORATION, 2016010',
'PRO/ENGINEER BY PARAMETRIC TECHNOLOGY CORPORATION, 2016010','');
FILE_SCHEMA(('CONFIG_CONTROL_DESIGN'));
ENDSEC;
DATA;
#1=DIRECTION('',(0.E0,-1.E0,0.E0));
#2=VECTOR('',#1,5.E-2);
#3=CARTESIAN_POINT('',(-3.5E-1,3.405E0,6.65E-1));
#4=LINE('',#3,#2);
#5=DIRECTION('',(0.E0,-1.E0,0.E0));
#6=VECTOR('',#5,1.065E0);
#7=CARTESIAN_POINT('',(-1.17E0,3.405E0,8.35E-1));
#8=LINE('',#7,#6);
#9=DIRECTION('',(0.E0,1.E0,0.E0));
#10=VECTOR('',#9,2.75E-1);
#11=CARTESIAN_POINT('',(-4.E-1,3.13E0,8.35E-1));
#12=LINE('',#11,#10);
#13=DIRECTION('',(0.E0,-1.E0,0.E0));
#14=VECTOR('',#13,3.25E-1);
#15=CARTESIAN_POINT('',(-1.17E0,3.405E0,2.75E-1));
#16=LINE('',#15,#14);
#17=DIRECTION('',(0.E0,0.E0,-1.E0));
#18=VECTOR('',#17,5.6E-1);
#19=CARTESIAN_POINT('',(-1.17E0,3.405E0,8.35E-1));
#20=LINE('',#19,#18);
#21=DIRECTION('',(0.E0,2.747211278974E-1,9.615239476408E-1));
#22=VECTOR('',#21,5.824087911424E-1);
#23=CARTESIAN_POINT('',(-1.17E0,2.18E0,2.75E-1));
#24=LINE('',#23,#22);
#25=DIRECTION('',(0.E0,-1.E0,0.E0));
#26=VECTOR('',#25,2.E-1);
#27=CARTESIAN_POINT('',(-1.17E0,2.38E0,2.75E-1));
#28=LINE('',#27,#26);
#29=DIRECTION('',(0.E0,-3.243243243243E-1,9.459459459459E-1));
#30=VECTOR('',#29,7.E-2);
#31=CARTESIAN_POINT('',(-1.17E0,2.557702702703E0,2.587837837838E-1));
#32=LINE('',#31,#30);
#33=CARTESIAN_POINT('',(-1.17E0,2.605E0,2.75E-1));
#34=DIRECTION('',(-1.E0,0.E0,0.E0));
#35=DIRECTION('',(0.E0,0.E0,-1.E0));
#36=AXIS2_PLACEMENT_3D('',#33,#34,#35);
#38=CARTESIAN_POINT('',(-1.17E0,2.605E0,2.75E-1));
#39=DIRECTION('',(-1.E0,0.E0,0.E0));
#40=DIRECTION('',(0.E0,1.E0,-4.440892098501E-14));
#41=AXIS2_PLACEMENT_3D('',#38,#39,#40);
#43=CARTESIAN_POINT('',(-1.17E0,2.855E0,2.75E-1));
#44=DIRECTION('',(-1.E0,0.E0,0.E0));
#45=DIRECTION('',(0.E0,0.E0,-1.E0));
#46=AXIS2_PLACEMENT_3D('',#43,#44,#45);
#48=CARTESIAN_POINT('',(-1.17E0,2.855E0,2.75E-1));
#49=DIRECTION('',(-1.E0,0.E0,0.E0));
#50=DIRECTION('',(0.E0,9.459459459459E-1,-3.243243243244E-1));
#51=AXIS2_PLACEMENT_3D('',#48,#49,#50);
#53=DIRECTION('',(0.E0,-3.243243243243E-1,-9.459459459459E-1));
#54=VECTOR('',#53,7.E-2);
#55=CARTESIAN_POINT('',(-1.17E0,2.925E0,3.25E-1));
#56=LINE('',#55,#54);
#57=DIRECTION('',(1.E0,0.E0,0.E0));
#58=VECTOR('',#57,1.E-1);
#59=CARTESIAN_POINT('',(-1.27E0,3.08E0,2.75E-1));
#60=LINE('',#59,#58);
#61=DIRECTION('',(-1.E0,0.E0,0.E0));
#62=VECTOR('',#61,1.E-1);
#63=CARTESIAN_POINT('',(-1.17E0,2.98E0,-5.722413793103E-1));
#64=LINE('',#63,#62);
#65=DIRECTION('',(0.E0,0.E0,-1.E0));
#66=VECTOR('',#65,8.700000000001E-1);
#67=CARTESIAN_POINT('',(-1.55E0,2.98E0,2.75E-1));
#68=LINE('',#67,#66);
#69=DIRECTION('',(-1.E0,0.E0,0.E0));
#70=VECTOR('',#69,2.8E-1);
#71=CARTESIAN_POINT('',(-1.27E0,2.98E0,2.75E-1));
#72=LINE('',#71,#70);
#73=DIRECTION('',(-1.E0,0.E0,0.E0));
#74=VECTOR('',#73,1.E-1);
#75=CARTESIAN_POINT('',(-1.17E0,2.93E0,-6.55E-1));
#76=LINE('',#75,#74);
#77=DIRECTION('',(0.E0,-1.E0,0.E0));
#78=VECTOR('',#77,1.E-1);
#79=CARTESIAN_POINT('',(-1.27E0,2.48E0,2.75E-1));
#80=LINE('',#79,#78);
#81=DIRECTION('',(0.E0,0.E0,1.E0));
#82=VECTOR('',#81,8.472413793103E-1);
#83=CARTESIAN_POINT('',(-1.27E0,2.48E0,-5.722413793103E-1));
#84=LINE('',#83,#82);
#85=DIRECTION('',(0.E0,-5.171156399256E-1,8.559155419458E-1));
#86=VECTOR('',#85,9.669017167455E-2);
#87=CARTESIAN_POINT('',(-1.27E0,2.53E0,-6.55E-1));
#88=LINE('',#87,#86);
#89=DIRECTION('',(0.E0,4.440892098501E-14,1.E0));
#90=VECTOR('',#89,3.E-2);
#91=CARTESIAN_POINT('',(-1.27E0,2.53E0,-6.85E-1));
#92=LINE('',#91,#90);
#93=DIRECTION('',(0.E0,0.E0,-1.E0));
#94=VECTOR('',#93,3.E-2);
#95=CARTESIAN_POINT('',(-1.27E0,2.93E0,-6.55E-1));
#96=LINE('',#95,#94);
#97=DIRECTION('',(0.E0,-5.171156399256E-1,-8.559155419458E-1));
#98=VECTOR('',#97,9.669017167455E-2);
#99=CARTESIAN_POINT('',(-1.27E0,2.98E0,-5.722413793103E-1));
#100=LINE('',#99,#98);
#101=DIRECTION('',(0.E0,0.E0,-1.E0));
#102=VECTOR('',#101,8.472413793103E-1);
#103=CARTESIAN_POINT('',(-1.27E0,2.98E0,2.75E-1));
#104=LINE('',#103,#102);
#105=DIRECTION('',(0.E0,-1.E0,0.E0));
#106=VECTOR('',#105,1.E-1);
#107=CARTESIAN_POINT('',(-1.27E0,3.08E0,2.75E-1));
#108=LINE('',#107,#106);
#109=DIRECTION('',(0.E0,0.E0,-1.E0));
#110=VECTOR('',#109,5.E-2);
#111=CARTESIAN_POINT('',(-1.27E0,3.08E0,3.25E-1));
#112=LINE('',#111,#110);
#113=DIRECTION('',(0.E0,1.E0,0.E0));
#114=VECTOR('',#113,1.55E-1);
#115=CARTESIAN_POINT('',(-1.27E0,2.925E0,3.25E-1));
#116=LINE('',#115,#114);
#117=DIRECTION('',(0.E0,3.243243243243E-1,9.459459459459E-1));
#118=VECTOR('',#117,7.E-2);
#119=CARTESIAN_POINT('',(-1.27E0,2.902297297297E0,2.587837837838E-1));
#120=LINE('',#119,#118);
#121=CARTESIAN_POINT('',(-1.27E0,2.855E0,2.75E-1));
#122=DIRECTION('',(1.E0,0.E0,0.E0));
#123=DIRECTION('',(0.E0,0.E0,-1.E0));
#124=AXIS2_PLACEMENT_3D('',#121,#122,#123);
#126=CARTESIAN_POINT('',(-1.27E0,2.855E0,2.75E-1));
#127=DIRECTION('',(1.E0,0.E0,0.E0));
#128=DIRECTION('',(0.E0,-1.E0,0.E0));
#129=AXIS2_PLACEMENT_3D('',#126,#127,#128);
#131=DIRECTION('',(0.E0,0.E0,-1.E0));
#132=VECTOR('',#131,4.E-2);
#133=CARTESIAN_POINT('',(-1.27E0,2.805E0,3.15E-1));
#134=LINE('',#133,#132);
#135=DIRECTION('',(0.E0,1.E0,0.E0));
#136=VECTOR('',#135,1.5E-1);
#137=CARTESIAN_POINT('',(-1.27E0,2.655E0,3.15E-1));
#138=LINE('',#137,#136);
#139=DIRECTION('',(0.E0,0.E0,1.E0));
#140=VECTOR('',#139,4.E-2);
#141=CARTESIAN_POINT('',(-1.27E0,2.655E0,2.75E-1));
#142=LINE('',#141,#140);
#143=CARTESIAN_POINT('',(-1.27E0,2.605E0,2.75E-1));
#144=DIRECTION('',(1.E0,0.E0,0.E0));
#145=DIRECTION('',(0.E0,0.E0,-1.E0));
#146=AXIS2_PLACEMENT_3D('',#143,#144,#145);
#148=CARTESIAN_POINT('',(-1.27E0,2.605E0,2.75E-1));
#149=DIRECTION('',(1.E0,0.E0,0.E0));
#150=DIRECTION('',(0.E0,-9.459459459460E-1,-3.243243243240E-1));
#151=AXIS2_PLACEMENT_3D('',#148,#149,#150);
#153=DIRECTION('',(0.E0,3.243243243243E-1,-9.459459459459E-1));
#154=VECTOR('',#153,7.E-2);
#155=CARTESIAN_POINT('',(-1.27E0,2.535E0,3.25E-1));
#156=LINE('',#155,#154);
#157=DIRECTION('',(0.E0,1.E0,0.E0));
#158=VECTOR('',#157,1.55E-1);
#159=CARTESIAN_POINT('',(-1.27E0,2.38E0,3.25E-1));
#160=LINE('',#159,#158);
#161=DIRECTION('',(0.E0,0.E0,1.E0));
#162=VECTOR('',#161,5.E-2);
#163=CARTESIAN_POINT('',(-1.27E0,2.38E0,2.75E-1));
#164=LINE('',#163,#162);
#165=DIRECTION('',(1.E0,0.E0,0.E0));
#166=VECTOR('',#165,1.E-1);
#167=CARTESIAN_POINT('',(-1.27E0,-2.38E0,2.75E-1));
#168=LINE('',#167,#166);
#169=DIRECTION('',(-1.E0,0.E0,0.E0));
#170=VECTOR('',#169,1.E-1);
#171=CARTESIAN_POINT('',(-1.17E0,2.38E0,2.75E-1));
#172=LINE('',#171,#170);
#173=DIRECTION('',(-1.E0,0.E0,0.E0));
#174=VECTOR('',#173,3.15E-1);
#175=CARTESIAN_POINT('',(-8.55E-1,2.18E0,2.75E-1));
#176=LINE('',#175,#174);
#177=DIRECTION('',(1.E0,0.E0,0.E0));
#178=VECTOR('',#177,3.15E-1);
#179=CARTESIAN_POINT('',(-1.17E0,-2.18E0,2.75E-1));
#180=LINE('',#179,#178);
#181=DIRECTION('',(0.E0,0.E0,-1.E0));
#182=VECTOR('',#181,5.E-2);
#183=CARTESIAN_POINT('',(-1.17E0,-2.38E0,3.25E-1));
#184=LINE('',#183,#182);
#185=DIRECTION('',(0.E0,-1.E0,0.E0));
#186=VECTOR('',#185,1.E-1);
#187=CARTESIAN_POINT('',(-1.27E0,-2.38E0,2.75E-1));
#188=LINE('',#187,#186);
#189=DIRECTION('',(0.E0,0.E0,-1.E0));
#190=VECTOR('',#189,5.E-2);
#191=CARTESIAN_POINT('',(-1.27E0,-2.38E0,3.25E-1));
#192=LINE('',#191,#190);
#193=DIRECTION('',(0.E0,1.E0,0.E0));
#194=VECTOR('',#193,1.55E-1);
#195=CARTESIAN_POINT('',(-1.27E0,-2.535E0,3.25E-1));
#196=LINE('',#195,#194);
#197=DIRECTION('',(0.E0,3.243243243243E-1,9.459459459459E-1));
#198=VECTOR('',#197,7.E-2);
#199=CARTESIAN_POINT('',(-1.27E0,-2.557702702703E0,2.587837837838E-1));
#200=LINE('',#199,#198);
#201=CARTESIAN_POINT('',(-1.27E0,-2.605E0,2.75E-1));
#202=DIRECTION('',(1.E0,0.E0,0.E0));
#203=DIRECTION('',(0.E0,0.E0,-1.E0));
#204=AXIS2_PLACEMENT_3D('',#201,#202,#203);
#206=CARTESIAN_POINT('',(-1.27E0,-2.605E0,2.75E-1));
#207=DIRECTION('',(1.E0,0.E0,0.E0));
#208=DIRECTION('',(0.E0,-1.E0,-4.329869796038E-14));
#209=AXIS2_PLACEMENT_3D('',#206,#207,#208);
#211=DIRECTION('',(0.E0,0.E0,-1.E0));
#212=VECTOR('',#211,4.E-2);
#213=CARTESIAN_POINT('',(-1.27E0,-2.655E0,3.15E-1));
#214=LINE('',#213,#212);
#215=DIRECTION('',(0.E0,1.E0,0.E0));
#216=VECTOR('',#215,1.5E-1);
#217=CARTESIAN_POINT('',(-1.27E0,-2.805E0,3.15E-1));
#218=LINE('',#217,#216);
#219=DIRECTION('',(0.E0,0.E0,1.E0));
#220=VECTOR('',#219,4.E-2);
#221=CARTESIAN_POINT('',(-1.27E0,-2.805E0,2.75E-1));
#222=LINE('',#221,#220);
#223=CARTESIAN_POINT('',(-1.27E0,-2.855E0,2.75E-1));
#224=DIRECTION('',(1.E0,0.E0,0.E0));
#225=DIRECTION('',(0.E0,0.E0,-1.E0));
#226=AXIS2_PLACEMENT_3D('',#223,#224,#225);
#228=CARTESIAN_POINT('',(-1.27E0,-2.855E0,2.75E-1));
#229=DIRECTION('',(1.E0,0.E0,0.E0));
#230=DIRECTION('',(0.E0,-9.459459459459E-1,-3.243243243244E-1));
#231=AXIS2_PLACEMENT_3D('',#228,#229,#230);
#233=DIRECTION('',(0.E0,3.243243243243E-1,-9.459459459459E-1));
#234=VECTOR('',#233,7.E-2);
#235=CARTESIAN_POINT('',(-1.27E0,-2.925E0,3.25E-1));
#236=LINE('',#235,#234);
#237=DIRECTION('',(0.E0,1.E0,0.E0));
#238=VECTOR('',#237,1.55E-1);
#239=CARTESIAN_POINT('',(-1.27E0,-3.08E0,3.25E-1));
#240=LINE('',#239,#238);
#241=DIRECTION('',(0.E0,0.E0,1.E0));
#242=VECTOR('',#241,5.E-2);
#243=CARTESIAN_POINT('',(-1.27E0,-3.08E0,2.75E-1));
#244=LINE('',#243,#242);
#245=DIRECTION('',(0.E0,-1.E0,0.E0));
#246=VECTOR('',#245,1.E-1);
#247=CARTESIAN_POINT('',(-1.27E0,-2.98E0,2.75E-1));
#248=LINE('',#247,#246);
#249=DIRECTION('',(0.E0,0.E0,1.E0));
#250=VECTOR('',#249,8.472413793103E-1);
#251=CARTESIAN_POINT('',(-1.27E0,-2.98E0,-5.722413793103E-1));
#252=LINE('',#251,#250);
#253=DIRECTION('',(0.E0,-5.171156399256E-1,8.559155419458E-1));
#254=VECTOR('',#253,9.669017167455E-2);
#255=CARTESIAN_POINT('',(-1.27E0,-2.93E0,-6.55E-1));
#256=LINE('',#255,#254);
#257=DIRECTION('',(0.E0,0.E0,1.E0));
#258=VECTOR('',#257,3.E-2);
#259=CARTESIAN_POINT('',(-1.27E0,-2.93E0,-6.85E-1));
#260=LINE('',#259,#258);
#261=DIRECTION('',(0.E0,2.960594732334E-14,-1.E0));
#262=VECTOR('',#261,3.E-2);
#263=CARTESIAN_POINT('',(-1.27E0,-2.53E0,-6.55E-1));
#264=LINE('',#263,#262);
#265=DIRECTION('',(0.E0,-5.171156399256E-1,-8.559155419458E-1));
#266=VECTOR('',#265,9.669017167455E-2);
#267=CARTESIAN_POINT('',(-1.27E0,-2.48E0,-5.722413793103E-1));
#268=LINE('',#267,#266);
#269=DIRECTION('',(0.E0,0.E0,-1.E0));
#270=VECTOR('',#269,8.472413793103E-1);
#271=CARTESIAN_POINT('',(-1.27E0,-2.48E0,2.75E-1));
#272=LINE('',#271,#270);
#273=DIRECTION('',(-1.E0,0.E0,0.E0));
#274=VECTOR('',#273,1.E-1);
#275=CARTESIAN_POINT('',(-1.17E0,-2.38E0,3.25E-1));
#276=LINE('',#275,#274);
#277=DIRECTION('',(0.E0,1.E0,0.E0));
#278=VECTOR('',#277,1.55E-1);
#279=CARTESIAN_POINT('',(-1.17E0,-2.535E0,3.25E-1));
#280=LINE('',#279,#278);
#281=DIRECTION('',(1.E0,0.E0,0.E0));
#282=VECTOR('',#281,1.E-1);
#283=CARTESIAN_POINT('',(-1.27E0,-2.535E0,3.25E-1));
#284=LINE('',#283,#282);
#285=DIRECTION('',(0.E0,-1.E0,0.E0));
#286=VECTOR('',#285,3.25E-1);
#287=CARTESIAN_POINT('',(-1.17E0,-3.08E0,2.75E-1));
#288=LINE('',#287,#286);
#289=DIRECTION('',(0.E0,-3.243243243243E-1,9.459459459459E-1));
#290=VECTOR('',#289,7.E-2);
#291=CARTESIAN_POINT('',(-1.17E0,-2.902297297297E0,2.587837837838E-1));
#292=LINE('',#291,#290);
#293=CARTESIAN_POINT('',(-1.17E0,-2.855E0,2.75E-1));
#294=DIRECTION('',(-1.E0,0.E0,0.E0));
#295=DIRECTION('',(0.E0,0.E0,-1.E0));
#296=AXIS2_PLACEMENT_3D('',#293,#294,#295);
#298=CARTESIAN_POINT('',(-1.17E0,-2.855E0,2.75E-1));
#299=DIRECTION('',(-1.E0,0.E0,0.E0));
#300=DIRECTION('',(0.E0,1.E0,0.E0));
#301=AXIS2_PLACEMENT_3D('',#298,#299,#300);
#303=CARTESIAN_POINT('',(-1.17E0,-2.605E0,2.75E-1));
#304=DIRECTION('',(-1.E0,0.E0,0.E0));
#305=DIRECTION('',(0.E0,0.E0,-1.E0));
#306=AXIS2_PLACEMENT_3D('',#303,#304,#305);
#308=CARTESIAN_POINT('',(-1.17E0,-2.605E0,2.75E-1));
#309=DIRECTION('',(-1.E0,0.E0,0.E0));
#310=DIRECTION('',(0.E0,9.459459459460E-1,-3.243243243240E-1));
#311=AXIS2_PLACEMENT_3D('',#308,#309,#310);
#313=DIRECTION('',(0.E0,-3.243243243243E-1,-9.459459459459E-1));
#314=VECTOR('',#313,7.E-2);
#315=CARTESIAN_POINT('',(-1.17E0,-2.535E0,3.25E-1));
#316=LINE('',#315,#314);
#317=DIRECTION('',(0.E0,-1.E0,0.E0));
#318=VECTOR('',#317,2.E-1);
#319=CARTESIAN_POINT('',(-1.17E0,-2.18E0,2.75E-1));
#320=LINE('',#319,#318);
#321=DIRECTION('',(0.E0,2.747211278974E-1,-9.615239476408E-1));
#322=VECTOR('',#321,5.824087911424E-1);
#323=CARTESIAN_POINT('',(-1.17E0,-2.34E0,8.35E-1));
#324=LINE('',#323,#322);
#325=DIRECTION('',(0.E0,0.E0,1.E0));
#326=VECTOR('',#325,5.6E-1);
#327=CARTESIAN_POINT('',(-1.17E0,-3.405E0,2.75E-1));
#328=LINE('',#327,#326);
#329=DIRECTION('',(-1.E0,0.E0,0.E0));
#330=VECTOR('',#329,1.E-1);
#331=CARTESIAN_POINT('',(-1.17E0,-3.08E0,2.75E-1));
#332=LINE('',#331,#330);
#333=DIRECTION('',(1.E0,0.E0,0.E0));
#334=VECTOR('',#333,1.E-1);
#335=CARTESIAN_POINT('',(-1.27E0,-2.98E0,-5.722413793103E-1));
#336=LINE('',#335,#334);
#337=DIRECTION('',(1.E0,0.E0,0.E0));
#338=VECTOR('',#337,2.8E-1);
#339=CARTESIAN_POINT('',(-1.55E0,-2.98E0,2.75E-1));
#340=LINE('',#339,#338);
#341=DIRECTION('',(0.E0,0.E0,1.E0));
#342=VECTOR('',#341,8.700000000001E-1);
#343=CARTESIAN_POINT('',(-1.55E0,-2.98E0,-5.950000000001E-1));
#344=LINE('',#343,#342);
#345=DIRECTION('',(1.E0,0.E0,0.E0));
#346=VECTOR('',#345,1.E-1);
#347=CARTESIAN_POINT('',(-1.27E0,-2.93E0,-6.55E-1));
#348=LINE('',#347,#346);
#349=DIRECTION('',(2.505223373839E-14,5.171156399256E-1,-8.559155419458E-1));
#350=VECTOR('',#349,2.658979721055E-2);
#351=CARTESIAN_POINT('',(-1.17E0,-2.98E0,-5.722413793103E-1));
#352=LINE('',#351,#350);
#353=DIRECTION('',(1.463475805185E-13,0.E0,1.E0));
#354=VECTOR('',#353,2.275862068970E-2);
#355=CARTESIAN_POINT('',(-1.17E0,-2.98E0,-5.95E-1));
#356=LINE('',#355,#354);
#357=DIRECTION('',(0.E0,1.E0,0.E0));
#358=VECTOR('',#357,4.25E-1);
#359=CARTESIAN_POINT('',(-1.55E0,-3.405E0,-5.950000000001E-1));
#360=LINE('',#359,#358);
#361=DIRECTION('',(-1.E0,0.E0,-7.558056744564E-14));
#362=VECTOR('',#361,5.2E-1);
#363=CARTESIAN_POINT('',(-1.03E0,-3.405E0,-5.95E-1));
#364=LINE('',#363,#362);
#365=DIRECTION('',(0.E0,1.E0,0.E0));
#366=VECTOR('',#365,4.8E-1);
#367=CARTESIAN_POINT('',(-1.55E0,-2.48E0,-5.950000000001E-1));
#368=LINE('',#367,#366);
#369=DIRECTION('',(-1.E0,0.E0,-7.654695590837E-14));
#370=VECTOR('',#369,3.8E-1);
#371=CARTESIAN_POINT('',(-1.17E0,-2.48E0,-5.95E-1));
#372=LINE('',#371,#370);
#373=DIRECTION('',(-2.906765737196E-13,1.E0,-5.571300996292E-13));
#374=VECTOR('',#373,1.375000000002E-2);
#375=CARTESIAN_POINT('',(-1.17E0,-2.49375E0,-5.95E-1));
#376=LINE('',#375,#374);
#377=DIRECTION('',(0.E0,1.E0,0.E0));
#378=VECTOR('',#377,4.725E-1);
#379=CARTESIAN_POINT('',(-1.17E0,-2.96625E0,-5.95E-1));
#380=LINE('',#379,#378);
#381=DIRECTION('',(2.906765737196E-13,1.E0,5.571300996292E-13));
#382=VECTOR('',#381,1.375000000002E-2);
#383=CARTESIAN_POINT('',(-1.17E0,-2.98E0,-5.95E-1));
#384=LINE('',#383,#382);
#385=DIRECTION('',(1.E0,0.E0,7.654695590837E-14));
#386=VECTOR('',#385,3.8E-1);
#387=CARTESIAN_POINT('',(-1.55E0,-2.98E0,-5.950000000001E-1));
#388=LINE('',#387,#386);
#389=DIRECTION('',(0.E0,1.E0,0.E0));
#390=VECTOR('',#389,4.25E-1);
#391=CARTESIAN_POINT('',(-1.55E0,-3.405E0,2.75E-1));
#392=LINE('',#391,#390);
#393=DIRECTION('',(0.E0,0.E0,1.E0));
#394=VECTOR('',#393,8.700000000001E-1);
#395=CARTESIAN_POINT('',(-1.55E0,-3.405E0,-5.950000000001E-1));
#396=LINE('',#395,#394);
#397=DIRECTION('',(0.E0,0.E0,1.E0));
#398=VECTOR('',#397,1.45E0);
#399=CARTESIAN_POINT('',(-3.5E-1,-3.405E0,-7.85E-1));
#400=LINE('',#399,#398);
#401=DIRECTION('',(1.E0,0.E0,0.E0));
#402=VECTOR('',#401,4.9E-1);
#403=CARTESIAN_POINT('',(-8.4E-1,-3.405E0,-7.85E-1));
#404=LINE('',#403,#402);
#405=DIRECTION('',(7.071067811866E-1,0.E0,-7.071067811865E-1));
#406=VECTOR('',#405,2.687005768509E-1);
#407=CARTESIAN_POINT('',(-1.03E0,-3.405E0,-5.95E-1));
#408=LINE('',#407,#406);
#409=DIRECTION('',(-1.E0,0.E0,0.E0));
#410=VECTOR('',#409,3.8E-1);
#411=CARTESIAN_POINT('',(-1.17E0,-3.405E0,2.75E-1));
#412=LINE('',#411,#410);
#413=DIRECTION('',(-1.E0,0.E0,0.E0));
#414=VECTOR('',#413,7.7E-1);
#415=CARTESIAN_POINT('',(-4.E-1,-3.405E0,8.35E-1));
#416=LINE('',#415,#414);
#417=DIRECTION('',(-2.821663239916E-1,0.E0,9.593655015713E-1));
#418=VECTOR('',#417,1.772004514667E-1);
#419=CARTESIAN_POINT('',(-3.5E-1,-3.405E0,6.65E-1));
#420=LINE('',#419,#418);
#421=DIRECTION('',(0.E0,-1.E0,0.E0));
#422=VECTOR('',#421,5.E-2);
#423=CARTESIAN_POINT('',(-3.5E-1,-3.355E0,6.65E-1));
#424=LINE('',#423,#422);
#425=DIRECTION('',(0.E0,-1.E0,0.E0));
#426=VECTOR('',#425,1.065E0);
#427=CARTESIAN_POINT('',(-1.17E0,-2.34E0,8.35E-1));
#428=LINE('',#427,#426);
#429=DIRECTION('',(0.E0,1.E0,0.E0));
#430=VECTOR('',#429,2.75E-1);
#431=CARTESIAN_POINT('',(-4.E-1,-3.405E0,8.35E-1));
#432=LINE('',#431,#430);
#433=DIRECTION('',(6.931032800837E-1,1.980295085953E-1,-6.931032800837E-1));
#434=VECTOR('',#433,2.885572839532E-1);
#435=CARTESIAN_POINT('',(-9.35E-1,-2.34E0,8.35E-1));
#436=LINE('',#435,#434);
#437=DIRECTION('',(1.E0,0.E0,0.E0));
#438=VECTOR('',#437,2.35E-1);
#439=CARTESIAN_POINT('',(-1.17E0,-2.34E0,8.35E-1));
#440=LINE('',#439,#438);
#441=DIRECTION('',(0.E0,-1.E0,0.E0));
#442=VECTOR('',#441,7.9E-1);
#443=CARTESIAN_POINT('',(-9.35E-1,-2.34E0,8.35E-1));
#444=LINE('',#443,#442);
#445=DIRECTION('',(0.E0,1.E0,0.E0));
#446=VECTOR('',#445,6.471428571429E-1);
#447=CARTESIAN_POINT('',(-7.35E-1,-2.93E0,6.35E-1));
#448=LINE('',#447,#446);
#449=DIRECTION('',(0.E0,0.E0,-1.E0));
#450=VECTOR('',#449,1.14E0);
#451=CARTESIAN_POINT('',(-7.35E-1,-2.93E0,6.35E-1));
#452=LINE('',#451,#450);
#453=DIRECTION('',(0.E0,-2.747211278974E-1,9.615239476408E-1));
#454=VECTOR('',#453,4.992075352649E-1);
#455=CARTESIAN_POINT('',(-7.35E-1,-2.145714285714E0,1.55E-1));
#456=LINE('',#455,#454);
#457=DIRECTION('',(0.E0,-2.747211278974E-1,-9.615239476408E-1));
#458=VECTOR('',#457,4.992075352649E-1);
#459=CARTESIAN_POINT('',(-7.35E-1,2.282857142857E0,6.35E-1));
#460=LINE('',#459,#458);
#461=DIRECTION('',(0.E0,0.E0,1.E0));
#462=VECTOR('',#461,1.14E0);
#463=CARTESIAN_POINT('',(-7.35E-1,2.93E0,-5.05E-1));
#464=LINE('',#463,#462);
#465=DIRECTION('',(0.E0,-1.E0,0.E0));
#466=VECTOR('',#465,4.98E0);
#467=CARTESIAN_POINT('',(3.2E-1,2.49E0,-5.05E-1));
#468=LINE('',#467,#466);
#469=DIRECTION('',(0.E0,-1.E0,0.E0));
#470=VECTOR('',#469,5.86E0);
#471=CARTESIAN_POINT('',(-7.35E-1,2.93E0,-5.05E-1));
#472=LINE('',#471,#470);
#473=DIRECTION('',(0.E0,0.E0,1.E0));
#474=VECTOR('',#473,1.22E0);
#475=CARTESIAN_POINT('',(-3.2E-1,2.49E0,-5.05E-1));
#476=LINE('',#475,#474);
#477=DIRECTION('',(-1.E0,0.E0,0.E0));
#478=VECTOR('',#477,6.4E-1);
#479=CARTESIAN_POINT('',(3.2E-1,2.49E0,-5.05E-1));
#480=LINE('',#479,#478);
#481=DIRECTION('',(0.E0,0.E0,1.E0));
#482=VECTOR('',#481,1.794537721596E-1);
#483=CARTESIAN_POINT('',(-3.2E-1,1.455E0,4.352731139202E-1));
#484=LINE('',#483,#482);
#485=DIRECTION('',(0.E0,0.E0,1.E0));
#486=VECTOR('',#485,9.465765322687E-2);
#487=CARTESIAN_POINT('',(-3.2E-1,1.455E0,3.406154606933E-1));
#488=LINE('',#487,#486);
#489=DIRECTION('',(0.E0,0.E0,1.E0));
#490=VECTOR('',#489,1.794537721596E-1);
#491=CARTESIAN_POINT('',(-3.2E-1,-1.45E-1,4.352731139202E-1));
#492=LINE('',#491,#490);
#493=DIRECTION('',(0.E0,0.E0,1.E0));
#494=VECTOR('',#493,9.465765322688E-2);
#495=CARTESIAN_POINT('',(-3.2E-1,-1.45E-1,3.406154606933E-1));
#496=LINE('',#495,#494);
#497=DIRECTION('',(0.E0,0.E0,1.E0));
#498=VECTOR('',#497,1.794537721596E-1);
#499=CARTESIAN_POINT('',(-3.2E-1,2.55E-1,4.352731139202E-1));
#500=LINE('',#499,#498);
#501=DIRECTION('',(0.E0,0.E0,1.E0));
#502=VECTOR('',#501,9.465765322688E-2);
#503=CARTESIAN_POINT('',(-3.2E-1,2.55E-1,3.406154606933E-1));
#504=LINE('',#503,#502);
#505=DIRECTION('',(0.E0,0.E0,1.E0));
#506=VECTOR('',#505,1.794537721596E-1);
#507=CARTESIAN_POINT('',(-3.2E-1,-1.345E0,4.352731139202E-1));
#508=LINE('',#507,#506);
#509=DIRECTION('',(0.E0,0.E0,1.E0));
#510=VECTOR('',#509,9.465765322688E-2);
#511=CARTESIAN_POINT('',(-3.2E-1,-1.345E0,3.406154606933E-1));
#512=LINE('',#511,#510);
#513=DIRECTION('',(0.E0,0.E0,1.E0));
#514=VECTOR('',#513,1.794537721596E-1);
#515=CARTESIAN_POINT('',(-3.2E-1,-9.45E-1,4.352731139202E-1));
#516=LINE('',#515,#514);
#517=DIRECTION('',(0.E0,0.E0,1.E0));
#518=VECTOR('',#517,9.465765322688E-2);
#519=CARTESIAN_POINT('',(-3.2E-1,-9.45E-1,3.406154606933E-1));
#520=LINE('',#519,#518);
#521=DIRECTION('',(0.E0,0.E0,1.E0));
#522=VECTOR('',#521,1.794537721596E-1);
#523=CARTESIAN_POINT('',(-3.2E-1,-5.45E-1,4.352731139202E-1));
#524=LINE('',#523,#522);
#525=DIRECTION('',(0.E0,0.E0,1.E0));
#526=VECTOR('',#525,9.465765322688E-2);
#527=CARTESIAN_POINT('',(-3.2E-1,-5.45E-1,3.406154606933E-1));
#528=LINE('',#527,#526);
#529=DIRECTION('',(0.E0,0.E0,1.E0));
#530=VECTOR('',#529,1.794537721596E-1);
#531=CARTESIAN_POINT('',(-3.2E-1,6.55E-1,4.352731139202E-1));
#532=LINE('',#531,#530);
#533=DIRECTION('',(0.E0,0.E0,1.E0));
#534=VECTOR('',#533,9.465765322687E-2);
#535=CARTESIAN_POINT('',(-3.2E-1,6.55E-1,3.406154606933E-1));
#536=LINE('',#535,#534);
#537=DIRECTION('',(0.E0,0.E0,1.E0));
#538=VECTOR('',#537,1.794537721596E-1);
#539=CARTESIAN_POINT('',(-3.2E-1,1.055E0,4.352731139202E-1));
#540=LINE('',#539,#538);
#541=DIRECTION('',(0.E0,0.E0,1.E0));
#542=VECTOR('',#541,9.465765322687E-2);
#543=CARTESIAN_POINT('',(-3.2E-1,1.055E0,3.406154606933E-1));
#544=LINE('',#543,#542);
#545=DIRECTION('',(0.E0,0.E0,1.E0));
#546=VECTOR('',#545,1.794537721596E-1);
#547=CARTESIAN_POINT('',(-3.2E-1,1.855E0,4.352731139202E-1));
#548=LINE('',#547,#546);
#549=DIRECTION('',(0.E0,0.E0,1.E0));
#550=VECTOR('',#549,9.465765322687E-2);
#551=CARTESIAN_POINT('',(-3.2E-1,1.855E0,3.406154606933E-1));
#552=LINE('',#551,#550);
#553=DIRECTION('',(0.E0,0.E0,1.E0));
#554=VECTOR('',#553,1.794537721596E-1);
#555=CARTESIAN_POINT('',(-3.2E-1,-1.745E0,4.352731139202E-1));
#556=LINE('',#555,#554);
#557=DIRECTION('',(0.E0,0.E0,1.E0));
#558=VECTOR('',#557,9.465765322688E-2);
#559=CARTESIAN_POINT('',(-3.2E-1,-1.745E0,3.406154606933E-1));
#560=LINE('',#559,#558);
#561=DIRECTION('',(0.E0,-1.E0,0.E0));
#562=VECTOR('',#561,4.98E0);
#563=CARTESIAN_POINT('',(-3.2E-1,2.49E0,-5.05E-1));
#564=LINE('',#563,#562);
#565=DIRECTION('',(0.E0,1.E0,0.E0));
#566=VECTOR('',#565,4.98E0);
#567=CARTESIAN_POINT('',(-3.2E-1,-2.49E0,7.15E-1));
#568=LINE('',#567,#566);
#569=CARTESIAN_POINT('',(-4.161079363685E-1,1.455E0,3.129882174905E-1));
#570=DIRECTION('',(0.E0,-1.E0,0.E0));
#571=DIRECTION('',(9.610793636849E-1,0.E0,2.762724320285E-1));
#572=AXIS2_PLACEMENT_3D('',#569,#570,#571);
#574=CARTESIAN_POINT('',(-2.125333264941E-1,1.455E0,5.25E-1));
#575=DIRECTION('',(0.E0,1.E0,0.E0));
#576=DIRECTION('',(-8.191520442894E-1,0.E0,5.735764363505E-1));
#577=AXIS2_PLACEMENT_3D('',#574,#575,#576);
#579=DIRECTION('',(5.735764363510E-1,0.E0,8.191520442890E-1));
#580=VECTOR('',#579,9.202851435323E-2);
#581=CARTESIAN_POINT('',(-3.8E-1,1.455E0,5.299153554238E-1));
#582=LINE('',#581,#580);
#583=CARTESIAN_POINT('',(-3.4E-1,1.455E0,4.65E-1));
#584=DIRECTION('',(0.E0,1.E0,0.E0));
#585=DIRECTION('',(-4.476937433439E-1,0.E0,-8.941869559386E-1));
#586=AXIS2_PLACEMENT_3D('',#583,#584,#585);
#588=DIRECTION('',(0.E0,-1.E0,0.E0));
#589=VECTOR('',#588,1.1E-1);
#590=CARTESIAN_POINT('',(-3.2E-1,1.455E0,3.406154606933E-1));
#591=LINE('',#590,#589);
#592=DIRECTION('',(0.E0,1.E0,0.E0));
#593=VECTOR('',#592,1.1E-1);
#594=CARTESIAN_POINT('',(-3.713385620341E-1,1.345E0,4.024069130843E-1));
#595=LINE('',#594,#593);
#596=DIRECTION('',(1.682987904759E-10,1.E0,2.558191426528E-10));
#597=VECTOR('',#596,9.896129477801E-2);
#598=CARTESIAN_POINT('',(-3.973406431169E-1,1.350519352617E0,
5.051503505193E-1));
#599=LINE('',#598,#597);
#600=CARTESIAN_POINT('',(-4.1E-1,1.375E0,4.65E-1));
#601=CARTESIAN_POINT('',(-4.1E-1,1.371634141462E0,4.701414338429E-1));
#602=CARTESIAN_POINT('',(-4.088700081602E-1,1.365158778325E0,
4.800408888495E-1));
#603=CARTESIAN_POINT('',(-4.044619683347E-1,1.356810283428E0,
4.934366607548E-1));
#604=CARTESIAN_POINT('',(-3.999434456131E-1,1.352363024012E0,
5.014331633223E-1));
#605=CARTESIAN_POINT('',(-3.973406431169E-1,1.350519352617E0,
5.051503505193E-1));
#607=CARTESIAN_POINT('',(-3.8E-1,1.345E0,4.075543735346E-1));
#608=CARTESIAN_POINT('',(-3.841719582712E-1,1.345E0,4.104593524010E-1));
#609=CARTESIAN_POINT('',(-3.921025100727E-1,1.346707406493E0,
4.173234265512E-1));
#610=CARTESIAN_POINT('',(-4.018750159426E-1,1.353405693307E0,
4.308453166490E-1));
#611=CARTESIAN_POINT('',(-4.083259299853E-1,1.363054147896E0,
4.467400895158E-1));
#612=CARTESIAN_POINT('',(-4.1E-1,1.370892218376E0,4.587252599236E-1));
#613=CARTESIAN_POINT('',(-4.1E-1,1.375E0,4.65E-1));
#615=CARTESIAN_POINT('',(-3.973406431002E-1,1.350519352605E0,
5.051503505446E-1));
#616=CARTESIAN_POINT('',(-3.917945169333E-1,1.346590804765E0,
5.130710395750E-1));
#617=CARTESIAN_POINT('',(-3.859863993864E-1,1.345E0,5.213658910725E-1));
#618=CARTESIAN_POINT('',(-3.8E-1,1.345E0,5.299153554238E-1));
#620=DIRECTION('',(0.E0,0.E0,1.E0));
#621=VECTOR('',#620,1.794537721596E-1);
#622=CARTESIAN_POINT('',(-3.2E-1,1.345E0,4.352731139202E-1));
#623=LINE('',#622,#621);
#624=DIRECTION('',(0.E0,0.E0,1.E0));
#625=VECTOR('',#624,9.465765322687E-2);
#626=CARTESIAN_POINT('',(-3.2E-1,1.345E0,3.406154606933E-1));
#627=LINE('',#626,#625);
#628=CARTESIAN_POINT('',(-4.161079363685E-1,1.345E0,3.129882174905E-1));
#629=DIRECTION('',(0.E0,1.E0,0.E0));
#630=DIRECTION('',(4.476937433443E-1,0.E0,8.941869559384E-1));
#631=AXIS2_PLACEMENT_3D('',#628,#629,#630);
#633=CARTESIAN_POINT('',(-3.4E-1,1.345E0,4.65E-1));
#634=DIRECTION('',(0.E0,-1.E0,0.E0));
#635=DIRECTION('',(-5.714285714286E-1,0.E0,-8.206518066483E-1));
#636=AXIS2_PLACEMENT_3D('',#633,#634,#635);
#638=DIRECTION('',(-5.735764363510E-1,0.E0,-8.191520442890E-1));
#639=VECTOR('',#638,9.202851435323E-2);
#640=CARTESIAN_POINT('',(-3.272146126946E-1,1.345E0,6.053007010891E-1));
#641=LINE('',#640,#639);
#642=CARTESIAN_POINT('',(-2.125333264941E-1,1.345E0,5.25E-1));
#643=DIRECTION('',(0.E0,-1.E0,0.E0));
#644=DIRECTION('',(-7.676190964706E-1,0.E0,6.409063291415E-1));
#645=AXIS2_PLACEMENT_3D('',#642,#643,#644);
#647=DIRECTION('',(-1.088801028711E-14,0.E0,1.E0));
#648=VECTOR('',#647,1.223609818892E-1);
#649=CARTESIAN_POINT('',(-3.8E-1,1.345E0,4.075543735346E-1));
#650=LINE('',#649,#648);
#651=DIRECTION('',(0.E0,1.E0,0.E0));
#652=VECTOR('',#651,1.1E-1);
#653=CARTESIAN_POINT('',(-3.2E-1,1.345E0,6.147268860798E-1));
#654=LINE('',#653,#652);
#655=DIRECTION('',(0.E0,-1.E0,0.E0));
#656=VECTOR('',#655,1.1E-1);
#657=CARTESIAN_POINT('',(-3.272146126946E-1,1.455E0,6.053007010891E-1));
#658=LINE('',#657,#656);
#659=CARTESIAN_POINT('',(-3.973406431002E-1,1.449480647395E0,
5.051503505446E-1));
#660=CARTESIAN_POINT('',(-3.917945169333E-1,1.453409195235E0,
5.130710395750E-1));
#661=CARTESIAN_POINT('',(-3.859863993864E-1,1.455E0,5.213658910725E-1));
#662=CARTESIAN_POINT('',(-3.8E-1,1.455E0,5.299153554238E-1));
#664=CARTESIAN_POINT('',(-4.1E-1,1.425E0,4.65E-1));
#665=CARTESIAN_POINT('',(-4.1E-1,1.428351622875E0,4.701196885086E-1));
#666=CARTESIAN_POINT('',(-4.088845346931E-1,1.434814448368E0,
4.799976282446E-1));
#667=CARTESIAN_POINT('',(-4.044347610950E-1,1.443235392169E0,
4.935088622991E-1));
#668=CARTESIAN_POINT('',(-3.999185753800E-1,1.447654592598E0,
5.014686816977E-1));
#669=CARTESIAN_POINT('',(-3.973406431002E-1,1.449480647395E0,
5.051503505446E-1));
#671=CARTESIAN_POINT('',(-3.8E-1,1.455E0,4.075543735346E-1));
#672=CARTESIAN_POINT('',(-3.841071010239E-1,1.455E0,4.104141916107E-1));
#673=CARTESIAN_POINT('',(-3.920745982008E-1,1.453310513805E0,
4.172903298832E-1));
#674=CARTESIAN_POINT('',(-4.018310859880E-1,1.446637489897E0,
4.307729805471E-1));
#675=CARTESIAN_POINT('',(-4.083152763533E-1,1.436982257544E0,
4.466820437593E-1));
#676=CARTESIAN_POINT('',(-4.1E-1,1.429119567203E0,4.587072571537E-1));
#677=CARTESIAN_POINT('',(-4.1E-1,1.425E0,4.65E-1));
#679=DIRECTION('',(1.088801028711E-14,0.E0,-1.E0));
#680=VECTOR('',#679,1.223609818892E-1);
#681=CARTESIAN_POINT('',(-3.8E-1,1.455E0,5.299153554238E-1));
#682=LINE('',#681,#680);
#683=CARTESIAN_POINT('',(-4.161079363685E-1,-1.45E-1,3.129882174905E-1));
#684=DIRECTION('',(0.E0,-1.E0,0.E0));
#685=DIRECTION('',(9.610793636849E-1,0.E0,2.762724320285E-1));
#686=AXIS2_PLACEMENT_3D('',#683,#684,#685);
#688=CARTESIAN_POINT('',(-2.125333264941E-1,-1.45E-1,5.25E-1));
#689=DIRECTION('',(0.E0,1.E0,0.E0));
#690=DIRECTION('',(-8.191520442894E-1,0.E0,5.735764363505E-1));
#691=AXIS2_PLACEMENT_3D('',#688,#689,#690);
#693=DIRECTION('',(5.735764363510E-1,0.E0,8.191520442890E-1));
#694=VECTOR('',#693,9.202851435323E-2);
#695=CARTESIAN_POINT('',(-3.8E-1,-1.45E-1,5.299153554238E-1));
#696=LINE('',#695,#694);
#697=CARTESIAN_POINT('',(-3.4E-1,-1.45E-1,4.65E-1));
#698=DIRECTION('',(0.E0,1.E0,0.E0));
#699=DIRECTION('',(-4.476937433439E-1,0.E0,-8.941869559386E-1));
#700=AXIS2_PLACEMENT_3D('',#697,#698,#699);
#702=DIRECTION('',(0.E0,-1.E0,0.E0));
#703=VECTOR('',#702,1.1E-1);
#704=CARTESIAN_POINT('',(-3.2E-1,-1.45E-1,3.406154606933E-1));
#705=LINE('',#704,#703);
#706=DIRECTION('',(0.E0,1.E0,0.E0));
#707=VECTOR('',#706,1.1E-1);
#708=CARTESIAN_POINT('',(-3.713385620341E-1,-2.55E-1,4.024069130843E-1));
#709=LINE('',#708,#707);
#710=DIRECTION('',(1.682741092037E-10,1.E0,2.557809988685E-10));
#711=VECTOR('',#710,9.896129477801E-2);
#712=CARTESIAN_POINT('',(-3.973406431169E-1,-2.494806473832E-1,
5.051503505193E-1));
#713=LINE('',#712,#711);
#714=CARTESIAN_POINT('',(-4.1E-1,-2.25E-1,4.65E-1));
#715=CARTESIAN_POINT('',(-4.1E-1,-2.283658585380E-1,4.701414338429E-1));
#716=CARTESIAN_POINT('',(-4.088700081602E-1,-2.348412216747E-1,
4.800408888495E-1));
#717=CARTESIAN_POINT('',(-4.044619683347E-1,-2.431897165721E-1,
4.934366607548E-1));
#718=CARTESIAN_POINT('',(-3.999434456131E-1,-2.476369759878E-1,
5.014331633223E-1));
#719=CARTESIAN_POINT('',(-3.973406431169E-1,-2.494806473832E-1,
5.051503505193E-1));
#721=CARTESIAN_POINT('',(-3.8E-1,-2.55E-1,4.075543735346E-1));
#722=CARTESIAN_POINT('',(-3.841719582712E-1,-2.55E-1,4.104593524010E-1));
#723=CARTESIAN_POINT('',(-3.921025100727E-1,-2.532925935065E-1,
4.173234265512E-1));
#724=CARTESIAN_POINT('',(-4.018750159426E-1,-2.465943066926E-1,
4.308453166490E-1));
#725=CARTESIAN_POINT('',(-4.083259299853E-1,-2.369458521040E-1,
4.467400895158E-1));
#726=CARTESIAN_POINT('',(-4.1E-1,-2.291077816237E-1,4.587252599236E-1));
#727=CARTESIAN_POINT('',(-4.1E-1,-2.25E-1,4.65E-1));
#729=CARTESIAN_POINT('',(-3.973406431002E-1,-2.494806473948E-1,
5.051503505446E-1));
#730=CARTESIAN_POINT('',(-3.917945169333E-1,-2.534091952350E-1,
5.130710395750E-1));
#731=CARTESIAN_POINT('',(-3.859863993864E-1,-2.55E-1,5.213658910725E-1));
#732=CARTESIAN_POINT('',(-3.8E-1,-2.55E-1,5.299153554238E-1));
#734=DIRECTION('',(0.E0,0.E0,1.E0));
#735=VECTOR('',#734,1.794537721596E-1);
#736=CARTESIAN_POINT('',(-3.2E-1,-2.55E-1,4.352731139202E-1));
#737=LINE('',#736,#735);
#738=DIRECTION('',(0.E0,0.E0,1.E0));
#739=VECTOR('',#738,9.465765322688E-2);
#740=CARTESIAN_POINT('',(-3.2E-1,-2.55E-1,3.406154606933E-1));
#741=LINE('',#740,#739);
#742=CARTESIAN_POINT('',(-4.161079363685E-1,-2.55E-1,3.129882174905E-1));
#743=DIRECTION('',(0.E0,1.E0,0.E0));
#744=DIRECTION('',(4.476937433443E-1,0.E0,8.941869559384E-1));
#745=AXIS2_PLACEMENT_3D('',#742,#743,#744);
#747=CARTESIAN_POINT('',(-3.4E-1,-2.55E-1,4.65E-1));
#748=DIRECTION('',(0.E0,-1.E0,0.E0));
#749=DIRECTION('',(-5.714285714286E-1,0.E0,-8.206518066483E-1));
#750=AXIS2_PLACEMENT_3D('',#747,#748,#749);
#752=DIRECTION('',(-5.735764363510E-1,0.E0,-8.191520442890E-1));
#753=VECTOR('',#752,9.202851435323E-2);
#754=CARTESIAN_POINT('',(-3.272146126946E-1,-2.55E-1,6.053007010891E-1));
#755=LINE('',#754,#753);
#756=CARTESIAN_POINT('',(-2.125333264941E-1,-2.55E-1,5.25E-1));
#757=DIRECTION('',(0.E0,-1.E0,0.E0));
#758=DIRECTION('',(-7.676190964706E-1,0.E0,6.409063291415E-1));
#759=AXIS2_PLACEMENT_3D('',#756,#757,#758);
#761=DIRECTION('',(-1.088801028711E-14,0.E0,1.E0));
#762=VECTOR('',#761,1.223609818892E-1);
#763=CARTESIAN_POINT('',(-3.8E-1,-2.55E-1,4.075543735346E-1));
#764=LINE('',#763,#762);
#765=DIRECTION('',(0.E0,1.E0,0.E0));
#766=VECTOR('',#765,1.1E-1);
#767=CARTESIAN_POINT('',(-3.2E-1,-2.55E-1,6.147268860798E-1));
#768=LINE('',#767,#766);
#769=DIRECTION('',(0.E0,-1.E0,0.E0));
#770=VECTOR('',#769,1.1E-1);
#771=CARTESIAN_POINT('',(-3.272146126946E-1,-1.45E-1,6.053007010891E-1));
#772=LINE('',#771,#770);
#773=CARTESIAN_POINT('',(-3.973406431002E-1,-1.505193526052E-1,
5.051503505446E-1));
#774=CARTESIAN_POINT('',(-3.917945169333E-1,-1.465908047650E-1,
5.130710395750E-1));
#775=CARTESIAN_POINT('',(-3.859863993864E-1,-1.45E-1,5.213658910725E-1));
#776=CARTESIAN_POINT('',(-3.8E-1,-1.45E-1,5.299153554238E-1));
#778=CARTESIAN_POINT('',(-4.1E-1,-1.75E-1,4.65E-1));
#779=CARTESIAN_POINT('',(-4.1E-1,-1.716483771249E-1,4.701196885086E-1));
#780=CARTESIAN_POINT('',(-4.088845346931E-1,-1.651855516323E-1,
4.799976282446E-1));
#781=CARTESIAN_POINT('',(-4.044347610950E-1,-1.567646078312E-1,
4.935088622991E-1));
#782=CARTESIAN_POINT('',(-3.999185753800E-1,-1.523454074018E-1,
5.014686816977E-1));
#783=CARTESIAN_POINT('',(-3.973406431002E-1,-1.505193526052E-1,
5.051503505446E-1));
#785=CARTESIAN_POINT('',(-3.8E-1,-1.45E-1,4.075543735346E-1));
#786=CARTESIAN_POINT('',(-3.841071010239E-1,-1.45E-1,4.104141916107E-1));
#787=CARTESIAN_POINT('',(-3.920745982008E-1,-1.466894861945E-1,
4.172903298832E-1));
#788=CARTESIAN_POINT('',(-4.018310859880E-1,-1.533625101033E-1,
4.307729805471E-1));
#789=CARTESIAN_POINT('',(-4.083152763533E-1,-1.630177424560E-1,
4.466820437593E-1));
#790=CARTESIAN_POINT('',(-4.1E-1,-1.708804327969E-1,4.587072571537E-1));
#791=CARTESIAN_POINT('',(-4.1E-1,-1.75E-1,4.65E-1));
#793=DIRECTION('',(1.179534447770E-14,0.E0,-1.E0));
#794=VECTOR('',#793,1.223609818892E-1);
#795=CARTESIAN_POINT('',(-3.8E-1,-1.45E-1,5.299153554238E-1));
#796=LINE('',#795,#794);
#797=CARTESIAN_POINT('',(-4.161079363685E-1,2.55E-1,3.129882174905E-1));
#798=DIRECTION('',(0.E0,-1.E0,0.E0));
#799=DIRECTION('',(9.610793636849E-1,0.E0,2.762724320285E-1));
#800=AXIS2_PLACEMENT_3D('',#797,#798,#799);
#802=CARTESIAN_POINT('',(-2.125333264941E-1,2.55E-1,5.25E-1));
#803=DIRECTION('',(0.E0,1.E0,0.E0));
#804=DIRECTION('',(-8.191520442894E-1,0.E0,5.735764363505E-1));
#805=AXIS2_PLACEMENT_3D('',#802,#803,#804);
#807=DIRECTION('',(5.735764363510E-1,0.E0,8.191520442890E-1));
#808=VECTOR('',#807,9.202851435323E-2);
#809=CARTESIAN_POINT('',(-3.8E-1,2.55E-1,5.299153554238E-1));
#810=LINE('',#809,#808);
#811=CARTESIAN_POINT('',(-3.4E-1,2.55E-1,4.65E-1));
#812=DIRECTION('',(0.E0,1.E0,0.E0));
#813=DIRECTION('',(-4.476937433439E-1,0.E0,-8.941869559386E-1));
#814=AXIS2_PLACEMENT_3D('',#811,#812,#813);
#816=DIRECTION('',(0.E0,-1.E0,0.E0));
#817=VECTOR('',#816,1.1E-1);
#818=CARTESIAN_POINT('',(-3.2E-1,2.55E-1,3.406154606933E-1));
#819=LINE('',#818,#817);
#820=DIRECTION('',(0.E0,1.E0,0.E0));
#821=VECTOR('',#820,1.1E-1);
#822=CARTESIAN_POINT('',(-3.713385620341E-1,1.45E-1,4.024069130843E-1));
#823=LINE('',#822,#821);
#824=DIRECTION('',(1.682741092037E-10,1.E0,2.557809988685E-10));
#825=VECTOR('',#824,9.896129477801E-2);
#826=CARTESIAN_POINT('',(-3.973406431169E-1,1.505193526168E-1,
5.051503505193E-1));
#827=LINE('',#826,#825);
#828=CARTESIAN_POINT('',(-4.1E-1,1.75E-1,4.65E-1));
#829=CARTESIAN_POINT('',(-4.1E-1,1.716341414620E-1,4.701414338429E-1));
#830=CARTESIAN_POINT('',(-4.088700081602E-1,1.651587783253E-1,
4.800408888495E-1));
#831=CARTESIAN_POINT('',(-4.044619683347E-1,1.568102834279E-1,
4.934366607548E-1));
#832=CARTESIAN_POINT('',(-3.999434456131E-1,1.523630240122E-1,
5.014331633223E-1));
#833=CARTESIAN_POINT('',(-3.973406431169E-1,1.505193526168E-1,
5.051503505193E-1));
#835=CARTESIAN_POINT('',(-3.8E-1,1.45E-1,4.075543735346E-1));
#836=CARTESIAN_POINT('',(-3.841719582712E-1,1.45E-1,4.104593524010E-1));
#837=CARTESIAN_POINT('',(-3.921025100727E-1,1.467074064935E-1,
4.173234265512E-1));
#838=CARTESIAN_POINT('',(-4.018750159426E-1,1.534056933074E-1,
4.308453166490E-1));
#839=CARTESIAN_POINT('',(-4.083259299853E-1,1.630541478960E-1,
4.467400895158E-1));
#840=CARTESIAN_POINT('',(-4.1E-1,1.708922183763E-1,4.587252599236E-1));
#841=CARTESIAN_POINT('',(-4.1E-1,1.75E-1,4.65E-1));
#843=CARTESIAN_POINT('',(-3.973406431002E-1,1.505193526052E-1,
5.051503505446E-1));
#844=CARTESIAN_POINT('',(-3.917945169333E-1,1.465908047650E-1,
5.130710395750E-1));
#845=CARTESIAN_POINT('',(-3.859863993864E-1,1.45E-1,5.213658910725E-1));
#846=CARTESIAN_POINT('',(-3.8E-1,1.45E-1,5.299153554238E-1));
#848=DIRECTION('',(0.E0,0.E0,1.E0));
#849=VECTOR('',#848,1.794537721596E-1);
#850=CARTESIAN_POINT('',(-3.2E-1,1.45E-1,4.352731139202E-1));
#851=LINE('',#850,#849);
#852=DIRECTION('',(0.E0,0.E0,1.E0));
#853=VECTOR('',#852,9.465765322688E-2);
#854=CARTESIAN_POINT('',(-3.2E-1,1.45E-1,3.406154606933E-1));
#855=LINE('',#854,#853);
#856=CARTESIAN_POINT('',(-4.161079363685E-1,1.45E-1,3.129882174905E-1));
#857=DIRECTION('',(0.E0,1.E0,0.E0));
#858=DIRECTION('',(4.476937433443E-1,0.E0,8.941869559384E-1));
#859=AXIS2_PLACEMENT_3D('',#856,#857,#858);
#861=CARTESIAN_POINT('',(-3.4E-1,1.45E-1,4.65E-1));
#862=DIRECTION('',(0.E0,-1.E0,0.E0));
#863=DIRECTION('',(-5.714285714286E-1,0.E0,-8.206518066483E-1));
#864=AXIS2_PLACEMENT_3D('',#861,#862,#863);
#866=DIRECTION('',(-5.735764363510E-1,0.E0,-8.191520442890E-1));
#867=VECTOR('',#866,9.202851435323E-2);
#868=CARTESIAN_POINT('',(-3.272146126946E-1,1.45E-1,6.053007010891E-1));
#869=LINE('',#868,#867);
#870=CARTESIAN_POINT('',(-2.125333264941E-1,1.45E-1,5.25E-1));
#871=DIRECTION('',(0.E0,-1.E0,0.E0));
#872=DIRECTION('',(-7.676190964706E-1,0.E0,6.409063291415E-1));
#873=AXIS2_PLACEMENT_3D('',#870,#871,#872);
#875=DIRECTION('',(-1.179534447770E-14,0.E0,1.E0));
#876=VECTOR('',#875,1.223609818892E-1);
#877=CARTESIAN_POINT('',(-3.8E-1,1.45E-1,4.075543735346E-1));
#878=LINE('',#877,#876);
#879=DIRECTION('',(0.E0,1.E0,0.E0));
#880=VECTOR('',#879,1.1E-1);
#881=CARTESIAN_POINT('',(-3.2E-1,1.45E-1,6.147268860798E-1));
#882=LINE('',#881,#880);
#883=DIRECTION('',(0.E0,-1.E0,0.E0));
#884=VECTOR('',#883,1.1E-1);
#885=CARTESIAN_POINT('',(-3.272146126946E-1,2.55E-1,6.053007010891E-1));
#886=LINE('',#885,#884);
#887=CARTESIAN_POINT('',(-3.973406431002E-1,2.494806473948E-1,
5.051503505446E-1));
#888=CARTESIAN_POINT('',(-3.917945169333E-1,2.534091952350E-1,
5.130710395750E-1));
#889=CARTESIAN_POINT('',(-3.859863993864E-1,2.55E-1,5.213658910725E-1));
#890=CARTESIAN_POINT('',(-3.8E-1,2.55E-1,5.299153554238E-1));
#892=CARTESIAN_POINT('',(-4.1E-1,2.25E-1,4.65E-1));
#893=CARTESIAN_POINT('',(-4.1E-1,2.283516228751E-1,4.701196885086E-1));
#894=CARTESIAN_POINT('',(-4.088845346931E-1,2.348144483677E-1,
4.799976282446E-1));
#895=CARTESIAN_POINT('',(-4.044347610950E-1,2.432353921688E-1,
4.935088622991E-1));
#896=CARTESIAN_POINT('',(-3.999185753800E-1,2.476545925982E-1,
5.014686816977E-1));
#897=CARTESIAN_POINT('',(-3.973406431002E-1,2.494806473948E-1,
5.051503505446E-1));
#899=CARTESIAN_POINT('',(-3.8E-1,2.55E-1,4.075543735346E-1));
#900=CARTESIAN_POINT('',(-3.841071010239E-1,2.55E-1,4.104141916107E-1));
#901=CARTESIAN_POINT('',(-3.920745982008E-1,2.533105138055E-1,
4.172903298832E-1));
#902=CARTESIAN_POINT('',(-4.018310859880E-1,2.466374898967E-1,
4.307729805471E-1));
#903=CARTESIAN_POINT('',(-4.083152763533E-1,2.369822575440E-1,
4.466820437593E-1));
#904=CARTESIAN_POINT('',(-4.1E-1,2.291195672031E-1,4.587072571537E-1));
#905=CARTESIAN_POINT('',(-4.1E-1,2.25E-1,4.65E-1));
#907=DIRECTION('',(1.088801028711E-14,0.E0,-1.E0));
#908=VECTOR('',#907,1.223609818892E-1);
#909=CARTESIAN_POINT('',(-3.8E-1,2.55E-1,5.299153554238E-1));
#910=LINE('',#909,#908);
#911=CARTESIAN_POINT('',(-4.161079363685E-1,-1.345E0,3.129882174905E-1));
#912=DIRECTION('',(0.E0,-1.E0,0.E0));
#913=DIRECTION('',(9.610793636849E-1,0.E0,2.762724320285E-1));
#914=AXIS2_PLACEMENT_3D('',#911,#912,#913);
#916=CARTESIAN_POINT('',(-2.125333264941E-1,-1.345E0,5.25E-1));
#917=DIRECTION('',(0.E0,1.E0,0.E0));
#918=DIRECTION('',(-8.191520442894E-1,0.E0,5.735764363505E-1));
#919=AXIS2_PLACEMENT_3D('',#916,#917,#918);
#921=DIRECTION('',(5.735764363510E-1,0.E0,8.191520442890E-1));
#922=VECTOR('',#921,9.202851435323E-2);
#923=CARTESIAN_POINT('',(-3.8E-1,-1.345E0,5.299153554238E-1));
#924=LINE('',#923,#922);
#925=CARTESIAN_POINT('',(-3.4E-1,-1.345E0,4.65E-1));
#926=DIRECTION('',(0.E0,1.E0,0.E0));
#927=DIRECTION('',(-4.476937433439E-1,0.E0,-8.941869559386E-1));
#928=AXIS2_PLACEMENT_3D('',#925,#926,#927);
#930=DIRECTION('',(0.E0,-1.E0,0.E0));
#931=VECTOR('',#930,1.1E-1);
#932=CARTESIAN_POINT('',(-3.2E-1,-1.345E0,3.406154606933E-1));
#933=LINE('',#932,#931);
#934=DIRECTION('',(0.E0,1.E0,0.E0));
#935=VECTOR('',#934,1.1E-1);
#936=CARTESIAN_POINT('',(-3.713385620341E-1,-1.455E0,4.024069130843E-1));
#937=LINE('',#936,#935);
#938=DIRECTION('',(1.675134772693E-10,1.E0,2.546254665787E-10));
#939=VECTOR('',#938,9.896129477807E-2);
#940=CARTESIAN_POINT('',(-3.973406431168E-1,-1.449480647383E0,
5.051503505194E-1));
#941=LINE('',#940,#939);
#942=CARTESIAN_POINT('',(-4.1E-1,-1.425E0,4.65E-1));
#943=CARTESIAN_POINT('',(-4.1E-1,-1.428365858538E0,4.701414338429E-1));
#944=CARTESIAN_POINT('',(-4.088700081602E-1,-1.434841221675E0,
4.800408888495E-1));
#945=CARTESIAN_POINT('',(-4.044619683348E-1,-1.443189716572E0,
4.934366607547E-1));
#946=CARTESIAN_POINT('',(-3.999434456131E-1,-1.447636975988E0,
5.014331633224E-1));
#947=CARTESIAN_POINT('',(-3.973406431168E-1,-1.449480647383E0,
5.051503505194E-1));
#949=CARTESIAN_POINT('',(-3.8E-1,-1.455E0,4.075543735346E-1));
#950=CARTESIAN_POINT('',(-3.841719582712E-1,-1.455E0,4.104593524010E-1));
#951=CARTESIAN_POINT('',(-3.921025100727E-1,-1.453292593507E0,
4.173234265512E-1));
#952=CARTESIAN_POINT('',(-4.018750159426E-1,-1.446594306693E0,
4.308453166490E-1));
#953=CARTESIAN_POINT('',(-4.083259299853E-1,-1.436945852104E0,
4.467400895158E-1));
#954=CARTESIAN_POINT('',(-4.1E-1,-1.429107781624E0,4.587252599236E-1));
#955=CARTESIAN_POINT('',(-4.1E-1,-1.425E0,4.65E-1));
#957=CARTESIAN_POINT('',(-3.973406431002E-1,-1.449480647395E0,
5.051503505446E-1));
#958=CARTESIAN_POINT('',(-3.917945169333E-1,-1.453409195235E0,
5.130710395750E-1));
#959=CARTESIAN_POINT('',(-3.859863993864E-1,-1.455E0,5.213658910725E-1));
#960=CARTESIAN_POINT('',(-3.8E-1,-1.455E0,5.299153554238E-1));
#962=DIRECTION('',(0.E0,0.E0,1.E0));
#963=VECTOR('',#962,1.794537721596E-1);
#964=CARTESIAN_POINT('',(-3.2E-1,-1.455E0,4.352731139202E-1));
#965=LINE('',#964,#963);
#966=DIRECTION('',(0.E0,0.E0,1.E0));
#967=VECTOR('',#966,9.465765322688E-2);
#968=CARTESIAN_POINT('',(-3.2E-1,-1.455E0,3.406154606933E-1));
#969=LINE('',#968,#967);
#970=CARTESIAN_POINT('',(-4.161079363685E-1,-1.455E0,3.129882174905E-1));
#971=DIRECTION('',(0.E0,1.E0,0.E0));
#972=DIRECTION('',(4.476937433443E-1,0.E0,8.941869559384E-1));
#973=AXIS2_PLACEMENT_3D('',#970,#971,#972);
#975=CARTESIAN_POINT('',(-3.4E-1,-1.455E0,4.65E-1));
#976=DIRECTION('',(0.E0,-1.E0,0.E0));
#977=DIRECTION('',(-5.714285714286E-1,0.E0,-8.206518066483E-1));
#978=AXIS2_PLACEMENT_3D('',#975,#976,#977);
#980=DIRECTION('',(-5.735764363510E-1,0.E0,-8.191520442890E-1));
#981=VECTOR('',#980,9.202851435323E-2);
#982=CARTESIAN_POINT('',(-3.272146126946E-1,-1.455E0,6.053007010891E-1));
#983=LINE('',#982,#981);
#984=CARTESIAN_POINT('',(-2.125333264941E-1,-1.455E0,5.25E-1));
#985=DIRECTION('',(0.E0,-1.E0,0.E0));
#986=DIRECTION('',(-7.676190964706E-1,0.E0,6.409063291415E-1));
#987=AXIS2_PLACEMENT_3D('',#984,#985,#986);
#989=DIRECTION('',(-1.088801028711E-14,0.E0,1.E0));
#990=VECTOR('',#989,1.223609818892E-1);
#991=CARTESIAN_POINT('',(-3.8E-1,-1.455E0,4.075543735346E-1));
#992=LINE('',#991,#990);
#993=DIRECTION('',(0.E0,1.E0,0.E0));
#994=VECTOR('',#993,1.1E-1);
#995=CARTESIAN_POINT('',(-3.2E-1,-1.455E0,6.147268860798E-1));
#996=LINE('',#995,#994);
#997=DIRECTION('',(0.E0,-1.E0,0.E0));
#998=VECTOR('',#997,1.1E-1);
#999=CARTESIAN_POINT('',(-3.272146126946E-1,-1.345E0,6.053007010891E-1));
#1000=LINE('',#999,#998);
#1001=CARTESIAN_POINT('',(-3.973406431002E-1,-1.350519352605E0,
5.051503505446E-1));
#1002=CARTESIAN_POINT('',(-3.917945169333E-1,-1.346590804765E0,
5.130710395750E-1));
#1003=CARTESIAN_POINT('',(-3.859863993864E-1,-1.345E0,5.213658910725E-1));
#1004=CARTESIAN_POINT('',(-3.8E-1,-1.345E0,5.299153554238E-1));
#1006=CARTESIAN_POINT('',(-4.1E-1,-1.375E0,4.65E-1));
#1007=CARTESIAN_POINT('',(-4.1E-1,-1.371648377125E0,4.701196885086E-1));
#1008=CARTESIAN_POINT('',(-4.088845346931E-1,-1.365185551632E0,
4.799976282446E-1));
#1009=CARTESIAN_POINT('',(-4.044347610950E-1,-1.356764607831E0,
4.935088622991E-1));
#1010=CARTESIAN_POINT('',(-3.999185753800E-1,-1.352345407402E0,
5.014686816977E-1));
#1011=CARTESIAN_POINT('',(-3.973406431002E-1,-1.350519352605E0,
5.051503505446E-1));
#1013=CARTESIAN_POINT('',(-3.8E-1,-1.345E0,4.075543735346E-1));
#1014=CARTESIAN_POINT('',(-3.841071010239E-1,-1.345E0,4.104141916107E-1));
#1015=CARTESIAN_POINT('',(-3.920745982008E-1,-1.346689486195E0,
4.172903298832E-1));
#1016=CARTESIAN_POINT('',(-4.018310859880E-1,-1.353362510103E0,
4.307729805471E-1));
#1017=CARTESIAN_POINT('',(-4.083152763533E-1,-1.363017742456E0,
4.466820437593E-1));
#1018=CARTESIAN_POINT('',(-4.1E-1,-1.370880432797E0,4.587072571537E-1));
#1019=CARTESIAN_POINT('',(-4.1E-1,-1.375E0,4.65E-1));
#1021=DIRECTION('',(1.088801028711E-14,0.E0,-1.E0));
#1022=VECTOR('',#1021,1.223609818892E-1);
#1023=CARTESIAN_POINT('',(-3.8E-1,-1.345E0,5.299153554238E-1));
#1024=LINE('',#1023,#1022);
#1025=CARTESIAN_POINT('',(-4.161079363685E-1,-9.45E-1,3.129882174905E-1));
#1026=DIRECTION('',(0.E0,-1.E0,0.E0));
#1027=DIRECTION('',(9.610793636849E-1,0.E0,2.762724320285E-1));
#1028=AXIS2_PLACEMENT_3D('',#1025,#1026,#1027);
#1030=CARTESIAN_POINT('',(-2.125333264941E-1,-9.45E-1,5.25E-1));
#1031=DIRECTION('',(0.E0,1.E0,0.E0));
#1032=DIRECTION('',(-8.191520442894E-1,0.E0,5.735764363505E-1));
#1033=AXIS2_PLACEMENT_3D('',#1030,#1031,#1032);
#1035=DIRECTION('',(5.735764363510E-1,0.E0,8.191520442890E-1));
#1036=VECTOR('',#1035,9.202851435323E-2);
#1037=CARTESIAN_POINT('',(-3.8E-1,-9.45E-1,5.299153554238E-1));
#1038=LINE('',#1037,#1036);
#1039=CARTESIAN_POINT('',(-3.4E-1,-9.45E-1,4.65E-1));
#1040=DIRECTION('',(0.E0,1.E0,0.E0));
#1041=DIRECTION('',(-4.476937433439E-1,0.E0,-8.941869559386E-1));
#1042=AXIS2_PLACEMENT_3D('',#1039,#1040,#1041);
#1044=DIRECTION('',(0.E0,-1.E0,0.E0));
#1045=VECTOR('',#1044,1.1E-1);
#1046=CARTESIAN_POINT('',(-3.2E-1,-9.45E-1,3.406154606933E-1));
#1047=LINE('',#1046,#1045);
#1048=DIRECTION('',(0.E0,1.E0,0.E0));
#1049=VECTOR('',#1048,1.1E-1);
#1050=CARTESIAN_POINT('',(-3.713385620341E-1,-1.055E0,4.024069130843E-1));
#1051=LINE('',#1050,#1049);
#1052=DIRECTION('',(1.675684491937E-10,1.E0,2.547096072794E-10));
#1053=VECTOR('',#1052,9.896129477807E-2);
#1054=CARTESIAN_POINT('',(-3.973406431168E-1,-1.049480647383E0,
5.051503505194E-1));
#1055=LINE('',#1054,#1053);
#1056=CARTESIAN_POINT('',(-4.1E-1,-1.025E0,4.65E-1));
#1057=CARTESIAN_POINT('',(-4.1E-1,-1.028365858538E0,4.701414338429E-1));
#1058=CARTESIAN_POINT('',(-4.088700081602E-1,-1.034841221675E0,
4.800408888495E-1));
#1059=CARTESIAN_POINT('',(-4.044619683348E-1,-1.043189716572E0,
4.934366607547E-1));
#1060=CARTESIAN_POINT('',(-3.999434456131E-1,-1.047636975988E0,
5.014331633224E-1));
#1061=CARTESIAN_POINT('',(-3.973406431168E-1,-1.049480647383E0,
5.051503505194E-1));
#1063=CARTESIAN_POINT('',(-3.8E-1,-1.055E0,4.075543735346E-1));
#1064=CARTESIAN_POINT('',(-3.841719582712E-1,-1.055E0,4.104593524010E-1));
#1065=CARTESIAN_POINT('',(-3.921025100727E-1,-1.053292593507E0,
4.173234265512E-1));
#1066=CARTESIAN_POINT('',(-4.018750159426E-1,-1.046594306693E0,
4.308453166490E-1));
#1067=CARTESIAN_POINT('',(-4.083259299853E-1,-1.036945852104E0,
4.467400895158E-1));
#1068=CARTESIAN_POINT('',(-4.1E-1,-1.029107781624E0,4.587252599236E-1));
#1069=CARTESIAN_POINT('',(-4.1E-1,-1.025E0,4.65E-1));
#1071=CARTESIAN_POINT('',(-3.973406431002E-1,-1.049480647395E0,
5.051503505446E-1));
#1072=CARTESIAN_POINT('',(-3.917945169333E-1,-1.053409195235E0,
5.130710395750E-1));
#1073=CARTESIAN_POINT('',(-3.859863993864E-1,-1.055E0,5.213658910725E-1));
#1074=CARTESIAN_POINT('',(-3.8E-1,-1.055E0,5.299153554238E-1));
#1076=DIRECTION('',(0.E0,0.E0,1.E0));
#1077=VECTOR('',#1076,1.794537721596E-1);
#1078=CARTESIAN_POINT('',(-3.2E-1,-1.055E0,4.352731139202E-1));
#1079=LINE('',#1078,#1077);
#1080=DIRECTION('',(0.E0,0.E0,1.E0));
#1081=VECTOR('',#1080,9.465765322688E-2);
#1082=CARTESIAN_POINT('',(-3.2E-1,-1.055E0,3.406154606933E-1));
#1083=LINE('',#1082,#1081);
#1084=CARTESIAN_POINT('',(-4.161079363685E-1,-1.055E0,3.129882174905E-1));
#1085=DIRECTION('',(0.E0,1.E0,0.E0));
#1086=DIRECTION('',(4.476937433443E-1,0.E0,8.941869559384E-1));
#1087=AXIS2_PLACEMENT_3D('',#1084,#1085,#1086);
#1089=CARTESIAN_POINT('',(-3.4E-1,-1.055E0,4.65E-1));
#1090=DIRECTION('',(0.E0,-1.E0,0.E0));
#1091=DIRECTION('',(-5.714285714286E-1,0.E0,-8.206518066483E-1));
#1092=AXIS2_PLACEMENT_3D('',#1089,#1090,#1091);
#1094=DIRECTION('',(-5.735764363510E-1,0.E0,-8.191520442890E-1));
#1095=VECTOR('',#1094,9.202851435323E-2);
#1096=CARTESIAN_POINT('',(-3.272146126946E-1,-1.055E0,6.053007010891E-1));
#1097=LINE('',#1096,#1095);
#1098=CARTESIAN_POINT('',(-2.125333264941E-1,-1.055E0,5.25E-1));
#1099=DIRECTION('',(0.E0,-1.E0,0.E0));
#1100=DIRECTION('',(-7.676190964706E-1,0.E0,6.409063291415E-1));
#1101=AXIS2_PLACEMENT_3D('',#1098,#1099,#1100);
#1103=DIRECTION('',(-1.088801028711E-14,0.E0,1.E0));
#1104=VECTOR('',#1103,1.223609818892E-1);
#1105=CARTESIAN_POINT('',(-3.8E-1,-1.055E0,4.075543735346E-1));
#1106=LINE('',#1105,#1104);
#1107=DIRECTION('',(0.E0,1.E0,0.E0));
#1108=VECTOR('',#1107,1.1E-1);
#1109=CARTESIAN_POINT('',(-3.2E-1,-1.055E0,6.147268860798E-1));
#1110=LINE('',#1109,#1108);
#1111=DIRECTION('',(0.E0,-1.E0,0.E0));
#1112=VECTOR('',#1111,1.1E-1);
#1113=CARTESIAN_POINT('',(-3.272146126946E-1,-9.45E-1,6.053007010891E-1));
#1114=LINE('',#1113,#1112);
#1115=CARTESIAN_POINT('',(-3.973406431002E-1,-9.505193526052E-1,
5.051503505446E-1));
#1116=CARTESIAN_POINT('',(-3.917945169333E-1,-9.465908047650E-1,
5.130710395750E-1));
#1117=CARTESIAN_POINT('',(-3.859863993864E-1,-9.45E-1,5.213658910725E-1));
#1118=CARTESIAN_POINT('',(-3.8E-1,-9.45E-1,5.299153554238E-1));
#1120=CARTESIAN_POINT('',(-4.1E-1,-9.75E-1,4.65E-1));
#1121=CARTESIAN_POINT('',(-4.1E-1,-9.716483771249E-1,4.701196885086E-1));
#1122=CARTESIAN_POINT('',(-4.088845346932E-1,-9.651855516323E-1,
4.799976282446E-1));
#1123=CARTESIAN_POINT('',(-4.044347610950E-1,-9.567646078312E-1,
4.935088622991E-1));
#1124=CARTESIAN_POINT('',(-3.999185753800E-1,-9.523454074018E-1,
5.014686816977E-1));
#1125=CARTESIAN_POINT('',(-3.973406431002E-1,-9.505193526052E-1,
5.051503505446E-1));
#1127=CARTESIAN_POINT('',(-3.8E-1,-9.45E-1,4.075543735346E-1));
#1128=CARTESIAN_POINT('',(-3.841071010239E-1,-9.45E-1,4.104141916107E-1));
#1129=CARTESIAN_POINT('',(-3.920745982008E-1,-9.466894861945E-1,
4.172903298832E-1));
#1130=CARTESIAN_POINT('',(-4.018310859880E-1,-9.533625101033E-1,
4.307729805471E-1));
#1131=CARTESIAN_POINT('',(-4.083152763533E-1,-9.630177424560E-1,
4.466820437593E-1));
#1132=CARTESIAN_POINT('',(-4.1E-1,-9.708804327969E-1,4.587072571537E-1));
#1133=CARTESIAN_POINT('',(-4.1E-1,-9.75E-1,4.65E-1));
#1135=DIRECTION('',(1.088801028711E-14,0.E0,-1.E0));
#1136=VECTOR('',#1135,1.223609818892E-1);
#1137=CARTESIAN_POINT('',(-3.8E-1,-9.45E-1,5.299153554238E-1));
#1138=LINE('',#1137,#1136);
#1139=CARTESIAN_POINT('',(-4.161079363685E-1,-5.45E-1,3.129882174905E-1));
#1140=DIRECTION('',(0.E0,-1.E0,0.E0));
#1141=DIRECTION('',(9.610793636849E-1,0.E0,2.762724320285E-1));
#1142=AXIS2_PLACEMENT_3D('',#1139,#1140,#1141);
#1144=CARTESIAN_POINT('',(-2.125333264941E-1,-5.45E-1,5.25E-1));
#1145=DIRECTION('',(0.E0,1.E0,0.E0));
#1146=DIRECTION('',(-8.191520442894E-1,0.E0,5.735764363505E-1));
#1147=AXIS2_PLACEMENT_3D('',#1144,#1145,#1146);
#1149=DIRECTION('',(5.735764363510E-1,0.E0,8.191520442890E-1));
#1150=VECTOR('',#1149,9.202851435323E-2);
#1151=CARTESIAN_POINT('',(-3.8E-1,-5.45E-1,5.299153554238E-1));
#1152=LINE('',#1151,#1150);
#1153=CARTESIAN_POINT('',(-3.4E-1,-5.45E-1,4.65E-1));
#1154=DIRECTION('',(0.E0,1.E0,0.E0));
#1155=DIRECTION('',(-4.476937433439E-1,0.E0,-8.941869559386E-1));
#1156=AXIS2_PLACEMENT_3D('',#1153,#1154,#1155);
#1158=DIRECTION('',(0.E0,-1.E0,0.E0));
#1159=VECTOR('',#1158,1.1E-1);
#1160=CARTESIAN_POINT('',(-3.2E-1,-5.45E-1,3.406154606933E-1));
#1161=LINE('',#1160,#1159);
#1162=DIRECTION('',(0.E0,1.E0,0.E0));
#1163=VECTOR('',#1162,1.1E-1);
#1164=CARTESIAN_POINT('',(-3.713385620341E-1,-6.55E-1,4.024069130843E-1));
#1165=LINE('',#1164,#1163);
#1166=DIRECTION('',(1.682724263897E-10,1.E0,2.557787551165E-10));
#1167=VECTOR('',#1166,9.896129477801E-2);
#1168=CARTESIAN_POINT('',(-3.973406431169E-1,-6.494806473832E-1,
5.051503505193E-1));
#1169=LINE('',#1168,#1167);
#1170=CARTESIAN_POINT('',(-4.1E-1,-6.25E-1,4.65E-1));
#1171=CARTESIAN_POINT('',(-4.1E-1,-6.283658585380E-1,4.701414338429E-1));
#1172=CARTESIAN_POINT('',(-4.088700081602E-1,-6.348412216747E-1,
4.800408888495E-1));
#1173=CARTESIAN_POINT('',(-4.044619683347E-1,-6.431897165721E-1,
4.934366607548E-1));
#1174=CARTESIAN_POINT('',(-3.999434456131E-1,-6.476369759878E-1,
5.014331633223E-1));
#1175=CARTESIAN_POINT('',(-3.973406431169E-1,-6.494806473832E-1,
5.051503505193E-1));
#1177=CARTESIAN_POINT('',(-3.8E-1,-6.55E-1,4.075543735346E-1));
#1178=CARTESIAN_POINT('',(-3.841719582712E-1,-6.55E-1,4.104593524010E-1));
#1179=CARTESIAN_POINT('',(-3.921025100727E-1,-6.532925935065E-1,
4.173234265512E-1));
#1180=CARTESIAN_POINT('',(-4.018750159426E-1,-6.465943066926E-1,
4.308453166490E-1));
#1181=CARTESIAN_POINT('',(-4.083259299853E-1,-6.369458521040E-1,
4.467400895158E-1));
#1182=CARTESIAN_POINT('',(-4.1E-1,-6.291077816237E-1,4.587252599236E-1));
#1183=CARTESIAN_POINT('',(-4.1E-1,-6.25E-1,4.65E-1));
#1185=CARTESIAN_POINT('',(-3.973406431002E-1,-6.494806473948E-1,
5.051503505446E-1));
#1186=CARTESIAN_POINT('',(-3.917945169333E-1,-6.534091952350E-1,
5.130710395750E-1));
#1187=CARTESIAN_POINT('',(-3.859863993864E-1,-6.55E-1,5.213658910725E-1));
#1188=CARTESIAN_POINT('',(-3.8E-1,-6.55E-1,5.299153554238E-1));
#1190=DIRECTION('',(0.E0,0.E0,1.E0));
#1191=VECTOR('',#1190,1.794537721596E-1);
#1192=CARTESIAN_POINT('',(-3.2E-1,-6.55E-1,4.352731139202E-1));
#1193=LINE('',#1192,#1191);
#1194=DIRECTION('',(0.E0,0.E0,1.E0));
#1195=VECTOR('',#1194,9.465765322688E-2);
#1196=CARTESIAN_POINT('',(-3.2E-1,-6.55E-1,3.406154606933E-1));
#1197=LINE('',#1196,#1195);
#1198=CARTESIAN_POINT('',(-4.161079363685E-1,-6.55E-1,3.129882174905E-1));
#1199=DIRECTION('',(0.E0,1.E0,0.E0));
#1200=DIRECTION('',(4.476937433443E-1,0.E0,8.941869559384E-1));
#1201=AXIS2_PLACEMENT_3D('',#1198,#1199,#1200);
#1203=CARTESIAN_POINT('',(-3.4E-1,-6.55E-1,4.65E-1));
#1204=DIRECTION('',(0.E0,-1.E0,0.E0));
#1205=DIRECTION('',(-5.714285714286E-1,0.E0,-8.206518066483E-1));
#1206=AXIS2_PLACEMENT_3D('',#1203,#1204,#1205);
#1208=DIRECTION('',(-5.735764363510E-1,0.E0,-8.191520442890E-1));
#1209=VECTOR('',#1208,9.202851435323E-2);
#1210=CARTESIAN_POINT('',(-3.272146126946E-1,-6.55E-1,6.053007010891E-1));
#1211=LINE('',#1210,#1209);
#1212=CARTESIAN_POINT('',(-2.125333264941E-1,-6.55E-1,5.25E-1));
#1213=DIRECTION('',(0.E0,-1.E0,0.E0));
#1214=DIRECTION('',(-7.676190964706E-1,0.E0,6.409063291415E-1));
#1215=AXIS2_PLACEMENT_3D('',#1212,#1213,#1214);
#1217=DIRECTION('',(-1.088801028711E-14,0.E0,1.E0));
#1218=VECTOR('',#1217,1.223609818892E-1);
#1219=CARTESIAN_POINT('',(-3.8E-1,-6.55E-1,4.075543735346E-1));
#1220=LINE('',#1219,#1218);
#1221=DIRECTION('',(0.E0,1.E0,0.E0));
#1222=VECTOR('',#1221,1.1E-1);
#1223=CARTESIAN_POINT('',(-3.2E-1,-6.55E-1,6.147268860798E-1));
#1224=LINE('',#1223,#1222);
#1225=DIRECTION('',(0.E0,-1.E0,0.E0));
#1226=VECTOR('',#1225,1.1E-1);
#1227=CARTESIAN_POINT('',(-3.272146126946E-1,-5.45E-1,6.053007010891E-1));
#1228=LINE('',#1227,#1226);
#1229=CARTESIAN_POINT('',(-3.973406431002E-1,-5.505193526052E-1,
5.051503505446E-1));
#1230=CARTESIAN_POINT('',(-3.917945169333E-1,-5.465908047650E-1,
5.130710395750E-1));
#1231=CARTESIAN_POINT('',(-3.859863993864E-1,-5.45E-1,5.213658910725E-1));
#1232=CARTESIAN_POINT('',(-3.8E-1,-5.45E-1,5.299153554238E-1));
#1234=CARTESIAN_POINT('',(-4.1E-1,-5.75E-1,4.65E-1));
#1235=CARTESIAN_POINT('',(-4.1E-1,-5.716483771249E-1,4.701196885086E-1));
#1236=CARTESIAN_POINT('',(-4.088845346931E-1,-5.651855516323E-1,
4.799976282446E-1));
#1237=CARTESIAN_POINT('',(-4.044347610950E-1,-5.567646078312E-1,
4.935088622991E-1));
#1238=CARTESIAN_POINT('',(-3.999185753800E-1,-5.523454074018E-1,
5.014686816977E-1));
#1239=CARTESIAN_POINT('',(-3.973406431002E-1,-5.505193526052E-1,
5.051503505446E-1));
#1241=CARTESIAN_POINT('',(-3.8E-1,-5.45E-1,4.075543735346E-1));
#1242=CARTESIAN_POINT('',(-3.841071010239E-1,-5.45E-1,4.104141916107E-1));
#1243=CARTESIAN_POINT('',(-3.920745982008E-1,-5.466894861945E-1,
4.172903298832E-1));
#1244=CARTESIAN_POINT('',(-4.018310859880E-1,-5.533625101033E-1,
4.307729805471E-1));
#1245=CARTESIAN_POINT('',(-4.083152763533E-1,-5.630177424560E-1,
4.466820437593E-1));
#1246=CARTESIAN_POINT('',(-4.1E-1,-5.708804327969E-1,4.587072571537E-1));
#1247=CARTESIAN_POINT('',(-4.1E-1,-5.75E-1,4.65E-1));
#1249=DIRECTION('',(1.406367995418E-14,0.E0,-1.E0));
#1250=VECTOR('',#1249,1.223609818892E-1);
#1251=CARTESIAN_POINT('',(-3.8E-1,-5.45E-1,5.299153554238E-1));
#1252=LINE('',#1251,#1250);
#1253=CARTESIAN_POINT('',(-4.161079363685E-1,6.55E-1,3.129882174905E-1));
#1254=DIRECTION('',(0.E0,-1.E0,0.E0));
#1255=DIRECTION('',(9.610793636849E-1,0.E0,2.762724320285E-1));
#1256=AXIS2_PLACEMENT_3D('',#1253,#1254,#1255);
#1258=CARTESIAN_POINT('',(-2.125333264941E-1,6.55E-1,5.25E-1));
#1259=DIRECTION('',(0.E0,1.E0,0.E0));
#1260=DIRECTION('',(-8.191520442894E-1,0.E0,5.735764363505E-1));
#1261=AXIS2_PLACEMENT_3D('',#1258,#1259,#1260);
#1263=DIRECTION('',(5.735764363510E-1,0.E0,8.191520442890E-1));
#1264=VECTOR('',#1263,9.202851435323E-2);
#1265=CARTESIAN_POINT('',(-3.8E-1,6.55E-1,5.299153554238E-1));
#1266=LINE('',#1265,#1264);
#1267=CARTESIAN_POINT('',(-3.4E-1,6.55E-1,4.65E-1));
#1268=DIRECTION('',(0.E0,1.E0,0.E0));
#1269=DIRECTION('',(-4.476937433439E-1,0.E0,-8.941869559386E-1));
#1270=AXIS2_PLACEMENT_3D('',#1267,#1268,#1269);
#1272=DIRECTION('',(0.E0,-1.E0,0.E0));
#1273=VECTOR('',#1272,1.1E-1);
#1274=CARTESIAN_POINT('',(-3.2E-1,6.55E-1,3.406154606933E-1));
#1275=LINE('',#1274,#1273);
#1276=DIRECTION('',(0.E0,1.E0,0.E0));
#1277=VECTOR('',#1276,1.1E-1);
#1278=CARTESIAN_POINT('',(-3.713385620341E-1,5.45E-1,4.024069130843E-1));
#1279=LINE('',#1278,#1277);
#1280=DIRECTION('',(1.683638592844E-10,1.E0,2.559178677416E-10));
#1281=VECTOR('',#1280,9.896129477801E-2);
#1282=CARTESIAN_POINT('',(-3.973406431169E-1,5.505193526168E-1,
5.051503505193E-1));
#1283=LINE('',#1282,#1281);
#1284=CARTESIAN_POINT('',(-4.1E-1,5.75E-1,4.65E-1));
#1285=CARTESIAN_POINT('',(-4.1E-1,5.716341414620E-1,4.701414338429E-1));
#1286=CARTESIAN_POINT('',(-4.088700081602E-1,5.651587783253E-1,
4.800408888495E-1));
#1287=CARTESIAN_POINT('',(-4.044619683347E-1,5.568102834279E-1,
4.934366607548E-1));
#1288=CARTESIAN_POINT('',(-3.999434456131E-1,5.523630240122E-1,
5.014331633223E-1));
#1289=CARTESIAN_POINT('',(-3.973406431169E-1,5.505193526168E-1,
5.051503505193E-1));
#1291=CARTESIAN_POINT('',(-3.8E-1,5.45E-1,4.075543735346E-1));
#1292=CARTESIAN_POINT('',(-3.841719582712E-1,5.45E-1,4.104593524010E-1));
#1293=CARTESIAN_POINT('',(-3.921025100727E-1,5.467074064935E-1,
4.173234265512E-1));
#1294=CARTESIAN_POINT('',(-4.018750159426E-1,5.534056933074E-1,
4.308453166490E-1));
#1295=CARTESIAN_POINT('',(-4.083259299853E-1,5.630541478960E-1,
4.467400895158E-1));
#1296=CARTESIAN_POINT('',(-4.1E-1,5.708922183763E-1,4.587252599236E-1));
#1297=CARTESIAN_POINT('',(-4.1E-1,5.75E-1,4.65E-1));
#1299=CARTESIAN_POINT('',(-3.973406431002E-1,5.505193526052E-1,
5.051503505446E-1));
#1300=CARTESIAN_POINT('',(-3.917945169333E-1,5.465908047650E-1,
5.130710395750E-1));
#1301=CARTESIAN_POINT('',(-3.859863993864E-1,5.45E-1,5.213658910725E-1));
#1302=CARTESIAN_POINT('',(-3.8E-1,5.45E-1,5.299153554238E-1));
#1304=DIRECTION('',(0.E0,0.E0,1.E0));
#1305=VECTOR('',#1304,1.794537721596E-1);
#1306=CARTESIAN_POINT('',(-3.2E-1,5.45E-1,4.352731139202E-1));
#1307=LINE('',#1306,#1305);
#1308=DIRECTION('',(0.E0,0.E0,1.E0));
#1309=VECTOR('',#1308,9.465765322687E-2);
#1310=CARTESIAN_POINT('',(-3.2E-1,5.45E-1,3.406154606933E-1));
#1311=LINE('',#1310,#1309);
#1312=CARTESIAN_POINT('',(-4.161079363685E-1,5.45E-1,3.129882174905E-1));
#1313=DIRECTION('',(0.E0,1.E0,0.E0));
#1314=DIRECTION('',(4.476937433443E-1,0.E0,8.941869559384E-1));
#1315=AXIS2_PLACEMENT_3D('',#1312,#1313,#1314);
#1317=CARTESIAN_POINT('',(-3.4E-1,5.45E-1,4.65E-1));
#1318=DIRECTION('',(0.E0,-1.E0,0.E0));
#1319=DIRECTION('',(-5.714285714286E-1,0.E0,-8.206518066483E-1));
#1320=AXIS2_PLACEMENT_3D('',#1317,#1318,#1319);
#1322=DIRECTION('',(-5.735764363510E-1,0.E0,-8.191520442890E-1));
#1323=VECTOR('',#1322,9.202851435323E-2);
#1324=CARTESIAN_POINT('',(-3.272146126946E-1,5.45E-1,6.053007010891E-1));
#1325=LINE('',#1324,#1323);
#1326=CARTESIAN_POINT('',(-2.125333264941E-1,5.45E-1,5.25E-1));
#1327=DIRECTION('',(0.E0,-1.E0,0.E0));
#1328=DIRECTION('',(-7.676190964706E-1,0.E0,6.409063291415E-1));
#1329=AXIS2_PLACEMENT_3D('',#1326,#1327,#1328);
#1331=DIRECTION('',(-1.406367995418E-14,0.E0,1.E0));
#1332=VECTOR('',#1331,1.223609818892E-1);
#1333=CARTESIAN_POINT('',(-3.8E-1,5.45E-1,4.075543735346E-1));
#1334=LINE('',#1333,#1332);
#1335=DIRECTION('',(0.E0,1.E0,0.E0));
#1336=VECTOR('',#1335,1.1E-1);
#1337=CARTESIAN_POINT('',(-3.2E-1,5.45E-1,6.147268860798E-1));
#1338=LINE('',#1337,#1336);
#1339=DIRECTION('',(0.E0,-1.E0,0.E0));
#1340=VECTOR('',#1339,1.1E-1);
#1341=CARTESIAN_POINT('',(-3.272146126946E-1,6.55E-1,6.053007010891E-1));
#1342=LINE('',#1341,#1340);
#1343=CARTESIAN_POINT('',(-3.973406431002E-1,6.494806473948E-1,
5.051503505446E-1));
#1344=CARTESIAN_POINT('',(-3.917945169333E-1,6.534091952350E-1,
5.130710395750E-1));
#1345=CARTESIAN_POINT('',(-3.859863993864E-1,6.55E-1,5.213658910725E-1));
#1346=CARTESIAN_POINT('',(-3.8E-1,6.55E-1,5.299153554238E-1));
#1348=CARTESIAN_POINT('',(-4.1E-1,6.25E-1,4.65E-1));
#1349=CARTESIAN_POINT('',(-4.1E-1,6.283516228751E-1,4.701196885086E-1));
#1350=CARTESIAN_POINT('',(-4.088845346931E-1,6.348144483677E-1,
4.799976282446E-1));
#1351=CARTESIAN_POINT('',(-4.044347610950E-1,6.432353921688E-1,
4.935088622991E-1));
#1352=CARTESIAN_POINT('',(-3.999185753800E-1,6.476545925982E-1,
5.014686816977E-1));
#1353=CARTESIAN_POINT('',(-3.973406431002E-1,6.494806473948E-1,
5.051503505446E-1));
#1355=CARTESIAN_POINT('',(-3.8E-1,6.55E-1,4.075543735346E-1));
#1356=CARTESIAN_POINT('',(-3.841071010239E-1,6.55E-1,4.104141916107E-1));
#1357=CARTESIAN_POINT('',(-3.920745982008E-1,6.533105138055E-1,
4.172903298832E-1));
#1358=CARTESIAN_POINT('',(-4.018310859880E-1,6.466374898967E-1,
4.307729805471E-1));
#1359=CARTESIAN_POINT('',(-4.083152763533E-1,6.369822575440E-1,
4.466820437593E-1));
#1360=CARTESIAN_POINT('',(-4.1E-1,6.291195672031E-1,4.587072571537E-1));
#1361=CARTESIAN_POINT('',(-4.1E-1,6.25E-1,4.65E-1));
#1363=DIRECTION('',(-1.497101414478E-14,0.E0,-1.E0));
#1364=VECTOR('',#1363,1.223609818892E-1);
#1365=CARTESIAN_POINT('',(-3.8E-1,6.55E-1,5.299153554238E-1));
#1366=LINE('',#1365,#1364);
#1367=CARTESIAN_POINT('',(-4.161079363685E-1,1.055E0,3.129882174905E-1));
#1368=DIRECTION('',(0.E0,-1.E0,0.E0));
#1369=DIRECTION('',(9.610793636849E-1,0.E0,2.762724320285E-1));
#1370=AXIS2_PLACEMENT_3D('',#1367,#1368,#1369);
#1372=CARTESIAN_POINT('',(-2.125333264941E-1,1.055E0,5.25E-1));
#1373=DIRECTION('',(0.E0,1.E0,0.E0));
#1374=DIRECTION('',(-8.191520442894E-1,0.E0,5.735764363505E-1));
#1375=AXIS2_PLACEMENT_3D('',#1372,#1373,#1374);
#1377=DIRECTION('',(5.735764363510E-1,0.E0,8.191520442890E-1));
#1378=VECTOR('',#1377,9.202851435323E-2);
#1379=CARTESIAN_POINT('',(-3.8E-1,1.055E0,5.299153554238E-1));
#1380=LINE('',#1379,#1378);
#1381=CARTESIAN_POINT('',(-3.4E-1,1.055E0,4.65E-1));
#1382=DIRECTION('',(0.E0,1.E0,0.E0));
#1383=DIRECTION('',(-4.476937433439E-1,0.E0,-8.941869559386E-1));
#1384=AXIS2_PLACEMENT_3D('',#1381,#1382,#1383);
#1386=DIRECTION('',(0.E0,-1.E0,0.E0));
#1387=VECTOR('',#1386,1.1E-1);
#1388=CARTESIAN_POINT('',(-3.2E-1,1.055E0,3.406154606933E-1));
#1389=LINE('',#1388,#1387);
#1390=DIRECTION('',(0.E0,1.E0,0.E0));
#1391=VECTOR('',#1390,1.1E-1);
#1392=CARTESIAN_POINT('',(-3.713385620341E-1,9.45E-1,4.024069130843E-1));
#1393=LINE('',#1392,#1391);
#1394=DIRECTION('',(1.682842060878E-10,1.E0,2.557967051326E-10));
#1395=VECTOR('',#1394,9.896129477801E-2);
#1396=CARTESIAN_POINT('',(-3.973406431169E-1,9.505193526168E-1,
5.051503505193E-1));
#1397=LINE('',#1396,#1395);
#1398=CARTESIAN_POINT('',(-4.1E-1,9.75E-1,4.65E-1));
#1399=CARTESIAN_POINT('',(-4.1E-1,9.716341414620E-1,4.701414338429E-1));
#1400=CARTESIAN_POINT('',(-4.088700081602E-1,9.651587783253E-1,
4.800408888495E-1));
#1401=CARTESIAN_POINT('',(-4.044619683347E-1,9.568102834279E-1,
4.934366607548E-1));
#1402=CARTESIAN_POINT('',(-3.999434456131E-1,9.523630240122E-1,
5.014331633223E-1));
#1403=CARTESIAN_POINT('',(-3.973406431169E-1,9.505193526168E-1,
5.051503505193E-1));
#1405=CARTESIAN_POINT('',(-3.8E-1,9.45E-1,4.075543735346E-1));
#1406=CARTESIAN_POINT('',(-3.841719582712E-1,9.45E-1,4.104593524010E-1));
#1407=CARTESIAN_POINT('',(-3.921025100727E-1,9.467074064935E-1,
4.173234265512E-1));
#1408=CARTESIAN_POINT('',(-4.018750159426E-1,9.534056933074E-1,
4.308453166490E-1));
#1409=CARTESIAN_POINT('',(-4.083259299853E-1,9.630541478960E-1,
4.467400895158E-1));
#1410=CARTESIAN_POINT('',(-4.1E-1,9.708922183763E-1,4.587252599236E-1));
#1411=CARTESIAN_POINT('',(-4.1E-1,9.75E-1,4.65E-1));
#1413=CARTESIAN_POINT('',(-3.973406431002E-1,9.505193526052E-1,
5.051503505446E-1));
#1414=CARTESIAN_POINT('',(-3.917945169333E-1,9.465908047650E-1,
5.130710395750E-1));
#1415=CARTESIAN_POINT('',(-3.859863993864E-1,9.45E-1,5.213658910725E-1));
#1416=CARTESIAN_POINT('',(-3.8E-1,9.45E-1,5.299153554238E-1));
#1418=DIRECTION('',(0.E0,0.E0,1.E0));
#1419=VECTOR('',#1418,1.794537721596E-1);
#1420=CARTESIAN_POINT('',(-3.2E-1,9.45E-1,4.352731139202E-1));
#1421=LINE('',#1420,#1419);
#1422=DIRECTION('',(0.E0,0.E0,1.E0));
#1423=VECTOR('',#1422,9.465765322687E-2);
#1424=CARTESIAN_POINT('',(-3.2E-1,9.45E-1,3.406154606933E-1));
#1425=LINE('',#1424,#1423);
#1426=CARTESIAN_POINT('',(-4.161079363685E-1,9.45E-1,3.129882174905E-1));
#1427=DIRECTION('',(0.E0,1.E0,0.E0));
#1428=DIRECTION('',(4.476937433443E-1,0.E0,8.941869559384E-1));
#1429=AXIS2_PLACEMENT_3D('',#1426,#1427,#1428);
#1431=CARTESIAN_POINT('',(-3.4E-1,9.45E-1,4.65E-1));
#1432=DIRECTION('',(0.E0,-1.E0,0.E0));
#1433=DIRECTION('',(-5.714285714286E-1,0.E0,-8.206518066483E-1));
#1434=AXIS2_PLACEMENT_3D('',#1431,#1432,#1433);
#1436=DIRECTION('',(-5.735764363510E-1,0.E0,-8.191520442890E-1));
#1437=VECTOR('',#1436,9.202851435323E-2);
#1438=CARTESIAN_POINT('',(-3.272146126946E-1,9.45E-1,6.053007010891E-1));
#1439=LINE('',#1438,#1437);
#1440=CARTESIAN_POINT('',(-2.125333264941E-1,9.45E-1,5.25E-1));
#1441=DIRECTION('',(0.E0,-1.E0,0.E0));
#1442=DIRECTION('',(-7.676190964706E-1,0.E0,6.409063291415E-1));
#1443=AXIS2_PLACEMENT_3D('',#1440,#1441,#1442);
#1445=DIRECTION('',(-1.088801028711E-14,0.E0,1.E0));
#1446=VECTOR('',#1445,1.223609818892E-1);
#1447=CARTESIAN_POINT('',(-3.8E-1,9.45E-1,4.075543735346E-1));
#1448=LINE('',#1447,#1446);
#1449=DIRECTION('',(0.E0,1.E0,0.E0));
#1450=VECTOR('',#1449,1.1E-1);
#1451=CARTESIAN_POINT('',(-3.2E-1,9.45E-1,6.147268860798E-1));
#1452=LINE('',#1451,#1450);
#1453=DIRECTION('',(0.E0,-1.E0,0.E0));
#1454=VECTOR('',#1453,1.1E-1);
#1455=CARTESIAN_POINT('',(-3.272146126946E-1,1.055E0,6.053007010891E-1));
#1456=LINE('',#1455,#1454);
#1457=CARTESIAN_POINT('',(-3.973406431002E-1,1.049480647395E0,
5.051503505446E-1));
#1458=CARTESIAN_POINT('',(-3.917945169333E-1,1.053409195235E0,
5.130710395750E-1));
#1459=CARTESIAN_POINT('',(-3.859863993864E-1,1.055E0,5.213658910725E-1));
#1460=CARTESIAN_POINT('',(-3.8E-1,1.055E0,5.299153554238E-1));
#1462=CARTESIAN_POINT('',(-4.1E-1,1.025E0,4.65E-1));
#1463=CARTESIAN_POINT('',(-4.1E-1,1.028351622875E0,4.701196885086E-1));
#1464=CARTESIAN_POINT('',(-4.088845346931E-1,1.034814448368E0,
4.799976282446E-1));
#1465=CARTESIAN_POINT('',(-4.044347610950E-1,1.043235392169E0,
4.935088622991E-1));
#1466=CARTESIAN_POINT('',(-3.999185753800E-1,1.047654592598E0,
5.014686816977E-1));
#1467=CARTESIAN_POINT('',(-3.973406431002E-1,1.049480647395E0,
5.051503505446E-1));
#1469=CARTESIAN_POINT('',(-3.8E-1,1.055E0,4.075543735346E-1));
#1470=CARTESIAN_POINT('',(-3.841071010239E-1,1.055E0,4.104141916107E-1));
#1471=CARTESIAN_POINT('',(-3.920745982008E-1,1.053310513805E0,
4.172903298832E-1));
#1472=CARTESIAN_POINT('',(-4.018310859880E-1,1.046637489897E0,
4.307729805471E-1));
#1473=CARTESIAN_POINT('',(-4.083152763533E-1,1.036982257544E0,
4.466820437593E-1));
#1474=CARTESIAN_POINT('',(-4.1E-1,1.029119567203E0,4.587072571537E-1));
#1475=CARTESIAN_POINT('',(-4.1E-1,1.025E0,4.65E-1));
#1477=DIRECTION('',(1.088801028711E-14,0.E0,-1.E0));
#1478=VECTOR('',#1477,1.223609818892E-1);
#1479=CARTESIAN_POINT('',(-3.8E-1,1.055E0,5.299153554238E-1));
#1480=LINE('',#1479,#1478);
#1481=CARTESIAN_POINT('',(-4.161079363685E-1,1.855E0,3.129882174905E-1));
#1482=DIRECTION('',(0.E0,-1.E0,0.E0));
#1483=DIRECTION('',(9.610793636849E-1,0.E0,2.762724320285E-1));
#1484=AXIS2_PLACEMENT_3D('',#1481,#1482,#1483);
#1486=CARTESIAN_POINT('',(-2.125333264941E-1,1.855E0,5.25E-1));
#1487=DIRECTION('',(0.E0,1.E0,0.E0));
#1488=DIRECTION('',(-8.191520442894E-1,0.E0,5.735764363505E-1));
#1489=AXIS2_PLACEMENT_3D('',#1486,#1487,#1488);
#1491=DIRECTION('',(5.735764363510E-1,0.E0,8.191520442890E-1));
#1492=VECTOR('',#1491,9.202851435323E-2);
#1493=CARTESIAN_POINT('',(-3.8E-1,1.855E0,5.299153554238E-1));
#1494=LINE('',#1493,#1492);
#1495=CARTESIAN_POINT('',(-3.4E-1,1.855E0,4.65E-1));
#1496=DIRECTION('',(0.E0,1.E0,0.E0));
#1497=DIRECTION('',(-4.476937433439E-1,0.E0,-8.941869559386E-1));
#1498=AXIS2_PLACEMENT_3D('',#1495,#1496,#1497);
#1500=DIRECTION('',(0.E0,-1.E0,0.E0));
#1501=VECTOR('',#1500,1.1E-1);
#1502=CARTESIAN_POINT('',(-3.2E-1,1.855E0,3.406154606933E-1));
#1503=LINE('',#1502,#1501);
#1504=DIRECTION('',(0.E0,1.E0,0.E0));
#1505=VECTOR('',#1504,1.1E-1);
#1506=CARTESIAN_POINT('',(-3.713385620341E-1,1.745E0,4.024069130843E-1));
#1507=LINE('',#1506,#1505);
#1508=DIRECTION('',(1.682987904759E-10,1.E0,2.558191426528E-10));
#1509=VECTOR('',#1508,9.896129477801E-2);
#1510=CARTESIAN_POINT('',(-3.973406431169E-1,1.750519352617E0,
5.051503505193E-1));
#1511=LINE('',#1510,#1509);
#1512=CARTESIAN_POINT('',(-4.1E-1,1.775E0,4.65E-1));
#1513=CARTESIAN_POINT('',(-4.1E-1,1.771634141462E0,4.701414338429E-1));
#1514=CARTESIAN_POINT('',(-4.088700081602E-1,1.765158778325E0,
4.800408888495E-1));
#1515=CARTESIAN_POINT('',(-4.044619683347E-1,1.756810283428E0,
4.934366607548E-1));
#1516=CARTESIAN_POINT('',(-3.999434456131E-1,1.752363024012E0,
5.014331633223E-1));
#1517=CARTESIAN_POINT('',(-3.973406431169E-1,1.750519352617E0,
5.051503505193E-1));
#1519=CARTESIAN_POINT('',(-3.8E-1,1.745E0,4.075543735346E-1));
#1520=CARTESIAN_POINT('',(-3.841719582712E-1,1.745E0,4.104593524010E-1));
#1521=CARTESIAN_POINT('',(-3.921025100727E-1,1.746707406493E0,
4.173234265512E-1));
#1522=CARTESIAN_POINT('',(-4.018750159426E-1,1.753405693307E0,
4.308453166490E-1));
#1523=CARTESIAN_POINT('',(-4.083259299853E-1,1.763054147896E0,
4.467400895158E-1));
#1524=CARTESIAN_POINT('',(-4.1E-1,1.770892218376E0,4.587252599236E-1));
#1525=CARTESIAN_POINT('',(-4.1E-1,1.775E0,4.65E-1));
#1527=CARTESIAN_POINT('',(-3.973406431002E-1,1.750519352605E0,
5.051503505446E-1));
#1528=CARTESIAN_POINT('',(-3.917945169333E-1,1.746590804765E0,
5.130710395750E-1));
#1529=CARTESIAN_POINT('',(-3.859863993864E-1,1.745E0,5.213658910725E-1));
#1530=CARTESIAN_POINT('',(-3.8E-1,1.745E0,5.299153554238E-1));
#1532=DIRECTION('',(0.E0,0.E0,1.E0));
#1533=VECTOR('',#1532,1.794537721596E-1);
#1534=CARTESIAN_POINT('',(-3.2E-1,1.745E0,4.352731139202E-1));
#1535=LINE('',#1534,#1533);
#1536=DIRECTION('',(0.E0,0.E0,1.E0));
#1537=VECTOR('',#1536,9.465765322687E-2);
#1538=CARTESIAN_POINT('',(-3.2E-1,1.745E0,3.406154606933E-1));
#1539=LINE('',#1538,#1537);
#1540=CARTESIAN_POINT('',(-4.161079363685E-1,1.745E0,3.129882174905E-1));
#1541=DIRECTION('',(0.E0,1.E0,0.E0));
#1542=DIRECTION('',(4.476937433443E-1,0.E0,8.941869559384E-1));
#1543=AXIS2_PLACEMENT_3D('',#1540,#1541,#1542);
#1545=CARTESIAN_POINT('',(-3.4E-1,1.745E0,4.65E-1));
#1546=DIRECTION('',(0.E0,-1.E0,0.E0));
#1547=DIRECTION('',(-5.714285714286E-1,0.E0,-8.206518066483E-1));
#1548=AXIS2_PLACEMENT_3D('',#1545,#1546,#1547);
#1550=DIRECTION('',(-5.735764363510E-1,0.E0,-8.191520442890E-1));
#1551=VECTOR('',#1550,9.202851435323E-2);
#1552=CARTESIAN_POINT('',(-3.272146126946E-1,1.745E0,6.053007010891E-1));
#1553=LINE('',#1552,#1551);
#1554=CARTESIAN_POINT('',(-2.125333264941E-1,1.745E0,5.25E-1));
#1555=DIRECTION('',(0.E0,-1.E0,0.E0));
#1556=DIRECTION('',(-7.676190964706E-1,0.E0,6.409063291415E-1));
#1557=AXIS2_PLACEMENT_3D('',#1554,#1555,#1556);
#1559=DIRECTION('',(-1.633201543067E-14,0.E0,1.E0));
#1560=VECTOR('',#1559,1.223609818892E-1);
#1561=CARTESIAN_POINT('',(-3.8E-1,1.745E0,4.075543735346E-1));
#1562=LINE('',#1561,#1560);
#1563=DIRECTION('',(0.E0,1.E0,0.E0));
#1564=VECTOR('',#1563,1.1E-1);
#1565=CARTESIAN_POINT('',(-3.2E-1,1.745E0,6.147268860798E-1));
#1566=LINE('',#1565,#1564);
#1567=DIRECTION('',(0.E0,-1.E0,0.E0));
#1568=VECTOR('',#1567,1.1E-1);
#1569=CARTESIAN_POINT('',(-3.272146126946E-1,1.855E0,6.053007010891E-1));
#1570=LINE('',#1569,#1568);
#1571=CARTESIAN_POINT('',(-3.973406431002E-1,1.849480647395E0,
5.051503505446E-1));
#1572=CARTESIAN_POINT('',(-3.917945169333E-1,1.853409195235E0,
5.130710395750E-1));
#1573=CARTESIAN_POINT('',(-3.859863993864E-1,1.855E0,5.213658910725E-1));
#1574=CARTESIAN_POINT('',(-3.8E-1,1.855E0,5.299153554238E-1));
#1576=CARTESIAN_POINT('',(-4.1E-1,1.825E0,4.65E-1));
#1577=CARTESIAN_POINT('',(-4.1E-1,1.828351622875E0,4.701196885086E-1));
#1578=CARTESIAN_POINT('',(-4.088845346931E-1,1.834814448368E0,
4.799976282446E-1));
#1579=CARTESIAN_POINT('',(-4.044347610950E-1,1.843235392169E0,
4.935088622991E-1));
#1580=CARTESIAN_POINT('',(-3.999185753800E-1,1.847654592598E0,
5.014686816977E-1));
#1581=CARTESIAN_POINT('',(-3.973406431002E-1,1.849480647395E0,
5.051503505446E-1));
#1583=CARTESIAN_POINT('',(-3.8E-1,1.855E0,4.075543735346E-1));
#1584=CARTESIAN_POINT('',(-3.841071010239E-1,1.855E0,4.104141916107E-1));
#1585=CARTESIAN_POINT('',(-3.920745982008E-1,1.853310513805E0,
4.172903298832E-1));
#1586=CARTESIAN_POINT('',(-4.018310859880E-1,1.846637489897E0,
4.307729805471E-1));
#1587=CARTESIAN_POINT('',(-4.083152763533E-1,1.836982257544E0,
4.466820437593E-1));
#1588=CARTESIAN_POINT('',(-4.1E-1,1.829119567203E0,4.587072571537E-1));
#1589=CARTESIAN_POINT('',(-4.1E-1,1.825E0,4.65E-1));
#1591=DIRECTION('',(1.088801028711E-14,0.E0,-1.E0));
#1592=VECTOR('',#1591,1.223609818892E-1);
#1593=CARTESIAN_POINT('',(-3.8E-1,1.855E0,5.299153554238E-1));
#1594=LINE('',#1593,#1592);
#1595=CARTESIAN_POINT('',(-4.161079363685E-1,-1.745E0,3.129882174905E-1));
#1596=DIRECTION('',(0.E0,-1.E0,0.E0));
#1597=DIRECTION('',(9.610793636849E-1,0.E0,2.762724320285E-1));
#1598=AXIS2_PLACEMENT_3D('',#1595,#1596,#1597);
#1600=CARTESIAN_POINT('',(-2.125333264941E-1,-1.745E0,5.25E-1));
#1601=DIRECTION('',(0.E0,1.E0,0.E0));
#1602=DIRECTION('',(-8.191520442894E-1,0.E0,5.735764363505E-1));
#1603=AXIS2_PLACEMENT_3D('',#1600,#1601,#1602);
#1605=DIRECTION('',(5.735764363510E-1,0.E0,8.191520442890E-1));
#1606=VECTOR('',#1605,9.202851435323E-2);
#1607=CARTESIAN_POINT('',(-3.8E-1,-1.745E0,5.299153554238E-1));
#1608=LINE('',#1607,#1606);
#1609=CARTESIAN_POINT('',(-3.4E-1,-1.745E0,4.65E-1));
#1610=DIRECTION('',(0.E0,1.E0,0.E0));
#1611=DIRECTION('',(-4.476937433439E-1,0.E0,-8.941869559386E-1));
#1612=AXIS2_PLACEMENT_3D('',#1609,#1610,#1611);
#1614=DIRECTION('',(0.E0,-1.E0,0.E0));
#1615=VECTOR('',#1614,1.1E-1);
#1616=CARTESIAN_POINT('',(-3.2E-1,-1.745E0,3.406154606933E-1));
#1617=LINE('',#1616,#1615);
#1618=DIRECTION('',(0.E0,1.E0,0.E0));
#1619=VECTOR('',#1618,1.1E-1);
#1620=CARTESIAN_POINT('',(-3.713385620341E-1,-1.855E0,4.024069130843E-1));
#1621=LINE('',#1620,#1619);
#1622=DIRECTION('',(1.675134772693E-10,1.E0,2.546254665787E-10));
#1623=VECTOR('',#1622,9.896129477807E-2);
#1624=CARTESIAN_POINT('',(-3.973406431168E-1,-1.849480647383E0,
5.051503505194E-1));
#1625=LINE('',#1624,#1623);
#1626=CARTESIAN_POINT('',(-4.1E-1,-1.825E0,4.65E-1));
#1627=CARTESIAN_POINT('',(-4.1E-1,-1.828365858538E0,4.701414338429E-1));
#1628=CARTESIAN_POINT('',(-4.088700081602E-1,-1.834841221675E0,
4.800408888495E-1));
#1629=CARTESIAN_POINT('',(-4.044619683348E-1,-1.843189716572E0,
4.934366607547E-1));
#1630=CARTESIAN_POINT('',(-3.999434456131E-1,-1.847636975988E0,
5.014331633224E-1));
#1631=CARTESIAN_POINT('',(-3.973406431168E-1,-1.849480647383E0,
5.051503505194E-1));
#1633=CARTESIAN_POINT('',(-3.8E-1,-1.855E0,4.075543735346E-1));
#1634=CARTESIAN_POINT('',(-3.841719582712E-1,-1.855E0,4.104593524010E-1));
#1635=CARTESIAN_POINT('',(-3.921025100727E-1,-1.853292593507E0,
4.173234265512E-1));
#1636=CARTESIAN_POINT('',(-4.018750159426E-1,-1.846594306693E0,
4.308453166490E-1));
#1637=CARTESIAN_POINT('',(-4.083259299853E-1,-1.836945852104E0,
4.467400895158E-1));
#1638=CARTESIAN_POINT('',(-4.1E-1,-1.829107781624E0,4.587252599236E-1));
#1639=CARTESIAN_POINT('',(-4.1E-1,-1.825E0,4.65E-1));
#1641=CARTESIAN_POINT('',(-3.973406431002E-1,-1.849480647395E0,
5.051503505446E-1));
#1642=CARTESIAN_POINT('',(-3.917945169333E-1,-1.853409195235E0,
5.130710395750E-1));
#1643=CARTESIAN_POINT('',(-3.859863993864E-1,-1.855E0,5.213658910725E-1));
#1644=CARTESIAN_POINT('',(-3.8E-1,-1.855E0,5.299153554238E-1));
#1646=DIRECTION('',(0.E0,0.E0,1.E0));
#1647=VECTOR('',#1646,1.794537721596E-1);
#1648=CARTESIAN_POINT('',(-3.2E-1,-1.855E0,4.352731139202E-1));
#1649=LINE('',#1648,#1647);
#1650=DIRECTION('',(0.E0,0.E0,1.E0));
#1651=VECTOR('',#1650,9.465765322688E-2);
#1652=CARTESIAN_POINT('',(-3.2E-1,-1.855E0,3.406154606933E-1));
#1653=LINE('',#1652,#1651);
#1654=CARTESIAN_POINT('',(-4.161079363685E-1,-1.855E0,3.129882174905E-1));
#1655=DIRECTION('',(0.E0,1.E0,0.E0));
#1656=DIRECTION('',(4.476937433443E-1,0.E0,8.941869559384E-1));
#1657=AXIS2_PLACEMENT_3D('',#1654,#1655,#1656);
#1659=CARTESIAN_POINT('',(-3.4E-1,-1.855E0,4.65E-1));
#1660=DIRECTION('',(0.E0,-1.E0,0.E0));
#1661=DIRECTION('',(-5.714285714286E-1,0.E0,-8.206518066483E-1));
#1662=AXIS2_PLACEMENT_3D('',#1659,#1660,#1661);
#1664=DIRECTION('',(-5.735764363510E-1,0.E0,-8.191520442890E-1));
#1665=VECTOR('',#1664,9.202851435323E-2);
#1666=CARTESIAN_POINT('',(-3.272146126946E-1,-1.855E0,6.053007010891E-1));
#1667=LINE('',#1666,#1665);
#1668=CARTESIAN_POINT('',(-2.125333264941E-1,-1.855E0,5.25E-1));
#1669=DIRECTION('',(0.E0,-1.E0,0.E0));
#1670=DIRECTION('',(-7.676190964706E-1,0.E0,6.409063291415E-1));
#1671=AXIS2_PLACEMENT_3D('',#1668,#1669,#1670);
#1673=DIRECTION('',(-1.088801028711E-14,0.E0,1.E0));
#1674=VECTOR('',#1673,1.223609818892E-1);
#1675=CARTESIAN_POINT('',(-3.8E-1,-1.855E0,4.075543735346E-1));
#1676=LINE('',#1675,#1674);
#1677=DIRECTION('',(0.E0,1.E0,0.E0));
#1678=VECTOR('',#1677,1.1E-1);
#1679=CARTESIAN_POINT('',(-3.2E-1,-1.855E0,6.147268860798E-1));
#1680=LINE('',#1679,#1678);
#1681=DIRECTION('',(0.E0,-1.E0,0.E0));
#1682=VECTOR('',#1681,1.1E-1);
#1683=CARTESIAN_POINT('',(-3.272146126946E-1,-1.745E0,6.053007010891E-1));
#1684=LINE('',#1683,#1682);
#1685=CARTESIAN_POINT('',(-3.973406431002E-1,-1.750519352605E0,
5.051503505446E-1));
#1686=CARTESIAN_POINT('',(-3.917945169333E-1,-1.746590804765E0,
5.130710395750E-1));
#1687=CARTESIAN_POINT('',(-3.859863993864E-1,-1.745E0,5.213658910725E-1));
#1688=CARTESIAN_POINT('',(-3.8E-1,-1.745E0,5.299153554238E-1));
#1690=CARTESIAN_POINT('',(-4.1E-1,-1.775E0,4.65E-1));
#1691=CARTESIAN_POINT('',(-4.1E-1,-1.771648377125E0,4.701196885086E-1));
#1692=CARTESIAN_POINT('',(-4.088845346931E-1,-1.765185551632E0,
4.799976282446E-1));
#1693=CARTESIAN_POINT('',(-4.044347610950E-1,-1.756764607831E0,
4.935088622991E-1));
#1694=CARTESIAN_POINT('',(-3.999185753800E-1,-1.752345407402E0,
5.014686816977E-1));
#1695=CARTESIAN_POINT('',(-3.973406431002E-1,-1.750519352605E0,
5.051503505446E-1));
#1697=CARTESIAN_POINT('',(-3.8E-1,-1.745E0,4.075543735346E-1));
#1698=CARTESIAN_POINT('',(-3.841071010239E-1,-1.745E0,4.104141916107E-1));
#1699=CARTESIAN_POINT('',(-3.920745982008E-1,-1.746689486195E0,
4.172903298832E-1));
#1700=CARTESIAN_POINT('',(-4.018310859880E-1,-1.753362510103E0,
4.307729805471E-1));
#1701=CARTESIAN_POINT('',(-4.083152763533E-1,-1.763017742456E0,
4.466820437593E-1));
#1702=CARTESIAN_POINT('',(-4.1E-1,-1.770880432797E0,4.587072571537E-1));
#1703=CARTESIAN_POINT('',(-4.1E-1,-1.775E0,4.65E-1));
#1705=DIRECTION('',(1.633201543067E-14,0.E0,-1.E0));
#1706=VECTOR('',#1705,1.223609818892E-1);
#1707=CARTESIAN_POINT('',(-3.8E-1,-1.745E0,5.299153554238E-1));
#1708=LINE('',#1707,#1706);
#1709=DIRECTION('',(0.E0,0.E0,1.E0));
#1710=VECTOR('',#1709,1.22E0);
#1711=CARTESIAN_POINT('',(3.2E-1,-2.49E0,-5.05E-1));
#1712=LINE('',#1711,#1710);
#1713=DIRECTION('',(1.E0,0.E0,0.E0));
#1714=VECTOR('',#1713,6.4E-1);
#1715=CARTESIAN_POINT('',(-3.2E-1,-2.49E0,-5.05E-1));
#1716=LINE('',#1715,#1714);
#1717=DIRECTION('',(0.E0,0.E0,-1.E0));
#1718=VECTOR('',#1717,1.22E0);
#1719=CARTESIAN_POINT('',(-3.2E-1,-2.49E0,7.15E-1));
#1720=LINE('',#1719,#1718);
#1721=DIRECTION('',(-1.E0,0.E0,0.E0));
#1722=VECTOR('',#1721,6.4E-1);
#1723=CARTESIAN_POINT('',(3.2E-1,-2.49E0,7.15E-1));
#1724=LINE('',#1723,#1722);
#1725=DIRECTION('',(0.E0,0.E0,-1.E0));
#1726=VECTOR('',#1725,9.465765322687E-2);
#1727=CARTESIAN_POINT('',(3.2E-1,1.455E0,4.352731139202E-1));
#1728=LINE('',#1727,#1726);
#1729=DIRECTION('',(0.E0,0.E0,-1.E0));
#1730=VECTOR('',#1729,1.794537721596E-1);
#1731=CARTESIAN_POINT('',(3.2E-1,1.455E0,6.147268860798E-1));
#1732=LINE('',#1731,#1730);
#1733=DIRECTION('',(0.E0,0.E0,-1.E0));
#1734=VECTOR('',#1733,9.465765322688E-2);
#1735=CARTESIAN_POINT('',(3.2E-1,-1.45E-1,4.352731139202E-1));
#1736=LINE('',#1735,#1734);
#1737=DIRECTION('',(0.E0,0.E0,-1.E0));
#1738=VECTOR('',#1737,1.794537721596E-1);
#1739=CARTESIAN_POINT('',(3.2E-1,-1.45E-1,6.147268860798E-1));
#1740=LINE('',#1739,#1738);
#1741=DIRECTION('',(0.E0,0.E0,-1.E0));
#1742=VECTOR('',#1741,9.465765322688E-2);
#1743=CARTESIAN_POINT('',(3.2E-1,2.55E-1,4.352731139202E-1));
#1744=LINE('',#1743,#1742);
#1745=DIRECTION('',(0.E0,0.E0,-1.E0));
#1746=VECTOR('',#1745,1.794537721596E-1);
#1747=CARTESIAN_POINT('',(3.2E-1,2.55E-1,6.147268860798E-1));
#1748=LINE('',#1747,#1746);
#1749=DIRECTION('',(0.E0,0.E0,-1.E0));
#1750=VECTOR('',#1749,9.465765322688E-2);
#1751=CARTESIAN_POINT('',(3.2E-1,-1.345E0,4.352731139202E-1));
#1752=LINE('',#1751,#1750);
#1753=DIRECTION('',(0.E0,0.E0,-1.E0));
#1754=VECTOR('',#1753,1.794537721596E-1);
#1755=CARTESIAN_POINT('',(3.2E-1,-1.345E0,6.147268860798E-1));
#1756=LINE('',#1755,#1754);
#1757=DIRECTION('',(0.E0,0.E0,-1.E0));
#1758=VECTOR('',#1757,9.465765322688E-2);
#1759=CARTESIAN_POINT('',(3.2E-1,-9.45E-1,4.352731139202E-1));
#1760=LINE('',#1759,#1758);
#1761=DIRECTION('',(0.E0,0.E0,-1.E0));
#1762=VECTOR('',#1761,1.794537721596E-1);
#1763=CARTESIAN_POINT('',(3.2E-1,-9.45E-1,6.147268860798E-1));
#1764=LINE('',#1763,#1762);
#1765=DIRECTION('',(0.E0,0.E0,-1.E0));
#1766=VECTOR('',#1765,9.465765322688E-2);
#1767=CARTESIAN_POINT('',(3.2E-1,-5.45E-1,4.352731139202E-1));
#1768=LINE('',#1767,#1766);
#1769=DIRECTION('',(0.E0,0.E0,-1.E0));
#1770=VECTOR('',#1769,1.794537721596E-1);
#1771=CARTESIAN_POINT('',(3.2E-1,-5.45E-1,6.147268860798E-1));
#1772=LINE('',#1771,#1770);
#1773=DIRECTION('',(0.E0,0.E0,-1.E0));
#1774=VECTOR('',#1773,9.465765322687E-2);
#1775=CARTESIAN_POINT('',(3.2E-1,6.55E-1,4.352731139202E-1));
#1776=LINE('',#1775,#1774);
#1777=DIRECTION('',(0.E0,0.E0,-1.E0));
#1778=VECTOR('',#1777,1.794537721596E-1);
#1779=CARTESIAN_POINT('',(3.2E-1,6.55E-1,6.147268860798E-1));
#1780=LINE('',#1779,#1778);
#1781=DIRECTION('',(0.E0,0.E0,-1.E0));
#1782=VECTOR('',#1781,9.465765322687E-2);
#1783=CARTESIAN_POINT('',(3.2E-1,1.055E0,4.352731139202E-1));
#1784=LINE('',#1783,#1782);
#1785=DIRECTION('',(0.E0,0.E0,-1.E0));
#1786=VECTOR('',#1785,1.794537721596E-1);
#1787=CARTESIAN_POINT('',(3.2E-1,1.055E0,6.147268860798E-1));
#1788=LINE('',#1787,#1786);
#1789=DIRECTION('',(0.E0,0.E0,-1.E0));
#1790=VECTOR('',#1789,9.465765322687E-2);
#1791=CARTESIAN_POINT('',(3.2E-1,1.855E0,4.352731139202E-1));
#1792=LINE('',#1791,#1790);
#1793=DIRECTION('',(0.E0,0.E0,-1.E0));
#1794=VECTOR('',#1793,1.794537721596E-1);
#1795=CARTESIAN_POINT('',(3.2E-1,1.855E0,6.147268860798E-1));
#1796=LINE('',#1795,#1794);
#1797=DIRECTION('',(0.E0,0.E0,-1.E0));
#1798=VECTOR('',#1797,9.465765322688E-2);
#1799=CARTESIAN_POINT('',(3.2E-1,-1.745E0,4.352731139202E-1));
#1800=LINE('',#1799,#1798);
#1801=DIRECTION('',(0.E0,0.E0,-1.E0));
#1802=VECTOR('',#1801,1.794537721596E-1);
#1803=CARTESIAN_POINT('',(3.2E-1,-1.745E0,6.147268860798E-1));
#1804=LINE('',#1803,#1802);
#1805=DIRECTION('',(0.E0,0.E0,1.E0));
#1806=VECTOR('',#1805,1.22E0);
#1807=CARTESIAN_POINT('',(3.2E-1,2.49E0,-5.05E-1));
#1808=LINE('',#1807,#1806);
#1809=CARTESIAN_POINT('',(4.161079363685E-1,1.455E0,3.129882174905E-1));
#1810=DIRECTION('',(0.E0,-1.E0,0.E0));
#1811=DIRECTION('',(-4.476937433443E-1,0.E0,8.941869559384E-1));
#1812=AXIS2_PLACEMENT_3D('',#1809,#1810,#1811);
#1814=CARTESIAN_POINT('',(3.4E-1,1.455E0,4.65E-1));
#1815=DIRECTION('',(0.E0,1.E0,0.E0));
#1816=DIRECTION('',(5.714285714286E-1,0.E0,-8.206518066483E-1));
#1817=AXIS2_PLACEMENT_3D('',#1814,#1815,#1816);
#1819=DIRECTION('',(5.735764363510E-1,0.E0,-8.191520442890E-1));
#1820=VECTOR('',#1819,9.202851435323E-2);
#1821=CARTESIAN_POINT('',(3.272146126946E-1,1.455E0,6.053007010891E-1));
#1822=LINE('',#1821,#1820);
#1823=CARTESIAN_POINT('',(2.125333264941E-1,1.455E0,5.25E-1));
#1824=DIRECTION('',(0.E0,1.E0,0.E0));
#1825=DIRECTION('',(7.676190964706E-1,0.E0,6.409063291415E-1));
#1826=AXIS2_PLACEMENT_3D('',#1823,#1824,#1825);
#1828=DIRECTION('',(0.E0,1.E0,0.E0));
#1829=VECTOR('',#1828,1.1E-1);
#1830=CARTESIAN_POINT('',(3.2E-1,1.345E0,3.406154606933E-1));
#1831=LINE('',#1830,#1829);
#1832=DIRECTION('',(0.E0,-1.E0,0.E0));
#1833=VECTOR('',#1832,1.1E-1);
#1834=CARTESIAN_POINT('',(3.713385620341E-1,1.455E0,4.024069130843E-1));
#1835=LINE('',#1834,#1833);
#1836=DIRECTION('',(0.E0,0.E0,-1.E0));
#1837=VECTOR('',#1836,9.465765322687E-2);
#1838=CARTESIAN_POINT('',(3.2E-1,1.345E0,4.352731139202E-1));
#1839=LINE('',#1838,#1837);
#1840=DIRECTION('',(0.E0,0.E0,-1.E0));
#1841=VECTOR('',#1840,1.794537721596E-1);
#1842=CARTESIAN_POINT('',(3.2E-1,1.345E0,6.147268860798E-1));
#1843=LINE('',#1842,#1841);
#1844=CARTESIAN_POINT('',(2.125333264941E-1,1.345E0,5.25E-1));
#1845=DIRECTION('',(0.E0,-1.E0,0.E0));
#1846=DIRECTION('',(8.191520442894E-1,0.E0,5.735764363505E-1));
#1847=AXIS2_PLACEMENT_3D('',#1844,#1845,#1846);
#1849=DIRECTION('',(-5.735764363510E-1,0.E0,8.191520442890E-1));
#1850=VECTOR('',#1849,9.202851435323E-2);
#1851=CARTESIAN_POINT('',(3.8E-1,1.345E0,5.299153554238E-1));
#1852=LINE('',#1851,#1850);
#1853=CARTESIAN_POINT('',(3.4E-1,1.345E0,4.65E-1));
#1854=DIRECTION('',(0.E0,-1.E0,0.E0));
#1855=DIRECTION('',(4.476937433439E-1,0.E0,-8.941869559386E-1));
#1856=AXIS2_PLACEMENT_3D('',#1853,#1854,#1855);
#1858=CARTESIAN_POINT('',(4.161079363685E-1,1.345E0,3.129882174905E-1));
#1859=DIRECTION('',(0.E0,1.E0,0.E0));
#1860=DIRECTION('',(-9.610793636849E-1,0.E0,2.762724320285E-1));
#1861=AXIS2_PLACEMENT_3D('',#1858,#1859,#1860);
#1863=DIRECTION('',(0.E0,-1.E0,0.E0));
#1864=VECTOR('',#1863,1.1E-1);
#1865=CARTESIAN_POINT('',(3.2E-1,1.455E0,6.147268860798E-1));
#1866=LINE('',#1865,#1864);
#1867=DIRECTION('',(0.E0,1.E0,0.E0));
#1868=VECTOR('',#1867,1.1E-1);
#1869=CARTESIAN_POINT('',(3.272146126946E-1,1.345E0,6.053007010891E-1));
#1870=LINE('',#1869,#1868);
#1871=CARTESIAN_POINT('',(3.8E-1,1.345E0,5.299153554238E-1));
#1872=CARTESIAN_POINT('',(3.859863993864E-1,1.345E0,5.213658910725E-1));
#1873=CARTESIAN_POINT('',(3.917945169333E-1,1.346590804765E0,
5.130710395750E-1));
#1874=CARTESIAN_POINT('',(3.973406431002E-1,1.350519352605E0,
5.051503505446E-1));
#1876=CARTESIAN_POINT('',(3.8E-1,1.455E0,5.299153554238E-1));
#1877=CARTESIAN_POINT('',(3.859863993864E-1,1.455E0,5.213658910725E-1));
#1878=CARTESIAN_POINT('',(3.917945169333E-1,1.453409195235E0,
5.130710395750E-1));
#1879=CARTESIAN_POINT('',(3.973406431002E-1,1.449480647395E0,
5.051503505446E-1));
#1881=DIRECTION('',(1.179534447770E-14,0.E0,1.E0));
#1882=VECTOR('',#1881,1.223609818892E-1);
#1883=CARTESIAN_POINT('',(3.8E-1,1.455E0,4.075543735346E-1));
#1884=LINE('',#1883,#1882);
#1885=CARTESIAN_POINT('',(4.1E-1,1.425E0,4.65E-1));
#1886=CARTESIAN_POINT('',(4.1E-1,1.429115481896E0,4.587134975633E-1));
#1887=CARTESIAN_POINT('',(4.083185468663E-1,1.436972156440E0,
4.466975833284E-1));
#1888=CARTESIAN_POINT('',(4.018417559294E-1,1.446626336436E0,
4.307925785071E-1));
#1889=CARTESIAN_POINT('',(3.920877183838E-1,1.453305724729E0,
4.173034869847E-1));
#1890=CARTESIAN_POINT('',(3.841132505019E-1,1.455E0,4.104184735576E-1));
#1891=CARTESIAN_POINT('',(3.8E-1,1.455E0,4.075543735346E-1));
#1893=CARTESIAN_POINT('',(3.973406431002E-1,1.449480647395E0,
5.051503505446E-1));
#1894=CARTESIAN_POINT('',(3.999183457591E-1,1.447654755248E0,
5.014690096304E-1));
#1895=CARTESIAN_POINT('',(4.044343778204E-1,1.443235871581E0,
4.935096746871E-1));
#1896=CARTESIAN_POINT('',(4.088843786008E-1,1.434814995914E0,
4.799984705737E-1));
#1897=CARTESIAN_POINT('',(4.1E-1,1.428351859962E0,4.701200506656E-1));
#1898=CARTESIAN_POINT('',(4.1E-1,1.425E0,4.65E-1));
#1900=DIRECTION('',(1.686471329768E-10,-1.E0,-2.563587650134E-10));
#1901=VECTOR('',#1900,9.896129477798E-2);
#1902=CARTESIAN_POINT('',(3.973406431002E-1,1.449480647395E0,
5.051503505446E-1));
#1903=LINE('',#1902,#1901);
#1904=CARTESIAN_POINT('',(4.1E-1,1.375E0,4.65E-1));
#1905=CARTESIAN_POINT('',(4.1E-1,1.370902313739E0,4.587406808446E-1));
#1906=CARTESIAN_POINT('',(4.083339575017E-1,1.363079095859E0,
4.467783800310E-1));
#1907=CARTESIAN_POINT('',(4.019012578103E-1,1.353433252480E0,
4.308936529032E-1));
#1908=CARTESIAN_POINT('',(3.921348168221E-1,1.346719211456E0,
4.173559466231E-1));
#1909=CARTESIAN_POINT('',(3.841870941058E-1,1.345E0,4.104698916435E-1));
#1910=CARTESIAN_POINT('',(3.8E-1,1.345E0,4.075543735346E-1));
#1912=CARTESIAN_POINT('',(3.973406431169E-1,1.350519352617E0,
5.051503505192E-1));
#1913=CARTESIAN_POINT('',(3.999433030181E-1,1.352362923006E0,
5.014333669691E-1));
#1914=CARTESIAN_POINT('',(4.044617309163E-1,1.356809984881E0,
4.934371659827E-1));
#1915=CARTESIAN_POINT('',(4.088699120588E-1,1.365158441523E0,
4.800414068884E-1));
#1916=CARTESIAN_POINT('',(4.1E-1,1.371633995566E0,4.701416567028E-1));
#1917=CARTESIAN_POINT('',(4.1E-1,1.375E0,4.65E-1));
#1919=DIRECTION('',(-1.088801028711E-14,0.E0,-1.E0));
#1920=VECTOR('',#1919,1.223609818892E-1);
#1921=CARTESIAN_POINT('',(3.8E-1,1.345E0,5.299153554238E-1));
#1922=LINE('',#1921,#1920);
#1923=CARTESIAN_POINT('',(4.161079363685E-1,-1.45E-1,3.129882174905E-1));
#1924=DIRECTION('',(0.E0,-1.E0,0.E0));
#1925=DIRECTION('',(-4.476937433443E-1,0.E0,8.941869559384E-1));
#1926=AXIS2_PLACEMENT_3D('',#1923,#1924,#1925);
#1928=CARTESIAN_POINT('',(3.4E-1,-1.45E-1,4.65E-1));
#1929=DIRECTION('',(0.E0,1.E0,0.E0));
#1930=DIRECTION('',(5.714285714286E-1,0.E0,-8.206518066483E-1));
#1931=AXIS2_PLACEMENT_3D('',#1928,#1929,#1930);
#1933=DIRECTION('',(5.735764363510E-1,0.E0,-8.191520442890E-1));
#1934=VECTOR('',#1933,9.202851435323E-2);
#1935=CARTESIAN_POINT('',(3.272146126946E-1,-1.45E-1,6.053007010891E-1));
#1936=LINE('',#1935,#1934);
#1937=CARTESIAN_POINT('',(2.125333264941E-1,-1.45E-1,5.25E-1));
#1938=DIRECTION('',(0.E0,1.E0,0.E0));
#1939=DIRECTION('',(7.676190964706E-1,0.E0,6.409063291415E-1));
#1940=AXIS2_PLACEMENT_3D('',#1937,#1938,#1939);
#1942=DIRECTION('',(0.E0,1.E0,0.E0));
#1943=VECTOR('',#1942,1.1E-1);
#1944=CARTESIAN_POINT('',(3.2E-1,-2.55E-1,3.406154606933E-1));
#1945=LINE('',#1944,#1943);
#1946=DIRECTION('',(0.E0,-1.E0,0.E0));
#1947=VECTOR('',#1946,1.1E-1);
#1948=CARTESIAN_POINT('',(3.713385620341E-1,-1.45E-1,4.024069130843E-1));
#1949=LINE('',#1948,#1947);
#1950=DIRECTION('',(0.E0,0.E0,-1.E0));
#1951=VECTOR('',#1950,9.465765322688E-2);
#1952=CARTESIAN_POINT('',(3.2E-1,-2.55E-1,4.352731139202E-1));
#1953=LINE('',#1952,#1951);
#1954=DIRECTION('',(0.E0,0.E0,-1.E0));
#1955=VECTOR('',#1954,1.794537721596E-1);
#1956=CARTESIAN_POINT('',(3.2E-1,-2.55E-1,6.147268860798E-1));
#1957=LINE('',#1956,#1955);
#1958=CARTESIAN_POINT('',(2.125333264941E-1,-2.55E-1,5.25E-1));
#1959=DIRECTION('',(0.E0,-1.E0,0.E0));
#1960=DIRECTION('',(8.191520442894E-1,0.E0,5.735764363505E-1));
#1961=AXIS2_PLACEMENT_3D('',#1958,#1959,#1960);
#1963=DIRECTION('',(-5.735764363510E-1,0.E0,8.191520442890E-1));
#1964=VECTOR('',#1963,9.202851435323E-2);
#1965=CARTESIAN_POINT('',(3.8E-1,-2.55E-1,5.299153554238E-1));
#1966=LINE('',#1965,#1964);
#1967=CARTESIAN_POINT('',(3.4E-1,-2.55E-1,4.65E-1));
#1968=DIRECTION('',(0.E0,-1.E0,0.E0));
#1969=DIRECTION('',(4.476937433439E-1,0.E0,-8.941869559386E-1));
#1970=AXIS2_PLACEMENT_3D('',#1967,#1968,#1969);
#1972=CARTESIAN_POINT('',(4.161079363685E-1,-2.55E-1,3.129882174905E-1));
#1973=DIRECTION('',(0.E0,1.E0,0.E0));
#1974=DIRECTION('',(-9.610793636849E-1,0.E0,2.762724320285E-1));
#1975=AXIS2_PLACEMENT_3D('',#1972,#1973,#1974);
#1977=DIRECTION('',(0.E0,-1.E0,0.E0));
#1978=VECTOR('',#1977,1.1E-1);
#1979=CARTESIAN_POINT('',(3.2E-1,-1.45E-1,6.147268860798E-1));
#1980=LINE('',#1979,#1978);
#1981=DIRECTION('',(0.E0,1.E0,0.E0));
#1982=VECTOR('',#1981,1.1E-1);
#1983=CARTESIAN_POINT('',(3.272146126946E-1,-2.55E-1,6.053007010891E-1));
#1984=LINE('',#1983,#1982);
#1985=CARTESIAN_POINT('',(3.8E-1,-2.55E-1,5.299153554238E-1));
#1986=CARTESIAN_POINT('',(3.859863993864E-1,-2.55E-1,5.213658910725E-1));
#1987=CARTESIAN_POINT('',(3.917945169333E-1,-2.534091952350E-1,
5.130710395750E-1));
#1988=CARTESIAN_POINT('',(3.973406431002E-1,-2.494806473948E-1,
5.051503505446E-1));
#1990=CARTESIAN_POINT('',(3.8E-1,-1.45E-1,5.299153554238E-1));
#1991=CARTESIAN_POINT('',(3.859863993864E-1,-1.45E-1,5.213658910725E-1));
#1992=CARTESIAN_POINT('',(3.917945169333E-1,-1.465908047650E-1,
5.130710395750E-1));
#1993=CARTESIAN_POINT('',(3.973406431002E-1,-1.505193526052E-1,
5.051503505446E-1));
#1995=DIRECTION('',(1.179534447770E-14,0.E0,1.E0));
#1996=VECTOR('',#1995,1.223609818892E-1);
#1997=CARTESIAN_POINT('',(3.8E-1,-1.45E-1,4.075543735346E-1));
#1998=LINE('',#1997,#1996);
#1999=CARTESIAN_POINT('',(4.1E-1,-1.75E-1,4.65E-1));
#2000=CARTESIAN_POINT('',(4.1E-1,-1.708845181039E-1,4.587134975633E-1));
#2001=CARTESIAN_POINT('',(4.083185468663E-1,-1.630278435596E-1,
4.466975833284E-1));
#2002=CARTESIAN_POINT('',(4.018417559294E-1,-1.533736635641E-1,
4.307925785071E-1));
#2003=CARTESIAN_POINT('',(3.920877183838E-1,-1.466942752710E-1,
4.173034869847E-1));
#2004=CARTESIAN_POINT('',(3.841132505019E-1,-1.45E-1,4.104184735576E-1));
#2005=CARTESIAN_POINT('',(3.8E-1,-1.45E-1,4.075543735346E-1));
#2007=CARTESIAN_POINT('',(3.973406431002E-1,-1.505193526052E-1,
5.051503505446E-1));
#2008=CARTESIAN_POINT('',(3.999183457591E-1,-1.523452447519E-1,
5.014690096304E-1));
#2009=CARTESIAN_POINT('',(4.044343778204E-1,-1.567641284187E-1,
4.935096746871E-1));
#2010=CARTESIAN_POINT('',(4.088843786008E-1,-1.651850040859E-1,
4.799984705737E-1));
#2011=CARTESIAN_POINT('',(4.1E-1,-1.716481400376E-1,4.701200506656E-1));
#2012=CARTESIAN_POINT('',(4.1E-1,-1.75E-1,4.65E-1));
#2014=DIRECTION('',(1.686488157908E-10,-1.E0,-2.563610087654E-10));
#2015=VECTOR('',#2014,9.896129477798E-2);
#2016=CARTESIAN_POINT('',(3.973406431002E-1,-1.505193526052E-1,
5.051503505446E-1));
#2017=LINE('',#2016,#2015);
#2018=CARTESIAN_POINT('',(4.1E-1,-2.25E-1,4.65E-1));
#2019=CARTESIAN_POINT('',(4.1E-1,-2.290976862612E-1,4.587406808446E-1));
#2020=CARTESIAN_POINT('',(4.083339575017E-1,-2.369209041405E-1,
4.467783800310E-1));
#2021=CARTESIAN_POINT('',(4.019012578103E-1,-2.465667475196E-1,
4.308936529032E-1));
#2022=CARTESIAN_POINT('',(3.921348168221E-1,-2.532807885439E-1,
4.173559466231E-1));
#2023=CARTESIAN_POINT('',(3.841870941058E-1,-2.55E-1,4.104698916435E-1));
#2024=CARTESIAN_POINT('',(3.8E-1,-2.55E-1,4.075543735346E-1));
#2026=CARTESIAN_POINT('',(3.973406431169E-1,-2.494806473831E-1,
5.051503505192E-1));
#2027=CARTESIAN_POINT('',(3.999433030181E-1,-2.476370769936E-1,
5.014333669691E-1));
#2028=CARTESIAN_POINT('',(4.044617309163E-1,-2.431900151186E-1,
4.934371659827E-1));
#2029=CARTESIAN_POINT('',(4.088699120588E-1,-2.348415584766E-1,
4.800414068884E-1));
#2030=CARTESIAN_POINT('',(4.1E-1,-2.283660044340E-1,4.701416567028E-1));
#2031=CARTESIAN_POINT('',(4.1E-1,-2.25E-1,4.65E-1));
#2033=DIRECTION('',(-1.088801028711E-14,0.E0,-1.E0));
#2034=VECTOR('',#2033,1.223609818892E-1);
#2035=CARTESIAN_POINT('',(3.8E-1,-2.55E-1,5.299153554238E-1));
#2036=LINE('',#2035,#2034);
#2037=CARTESIAN_POINT('',(4.161079363685E-1,2.55E-1,3.129882174905E-1));
#2038=DIRECTION('',(0.E0,-1.E0,0.E0));
#2039=DIRECTION('',(-4.476937433443E-1,0.E0,8.941869559384E-1));
#2040=AXIS2_PLACEMENT_3D('',#2037,#2038,#2039);
#2042=CARTESIAN_POINT('',(3.4E-1,2.55E-1,4.65E-1));
#2043=DIRECTION('',(0.E0,1.E0,0.E0));
#2044=DIRECTION('',(5.714285714286E-1,0.E0,-8.206518066483E-1));
#2045=AXIS2_PLACEMENT_3D('',#2042,#2043,#2044);
#2047=DIRECTION('',(5.735764363510E-1,0.E0,-8.191520442890E-1));
#2048=VECTOR('',#2047,9.202851435323E-2);
#2049=CARTESIAN_POINT('',(3.272146126946E-1,2.55E-1,6.053007010891E-1));
#2050=LINE('',#2049,#2048);
#2051=CARTESIAN_POINT('',(2.125333264941E-1,2.55E-1,5.25E-1));
#2052=DIRECTION('',(0.E0,1.E0,0.E0));
#2053=DIRECTION('',(7.676190964706E-1,0.E0,6.409063291415E-1));
#2054=AXIS2_PLACEMENT_3D('',#2051,#2052,#2053);
#2056=DIRECTION('',(0.E0,1.E0,0.E0));
#2057=VECTOR('',#2056,1.1E-1);
#2058=CARTESIAN_POINT('',(3.2E-1,1.45E-1,3.406154606933E-1));
#2059=LINE('',#2058,#2057);
#2060=DIRECTION('',(0.E0,-1.E0,0.E0));
#2061=VECTOR('',#2060,1.1E-1);
#2062=CARTESIAN_POINT('',(3.713385620341E-1,2.55E-1,4.024069130843E-1));
#2063=LINE('',#2062,#2061);
#2064=DIRECTION('',(0.E0,0.E0,-1.E0));
#2065=VECTOR('',#2064,9.465765322688E-2);
#2066=CARTESIAN_POINT('',(3.2E-1,1.45E-1,4.352731139202E-1));
#2067=LINE('',#2066,#2065);
#2068=DIRECTION('',(0.E0,0.E0,-1.E0));
#2069=VECTOR('',#2068,1.794537721596E-1);
#2070=CARTESIAN_POINT('',(3.2E-1,1.45E-1,6.147268860798E-1));
#2071=LINE('',#2070,#2069);
#2072=CARTESIAN_POINT('',(2.125333264941E-1,1.45E-1,5.25E-1));
#2073=DIRECTION('',(0.E0,-1.E0,0.E0));
#2074=DIRECTION('',(8.191520442894E-1,0.E0,5.735764363505E-1));
#2075=AXIS2_PLACEMENT_3D('',#2072,#2073,#2074);
#2077=DIRECTION('',(-5.735764363510E-1,0.E0,8.191520442890E-1));
#2078=VECTOR('',#2077,9.202851435324E-2);
#2079=CARTESIAN_POINT('',(3.8E-1,1.45E-1,5.299153554238E-1));
#2080=LINE('',#2079,#2078);
#2081=CARTESIAN_POINT('',(3.4E-1,1.45E-1,4.65E-1));
#2082=DIRECTION('',(0.E0,-1.E0,0.E0));
#2083=DIRECTION('',(4.476937433439E-1,0.E0,-8.941869559386E-1));
#2084=AXIS2_PLACEMENT_3D('',#2081,#2082,#2083);
#2086=CARTESIAN_POINT('',(4.161079363685E-1,1.45E-1,3.129882174905E-1));
#2087=DIRECTION('',(0.E0,1.E0,0.E0));
#2088=DIRECTION('',(-9.610793636849E-1,0.E0,2.762724320285E-1));
#2089=AXIS2_PLACEMENT_3D('',#2086,#2087,#2088);
#2091=DIRECTION('',(0.E0,-1.E0,0.E0));
#2092=VECTOR('',#2091,1.1E-1);
#2093=CARTESIAN_POINT('',(3.2E-1,2.55E-1,6.147268860798E-1));
#2094=LINE('',#2093,#2092);
#2095=DIRECTION('',(0.E0,1.E0,0.E0));
#2096=VECTOR('',#2095,1.1E-1);
#2097=CARTESIAN_POINT('',(3.272146126946E-1,1.45E-1,6.053007010891E-1));
#2098=LINE('',#2097,#2096);
#2099=CARTESIAN_POINT('',(3.8E-1,1.45E-1,5.299153554238E-1));
#2100=CARTESIAN_POINT('',(3.859863993864E-1,1.45E-1,5.213658910725E-1));
#2101=CARTESIAN_POINT('',(3.917945169333E-1,1.465908047650E-1,
5.130710395750E-1));
#2102=CARTESIAN_POINT('',(3.973406431002E-1,1.505193526052E-1,
5.051503505446E-1));
#2104=CARTESIAN_POINT('',(3.8E-1,2.55E-1,5.299153554238E-1));
#2105=CARTESIAN_POINT('',(3.859863993864E-1,2.55E-1,5.213658910725E-1));
#2106=CARTESIAN_POINT('',(3.917945169333E-1,2.534091952350E-1,
5.130710395750E-1));
#2107=CARTESIAN_POINT('',(3.973406431002E-1,2.494806473948E-1,
5.051503505446E-1));
#2109=DIRECTION('',(1.179534447770E-14,0.E0,1.E0));
#2110=VECTOR('',#2109,1.223609818892E-1);
#2111=CARTESIAN_POINT('',(3.8E-1,2.55E-1,4.075543735346E-1));
#2112=LINE('',#2111,#2110);
#2113=CARTESIAN_POINT('',(4.1E-1,2.25E-1,4.65E-1));
#2114=CARTESIAN_POINT('',(4.1E-1,2.291154818961E-1,4.587134975633E-1));
#2115=CARTESIAN_POINT('',(4.083185468663E-1,2.369721564404E-1,
4.466975833284E-1));
#2116=CARTESIAN_POINT('',(4.018417559294E-1,2.466263364359E-1,
4.307925785071E-1));
#2117=CARTESIAN_POINT('',(3.920877183838E-1,2.533057247290E-1,
4.173034869847E-1));
#2118=CARTESIAN_POINT('',(3.841132505019E-1,2.55E-1,4.104184735576E-1));
#2119=CARTESIAN_POINT('',(3.8E-1,2.55E-1,4.075543735346E-1));
#2121=CARTESIAN_POINT('',(3.973406431002E-1,2.494806473948E-1,
5.051503505446E-1));
#2122=CARTESIAN_POINT('',(3.999183457591E-1,2.476547552481E-1,
5.014690096304E-1));
#2123=CARTESIAN_POINT('',(4.044343778204E-1,2.432358715813E-1,
4.935096746871E-1));
#2124=CARTESIAN_POINT('',(4.088843786008E-1,2.348149959141E-1,
4.799984705737E-1));
#2125=CARTESIAN_POINT('',(4.1E-1,2.283518599624E-1,4.701200506656E-1));
#2126=CARTESIAN_POINT('',(4.1E-1,2.25E-1,4.65E-1));
#2128=DIRECTION('',(1.686488157908E-10,-1.E0,-2.563610087654E-10));
#2129=VECTOR('',#2128,9.896129477798E-2);
#2130=CARTESIAN_POINT('',(3.973406431002E-1,2.494806473948E-1,
5.051503505446E-1));
#2131=LINE('',#2130,#2129);
#2132=CARTESIAN_POINT('',(4.1E-1,1.75E-1,4.65E-1));
#2133=CARTESIAN_POINT('',(4.1E-1,1.709023137388E-1,4.587406808446E-1));
#2134=CARTESIAN_POINT('',(4.083339575017E-1,1.630790958595E-1,
4.467783800310E-1));
#2135=CARTESIAN_POINT('',(4.019012578103E-1,1.534332524804E-1,
4.308936529032E-1));
#2136=CARTESIAN_POINT('',(3.921348168221E-1,1.467192114561E-1,
4.173559466231E-1));
#2137=CARTESIAN_POINT('',(3.841870941058E-1,1.45E-1,4.104698916435E-1));
#2138=CARTESIAN_POINT('',(3.8E-1,1.45E-1,4.075543735346E-1));
#2140=CARTESIAN_POINT('',(3.973406431169E-1,1.505193526169E-1,
5.051503505192E-1));
#2141=CARTESIAN_POINT('',(3.999433030181E-1,1.523629230064E-1,
5.014333669691E-1));
#2142=CARTESIAN_POINT('',(4.044617309163E-1,1.568099848814E-1,
4.934371659827E-1));
#2143=CARTESIAN_POINT('',(4.088699120588E-1,1.651584415234E-1,
4.800414068884E-1));
#2144=CARTESIAN_POINT('',(4.1E-1,1.716339955660E-1,4.701416567028E-1));
#2145=CARTESIAN_POINT('',(4.1E-1,1.75E-1,4.65E-1));
#2147=DIRECTION('',(-1.179534447770E-14,0.E0,-1.E0));
#2148=VECTOR('',#2147,1.223609818892E-1);
#2149=CARTESIAN_POINT('',(3.8E-1,1.45E-1,5.299153554238E-1));
#2150=LINE('',#2149,#2148);
#2151=CARTESIAN_POINT('',(4.161079363685E-1,-1.345E0,3.129882174905E-1));
#2152=DIRECTION('',(0.E0,-1.E0,0.E0));
#2153=DIRECTION('',(-4.476937433443E-1,0.E0,8.941869559384E-1));
#2154=AXIS2_PLACEMENT_3D('',#2151,#2152,#2153);
#2156=CARTESIAN_POINT('',(3.4E-1,-1.345E0,4.65E-1));
#2157=DIRECTION('',(0.E0,1.E0,0.E0));
#2158=DIRECTION('',(5.714285714286E-1,0.E0,-8.206518066483E-1));
#2159=AXIS2_PLACEMENT_3D('',#2156,#2157,#2158);
#2161=DIRECTION('',(5.735764363510E-1,0.E0,-8.191520442890E-1));
#2162=VECTOR('',#2161,9.202851435323E-2);
#2163=CARTESIAN_POINT('',(3.272146126946E-1,-1.345E0,6.053007010891E-1));
#2164=LINE('',#2163,#2162);
#2165=CARTESIAN_POINT('',(2.125333264941E-1,-1.345E0,5.25E-1));
#2166=DIRECTION('',(0.E0,1.E0,0.E0));
#2167=DIRECTION('',(7.676190964706E-1,0.E0,6.409063291415E-1));
#2168=AXIS2_PLACEMENT_3D('',#2165,#2166,#2167);
#2170=DIRECTION('',(0.E0,1.E0,0.E0));
#2171=VECTOR('',#2170,1.1E-1);
#2172=CARTESIAN_POINT('',(3.2E-1,-1.455E0,3.406154606933E-1));
#2173=LINE('',#2172,#2171);
#2174=DIRECTION('',(0.E0,-1.E0,0.E0));
#2175=VECTOR('',#2174,1.1E-1);
#2176=CARTESIAN_POINT('',(3.713385620341E-1,-1.345E0,4.024069130843E-1));
#2177=LINE('',#2176,#2175);
#2178=DIRECTION('',(0.E0,0.E0,-1.E0));
#2179=VECTOR('',#2178,9.465765322688E-2);
#2180=CARTESIAN_POINT('',(3.2E-1,-1.455E0,4.352731139202E-1));
#2181=LINE('',#2180,#2179);
#2182=DIRECTION('',(0.E0,0.E0,-1.E0));
#2183=VECTOR('',#2182,1.794537721596E-1);
#2184=CARTESIAN_POINT('',(3.2E-1,-1.455E0,6.147268860798E-1));
#2185=LINE('',#2184,#2183);
#2186=CARTESIAN_POINT('',(2.125333264941E-1,-1.455E0,5.25E-1));
#2187=DIRECTION('',(0.E0,-1.E0,0.E0));
#2188=DIRECTION('',(8.191520442894E-1,0.E0,5.735764363505E-1));
#2189=AXIS2_PLACEMENT_3D('',#2186,#2187,#2188);
#2191=DIRECTION('',(-5.735764363510E-1,0.E0,8.191520442890E-1));
#2192=VECTOR('',#2191,9.202851435323E-2);
#2193=CARTESIAN_POINT('',(3.8E-1,-1.455E0,5.299153554238E-1));
#2194=LINE('',#2193,#2192);
#2195=CARTESIAN_POINT('',(3.4E-1,-1.455E0,4.65E-1));
#2196=DIRECTION('',(0.E0,-1.E0,0.E0));
#2197=DIRECTION('',(4.476937433439E-1,0.E0,-8.941869559386E-1));
#2198=AXIS2_PLACEMENT_3D('',#2195,#2196,#2197);
#2200=CARTESIAN_POINT('',(4.161079363685E-1,-1.455E0,3.129882174905E-1));
#2201=DIRECTION('',(0.E0,1.E0,0.E0));
#2202=DIRECTION('',(-9.610793636849E-1,0.E0,2.762724320285E-1));
#2203=AXIS2_PLACEMENT_3D('',#2200,#2201,#2202);
#2205=DIRECTION('',(0.E0,-1.E0,0.E0));
#2206=VECTOR('',#2205,1.1E-1);
#2207=CARTESIAN_POINT('',(3.2E-1,-1.345E0,6.147268860798E-1));
#2208=LINE('',#2207,#2206);
#2209=DIRECTION('',(0.E0,1.E0,0.E0));
#2210=VECTOR('',#2209,1.1E-1);
#2211=CARTESIAN_POINT('',(3.272146126946E-1,-1.455E0,6.053007010891E-1));
#2212=LINE('',#2211,#2210);
#2213=CARTESIAN_POINT('',(3.8E-1,-1.455E0,5.299153554238E-1));
#2214=CARTESIAN_POINT('',(3.859863993864E-1,-1.455E0,5.213658910725E-1));
#2215=CARTESIAN_POINT('',(3.917945169333E-1,-1.453409195235E0,
5.130710395750E-1));
#2216=CARTESIAN_POINT('',(3.973406431002E-1,-1.449480647395E0,
5.051503505446E-1));
#2218=CARTESIAN_POINT('',(3.8E-1,-1.345E0,5.299153554238E-1));
#2219=CARTESIAN_POINT('',(3.859863993864E-1,-1.345E0,5.213658910725E-1));
#2220=CARTESIAN_POINT('',(3.917945169333E-1,-1.346590804765E0,
5.130710395750E-1));
#2221=CARTESIAN_POINT('',(3.973406431002E-1,-1.350519352605E0,
5.051503505446E-1));
#2223=DIRECTION('',(1.179534447770E-14,0.E0,1.E0));
#2224=VECTOR('',#2223,1.223609818892E-1);
#2225=CARTESIAN_POINT('',(3.8E-1,-1.345E0,4.075543735346E-1));
#2226=LINE('',#2225,#2224);
#2227=CARTESIAN_POINT('',(4.1E-1,-1.375E0,4.65E-1));
#2228=CARTESIAN_POINT('',(4.1E-1,-1.370884518104E0,4.587134975633E-1));
#2229=CARTESIAN_POINT('',(4.083185468663E-1,-1.363027843560E0,
4.466975833284E-1));
#2230=CARTESIAN_POINT('',(4.018417559294E-1,-1.353373663564E0,
4.307925785071E-1));
#2231=CARTESIAN_POINT('',(3.920877183838E-1,-1.346694275271E0,
4.173034869847E-1));
#2232=CARTESIAN_POINT('',(3.841132505019E-1,-1.345E0,4.104184735576E-1));
#2233=CARTESIAN_POINT('',(3.8E-1,-1.345E0,4.075543735346E-1));
#2235=CARTESIAN_POINT('',(3.973406431002E-1,-1.350519352605E0,
5.051503505446E-1));
#2236=CARTESIAN_POINT('',(3.999183457591E-1,-1.352345244752E0,
5.014690096304E-1));
#2237=CARTESIAN_POINT('',(4.044343778204E-1,-1.356764128419E0,
4.935096746871E-1));
#2238=CARTESIAN_POINT('',(4.088843786008E-1,-1.365185004086E0,
4.799984705737E-1));
#2239=CARTESIAN_POINT('',(4.1E-1,-1.371648140038E0,4.701200506656E-1));
#2240=CARTESIAN_POINT('',(4.1E-1,-1.375E0,4.65E-1));
#2242=DIRECTION('',(1.678668682122E-10,-1.E0,-2.551740639474E-10));
#2243=VECTOR('',#2242,9.896129477804E-2);
#2244=CARTESIAN_POINT('',(3.973406431002E-1,-1.350519352605E0,
5.051503505446E-1));
#2245=LINE('',#2244,#2243);
#2246=CARTESIAN_POINT('',(4.1E-1,-1.425E0,4.65E-1));
#2247=CARTESIAN_POINT('',(4.1E-1,-1.429097686261E0,4.587406808446E-1));
#2248=CARTESIAN_POINT('',(4.083339575017E-1,-1.436920904141E0,
4.467783800310E-1));
#2249=CARTESIAN_POINT('',(4.019012578103E-1,-1.446566747520E0,
4.308936529032E-1));
#2250=CARTESIAN_POINT('',(3.921348168221E-1,-1.453280788544E0,
4.173559466231E-1));
#2251=CARTESIAN_POINT('',(3.841870941058E-1,-1.455E0,4.104698916435E-1));
#2252=CARTESIAN_POINT('',(3.8E-1,-1.455E0,4.075543735346E-1));
#2254=CARTESIAN_POINT('',(3.973406431168E-1,-1.449480647383E0,
5.051503505193E-1));
#2255=CARTESIAN_POINT('',(3.999433030180E-1,-1.447637076994E0,
5.014333669692E-1));
#2256=CARTESIAN_POINT('',(4.044617309163E-1,-1.443190015119E0,
4.934371659827E-1));
#2257=CARTESIAN_POINT('',(4.088699120588E-1,-1.434841558477E0,
4.800414068885E-1));
#2258=CARTESIAN_POINT('',(4.1E-1,-1.428366004434E0,4.701416567028E-1));
#2259=CARTESIAN_POINT('',(4.1E-1,-1.425E0,4.65E-1));
#2261=DIRECTION('',(-1.088801028711E-14,0.E0,-1.E0));
#2262=VECTOR('',#2261,1.223609818892E-1);
#2263=CARTESIAN_POINT('',(3.8E-1,-1.455E0,5.299153554238E-1));
#2264=LINE('',#2263,#2262);
#2265=CARTESIAN_POINT('',(4.161079363685E-1,-9.45E-1,3.129882174905E-1));
#2266=DIRECTION('',(0.E0,-1.E0,0.E0));
#2267=DIRECTION('',(-4.476937433443E-1,0.E0,8.941869559384E-1));
#2268=AXIS2_PLACEMENT_3D('',#2265,#2266,#2267);
#2270=CARTESIAN_POINT('',(3.4E-1,-9.45E-1,4.65E-1));
#2271=DIRECTION('',(0.E0,1.E0,0.E0));
#2272=DIRECTION('',(5.714285714286E-1,0.E0,-8.206518066483E-1));
#2273=AXIS2_PLACEMENT_3D('',#2270,#2271,#2272);
#2275=DIRECTION('',(5.735764363510E-1,0.E0,-8.191520442890E-1));
#2276=VECTOR('',#2275,9.202851435323E-2);
#2277=CARTESIAN_POINT('',(3.272146126946E-1,-9.45E-1,6.053007010891E-1));
#2278=LINE('',#2277,#2276);
#2279=CARTESIAN_POINT('',(2.125333264941E-1,-9.45E-1,5.25E-1));
#2280=DIRECTION('',(0.E0,1.E0,0.E0));
#2281=DIRECTION('',(7.676190964706E-1,0.E0,6.409063291415E-1));
#2282=AXIS2_PLACEMENT_3D('',#2279,#2280,#2281);
#2284=DIRECTION('',(0.E0,1.E0,0.E0));
#2285=VECTOR('',#2284,1.1E-1);
#2286=CARTESIAN_POINT('',(3.2E-1,-1.055E0,3.406154606933E-1));
#2287=LINE('',#2286,#2285);
#2288=DIRECTION('',(0.E0,-1.E0,0.E0));
#2289=VECTOR('',#2288,1.1E-1);
#2290=CARTESIAN_POINT('',(3.713385620341E-1,-9.45E-1,4.024069130843E-1));
#2291=LINE('',#2290,#2289);
#2292=DIRECTION('',(0.E0,0.E0,-1.E0));
#2293=VECTOR('',#2292,9.465765322688E-2);
#2294=CARTESIAN_POINT('',(3.2E-1,-1.055E0,4.352731139202E-1));
#2295=LINE('',#2294,#2293);
#2296=DIRECTION('',(0.E0,0.E0,-1.E0));
#2297=VECTOR('',#2296,1.794537721596E-1);
#2298=CARTESIAN_POINT('',(3.2E-1,-1.055E0,6.147268860798E-1));
#2299=LINE('',#2298,#2297);
#2300=CARTESIAN_POINT('',(2.125333264941E-1,-1.055E0,5.25E-1));
#2301=DIRECTION('',(0.E0,-1.E0,0.E0));
#2302=DIRECTION('',(8.191520442894E-1,0.E0,5.735764363505E-1));
#2303=AXIS2_PLACEMENT_3D('',#2300,#2301,#2302);
#2305=DIRECTION('',(-5.735764363510E-1,0.E0,8.191520442890E-1));
#2306=VECTOR('',#2305,9.202851435323E-2);
#2307=CARTESIAN_POINT('',(3.8E-1,-1.055E0,5.299153554238E-1));
#2308=LINE('',#2307,#2306);
#2309=CARTESIAN_POINT('',(3.4E-1,-1.055E0,4.65E-1));
#2310=DIRECTION('',(0.E0,-1.E0,0.E0));
#2311=DIRECTION('',(4.476937433439E-1,0.E0,-8.941869559386E-1));
#2312=AXIS2_PLACEMENT_3D('',#2309,#2310,#2311);
#2314=CARTESIAN_POINT('',(4.161079363685E-1,-1.055E0,3.129882174905E-1));
#2315=DIRECTION('',(0.E0,1.E0,0.E0));
#2316=DIRECTION('',(-9.610793636849E-1,0.E0,2.762724320285E-1));
#2317=AXIS2_PLACEMENT_3D('',#2314,#2315,#2316);
#2319=DIRECTION('',(0.E0,-1.E0,0.E0));
#2320=VECTOR('',#2319,1.1E-1);
#2321=CARTESIAN_POINT('',(3.2E-1,-9.45E-1,6.147268860798E-1));
#2322=LINE('',#2321,#2320);
#2323=DIRECTION('',(0.E0,1.E0,0.E0));
#2324=VECTOR('',#2323,1.1E-1);
#2325=CARTESIAN_POINT('',(3.272146126946E-1,-1.055E0,6.053007010891E-1));
#2326=LINE('',#2325,#2324);
#2327=CARTESIAN_POINT('',(3.8E-1,-1.055E0,5.299153554238E-1));
#2328=CARTESIAN_POINT('',(3.859863993864E-1,-1.055E0,5.213658910725E-1));
#2329=CARTESIAN_POINT('',(3.917945169333E-1,-1.053409195235E0,
5.130710395750E-1));
#2330=CARTESIAN_POINT('',(3.973406431002E-1,-1.049480647395E0,
5.051503505446E-1));
#2332=CARTESIAN_POINT('',(3.8E-1,-9.45E-1,5.299153554238E-1));
#2333=CARTESIAN_POINT('',(3.859863993864E-1,-9.45E-1,5.213658910725E-1));
#2334=CARTESIAN_POINT('',(3.917945169333E-1,-9.465908047650E-1,
5.130710395750E-1));
#2335=CARTESIAN_POINT('',(3.973406431002E-1,-9.505193526052E-1,
5.051503505446E-1));
#2337=DIRECTION('',(1.179534447770E-14,0.E0,1.E0));
#2338=VECTOR('',#2337,1.223609818892E-1);
#2339=CARTESIAN_POINT('',(3.8E-1,-9.45E-1,4.075543735346E-1));
#2340=LINE('',#2339,#2338);
#2341=CARTESIAN_POINT('',(4.1E-1,-9.75E-1,4.65E-1));
#2342=CARTESIAN_POINT('',(4.1E-1,-9.708845181039E-1,4.587134975633E-1));
#2343=CARTESIAN_POINT('',(4.083185468663E-1,-9.630278435596E-1,
4.466975833284E-1));
#2344=CARTESIAN_POINT('',(4.018417559294E-1,-9.533736635641E-1,
4.307925785071E-1));
#2345=CARTESIAN_POINT('',(3.920877183838E-1,-9.466942752710E-1,
4.173034869847E-1));
#2346=CARTESIAN_POINT('',(3.841132505019E-1,-9.45E-1,4.104184735576E-1));
#2347=CARTESIAN_POINT('',(3.8E-1,-9.45E-1,4.075543735346E-1));
#2349=CARTESIAN_POINT('',(3.973406431002E-1,-9.505193526052E-1,
5.051503505446E-1));
#2350=CARTESIAN_POINT('',(3.999183457591E-1,-9.523452447519E-1,
5.014690096304E-1));
#2351=CARTESIAN_POINT('',(4.044343778204E-1,-9.567641284187E-1,
4.935096746871E-1));
#2352=CARTESIAN_POINT('',(4.088843786008E-1,-9.651850040860E-1,
4.799984705737E-1));
#2353=CARTESIAN_POINT('',(4.1E-1,-9.716481400376E-1,4.701200506656E-1));
#2354=CARTESIAN_POINT('',(4.1E-1,-9.75E-1,4.65E-1));
#2356=DIRECTION('',(1.679229620127E-10,-1.E0,-2.552582046481E-10));
#2357=VECTOR('',#2356,9.896129477805E-2);
#2358=CARTESIAN_POINT('',(3.973406431002E-1,-9.505193526052E-1,
5.051503505446E-1));
#2359=LINE('',#2358,#2357);
#2360=CARTESIAN_POINT('',(4.1E-1,-1.025E0,4.65E-1));
#2361=CARTESIAN_POINT('',(4.1E-1,-1.029097686261E0,4.587406808446E-1));
#2362=CARTESIAN_POINT('',(4.083339575017E-1,-1.036920904141E0,
4.467783800310E-1));
#2363=CARTESIAN_POINT('',(4.019012578103E-1,-1.046566747520E0,
4.308936529032E-1));
#2364=CARTESIAN_POINT('',(3.921348168221E-1,-1.053280788544E0,
4.173559466231E-1));
#2365=CARTESIAN_POINT('',(3.841870941058E-1,-1.055E0,4.104698916435E-1));
#2366=CARTESIAN_POINT('',(3.8E-1,-1.055E0,4.075543735346E-1));
#2368=CARTESIAN_POINT('',(3.973406431168E-1,-1.049480647383E0,
5.051503505193E-1));
#2369=CARTESIAN_POINT('',(3.999433030180E-1,-1.047637076994E0,
5.014333669692E-1));
#2370=CARTESIAN_POINT('',(4.044617309163E-1,-1.043190015119E0,
4.934371659827E-1));
#2371=CARTESIAN_POINT('',(4.088699120588E-1,-1.034841558477E0,
4.800414068885E-1));
#2372=CARTESIAN_POINT('',(4.1E-1,-1.028366004434E0,4.701416567028E-1));
#2373=CARTESIAN_POINT('',(4.1E-1,-1.025E0,4.65E-1));
#2375=DIRECTION('',(-1.088801028711E-14,0.E0,-1.E0));
#2376=VECTOR('',#2375,1.223609818892E-1);
#2377=CARTESIAN_POINT('',(3.8E-1,-1.055E0,5.299153554238E-1));
#2378=LINE('',#2377,#2376);
#2379=CARTESIAN_POINT('',(4.161079363685E-1,-5.45E-1,3.129882174905E-1));
#2380=DIRECTION('',(0.E0,-1.E0,0.E0));
#2381=DIRECTION('',(-4.476937433443E-1,0.E0,8.941869559384E-1));
#2382=AXIS2_PLACEMENT_3D('',#2379,#2380,#2381);
#2384=CARTESIAN_POINT('',(3.4E-1,-5.45E-1,4.65E-1));
#2385=DIRECTION('',(0.E0,1.E0,0.E0));
#2386=DIRECTION('',(5.714285714286E-1,0.E0,-8.206518066483E-1));
#2387=AXIS2_PLACEMENT_3D('',#2384,#2385,#2386);
#2389=DIRECTION('',(5.735764363510E-1,0.E0,-8.191520442890E-1));
#2390=VECTOR('',#2389,9.202851435323E-2);
#2391=CARTESIAN_POINT('',(3.272146126946E-1,-5.45E-1,6.053007010891E-1));
#2392=LINE('',#2391,#2390);
#2393=CARTESIAN_POINT('',(2.125333264941E-1,-5.45E-1,5.25E-1));
#2394=DIRECTION('',(0.E0,1.E0,0.E0));
#2395=DIRECTION('',(7.676190964706E-1,0.E0,6.409063291415E-1));
#2396=AXIS2_PLACEMENT_3D('',#2393,#2394,#2395);
#2398=DIRECTION('',(0.E0,1.E0,0.E0));
#2399=VECTOR('',#2398,1.1E-1);
#2400=CARTESIAN_POINT('',(3.2E-1,-6.55E-1,3.406154606933E-1));
#2401=LINE('',#2400,#2399);
#2402=DIRECTION('',(0.E0,-1.E0,0.E0));
#2403=VECTOR('',#2402,1.1E-1);
#2404=CARTESIAN_POINT('',(3.713385620341E-1,-5.45E-1,4.024069130843E-1));
#2405=LINE('',#2404,#2403);
#2406=DIRECTION('',(0.E0,0.E0,-1.E0));
#2407=VECTOR('',#2406,9.465765322688E-2);
#2408=CARTESIAN_POINT('',(3.2E-1,-6.55E-1,4.352731139202E-1));
#2409=LINE('',#2408,#2407);
#2410=DIRECTION('',(0.E0,0.E0,-1.E0));
#2411=VECTOR('',#2410,1.794537721596E-1);
#2412=CARTESIAN_POINT('',(3.2E-1,-6.55E-1,6.147268860798E-1));
#2413=LINE('',#2412,#2411);
#2414=CARTESIAN_POINT('',(2.125333264941E-1,-6.55E-1,5.25E-1));
#2415=DIRECTION('',(0.E0,-1.E0,0.E0));
#2416=DIRECTION('',(8.191520442894E-1,0.E0,5.735764363505E-1));
#2417=AXIS2_PLACEMENT_3D('',#2414,#2415,#2416);
#2419=DIRECTION('',(-5.735764363510E-1,0.E0,8.191520442890E-1));
#2420=VECTOR('',#2419,9.202851435323E-2);
#2421=CARTESIAN_POINT('',(3.8E-1,-6.55E-1,5.299153554238E-1));
#2422=LINE('',#2421,#2420);
#2423=CARTESIAN_POINT('',(3.4E-1,-6.55E-1,4.65E-1));
#2424=DIRECTION('',(0.E0,-1.E0,0.E0));
#2425=DIRECTION('',(4.476937433439E-1,0.E0,-8.941869559386E-1));
#2426=AXIS2_PLACEMENT_3D('',#2423,#2424,#2425);
#2428=CARTESIAN_POINT('',(4.161079363685E-1,-6.55E-1,3.129882174905E-1));
#2429=DIRECTION('',(0.E0,1.E0,0.E0));
#2430=DIRECTION('',(-9.610793636849E-1,0.E0,2.762724320285E-1));
#2431=AXIS2_PLACEMENT_3D('',#2428,#2429,#2430);
#2433=DIRECTION('',(0.E0,-1.E0,0.E0));
#2434=VECTOR('',#2433,1.1E-1);
#2435=CARTESIAN_POINT('',(3.2E-1,-5.45E-1,6.147268860798E-1));
#2436=LINE('',#2435,#2434);
#2437=DIRECTION('',(0.E0,1.E0,0.E0));
#2438=VECTOR('',#2437,1.1E-1);
#2439=CARTESIAN_POINT('',(3.272146126946E-1,-6.55E-1,6.053007010891E-1));
#2440=LINE('',#2439,#2438);
#2441=CARTESIAN_POINT('',(3.8E-1,-6.55E-1,5.299153554238E-1));
#2442=CARTESIAN_POINT('',(3.859863993864E-1,-6.55E-1,5.213658910725E-1));
#2443=CARTESIAN_POINT('',(3.917945169333E-1,-6.534091952350E-1,
5.130710395750E-1));
#2444=CARTESIAN_POINT('',(3.973406431002E-1,-6.494806473948E-1,
5.051503505446E-1));
#2446=CARTESIAN_POINT('',(3.8E-1,-5.45E-1,5.299153554238E-1));
#2447=CARTESIAN_POINT('',(3.859863993864E-1,-5.45E-1,5.213658910725E-1));
#2448=CARTESIAN_POINT('',(3.917945169333E-1,-5.465908047650E-1,
5.130710395750E-1));
#2449=CARTESIAN_POINT('',(3.973406431002E-1,-5.505193526052E-1,
5.051503505446E-1));
#2451=DIRECTION('',(1.406367995418E-14,0.E0,1.E0));
#2452=VECTOR('',#2451,1.223609818892E-1);
#2453=CARTESIAN_POINT('',(3.8E-1,-5.45E-1,4.075543735346E-1));
#2454=LINE('',#2453,#2452);
#2455=CARTESIAN_POINT('',(4.1E-1,-5.75E-1,4.65E-1));
#2456=CARTESIAN_POINT('',(4.1E-1,-5.708845181039E-1,4.587134975633E-1));
#2457=CARTESIAN_POINT('',(4.083185468663E-1,-5.630278435596E-1,
4.466975833284E-1));
#2458=CARTESIAN_POINT('',(4.018417559294E-1,-5.533736635641E-1,
4.307925785071E-1));
#2459=CARTESIAN_POINT('',(3.920877183838E-1,-5.466942752710E-1,
4.173034869847E-1));
#2460=CARTESIAN_POINT('',(3.841132505019E-1,-5.45E-1,4.104184735576E-1));
#2461=CARTESIAN_POINT('',(3.8E-1,-5.45E-1,4.075543735346E-1));
#2463=CARTESIAN_POINT('',(3.973406431002E-1,-5.505193526052E-1,
5.051503505446E-1));
#2464=CARTESIAN_POINT('',(3.999183457591E-1,-5.523452447519E-1,
5.014690096304E-1));
#2465=CARTESIAN_POINT('',(4.044343778204E-1,-5.567641284187E-1,
4.935096746871E-1));
#2466=CARTESIAN_POINT('',(4.088843786008E-1,-5.651850040859E-1,
4.799984705737E-1));
#2467=CARTESIAN_POINT('',(4.1E-1,-5.716481400376E-1,4.701200506656E-1));
#2468=CARTESIAN_POINT('',(4.1E-1,-5.75E-1,4.65E-1));
#2470=DIRECTION('',(1.686336704647E-10,-1.E0,-2.563385712452E-10));
#2471=VECTOR('',#2470,9.896129477798E-2);
#2472=CARTESIAN_POINT('',(3.973406431002E-1,-5.505193526052E-1,
5.051503505446E-1));
#2473=LINE('',#2472,#2471);
#2474=CARTESIAN_POINT('',(4.1E-1,-6.25E-1,4.65E-1));
#2475=CARTESIAN_POINT('',(4.1E-1,-6.290976862612E-1,4.587406808446E-1));
#2476=CARTESIAN_POINT('',(4.083339575017E-1,-6.369209041405E-1,
4.467783800310E-1));
#2477=CARTESIAN_POINT('',(4.019012578103E-1,-6.465667475196E-1,
4.308936529032E-1));
#2478=CARTESIAN_POINT('',(3.921348168221E-1,-6.532807885439E-1,
4.173559466231E-1));
#2479=CARTESIAN_POINT('',(3.841870941058E-1,-6.55E-1,4.104698916435E-1));
#2480=CARTESIAN_POINT('',(3.8E-1,-6.55E-1,4.075543735346E-1));
#2482=CARTESIAN_POINT('',(3.973406431169E-1,-6.494806473831E-1,
5.051503505192E-1));
#2483=CARTESIAN_POINT('',(3.999433030181E-1,-6.476370769936E-1,
5.014333669691E-1));
#2484=CARTESIAN_POINT('',(4.044617309163E-1,-6.431900151186E-1,
4.934371659827E-1));
#2485=CARTESIAN_POINT('',(4.088699120588E-1,-6.348415584766E-1,
4.800414068884E-1));
#2486=CARTESIAN_POINT('',(4.1E-1,-6.283660044340E-1,4.701416567028E-1));
#2487=CARTESIAN_POINT('',(4.1E-1,-6.25E-1,4.65E-1));
#2489=DIRECTION('',(-1.088801028711E-14,0.E0,-1.E0));
#2490=VECTOR('',#2489,1.223609818892E-1);
#2491=CARTESIAN_POINT('',(3.8E-1,-6.55E-1,5.299153554238E-1));
#2492=LINE('',#2491,#2490);
#2493=CARTESIAN_POINT('',(4.161079363685E-1,6.55E-1,3.129882174905E-1));
#2494=DIRECTION('',(0.E0,-1.E0,0.E0));
#2495=DIRECTION('',(-4.476937433443E-1,0.E0,8.941869559384E-1));
#2496=AXIS2_PLACEMENT_3D('',#2493,#2494,#2495);
#2498=CARTESIAN_POINT('',(3.4E-1,6.55E-1,4.65E-1));
#2499=DIRECTION('',(0.E0,1.E0,0.E0));
#2500=DIRECTION('',(5.714285714286E-1,0.E0,-8.206518066483E-1));
#2501=AXIS2_PLACEMENT_3D('',#2498,#2499,#2500);
#2503=DIRECTION('',(5.735764363510E-1,0.E0,-8.191520442890E-1));
#2504=VECTOR('',#2503,9.202851435323E-2);
#2505=CARTESIAN_POINT('',(3.272146126946E-1,6.55E-1,6.053007010891E-1));
#2506=LINE('',#2505,#2504);
#2507=CARTESIAN_POINT('',(2.125333264941E-1,6.55E-1,5.25E-1));
#2508=DIRECTION('',(0.E0,1.E0,0.E0));
#2509=DIRECTION('',(7.676190964706E-1,0.E0,6.409063291415E-1));
#2510=AXIS2_PLACEMENT_3D('',#2507,#2508,#2509);
#2512=DIRECTION('',(0.E0,1.E0,0.E0));
#2513=VECTOR('',#2512,1.1E-1);
#2514=CARTESIAN_POINT('',(3.2E-1,5.45E-1,3.406154606933E-1));
#2515=LINE('',#2514,#2513);
#2516=DIRECTION('',(0.E0,-1.E0,0.E0));
#2517=VECTOR('',#2516,1.1E-1);
#2518=CARTESIAN_POINT('',(3.713385620341E-1,6.55E-1,4.024069130843E-1));
#2519=LINE('',#2518,#2517);
#2520=DIRECTION('',(0.E0,0.E0,-1.E0));
#2521=VECTOR('',#2520,9.465765322687E-2);
#2522=CARTESIAN_POINT('',(3.2E-1,5.45E-1,4.352731139202E-1));
#2523=LINE('',#2522,#2521);
#2524=DIRECTION('',(0.E0,0.E0,-1.E0));
#2525=VECTOR('',#2524,1.794537721596E-1);
#2526=CARTESIAN_POINT('',(3.2E-1,5.45E-1,6.147268860798E-1));
#2527=LINE('',#2526,#2525);
#2528=CARTESIAN_POINT('',(2.125333264941E-1,5.45E-1,5.25E-1));
#2529=DIRECTION('',(0.E0,-1.E0,0.E0));
#2530=DIRECTION('',(8.191520442894E-1,0.E0,5.735764363505E-1));
#2531=AXIS2_PLACEMENT_3D('',#2528,#2529,#2530);
#2533=DIRECTION('',(-5.735764363510E-1,0.E0,8.191520442890E-1));
#2534=VECTOR('',#2533,9.202851435324E-2);
#2535=CARTESIAN_POINT('',(3.8E-1,5.45E-1,5.299153554238E-1));
#2536=LINE('',#2535,#2534);
#2537=CARTESIAN_POINT('',(3.4E-1,5.45E-1,4.65E-1));
#2538=DIRECTION('',(0.E0,-1.E0,0.E0));
#2539=DIRECTION('',(4.476937433439E-1,0.E0,-8.941869559386E-1));
#2540=AXIS2_PLACEMENT_3D('',#2537,#2538,#2539);
#2542=CARTESIAN_POINT('',(4.161079363685E-1,5.45E-1,3.129882174905E-1));
#2543=DIRECTION('',(0.E0,1.E0,0.E0));
#2544=DIRECTION('',(-9.610793636849E-1,0.E0,2.762724320285E-1));
#2545=AXIS2_PLACEMENT_3D('',#2542,#2543,#2544);
#2547=DIRECTION('',(0.E0,-1.E0,0.E0));
#2548=VECTOR('',#2547,1.1E-1);
#2549=CARTESIAN_POINT('',(3.2E-1,6.55E-1,6.147268860798E-1));
#2550=LINE('',#2549,#2548);
#2551=DIRECTION('',(0.E0,1.E0,0.E0));
#2552=VECTOR('',#2551,1.1E-1);
#2553=CARTESIAN_POINT('',(3.272146126946E-1,5.45E-1,6.053007010891E-1));
#2554=LINE('',#2553,#2552);
#2555=CARTESIAN_POINT('',(3.8E-1,5.45E-1,5.299153554238E-1));
#2556=CARTESIAN_POINT('',(3.859863993864E-1,5.45E-1,5.213658910725E-1));
#2557=CARTESIAN_POINT('',(3.917945169333E-1,5.465908047650E-1,
5.130710395750E-1));
#2558=CARTESIAN_POINT('',(3.973406431002E-1,5.505193526052E-1,
5.051503505446E-1));
#2560=CARTESIAN_POINT('',(3.8E-1,6.55E-1,5.299153554238E-1));
#2561=CARTESIAN_POINT('',(3.859863993864E-1,6.55E-1,5.213658910725E-1));
#2562=CARTESIAN_POINT('',(3.917945169333E-1,6.534091952350E-1,
5.130710395750E-1));
#2563=CARTESIAN_POINT('',(3.973406431002E-1,6.494806473948E-1,
5.051503505446E-1));
#2565=DIRECTION('',(-1.497101414478E-14,0.E0,1.E0));
#2566=VECTOR('',#2565,1.223609818892E-1);
#2567=CARTESIAN_POINT('',(3.8E-1,6.55E-1,4.075543735346E-1));
#2568=LINE('',#2567,#2566);
#2569=CARTESIAN_POINT('',(4.1E-1,6.25E-1,4.65E-1));
#2570=CARTESIAN_POINT('',(4.1E-1,6.291154818961E-1,4.587134975633E-1));
#2571=CARTESIAN_POINT('',(4.083185468663E-1,6.369721564404E-1,
4.466975833284E-1));
#2572=CARTESIAN_POINT('',(4.018417559294E-1,6.466263364359E-1,
4.307925785071E-1));
#2573=CARTESIAN_POINT('',(3.920877183838E-1,6.533057247290E-1,
4.173034869847E-1));
#2574=CARTESIAN_POINT('',(3.841132505019E-1,6.55E-1,4.104184735576E-1));
#2575=CARTESIAN_POINT('',(3.8E-1,6.55E-1,4.075543735346E-1));
#2577=CARTESIAN_POINT('',(3.973406431002E-1,6.494806473948E-1,
5.051503505446E-1));
#2578=CARTESIAN_POINT('',(3.999183457591E-1,6.476547552481E-1,
5.014690096304E-1));
#2579=CARTESIAN_POINT('',(4.044343778204E-1,6.432358715813E-1,
4.935096746871E-1));
#2580=CARTESIAN_POINT('',(4.088843786008E-1,6.348149959141E-1,
4.799984705737E-1));
#2581=CARTESIAN_POINT('',(4.1E-1,6.283518599624E-1,4.701200506656E-1));
#2582=CARTESIAN_POINT('',(4.1E-1,6.25E-1,4.65E-1));
#2584=DIRECTION('',(1.687273471115E-10,-1.E0,-2.564810494984E-10));
#2585=VECTOR('',#2584,9.896129477799E-2);
#2586=CARTESIAN_POINT('',(3.973406431002E-1,6.494806473948E-1,
5.051503505446E-1));
#2587=LINE('',#2586,#2585);
#2588=CARTESIAN_POINT('',(4.1E-1,5.75E-1,4.65E-1));
#2589=CARTESIAN_POINT('',(4.1E-1,5.709023137388E-1,4.587406808446E-1));
#2590=CARTESIAN_POINT('',(4.083339575017E-1,5.630790958595E-1,
4.467783800310E-1));
#2591=CARTESIAN_POINT('',(4.019012578103E-1,5.534332524804E-1,
4.308936529032E-1));
#2592=CARTESIAN_POINT('',(3.921348168221E-1,5.467192114561E-1,
4.173559466231E-1));
#2593=CARTESIAN_POINT('',(3.841870941058E-1,5.45E-1,4.104698916435E-1));
#2594=CARTESIAN_POINT('',(3.8E-1,5.45E-1,4.075543735346E-1));
#2596=CARTESIAN_POINT('',(3.973406431169E-1,5.505193526169E-1,
5.051503505192E-1));
#2597=CARTESIAN_POINT('',(3.999433030181E-1,5.523629230064E-1,
5.014333669691E-1));
#2598=CARTESIAN_POINT('',(4.044617309163E-1,5.568099848814E-1,
4.934371659827E-1));
#2599=CARTESIAN_POINT('',(4.088699120588E-1,5.651584415234E-1,
4.800414068884E-1));
#2600=CARTESIAN_POINT('',(4.1E-1,5.716339955660E-1,4.701416567028E-1));
#2601=CARTESIAN_POINT('',(4.1E-1,5.75E-1,4.65E-1));
#2603=DIRECTION('',(-1.406367995418E-14,0.E0,-1.E0));
#2604=VECTOR('',#2603,1.223609818892E-1);
#2605=CARTESIAN_POINT('',(3.8E-1,5.45E-1,5.299153554238E-1));
#2606=LINE('',#2605,#2604);
#2607=CARTESIAN_POINT('',(4.161079363685E-1,1.055E0,3.129882174905E-1));
#2608=DIRECTION('',(0.E0,-1.E0,0.E0));
#2609=DIRECTION('',(-4.476937433443E-1,0.E0,8.941869559384E-1));
#2610=AXIS2_PLACEMENT_3D('',#2607,#2608,#2609);
#2612=CARTESIAN_POINT('',(3.4E-1,1.055E0,4.65E-1));
#2613=DIRECTION('',(0.E0,1.E0,0.E0));
#2614=DIRECTION('',(5.714285714286E-1,0.E0,-8.206518066483E-1));
#2615=AXIS2_PLACEMENT_3D('',#2612,#2613,#2614);
#2617=DIRECTION('',(5.735764363510E-1,0.E0,-8.191520442890E-1));
#2618=VECTOR('',#2617,9.202851435323E-2);
#2619=CARTESIAN_POINT('',(3.272146126946E-1,1.055E0,6.053007010891E-1));
#2620=LINE('',#2619,#2618);
#2621=CARTESIAN_POINT('',(2.125333264941E-1,1.055E0,5.25E-1));
#2622=DIRECTION('',(0.E0,1.E0,0.E0));
#2623=DIRECTION('',(7.676190964706E-1,0.E0,6.409063291415E-1));
#2624=AXIS2_PLACEMENT_3D('',#2621,#2622,#2623);
#2626=DIRECTION('',(0.E0,1.E0,0.E0));
#2627=VECTOR('',#2626,1.1E-1);
#2628=CARTESIAN_POINT('',(3.2E-1,9.45E-1,3.406154606933E-1));
#2629=LINE('',#2628,#2627);
#2630=DIRECTION('',(0.E0,-1.E0,0.E0));
#2631=VECTOR('',#2630,1.1E-1);
#2632=CARTESIAN_POINT('',(3.713385620341E-1,1.055E0,4.024069130843E-1));
#2633=LINE('',#2632,#2631);
#2634=DIRECTION('',(0.E0,0.E0,-1.E0));
#2635=VECTOR('',#2634,9.465765322687E-2);
#2636=CARTESIAN_POINT('',(3.2E-1,9.45E-1,4.352731139202E-1));
#2637=LINE('',#2636,#2635);
#2638=DIRECTION('',(0.E0,0.E0,-1.E0));
#2639=VECTOR('',#2638,1.794537721596E-1);
#2640=CARTESIAN_POINT('',(3.2E-1,9.45E-1,6.147268860798E-1));
#2641=LINE('',#2640,#2639);
#2642=CARTESIAN_POINT('',(2.125333264941E-1,9.45E-1,5.25E-1));
#2643=DIRECTION('',(0.E0,-1.E0,0.E0));
#2644=DIRECTION('',(8.191520442894E-1,0.E0,5.735764363505E-1));
#2645=AXIS2_PLACEMENT_3D('',#2642,#2643,#2644);
#2647=DIRECTION('',(-5.735764363510E-1,0.E0,8.191520442890E-1));
#2648=VECTOR('',#2647,9.202851435323E-2);
#2649=CARTESIAN_POINT('',(3.8E-1,9.45E-1,5.299153554238E-1));
#2650=LINE('',#2649,#2648);
#2651=CARTESIAN_POINT('',(3.4E-1,9.45E-1,4.65E-1));
#2652=DIRECTION('',(0.E0,-1.E0,0.E0));
#2653=DIRECTION('',(4.476937433439E-1,0.E0,-8.941869559386E-1));
#2654=AXIS2_PLACEMENT_3D('',#2651,#2652,#2653);
#2656=CARTESIAN_POINT('',(4.161079363685E-1,9.45E-1,3.129882174905E-1));
#2657=DIRECTION('',(0.E0,1.E0,0.E0));
#2658=DIRECTION('',(-9.610793636849E-1,0.E0,2.762724320285E-1));
#2659=AXIS2_PLACEMENT_3D('',#2656,#2657,#2658);
#2661=DIRECTION('',(0.E0,-1.E0,0.E0));
#2662=VECTOR('',#2661,1.1E-1);
#2663=CARTESIAN_POINT('',(3.2E-1,1.055E0,6.147268860798E-1));
#2664=LINE('',#2663,#2662);
#2665=DIRECTION('',(0.E0,1.E0,0.E0));
#2666=VECTOR('',#2665,1.1E-1);
#2667=CARTESIAN_POINT('',(3.272146126946E-1,9.45E-1,6.053007010891E-1));
#2668=LINE('',#2667,#2666);
#2669=CARTESIAN_POINT('',(3.8E-1,9.45E-1,5.299153554238E-1));
#2670=CARTESIAN_POINT('',(3.859863993864E-1,9.45E-1,5.213658910725E-1));
#2671=CARTESIAN_POINT('',(3.917945169333E-1,9.465908047650E-1,
5.130710395750E-1));
#2672=CARTESIAN_POINT('',(3.973406431002E-1,9.505193526052E-1,
5.051503505446E-1));
#2674=CARTESIAN_POINT('',(3.8E-1,1.055E0,5.299153554238E-1));
#2675=CARTESIAN_POINT('',(3.859863993864E-1,1.055E0,5.213658910725E-1));
#2676=CARTESIAN_POINT('',(3.917945169333E-1,1.053409195235E0,
5.130710395750E-1));
#2677=CARTESIAN_POINT('',(3.973406431002E-1,1.049480647395E0,
5.051503505446E-1));
#2679=DIRECTION('',(1.179534447770E-14,0.E0,1.E0));
#2680=VECTOR('',#2679,1.223609818892E-1);
#2681=CARTESIAN_POINT('',(3.8E-1,1.055E0,4.075543735346E-1));
#2682=LINE('',#2681,#2680);
#2683=CARTESIAN_POINT('',(4.1E-1,1.025E0,4.65E-1));
#2684=CARTESIAN_POINT('',(4.1E-1,1.029115481896E0,4.587134975633E-1));
#2685=CARTESIAN_POINT('',(4.083185468663E-1,1.036972156440E0,
4.466975833284E-1));
#2686=CARTESIAN_POINT('',(4.018417559294E-1,1.046626336436E0,
4.307925785071E-1));
#2687=CARTESIAN_POINT('',(3.920877183838E-1,1.053305724729E0,
4.173034869847E-1));
#2688=CARTESIAN_POINT('',(3.841132505019E-1,1.055E0,4.104184735576E-1));
#2689=CARTESIAN_POINT('',(3.8E-1,1.055E0,4.075543735346E-1));
#2691=CARTESIAN_POINT('',(3.973406431002E-1,1.049480647395E0,
5.051503505446E-1));
#2692=CARTESIAN_POINT('',(3.999183457591E-1,1.047654755248E0,
5.014690096304E-1));
#2693=CARTESIAN_POINT('',(4.044343778204E-1,1.043235871581E0,
4.935096746871E-1));
#2694=CARTESIAN_POINT('',(4.088843786008E-1,1.034814995914E0,
4.799984705737E-1));
#2695=CARTESIAN_POINT('',(4.1E-1,1.028351859962E0,4.701200506656E-1));
#2696=CARTESIAN_POINT('',(4.1E-1,1.025E0,4.65E-1));
#2698=DIRECTION('',(1.686516204809E-10,-1.E0,-2.563666181454E-10));
#2699=VECTOR('',#2698,9.896129477798E-2);
#2700=CARTESIAN_POINT('',(3.973406431002E-1,1.049480647395E0,
5.051503505446E-1));
#2701=LINE('',#2700,#2699);
#2702=CARTESIAN_POINT('',(4.1E-1,9.75E-1,4.65E-1));
#2703=CARTESIAN_POINT('',(4.1E-1,9.709023137388E-1,4.587406808446E-1));
#2704=CARTESIAN_POINT('',(4.083339575017E-1,9.630790958595E-1,
4.467783800310E-1));
#2705=CARTESIAN_POINT('',(4.019012578103E-1,9.534332524804E-1,
4.308936529032E-1));
#2706=CARTESIAN_POINT('',(3.921348168221E-1,9.467192114561E-1,
4.173559466231E-1));
#2707=CARTESIAN_POINT('',(3.841870941058E-1,9.45E-1,4.104698916435E-1));
#2708=CARTESIAN_POINT('',(3.8E-1,9.45E-1,4.075543735346E-1));
#2710=CARTESIAN_POINT('',(3.973406431169E-1,9.505193526169E-1,
5.051503505192E-1));
#2711=CARTESIAN_POINT('',(3.999433030181E-1,9.523629230064E-1,
5.014333669691E-1));
#2712=CARTESIAN_POINT('',(4.044617309163E-1,9.568099848814E-1,
4.934371659827E-1));
#2713=CARTESIAN_POINT('',(4.088699120588E-1,9.651584415234E-1,
4.800414068884E-1));
#2714=CARTESIAN_POINT('',(4.1E-1,9.716339955660E-1,4.701416567028E-1));
#2715=CARTESIAN_POINT('',(4.1E-1,9.75E-1,4.65E-1));
#2717=DIRECTION('',(-1.088801028711E-14,0.E0,-1.E0));
#2718=VECTOR('',#2717,1.223609818892E-1);
#2719=CARTESIAN_POINT('',(3.8E-1,9.45E-1,5.299153554238E-1));
#2720=LINE('',#2719,#2718);
#2721=CARTESIAN_POINT('',(4.161079363685E-1,1.855E0,3.129882174905E-1));
#2722=DIRECTION('',(0.E0,-1.E0,0.E0));
#2723=DIRECTION('',(-4.476937433443E-1,0.E0,8.941869559384E-1));
#2724=AXIS2_PLACEMENT_3D('',#2721,#2722,#2723);
#2726=CARTESIAN_POINT('',(3.4E-1,1.855E0,4.65E-1));
#2727=DIRECTION('',(0.E0,1.E0,0.E0));
#2728=DIRECTION('',(5.714285714286E-1,0.E0,-8.206518066483E-1));
#2729=AXIS2_PLACEMENT_3D('',#2726,#2727,#2728);
#2731=DIRECTION('',(5.735764363510E-1,0.E0,-8.191520442890E-1));
#2732=VECTOR('',#2731,9.202851435323E-2);
#2733=CARTESIAN_POINT('',(3.272146126946E-1,1.855E0,6.053007010891E-1));
#2734=LINE('',#2733,#2732);
#2735=CARTESIAN_POINT('',(2.125333264941E-1,1.855E0,5.25E-1));
#2736=DIRECTION('',(0.E0,1.E0,0.E0));
#2737=DIRECTION('',(7.676190964706E-1,0.E0,6.409063291415E-1));
#2738=AXIS2_PLACEMENT_3D('',#2735,#2736,#2737);
#2740=DIRECTION('',(0.E0,1.E0,0.E0));
#2741=VECTOR('',#2740,1.1E-1);
#2742=CARTESIAN_POINT('',(3.2E-1,1.745E0,3.406154606933E-1));
#2743=LINE('',#2742,#2741);
#2744=DIRECTION('',(0.E0,-1.E0,0.E0));
#2745=VECTOR('',#2744,1.1E-1);
#2746=CARTESIAN_POINT('',(3.713385620341E-1,1.855E0,4.024069130843E-1));
#2747=LINE('',#2746,#2745);
#2748=DIRECTION('',(0.E0,0.E0,-1.E0));
#2749=VECTOR('',#2748,9.465765322687E-2);
#2750=CARTESIAN_POINT('',(3.2E-1,1.745E0,4.352731139202E-1));
#2751=LINE('',#2750,#2749);
#2752=DIRECTION('',(0.E0,0.E0,-1.E0));
#2753=VECTOR('',#2752,1.794537721596E-1);
#2754=CARTESIAN_POINT('',(3.2E-1,1.745E0,6.147268860798E-1));
#2755=LINE('',#2754,#2753);
#2756=CARTESIAN_POINT('',(2.125333264941E-1,1.745E0,5.25E-1));
#2757=DIRECTION('',(0.E0,-1.E0,0.E0));
#2758=DIRECTION('',(8.191520442894E-1,0.E0,5.735764363505E-1));
#2759=AXIS2_PLACEMENT_3D('',#2756,#2757,#2758);
#2761=DIRECTION('',(-5.735764363510E-1,0.E0,8.191520442890E-1));
#2762=VECTOR('',#2761,9.202851435324E-2);
#2763=CARTESIAN_POINT('',(3.8E-1,1.745E0,5.299153554238E-1));
#2764=LINE('',#2763,#2762);
#2765=CARTESIAN_POINT('',(3.4E-1,1.745E0,4.65E-1));
#2766=DIRECTION('',(0.E0,-1.E0,0.E0));
#2767=DIRECTION('',(4.476937433439E-1,0.E0,-8.941869559386E-1));
#2768=AXIS2_PLACEMENT_3D('',#2765,#2766,#2767);
#2770=CARTESIAN_POINT('',(4.161079363685E-1,1.745E0,3.129882174905E-1));
#2771=DIRECTION('',(0.E0,1.E0,0.E0));
#2772=DIRECTION('',(-9.610793636849E-1,0.E0,2.762724320285E-1));
#2773=AXIS2_PLACEMENT_3D('',#2770,#2771,#2772);
#2775=DIRECTION('',(0.E0,-1.E0,0.E0));
#2776=VECTOR('',#2775,1.1E-1);
#2777=CARTESIAN_POINT('',(3.2E-1,1.855E0,6.147268860798E-1));
#2778=LINE('',#2777,#2776);
#2779=DIRECTION('',(0.E0,1.E0,0.E0));
#2780=VECTOR('',#2779,1.1E-1);
#2781=CARTESIAN_POINT('',(3.272146126946E-1,1.745E0,6.053007010891E-1));
#2782=LINE('',#2781,#2780);
#2783=CARTESIAN_POINT('',(3.8E-1,1.745E0,5.299153554238E-1));
#2784=CARTESIAN_POINT('',(3.859863993864E-1,1.745E0,5.213658910725E-1));
#2785=CARTESIAN_POINT('',(3.917945169333E-1,1.746590804765E0,
5.130710395750E-1));
#2786=CARTESIAN_POINT('',(3.973406431002E-1,1.750519352605E0,
5.051503505446E-1));
#2788=CARTESIAN_POINT('',(3.8E-1,1.855E0,5.299153554238E-1));
#2789=CARTESIAN_POINT('',(3.859863993864E-1,1.855E0,5.213658910725E-1));
#2790=CARTESIAN_POINT('',(3.917945169333E-1,1.853409195235E0,
5.130710395750E-1));
#2791=CARTESIAN_POINT('',(3.973406431002E-1,1.849480647395E0,
5.051503505446E-1));
#2793=DIRECTION('',(1.179534447770E-14,0.E0,1.E0));
#2794=VECTOR('',#2793,1.223609818892E-1);
#2795=CARTESIAN_POINT('',(3.8E-1,1.855E0,4.075543735346E-1));
#2796=LINE('',#2795,#2794);
#2797=CARTESIAN_POINT('',(4.1E-1,1.825E0,4.65E-1));
#2798=CARTESIAN_POINT('',(4.1E-1,1.829115481896E0,4.587134975633E-1));
#2799=CARTESIAN_POINT('',(4.083185468663E-1,1.836972156440E0,
4.466975833284E-1));
#2800=CARTESIAN_POINT('',(4.018417559294E-1,1.846626336436E0,
4.307925785071E-1));
#2801=CARTESIAN_POINT('',(3.920877183838E-1,1.853305724729E0,
4.173034869847E-1));
#2802=CARTESIAN_POINT('',(3.841132505019E-1,1.855E0,4.104184735576E-1));
#2803=CARTESIAN_POINT('',(3.8E-1,1.855E0,4.075543735346E-1));
#2805=CARTESIAN_POINT('',(3.973406431002E-1,1.849480647395E0,
5.051503505446E-1));
#2806=CARTESIAN_POINT('',(3.999183457591E-1,1.847654755248E0,
5.014690096304E-1));
#2807=CARTESIAN_POINT('',(4.044343778204E-1,1.843235871581E0,
4.935096746871E-1));
#2808=CARTESIAN_POINT('',(4.088843786008E-1,1.834814995914E0,
4.799984705737E-1));
#2809=CARTESIAN_POINT('',(4.1E-1,1.828351859962E0,4.701200506656E-1));
#2810=CARTESIAN_POINT('',(4.1E-1,1.825E0,4.65E-1));
#2812=DIRECTION('',(1.686471329768E-10,-1.E0,-2.563587650134E-10));
#2813=VECTOR('',#2812,9.896129477798E-2);
#2814=CARTESIAN_POINT('',(3.973406431002E-1,1.849480647395E0,
5.051503505446E-1));
#2815=LINE('',#2814,#2813);
#2816=CARTESIAN_POINT('',(4.1E-1,1.775E0,4.65E-1));
#2817=CARTESIAN_POINT('',(4.1E-1,1.770902313739E0,4.587406808446E-1));
#2818=CARTESIAN_POINT('',(4.083339575017E-1,1.763079095859E0,
4.467783800310E-1));
#2819=CARTESIAN_POINT('',(4.019012578103E-1,1.753433252480E0,
4.308936529032E-1));
#2820=CARTESIAN_POINT('',(3.921348168221E-1,1.746719211456E0,
4.173559466231E-1));
#2821=CARTESIAN_POINT('',(3.841870941058E-1,1.745E0,4.104698916435E-1));
#2822=CARTESIAN_POINT('',(3.8E-1,1.745E0,4.075543735346E-1));
#2824=CARTESIAN_POINT('',(3.973406431169E-1,1.750519352617E0,
5.051503505192E-1));
#2825=CARTESIAN_POINT('',(3.999433030181E-1,1.752362923006E0,
5.014333669691E-1));
#2826=CARTESIAN_POINT('',(4.044617309163E-1,1.756809984881E0,
4.934371659827E-1));
#2827=CARTESIAN_POINT('',(4.088699120588E-1,1.765158441523E0,
4.800414068885E-1));
#2828=CARTESIAN_POINT('',(4.1E-1,1.771633995566E0,4.701416567028E-1));
#2829=CARTESIAN_POINT('',(4.1E-1,1.775E0,4.65E-1));
#2831=DIRECTION('',(-1.633201543067E-14,0.E0,-1.E0));
#2832=VECTOR('',#2831,1.223609818892E-1);
#2833=CARTESIAN_POINT('',(3.8E-1,1.745E0,5.299153554238E-1));
#2834=LINE('',#2833,#2832);
#2835=CARTESIAN_POINT('',(4.161079363685E-1,-1.745E0,3.129882174905E-1));
#2836=DIRECTION('',(0.E0,-1.E0,0.E0));
#2837=DIRECTION('',(-4.476937433443E-1,0.E0,8.941869559384E-1));
#2838=AXIS2_PLACEMENT_3D('',#2835,#2836,#2837);
#2840=CARTESIAN_POINT('',(3.4E-1,-1.745E0,4.65E-1));
#2841=DIRECTION('',(0.E0,1.E0,0.E0));
#2842=DIRECTION('',(5.714285714286E-1,0.E0,-8.206518066483E-1));
#2843=AXIS2_PLACEMENT_3D('',#2840,#2841,#2842);
#2845=DIRECTION('',(5.735764363510E-1,0.E0,-8.191520442890E-1));
#2846=VECTOR('',#2845,9.202851435324E-2);
#2847=CARTESIAN_POINT('',(3.272146126946E-1,-1.745E0,6.053007010891E-1));
#2848=LINE('',#2847,#2846);
#2849=CARTESIAN_POINT('',(2.125333264941E-1,-1.745E0,5.25E-1));
#2850=DIRECTION('',(0.E0,1.E0,0.E0));
#2851=DIRECTION('',(7.676190964706E-1,0.E0,6.409063291415E-1));
#2852=AXIS2_PLACEMENT_3D('',#2849,#2850,#2851);
#2854=DIRECTION('',(0.E0,1.E0,0.E0));
#2855=VECTOR('',#2854,1.1E-1);
#2856=CARTESIAN_POINT('',(3.2E-1,-1.855E0,3.406154606933E-1));
#2857=LINE('',#2856,#2855);
#2858=DIRECTION('',(0.E0,-1.E0,0.E0));
#2859=VECTOR('',#2858,1.1E-1);
#2860=CARTESIAN_POINT('',(3.713385620341E-1,-1.745E0,4.024069130843E-1));
#2861=LINE('',#2860,#2859);
#2862=DIRECTION('',(0.E0,0.E0,-1.E0));
#2863=VECTOR('',#2862,9.465765322688E-2);
#2864=CARTESIAN_POINT('',(3.2E-1,-1.855E0,4.352731139202E-1));
#2865=LINE('',#2864,#2863);
#2866=DIRECTION('',(0.E0,0.E0,-1.E0));
#2867=VECTOR('',#2866,1.794537721596E-1);
#2868=CARTESIAN_POINT('',(3.2E-1,-1.855E0,6.147268860798E-1));
#2869=LINE('',#2868,#2867);
#2870=CARTESIAN_POINT('',(2.125333264941E-1,-1.855E0,5.25E-1));
#2871=DIRECTION('',(0.E0,-1.E0,0.E0));
#2872=DIRECTION('',(8.191520442894E-1,0.E0,5.735764363505E-1));
#2873=AXIS2_PLACEMENT_3D('',#2870,#2871,#2872);
#2875=DIRECTION('',(-5.735764363510E-1,0.E0,8.191520442890E-1));
#2876=VECTOR('',#2875,9.202851435323E-2);
#2877=CARTESIAN_POINT('',(3.8E-1,-1.855E0,5.299153554238E-1));
#2878=LINE('',#2877,#2876);
#2879=CARTESIAN_POINT('',(3.4E-1,-1.855E0,4.65E-1));
#2880=DIRECTION('',(0.E0,-1.E0,0.E0));
#2881=DIRECTION('',(4.476937433439E-1,0.E0,-8.941869559386E-1));
#2882=AXIS2_PLACEMENT_3D('',#2879,#2880,#2881);
#2884=CARTESIAN_POINT('',(4.161079363685E-1,-1.855E0,3.129882174905E-1));
#2885=DIRECTION('',(0.E0,1.E0,0.E0));
#2886=DIRECTION('',(-9.610793636849E-1,0.E0,2.762724320285E-1));
#2887=AXIS2_PLACEMENT_3D('',#2884,#2885,#2886);
#2889=DIRECTION('',(0.E0,-1.E0,0.E0));
#2890=VECTOR('',#2889,1.1E-1);
#2891=CARTESIAN_POINT('',(3.2E-1,-1.745E0,6.147268860798E-1));
#2892=LINE('',#2891,#2890);
#2893=DIRECTION('',(0.E0,1.E0,0.E0));
#2894=VECTOR('',#2893,1.1E-1);
#2895=CARTESIAN_POINT('',(3.272146126946E-1,-1.855E0,6.053007010891E-1));
#2896=LINE('',#2895,#2894);
#2897=CARTESIAN_POINT('',(3.8E-1,-1.855E0,5.299153554238E-1));
#2898=CARTESIAN_POINT('',(3.859863993864E-1,-1.855E0,5.213658910725E-1));
#2899=CARTESIAN_POINT('',(3.917945169333E-1,-1.853409195235E0,
5.130710395750E-1));
#2900=CARTESIAN_POINT('',(3.973406431002E-1,-1.849480647395E0,
5.051503505446E-1));
#2902=CARTESIAN_POINT('',(3.8E-1,-1.745E0,5.299153554238E-1));
#2903=CARTESIAN_POINT('',(3.859863993864E-1,-1.745E0,5.213658910725E-1));
#2904=CARTESIAN_POINT('',(3.917945169333E-1,-1.746590804765E0,
5.130710395750E-1));
#2905=CARTESIAN_POINT('',(3.973406431002E-1,-1.750519352605E0,
5.051503505446E-1));
#2907=DIRECTION('',(1.723934962126E-14,0.E0,1.E0));
#2908=VECTOR('',#2907,1.223609818892E-1);
#2909=CARTESIAN_POINT('',(3.8E-1,-1.745E0,4.075543735346E-1));
#2910=LINE('',#2909,#2908);
#2911=CARTESIAN_POINT('',(4.1E-1,-1.775E0,4.65E-1));
#2912=CARTESIAN_POINT('',(4.1E-1,-1.770884518104E0,4.587134975633E-1));
#2913=CARTESIAN_POINT('',(4.083185468663E-1,-1.763027843560E0,
4.466975833284E-1));
#2914=CARTESIAN_POINT('',(4.018417559294E-1,-1.753373663564E0,
4.307925785071E-1));
#2915=CARTESIAN_POINT('',(3.920877183838E-1,-1.746694275271E0,
4.173034869847E-1));
#2916=CARTESIAN_POINT('',(3.841132505019E-1,-1.745E0,4.104184735576E-1));
#2917=CARTESIAN_POINT('',(3.8E-1,-1.745E0,4.075543735346E-1));
#2919=CARTESIAN_POINT('',(3.973406431002E-1,-1.750519352605E0,
5.051503505446E-1));
#2920=CARTESIAN_POINT('',(3.999183457591E-1,-1.752345244752E0,
5.014690096304E-1));
#2921=CARTESIAN_POINT('',(4.044343778204E-1,-1.756764128419E0,
4.935096746871E-1));
#2922=CARTESIAN_POINT('',(4.088843786008E-1,-1.765185004086E0,
4.799984705737E-1));
#2923=CARTESIAN_POINT('',(4.1E-1,-1.771648140038E0,4.701200506656E-1));
#2924=CARTESIAN_POINT('',(4.1E-1,-1.775E0,4.65E-1));
#2926=DIRECTION('',(1.678668682122E-10,-1.E0,-2.551740639474E-10));
#2927=VECTOR('',#2926,9.896129477804E-2);
#2928=CARTESIAN_POINT('',(3.973406431002E-1,-1.750519352605E0,
5.051503505446E-1));
#2929=LINE('',#2928,#2927);
#2930=CARTESIAN_POINT('',(4.1E-1,-1.825E0,4.65E-1));
#2931=CARTESIAN_POINT('',(4.1E-1,-1.829097686261E0,4.587406808446E-1));
#2932=CARTESIAN_POINT('',(4.083339575017E-1,-1.836920904141E0,
4.467783800310E-1));
#2933=CARTESIAN_POINT('',(4.019012578103E-1,-1.846566747520E0,
4.308936529032E-1));
#2934=CARTESIAN_POINT('',(3.921348168221E-1,-1.853280788544E0,
4.173559466231E-1));
#2935=CARTESIAN_POINT('',(3.841870941058E-1,-1.855E0,4.104698916435E-1));
#2936=CARTESIAN_POINT('',(3.8E-1,-1.855E0,4.075543735346E-1));
#2938=CARTESIAN_POINT('',(3.973406431168E-1,-1.849480647383E0,
5.051503505193E-1));
#2939=CARTESIAN_POINT('',(3.999433030180E-1,-1.847637076994E0,
5.014333669692E-1));
#2940=CARTESIAN_POINT('',(4.044617309163E-1,-1.843190015119E0,
4.934371659827E-1));
#2941=CARTESIAN_POINT('',(4.088699120588E-1,-1.834841558477E0,
4.800414068885E-1));
#2942=CARTESIAN_POINT('',(4.1E-1,-1.828366004434E0,4.701416567028E-1));
#2943=CARTESIAN_POINT('',(4.1E-1,-1.825E0,4.65E-1));
#2945=DIRECTION('',(-1.088801028711E-14,0.E0,-1.E0));
#2946=VECTOR('',#2945,1.223609818892E-1);
#2947=CARTESIAN_POINT('',(3.8E-1,-1.855E0,5.299153554238E-1));
#2948=LINE('',#2947,#2946);
#2949=DIRECTION('',(-1.E0,0.E0,0.E0));
#2950=VECTOR('',#2949,6.4E-1);
#2951=CARTESIAN_POINT('',(3.2E-1,2.49E0,7.15E-1));
#2952=LINE('',#2951,#2950);
#2953=DIRECTION('',(0.E0,1.E0,0.E0));
#2954=VECTOR('',#2953,4.98E0);
#2955=CARTESIAN_POINT('',(3.2E-1,-2.49E0,7.15E-1));
#2956=LINE('',#2955,#2954);
#2957=DIRECTION('',(0.E0,2.747211278974E-1,-9.615239476408E-1));
#2958=VECTOR('',#2957,4.992075352649E-1);
#2959=CARTESIAN_POINT('',(7.35E-1,-2.282857142857E0,6.35E-1));
#2960=LINE('',#2959,#2958);
#2961=DIRECTION('',(0.E0,0.E0,1.E0));
#2962=VECTOR('',#2961,1.14E0);
#2963=CARTESIAN_POINT('',(7.35E-1,-2.93E0,-5.05E-1));
#2964=LINE('',#2963,#2962);
#2965=DIRECTION('',(0.E0,-1.E0,0.E0));
#2966=VECTOR('',#2965,5.86E0);
#2967=CARTESIAN_POINT('',(7.35E-1,2.93E0,-5.05E-1));
#2968=LINE('',#2967,#2966);
#2969=DIRECTION('',(0.E0,0.E0,-1.E0));
#2970=VECTOR('',#2969,1.14E0);
#2971=CARTESIAN_POINT('',(7.35E-1,2.93E0,6.35E-1));
#2972=LINE('',#2971,#2970);
#2973=DIRECTION('',(0.E0,2.747211278974E-1,9.615239476408E-1));
#2974=VECTOR('',#2973,4.992075352649E-1);
#2975=CARTESIAN_POINT('',(7.35E-1,2.145714285714E0,1.55E-1));
#2976=LINE('',#2975,#2974);
#2977=DIRECTION('',(0.E0,1.E0,0.E0));
#2978=VECTOR('',#2977,4.36E0);
#2979=CARTESIAN_POINT('',(8.55E-1,-2.18E0,2.75E-1));
#2980=LINE('',#2979,#2978);
#2981=DIRECTION('',(6.931032800837E-1,-1.980295085953E-1,6.931032800837E-1));
#2982=VECTOR('',#2981,1.731343703719E-1);
#2983=CARTESIAN_POINT('',(7.35E-1,-2.145714285714E0,1.55E-1));
#2984=LINE('',#2983,#2982);
#2985=DIRECTION('',(0.E0,-1.E0,0.E0));
#2986=VECTOR('',#2985,4.291428571429E0);
#2987=CARTESIAN_POINT('',(7.35E-1,2.145714285714E0,1.55E-1));
#2988=LINE('',#2987,#2986);
#2989=DIRECTION('',(-6.931032800837E-1,-1.980295085953E-1,-6.931032800837E-1));
#2990=VECTOR('',#2989,1.731343703719E-1);
#2991=CARTESIAN_POINT('',(8.55E-1,2.18E0,2.75E-1));
#2992=LINE('',#2991,#2990);
#2993=DIRECTION('',(1.E0,0.E0,0.E0));
#2994=VECTOR('',#2993,1.E-1);
#2995=CARTESIAN_POINT('',(1.17E0,-2.38E0,2.75E-1));
#2996=LINE('',#2995,#2994);
#2997=DIRECTION('',(1.E0,0.E0,0.E0));
#2998=VECTOR('',#2997,3.15E-1);
#2999=CARTESIAN_POINT('',(8.55E-1,-2.18E0,2.75E-1));
#3000=LINE('',#2999,#2998);
#3001=DIRECTION('',(-1.E0,0.E0,0.E0));
#3002=VECTOR('',#3001,3.15E-1);
#3003=CARTESIAN_POINT('',(1.17E0,2.18E0,2.75E-1));
#3004=LINE('',#3003,#3002);
#3005=DIRECTION('',(-1.E0,0.E0,0.E0));
#3006=VECTOR('',#3005,1.E-1);
#3007=CARTESIAN_POINT('',(1.27E0,2.38E0,2.75E-1));
#3008=LINE('',#3007,#3006);
#3009=DIRECTION('',(1.E0,0.E0,0.E0));
#3010=VECTOR('',#3009,1.E-1);
#3011=CARTESIAN_POINT('',(1.17E0,-2.38E0,3.25E-1));
#3012=LINE('',#3011,#3010);
#3013=DIRECTION('',(0.E0,0.E0,1.E0));
#3014=VECTOR('',#3013,5.E-2);
#3015=CARTESIAN_POINT('',(1.17E0,-2.38E0,2.75E-1));
#3016=LINE('',#3015,#3014);
#3017=DIRECTION('',(0.E0,1.E0,0.E0));
#3018=VECTOR('',#3017,1.E-1);
#3019=CARTESIAN_POINT('',(1.27E0,-2.48E0,2.75E-1));
#3020=LINE('',#3019,#3018);
#3021=DIRECTION('',(0.E0,0.E0,1.E0));
#3022=VECTOR('',#3021,8.472413793103E-1);
#3023=CARTESIAN_POINT('',(1.27E0,-2.48E0,-5.722413793103E-1));
#3024=LINE('',#3023,#3022);
#3025=DIRECTION('',(0.E0,5.171156399256E-1,8.559155419458E-1));
#3026=VECTOR('',#3025,9.669017167455E-2);
#3027=CARTESIAN_POINT('',(1.27E0,-2.53E0,-6.55E-1));
#3028=LINE('',#3027,#3026);
#3029=DIRECTION('',(0.E0,-4.440892098501E-14,1.E0));
#3030=VECTOR('',#3029,3.E-2);
#3031=CARTESIAN_POINT('',(1.27E0,-2.53E0,-6.85E-1));
#3032=LINE('',#3031,#3030);
#3033=DIRECTION('',(0.E0,0.E0,-1.E0));
#3034=VECTOR('',#3033,3.E-2);
#3035=CARTESIAN_POINT('',(1.27E0,-2.93E0,-6.55E-1));
#3036=LINE('',#3035,#3034);
#3037=DIRECTION('',(0.E0,5.171156399256E-1,-8.559155419458E-1));
#3038=VECTOR('',#3037,9.669017167455E-2);
#3039=CARTESIAN_POINT('',(1.27E0,-2.98E0,-5.722413793103E-1));
#3040=LINE('',#3039,#3038);
#3041=DIRECTION('',(0.E0,0.E0,-1.E0));
#3042=VECTOR('',#3041,8.472413793103E-1);
#3043=CARTESIAN_POINT('',(1.27E0,-2.98E0,2.75E-1));
#3044=LINE('',#3043,#3042);
#3045=DIRECTION('',(0.E0,1.E0,0.E0));
#3046=VECTOR('',#3045,1.E-1);
#3047=CARTESIAN_POINT('',(1.27E0,-3.08E0,2.75E-1));
#3048=LINE('',#3047,#3046);
#3049=DIRECTION('',(0.E0,0.E0,-1.E0));
#3050=VECTOR('',#3049,5.E-2);
#3051=CARTESIAN_POINT('',(1.27E0,-3.08E0,3.25E-1));
#3052=LINE('',#3051,#3050);
#3053=DIRECTION('',(0.E0,-1.E0,0.E0));
#3054=VECTOR('',#3053,1.55E-1);
#3055=CARTESIAN_POINT('',(1.27E0,-2.925E0,3.25E-1));
#3056=LINE('',#3055,#3054);
#3057=DIRECTION('',(0.E0,-3.243243243243E-1,9.459459459459E-1));
#3058=VECTOR('',#3057,7.E-2);
#3059=CARTESIAN_POINT('',(1.27E0,-2.902297297297E0,2.587837837838E-1));
#3060=LINE('',#3059,#3058);
#3061=CARTESIAN_POINT('',(1.27E0,-2.855E0,2.75E-1));
#3062=DIRECTION('',(-1.E0,0.E0,0.E0));
#3063=DIRECTION('',(0.E0,0.E0,-1.E0));
#3064=AXIS2_PLACEMENT_3D('',#3061,#3062,#3063);
#3066=CARTESIAN_POINT('',(1.27E0,-2.855E0,2.75E-1));
#3067=DIRECTION('',(-1.E0,0.E0,0.E0));
#3068=DIRECTION('',(0.E0,1.E0,0.E0));
#3069=AXIS2_PLACEMENT_3D('',#3066,#3067,#3068);
#3071=DIRECTION('',(0.E0,0.E0,-1.E0));
#3072=VECTOR('',#3071,4.E-2);
#3073=CARTESIAN_POINT('',(1.27E0,-2.805E0,3.15E-1));
#3074=LINE('',#3073,#3072);
#3075=DIRECTION('',(0.E0,-1.E0,0.E0));
#3076=VECTOR('',#3075,1.5E-1);
#3077=CARTESIAN_POINT('',(1.27E0,-2.655E0,3.15E-1));
#3078=LINE('',#3077,#3076);
#3079=DIRECTION('',(0.E0,0.E0,1.E0));
#3080=VECTOR('',#3079,4.E-2);
#3081=CARTESIAN_POINT('',(1.27E0,-2.655E0,2.75E-1));
#3082=LINE('',#3081,#3080);
#3083=CARTESIAN_POINT('',(1.27E0,-2.605E0,2.75E-1));
#3084=DIRECTION('',(-1.E0,0.E0,0.E0));
#3085=DIRECTION('',(0.E0,0.E0,-1.E0));
#3086=AXIS2_PLACEMENT_3D('',#3083,#3084,#3085);
#3088=CARTESIAN_POINT('',(1.27E0,-2.605E0,2.75E-1));
#3089=DIRECTION('',(-1.E0,0.E0,0.E0));
#3090=DIRECTION('',(0.E0,9.459459459460E-1,-3.243243243240E-1));
#3091=AXIS2_PLACEMENT_3D('',#3088,#3089,#3090);
#3093=DIRECTION('',(0.E0,-3.243243243243E-1,-9.459459459459E-1));
#3094=VECTOR('',#3093,7.E-2);
#3095=CARTESIAN_POINT('',(1.27E0,-2.535E0,3.25E-1));
#3096=LINE('',#3095,#3094);
#3097=DIRECTION('',(0.E0,-1.E0,0.E0));
#3098=VECTOR('',#3097,1.55E-1);
#3099=CARTESIAN_POINT('',(1.27E0,-2.38E0,3.25E-1));
#3100=LINE('',#3099,#3098);
#3101=DIRECTION('',(0.E0,0.E0,1.E0));
#3102=VECTOR('',#3101,5.E-2);
#3103=CARTESIAN_POINT('',(1.27E0,-2.38E0,2.75E-1));
#3104=LINE('',#3103,#3102);
#3105=DIRECTION('',(-1.E0,0.E0,0.E0));
#3106=VECTOR('',#3105,2.8E-1);
#3107=CARTESIAN_POINT('',(1.55E0,-2.48E0,2.75E-1));
#3108=LINE('',#3107,#3106);
#3109=DIRECTION('',(1.463475805185E-13,1.951301073580E-14,-1.E0));
#3110=VECTOR('',#3109,2.275862068970E-2);
#3111=CARTESIAN_POINT('',(1.17E0,-2.48E0,-5.722413793103E-1));
#3112=LINE('',#3111,#3110);
#3113=DIRECTION('',(-1.E0,0.E0,0.E0));
#3114=VECTOR('',#3113,1.E-1);
#3115=CARTESIAN_POINT('',(1.27E0,-2.48E0,-5.722413793103E-1));
#3116=LINE('',#3115,#3114);
#3117=DIRECTION('',(0.E0,0.E0,-1.E0));
#3118=VECTOR('',#3117,8.700000000001E-1);
#3119=CARTESIAN_POINT('',(1.55E0,-2.48E0,2.75E-1));
#3120=LINE('',#3119,#3118);
#3121=DIRECTION('',(0.E0,-1.E0,0.E0));
#3122=VECTOR('',#3121,4.96E0);
#3123=CARTESIAN_POINT('',(1.55E0,2.48E0,2.75E-1));
#3124=LINE('',#3123,#3122);
#3125=DIRECTION('',(0.E0,0.E0,1.E0));
#3126=VECTOR('',#3125,8.700000000001E-1);
#3127=CARTESIAN_POINT('',(1.55E0,2.48E0,-5.950000000001E-1));
#3128=LINE('',#3127,#3126);
#3129=DIRECTION('',(0.E0,0.E0,-1.E0));
#3130=VECTOR('',#3129,6.000000000007E-2);
#3131=CARTESIAN_POINT('',(1.55E0,2.E0,-5.35E-1));
#3132=LINE('',#3131,#3130);
#3133=DIRECTION('',(0.E0,1.E0,0.E0));
#3134=VECTOR('',#3133,4.E0);
#3135=CARTESIAN_POINT('',(1.55E0,-2.E0,-5.35E-1));
#3136=LINE('',#3135,#3134);
#3137=DIRECTION('',(0.E0,0.E0,1.E0));
#3138=VECTOR('',#3137,6.000000000007E-2);
#3139=CARTESIAN_POINT('',(1.55E0,-2.E0,-5.950000000001E-1));
#3140=LINE('',#3139,#3138);
#3141=DIRECTION('',(1.E0,0.E0,0.E0));
#3142=VECTOR('',#3141,2.8E-1);
#3143=CARTESIAN_POINT('',(1.27E0,2.48E0,2.75E-1));
#3144=LINE('',#3143,#3142);
#3145=DIRECTION('',(1.E0,0.E0,0.E0));
#3146=VECTOR('',#3145,1.E-1);
#3147=CARTESIAN_POINT('',(1.17E0,2.48E0,-5.722413793103E-1));
#3148=LINE('',#3147,#3146);
#3149=DIRECTION('',(-1.463475805185E-13,1.951301073580E-14,1.E0));
#3150=VECTOR('',#3149,2.275862068970E-2);
#3151=CARTESIAN_POINT('',(1.17E0,2.48E0,-5.95E-1));
#3152=LINE('',#3151,#3150);
#3153=DIRECTION('',(0.E0,1.E0,0.E0));
#3154=VECTOR('',#3153,1.E-1);
#3155=CARTESIAN_POINT('',(1.27E0,2.38E0,2.75E-1));
#3156=LINE('',#3155,#3154);
#3157=DIRECTION('',(0.E0,0.E0,-1.E0));
#3158=VECTOR('',#3157,5.E-2);
#3159=CARTESIAN_POINT('',(1.27E0,2.38E0,3.25E-1));
#3160=LINE('',#3159,#3158);
#3161=DIRECTION('',(0.E0,-1.E0,0.E0));
#3162=VECTOR('',#3161,1.55E-1);
#3163=CARTESIAN_POINT('',(1.27E0,2.535E0,3.25E-1));
#3164=LINE('',#3163,#3162);
#3165=DIRECTION('',(0.E0,-3.243243243243E-1,9.459459459459E-1));
#3166=VECTOR('',#3165,7.E-2);
#3167=CARTESIAN_POINT('',(1.27E0,2.557702702703E0,2.587837837838E-1));
#3168=LINE('',#3167,#3166);
#3169=CARTESIAN_POINT('',(1.27E0,2.605E0,2.75E-1));
#3170=DIRECTION('',(-1.E0,0.E0,0.E0));
#3171=DIRECTION('',(0.E0,0.E0,-1.E0));
#3172=AXIS2_PLACEMENT_3D('',#3169,#3170,#3171);
#3174=CARTESIAN_POINT('',(1.27E0,2.605E0,2.75E-1));
#3175=DIRECTION('',(-1.E0,0.E0,0.E0));
#3176=DIRECTION('',(0.E0,1.E0,-4.329869796038E-14));
#3177=AXIS2_PLACEMENT_3D('',#3174,#3175,#3176);
#3179=DIRECTION('',(0.E0,0.E0,-1.E0));
#3180=VECTOR('',#3179,4.E-2);
#3181=CARTESIAN_POINT('',(1.27E0,2.655E0,3.15E-1));
#3182=LINE('',#3181,#3180);
#3183=DIRECTION('',(0.E0,-1.E0,0.E0));
#3184=VECTOR('',#3183,1.5E-1);
#3185=CARTESIAN_POINT('',(1.27E0,2.805E0,3.15E-1));
#3186=LINE('',#3185,#3184);
#3187=DIRECTION('',(0.E0,0.E0,1.E0));
#3188=VECTOR('',#3187,4.E-2);
#3189=CARTESIAN_POINT('',(1.27E0,2.805E0,2.75E-1));
#3190=LINE('',#3189,#3188);
#3191=CARTESIAN_POINT('',(1.27E0,2.855E0,2.75E-1));
#3192=DIRECTION('',(-1.E0,0.E0,0.E0));
#3193=DIRECTION('',(0.E0,0.E0,-1.E0));
#3194=AXIS2_PLACEMENT_3D('',#3191,#3192,#3193);
#3196=CARTESIAN_POINT('',(1.27E0,2.855E0,2.75E-1));
#3197=DIRECTION('',(-1.E0,0.E0,0.E0));
#3198=DIRECTION('',(0.E0,9.459459459459E-1,-3.243243243244E-1));
#3199=AXIS2_PLACEMENT_3D('',#3196,#3197,#3198);
#3201=DIRECTION('',(0.E0,-3.243243243243E-1,-9.459459459459E-1));
#3202=VECTOR('',#3201,7.E-2);
#3203=CARTESIAN_POINT('',(1.27E0,2.925E0,3.25E-1));
#3204=LINE('',#3203,#3202);
#3205=DIRECTION('',(0.E0,-1.E0,0.E0));
#3206=VECTOR('',#3205,1.55E-1);
#3207=CARTESIAN_POINT('',(1.27E0,3.08E0,3.25E-1));
#3208=LINE('',#3207,#3206);
#3209=DIRECTION('',(0.E0,0.E0,1.E0));
#3210=VECTOR('',#3209,5.E-2);
#3211=CARTESIAN_POINT('',(1.27E0,3.08E0,2.75E-1));
#3212=LINE('',#3211,#3210);
#3213=DIRECTION('',(0.E0,1.E0,0.E0));
#3214=VECTOR('',#3213,1.E-1);
#3215=CARTESIAN_POINT('',(1.27E0,2.98E0,2.75E-1));
#3216=LINE('',#3215,#3214);
#3217=DIRECTION('',(0.E0,0.E0,1.E0));
#3218=VECTOR('',#3217,8.472413793103E-1);
#3219=CARTESIAN_POINT('',(1.27E0,2.98E0,-5.722413793103E-1));
#3220=LINE('',#3219,#3218);
#3221=DIRECTION('',(0.E0,5.171156399256E-1,8.559155419458E-1));
#3222=VECTOR('',#3221,9.669017167455E-2);
#3223=CARTESIAN_POINT('',(1.27E0,2.93E0,-6.55E-1));
#3224=LINE('',#3223,#3222);
#3225=DIRECTION('',(0.E0,0.E0,1.E0));
#3226=VECTOR('',#3225,3.E-2);
#3227=CARTESIAN_POINT('',(1.27E0,2.93E0,-6.85E-1));
#3228=LINE('',#3227,#3226);
#3229=DIRECTION('',(0.E0,-2.960594732334E-14,-1.E0));
#3230=VECTOR('',#3229,3.E-2);
#3231=CARTESIAN_POINT('',(1.27E0,2.53E0,-6.55E-1));
#3232=LINE('',#3231,#3230);
#3233=DIRECTION('',(0.E0,5.171156399256E-1,-8.559155419458E-1));
#3234=VECTOR('',#3233,9.669017167455E-2);
#3235=CARTESIAN_POINT('',(1.27E0,2.48E0,-5.722413793103E-1));
#3236=LINE('',#3235,#3234);
#3237=DIRECTION('',(0.E0,0.E0,-1.E0));
#3238=VECTOR('',#3237,8.472413793103E-1);
#3239=CARTESIAN_POINT('',(1.27E0,2.48E0,2.75E-1));
#3240=LINE('',#3239,#3238);
#3241=DIRECTION('',(0.E0,0.E0,-1.E0));
#3242=VECTOR('',#3241,5.E-2);
#3243=CARTESIAN_POINT('',(1.17E0,2.38E0,3.25E-1));
#3244=LINE('',#3243,#3242);
#3245=DIRECTION('',(0.E0,1.E0,0.E0));
#3246=VECTOR('',#3245,3.25E-1);
#3247=CARTESIAN_POINT('',(1.17E0,3.08E0,2.75E-1));
#3248=LINE('',#3247,#3246);
#3249=DIRECTION('',(0.E0,3.243243243243E-1,9.459459459459E-1));
#3250=VECTOR('',#3249,7.E-2);
#3251=CARTESIAN_POINT('',(1.17E0,2.902297297297E0,2.587837837838E-1));
#3252=LINE('',#3251,#3250);
#3253=CARTESIAN_POINT('',(1.17E0,2.855E0,2.75E-1));
#3254=DIRECTION('',(1.E0,0.E0,0.E0));
#3255=DIRECTION('',(0.E0,0.E0,-1.E0));
#3256=AXIS2_PLACEMENT_3D('',#3253,#3254,#3255);
#3258=CARTESIAN_POINT('',(1.17E0,2.855E0,2.75E-1));
#3259=DIRECTION('',(1.E0,0.E0,0.E0));
#3260=DIRECTION('',(0.E0,-1.E0,0.E0));
#3261=AXIS2_PLACEMENT_3D('',#3258,#3259,#3260);
#3263=CARTESIAN_POINT('',(1.17E0,2.605E0,2.75E-1));
#3264=DIRECTION('',(1.E0,0.E0,0.E0));
#3265=DIRECTION('',(0.E0,0.E0,-1.E0));
#3266=AXIS2_PLACEMENT_3D('',#3263,#3264,#3265);
#3268=CARTESIAN_POINT('',(1.17E0,2.605E0,2.75E-1));
#3269=DIRECTION('',(1.E0,0.E0,0.E0));
#3270=DIRECTION('',(0.E0,-9.459459459460E-1,-3.243243243240E-1));
#3271=AXIS2_PLACEMENT_3D('',#3268,#3269,#3270);
#3273=DIRECTION('',(0.E0,3.243243243243E-1,-9.459459459459E-1));
#3274=VECTOR('',#3273,7.E-2);
#3275=CARTESIAN_POINT('',(1.17E0,2.535E0,3.25E-1));
#3276=LINE('',#3275,#3274);
#3277=DIRECTION('',(0.E0,1.E0,0.E0));
#3278=VECTOR('',#3277,2.E-1);
#3279=CARTESIAN_POINT('',(1.17E0,2.18E0,2.75E-1));
#3280=LINE('',#3279,#3278);
#3281=DIRECTION('',(0.E0,-2.747211278974E-1,-9.615239476408E-1));
#3282=VECTOR('',#3281,5.824087911424E-1);
#3283=CARTESIAN_POINT('',(1.17E0,2.34E0,8.35E-1));
#3284=LINE('',#3283,#3282);
#3285=DIRECTION('',(0.E0,0.E0,1.E0));
#3286=VECTOR('',#3285,5.6E-1);
#3287=CARTESIAN_POINT('',(1.17E0,3.405E0,2.75E-1));
#3288=LINE('',#3287,#3286);
#3289=DIRECTION('',(1.E0,0.E0,0.E0));
#3290=VECTOR('',#3289,1.E-1);
#3291=CARTESIAN_POINT('',(1.17E0,3.08E0,2.75E-1));
#3292=LINE('',#3291,#3290);
#3293=DIRECTION('',(-1.E0,0.E0,0.E0));
#3294=VECTOR('',#3293,1.E-1);
#3295=CARTESIAN_POINT('',(1.27E0,2.98E0,-5.722413793103E-1));
#3296=LINE('',#3295,#3294);
#3297=DIRECTION('',(-1.E0,0.E0,0.E0));
#3298=VECTOR('',#3297,2.8E-1);
#3299=CARTESIAN_POINT('',(1.55E0,2.98E0,2.75E-1));
#3300=LINE('',#3299,#3298);
#3301=DIRECTION('',(0.E0,0.E0,1.E0));
#3302=VECTOR('',#3301,8.700000000001E-1);
#3303=CARTESIAN_POINT('',(1.55E0,2.98E0,-5.950000000001E-1));
#3304=LINE('',#3303,#3302);
#3305=DIRECTION('',(-1.E0,0.E0,0.E0));
#3306=VECTOR('',#3305,1.E-1);
#3307=CARTESIAN_POINT('',(1.27E0,2.93E0,-6.55E-1));
#3308=LINE('',#3307,#3306);
#3309=DIRECTION('',(-2.505223373839E-14,-5.171156399256E-1,-8.559155419458E-1));
#3310=VECTOR('',#3309,2.658979721055E-2);
#3311=CARTESIAN_POINT('',(1.17E0,2.98E0,-5.722413793103E-1));
#3312=LINE('',#3311,#3310);
#3313=DIRECTION('',(-1.463475805185E-13,0.E0,1.E0));
#3314=VECTOR('',#3313,2.275862068970E-2);
#3315=CARTESIAN_POINT('',(1.17E0,2.98E0,-5.95E-1));
#3316=LINE('',#3315,#3314);
#3317=DIRECTION('',(0.E0,-1.E0,0.E0));
#3318=VECTOR('',#3317,4.25E-1);
#3319=CARTESIAN_POINT('',(1.55E0,3.405E0,-5.950000000001E-1));
#3320=LINE('',#3319,#3318);
#3321=DIRECTION('',(1.E0,0.E0,-7.558056744564E-14));
#3322=VECTOR('',#3321,5.2E-1);
#3323=CARTESIAN_POINT('',(1.03E0,3.405E0,-5.95E-1));
#3324=LINE('',#3323,#3322);
#3325=DIRECTION('',(0.E0,-1.E0,0.E0));
#3326=VECTOR('',#3325,4.8E-1);
#3327=CARTESIAN_POINT('',(1.55E0,2.48E0,-5.950000000001E-1));
#3328=LINE('',#3327,#3326);
#3329=DIRECTION('',(1.E0,0.E0,-7.654695590837E-14));
#3330=VECTOR('',#3329,3.8E-1);
#3331=CARTESIAN_POINT('',(1.17E0,2.48E0,-5.95E-1));
#3332=LINE('',#3331,#3330);
#3333=DIRECTION('',(2.906765737196E-13,-1.E0,-5.571300996292E-13));
#3334=VECTOR('',#3333,1.375000000002E-2);
#3335=CARTESIAN_POINT('',(1.17E0,2.49375E0,-5.95E-1));
#3336=LINE('',#3335,#3334);
#3337=DIRECTION('',(0.E0,-1.E0,0.E0));
#3338=VECTOR('',#3337,4.725E-1);
#3339=CARTESIAN_POINT('',(1.17E0,2.96625E0,-5.95E-1));
#3340=LINE('',#3339,#3338);
#3341=DIRECTION('',(-2.906765737196E-13,-1.E0,5.571300996292E-13));
#3342=VECTOR('',#3341,1.375000000002E-2);
#3343=CARTESIAN_POINT('',(1.17E0,2.98E0,-5.95E-1));
#3344=LINE('',#3343,#3342);
#3345=DIRECTION('',(-1.E0,0.E0,7.654695590837E-14));
#3346=VECTOR('',#3345,3.8E-1);
#3347=CARTESIAN_POINT('',(1.55E0,2.98E0,-5.950000000001E-1));
#3348=LINE('',#3347,#3346);
#3349=DIRECTION('',(0.E0,-1.E0,0.E0));
#3350=VECTOR('',#3349,4.25E-1);
#3351=CARTESIAN_POINT('',(1.55E0,3.405E0,2.75E-1));
#3352=LINE('',#3351,#3350);
#3353=DIRECTION('',(0.E0,0.E0,1.E0));
#3354=VECTOR('',#3353,8.700000000001E-1);
#3355=CARTESIAN_POINT('',(1.55E0,3.405E0,-5.950000000001E-1));
#3356=LINE('',#3355,#3354);
#3357=DIRECTION('',(0.E0,0.E0,1.E0));
#3358=VECTOR('',#3357,1.45E0);
#3359=CARTESIAN_POINT('',(3.5E-1,3.405E0,-7.85E-1));
#3360=LINE('',#3359,#3358);
#3361=DIRECTION('',(-1.E0,0.E0,0.E0));
#3362=VECTOR('',#3361,4.9E-1);
#3363=CARTESIAN_POINT('',(8.4E-1,3.405E0,-7.85E-1));
#3364=LINE('',#3363,#3362);
#3365=DIRECTION('',(-7.071067811866E-1,0.E0,-7.071067811865E-1));
#3366=VECTOR('',#3365,2.687005768509E-1);
#3367=CARTESIAN_POINT('',(1.03E0,3.405E0,-5.95E-1));
#3368=LINE('',#3367,#3366);
#3369=DIRECTION('',(1.E0,0.E0,0.E0));
#3370=VECTOR('',#3369,3.8E-1);
#3371=CARTESIAN_POINT('',(1.17E0,3.405E0,2.75E-1));
#3372=LINE('',#3371,#3370);
#3373=DIRECTION('',(1.E0,0.E0,0.E0));
#3374=VECTOR('',#3373,7.7E-1);
#3375=CARTESIAN_POINT('',(4.E-1,3.405E0,8.35E-1));
#3376=LINE('',#3375,#3374);
#3377=DIRECTION('',(2.821663239916E-1,0.E0,9.593655015713E-1));
#3378=VECTOR('',#3377,1.772004514667E-1);
#3379=CARTESIAN_POINT('',(3.5E-1,3.405E0,6.65E-1));
#3380=LINE('',#3379,#3378);
#3381=DIRECTION('',(0.E0,1.E0,0.E0));
#3382=VECTOR('',#3381,5.E-2);
#3383=CARTESIAN_POINT('',(3.5E-1,3.355E0,6.65E-1));
#3384=LINE('',#3383,#3382);
#3385=DIRECTION('',(0.E0,1.E0,0.E0));
#3386=VECTOR('',#3385,1.065E0);
#3387=CARTESIAN_POINT('',(1.17E0,2.34E0,8.35E-1));
#3388=LINE('',#3387,#3386);
#3389=DIRECTION('',(0.E0,-1.E0,0.E0));
#3390=VECTOR('',#3389,2.75E-1);
#3391=CARTESIAN_POINT('',(4.E-1,3.405E0,8.35E-1));
#3392=LINE('',#3391,#3390);
#3393=DIRECTION('',(-6.931032800837E-1,-1.980295085953E-1,-6.931032800837E-1));
#3394=VECTOR('',#3393,2.885572839532E-1);
#3395=CARTESIAN_POINT('',(9.35E-1,2.34E0,8.35E-1));
#3396=LINE('',#3395,#3394);
#3397=DIRECTION('',(-1.E0,0.E0,0.E0));
#3398=VECTOR('',#3397,2.35E-1);
#3399=CARTESIAN_POINT('',(1.17E0,2.34E0,8.35E-1));
#3400=LINE('',#3399,#3398);
#3401=DIRECTION('',(0.E0,1.E0,0.E0));
#3402=VECTOR('',#3401,7.9E-1);
#3403=CARTESIAN_POINT('',(9.35E-1,2.34E0,8.35E-1));
#3404=LINE('',#3403,#3402);
#3405=DIRECTION('',(0.E0,-1.E0,0.E0));
#3406=VECTOR('',#3405,6.471428571429E-1);
#3407=CARTESIAN_POINT('',(7.35E-1,2.93E0,6.35E-1));
#3408=LINE('',#3407,#3406);
#3409=DIRECTION('',(-2.036157405938E-1,-6.922935180191E-1,-6.922935180191E-1));
#3410=VECTOR('',#3409,2.455605831562E-1);
#3411=CARTESIAN_POINT('',(4.E-1,3.13E0,8.35E-1));
#3412=LINE('',#3411,#3410);
#3413=DIRECTION('',(-1.E0,0.E0,0.E0));
#3414=VECTOR('',#3413,5.35E-1);
#3415=CARTESIAN_POINT('',(9.35E-1,3.13E0,8.35E-1));
#3416=LINE('',#3415,#3414);
#3417=DIRECTION('',(5.773502691896E-1,5.773502691896E-1,5.773502691896E-1));
#3418=VECTOR('',#3417,3.464101615138E-1);
#3419=CARTESIAN_POINT('',(7.35E-1,2.93E0,6.35E-1));
#3420=LINE('',#3419,#3418);
#3421=DIRECTION('',(1.E0,0.E0,0.E0));
#3422=VECTOR('',#3421,1.47E0);
#3423=CARTESIAN_POINT('',(-7.35E-1,2.93E0,6.35E-1));
#3424=LINE('',#3423,#3422);
#3425=DIRECTION('',(5.773502691896E-1,-5.773502691896E-1,-5.773502691896E-1));
#3426=VECTOR('',#3425,3.464101615138E-1);
#3427=CARTESIAN_POINT('',(-9.35E-1,3.13E0,8.35E-1));
#3428=LINE('',#3427,#3426);
#3429=DIRECTION('',(-1.E0,0.E0,0.E0));
#3430=VECTOR('',#3429,5.35E-1);
#3431=CARTESIAN_POINT('',(-4.E-1,3.13E0,8.35E-1));
#3432=LINE('',#3431,#3430);
#3433=DIRECTION('',(-2.036157405938E-1,6.922935180191E-1,6.922935180191E-1));
#3434=VECTOR('',#3433,2.455605831562E-1);
#3435=CARTESIAN_POINT('',(-3.5E-1,2.96E0,6.65E-1));
#3436=LINE('',#3435,#3434);
#3437=DIRECTION('',(-1.E0,0.E0,0.E0));
#3438=VECTOR('',#3437,7.E-1);
#3439=CARTESIAN_POINT('',(3.5E-1,2.96E0,6.65E-1));
#3440=LINE('',#3439,#3438);
#3441=DIRECTION('',(1.E0,0.E0,0.E0));
#3442=VECTOR('',#3441,1.47E0);
#3443=CARTESIAN_POINT('',(-7.35E-1,2.93E0,-5.05E-1));
#3444=LINE('',#3443,#3442);
#3445=DIRECTION('',(0.E0,-1.E0,0.E0));
#3446=VECTOR('',#3445,7.9E-1);
#3447=CARTESIAN_POINT('',(-9.35E-1,3.13E0,8.35E-1));
#3448=LINE('',#3447,#3446);
#3449=DIRECTION('',(0.E0,1.E0,0.E0));
#3450=VECTOR('',#3449,6.471428571429E-1);
#3451=CARTESIAN_POINT('',(-7.35E-1,2.282857142857E0,6.35E-1));
#3452=LINE('',#3451,#3450);
#3453=DIRECTION('',(-6.931032800837E-1,1.980295085953E-1,6.931032800837E-1));
#3454=VECTOR('',#3453,2.885572839532E-1);
#3455=CARTESIAN_POINT('',(-7.35E-1,2.282857142857E0,6.35E-1));
#3456=LINE('',#3455,#3454);
#3457=DIRECTION('',(-1.E0,0.E0,0.E0));
#3458=VECTOR('',#3457,2.35E-1);
#3459=CARTESIAN_POINT('',(-9.35E-1,2.34E0,8.35E-1));
#3460=LINE('',#3459,#3458);
#3461=DIRECTION('',(0.E0,1.E0,0.E0));
#3462=VECTOR('',#3461,4.291428571429E0);
#3463=CARTESIAN_POINT('',(-7.35E-1,-2.145714285714E0,1.55E-1));
#3464=LINE('',#3463,#3462);
#3465=DIRECTION('',(6.931032800837E-1,1.980295085953E-1,-6.931032800837E-1));
#3466=VECTOR('',#3465,1.731343703719E-1);
#3467=CARTESIAN_POINT('',(-8.55E-1,-2.18E0,2.75E-1));
#3468=LINE('',#3467,#3466);
#3469=DIRECTION('',(0.E0,-1.E0,0.E0));
#3470=VECTOR('',#3469,4.36E0);
#3471=CARTESIAN_POINT('',(-8.55E-1,2.18E0,2.75E-1));
#3472=LINE('',#3471,#3470);
#3473=DIRECTION('',(-6.931032800837E-1,1.980295085953E-1,6.931032800837E-1));
#3474=VECTOR('',#3473,1.731343703719E-1);
#3475=CARTESIAN_POINT('',(-7.35E-1,2.145714285714E0,1.55E-1));
#3476=LINE('',#3475,#3474);
#3477=DIRECTION('',(0.E0,-1.E0,0.E0));
#3478=VECTOR('',#3477,3.95E-1);
#3479=CARTESIAN_POINT('',(-3.5E-1,3.355E0,6.65E-1));
#3480=LINE('',#3479,#3478);
#3481=DIRECTION('',(0.E0,1.E0,0.E0));
#3482=VECTOR('',#3481,3.95E-1);
#3483=CARTESIAN_POINT('',(3.5E-1,2.96E0,6.65E-1));
#3484=LINE('',#3483,#3482);
#3485=DIRECTION('',(0.E0,0.E0,-1.E0));
#3486=VECTOR('',#3485,1.45E0);
#3487=CARTESIAN_POINT('',(3.5E-1,3.355E0,6.65E-1));
#3488=LINE('',#3487,#3486);
#3489=DIRECTION('',(1.E0,0.E0,0.E0));
#3490=VECTOR('',#3489,7.E-1);
#3491=CARTESIAN_POINT('',(-3.5E-1,3.355E0,6.65E-1));
#3492=LINE('',#3491,#3490);
#3493=DIRECTION('',(0.E0,0.E0,1.E0));
#3494=VECTOR('',#3493,1.45E0);
#3495=CARTESIAN_POINT('',(-3.5E-1,3.355E0,-7.85E-1));
#3496=LINE('',#3495,#3494);
#3497=DIRECTION('',(-1.E0,0.E0,0.E0));
#3498=VECTOR('',#3497,7.E-1);
#3499=CARTESIAN_POINT('',(3.5E-1,-3.355E0,-7.85E-1));
#3500=LINE('',#3499,#3498);
#3501=DIRECTION('',(0.E0,1.E0,0.E0));
#3502=VECTOR('',#3501,5.E-2);
#3503=CARTESIAN_POINT('',(3.5E-1,-3.405E0,-7.85E-1));
#3504=LINE('',#3503,#3502);
#3505=DIRECTION('',(0.E0,-1.E0,0.E0));
#3506=VECTOR('',#3505,1.405E0);
#3507=CARTESIAN_POINT('',(8.4E-1,-2.E0,-7.85E-1));
#3508=LINE('',#3507,#3506);
#3509=DIRECTION('',(1.E0,0.E0,-3.552713678797E-13));
#3510=VECTOR('',#3509,1.000000000001E-2);
#3511=CARTESIAN_POINT('',(8.3E-1,-2.E0,-7.85E-1));
#3512=LINE('',#3511,#3510);
#3513=DIRECTION('',(-1.E0,0.E0,3.552713678797E-13));
#3514=VECTOR('',#3513,1.000000000001E-2);
#3515=CARTESIAN_POINT('',(8.4E-1,2.E0,-7.85E-1));
#3516=LINE('',#3515,#3514);
#3517=DIRECTION('',(0.E0,-1.E0,0.E0));
#3518=VECTOR('',#3517,1.405E0);
#3519=CARTESIAN_POINT('',(8.4E-1,3.405E0,-7.85E-1));
#3520=LINE('',#3519,#3518);
#3521=DIRECTION('',(0.E0,1.E0,0.E0));
#3522=VECTOR('',#3521,5.E-2);
#3523=CARTESIAN_POINT('',(3.5E-1,3.355E0,-7.85E-1));
#3524=LINE('',#3523,#3522);
#3525=DIRECTION('',(1.E0,0.E0,0.E0));
#3526=VECTOR('',#3525,7.E-1);
#3527=CARTESIAN_POINT('',(-3.5E-1,3.355E0,-7.85E-1));
#3528=LINE('',#3527,#3526);
#3529=DIRECTION('',(0.E0,-1.E0,0.E0));
#3530=VECTOR('',#3529,5.E-2);
#3531=CARTESIAN_POINT('',(-3.5E-1,3.405E0,-7.85E-1));
#3532=LINE('',#3531,#3530);
#3533=DIRECTION('',(0.E0,1.E0,0.E0));
#3534=VECTOR('',#3533,1.405E0);
#3535=CARTESIAN_POINT('',(-8.4E-1,2.E0,-7.85E-1));
#3536=LINE('',#3535,#3534);
#3537=DIRECTION('',(-1.E0,4.440892098496E-14,-3.552713678797E-13));
#3538=VECTOR('',#3537,1.000000000001E-2);
#3539=CARTESIAN_POINT('',(-8.3E-1,2.E0,-7.85E-1));
#3540=LINE('',#3539,#3538);
#3541=DIRECTION('',(1.E0,0.E0,3.552713678797E-13));
#3542=VECTOR('',#3541,1.000000000001E-2);
#3543=CARTESIAN_POINT('',(-8.4E-1,-2.E0,-7.85E-1));
#3544=LINE('',#3543,#3542);
#3545=DIRECTION('',(0.E0,1.E0,0.E0));
#3546=VECTOR('',#3545,1.405E0);
#3547=CARTESIAN_POINT('',(-8.4E-1,-3.405E0,-7.85E-1));
#3548=LINE('',#3547,#3546);
#3549=DIRECTION('',(0.E0,-1.E0,0.E0));
#3550=VECTOR('',#3549,5.E-2);
#3551=CARTESIAN_POINT('',(-3.5E-1,-3.355E0,-7.85E-1));
#3552=LINE('',#3551,#3550);
#3553=DIRECTION('',(0.E0,0.E0,-1.E0));
#3554=VECTOR('',#3553,1.45E0);
#3555=CARTESIAN_POINT('',(-3.5E-1,-3.355E0,6.65E-1));
#3556=LINE('',#3555,#3554);
#3557=DIRECTION('',(-1.E0,0.E0,0.E0));
#3558=VECTOR('',#3557,7.E-1);
#3559=CARTESIAN_POINT('',(3.5E-1,-3.355E0,6.65E-1));
#3560=LINE('',#3559,#3558);
#3561=DIRECTION('',(0.E0,0.E0,1.E0));
#3562=VECTOR('',#3561,1.45E0);
#3563=CARTESIAN_POINT('',(3.5E-1,-3.355E0,-7.85E-1));
#3564=LINE('',#3563,#3562);
#3565=DIRECTION('',(0.E0,1.E0,0.E0));
#3566=VECTOR('',#3565,3.95E-1);
#3567=CARTESIAN_POINT('',(3.5E-1,-3.355E0,6.65E-1));
#3568=LINE('',#3567,#3566);
#3569=DIRECTION('',(0.E0,-1.E0,0.E0));
#3570=VECTOR('',#3569,3.95E-1);
#3571=CARTESIAN_POINT('',(-3.5E-1,-2.96E0,6.65E-1));
#3572=LINE('',#3571,#3570);
#3573=DIRECTION('',(2.036157405938E-1,-6.922935180191E-1,6.922935180191E-1));
#3574=VECTOR('',#3573,2.455605831562E-1);
#3575=CARTESIAN_POINT('',(3.5E-1,-2.96E0,6.65E-1));
#3576=LINE('',#3575,#3574);
#3577=DIRECTION('',(1.E0,0.E0,0.E0));
#3578=VECTOR('',#3577,7.E-1);
#3579=CARTESIAN_POINT('',(-3.5E-1,-2.96E0,6.65E-1));
#3580=LINE('',#3579,#3578);
#3581=DIRECTION('',(2.036157405938E-1,6.922935180191E-1,-6.922935180191E-1));
#3582=VECTOR('',#3581,2.455605831562E-1);
#3583=CARTESIAN_POINT('',(-4.E-1,-3.13E0,8.35E-1));
#3584=LINE('',#3583,#3582);
#3585=DIRECTION('',(1.E0,0.E0,0.E0));
#3586=VECTOR('',#3585,5.35E-1);
#3587=CARTESIAN_POINT('',(-9.35E-1,-3.13E0,8.35E-1));
#3588=LINE('',#3587,#3586);
#3589=DIRECTION('',(-5.773502691896E-1,-5.773502691896E-1,5.773502691896E-1));
#3590=VECTOR('',#3589,3.464101615138E-1);
#3591=CARTESIAN_POINT('',(-7.35E-1,-2.93E0,6.35E-1));
#3592=LINE('',#3591,#3590);
#3593=DIRECTION('',(-1.E0,0.E0,0.E0));
#3594=VECTOR('',#3593,1.47E0);
#3595=CARTESIAN_POINT('',(7.35E-1,-2.93E0,6.35E-1));
#3596=LINE('',#3595,#3594);
#3597=DIRECTION('',(-5.773502691896E-1,5.773502691896E-1,-5.773502691896E-1));
#3598=VECTOR('',#3597,3.464101615138E-1);
#3599=CARTESIAN_POINT('',(9.35E-1,-3.13E0,8.35E-1));
#3600=LINE('',#3599,#3598);
#3601=DIRECTION('',(1.E0,0.E0,0.E0));
#3602=VECTOR('',#3601,5.35E-1);
#3603=CARTESIAN_POINT('',(4.E-1,-3.13E0,8.35E-1));
#3604=LINE('',#3603,#3602);
#3605=DIRECTION('',(0.E0,1.E0,0.E0));
#3606=VECTOR('',#3605,1.065E0);
#3607=CARTESIAN_POINT('',(1.17E0,-3.405E0,8.35E-1));
#3608=LINE('',#3607,#3606);
#3609=DIRECTION('',(0.E0,-1.E0,0.E0));
#3610=VECTOR('',#3609,2.75E-1);
#3611=CARTESIAN_POINT('',(4.E-1,-3.13E0,8.35E-1));
#3612=LINE('',#3611,#3610);
#3613=DIRECTION('',(0.E0,1.E0,0.E0));
#3614=VECTOR('',#3613,3.25E-1);
#3615=CARTESIAN_POINT('',(1.17E0,-3.405E0,2.75E-1));
#3616=LINE('',#3615,#3614);
#3617=DIRECTION('',(0.E0,0.E0,-1.E0));
#3618=VECTOR('',#3617,5.6E-1);
#3619=CARTESIAN_POINT('',(1.17E0,-3.405E0,8.35E-1));
#3620=LINE('',#3619,#3618);
#3621=DIRECTION('',(0.E0,-2.747211278974E-1,9.615239476408E-1));
#3622=VECTOR('',#3621,5.824087911424E-1);
#3623=CARTESIAN_POINT('',(1.17E0,-2.18E0,2.75E-1));
#3624=LINE('',#3623,#3622);
#3625=DIRECTION('',(0.E0,1.E0,0.E0));
#3626=VECTOR('',#3625,2.E-1);
#3627=CARTESIAN_POINT('',(1.17E0,-2.38E0,2.75E-1));
#3628=LINE('',#3627,#3626);
#3629=DIRECTION('',(0.E0,3.243243243243E-1,9.459459459459E-1));
#3630=VECTOR('',#3629,7.E-2);
#3631=CARTESIAN_POINT('',(1.17E0,-2.557702702703E0,2.587837837838E-1));
#3632=LINE('',#3631,#3630);
#3633=CARTESIAN_POINT('',(1.17E0,-2.605E0,2.75E-1));
#3634=DIRECTION('',(1.E0,0.E0,0.E0));
#3635=DIRECTION('',(0.E0,0.E0,-1.E0));
#3636=AXIS2_PLACEMENT_3D('',#3633,#3634,#3635);
#3638=CARTESIAN_POINT('',(1.17E0,-2.605E0,2.75E-1));
#3639=DIRECTION('',(1.E0,0.E0,0.E0));
#3640=DIRECTION('',(0.E0,-1.E0,-4.440892098501E-14));
#3641=AXIS2_PLACEMENT_3D('',#3638,#3639,#3640);
#3643=CARTESIAN_POINT('',(1.17E0,-2.855E0,2.75E-1));
#3644=DIRECTION('',(1.E0,0.E0,0.E0));
#3645=DIRECTION('',(0.E0,0.E0,-1.E0));
#3646=AXIS2_PLACEMENT_3D('',#3643,#3644,#3645);
#3648=CARTESIAN_POINT('',(1.17E0,-2.855E0,2.75E-1));
#3649=DIRECTION('',(1.E0,0.E0,0.E0));
#3650=DIRECTION('',(0.E0,-9.459459459459E-1,-3.243243243244E-1));
#3651=AXIS2_PLACEMENT_3D('',#3648,#3649,#3650);
#3653=DIRECTION('',(0.E0,3.243243243243E-1,-9.459459459459E-1));
#3654=VECTOR('',#3653,7.E-2);
#3655=CARTESIAN_POINT('',(1.17E0,-2.925E0,3.25E-1));
#3656=LINE('',#3655,#3654);
#3657=DIRECTION('',(-1.E0,0.E0,0.E0));
#3658=VECTOR('',#3657,1.E-1);
#3659=CARTESIAN_POINT('',(1.27E0,-3.08E0,2.75E-1));
#3660=LINE('',#3659,#3658);
#3661=DIRECTION('',(1.E0,0.E0,0.E0));
#3662=VECTOR('',#3661,1.E-1);
#3663=CARTESIAN_POINT('',(1.17E0,-2.98E0,-5.722413793103E-1));
#3664=LINE('',#3663,#3662);
#3665=DIRECTION('',(0.E0,0.E0,-1.E0));
#3666=VECTOR('',#3665,8.700000000001E-1);
#3667=CARTESIAN_POINT('',(1.55E0,-2.98E0,2.75E-1));
#3668=LINE('',#3667,#3666);
#3669=DIRECTION('',(1.E0,0.E0,0.E0));
#3670=VECTOR('',#3669,2.8E-1);
#3671=CARTESIAN_POINT('',(1.27E0,-2.98E0,2.75E-1));
#3672=LINE('',#3671,#3670);
#3673=DIRECTION('',(1.E0,0.E0,0.E0));
#3674=VECTOR('',#3673,1.E-1);
#3675=CARTESIAN_POINT('',(1.17E0,-2.93E0,-6.55E-1));
#3676=LINE('',#3675,#3674);
#3677=DIRECTION('',(0.E0,0.E0,-1.E0));
#3678=VECTOR('',#3677,3.E-2);
#3679=CARTESIAN_POINT('',(1.17E0,-2.93E0,-6.55E-1));
#3680=LINE('',#3679,#3678);
#3681=CARTESIAN_POINT('',(1.32E0,-2.93E0,-6.85E-1));
#3682=DIRECTION('',(0.E0,1.E0,0.E0));
#3683=DIRECTION('',(0.E0,0.E0,-1.E0));
#3684=AXIS2_PLACEMENT_3D('',#3681,#3682,#3683);
#3686=DIRECTION('',(0.E0,0.E0,1.E0));
#3687=VECTOR('',#3686,1.E-1);
#3688=CARTESIAN_POINT('',(1.51E0,-2.93E0,-8.35E-1));
#3689=LINE('',#3688,#3687);
#3690=DIRECTION('',(1.E0,-1.869849304632E-14,0.E0));
#3691=VECTOR('',#3690,1.9E-1);
#3692=CARTESIAN_POINT('',(1.32E0,-2.93E0,-8.35E-1));
#3693=LINE('',#3692,#3691);
#3694=CARTESIAN_POINT('',(1.32E0,-2.93E0,-6.85E-1));
#3695=DIRECTION('',(0.E0,-1.E0,0.E0));
#3696=DIRECTION('',(-1.E0,0.E0,1.184237892934E-14));
#3697=AXIS2_PLACEMENT_3D('',#3694,#3695,#3696);
#3699=DIRECTION('',(3.484276186612E-14,-5.171156399256E-1,8.559155419458E-1));
#3700=VECTOR('',#3699,7.010037446401E-2);
#3701=CARTESIAN_POINT('',(1.17E0,-2.93E0,-6.55E-1));
#3702=LINE('',#3701,#3700);
#3703=DIRECTION('',(-3.484276186612E-14,-5.171156399256E-1,-8.559155419458E-1));
#3704=VECTOR('',#3703,7.010037446401E-2);
#3705=CARTESIAN_POINT('',(1.17E0,-2.49375E0,-5.95E-1));
#3706=LINE('',#3705,#3704);
#3707=DIRECTION('',(0.E0,1.E0,0.E0));
#3708=VECTOR('',#3707,4.E-1);
#3709=CARTESIAN_POINT('',(1.17E0,-2.93E0,-6.85E-1));
#3710=LINE('',#3709,#3708);
#3711=DIRECTION('',(-2.109423746788E-14,-1.E0,0.E0));
#3712=VECTOR('',#3711,4.E-1);
#3713=CARTESIAN_POINT('',(1.32E0,-2.53E0,-8.35E-1));
#3714=LINE('',#3713,#3712);
#3715=DIRECTION('',(0.E0,0.E0,-1.E0));
#3716=VECTOR('',#3715,1.E-1);
#3717=CARTESIAN_POINT('',(1.51E0,-2.53E0,-7.35E-1));
#3718=LINE('',#3717,#3716);
#3719=DIRECTION('',(1.E0,0.E0,0.E0));
#3720=VECTOR('',#3719,1.9E-1);
#3721=CARTESIAN_POINT('',(1.32E0,-2.53E0,-7.35E-1));
#3722=LINE('',#3721,#3720);
#3723=CARTESIAN_POINT('',(1.32E0,-2.53E0,-6.85E-1));
#3724=DIRECTION('',(0.E0,-1.E0,0.E0));
#3725=DIRECTION('',(-1.E0,0.E0,0.E0));
#3726=AXIS2_PLACEMENT_3D('',#3723,#3724,#3725);
#3728=DIRECTION('',(1.E0,0.E0,0.E0));
#3729=VECTOR('',#3728,1.E-1);
#3730=CARTESIAN_POINT('',(1.17E0,-2.53E0,-6.55E-1));
#3731=LINE('',#3730,#3729);
#3732=DIRECTION('',(0.E0,-4.440892098501E-14,1.E0));
#3733=VECTOR('',#3732,3.E-2);
#3734=CARTESIAN_POINT('',(1.17E0,-2.53E0,-6.85E-1));
#3735=LINE('',#3734,#3733);
#3736=CARTESIAN_POINT('',(1.32E0,-2.53E0,-6.85E-1));
#3737=DIRECTION('',(0.E0,1.E0,0.E0));
#3738=DIRECTION('',(0.E0,0.E0,-1.E0));
#3739=AXIS2_PLACEMENT_3D('',#3736,#3737,#3738);
#3741=DIRECTION('',(0.E0,-1.E0,0.E0));
#3742=VECTOR('',#3741,4.E-1);
#3743=CARTESIAN_POINT('',(1.51E0,-2.53E0,-8.35E-1));
#3744=LINE('',#3743,#3742);
#3745=DIRECTION('',(1.E0,0.E0,0.E0));
#3746=VECTOR('',#3745,1.9E-1);
#3747=CARTESIAN_POINT('',(1.32E0,-2.53E0,-8.35E-1));
#3748=LINE('',#3747,#3746);
#3749=DIRECTION('',(0.E0,1.E0,0.E0));
#3750=VECTOR('',#3749,4.E-1);
#3751=CARTESIAN_POINT('',(1.51E0,-2.93E0,-7.35E-1));
#3752=LINE('',#3751,#3750);
#3753=DIRECTION('',(1.E0,-1.869849304632E-14,0.E0));
#3754=VECTOR('',#3753,1.9E-1);
#3755=CARTESIAN_POINT('',(1.32E0,-2.93E0,-7.35E-1));
#3756=LINE('',#3755,#3754);
#3757=DIRECTION('',(0.E0,-1.E0,0.E0));
#3758=VECTOR('',#3757,4.E-1);
#3759=CARTESIAN_POINT('',(1.27E0,-2.53E0,-6.85E-1));
#3760=LINE('',#3759,#3758);
#3761=DIRECTION('',(0.E0,1.E0,0.E0));
#3762=VECTOR('',#3761,4.E-1);
#3763=CARTESIAN_POINT('',(1.32E0,-2.93E0,-7.35E-1));
#3764=LINE('',#3763,#3762);
#3765=DIRECTION('',(-2.505223373840E-14,-5.171156399256E-1,-8.559155419458E-1));
#3766=VECTOR('',#3765,2.658979721054E-2);
#3767=CARTESIAN_POINT('',(1.17E0,-2.48E0,-5.722413793103E-1));
#3768=LINE('',#3767,#3766);
#3769=DIRECTION('',(0.E0,-1.E0,0.E0));
#3770=VECTOR('',#3769,4.25E-1);
#3771=CARTESIAN_POINT('',(1.55E0,-2.98E0,-5.950000000001E-1));
#3772=LINE('',#3771,#3770);
#3773=DIRECTION('',(1.E0,0.E0,-7.654695590837E-14));
#3774=VECTOR('',#3773,3.8E-1);
#3775=CARTESIAN_POINT('',(1.17E0,-2.98E0,-5.95E-1));
#3776=LINE('',#3775,#3774);
#3777=DIRECTION('',(2.906765737196E-13,-1.E0,-5.571300996292E-13));
#3778=VECTOR('',#3777,1.375000000002E-2);
#3779=CARTESIAN_POINT('',(1.17E0,-2.96625E0,-5.95E-1));
#3780=LINE('',#3779,#3778);
#3781=DIRECTION('',(0.E0,-1.E0,0.E0));
#3782=VECTOR('',#3781,4.725E-1);
#3783=CARTESIAN_POINT('',(1.17E0,-2.49375E0,-5.95E-1));
#3784=LINE('',#3783,#3782);
#3785=DIRECTION('',(-2.906765737196E-13,-1.E0,5.571300996292E-13));
#3786=VECTOR('',#3785,1.375000000002E-2);
#3787=CARTESIAN_POINT('',(1.17E0,-2.48E0,-5.95E-1));
#3788=LINE('',#3787,#3786);
#3789=DIRECTION('',(-1.E0,0.E0,7.654695590837E-14));
#3790=VECTOR('',#3789,3.8E-1);
#3791=CARTESIAN_POINT('',(1.55E0,-2.48E0,-5.950000000001E-1));
#3792=LINE('',#3791,#3790);
#3793=DIRECTION('',(0.E0,-1.E0,0.E0));
#3794=VECTOR('',#3793,4.8E-1);
#3795=CARTESIAN_POINT('',(1.55E0,-2.E0,-5.950000000001E-1));
#3796=LINE('',#3795,#3794);
#3797=DIRECTION('',(-1.E0,0.E0,7.558056744564E-14));
#3798=VECTOR('',#3797,5.2E-1);
#3799=CARTESIAN_POINT('',(1.55E0,-3.405E0,-5.950000000001E-1));
#3800=LINE('',#3799,#3798);
#3801=DIRECTION('',(0.E0,-1.E0,0.E0));
#3802=VECTOR('',#3801,4.25E-1);
#3803=CARTESIAN_POINT('',(1.55E0,-2.98E0,2.75E-1));
#3804=LINE('',#3803,#3802);
#3805=DIRECTION('',(0.E0,0.E0,-1.E0));
#3806=VECTOR('',#3805,1.45E0);
#3807=CARTESIAN_POINT('',(3.5E-1,-3.405E0,6.65E-1));
#3808=LINE('',#3807,#3806);
#3809=DIRECTION('',(-2.821663239916E-1,0.E0,-9.593655015713E-1));
#3810=VECTOR('',#3809,1.772004514667E-1);
#3811=CARTESIAN_POINT('',(4.E-1,-3.405E0,8.35E-1));
#3812=LINE('',#3811,#3810);
#3813=DIRECTION('',(-1.E0,0.E0,0.E0));
#3814=VECTOR('',#3813,7.7E-1);
#3815=CARTESIAN_POINT('',(1.17E0,-3.405E0,8.35E-1));
#3816=LINE('',#3815,#3814);
#3817=DIRECTION('',(-1.E0,0.E0,0.E0));
#3818=VECTOR('',#3817,3.8E-1);
#3819=CARTESIAN_POINT('',(1.55E0,-3.405E0,2.75E-1));
#3820=LINE('',#3819,#3818);
#3821=DIRECTION('',(0.E0,0.E0,1.E0));
#3822=VECTOR('',#3821,8.700000000001E-1);
#3823=CARTESIAN_POINT('',(1.55E0,-3.405E0,-5.950000000001E-1));
#3824=LINE('',#3823,#3822);
#3825=DIRECTION('',(7.071067811866E-1,0.E0,7.071067811865E-1));
#3826=VECTOR('',#3825,2.687005768509E-1);
#3827=CARTESIAN_POINT('',(8.4E-1,-3.405E0,-7.85E-1));
#3828=LINE('',#3827,#3826);
#3829=DIRECTION('',(1.E0,0.E0,0.E0));
#3830=VECTOR('',#3829,4.9E-1);
#3831=CARTESIAN_POINT('',(3.5E-1,-3.405E0,-7.85E-1));
#3832=LINE('',#3831,#3830);
#3833=DIRECTION('',(0.E0,1.E0,0.E0));
#3834=VECTOR('',#3833,5.E-2);
#3835=CARTESIAN_POINT('',(3.5E-1,-3.405E0,6.65E-1));
#3836=LINE('',#3835,#3834);
#3837=DIRECTION('',(0.E0,-1.E0,0.E0));
#3838=VECTOR('',#3837,1.405E0);
#3839=CARTESIAN_POINT('',(1.03E0,-2.E0,-5.95E-1));
#3840=LINE('',#3839,#3838);
#3841=DIRECTION('',(-7.071067811866E-1,0.E0,-7.071067811865E-1));
#3842=VECTOR('',#3841,2.687005768509E-1);
#3843=CARTESIAN_POINT('',(1.03E0,-2.E0,-5.95E-1));
#3844=LINE('',#3843,#3842);
#3845=DIRECTION('',(-1.E0,0.E0,7.558056744564E-14));
#3846=VECTOR('',#3845,5.2E-1);
#3847=CARTESIAN_POINT('',(1.55E0,-2.E0,-5.950000000001E-1));
#3848=LINE('',#3847,#3846);
#3849=DIRECTION('',(1.E0,0.E0,0.E0));
#3850=VECTOR('',#3849,5.1E-1);
#3851=CARTESIAN_POINT('',(1.04E0,-2.E0,-5.35E-1));
#3852=LINE('',#3851,#3850);
#3853=DIRECTION('',(0.E0,0.E0,1.E0));
#3854=VECTOR('',#3853,4.E-2);
#3855=CARTESIAN_POINT('',(1.04E0,-2.E0,-5.75E-1));
#3856=LINE('',#3855,#3854);
#3857=DIRECTION('',(7.071067811865E-1,0.E0,7.071067811865E-1));
#3858=VECTOR('',#3857,2.969848480984E-1);
#3859=CARTESIAN_POINT('',(8.3E-1,-2.E0,-7.85E-1));
#3860=LINE('',#3859,#3858);
#3861=DIRECTION('',(1.E0,0.E0,0.E0));
#3862=VECTOR('',#3861,1.5E-1);
#3863=CARTESIAN_POINT('',(1.1375E0,1.325E0,-5.35E-1));
#3864=LINE('',#3863,#3862);
#3865=DIRECTION('',(0.E0,-1.E0,0.E0));
#3866=VECTOR('',#3865,1.5E-1);
#3867=CARTESIAN_POINT('',(1.1375E0,1.475E0,-5.35E-1));
#3868=LINE('',#3867,#3866);
#3869=DIRECTION('',(1.E0,0.E0,0.E0));
#3870=VECTOR('',#3869,1.5E-1);
#3871=CARTESIAN_POINT('',(1.1375E0,-2.75E-1,-5.35E-1));
#3872=LINE('',#3871,#3870);
#3873=DIRECTION('',(0.E0,-1.E0,0.E0));
#3874=VECTOR('',#3873,1.5E-1);
#3875=CARTESIAN_POINT('',(1.1375E0,-1.25E-1,-5.35E-1));
#3876=LINE('',#3875,#3874);
#3877=DIRECTION('',(1.E0,0.E0,0.E0));
#3878=VECTOR('',#3877,1.5E-1);
#3879=CARTESIAN_POINT('',(1.1375E0,1.25E-1,-5.35E-1));
#3880=LINE('',#3879,#3878);
#3881=DIRECTION('',(0.E0,-1.E0,0.E0));
#3882=VECTOR('',#3881,1.5E-1);
#3883=CARTESIAN_POINT('',(1.1375E0,2.75E-1,-5.35E-1));
#3884=LINE('',#3883,#3882);
#3885=DIRECTION('',(1.E0,0.E0,0.E0));
#3886=VECTOR('',#3885,1.5E-1);
#3887=CARTESIAN_POINT('',(1.1375E0,-1.475E0,-5.35E-1));
#3888=LINE('',#3887,#3886);
#3889=DIRECTION('',(0.E0,-1.E0,0.E0));
#3890=VECTOR('',#3889,1.5E-1);
#3891=CARTESIAN_POINT('',(1.1375E0,-1.325E0,-5.35E-1));
#3892=LINE('',#3891,#3890);
#3893=DIRECTION('',(1.E0,0.E0,0.E0));
#3894=VECTOR('',#3893,1.5E-1);
#3895=CARTESIAN_POINT('',(1.1375E0,-1.075E0,-5.35E-1));
#3896=LINE('',#3895,#3894);
#3897=DIRECTION('',(0.E0,-1.E0,0.E0));
#3898=VECTOR('',#3897,1.5E-1);
#3899=CARTESIAN_POINT('',(1.1375E0,-9.25E-1,-5.35E-1));
#3900=LINE('',#3899,#3898);
#3901=DIRECTION('',(1.E0,0.E0,0.E0));
#3902=VECTOR('',#3901,1.5E-1);
#3903=CARTESIAN_POINT('',(1.1375E0,-6.75E-1,-5.35E-1));
#3904=LINE('',#3903,#3902);
#3905=DIRECTION('',(0.E0,-1.E0,0.E0));
#3906=VECTOR('',#3905,1.5E-1);
#3907=CARTESIAN_POINT('',(1.1375E0,-5.25E-1,-5.35E-1));
#3908=LINE('',#3907,#3906);
#3909=DIRECTION('',(1.E0,0.E0,0.E0));
#3910=VECTOR('',#3909,1.5E-1);
#3911=CARTESIAN_POINT('',(1.1375E0,5.25E-1,-5.35E-1));
#3912=LINE('',#3911,#3910);
#3913=DIRECTION('',(0.E0,-1.E0,0.E0));
#3914=VECTOR('',#3913,1.5E-1);
#3915=CARTESIAN_POINT('',(1.1375E0,6.75E-1,-5.35E-1));
#3916=LINE('',#3915,#3914);
#3917=DIRECTION('',(1.E0,0.E0,0.E0));
#3918=VECTOR('',#3917,1.5E-1);
#3919=CARTESIAN_POINT('',(1.1375E0,9.25E-1,-5.35E-1));
#3920=LINE('',#3919,#3918);
#3921=DIRECTION('',(0.E0,-1.E0,0.E0));
#3922=VECTOR('',#3921,1.5E-1);
#3923=CARTESIAN_POINT('',(1.1375E0,1.075E0,-5.35E-1));
#3924=LINE('',#3923,#3922);
#3925=DIRECTION('',(1.E0,0.E0,0.E0));
#3926=VECTOR('',#3925,1.5E-1);
#3927=CARTESIAN_POINT('',(1.1375E0,1.725E0,-5.35E-1));
#3928=LINE('',#3927,#3926);
#3929=DIRECTION('',(0.E0,-1.E0,0.E0));
#3930=VECTOR('',#3929,1.5E-1);
#3931=CARTESIAN_POINT('',(1.1375E0,1.875E0,-5.35E-1));
#3932=LINE('',#3931,#3930);
#3933=DIRECTION('',(1.E0,0.E0,0.E0));
#3934=VECTOR('',#3933,5.1E-1);
#3935=CARTESIAN_POINT('',(1.04E0,2.E0,-5.35E-1));
#3936=LINE('',#3935,#3934);
#3937=DIRECTION('',(1.E0,0.E0,0.E0));
#3938=VECTOR('',#3937,1.5E-1);
#3939=CARTESIAN_POINT('',(1.1375E0,-1.875E0,-5.35E-1));
#3940=LINE('',#3939,#3938);
#3941=DIRECTION('',(0.E0,-1.E0,0.E0));
#3942=VECTOR('',#3941,1.5E-1);
#3943=CARTESIAN_POINT('',(1.1375E0,-1.725E0,-5.35E-1));
#3944=LINE('',#3943,#3942);
#3945=DIRECTION('',(1.E0,0.E0,0.E0));
#3946=VECTOR('',#3945,1.5E-1);
#3947=CARTESIAN_POINT('',(1.1375E0,1.475E0,-5.35E-1));
#3948=LINE('',#3947,#3946);
#3949=DIRECTION('',(-1.110223024625E-14,0.E0,1.E0));
#3950=VECTOR('',#3949,1.E-1);
#3951=CARTESIAN_POINT('',(1.1375E0,1.475E0,-6.35E-1));
#3952=LINE('',#3951,#3950);
#3953=CARTESIAN_POINT('',(1.0875E0,1.475E0,-6.35E-1));
#3954=DIRECTION('',(0.E0,-1.E0,0.E0));
#3955=DIRECTION('',(0.E0,0.E0,-1.E0));
#3956=AXIS2_PLACEMENT_3D('',#3953,#3954,#3955);
#3958=DIRECTION('',(-7.071067811865E-1,0.E0,7.071067811865E-1));
#3959=VECTOR('',#3958,7.071067811865E-2);
#3960=CARTESIAN_POINT('',(1.09E0,1.475E0,-8.35E-1));
#3961=LINE('',#3960,#3959);
#3962=CARTESIAN_POINT('',(1.3375E0,1.475E0,-6.35E-1));
#3963=DIRECTION('',(0.E0,-1.E0,0.E0));
#3964=DIRECTION('',(-1.E0,0.E0,-2.664535259100E-14));
#3965=AXIS2_PLACEMENT_3D('',#3962,#3963,#3964);
#3967=DIRECTION('',(0.E0,0.E0,-1.E0));
#3968=VECTOR('',#3967,1.E-1);
#3969=CARTESIAN_POINT('',(1.2875E0,1.475E0,-5.35E-1));
#3970=LINE('',#3969,#3968);
#3971=DIRECTION('',(-1.332267629550E-14,0.E0,1.E0));
#3972=VECTOR('',#3971,1.E-1);
#3973=CARTESIAN_POINT('',(1.1375E0,1.325E0,-6.35E-1));
#3974=LINE('',#3973,#3972);
#3975=CARTESIAN_POINT('',(1.3375E0,1.325E0,-6.35E-1));
#3976=DIRECTION('',(0.E0,1.E0,0.E0));
#3977=DIRECTION('',(0.E0,0.E0,-1.E0));
#3978=AXIS2_PLACEMENT_3D('',#3975,#3976,#3977);
#3980=DIRECTION('',(-1.E0,0.E0,0.E0));
#3981=VECTOR('',#3980,2.625E-1);
#3982=CARTESIAN_POINT('',(1.6E0,1.325E0,-6.85E-1));
#3983=LINE('',#3982,#3981);
#3984=DIRECTION('',(0.E0,0.E0,1.E0));
#3985=VECTOR('',#3984,1.5E-1);
#3986=CARTESIAN_POINT('',(1.6E0,1.325E0,-8.35E-1));
#3987=LINE('',#3986,#3985);
#3988=DIRECTION('',(1.E0,0.E0,0.E0));
#3989=VECTOR('',#3988,5.1E-1);
#3990=CARTESIAN_POINT('',(1.09E0,1.325E0,-8.35E-1));
#3991=LINE('',#3990,#3989);
#3992=DIRECTION('',(7.071067811865E-1,0.E0,-7.071067811865E-1));
#3993=VECTOR('',#3992,7.071067811865E-2);
#3994=CARTESIAN_POINT('',(1.04E0,1.325E0,-7.85E-1));
#3995=LINE('',#3994,#3993);
#3996=DIRECTION('',(0.E0,0.E0,-1.E0));
#3997=VECTOR('',#3996,1.E-1);
#3998=CARTESIAN_POINT('',(1.04E0,1.325E0,-6.85E-1));
#3999=LINE('',#3998,#3997);
#4000=DIRECTION('',(-1.E0,0.E0,0.E0));
#4001=VECTOR('',#4000,4.75E-2);
#4002=CARTESIAN_POINT('',(1.0875E0,1.325E0,-6.85E-1));
#4003=LINE('',#4002,#4001);
#4004=CARTESIAN_POINT('',(1.0875E0,1.325E0,-6.35E-1));
#4005=DIRECTION('',(0.E0,1.E0,0.E0));
#4006=DIRECTION('',(1.E0,0.E0,-1.598721155460E-13));
#4007=AXIS2_PLACEMENT_3D('',#4004,#4005,#4006);
#4009=DIRECTION('',(0.E0,0.E0,-1.E0));
#4010=VECTOR('',#4009,1.E-1);
#4011=CARTESIAN_POINT('',(1.2875E0,1.325E0,-5.35E-1));
#4012=LINE('',#4011,#4010);
#4013=DIRECTION('',(0.E0,-1.E0,0.E0));
#4014=VECTOR('',#4013,1.5E-1);
#4015=CARTESIAN_POINT('',(1.2875E0,1.475E0,-5.35E-1));
#4016=LINE('',#4015,#4014);
#4017=DIRECTION('',(0.E0,1.E0,0.E0));
#4018=VECTOR('',#4017,1.5E-1);
#4019=CARTESIAN_POINT('',(1.3375E0,1.325E0,-6.85E-1));
#4020=LINE('',#4019,#4018);
#4021=DIRECTION('',(0.E0,-1.E0,0.E0));
#4022=VECTOR('',#4021,1.5E-1);
#4023=CARTESIAN_POINT('',(1.2875E0,1.475E0,-6.35E-1));
#4024=LINE('',#4023,#4022);
#4025=DIRECTION('',(-1.E0,0.E0,0.E0));
#4026=VECTOR('',#4025,2.625E-1);
#4027=CARTESIAN_POINT('',(1.6E0,1.475E0,-6.85E-1));
#4028=LINE('',#4027,#4026);
#4029=DIRECTION('',(0.E0,0.E0,1.E0));
#4030=VECTOR('',#4029,1.5E-1);
#4031=CARTESIAN_POINT('',(1.6E0,1.475E0,-8.35E-1));
#4032=LINE('',#4031,#4030);
#4033=DIRECTION('',(0.E0,-1.E0,0.E0));
#4034=VECTOR('',#4033,1.5E-1);
#4035=CARTESIAN_POINT('',(1.6E0,1.475E0,-6.85E-1));
#4036=LINE('',#4035,#4034);
#4037=DIRECTION('',(0.E0,-1.E0,0.E0));
#4038=VECTOR('',#4037,1.5E-1);
#4039=CARTESIAN_POINT('',(1.6E0,1.475E0,-8.35E-1));
#4040=LINE('',#4039,#4038);
#4041=DIRECTION('',(1.E0,0.E0,0.E0));
#4042=VECTOR('',#4041,5.1E-1);
#4043=CARTESIAN_POINT('',(1.09E0,1.475E0,-8.35E-1));
#4044=LINE('',#4043,#4042);
#4045=DIRECTION('',(0.E0,-1.E0,0.E0));
#4046=VECTOR('',#4045,1.5E-1);
#4047=CARTESIAN_POINT('',(1.09E0,1.475E0,-8.35E-1));
#4048=LINE('',#4047,#4046);
#4049=DIRECTION('',(0.E0,1.E0,0.E0));
#4050=VECTOR('',#4049,1.5E-1);
#4051=CARTESIAN_POINT('',(1.04E0,1.325E0,-7.85E-1));
#4052=LINE('',#4051,#4050);
#4053=DIRECTION('',(0.E0,0.E0,-1.E0));
#4054=VECTOR('',#4053,1.E-1);
#4055=CARTESIAN_POINT('',(1.04E0,1.475E0,-6.85E-1));
#4056=LINE('',#4055,#4054);
#4057=DIRECTION('',(-1.E0,0.E0,0.E0));
#4058=VECTOR('',#4057,4.75E-2);
#4059=CARTESIAN_POINT('',(1.0875E0,1.475E0,-6.85E-1));
#4060=LINE('',#4059,#4058);
#4061=DIRECTION('',(0.E0,-1.E0,0.E0));
#4062=VECTOR('',#4061,1.5E-1);
#4063=CARTESIAN_POINT('',(1.04E0,1.475E0,-6.85E-1));
#4064=LINE('',#4063,#4062);
#4065=DIRECTION('',(0.E0,1.E0,0.E0));
#4066=VECTOR('',#4065,1.5E-1);
#4067=CARTESIAN_POINT('',(1.1375E0,1.325E0,-6.35E-1));
#4068=LINE('',#4067,#4066);
#4069=DIRECTION('',(0.E0,-1.E0,0.E0));
#4070=VECTOR('',#4069,1.5E-1);
#4071=CARTESIAN_POINT('',(1.0875E0,1.475E0,-6.85E-1));
#4072=LINE('',#4071,#4070);
#4073=DIRECTION('',(1.E0,0.E0,0.E0));
#4074=VECTOR('',#4073,1.5E-1);
#4075=CARTESIAN_POINT('',(1.1375E0,-1.25E-1,-5.35E-1));
#4076=LINE('',#4075,#4074);
#4077=DIRECTION('',(-1.110223024625E-14,0.E0,1.E0));
#4078=VECTOR('',#4077,1.E-1);
#4079=CARTESIAN_POINT('',(1.1375E0,-1.25E-1,-6.35E-1));
#4080=LINE('',#4079,#4078);
#4081=CARTESIAN_POINT('',(1.0875E0,-1.25E-1,-6.35E-1));
#4082=DIRECTION('',(0.E0,-1.E0,0.E0));
#4083=DIRECTION('',(0.E0,0.E0,-1.E0));
#4084=AXIS2_PLACEMENT_3D('',#4081,#4082,#4083);
#4086=DIRECTION('',(-7.071067811865E-1,0.E0,7.071067811865E-1));
#4087=VECTOR('',#4086,7.071067811865E-2);
#4088=CARTESIAN_POINT('',(1.09E0,-1.25E-1,-8.35E-1));
#4089=LINE('',#4088,#4087);
#4090=CARTESIAN_POINT('',(1.3375E0,-1.25E-1,-6.35E-1));
#4091=DIRECTION('',(0.E0,-1.E0,0.E0));
#4092=DIRECTION('',(-1.E0,0.E0,-2.664535259100E-14));
#4093=AXIS2_PLACEMENT_3D('',#4090,#4091,#4092);
#4095=DIRECTION('',(0.E0,0.E0,-1.E0));
#4096=VECTOR('',#4095,1.E-1);
#4097=CARTESIAN_POINT('',(1.2875E0,-1.25E-1,-5.35E-1));
#4098=LINE('',#4097,#4096);
#4099=DIRECTION('',(-1.332267629550E-14,0.E0,1.E0));
#4100=VECTOR('',#4099,1.E-1);
#4101=CARTESIAN_POINT('',(1.1375E0,-2.75E-1,-6.35E-1));
#4102=LINE('',#4101,#4100);
#4103=CARTESIAN_POINT('',(1.3375E0,-2.75E-1,-6.35E-1));
#4104=DIRECTION('',(0.E0,1.E0,0.E0));
#4105=DIRECTION('',(0.E0,0.E0,-1.E0));
#4106=AXIS2_PLACEMENT_3D('',#4103,#4104,#4105);
#4108=DIRECTION('',(-1.E0,0.E0,0.E0));
#4109=VECTOR('',#4108,2.625E-1);
#4110=CARTESIAN_POINT('',(1.6E0,-2.75E-1,-6.85E-1));
#4111=LINE('',#4110,#4109);
#4112=DIRECTION('',(0.E0,0.E0,1.E0));
#4113=VECTOR('',#4112,1.5E-1);
#4114=CARTESIAN_POINT('',(1.6E0,-2.75E-1,-8.35E-1));
#4115=LINE('',#4114,#4113);
#4116=DIRECTION('',(1.E0,0.E0,0.E0));
#4117=VECTOR('',#4116,5.1E-1);
#4118=CARTESIAN_POINT('',(1.09E0,-2.75E-1,-8.35E-1));
#4119=LINE('',#4118,#4117);
#4120=DIRECTION('',(7.071067811865E-1,0.E0,-7.071067811865E-1));
#4121=VECTOR('',#4120,7.071067811865E-2);
#4122=CARTESIAN_POINT('',(1.04E0,-2.75E-1,-7.85E-1));
#4123=LINE('',#4122,#4121);
#4124=DIRECTION('',(0.E0,0.E0,-1.E0));
#4125=VECTOR('',#4124,1.E-1);
#4126=CARTESIAN_POINT('',(1.04E0,-2.75E-1,-6.85E-1));
#4127=LINE('',#4126,#4125);
#4128=DIRECTION('',(-1.E0,0.E0,0.E0));
#4129=VECTOR('',#4128,4.75E-2);
#4130=CARTESIAN_POINT('',(1.0875E0,-2.75E-1,-6.85E-1));
#4131=LINE('',#4130,#4129);
#4132=CARTESIAN_POINT('',(1.0875E0,-2.75E-1,-6.35E-1));
#4133=DIRECTION('',(0.E0,1.E0,0.E0));
#4134=DIRECTION('',(1.E0,0.E0,-1.598721155460E-13));
#4135=AXIS2_PLACEMENT_3D('',#4132,#4133,#4134);
#4137=DIRECTION('',(0.E0,0.E0,-1.E0));
#4138=VECTOR('',#4137,1.E-1);
#4139=CARTESIAN_POINT('',(1.2875E0,-2.75E-1,-5.35E-1));
#4140=LINE('',#4139,#4138);
#4141=DIRECTION('',(0.E0,-1.E0,0.E0));
#4142=VECTOR('',#4141,1.5E-1);
#4143=CARTESIAN_POINT('',(1.2875E0,-1.25E-1,-5.35E-1));
#4144=LINE('',#4143,#4142);
#4145=DIRECTION('',(0.E0,1.E0,0.E0));
#4146=VECTOR('',#4145,1.5E-1);
#4147=CARTESIAN_POINT('',(1.3375E0,-2.75E-1,-6.85E-1));
#4148=LINE('',#4147,#4146);
#4149=DIRECTION('',(0.E0,-1.E0,0.E0));
#4150=VECTOR('',#4149,1.5E-1);
#4151=CARTESIAN_POINT('',(1.2875E0,-1.25E-1,-6.35E-1));
#4152=LINE('',#4151,#4150);
#4153=DIRECTION('',(-1.E0,0.E0,0.E0));
#4154=VECTOR('',#4153,2.625E-1);
#4155=CARTESIAN_POINT('',(1.6E0,-1.25E-1,-6.85E-1));
#4156=LINE('',#4155,#4154);
#4157=DIRECTION('',(0.E0,0.E0,1.E0));
#4158=VECTOR('',#4157,1.5E-1);
#4159=CARTESIAN_POINT('',(1.6E0,-1.25E-1,-8.35E-1));
#4160=LINE('',#4159,#4158);
#4161=DIRECTION('',(0.E0,-1.E0,0.E0));
#4162=VECTOR('',#4161,1.5E-1);
#4163=CARTESIAN_POINT('',(1.6E0,-1.25E-1,-6.85E-1));
#4164=LINE('',#4163,#4162);
#4165=DIRECTION('',(0.E0,-1.E0,0.E0));
#4166=VECTOR('',#4165,1.5E-1);
#4167=CARTESIAN_POINT('',(1.6E0,-1.25E-1,-8.35E-1));
#4168=LINE('',#4167,#4166);
#4169=DIRECTION('',(1.E0,0.E0,0.E0));
#4170=VECTOR('',#4169,5.1E-1);
#4171=CARTESIAN_POINT('',(1.09E0,-1.25E-1,-8.35E-1));
#4172=LINE('',#4171,#4170);
#4173=DIRECTION('',(0.E0,-1.E0,0.E0));
#4174=VECTOR('',#4173,1.5E-1);
#4175=CARTESIAN_POINT('',(1.09E0,-1.25E-1,-8.35E-1));
#4176=LINE('',#4175,#4174);
#4177=DIRECTION('',(0.E0,1.E0,0.E0));
#4178=VECTOR('',#4177,1.5E-1);
#4179=CARTESIAN_POINT('',(1.04E0,-2.75E-1,-7.85E-1));
#4180=LINE('',#4179,#4178);
#4181=DIRECTION('',(0.E0,0.E0,-1.E0));
#4182=VECTOR('',#4181,1.E-1);
#4183=CARTESIAN_POINT('',(1.04E0,-1.25E-1,-6.85E-1));
#4184=LINE('',#4183,#4182);
#4185=DIRECTION('',(-1.E0,0.E0,0.E0));
#4186=VECTOR('',#4185,4.75E-2);
#4187=CARTESIAN_POINT('',(1.0875E0,-1.25E-1,-6.85E-1));
#4188=LINE('',#4187,#4186);
#4189=DIRECTION('',(0.E0,-1.E0,0.E0));
#4190=VECTOR('',#4189,1.5E-1);
#4191=CARTESIAN_POINT('',(1.04E0,-1.25E-1,-6.85E-1));
#4192=LINE('',#4191,#4190);
#4193=DIRECTION('',(0.E0,1.E0,0.E0));
#4194=VECTOR('',#4193,1.5E-1);
#4195=CARTESIAN_POINT('',(1.1375E0,-2.75E-1,-6.35E-1));
#4196=LINE('',#4195,#4194);
#4197=DIRECTION('',(0.E0,-1.E0,0.E0));
#4198=VECTOR('',#4197,1.5E-1);
#4199=CARTESIAN_POINT('',(1.0875E0,-1.25E-1,-6.85E-1));
#4200=LINE('',#4199,#4198);
#4201=DIRECTION('',(1.E0,0.E0,0.E0));
#4202=VECTOR('',#4201,1.5E-1);
#4203=CARTESIAN_POINT('',(1.1375E0,2.75E-1,-5.35E-1));
#4204=LINE('',#4203,#4202);
#4205=DIRECTION('',(-1.110223024625E-14,0.E0,1.E0));
#4206=VECTOR('',#4205,1.E-1);
#4207=CARTESIAN_POINT('',(1.1375E0,2.75E-1,-6.35E-1));
#4208=LINE('',#4207,#4206);
#4209=CARTESIAN_POINT('',(1.0875E0,2.75E-1,-6.35E-1));
#4210=DIRECTION('',(0.E0,-1.E0,0.E0));
#4211=DIRECTION('',(0.E0,0.E0,-1.E0));
#4212=AXIS2_PLACEMENT_3D('',#4209,#4210,#4211);
#4214=DIRECTION('',(-7.071067811865E-1,0.E0,7.071067811865E-1));
#4215=VECTOR('',#4214,7.071067811865E-2);
#4216=CARTESIAN_POINT('',(1.09E0,2.75E-1,-8.35E-1));
#4217=LINE('',#4216,#4215);
#4218=CARTESIAN_POINT('',(1.3375E0,2.75E-1,-6.35E-1));
#4219=DIRECTION('',(0.E0,-1.E0,0.E0));
#4220=DIRECTION('',(-1.E0,0.E0,-2.664535259100E-14));
#4221=AXIS2_PLACEMENT_3D('',#4218,#4219,#4220);
#4223=DIRECTION('',(0.E0,0.E0,-1.E0));
#4224=VECTOR('',#4223,1.E-1);
#4225=CARTESIAN_POINT('',(1.2875E0,2.75E-1,-5.35E-1));
#4226=LINE('',#4225,#4224);
#4227=DIRECTION('',(-1.332267629550E-14,0.E0,1.E0));
#4228=VECTOR('',#4227,1.E-1);
#4229=CARTESIAN_POINT('',(1.1375E0,1.25E-1,-6.35E-1));
#4230=LINE('',#4229,#4228);
#4231=CARTESIAN_POINT('',(1.3375E0,1.25E-1,-6.35E-1));
#4232=DIRECTION('',(0.E0,1.E0,0.E0));
#4233=DIRECTION('',(0.E0,0.E0,-1.E0));
#4234=AXIS2_PLACEMENT_3D('',#4231,#4232,#4233);
#4236=DIRECTION('',(-1.E0,0.E0,0.E0));
#4237=VECTOR('',#4236,2.625E-1);
#4238=CARTESIAN_POINT('',(1.6E0,1.25E-1,-6.85E-1));
#4239=LINE('',#4238,#4237);
#4240=DIRECTION('',(0.E0,0.E0,1.E0));
#4241=VECTOR('',#4240,1.5E-1);
#4242=CARTESIAN_POINT('',(1.6E0,1.25E-1,-8.35E-1));
#4243=LINE('',#4242,#4241);
#4244=DIRECTION('',(1.E0,0.E0,0.E0));
#4245=VECTOR('',#4244,5.1E-1);
#4246=CARTESIAN_POINT('',(1.09E0,1.25E-1,-8.35E-1));
#4247=LINE('',#4246,#4245);
#4248=DIRECTION('',(7.071067811865E-1,0.E0,-7.071067811865E-1));
#4249=VECTOR('',#4248,7.071067811865E-2);
#4250=CARTESIAN_POINT('',(1.04E0,1.25E-1,-7.85E-1));
#4251=LINE('',#4250,#4249);
#4252=DIRECTION('',(0.E0,0.E0,-1.E0));
#4253=VECTOR('',#4252,1.E-1);
#4254=CARTESIAN_POINT('',(1.04E0,1.25E-1,-6.85E-1));
#4255=LINE('',#4254,#4253);
#4256=DIRECTION('',(-1.E0,0.E0,0.E0));
#4257=VECTOR('',#4256,4.75E-2);
#4258=CARTESIAN_POINT('',(1.0875E0,1.25E-1,-6.85E-1));
#4259=LINE('',#4258,#4257);
#4260=CARTESIAN_POINT('',(1.0875E0,1.25E-1,-6.35E-1));
#4261=DIRECTION('',(0.E0,1.E0,0.E0));
#4262=DIRECTION('',(1.E0,0.E0,-1.598721155460E-13));
#4263=AXIS2_PLACEMENT_3D('',#4260,#4261,#4262);
#4265=DIRECTION('',(0.E0,0.E0,-1.E0));
#4266=VECTOR('',#4265,1.E-1);
#4267=CARTESIAN_POINT('',(1.2875E0,1.25E-1,-5.35E-1));
#4268=LINE('',#4267,#4266);
#4269=DIRECTION('',(0.E0,-1.E0,0.E0));
#4270=VECTOR('',#4269,1.5E-1);
#4271=CARTESIAN_POINT('',(1.2875E0,2.75E-1,-5.35E-1));
#4272=LINE('',#4271,#4270);
#4273=DIRECTION('',(0.E0,1.E0,0.E0));
#4274=VECTOR('',#4273,1.5E-1);
#4275=CARTESIAN_POINT('',(1.3375E0,1.25E-1,-6.85E-1));
#4276=LINE('',#4275,#4274);
#4277=DIRECTION('',(0.E0,-1.E0,0.E0));
#4278=VECTOR('',#4277,1.5E-1);
#4279=CARTESIAN_POINT('',(1.2875E0,2.75E-1,-6.35E-1));
#4280=LINE('',#4279,#4278);
#4281=DIRECTION('',(-1.E0,0.E0,0.E0));
#4282=VECTOR('',#4281,2.625E-1);
#4283=CARTESIAN_POINT('',(1.6E0,2.75E-1,-6.85E-1));
#4284=LINE('',#4283,#4282);
#4285=DIRECTION('',(0.E0,0.E0,1.E0));
#4286=VECTOR('',#4285,1.5E-1);
#4287=CARTESIAN_POINT('',(1.6E0,2.75E-1,-8.35E-1));
#4288=LINE('',#4287,#4286);
#4289=DIRECTION('',(0.E0,-1.E0,0.E0));
#4290=VECTOR('',#4289,1.5E-1);
#4291=CARTESIAN_POINT('',(1.6E0,2.75E-1,-6.85E-1));
#4292=LINE('',#4291,#4290);
#4293=DIRECTION('',(0.E0,-1.E0,0.E0));
#4294=VECTOR('',#4293,1.5E-1);
#4295=CARTESIAN_POINT('',(1.6E0,2.75E-1,-8.35E-1));
#4296=LINE('',#4295,#4294);
#4297=DIRECTION('',(1.E0,0.E0,0.E0));
#4298=VECTOR('',#4297,5.1E-1);
#4299=CARTESIAN_POINT('',(1.09E0,2.75E-1,-8.35E-1));
#4300=LINE('',#4299,#4298);
#4301=DIRECTION('',(0.E0,-1.E0,0.E0));
#4302=VECTOR('',#4301,1.5E-1);
#4303=CARTESIAN_POINT('',(1.09E0,2.75E-1,-8.35E-1));
#4304=LINE('',#4303,#4302);
#4305=DIRECTION('',(0.E0,1.E0,0.E0));
#4306=VECTOR('',#4305,1.5E-1);
#4307=CARTESIAN_POINT('',(1.04E0,1.25E-1,-7.85E-1));
#4308=LINE('',#4307,#4306);
#4309=DIRECTION('',(0.E0,0.E0,-1.E0));
#4310=VECTOR('',#4309,1.E-1);
#4311=CARTESIAN_POINT('',(1.04E0,2.75E-1,-6.85E-1));
#4312=LINE('',#4311,#4310);
#4313=DIRECTION('',(-1.E0,0.E0,0.E0));
#4314=VECTOR('',#4313,4.75E-2);
#4315=CARTESIAN_POINT('',(1.0875E0,2.75E-1,-6.85E-1));
#4316=LINE('',#4315,#4314);
#4317=DIRECTION('',(0.E0,-1.E0,0.E0));
#4318=VECTOR('',#4317,1.5E-1);
#4319=CARTESIAN_POINT('',(1.04E0,2.75E-1,-6.85E-1));
#4320=LINE('',#4319,#4318);
#4321=DIRECTION('',(0.E0,1.E0,0.E0));
#4322=VECTOR('',#4321,1.5E-1);
#4323=CARTESIAN_POINT('',(1.1375E0,1.25E-1,-6.35E-1));
#4324=LINE('',#4323,#4322);
#4325=DIRECTION('',(0.E0,-1.E0,0.E0));
#4326=VECTOR('',#4325,1.5E-1);
#4327=CARTESIAN_POINT('',(1.0875E0,2.75E-1,-6.85E-1));
#4328=LINE('',#4327,#4326);
#4329=DIRECTION('',(1.E0,0.E0,0.E0));
#4330=VECTOR('',#4329,1.5E-1);
#4331=CARTESIAN_POINT('',(1.1375E0,-1.325E0,-5.35E-1));
#4332=LINE('',#4331,#4330);
#4333=DIRECTION('',(-1.110223024625E-14,0.E0,1.E0));
#4334=VECTOR('',#4333,1.E-1);
#4335=CARTESIAN_POINT('',(1.1375E0,-1.325E0,-6.35E-1));
#4336=LINE('',#4335,#4334);
#4337=CARTESIAN_POINT('',(1.0875E0,-1.325E0,-6.35E-1));
#4338=DIRECTION('',(0.E0,-1.E0,0.E0));
#4339=DIRECTION('',(0.E0,0.E0,-1.E0));
#4340=AXIS2_PLACEMENT_3D('',#4337,#4338,#4339);
#4342=DIRECTION('',(-7.071067811865E-1,0.E0,7.071067811865E-1));
#4343=VECTOR('',#4342,7.071067811865E-2);
#4344=CARTESIAN_POINT('',(1.09E0,-1.325E0,-8.35E-1));
#4345=LINE('',#4344,#4343);
#4346=CARTESIAN_POINT('',(1.3375E0,-1.325E0,-6.35E-1));
#4347=DIRECTION('',(0.E0,-1.E0,0.E0));
#4348=DIRECTION('',(-1.E0,0.E0,-2.664535259100E-14));
#4349=AXIS2_PLACEMENT_3D('',#4346,#4347,#4348);
#4351=DIRECTION('',(0.E0,0.E0,-1.E0));
#4352=VECTOR('',#4351,1.E-1);
#4353=CARTESIAN_POINT('',(1.2875E0,-1.325E0,-5.35E-1));
#4354=LINE('',#4353,#4352);
#4355=DIRECTION('',(-1.332267629550E-14,0.E0,1.E0));
#4356=VECTOR('',#4355,1.E-1);
#4357=CARTESIAN_POINT('',(1.1375E0,-1.475E0,-6.35E-1));
#4358=LINE('',#4357,#4356);
#4359=CARTESIAN_POINT('',(1.3375E0,-1.475E0,-6.35E-1));
#4360=DIRECTION('',(0.E0,1.E0,0.E0));
#4361=DIRECTION('',(0.E0,0.E0,-1.E0));
#4362=AXIS2_PLACEMENT_3D('',#4359,#4360,#4361);
#4364=DIRECTION('',(-1.E0,0.E0,0.E0));
#4365=VECTOR('',#4364,2.625E-1);
#4366=CARTESIAN_POINT('',(1.6E0,-1.475E0,-6.85E-1));
#4367=LINE('',#4366,#4365);
#4368=DIRECTION('',(0.E0,0.E0,1.E0));
#4369=VECTOR('',#4368,1.5E-1);
#4370=CARTESIAN_POINT('',(1.6E0,-1.475E0,-8.35E-1));
#4371=LINE('',#4370,#4369);
#4372=DIRECTION('',(1.E0,0.E0,0.E0));
#4373=VECTOR('',#4372,5.1E-1);
#4374=CARTESIAN_POINT('',(1.09E0,-1.475E0,-8.35E-1));
#4375=LINE('',#4374,#4373);
#4376=DIRECTION('',(7.071067811865E-1,0.E0,-7.071067811865E-1));
#4377=VECTOR('',#4376,7.071067811865E-2);
#4378=CARTESIAN_POINT('',(1.04E0,-1.475E0,-7.85E-1));
#4379=LINE('',#4378,#4377);
#4380=DIRECTION('',(0.E0,0.E0,-1.E0));
#4381=VECTOR('',#4380,1.E-1);
#4382=CARTESIAN_POINT('',(1.04E0,-1.475E0,-6.85E-1));
#4383=LINE('',#4382,#4381);
#4384=DIRECTION('',(-1.E0,0.E0,0.E0));
#4385=VECTOR('',#4384,4.75E-2);
#4386=CARTESIAN_POINT('',(1.0875E0,-1.475E0,-6.85E-1));
#4387=LINE('',#4386,#4385);
#4388=CARTESIAN_POINT('',(1.0875E0,-1.475E0,-6.35E-1));
#4389=DIRECTION('',(0.E0,1.E0,0.E0));
#4390=DIRECTION('',(1.E0,0.E0,-1.598721155460E-13));
#4391=AXIS2_PLACEMENT_3D('',#4388,#4389,#4390);
#4393=DIRECTION('',(0.E0,0.E0,-1.E0));
#4394=VECTOR('',#4393,1.E-1);
#4395=CARTESIAN_POINT('',(1.2875E0,-1.475E0,-5.35E-1));
#4396=LINE('',#4395,#4394);
#4397=DIRECTION('',(0.E0,-1.E0,0.E0));
#4398=VECTOR('',#4397,1.5E-1);
#4399=CARTESIAN_POINT('',(1.2875E0,-1.325E0,-5.35E-1));
#4400=LINE('',#4399,#4398);
#4401=DIRECTION('',(0.E0,1.E0,0.E0));
#4402=VECTOR('',#4401,1.5E-1);
#4403=CARTESIAN_POINT('',(1.3375E0,-1.475E0,-6.85E-1));
#4404=LINE('',#4403,#4402);
#4405=DIRECTION('',(0.E0,-1.E0,0.E0));
#4406=VECTOR('',#4405,1.5E-1);
#4407=CARTESIAN_POINT('',(1.2875E0,-1.325E0,-6.35E-1));
#4408=LINE('',#4407,#4406);
#4409=DIRECTION('',(-1.E0,0.E0,0.E0));
#4410=VECTOR('',#4409,2.625E-1);
#4411=CARTESIAN_POINT('',(1.6E0,-1.325E0,-6.85E-1));
#4412=LINE('',#4411,#4410);
#4413=DIRECTION('',(0.E0,0.E0,1.E0));
#4414=VECTOR('',#4413,1.5E-1);
#4415=CARTESIAN_POINT('',(1.6E0,-1.325E0,-8.35E-1));
#4416=LINE('',#4415,#4414);
#4417=DIRECTION('',(0.E0,-1.E0,0.E0));
#4418=VECTOR('',#4417,1.5E-1);
#4419=CARTESIAN_POINT('',(1.6E0,-1.325E0,-6.85E-1));
#4420=LINE('',#4419,#4418);
#4421=DIRECTION('',(0.E0,-1.E0,0.E0));
#4422=VECTOR('',#4421,1.5E-1);
#4423=CARTESIAN_POINT('',(1.6E0,-1.325E0,-8.35E-1));
#4424=LINE('',#4423,#4422);
#4425=DIRECTION('',(1.E0,0.E0,0.E0));
#4426=VECTOR('',#4425,5.1E-1);
#4427=CARTESIAN_POINT('',(1.09E0,-1.325E0,-8.35E-1));
#4428=LINE('',#4427,#4426);
#4429=DIRECTION('',(0.E0,-1.E0,0.E0));
#4430=VECTOR('',#4429,1.5E-1);
#4431=CARTESIAN_POINT('',(1.09E0,-1.325E0,-8.35E-1));
#4432=LINE('',#4431,#4430);
#4433=DIRECTION('',(0.E0,1.E0,0.E0));
#4434=VECTOR('',#4433,1.5E-1);
#4435=CARTESIAN_POINT('',(1.04E0,-1.475E0,-7.85E-1));
#4436=LINE('',#4435,#4434);
#4437=DIRECTION('',(0.E0,0.E0,-1.E0));
#4438=VECTOR('',#4437,1.E-1);
#4439=CARTESIAN_POINT('',(1.04E0,-1.325E0,-6.85E-1));
#4440=LINE('',#4439,#4438);
#4441=DIRECTION('',(-1.E0,0.E0,0.E0));
#4442=VECTOR('',#4441,4.75E-2);
#4443=CARTESIAN_POINT('',(1.0875E0,-1.325E0,-6.85E-1));
#4444=LINE('',#4443,#4442);
#4445=DIRECTION('',(0.E0,-1.E0,0.E0));
#4446=VECTOR('',#4445,1.5E-1);
#4447=CARTESIAN_POINT('',(1.04E0,-1.325E0,-6.85E-1));
#4448=LINE('',#4447,#4446);
#4449=DIRECTION('',(0.E0,1.E0,0.E0));
#4450=VECTOR('',#4449,1.5E-1);
#4451=CARTESIAN_POINT('',(1.1375E0,-1.475E0,-6.35E-1));
#4452=LINE('',#4451,#4450);
#4453=DIRECTION('',(0.E0,-1.E0,0.E0));
#4454=VECTOR('',#4453,1.5E-1);
#4455=CARTESIAN_POINT('',(1.0875E0,-1.325E0,-6.85E-1));
#4456=LINE('',#4455,#4454);
#4457=DIRECTION('',(1.E0,0.E0,0.E0));
#4458=VECTOR('',#4457,1.5E-1);
#4459=CARTESIAN_POINT('',(1.1375E0,-9.25E-1,-5.35E-1));
#4460=LINE('',#4459,#4458);
#4461=DIRECTION('',(-1.110223024625E-14,0.E0,1.E0));
#4462=VECTOR('',#4461,1.E-1);
#4463=CARTESIAN_POINT('',(1.1375E0,-9.25E-1,-6.35E-1));
#4464=LINE('',#4463,#4462);
#4465=CARTESIAN_POINT('',(1.0875E0,-9.25E-1,-6.35E-1));
#4466=DIRECTION('',(0.E0,-1.E0,0.E0));
#4467=DIRECTION('',(0.E0,0.E0,-1.E0));
#4468=AXIS2_PLACEMENT_3D('',#4465,#4466,#4467);
#4470=DIRECTION('',(-7.071067811865E-1,0.E0,7.071067811865E-1));
#4471=VECTOR('',#4470,7.071067811865E-2);
#4472=CARTESIAN_POINT('',(1.09E0,-9.25E-1,-8.35E-1));
#4473=LINE('',#4472,#4471);
#4474=CARTESIAN_POINT('',(1.3375E0,-9.25E-1,-6.35E-1));
#4475=DIRECTION('',(0.E0,-1.E0,0.E0));
#4476=DIRECTION('',(-1.E0,0.E0,-2.664535259100E-14));
#4477=AXIS2_PLACEMENT_3D('',#4474,#4475,#4476);
#4479=DIRECTION('',(0.E0,0.E0,-1.E0));
#4480=VECTOR('',#4479,1.E-1);
#4481=CARTESIAN_POINT('',(1.2875E0,-9.25E-1,-5.35E-1));
#4482=LINE('',#4481,#4480);
#4483=DIRECTION('',(-1.332267629550E-14,0.E0,1.E0));
#4484=VECTOR('',#4483,1.E-1);
#4485=CARTESIAN_POINT('',(1.1375E0,-1.075E0,-6.35E-1));
#4486=LINE('',#4485,#4484);
#4487=CARTESIAN_POINT('',(1.3375E0,-1.075E0,-6.35E-1));
#4488=DIRECTION('',(0.E0,1.E0,0.E0));
#4489=DIRECTION('',(0.E0,0.E0,-1.E0));
#4490=AXIS2_PLACEMENT_3D('',#4487,#4488,#4489);
#4492=DIRECTION('',(-1.E0,0.E0,0.E0));
#4493=VECTOR('',#4492,2.625E-1);
#4494=CARTESIAN_POINT('',(1.6E0,-1.075E0,-6.85E-1));
#4495=LINE('',#4494,#4493);
#4496=DIRECTION('',(0.E0,0.E0,1.E0));
#4497=VECTOR('',#4496,1.5E-1);
#4498=CARTESIAN_POINT('',(1.6E0,-1.075E0,-8.35E-1));
#4499=LINE('',#4498,#4497);
#4500=DIRECTION('',(1.E0,0.E0,0.E0));
#4501=VECTOR('',#4500,5.1E-1);
#4502=CARTESIAN_POINT('',(1.09E0,-1.075E0,-8.35E-1));
#4503=LINE('',#4502,#4501);
#4504=DIRECTION('',(7.071067811865E-1,0.E0,-7.071067811865E-1));
#4505=VECTOR('',#4504,7.071067811865E-2);
#4506=CARTESIAN_POINT('',(1.04E0,-1.075E0,-7.85E-1));
#4507=LINE('',#4506,#4505);
#4508=DIRECTION('',(0.E0,0.E0,-1.E0));
#4509=VECTOR('',#4508,1.E-1);
#4510=CARTESIAN_POINT('',(1.04E0,-1.075E0,-6.85E-1));
#4511=LINE('',#4510,#4509);
#4512=DIRECTION('',(-1.E0,0.E0,0.E0));
#4513=VECTOR('',#4512,4.75E-2);
#4514=CARTESIAN_POINT('',(1.0875E0,-1.075E0,-6.85E-1));
#4515=LINE('',#4514,#4513);
#4516=CARTESIAN_POINT('',(1.0875E0,-1.075E0,-6.35E-1));
#4517=DIRECTION('',(0.E0,1.E0,0.E0));
#4518=DIRECTION('',(1.E0,0.E0,-1.598721155460E-13));
#4519=AXIS2_PLACEMENT_3D('',#4516,#4517,#4518);
#4521=DIRECTION('',(0.E0,0.E0,-1.E0));
#4522=VECTOR('',#4521,1.E-1);
#4523=CARTESIAN_POINT('',(1.2875E0,-1.075E0,-5.35E-1));
#4524=LINE('',#4523,#4522);
#4525=DIRECTION('',(0.E0,-1.E0,0.E0));
#4526=VECTOR('',#4525,1.5E-1);
#4527=CARTESIAN_POINT('',(1.2875E0,-9.25E-1,-5.35E-1));
#4528=LINE('',#4527,#4526);
#4529=DIRECTION('',(0.E0,1.E0,0.E0));
#4530=VECTOR('',#4529,1.5E-1);
#4531=CARTESIAN_POINT('',(1.3375E0,-1.075E0,-6.85E-1));
#4532=LINE('',#4531,#4530);
#4533=DIRECTION('',(0.E0,-1.E0,0.E0));
#4534=VECTOR('',#4533,1.5E-1);
#4535=CARTESIAN_POINT('',(1.2875E0,-9.25E-1,-6.35E-1));
#4536=LINE('',#4535,#4534);
#4537=DIRECTION('',(-1.E0,0.E0,0.E0));
#4538=VECTOR('',#4537,2.625E-1);
#4539=CARTESIAN_POINT('',(1.6E0,-9.25E-1,-6.85E-1));
#4540=LINE('',#4539,#4538);
#4541=DIRECTION('',(0.E0,0.E0,1.E0));
#4542=VECTOR('',#4541,1.5E-1);
#4543=CARTESIAN_POINT('',(1.6E0,-9.25E-1,-8.35E-1));
#4544=LINE('',#4543,#4542);
#4545=DIRECTION('',(0.E0,-1.E0,0.E0));
#4546=VECTOR('',#4545,1.5E-1);
#4547=CARTESIAN_POINT('',(1.6E0,-9.25E-1,-6.85E-1));
#4548=LINE('',#4547,#4546);
#4549=DIRECTION('',(0.E0,-1.E0,0.E0));
#4550=VECTOR('',#4549,1.5E-1);
#4551=CARTESIAN_POINT('',(1.6E0,-9.25E-1,-8.35E-1));
#4552=LINE('',#4551,#4550);
#4553=DIRECTION('',(1.E0,0.E0,0.E0));
#4554=VECTOR('',#4553,5.1E-1);
#4555=CARTESIAN_POINT('',(1.09E0,-9.25E-1,-8.35E-1));
#4556=LINE('',#4555,#4554);
#4557=DIRECTION('',(0.E0,-1.E0,0.E0));
#4558=VECTOR('',#4557,1.5E-1);
#4559=CARTESIAN_POINT('',(1.09E0,-9.25E-1,-8.35E-1));
#4560=LINE('',#4559,#4558);
#4561=DIRECTION('',(0.E0,1.E0,0.E0));
#4562=VECTOR('',#4561,1.5E-1);
#4563=CARTESIAN_POINT('',(1.04E0,-1.075E0,-7.85E-1));
#4564=LINE('',#4563,#4562);
#4565=DIRECTION('',(0.E0,0.E0,-1.E0));
#4566=VECTOR('',#4565,1.E-1);
#4567=CARTESIAN_POINT('',(1.04E0,-9.25E-1,-6.85E-1));
#4568=LINE('',#4567,#4566);
#4569=DIRECTION('',(-1.E0,0.E0,0.E0));
#4570=VECTOR('',#4569,4.75E-2);
#4571=CARTESIAN_POINT('',(1.0875E0,-9.25E-1,-6.85E-1));
#4572=LINE('',#4571,#4570);
#4573=DIRECTION('',(0.E0,-1.E0,0.E0));
#4574=VECTOR('',#4573,1.5E-1);
#4575=CARTESIAN_POINT('',(1.04E0,-9.25E-1,-6.85E-1));
#4576=LINE('',#4575,#4574);
#4577=DIRECTION('',(0.E0,1.E0,0.E0));
#4578=VECTOR('',#4577,1.5E-1);
#4579=CARTESIAN_POINT('',(1.1375E0,-1.075E0,-6.35E-1));
#4580=LINE('',#4579,#4578);
#4581=DIRECTION('',(0.E0,-1.E0,0.E0));
#4582=VECTOR('',#4581,1.5E-1);
#4583=CARTESIAN_POINT('',(1.0875E0,-9.25E-1,-6.85E-1));
#4584=LINE('',#4583,#4582);
#4585=DIRECTION('',(1.E0,0.E0,0.E0));
#4586=VECTOR('',#4585,1.5E-1);
#4587=CARTESIAN_POINT('',(1.1375E0,-5.25E-1,-5.35E-1));
#4588=LINE('',#4587,#4586);
#4589=DIRECTION('',(-1.110223024625E-14,0.E0,1.E0));
#4590=VECTOR('',#4589,1.E-1);
#4591=CARTESIAN_POINT('',(1.1375E0,-5.25E-1,-6.35E-1));
#4592=LINE('',#4591,#4590);
#4593=CARTESIAN_POINT('',(1.0875E0,-5.25E-1,-6.35E-1));
#4594=DIRECTION('',(0.E0,-1.E0,0.E0));
#4595=DIRECTION('',(0.E0,0.E0,-1.E0));
#4596=AXIS2_PLACEMENT_3D('',#4593,#4594,#4595);
#4598=DIRECTION('',(-7.071067811865E-1,0.E0,7.071067811865E-1));
#4599=VECTOR('',#4598,7.071067811865E-2);
#4600=CARTESIAN_POINT('',(1.09E0,-5.25E-1,-8.35E-1));
#4601=LINE('',#4600,#4599);
#4602=CARTESIAN_POINT('',(1.3375E0,-5.25E-1,-6.35E-1));
#4603=DIRECTION('',(0.E0,-1.E0,0.E0));
#4604=DIRECTION('',(-1.E0,0.E0,-2.664535259100E-14));
#4605=AXIS2_PLACEMENT_3D('',#4602,#4603,#4604);
#4607=DIRECTION('',(0.E0,0.E0,-1.E0));
#4608=VECTOR('',#4607,1.E-1);
#4609=CARTESIAN_POINT('',(1.2875E0,-5.25E-1,-5.35E-1));
#4610=LINE('',#4609,#4608);
#4611=DIRECTION('',(-1.332267629550E-14,0.E0,1.E0));
#4612=VECTOR('',#4611,1.E-1);
#4613=CARTESIAN_POINT('',(1.1375E0,-6.75E-1,-6.35E-1));
#4614=LINE('',#4613,#4612);
#4615=CARTESIAN_POINT('',(1.3375E0,-6.75E-1,-6.35E-1));
#4616=DIRECTION('',(0.E0,1.E0,0.E0));
#4617=DIRECTION('',(0.E0,0.E0,-1.E0));
#4618=AXIS2_PLACEMENT_3D('',#4615,#4616,#4617);
#4620=DIRECTION('',(-1.E0,0.E0,0.E0));
#4621=VECTOR('',#4620,2.625E-1);
#4622=CARTESIAN_POINT('',(1.6E0,-6.75E-1,-6.85E-1));
#4623=LINE('',#4622,#4621);
#4624=DIRECTION('',(0.E0,0.E0,1.E0));
#4625=VECTOR('',#4624,1.5E-1);
#4626=CARTESIAN_POINT('',(1.6E0,-6.75E-1,-8.35E-1));
#4627=LINE('',#4626,#4625);
#4628=DIRECTION('',(1.E0,0.E0,0.E0));
#4629=VECTOR('',#4628,5.1E-1);
#4630=CARTESIAN_POINT('',(1.09E0,-6.75E-1,-8.35E-1));
#4631=LINE('',#4630,#4629);
#4632=DIRECTION('',(7.071067811865E-1,0.E0,-7.071067811865E-1));
#4633=VECTOR('',#4632,7.071067811865E-2);
#4634=CARTESIAN_POINT('',(1.04E0,-6.75E-1,-7.85E-1));
#4635=LINE('',#4634,#4633);
#4636=DIRECTION('',(0.E0,0.E0,-1.E0));
#4637=VECTOR('',#4636,1.E-1);
#4638=CARTESIAN_POINT('',(1.04E0,-6.75E-1,-6.85E-1));
#4639=LINE('',#4638,#4637);
#4640=DIRECTION('',(-1.E0,0.E0,0.E0));
#4641=VECTOR('',#4640,4.75E-2);
#4642=CARTESIAN_POINT('',(1.0875E0,-6.75E-1,-6.85E-1));
#4643=LINE('',#4642,#4641);
#4644=CARTESIAN_POINT('',(1.0875E0,-6.75E-1,-6.35E-1));
#4645=DIRECTION('',(0.E0,1.E0,0.E0));
#4646=DIRECTION('',(1.E0,0.E0,-1.598721155460E-13));
#4647=AXIS2_PLACEMENT_3D('',#4644,#4645,#4646);
#4649=DIRECTION('',(0.E0,0.E0,-1.E0));
#4650=VECTOR('',#4649,1.E-1);
#4651=CARTESIAN_POINT('',(1.2875E0,-6.75E-1,-5.35E-1));
#4652=LINE('',#4651,#4650);
#4653=DIRECTION('',(0.E0,-1.E0,0.E0));
#4654=VECTOR('',#4653,1.5E-1);
#4655=CARTESIAN_POINT('',(1.2875E0,-5.25E-1,-5.35E-1));
#4656=LINE('',#4655,#4654);
#4657=DIRECTION('',(0.E0,1.E0,0.E0));
#4658=VECTOR('',#4657,1.5E-1);
#4659=CARTESIAN_POINT('',(1.3375E0,-6.75E-1,-6.85E-1));
#4660=LINE('',#4659,#4658);
#4661=DIRECTION('',(0.E0,-1.E0,0.E0));
#4662=VECTOR('',#4661,1.5E-1);
#4663=CARTESIAN_POINT('',(1.2875E0,-5.25E-1,-6.35E-1));
#4664=LINE('',#4663,#4662);
#4665=DIRECTION('',(-1.E0,0.E0,0.E0));
#4666=VECTOR('',#4665,2.625E-1);
#4667=CARTESIAN_POINT('',(1.6E0,-5.25E-1,-6.85E-1));
#4668=LINE('',#4667,#4666);
#4669=DIRECTION('',(0.E0,0.E0,1.E0));
#4670=VECTOR('',#4669,1.5E-1);
#4671=CARTESIAN_POINT('',(1.6E0,-5.25E-1,-8.35E-1));
#4672=LINE('',#4671,#4670);
#4673=DIRECTION('',(0.E0,-1.E0,0.E0));
#4674=VECTOR('',#4673,1.5E-1);
#4675=CARTESIAN_POINT('',(1.6E0,-5.25E-1,-6.85E-1));
#4676=LINE('',#4675,#4674);
#4677=DIRECTION('',(0.E0,-1.E0,0.E0));
#4678=VECTOR('',#4677,1.5E-1);
#4679=CARTESIAN_POINT('',(1.6E0,-5.25E-1,-8.35E-1));
#4680=LINE('',#4679,#4678);
#4681=DIRECTION('',(1.E0,0.E0,0.E0));
#4682=VECTOR('',#4681,5.1E-1);
#4683=CARTESIAN_POINT('',(1.09E0,-5.25E-1,-8.35E-1));
#4684=LINE('',#4683,#4682);
#4685=DIRECTION('',(0.E0,-1.E0,0.E0));
#4686=VECTOR('',#4685,1.5E-1);
#4687=CARTESIAN_POINT('',(1.09E0,-5.25E-1,-8.35E-1));
#4688=LINE('',#4687,#4686);
#4689=DIRECTION('',(0.E0,1.E0,0.E0));
#4690=VECTOR('',#4689,1.5E-1);
#4691=CARTESIAN_POINT('',(1.04E0,-6.75E-1,-7.85E-1));
#4692=LINE('',#4691,#4690);
#4693=DIRECTION('',(0.E0,0.E0,-1.E0));
#4694=VECTOR('',#4693,1.E-1);
#4695=CARTESIAN_POINT('',(1.04E0,-5.25E-1,-6.85E-1));
#4696=LINE('',#4695,#4694);
#4697=DIRECTION('',(-1.E0,0.E0,0.E0));
#4698=VECTOR('',#4697,4.75E-2);
#4699=CARTESIAN_POINT('',(1.0875E0,-5.25E-1,-6.85E-1));
#4700=LINE('',#4699,#4698);
#4701=DIRECTION('',(0.E0,-1.E0,0.E0));
#4702=VECTOR('',#4701,1.5E-1);
#4703=CARTESIAN_POINT('',(1.04E0,-5.25E-1,-6.85E-1));
#4704=LINE('',#4703,#4702);
#4705=DIRECTION('',(0.E0,1.E0,0.E0));
#4706=VECTOR('',#4705,1.5E-1);
#4707=CARTESIAN_POINT('',(1.1375E0,-6.75E-1,-6.35E-1));
#4708=LINE('',#4707,#4706);
#4709=DIRECTION('',(0.E0,-1.E0,0.E0));
#4710=VECTOR('',#4709,1.5E-1);
#4711=CARTESIAN_POINT('',(1.0875E0,-5.25E-1,-6.85E-1));
#4712=LINE('',#4711,#4710);
#4713=DIRECTION('',(1.E0,0.E0,0.E0));
#4714=VECTOR('',#4713,1.5E-1);
#4715=CARTESIAN_POINT('',(1.1375E0,6.75E-1,-5.35E-1));
#4716=LINE('',#4715,#4714);
#4717=DIRECTION('',(-1.110223024625E-14,0.E0,1.E0));
#4718=VECTOR('',#4717,1.E-1);
#4719=CARTESIAN_POINT('',(1.1375E0,6.75E-1,-6.35E-1));
#4720=LINE('',#4719,#4718);
#4721=CARTESIAN_POINT('',(1.0875E0,6.75E-1,-6.35E-1));
#4722=DIRECTION('',(0.E0,-1.E0,0.E0));
#4723=DIRECTION('',(0.E0,0.E0,-1.E0));
#4724=AXIS2_PLACEMENT_3D('',#4721,#4722,#4723);
#4726=DIRECTION('',(-7.071067811865E-1,0.E0,7.071067811865E-1));
#4727=VECTOR('',#4726,7.071067811865E-2);
#4728=CARTESIAN_POINT('',(1.09E0,6.75E-1,-8.35E-1));
#4729=LINE('',#4728,#4727);
#4730=CARTESIAN_POINT('',(1.3375E0,6.75E-1,-6.35E-1));
#4731=DIRECTION('',(0.E0,-1.E0,0.E0));
#4732=DIRECTION('',(-1.E0,0.E0,-2.664535259100E-14));
#4733=AXIS2_PLACEMENT_3D('',#4730,#4731,#4732);
#4735=DIRECTION('',(0.E0,0.E0,-1.E0));
#4736=VECTOR('',#4735,1.E-1);
#4737=CARTESIAN_POINT('',(1.2875E0,6.75E-1,-5.35E-1));
#4738=LINE('',#4737,#4736);
#4739=DIRECTION('',(-1.332267629550E-14,0.E0,1.E0));
#4740=VECTOR('',#4739,1.E-1);
#4741=CARTESIAN_POINT('',(1.1375E0,5.25E-1,-6.35E-1));
#4742=LINE('',#4741,#4740);
#4743=CARTESIAN_POINT('',(1.3375E0,5.25E-1,-6.35E-1));
#4744=DIRECTION('',(0.E0,1.E0,0.E0));
#4745=DIRECTION('',(0.E0,0.E0,-1.E0));
#4746=AXIS2_PLACEMENT_3D('',#4743,#4744,#4745);
#4748=DIRECTION('',(-1.E0,0.E0,0.E0));
#4749=VECTOR('',#4748,2.625E-1);
#4750=CARTESIAN_POINT('',(1.6E0,5.25E-1,-6.85E-1));
#4751=LINE('',#4750,#4749);
#4752=DIRECTION('',(0.E0,0.E0,1.E0));
#4753=VECTOR('',#4752,1.5E-1);
#4754=CARTESIAN_POINT('',(1.6E0,5.25E-1,-8.35E-1));
#4755=LINE('',#4754,#4753);
#4756=DIRECTION('',(1.E0,0.E0,0.E0));
#4757=VECTOR('',#4756,5.1E-1);
#4758=CARTESIAN_POINT('',(1.09E0,5.25E-1,-8.35E-1));
#4759=LINE('',#4758,#4757);
#4760=DIRECTION('',(7.071067811865E-1,0.E0,-7.071067811865E-1));
#4761=VECTOR('',#4760,7.071067811865E-2);
#4762=CARTESIAN_POINT('',(1.04E0,5.25E-1,-7.85E-1));
#4763=LINE('',#4762,#4761);
#4764=DIRECTION('',(0.E0,0.E0,-1.E0));
#4765=VECTOR('',#4764,1.E-1);
#4766=CARTESIAN_POINT('',(1.04E0,5.25E-1,-6.85E-1));
#4767=LINE('',#4766,#4765);
#4768=DIRECTION('',(-1.E0,0.E0,0.E0));
#4769=VECTOR('',#4768,4.75E-2);
#4770=CARTESIAN_POINT('',(1.0875E0,5.25E-1,-6.85E-1));
#4771=LINE('',#4770,#4769);
#4772=CARTESIAN_POINT('',(1.0875E0,5.25E-1,-6.35E-1));
#4773=DIRECTION('',(0.E0,1.E0,0.E0));
#4774=DIRECTION('',(1.E0,0.E0,-1.598721155460E-13));
#4775=AXIS2_PLACEMENT_3D('',#4772,#4773,#4774);
#4777=DIRECTION('',(0.E0,0.E0,-1.E0));
#4778=VECTOR('',#4777,1.E-1);
#4779=CARTESIAN_POINT('',(1.2875E0,5.25E-1,-5.35E-1));
#4780=LINE('',#4779,#4778);
#4781=DIRECTION('',(0.E0,-1.E0,0.E0));
#4782=VECTOR('',#4781,1.5E-1);
#4783=CARTESIAN_POINT('',(1.2875E0,6.75E-1,-5.35E-1));
#4784=LINE('',#4783,#4782);
#4785=DIRECTION('',(0.E0,1.E0,0.E0));
#4786=VECTOR('',#4785,1.5E-1);
#4787=CARTESIAN_POINT('',(1.3375E0,5.25E-1,-6.85E-1));
#4788=LINE('',#4787,#4786);
#4789=DIRECTION('',(0.E0,-1.E0,0.E0));
#4790=VECTOR('',#4789,1.5E-1);
#4791=CARTESIAN_POINT('',(1.2875E0,6.75E-1,-6.35E-1));
#4792=LINE('',#4791,#4790);
#4793=DIRECTION('',(-1.E0,0.E0,0.E0));
#4794=VECTOR('',#4793,2.625E-1);
#4795=CARTESIAN_POINT('',(1.6E0,6.75E-1,-6.85E-1));
#4796=LINE('',#4795,#4794);
#4797=DIRECTION('',(0.E0,0.E0,1.E0));
#4798=VECTOR('',#4797,1.5E-1);
#4799=CARTESIAN_POINT('',(1.6E0,6.75E-1,-8.35E-1));
#4800=LINE('',#4799,#4798);
#4801=DIRECTION('',(0.E0,-1.E0,0.E0));
#4802=VECTOR('',#4801,1.5E-1);
#4803=CARTESIAN_POINT('',(1.6E0,6.75E-1,-6.85E-1));
#4804=LINE('',#4803,#4802);
#4805=DIRECTION('',(0.E0,-1.E0,0.E0));
#4806=VECTOR('',#4805,1.5E-1);
#4807=CARTESIAN_POINT('',(1.6E0,6.75E-1,-8.35E-1));
#4808=LINE('',#4807,#4806);
#4809=DIRECTION('',(1.E0,0.E0,0.E0));
#4810=VECTOR('',#4809,5.1E-1);
#4811=CARTESIAN_POINT('',(1.09E0,6.75E-1,-8.35E-1));
#4812=LINE('',#4811,#4810);
#4813=DIRECTION('',(0.E0,-1.E0,0.E0));
#4814=VECTOR('',#4813,1.5E-1);
#4815=CARTESIAN_POINT('',(1.09E0,6.75E-1,-8.35E-1));
#4816=LINE('',#4815,#4814);
#4817=DIRECTION('',(0.E0,1.E0,0.E0));
#4818=VECTOR('',#4817,1.5E-1);
#4819=CARTESIAN_POINT('',(1.04E0,5.25E-1,-7.85E-1));
#4820=LINE('',#4819,#4818);
#4821=DIRECTION('',(0.E0,0.E0,-1.E0));
#4822=VECTOR('',#4821,1.E-1);
#4823=CARTESIAN_POINT('',(1.04E0,6.75E-1,-6.85E-1));
#4824=LINE('',#4823,#4822);
#4825=DIRECTION('',(-1.E0,0.E0,0.E0));
#4826=VECTOR('',#4825,4.75E-2);
#4827=CARTESIAN_POINT('',(1.0875E0,6.75E-1,-6.85E-1));
#4828=LINE('',#4827,#4826);
#4829=DIRECTION('',(0.E0,-1.E0,0.E0));
#4830=VECTOR('',#4829,1.5E-1);
#4831=CARTESIAN_POINT('',(1.04E0,6.75E-1,-6.85E-1));
#4832=LINE('',#4831,#4830);
#4833=DIRECTION('',(0.E0,1.E0,0.E0));
#4834=VECTOR('',#4833,1.5E-1);
#4835=CARTESIAN_POINT('',(1.1375E0,5.25E-1,-6.35E-1));
#4836=LINE('',#4835,#4834);
#4837=DIRECTION('',(0.E0,-1.E0,0.E0));
#4838=VECTOR('',#4837,1.5E-1);
#4839=CARTESIAN_POINT('',(1.0875E0,6.75E-1,-6.85E-1));
#4840=LINE('',#4839,#4838);
#4841=DIRECTION('',(1.E0,0.E0,0.E0));
#4842=VECTOR('',#4841,1.5E-1);
#4843=CARTESIAN_POINT('',(1.1375E0,1.075E0,-5.35E-1));
#4844=LINE('',#4843,#4842);
#4845=DIRECTION('',(-1.110223024625E-14,0.E0,1.E0));
#4846=VECTOR('',#4845,1.E-1);
#4847=CARTESIAN_POINT('',(1.1375E0,1.075E0,-6.35E-1));
#4848=LINE('',#4847,#4846);
#4849=CARTESIAN_POINT('',(1.0875E0,1.075E0,-6.35E-1));
#4850=DIRECTION('',(0.E0,-1.E0,0.E0));
#4851=DIRECTION('',(0.E0,0.E0,-1.E0));
#4852=AXIS2_PLACEMENT_3D('',#4849,#4850,#4851);
#4854=DIRECTION('',(-7.071067811865E-1,0.E0,7.071067811865E-1));
#4855=VECTOR('',#4854,7.071067811865E-2);
#4856=CARTESIAN_POINT('',(1.09E0,1.075E0,-8.35E-1));
#4857=LINE('',#4856,#4855);
#4858=CARTESIAN_POINT('',(1.3375E0,1.075E0,-6.35E-1));
#4859=DIRECTION('',(0.E0,-1.E0,0.E0));
#4860=DIRECTION('',(-1.E0,0.E0,-2.664535259100E-14));
#4861=AXIS2_PLACEMENT_3D('',#4858,#4859,#4860);
#4863=DIRECTION('',(0.E0,0.E0,-1.E0));
#4864=VECTOR('',#4863,1.E-1);
#4865=CARTESIAN_POINT('',(1.2875E0,1.075E0,-5.35E-1));
#4866=LINE('',#4865,#4864);
#4867=DIRECTION('',(-1.332267629550E-14,0.E0,1.E0));
#4868=VECTOR('',#4867,1.E-1);
#4869=CARTESIAN_POINT('',(1.1375E0,9.25E-1,-6.35E-1));
#4870=LINE('',#4869,#4868);
#4871=CARTESIAN_POINT('',(1.3375E0,9.25E-1,-6.35E-1));
#4872=DIRECTION('',(0.E0,1.E0,0.E0));
#4873=DIRECTION('',(0.E0,0.E0,-1.E0));
#4874=AXIS2_PLACEMENT_3D('',#4871,#4872,#4873);
#4876=DIRECTION('',(-1.E0,0.E0,0.E0));
#4877=VECTOR('',#4876,2.625E-1);
#4878=CARTESIAN_POINT('',(1.6E0,9.25E-1,-6.85E-1));
#4879=LINE('',#4878,#4877);
#4880=DIRECTION('',(0.E0,0.E0,1.E0));
#4881=VECTOR('',#4880,1.5E-1);
#4882=CARTESIAN_POINT('',(1.6E0,9.25E-1,-8.35E-1));
#4883=LINE('',#4882,#4881);
#4884=DIRECTION('',(1.E0,0.E0,0.E0));
#4885=VECTOR('',#4884,5.1E-1);
#4886=CARTESIAN_POINT('',(1.09E0,9.25E-1,-8.35E-1));
#4887=LINE('',#4886,#4885);
#4888=DIRECTION('',(7.071067811865E-1,0.E0,-7.071067811865E-1));
#4889=VECTOR('',#4888,7.071067811865E-2);
#4890=CARTESIAN_POINT('',(1.04E0,9.25E-1,-7.85E-1));
#4891=LINE('',#4890,#4889);
#4892=DIRECTION('',(0.E0,0.E0,-1.E0));
#4893=VECTOR('',#4892,1.E-1);
#4894=CARTESIAN_POINT('',(1.04E0,9.25E-1,-6.85E-1));
#4895=LINE('',#4894,#4893);
#4896=DIRECTION('',(-1.E0,0.E0,0.E0));
#4897=VECTOR('',#4896,4.75E-2);
#4898=CARTESIAN_POINT('',(1.0875E0,9.25E-1,-6.85E-1));
#4899=LINE('',#4898,#4897);
#4900=CARTESIAN_POINT('',(1.0875E0,9.25E-1,-6.35E-1));
#4901=DIRECTION('',(0.E0,1.E0,0.E0));
#4902=DIRECTION('',(1.E0,0.E0,-1.598721155460E-13));
#4903=AXIS2_PLACEMENT_3D('',#4900,#4901,#4902);
#4905=DIRECTION('',(0.E0,0.E0,-1.E0));
#4906=VECTOR('',#4905,1.E-1);
#4907=CARTESIAN_POINT('',(1.2875E0,9.25E-1,-5.35E-1));
#4908=LINE('',#4907,#4906);
#4909=DIRECTION('',(0.E0,-1.E0,0.E0));
#4910=VECTOR('',#4909,1.5E-1);
#4911=CARTESIAN_POINT('',(1.2875E0,1.075E0,-5.35E-1));
#4912=LINE('',#4911,#4910);
#4913=DIRECTION('',(0.E0,1.E0,0.E0));
#4914=VECTOR('',#4913,1.5E-1);
#4915=CARTESIAN_POINT('',(1.3375E0,9.25E-1,-6.85E-1));
#4916=LINE('',#4915,#4914);
#4917=DIRECTION('',(0.E0,-1.E0,0.E0));
#4918=VECTOR('',#4917,1.5E-1);
#4919=CARTESIAN_POINT('',(1.2875E0,1.075E0,-6.35E-1));
#4920=LINE('',#4919,#4918);
#4921=DIRECTION('',(-1.E0,0.E0,0.E0));
#4922=VECTOR('',#4921,2.625E-1);
#4923=CARTESIAN_POINT('',(1.6E0,1.075E0,-6.85E-1));
#4924=LINE('',#4923,#4922);
#4925=DIRECTION('',(0.E0,0.E0,1.E0));
#4926=VECTOR('',#4925,1.5E-1);
#4927=CARTESIAN_POINT('',(1.6E0,1.075E0,-8.35E-1));
#4928=LINE('',#4927,#4926);
#4929=DIRECTION('',(0.E0,-1.E0,0.E0));
#4930=VECTOR('',#4929,1.5E-1);
#4931=CARTESIAN_POINT('',(1.6E0,1.075E0,-6.85E-1));
#4932=LINE('',#4931,#4930);
#4933=DIRECTION('',(0.E0,-1.E0,0.E0));
#4934=VECTOR('',#4933,1.5E-1);
#4935=CARTESIAN_POINT('',(1.6E0,1.075E0,-8.35E-1));
#4936=LINE('',#4935,#4934);
#4937=DIRECTION('',(1.E0,0.E0,0.E0));
#4938=VECTOR('',#4937,5.1E-1);
#4939=CARTESIAN_POINT('',(1.09E0,1.075E0,-8.35E-1));
#4940=LINE('',#4939,#4938);
#4941=DIRECTION('',(0.E0,-1.E0,0.E0));
#4942=VECTOR('',#4941,1.5E-1);
#4943=CARTESIAN_POINT('',(1.09E0,1.075E0,-8.35E-1));
#4944=LINE('',#4943,#4942);
#4945=DIRECTION('',(0.E0,1.E0,0.E0));
#4946=VECTOR('',#4945,1.5E-1);
#4947=CARTESIAN_POINT('',(1.04E0,9.25E-1,-7.85E-1));
#4948=LINE('',#4947,#4946);
#4949=DIRECTION('',(0.E0,0.E0,-1.E0));
#4950=VECTOR('',#4949,1.E-1);
#4951=CARTESIAN_POINT('',(1.04E0,1.075E0,-6.85E-1));
#4952=LINE('',#4951,#4950);
#4953=DIRECTION('',(-1.E0,0.E0,0.E0));
#4954=VECTOR('',#4953,4.75E-2);
#4955=CARTESIAN_POINT('',(1.0875E0,1.075E0,-6.85E-1));
#4956=LINE('',#4955,#4954);
#4957=DIRECTION('',(0.E0,-1.E0,0.E0));
#4958=VECTOR('',#4957,1.5E-1);
#4959=CARTESIAN_POINT('',(1.04E0,1.075E0,-6.85E-1));
#4960=LINE('',#4959,#4958);
#4961=DIRECTION('',(0.E0,1.E0,0.E0));
#4962=VECTOR('',#4961,1.5E-1);
#4963=CARTESIAN_POINT('',(1.1375E0,9.25E-1,-6.35E-1));
#4964=LINE('',#4963,#4962);
#4965=DIRECTION('',(0.E0,-1.E0,0.E0));
#4966=VECTOR('',#4965,1.5E-1);
#4967=CARTESIAN_POINT('',(1.0875E0,1.075E0,-6.85E-1));
#4968=LINE('',#4967,#4966);
#4969=DIRECTION('',(1.E0,0.E0,0.E0));
#4970=VECTOR('',#4969,1.5E-1);
#4971=CARTESIAN_POINT('',(1.1375E0,1.875E0,-5.35E-1));
#4972=LINE('',#4971,#4970);
#4973=DIRECTION('',(-1.110223024625E-14,0.E0,1.E0));
#4974=VECTOR('',#4973,1.E-1);
#4975=CARTESIAN_POINT('',(1.1375E0,1.875E0,-6.35E-1));
#4976=LINE('',#4975,#4974);
#4977=CARTESIAN_POINT('',(1.0875E0,1.875E0,-6.35E-1));
#4978=DIRECTION('',(0.E0,-1.E0,0.E0));
#4979=DIRECTION('',(0.E0,0.E0,-1.E0));
#4980=AXIS2_PLACEMENT_3D('',#4977,#4978,#4979);
#4982=DIRECTION('',(-7.071067811865E-1,0.E0,7.071067811865E-1));
#4983=VECTOR('',#4982,7.071067811865E-2);
#4984=CARTESIAN_POINT('',(1.09E0,1.875E0,-8.35E-1));
#4985=LINE('',#4984,#4983);
#4986=CARTESIAN_POINT('',(1.3375E0,1.875E0,-6.35E-1));
#4987=DIRECTION('',(0.E0,-1.E0,0.E0));
#4988=DIRECTION('',(-1.E0,0.E0,-2.664535259100E-14));
#4989=AXIS2_PLACEMENT_3D('',#4986,#4987,#4988);
#4991=DIRECTION('',(0.E0,0.E0,-1.E0));
#4992=VECTOR('',#4991,1.E-1);
#4993=CARTESIAN_POINT('',(1.2875E0,1.875E0,-5.35E-1));
#4994=LINE('',#4993,#4992);
#4995=DIRECTION('',(-1.332267629550E-14,0.E0,1.E0));
#4996=VECTOR('',#4995,1.E-1);
#4997=CARTESIAN_POINT('',(1.1375E0,1.725E0,-6.35E-1));
#4998=LINE('',#4997,#4996);
#4999=CARTESIAN_POINT('',(1.3375E0,1.725E0,-6.35E-1));
#5000=DIRECTION('',(0.E0,1.E0,0.E0));
#5001=DIRECTION('',(0.E0,0.E0,-1.E0));
#5002=AXIS2_PLACEMENT_3D('',#4999,#5000,#5001);
#5004=DIRECTION('',(-1.E0,0.E0,0.E0));
#5005=VECTOR('',#5004,2.625E-1);
#5006=CARTESIAN_POINT('',(1.6E0,1.725E0,-6.85E-1));
#5007=LINE('',#5006,#5005);
#5008=DIRECTION('',(0.E0,0.E0,1.E0));
#5009=VECTOR('',#5008,1.5E-1);
#5010=CARTESIAN_POINT('',(1.6E0,1.725E0,-8.35E-1));
#5011=LINE('',#5010,#5009);
#5012=DIRECTION('',(1.E0,0.E0,0.E0));
#5013=VECTOR('',#5012,5.1E-1);
#5014=CARTESIAN_POINT('',(1.09E0,1.725E0,-8.35E-1));
#5015=LINE('',#5014,#5013);
#5016=DIRECTION('',(7.071067811865E-1,0.E0,-7.071067811865E-1));
#5017=VECTOR('',#5016,7.071067811865E-2);
#5018=CARTESIAN_POINT('',(1.04E0,1.725E0,-7.85E-1));
#5019=LINE('',#5018,#5017);
#5020=DIRECTION('',(0.E0,0.E0,-1.E0));
#5021=VECTOR('',#5020,1.E-1);
#5022=CARTESIAN_POINT('',(1.04E0,1.725E0,-6.85E-1));
#5023=LINE('',#5022,#5021);
#5024=DIRECTION('',(-1.E0,0.E0,0.E0));
#5025=VECTOR('',#5024,4.75E-2);
#5026=CARTESIAN_POINT('',(1.0875E0,1.725E0,-6.85E-1));
#5027=LINE('',#5026,#5025);
#5028=CARTESIAN_POINT('',(1.0875E0,1.725E0,-6.35E-1));
#5029=DIRECTION('',(0.E0,1.E0,0.E0));
#5030=DIRECTION('',(1.E0,0.E0,-1.598721155460E-13));
#5031=AXIS2_PLACEMENT_3D('',#5028,#5029,#5030);
#5033=DIRECTION('',(0.E0,0.E0,-1.E0));
#5034=VECTOR('',#5033,1.E-1);
#5035=CARTESIAN_POINT('',(1.2875E0,1.725E0,-5.35E-1));
#5036=LINE('',#5035,#5034);
#5037=DIRECTION('',(0.E0,-1.E0,0.E0));
#5038=VECTOR('',#5037,1.5E-1);
#5039=CARTESIAN_POINT('',(1.2875E0,1.875E0,-5.35E-1));
#5040=LINE('',#5039,#5038);
#5041=DIRECTION('',(0.E0,1.E0,0.E0));
#5042=VECTOR('',#5041,1.5E-1);
#5043=CARTESIAN_POINT('',(1.3375E0,1.725E0,-6.85E-1));
#5044=LINE('',#5043,#5042);
#5045=DIRECTION('',(0.E0,-1.E0,0.E0));
#5046=VECTOR('',#5045,1.5E-1);
#5047=CARTESIAN_POINT('',(1.2875E0,1.875E0,-6.35E-1));
#5048=LINE('',#5047,#5046);
#5049=DIRECTION('',(-1.E0,0.E0,0.E0));
#5050=VECTOR('',#5049,2.625E-1);
#5051=CARTESIAN_POINT('',(1.6E0,1.875E0,-6.85E-1));
#5052=LINE('',#5051,#5050);
#5053=DIRECTION('',(0.E0,0.E0,1.E0));
#5054=VECTOR('',#5053,1.5E-1);
#5055=CARTESIAN_POINT('',(1.6E0,1.875E0,-8.35E-1));
#5056=LINE('',#5055,#5054);
#5057=DIRECTION('',(0.E0,-1.E0,0.E0));
#5058=VECTOR('',#5057,1.5E-1);
#5059=CARTESIAN_POINT('',(1.6E0,1.875E0,-6.85E-1));
#5060=LINE('',#5059,#5058);
#5061=DIRECTION('',(0.E0,-1.E0,0.E0));
#5062=VECTOR('',#5061,1.5E-1);
#5063=CARTESIAN_POINT('',(1.6E0,1.875E0,-8.35E-1));
#5064=LINE('',#5063,#5062);
#5065=DIRECTION('',(1.E0,0.E0,0.E0));
#5066=VECTOR('',#5065,5.1E-1);
#5067=CARTESIAN_POINT('',(1.09E0,1.875E0,-8.35E-1));
#5068=LINE('',#5067,#5066);
#5069=DIRECTION('',(0.E0,-1.E0,0.E0));
#5070=VECTOR('',#5069,1.5E-1);
#5071=CARTESIAN_POINT('',(1.09E0,1.875E0,-8.35E-1));
#5072=LINE('',#5071,#5070);
#5073=DIRECTION('',(0.E0,1.E0,0.E0));
#5074=VECTOR('',#5073,1.5E-1);
#5075=CARTESIAN_POINT('',(1.04E0,1.725E0,-7.85E-1));
#5076=LINE('',#5075,#5074);
#5077=DIRECTION('',(0.E0,0.E0,-1.E0));
#5078=VECTOR('',#5077,1.E-1);
#5079=CARTESIAN_POINT('',(1.04E0,1.875E0,-6.85E-1));
#5080=LINE('',#5079,#5078);
#5081=DIRECTION('',(-1.E0,0.E0,0.E0));
#5082=VECTOR('',#5081,4.75E-2);
#5083=CARTESIAN_POINT('',(1.0875E0,1.875E0,-6.85E-1));
#5084=LINE('',#5083,#5082);
#5085=DIRECTION('',(0.E0,-1.E0,0.E0));
#5086=VECTOR('',#5085,1.5E-1);
#5087=CARTESIAN_POINT('',(1.04E0,1.875E0,-6.85E-1));
#5088=LINE('',#5087,#5086);
#5089=DIRECTION('',(0.E0,1.E0,0.E0));
#5090=VECTOR('',#5089,1.5E-1);
#5091=CARTESIAN_POINT('',(1.1375E0,1.725E0,-6.35E-1));
#5092=LINE('',#5091,#5090);
#5093=DIRECTION('',(0.E0,-1.E0,0.E0));
#5094=VECTOR('',#5093,1.5E-1);
#5095=CARTESIAN_POINT('',(1.0875E0,1.875E0,-6.85E-1));
#5096=LINE('',#5095,#5094);
#5097=DIRECTION('',(0.E0,-1.E0,0.E0));
#5098=VECTOR('',#5097,4.E0);
#5099=CARTESIAN_POINT('',(1.04E0,2.E0,-5.35E-1));
#5100=LINE('',#5099,#5098);
#5101=DIRECTION('',(0.E0,0.E0,1.E0));
#5102=VECTOR('',#5101,4.E-2);
#5103=CARTESIAN_POINT('',(1.04E0,2.E0,-5.75E-1));
#5104=LINE('',#5103,#5102);
#5105=DIRECTION('',(1.E0,0.E0,-7.558056744564E-14));
#5106=VECTOR('',#5105,5.2E-1);
#5107=CARTESIAN_POINT('',(1.03E0,2.E0,-5.95E-1));
#5108=LINE('',#5107,#5106);
#5109=DIRECTION('',(7.071067811866E-1,0.E0,7.071067811865E-1));
#5110=VECTOR('',#5109,2.687005768509E-1);
#5111=CARTESIAN_POINT('',(8.4E-1,2.E0,-7.85E-1));
#5112=LINE('',#5111,#5110);
#5113=DIRECTION('',(-7.071067811865E-1,0.E0,-7.071067811865E-1));
#5114=VECTOR('',#5113,2.969848480984E-1);
#5115=CARTESIAN_POINT('',(1.04E0,2.E0,-5.75E-1));
#5116=LINE('',#5115,#5114);
#5117=DIRECTION('',(0.E0,-1.E0,0.E0));
#5118=VECTOR('',#5117,1.405E0);
#5119=CARTESIAN_POINT('',(1.03E0,3.405E0,-5.95E-1));
#5120=LINE('',#5119,#5118);
#5121=DIRECTION('',(0.E0,-1.E0,0.E0));
#5122=VECTOR('',#5121,4.E0);
#5123=CARTESIAN_POINT('',(1.04E0,2.E0,-5.75E-1));
#5124=LINE('',#5123,#5122);
#5125=DIRECTION('',(0.E0,1.E0,0.E0));
#5126=VECTOR('',#5125,4.E0);
#5127=CARTESIAN_POINT('',(8.3E-1,-2.E0,-7.85E-1));
#5128=LINE('',#5127,#5126);
#5129=DIRECTION('',(1.E0,0.E0,0.E0));
#5130=VECTOR('',#5129,1.5E-1);
#5131=CARTESIAN_POINT('',(1.1375E0,-1.725E0,-5.35E-1));
#5132=LINE('',#5131,#5130);
#5133=DIRECTION('',(-1.110223024625E-14,0.E0,1.E0));
#5134=VECTOR('',#5133,1.E-1);
#5135=CARTESIAN_POINT('',(1.1375E0,-1.725E0,-6.35E-1));
#5136=LINE('',#5135,#5134);
#5137=CARTESIAN_POINT('',(1.0875E0,-1.725E0,-6.35E-1));
#5138=DIRECTION('',(0.E0,-1.E0,0.E0));
#5139=DIRECTION('',(0.E0,0.E0,-1.E0));
#5140=AXIS2_PLACEMENT_3D('',#5137,#5138,#5139);
#5142=DIRECTION('',(-7.071067811865E-1,0.E0,7.071067811865E-1));
#5143=VECTOR('',#5142,7.071067811865E-2);
#5144=CARTESIAN_POINT('',(1.09E0,-1.725E0,-8.35E-1));
#5145=LINE('',#5144,#5143);
#5146=CARTESIAN_POINT('',(1.3375E0,-1.725E0,-6.35E-1));
#5147=DIRECTION('',(0.E0,-1.E0,0.E0));
#5148=DIRECTION('',(-1.E0,0.E0,-2.664535259100E-14));
#5149=AXIS2_PLACEMENT_3D('',#5146,#5147,#5148);
#5151=DIRECTION('',(0.E0,0.E0,-1.E0));
#5152=VECTOR('',#5151,1.E-1);
#5153=CARTESIAN_POINT('',(1.2875E0,-1.725E0,-5.35E-1));
#5154=LINE('',#5153,#5152);
#5155=DIRECTION('',(-1.332267629550E-14,0.E0,1.E0));
#5156=VECTOR('',#5155,1.E-1);
#5157=CARTESIAN_POINT('',(1.1375E0,-1.875E0,-6.35E-1));
#5158=LINE('',#5157,#5156);
#5159=CARTESIAN_POINT('',(1.3375E0,-1.875E0,-6.35E-1));
#5160=DIRECTION('',(0.E0,1.E0,0.E0));
#5161=DIRECTION('',(0.E0,0.E0,-1.E0));
#5162=AXIS2_PLACEMENT_3D('',#5159,#5160,#5161);
#5164=DIRECTION('',(-1.E0,0.E0,0.E0));
#5165=VECTOR('',#5164,2.625E-1);
#5166=CARTESIAN_POINT('',(1.6E0,-1.875E0,-6.85E-1));
#5167=LINE('',#5166,#5165);
#5168=DIRECTION('',(0.E0,0.E0,1.E0));
#5169=VECTOR('',#5168,1.5E-1);
#5170=CARTESIAN_POINT('',(1.6E0,-1.875E0,-8.35E-1));
#5171=LINE('',#5170,#5169);
#5172=DIRECTION('',(1.E0,0.E0,0.E0));
#5173=VECTOR('',#5172,5.1E-1);
#5174=CARTESIAN_POINT('',(1.09E0,-1.875E0,-8.35E-1));
#5175=LINE('',#5174,#5173);
#5176=DIRECTION('',(7.071067811865E-1,0.E0,-7.071067811865E-1));
#5177=VECTOR('',#5176,7.071067811865E-2);
#5178=CARTESIAN_POINT('',(1.04E0,-1.875E0,-7.85E-1));
#5179=LINE('',#5178,#5177);
#5180=DIRECTION('',(0.E0,0.E0,-1.E0));
#5181=VECTOR('',#5180,1.E-1);
#5182=CARTESIAN_POINT('',(1.04E0,-1.875E0,-6.85E-1));
#5183=LINE('',#5182,#5181);
#5184=DIRECTION('',(-1.E0,0.E0,0.E0));
#5185=VECTOR('',#5184,4.75E-2);
#5186=CARTESIAN_POINT('',(1.0875E0,-1.875E0,-6.85E-1));
#5187=LINE('',#5186,#5185);
#5188=CARTESIAN_POINT('',(1.0875E0,-1.875E0,-6.35E-1));
#5189=DIRECTION('',(0.E0,1.E0,0.E0));
#5190=DIRECTION('',(1.E0,0.E0,-1.598721155460E-13));
#5191=AXIS2_PLACEMENT_3D('',#5188,#5189,#5190);
#5193=DIRECTION('',(0.E0,0.E0,-1.E0));
#5194=VECTOR('',#5193,1.E-1);
#5195=CARTESIAN_POINT('',(1.2875E0,-1.875E0,-5.35E-1));
#5196=LINE('',#5195,#5194);
#5197=DIRECTION('',(0.E0,-1.E0,0.E0));
#5198=VECTOR('',#5197,1.5E-1);
#5199=CARTESIAN_POINT('',(1.2875E0,-1.725E0,-5.35E-1));
#5200=LINE('',#5199,#5198);
#5201=DIRECTION('',(0.E0,1.E0,0.E0));
#5202=VECTOR('',#5201,1.5E-1);
#5203=CARTESIAN_POINT('',(1.3375E0,-1.875E0,-6.85E-1));
#5204=LINE('',#5203,#5202);
#5205=DIRECTION('',(0.E0,-1.E0,0.E0));
#5206=VECTOR('',#5205,1.5E-1);
#5207=CARTESIAN_POINT('',(1.2875E0,-1.725E0,-6.35E-1));
#5208=LINE('',#5207,#5206);
#5209=DIRECTION('',(-1.E0,0.E0,0.E0));
#5210=VECTOR('',#5209,2.625E-1);
#5211=CARTESIAN_POINT('',(1.6E0,-1.725E0,-6.85E-1));
#5212=LINE('',#5211,#5210);
#5213=DIRECTION('',(0.E0,0.E0,1.E0));
#5214=VECTOR('',#5213,1.5E-1);
#5215=CARTESIAN_POINT('',(1.6E0,-1.725E0,-8.35E-1));
#5216=LINE('',#5215,#5214);
#5217=DIRECTION('',(0.E0,-1.E0,0.E0));
#5218=VECTOR('',#5217,1.5E-1);
#5219=CARTESIAN_POINT('',(1.6E0,-1.725E0,-6.85E-1));
#5220=LINE('',#5219,#5218);
#5221=DIRECTION('',(0.E0,-1.E0,0.E0));
#5222=VECTOR('',#5221,1.5E-1);
#5223=CARTESIAN_POINT('',(1.6E0,-1.725E0,-8.35E-1));
#5224=LINE('',#5223,#5222);
#5225=DIRECTION('',(1.E0,0.E0,0.E0));
#5226=VECTOR('',#5225,5.1E-1);
#5227=CARTESIAN_POINT('',(1.09E0,-1.725E0,-8.35E-1));
#5228=LINE('',#5227,#5226);
#5229=DIRECTION('',(0.E0,-1.E0,0.E0));
#5230=VECTOR('',#5229,1.5E-1);
#5231=CARTESIAN_POINT('',(1.09E0,-1.725E0,-8.35E-1));
#5232=LINE('',#5231,#5230);
#5233=DIRECTION('',(0.E0,1.E0,0.E0));
#5234=VECTOR('',#5233,1.5E-1);
#5235=CARTESIAN_POINT('',(1.04E0,-1.875E0,-7.85E-1));
#5236=LINE('',#5235,#5234);
#5237=DIRECTION('',(0.E0,0.E0,-1.E0));
#5238=VECTOR('',#5237,1.E-1);
#5239=CARTESIAN_POINT('',(1.04E0,-1.725E0,-6.85E-1));
#5240=LINE('',#5239,#5238);
#5241=DIRECTION('',(-1.E0,0.E0,0.E0));
#5242=VECTOR('',#5241,4.75E-2);
#5243=CARTESIAN_POINT('',(1.0875E0,-1.725E0,-6.85E-1));
#5244=LINE('',#5243,#5242);
#5245=DIRECTION('',(0.E0,-1.E0,0.E0));
#5246=VECTOR('',#5245,1.5E-1);
#5247=CARTESIAN_POINT('',(1.04E0,-1.725E0,-6.85E-1));
#5248=LINE('',#5247,#5246);
#5249=DIRECTION('',(0.E0,1.E0,0.E0));
#5250=VECTOR('',#5249,1.5E-1);
#5251=CARTESIAN_POINT('',(1.1375E0,-1.875E0,-6.35E-1));
#5252=LINE('',#5251,#5250);
#5253=DIRECTION('',(0.E0,-1.E0,0.E0));
#5254=VECTOR('',#5253,1.5E-1);
#5255=CARTESIAN_POINT('',(1.0875E0,-1.725E0,-6.85E-1));
#5256=LINE('',#5255,#5254);
#5257=DIRECTION('',(1.463475805185E-13,0.E0,-1.E0));
#5258=VECTOR('',#5257,2.275862068970E-2);
#5259=CARTESIAN_POINT('',(1.17E0,-2.98E0,-5.722413793103E-1));
#5260=LINE('',#5259,#5258);
#5261=DIRECTION('',(2.505223373840E-14,-5.171156399256E-1,8.559155419458E-1));
#5262=VECTOR('',#5261,2.658979721054E-2);
#5263=CARTESIAN_POINT('',(1.17E0,-2.96625E0,-5.95E-1));
#5264=LINE('',#5263,#5262);
#5265=DIRECTION('',(0.E0,0.E0,-1.E0));
#5266=VECTOR('',#5265,5.E-2);
#5267=CARTESIAN_POINT('',(1.17E0,-3.08E0,3.25E-1));
#5268=LINE('',#5267,#5266);
#5269=DIRECTION('',(0.E0,-1.E0,0.E0));
#5270=VECTOR('',#5269,1.55E-1);
#5271=CARTESIAN_POINT('',(1.17E0,-2.925E0,3.25E-1));
#5272=LINE('',#5271,#5270);
#5273=DIRECTION('',(1.E0,0.E0,0.E0));
#5274=VECTOR('',#5273,1.E-1);
#5275=CARTESIAN_POINT('',(1.17E0,-3.08E0,3.25E-1));
#5276=LINE('',#5275,#5274);
#5277=DIRECTION('',(1.E0,0.E0,0.E0));
#5278=VECTOR('',#5277,1.E-1);
#5279=CARTESIAN_POINT('',(1.17E0,-2.925E0,3.25E-1));
#5280=LINE('',#5279,#5278);
#5281=DIRECTION('',(-1.E0,0.E0,0.E0));
#5282=VECTOR('',#5281,1.E-1);
#5283=CARTESIAN_POINT('',(1.27E0,-2.805E0,2.75E-1));
#5284=LINE('',#5283,#5282);
#5285=DIRECTION('',(1.E0,0.E0,0.E0));
#5286=VECTOR('',#5285,1.E-1);
#5287=CARTESIAN_POINT('',(1.17E0,-2.902297297297E0,2.587837837838E-1));
#5288=LINE('',#5287,#5286);
#5289=DIRECTION('',(-7.071067811865E-1,0.E0,7.071067811866E-1));
#5290=VECTOR('',#5289,5.656854249492E-2);
#5291=CARTESIAN_POINT('',(1.27E0,-2.805E0,3.15E-1));
#5292=LINE('',#5291,#5290);
#5293=DIRECTION('',(0.E0,0.E0,-1.E0));
#5294=VECTOR('',#5293,8.E-2);
#5295=CARTESIAN_POINT('',(1.17E0,-2.805E0,3.55E-1));
#5296=LINE('',#5295,#5294);
#5297=DIRECTION('',(0.E0,-1.E0,0.E0));
#5298=VECTOR('',#5297,1.5E-1);
#5299=CARTESIAN_POINT('',(1.23E0,-2.655E0,3.55E-1));
#5300=LINE('',#5299,#5298);
#5301=DIRECTION('',(1.E0,0.E0,0.E0));
#5302=VECTOR('',#5301,6.E-2);
#5303=CARTESIAN_POINT('',(1.17E0,-2.655E0,3.55E-1));
#5304=LINE('',#5303,#5302);
#5305=DIRECTION('',(0.E0,0.E0,1.E0));
#5306=VECTOR('',#5305,8.E-2);
#5307=CARTESIAN_POINT('',(1.17E0,-2.655E0,2.75E-1));
#5308=LINE('',#5307,#5306);
#5309=DIRECTION('',(7.071067811865E-1,0.E0,-7.071067811865E-1));
#5310=VECTOR('',#5309,5.656854249492E-2);
#5311=CARTESIAN_POINT('',(1.23E0,-2.655E0,3.55E-1));
#5312=LINE('',#5311,#5310);
#5313=DIRECTION('',(1.E0,0.E0,0.E0));
#5314=VECTOR('',#5313,6.E-2);
#5315=CARTESIAN_POINT('',(1.17E0,-2.805E0,3.55E-1));
#5316=LINE('',#5315,#5314);
#5317=DIRECTION('',(0.E0,-1.E0,0.E0));
#5318=VECTOR('',#5317,1.5E-1);
#5319=CARTESIAN_POINT('',(1.17E0,-2.655E0,3.55E-1));
#5320=LINE('',#5319,#5318);
#5321=DIRECTION('',(-1.E0,0.E0,0.E0));
#5322=VECTOR('',#5321,1.E-1);
#5323=CARTESIAN_POINT('',(1.27E0,-2.557702702703E0,2.587837837838E-1));
#5324=LINE('',#5323,#5322);
#5325=DIRECTION('',(1.E0,0.E0,0.E0));
#5326=VECTOR('',#5325,1.E-1);
#5327=CARTESIAN_POINT('',(1.17E0,-2.655E0,2.75E-1));
#5328=LINE('',#5327,#5326);
#5329=DIRECTION('',(1.E0,0.E0,0.E0));
#5330=VECTOR('',#5329,1.E-1);
#5331=CARTESIAN_POINT('',(1.17E0,-2.535E0,3.25E-1));
#5332=LINE('',#5331,#5330);
#5333=DIRECTION('',(0.E0,-1.E0,0.E0));
#5334=VECTOR('',#5333,1.55E-1);
#5335=CARTESIAN_POINT('',(1.17E0,-2.38E0,3.25E-1));
#5336=LINE('',#5335,#5334);
#5337=DIRECTION('',(6.931032800837E-1,-1.980295085953E-1,6.931032800837E-1));
#5338=VECTOR('',#5337,2.885572839532E-1);
#5339=CARTESIAN_POINT('',(7.35E-1,-2.282857142857E0,6.35E-1));
#5340=LINE('',#5339,#5338);
#5341=DIRECTION('',(1.E0,0.E0,0.E0));
#5342=VECTOR('',#5341,2.35E-1);
#5343=CARTESIAN_POINT('',(9.35E-1,-2.34E0,8.35E-1));
#5344=LINE('',#5343,#5342);
#5345=DIRECTION('',(0.E0,1.E0,0.E0));
#5346=VECTOR('',#5345,7.9E-1);
#5347=CARTESIAN_POINT('',(9.35E-1,-3.13E0,8.35E-1));
#5348=LINE('',#5347,#5346);
#5349=DIRECTION('',(0.E0,-1.E0,0.E0));
#5350=VECTOR('',#5349,6.471428571429E-1);
#5351=CARTESIAN_POINT('',(7.35E-1,-2.282857142857E0,6.35E-1));
#5352=LINE('',#5351,#5350);
#5353=DIRECTION('',(-1.E0,0.E0,0.E0));
#5354=VECTOR('',#5353,1.47E0);
#5355=CARTESIAN_POINT('',(7.35E-1,-2.93E0,-5.05E-1));
#5356=LINE('',#5355,#5354);
#5357=DIRECTION('',(0.E0,0.E0,-1.E0));
#5358=VECTOR('',#5357,1.45E0);
#5359=CARTESIAN_POINT('',(-3.5E-1,3.405E0,6.65E-1));
#5360=LINE('',#5359,#5358);
#5361=DIRECTION('',(2.821663239916E-1,0.E0,-9.593655015713E-1));
#5362=VECTOR('',#5361,1.772004514667E-1);
#5363=CARTESIAN_POINT('',(-4.E-1,3.405E0,8.35E-1));
#5364=LINE('',#5363,#5362);
#5365=DIRECTION('',(1.E0,0.E0,0.E0));
#5366=VECTOR('',#5365,7.7E-1);
#5367=CARTESIAN_POINT('',(-1.17E0,3.405E0,8.35E-1));
#5368=LINE('',#5367,#5366);
#5369=DIRECTION('',(1.E0,0.E0,0.E0));
#5370=VECTOR('',#5369,3.8E-1);
#5371=CARTESIAN_POINT('',(-1.55E0,3.405E0,2.75E-1));
#5372=LINE('',#5371,#5370);
#5373=DIRECTION('',(0.E0,0.E0,1.E0));
#5374=VECTOR('',#5373,8.700000000001E-1);
#5375=CARTESIAN_POINT('',(-1.55E0,3.405E0,-5.950000000001E-1));
#5376=LINE('',#5375,#5374);
#5377=DIRECTION('',(-7.071067811866E-1,0.E0,7.071067811865E-1));
#5378=VECTOR('',#5377,2.687005768509E-1);
#5379=CARTESIAN_POINT('',(-8.4E-1,3.405E0,-7.85E-1));
#5380=LINE('',#5379,#5378);
#5381=DIRECTION('',(-1.E0,0.E0,0.E0));
#5382=VECTOR('',#5381,4.9E-1);
#5383=CARTESIAN_POINT('',(-3.5E-1,3.405E0,-7.85E-1));
#5384=LINE('',#5383,#5382);
#5385=DIRECTION('',(0.E0,1.E0,0.E0));
#5386=VECTOR('',#5385,4.25E-1);
#5387=CARTESIAN_POINT('',(-1.55E0,2.98E0,2.75E-1));
#5388=LINE('',#5387,#5386);
#5389=DIRECTION('',(0.E0,1.E0,0.E0));
#5390=VECTOR('',#5389,4.25E-1);
#5391=CARTESIAN_POINT('',(-1.55E0,2.98E0,-5.950000000001E-1));
#5392=LINE('',#5391,#5390);
#5393=DIRECTION('',(-1.E0,0.E0,-7.654695590837E-14));
#5394=VECTOR('',#5393,3.8E-1);
#5395=CARTESIAN_POINT('',(-1.17E0,2.98E0,-5.95E-1));
#5396=LINE('',#5395,#5394);
#5397=DIRECTION('',(-2.906765737196E-13,1.E0,-5.571300996292E-13));
#5398=VECTOR('',#5397,1.375000000002E-2);
#5399=CARTESIAN_POINT('',(-1.17E0,2.96625E0,-5.95E-1));
#5400=LINE('',#5399,#5398);
#5401=DIRECTION('',(0.E0,1.E0,0.E0));
#5402=VECTOR('',#5401,4.725E-1);
#5403=CARTESIAN_POINT('',(-1.17E0,2.49375E0,-5.95E-1));
#5404=LINE('',#5403,#5402);
#5405=DIRECTION('',(2.906765737196E-13,1.E0,5.571300996292E-13));
#5406=VECTOR('',#5405,1.375000000002E-2);
#5407=CARTESIAN_POINT('',(-1.17E0,2.48E0,-5.95E-1));
#5408=LINE('',#5407,#5406);
#5409=DIRECTION('',(1.E0,0.E0,7.654695590837E-14));
#5410=VECTOR('',#5409,3.8E-1);
#5411=CARTESIAN_POINT('',(-1.55E0,2.48E0,-5.950000000001E-1));
#5412=LINE('',#5411,#5410);
#5413=DIRECTION('',(0.E0,1.E0,0.E0));
#5414=VECTOR('',#5413,4.8E-1);
#5415=CARTESIAN_POINT('',(-1.55E0,2.E0,-5.950000000001E-1));
#5416=LINE('',#5415,#5414);
#5417=DIRECTION('',(1.E0,0.E0,7.558056744564E-14));
#5418=VECTOR('',#5417,5.2E-1);
#5419=CARTESIAN_POINT('',(-1.55E0,3.405E0,-5.950000000001E-1));
#5420=LINE('',#5419,#5418);
#5421=DIRECTION('',(-1.463475805185E-13,0.E0,-1.E0));
#5422=VECTOR('',#5421,2.275862068970E-2);
#5423=CARTESIAN_POINT('',(-1.17E0,2.98E0,-5.722413793103E-1));
#5424=LINE('',#5423,#5422);
#5425=DIRECTION('',(-2.505223373840E-14,5.171156399256E-1,8.559155419458E-1));
#5426=VECTOR('',#5425,2.658979721054E-2);
#5427=CARTESIAN_POINT('',(-1.17E0,2.96625E0,-5.95E-1));
#5428=LINE('',#5427,#5426);
#5429=DIRECTION('',(-3.484276186612E-14,5.171156399256E-1,8.559155419458E-1));
#5430=VECTOR('',#5429,7.010037446401E-2);
#5431=CARTESIAN_POINT('',(-1.17E0,2.93E0,-6.55E-1));
#5432=LINE('',#5431,#5430);
#5433=DIRECTION('',(3.484276186612E-14,5.171156399256E-1,-8.559155419458E-1));
#5434=VECTOR('',#5433,7.010037446401E-2);
#5435=CARTESIAN_POINT('',(-1.17E0,2.49375E0,-5.95E-1));
#5436=LINE('',#5435,#5434);
#5437=DIRECTION('',(0.E0,0.E0,-1.E0));
#5438=VECTOR('',#5437,3.E-2);
#5439=CARTESIAN_POINT('',(-1.17E0,2.93E0,-6.55E-1));
#5440=LINE('',#5439,#5438);
#5441=CARTESIAN_POINT('',(-1.32E0,2.93E0,-6.85E-1));
#5442=DIRECTION('',(0.E0,-1.E0,0.E0));
#5443=DIRECTION('',(0.E0,0.E0,-1.E0));
#5444=AXIS2_PLACEMENT_3D('',#5441,#5442,#5443);
#5446=DIRECTION('',(0.E0,0.E0,1.E0));
#5447=VECTOR('',#5446,1.E-1);
#5448=CARTESIAN_POINT('',(-1.51E0,2.93E0,-8.35E-1));
#5449=LINE('',#5448,#5447);
#5450=DIRECTION('',(-1.E0,1.869849304632E-14,0.E0));
#5451=VECTOR('',#5450,1.9E-1);
#5452=CARTESIAN_POINT('',(-1.32E0,2.93E0,-8.35E-1));
#5453=LINE('',#5452,#5451);
#5454=CARTESIAN_POINT('',(-1.32E0,2.93E0,-6.85E-1));
#5455=DIRECTION('',(0.E0,1.E0,0.E0));
#5456=DIRECTION('',(1.E0,0.E0,1.184237892934E-14));
#5457=AXIS2_PLACEMENT_3D('',#5454,#5455,#5456);
#5459=DIRECTION('',(0.E0,1.E0,0.E0));
#5460=VECTOR('',#5459,4.E-1);
#5461=CARTESIAN_POINT('',(-1.27E0,2.53E0,-6.85E-1));
#5462=LINE('',#5461,#5460);
#5463=DIRECTION('',(0.E0,-1.E0,0.E0));
#5464=VECTOR('',#5463,4.E-1);
#5465=CARTESIAN_POINT('',(-1.32E0,2.93E0,-7.35E-1));
#5466=LINE('',#5465,#5464);
#5467=DIRECTION('',(0.E0,0.E0,-1.E0));
#5468=VECTOR('',#5467,1.E-1);
#5469=CARTESIAN_POINT('',(-1.51E0,2.53E0,-7.35E-1));
#5470=LINE('',#5469,#5468);
#5471=DIRECTION('',(-1.E0,0.E0,0.E0));
#5472=VECTOR('',#5471,1.9E-1);
#5473=CARTESIAN_POINT('',(-1.32E0,2.53E0,-7.35E-1));
#5474=LINE('',#5473,#5472);
#5475=CARTESIAN_POINT('',(-1.32E0,2.53E0,-6.85E-1));
#5476=DIRECTION('',(0.E0,1.E0,0.E0));
#5477=DIRECTION('',(1.E0,0.E0,0.E0));
#5478=AXIS2_PLACEMENT_3D('',#5475,#5476,#5477);
#5480=DIRECTION('',(-1.E0,0.E0,0.E0));
#5481=VECTOR('',#5480,1.E-1);
#5482=CARTESIAN_POINT('',(-1.17E0,2.53E0,-6.55E-1));
#5483=LINE('',#5482,#5481);
#5484=DIRECTION('',(0.E0,4.440892098501E-14,1.E0));
#5485=VECTOR('',#5484,3.E-2);
#5486=CARTESIAN_POINT('',(-1.17E0,2.53E0,-6.85E-1));
#5487=LINE('',#5486,#5485);
#5488=CARTESIAN_POINT('',(-1.32E0,2.53E0,-6.85E-1));
#5489=DIRECTION('',(0.E0,-1.E0,0.E0));
#5490=DIRECTION('',(0.E0,0.E0,-1.E0));
#5491=AXIS2_PLACEMENT_3D('',#5488,#5489,#5490);
#5493=DIRECTION('',(0.E0,1.E0,0.E0));
#5494=VECTOR('',#5493,4.E-1);
#5495=CARTESIAN_POINT('',(-1.51E0,2.53E0,-8.35E-1));
#5496=LINE('',#5495,#5494);
#5497=DIRECTION('',(-1.E0,0.E0,0.E0));
#5498=VECTOR('',#5497,1.9E-1);
#5499=CARTESIAN_POINT('',(-1.32E0,2.53E0,-8.35E-1));
#5500=LINE('',#5499,#5498);
#5501=DIRECTION('',(0.E0,-1.E0,0.E0));
#5502=VECTOR('',#5501,4.E-1);
#5503=CARTESIAN_POINT('',(-1.51E0,2.93E0,-7.35E-1));
#5504=LINE('',#5503,#5502);
#5505=DIRECTION('',(-1.E0,1.869849304632E-14,0.E0));
#5506=VECTOR('',#5505,1.9E-1);
#5507=CARTESIAN_POINT('',(-1.32E0,2.93E0,-7.35E-1));
#5508=LINE('',#5507,#5506);
#5509=DIRECTION('',(0.E0,-1.E0,0.E0));
#5510=VECTOR('',#5509,4.E-1);
#5511=CARTESIAN_POINT('',(-1.17E0,2.93E0,-6.85E-1));
#5512=LINE('',#5511,#5510);
#5513=DIRECTION('',(2.109423746788E-14,1.E0,0.E0));
#5514=VECTOR('',#5513,4.E-1);
#5515=CARTESIAN_POINT('',(-1.32E0,2.53E0,-8.35E-1));
#5516=LINE('',#5515,#5514);
#5517=DIRECTION('',(2.505223373840E-14,5.171156399256E-1,-8.559155419458E-1));
#5518=VECTOR('',#5517,2.658979721054E-2);
#5519=CARTESIAN_POINT('',(-1.17E0,2.48E0,-5.722413793103E-1));
#5520=LINE('',#5519,#5518);
#5521=DIRECTION('',(1.E0,0.E0,0.E0));
#5522=VECTOR('',#5521,2.8E-1);
#5523=CARTESIAN_POINT('',(-1.55E0,2.48E0,2.75E-1));
#5524=LINE('',#5523,#5522);
#5525=DIRECTION('',(-1.463475805185E-13,-1.951301073580E-14,-1.E0));
#5526=VECTOR('',#5525,2.275862068970E-2);
#5527=CARTESIAN_POINT('',(-1.17E0,2.48E0,-5.722413793103E-1));
#5528=LINE('',#5527,#5526);
#5529=DIRECTION('',(1.E0,0.E0,0.E0));
#5530=VECTOR('',#5529,1.E-1);
#5531=CARTESIAN_POINT('',(-1.27E0,2.48E0,-5.722413793103E-1));
#5532=LINE('',#5531,#5530);
#5533=DIRECTION('',(0.E0,0.E0,1.E0));
#5534=VECTOR('',#5533,8.700000000001E-1);
#5535=CARTESIAN_POINT('',(-1.55E0,-2.48E0,-5.950000000001E-1));
#5536=LINE('',#5535,#5534);
#5537=DIRECTION('',(0.E0,0.E0,-1.E0));
#5538=VECTOR('',#5537,6.000000000007E-2);
#5539=CARTESIAN_POINT('',(-1.55E0,-2.E0,-5.35E-1));
#5540=LINE('',#5539,#5538);
#5541=DIRECTION('',(0.E0,-1.E0,0.E0));
#5542=VECTOR('',#5541,4.E0);
#5543=CARTESIAN_POINT('',(-1.55E0,2.E0,-5.35E-1));
#5544=LINE('',#5543,#5542);
#5545=DIRECTION('',(0.E0,0.E0,1.E0));
#5546=VECTOR('',#5545,6.000000000007E-2);
#5547=CARTESIAN_POINT('',(-1.55E0,2.E0,-5.950000000001E-1));
#5548=LINE('',#5547,#5546);
#5549=DIRECTION('',(0.E0,0.E0,-1.E0));
#5550=VECTOR('',#5549,8.700000000001E-1);
#5551=CARTESIAN_POINT('',(-1.55E0,2.48E0,2.75E-1));
#5552=LINE('',#5551,#5550);
#5553=DIRECTION('',(0.E0,1.E0,0.E0));
#5554=VECTOR('',#5553,4.96E0);
#5555=CARTESIAN_POINT('',(-1.55E0,-2.48E0,2.75E-1));
#5556=LINE('',#5555,#5554);
#5557=DIRECTION('',(-1.E0,0.E0,0.E0));
#5558=VECTOR('',#5557,2.8E-1);
#5559=CARTESIAN_POINT('',(-1.27E0,-2.48E0,2.75E-1));
#5560=LINE('',#5559,#5558);
#5561=DIRECTION('',(-1.E0,0.E0,0.E0));
#5562=VECTOR('',#5561,1.E-1);
#5563=CARTESIAN_POINT('',(-1.17E0,-2.48E0,-5.722413793103E-1));
#5564=LINE('',#5563,#5562);
#5565=DIRECTION('',(1.463475805185E-13,-1.951301073580E-14,1.E0));
#5566=VECTOR('',#5565,2.275862068970E-2);
#5567=CARTESIAN_POINT('',(-1.17E0,-2.48E0,-5.95E-1));
#5568=LINE('',#5567,#5566);
#5569=DIRECTION('',(-2.505223373840E-14,5.171156399256E-1,8.559155419458E-1));
#5570=VECTOR('',#5569,2.658979721054E-2);
#5571=CARTESIAN_POINT('',(-1.17E0,-2.49375E0,-5.95E-1));
#5572=LINE('',#5571,#5570);
#5573=CARTESIAN_POINT('',(-1.32E0,-2.53E0,-6.85E-1));
#5574=DIRECTION('',(0.E0,1.E0,0.E0));
#5575=DIRECTION('',(1.E0,0.E0,0.E0));
#5576=AXIS2_PLACEMENT_3D('',#5573,#5574,#5575);
#5578=DIRECTION('',(0.E0,4.440892098501E-14,-1.E0));
#5579=VECTOR('',#5578,3.E-2);
#5580=CARTESIAN_POINT('',(-1.17E0,-2.53E0,-6.55E-1));
#5581=LINE('',#5580,#5579);
#5582=DIRECTION('',(1.E0,0.E0,0.E0));
#5583=VECTOR('',#5582,1.E-1);
#5584=CARTESIAN_POINT('',(-1.27E0,-2.53E0,-6.55E-1));
#5585=LINE('',#5584,#5583);
#5586=CARTESIAN_POINT('',(-1.32E0,-2.53E0,-6.85E-1));
#5587=DIRECTION('',(0.E0,-1.E0,0.E0));
#5588=DIRECTION('',(1.332267629550E-14,0.E0,-1.E0));
#5589=AXIS2_PLACEMENT_3D('',#5586,#5587,#5588);
#5591=DIRECTION('',(1.E0,0.E0,0.E0));
#5592=VECTOR('',#5591,1.9E-1);
#5593=CARTESIAN_POINT('',(-1.51E0,-2.53E0,-7.35E-1));
#5594=LINE('',#5593,#5592);
#5595=DIRECTION('',(0.E0,0.E0,1.E0));
#5596=VECTOR('',#5595,1.E-1);
#5597=CARTESIAN_POINT('',(-1.51E0,-2.53E0,-8.35E-1));
#5598=LINE('',#5597,#5596);
#5599=DIRECTION('',(1.E0,0.E0,0.E0));
#5600=VECTOR('',#5599,1.9E-1);
#5601=CARTESIAN_POINT('',(-1.51E0,-2.53E0,-8.35E-1));
#5602=LINE('',#5601,#5600);
#5603=DIRECTION('',(0.E0,1.E0,0.E0));
#5604=VECTOR('',#5603,4.E-1);
#5605=CARTESIAN_POINT('',(-1.51E0,-2.93E0,-8.35E-1));
#5606=LINE('',#5605,#5604);
#5607=DIRECTION('',(0.E0,0.E0,1.E0));
#5608=VECTOR('',#5607,3.E-2);
#5609=CARTESIAN_POINT('',(-1.17E0,-2.93E0,-6.85E-1));
#5610=LINE('',#5609,#5608);
#5611=CARTESIAN_POINT('',(-1.32E0,-2.93E0,-6.85E-1));
#5612=DIRECTION('',(0.E0,-1.E0,0.E0));
#5613=DIRECTION('',(1.717144944754E-13,0.E0,-1.E0));
#5614=AXIS2_PLACEMENT_3D('',#5611,#5612,#5613);
#5616=DIRECTION('',(1.E0,1.869849304632E-14,0.E0));
#5617=VECTOR('',#5616,1.9E-1);
#5618=CARTESIAN_POINT('',(-1.51E0,-2.93E0,-8.35E-1));
#5619=LINE('',#5618,#5617);
#5620=DIRECTION('',(0.E0,0.E0,-1.E0));
#5621=VECTOR('',#5620,1.E-1);
#5622=CARTESIAN_POINT('',(-1.51E0,-2.93E0,-7.35E-1));
#5623=LINE('',#5622,#5621);
#5624=CARTESIAN_POINT('',(-1.32E0,-2.93E0,-6.85E-1));
#5625=DIRECTION('',(0.E0,1.E0,0.E0));
#5626=DIRECTION('',(1.E0,0.E0,0.E0));
#5627=AXIS2_PLACEMENT_3D('',#5624,#5625,#5626);
#5629=DIRECTION('',(3.484276186612E-14,5.171156399256E-1,-8.559155419458E-1));
#5630=VECTOR('',#5629,7.010037446401E-2);
#5631=CARTESIAN_POINT('',(-1.17E0,-2.96625E0,-5.95E-1));
#5632=LINE('',#5631,#5630);
#5633=DIRECTION('',(-3.484276186612E-14,5.171156399256E-1,8.559155419458E-1));
#5634=VECTOR('',#5633,7.010037446401E-2);
#5635=CARTESIAN_POINT('',(-1.17E0,-2.53E0,-6.55E-1));
#5636=LINE('',#5635,#5634);
#5637=DIRECTION('',(-2.109423746788E-14,1.E0,0.E0));
#5638=VECTOR('',#5637,4.E-1);
#5639=CARTESIAN_POINT('',(-1.32E0,-2.93E0,-8.35E-1));
#5640=LINE('',#5639,#5638);
#5641=DIRECTION('',(0.E0,-1.E0,0.E0));
#5642=VECTOR('',#5641,4.E-1);
#5643=CARTESIAN_POINT('',(-1.17E0,-2.53E0,-6.85E-1));
#5644=LINE('',#5643,#5642);
#5645=DIRECTION('',(1.E0,1.869849304632E-14,0.E0));
#5646=VECTOR('',#5645,1.9E-1);
#5647=CARTESIAN_POINT('',(-1.51E0,-2.93E0,-7.35E-1));
#5648=LINE('',#5647,#5646);
#5649=DIRECTION('',(0.E0,-1.E0,0.E0));
#5650=VECTOR('',#5649,4.E-1);
#5651=CARTESIAN_POINT('',(-1.51E0,-2.53E0,-7.35E-1));
#5652=LINE('',#5651,#5650);
#5653=DIRECTION('',(0.E0,-1.E0,0.E0));
#5654=VECTOR('',#5653,4.E-1);
#5655=CARTESIAN_POINT('',(-1.32E0,-2.53E0,-7.35E-1));
#5656=LINE('',#5655,#5654);
#5657=DIRECTION('',(0.E0,1.E0,0.E0));
#5658=VECTOR('',#5657,4.E-1);
#5659=CARTESIAN_POINT('',(-1.27E0,-2.93E0,-6.85E-1));
#5660=LINE('',#5659,#5658);
#5661=DIRECTION('',(1.E0,0.E0,0.E0));
#5662=VECTOR('',#5661,5.1E-1);
#5663=CARTESIAN_POINT('',(-1.55E0,-2.E0,-5.35E-1));
#5664=LINE('',#5663,#5662);
#5665=DIRECTION('',(-1.E0,0.E0,-7.558056744564E-14));
#5666=VECTOR('',#5665,5.2E-1);
#5667=CARTESIAN_POINT('',(-1.03E0,-2.E0,-5.95E-1));
#5668=LINE('',#5667,#5666);
#5669=DIRECTION('',(-7.071067811866E-1,0.E0,7.071067811865E-1));
#5670=VECTOR('',#5669,2.687005768509E-1);
#5671=CARTESIAN_POINT('',(-8.4E-1,-2.E0,-7.85E-1));
#5672=LINE('',#5671,#5670);
#5673=DIRECTION('',(7.071067811865E-1,0.E0,-7.071067811865E-1));
#5674=VECTOR('',#5673,2.969848480984E-1);
#5675=CARTESIAN_POINT('',(-1.04E0,-2.E0,-5.75E-1));
#5676=LINE('',#5675,#5674);
#5677=DIRECTION('',(0.E0,0.E0,-1.E0));
#5678=VECTOR('',#5677,4.E-2);
#5679=CARTESIAN_POINT('',(-1.04E0,-2.E0,-5.35E-1));
#5680=LINE('',#5679,#5678);
#5681=DIRECTION('',(0.E0,1.E0,0.E0));
#5682=VECTOR('',#5681,1.5E-1);
#5683=CARTESIAN_POINT('',(-1.1375E0,1.325E0,-5.35E-1));
#5684=LINE('',#5683,#5682);
#5685=DIRECTION('',(1.E0,0.E0,0.E0));
#5686=VECTOR('',#5685,1.5E-1);
#5687=CARTESIAN_POINT('',(-1.2875E0,1.325E0,-5.35E-1));
#5688=LINE('',#5687,#5686);
#5689=DIRECTION('',(0.E0,1.E0,0.E0));
#5690=VECTOR('',#5689,1.5E-1);
#5691=CARTESIAN_POINT('',(-1.1375E0,-2.75E-1,-5.35E-1));
#5692=LINE('',#5691,#5690);
#5693=DIRECTION('',(1.E0,0.E0,0.E0));
#5694=VECTOR('',#5693,1.5E-1);
#5695=CARTESIAN_POINT('',(-1.2875E0,-2.75E-1,-5.35E-1));
#5696=LINE('',#5695,#5694);
#5697=DIRECTION('',(0.E0,1.E0,0.E0));
#5698=VECTOR('',#5697,1.5E-1);
#5699=CARTESIAN_POINT('',(-1.1375E0,1.25E-1,-5.35E-1));
#5700=LINE('',#5699,#5698);
#5701=DIRECTION('',(1.E0,0.E0,0.E0));
#5702=VECTOR('',#5701,1.5E-1);
#5703=CARTESIAN_POINT('',(-1.2875E0,1.25E-1,-5.35E-1));
#5704=LINE('',#5703,#5702);
#5705=DIRECTION('',(0.E0,1.E0,0.E0));
#5706=VECTOR('',#5705,1.5E-1);
#5707=CARTESIAN_POINT('',(-1.1375E0,-1.475E0,-5.35E-1));
#5708=LINE('',#5707,#5706);
#5709=DIRECTION('',(1.E0,0.E0,0.E0));
#5710=VECTOR('',#5709,1.5E-1);
#5711=CARTESIAN_POINT('',(-1.2875E0,-1.475E0,-5.35E-1));
#5712=LINE('',#5711,#5710);
#5713=DIRECTION('',(0.E0,1.E0,0.E0));
#5714=VECTOR('',#5713,1.5E-1);
#5715=CARTESIAN_POINT('',(-1.1375E0,-1.075E0,-5.35E-1));
#5716=LINE('',#5715,#5714);
#5717=DIRECTION('',(1.E0,0.E0,0.E0));
#5718=VECTOR('',#5717,1.5E-1);
#5719=CARTESIAN_POINT('',(-1.2875E0,-1.075E0,-5.35E-1));
#5720=LINE('',#5719,#5718);
#5721=DIRECTION('',(0.E0,1.E0,0.E0));
#5722=VECTOR('',#5721,1.5E-1);
#5723=CARTESIAN_POINT('',(-1.1375E0,-6.75E-1,-5.35E-1));
#5724=LINE('',#5723,#5722);
#5725=DIRECTION('',(1.E0,0.E0,0.E0));
#5726=VECTOR('',#5725,1.5E-1);
#5727=CARTESIAN_POINT('',(-1.2875E0,-6.75E-1,-5.35E-1));
#5728=LINE('',#5727,#5726);
#5729=DIRECTION('',(0.E0,1.E0,0.E0));
#5730=VECTOR('',#5729,1.5E-1);
#5731=CARTESIAN_POINT('',(-1.1375E0,5.25E-1,-5.35E-1));
#5732=LINE('',#5731,#5730);
#5733=DIRECTION('',(1.E0,0.E0,0.E0));
#5734=VECTOR('',#5733,1.5E-1);
#5735=CARTESIAN_POINT('',(-1.2875E0,5.25E-1,-5.35E-1));
#5736=LINE('',#5735,#5734);
#5737=DIRECTION('',(0.E0,1.E0,0.E0));
#5738=VECTOR('',#5737,1.5E-1);
#5739=CARTESIAN_POINT('',(-1.1375E0,9.25E-1,-5.35E-1));
#5740=LINE('',#5739,#5738);
#5741=DIRECTION('',(1.E0,0.E0,0.E0));
#5742=VECTOR('',#5741,1.5E-1);
#5743=CARTESIAN_POINT('',(-1.2875E0,9.25E-1,-5.35E-1));
#5744=LINE('',#5743,#5742);
#5745=DIRECTION('',(0.E0,1.E0,0.E0));
#5746=VECTOR('',#5745,1.5E-1);
#5747=CARTESIAN_POINT('',(-1.1375E0,1.725E0,-5.35E-1));
#5748=LINE('',#5747,#5746);
#5749=DIRECTION('',(1.E0,0.E0,0.E0));
#5750=VECTOR('',#5749,1.5E-1);
#5751=CARTESIAN_POINT('',(-1.2875E0,1.725E0,-5.35E-1));
#5752=LINE('',#5751,#5750);
#5753=DIRECTION('',(1.E0,0.E0,0.E0));
#5754=VECTOR('',#5753,5.1E-1);
#5755=CARTESIAN_POINT('',(-1.55E0,2.E0,-5.35E-1));
#5756=LINE('',#5755,#5754);
#5757=DIRECTION('',(0.E0,1.E0,0.E0));
#5758=VECTOR('',#5757,1.5E-1);
#5759=CARTESIAN_POINT('',(-1.1375E0,-1.875E0,-5.35E-1));
#5760=LINE('',#5759,#5758);
#5761=DIRECTION('',(1.E0,0.E0,0.E0));
#5762=VECTOR('',#5761,1.5E-1);
#5763=CARTESIAN_POINT('',(-1.2875E0,-1.875E0,-5.35E-1));
#5764=LINE('',#5763,#5762);
#5765=DIRECTION('',(1.E0,0.E0,0.E0));
#5766=VECTOR('',#5765,1.5E-1);
#5767=CARTESIAN_POINT('',(-1.2875E0,1.475E0,-5.35E-1));
#5768=LINE('',#5767,#5766);
#5769=DIRECTION('',(0.E0,0.E0,1.E0));
#5770=VECTOR('',#5769,1.E-1);
#5771=CARTESIAN_POINT('',(-1.2875E0,1.475E0,-6.35E-1));
#5772=LINE('',#5771,#5770);
#5773=CARTESIAN_POINT('',(-1.3375E0,1.475E0,-6.35E-1));
#5774=DIRECTION('',(0.E0,-1.E0,0.E0));
#5775=DIRECTION('',(0.E0,0.E0,-1.E0));
#5776=AXIS2_PLACEMENT_3D('',#5773,#5774,#5775);
#5778=DIRECTION('',(-7.071067811865E-1,0.E0,-7.071067811865E-1));
#5779=VECTOR('',#5778,7.071067811865E-2);
#5780=CARTESIAN_POINT('',(-1.04E0,1.475E0,-7.85E-1));
#5781=LINE('',#5780,#5779);
#5782=CARTESIAN_POINT('',(-1.0875E0,1.475E0,-6.35E-1));
#5783=DIRECTION('',(0.E0,-1.E0,0.E0));
#5784=DIRECTION('',(-1.E0,0.E0,-1.598721155460E-13));
#5785=AXIS2_PLACEMENT_3D('',#5782,#5783,#5784);
#5787=DIRECTION('',(-1.332267629550E-14,0.E0,-1.E0));
#5788=VECTOR('',#5787,1.E-1);
#5789=CARTESIAN_POINT('',(-1.1375E0,1.475E0,-5.35E-1));
#5790=LINE('',#5789,#5788);
#5791=DIRECTION('',(0.E0,1.E0,0.E0));
#5792=VECTOR('',#5791,1.5E-1);
#5793=CARTESIAN_POINT('',(-1.2875E0,1.325E0,-5.35E-1));
#5794=LINE('',#5793,#5792);
#5795=DIRECTION('',(0.E0,0.E0,1.E0));
#5796=VECTOR('',#5795,1.E-1);
#5797=CARTESIAN_POINT('',(-1.2875E0,1.325E0,-6.35E-1));
#5798=LINE('',#5797,#5796);
#5799=CARTESIAN_POINT('',(-1.0875E0,1.325E0,-6.35E-1));
#5800=DIRECTION('',(0.E0,1.E0,0.E0));
#5801=DIRECTION('',(0.E0,0.E0,-1.E0));
#5802=AXIS2_PLACEMENT_3D('',#5799,#5800,#5801);
#5804=DIRECTION('',(-1.E0,0.E0,0.E0));
#5805=VECTOR('',#5804,4.75E-2);
#5806=CARTESIAN_POINT('',(-1.04E0,1.325E0,-6.85E-1));
#5807=LINE('',#5806,#5805);
#5808=DIRECTION('',(0.E0,0.E0,1.E0));
#5809=VECTOR('',#5808,1.E-1);
#5810=CARTESIAN_POINT('',(-1.04E0,1.325E0,-7.85E-1));
#5811=LINE('',#5810,#5809);
#5812=DIRECTION('',(7.071067811865E-1,0.E0,7.071067811865E-1));
#5813=VECTOR('',#5812,7.071067811865E-2);
#5814=CARTESIAN_POINT('',(-1.09E0,1.325E0,-8.35E-1));
#5815=LINE('',#5814,#5813);
#5816=DIRECTION('',(1.E0,0.E0,0.E0));
#5817=VECTOR('',#5816,5.1E-1);
#5818=CARTESIAN_POINT('',(-1.6E0,1.325E0,-8.35E-1));
#5819=LINE('',#5818,#5817);
#5820=DIRECTION('',(0.E0,0.E0,-1.E0));
#5821=VECTOR('',#5820,1.5E-1);
#5822=CARTESIAN_POINT('',(-1.6E0,1.325E0,-6.85E-1));
#5823=LINE('',#5822,#5821);
#5824=DIRECTION('',(-1.E0,0.E0,0.E0));
#5825=VECTOR('',#5824,2.625E-1);
#5826=CARTESIAN_POINT('',(-1.3375E0,1.325E0,-6.85E-1));
#5827=LINE('',#5826,#5825);
#5828=CARTESIAN_POINT('',(-1.3375E0,1.325E0,-6.35E-1));
#5829=DIRECTION('',(0.E0,1.E0,0.E0));
#5830=DIRECTION('',(1.E0,0.E0,-2.664535259100E-14));
#5831=AXIS2_PLACEMENT_3D('',#5828,#5829,#5830);
#5833=DIRECTION('',(-1.332267629550E-14,0.E0,-1.E0));
#5834=VECTOR('',#5833,1.E-1);
#5835=CARTESIAN_POINT('',(-1.1375E0,1.325E0,-5.35E-1));
#5836=LINE('',#5835,#5834);
#5837=DIRECTION('',(0.E0,1.E0,0.E0));
#5838=VECTOR('',#5837,1.5E-1);
#5839=CARTESIAN_POINT('',(-1.0875E0,1.325E0,-6.85E-1));
#5840=LINE('',#5839,#5838);
#5841=DIRECTION('',(0.E0,-1.E0,0.E0));
#5842=VECTOR('',#5841,1.5E-1);
#5843=CARTESIAN_POINT('',(-1.1375E0,1.475E0,-6.35E-1));
#5844=LINE('',#5843,#5842);
#5845=DIRECTION('',(-1.E0,0.E0,0.E0));
#5846=VECTOR('',#5845,4.75E-2);
#5847=CARTESIAN_POINT('',(-1.04E0,1.475E0,-6.85E-1));
#5848=LINE('',#5847,#5846);
#5849=DIRECTION('',(0.E0,1.E0,0.E0));
#5850=VECTOR('',#5849,1.5E-1);
#5851=CARTESIAN_POINT('',(-1.04E0,1.325E0,-6.85E-1));
#5852=LINE('',#5851,#5850);
#5853=DIRECTION('',(0.E0,0.E0,1.E0));
#5854=VECTOR('',#5853,1.E-1);
#5855=CARTESIAN_POINT('',(-1.04E0,1.475E0,-7.85E-1));
#5856=LINE('',#5855,#5854);
#5857=DIRECTION('',(0.E0,-1.E0,0.E0));
#5858=VECTOR('',#5857,1.5E-1);
#5859=CARTESIAN_POINT('',(-1.04E0,1.475E0,-7.85E-1));
#5860=LINE('',#5859,#5858);
#5861=DIRECTION('',(0.E0,1.E0,0.E0));
#5862=VECTOR('',#5861,1.5E-1);
#5863=CARTESIAN_POINT('',(-1.09E0,1.325E0,-8.35E-1));
#5864=LINE('',#5863,#5862);
#5865=DIRECTION('',(1.E0,0.E0,0.E0));
#5866=VECTOR('',#5865,5.1E-1);
#5867=CARTESIAN_POINT('',(-1.6E0,1.475E0,-8.35E-1));
#5868=LINE('',#5867,#5866);
#5869=DIRECTION('',(0.E0,1.E0,0.E0));
#5870=VECTOR('',#5869,1.5E-1);
#5871=CARTESIAN_POINT('',(-1.6E0,1.325E0,-8.35E-1));
#5872=LINE('',#5871,#5870);
#5873=DIRECTION('',(0.E0,0.E0,-1.E0));
#5874=VECTOR('',#5873,1.5E-1);
#5875=CARTESIAN_POINT('',(-1.6E0,1.475E0,-6.85E-1));
#5876=LINE('',#5875,#5874);
#5877=DIRECTION('',(0.E0,1.E0,0.E0));
#5878=VECTOR('',#5877,1.5E-1);
#5879=CARTESIAN_POINT('',(-1.6E0,1.325E0,-6.85E-1));
#5880=LINE('',#5879,#5878);
#5881=DIRECTION('',(-1.E0,0.E0,0.E0));
#5882=VECTOR('',#5881,2.625E-1);
#5883=CARTESIAN_POINT('',(-1.3375E0,1.475E0,-6.85E-1));
#5884=LINE('',#5883,#5882);
#5885=DIRECTION('',(0.E0,1.E0,0.E0));
#5886=VECTOR('',#5885,1.5E-1);
#5887=CARTESIAN_POINT('',(-1.2875E0,1.325E0,-6.35E-1));
#5888=LINE('',#5887,#5886);
#5889=DIRECTION('',(0.E0,-1.E0,0.E0));
#5890=VECTOR('',#5889,1.5E-1);
#5891=CARTESIAN_POINT('',(-1.3375E0,1.475E0,-6.85E-1));
#5892=LINE('',#5891,#5890);
#5893=DIRECTION('',(1.E0,0.E0,0.E0));
#5894=VECTOR('',#5893,1.5E-1);
#5895=CARTESIAN_POINT('',(-1.2875E0,-1.25E-1,-5.35E-1));
#5896=LINE('',#5895,#5894);
#5897=DIRECTION('',(0.E0,0.E0,1.E0));
#5898=VECTOR('',#5897,1.E-1);
#5899=CARTESIAN_POINT('',(-1.2875E0,-1.25E-1,-6.35E-1));
#5900=LINE('',#5899,#5898);
#5901=CARTESIAN_POINT('',(-1.3375E0,-1.25E-1,-6.35E-1));
#5902=DIRECTION('',(0.E0,-1.E0,0.E0));
#5903=DIRECTION('',(0.E0,0.E0,-1.E0));
#5904=AXIS2_PLACEMENT_3D('',#5901,#5902,#5903);
#5906=DIRECTION('',(-7.071067811865E-1,0.E0,-7.071067811865E-1));
#5907=VECTOR('',#5906,7.071067811865E-2);
#5908=CARTESIAN_POINT('',(-1.04E0,-1.25E-1,-7.85E-1));
#5909=LINE('',#5908,#5907);
#5910=CARTESIAN_POINT('',(-1.0875E0,-1.25E-1,-6.35E-1));
#5911=DIRECTION('',(0.E0,-1.E0,0.E0));
#5912=DIRECTION('',(-1.E0,0.E0,-1.598721155460E-13));
#5913=AXIS2_PLACEMENT_3D('',#5910,#5911,#5912);
#5915=DIRECTION('',(-1.332267629550E-14,0.E0,-1.E0));
#5916=VECTOR('',#5915,1.E-1);
#5917=CARTESIAN_POINT('',(-1.1375E0,-1.25E-1,-5.35E-1));
#5918=LINE('',#5917,#5916);
#5919=DIRECTION('',(0.E0,1.E0,0.E0));
#5920=VECTOR('',#5919,1.5E-1);
#5921=CARTESIAN_POINT('',(-1.2875E0,-2.75E-1,-5.35E-1));
#5922=LINE('',#5921,#5920);
#5923=DIRECTION('',(0.E0,0.E0,1.E0));
#5924=VECTOR('',#5923,1.E-1);
#5925=CARTESIAN_POINT('',(-1.2875E0,-2.75E-1,-6.35E-1));
#5926=LINE('',#5925,#5924);
#5927=CARTESIAN_POINT('',(-1.0875E0,-2.75E-1,-6.35E-1));
#5928=DIRECTION('',(0.E0,1.E0,0.E0));
#5929=DIRECTION('',(0.E0,0.E0,-1.E0));
#5930=AXIS2_PLACEMENT_3D('',#5927,#5928,#5929);
#5932=DIRECTION('',(-1.E0,0.E0,0.E0));
#5933=VECTOR('',#5932,4.75E-2);
#5934=CARTESIAN_POINT('',(-1.04E0,-2.75E-1,-6.85E-1));
#5935=LINE('',#5934,#5933);
#5936=DIRECTION('',(0.E0,0.E0,1.E0));
#5937=VECTOR('',#5936,1.E-1);
#5938=CARTESIAN_POINT('',(-1.04E0,-2.75E-1,-7.85E-1));
#5939=LINE('',#5938,#5937);
#5940=DIRECTION('',(7.071067811865E-1,0.E0,7.071067811865E-1));
#5941=VECTOR('',#5940,7.071067811865E-2);
#5942=CARTESIAN_POINT('',(-1.09E0,-2.75E-1,-8.35E-1));
#5943=LINE('',#5942,#5941);
#5944=DIRECTION('',(1.E0,0.E0,0.E0));
#5945=VECTOR('',#5944,5.1E-1);
#5946=CARTESIAN_POINT('',(-1.6E0,-2.75E-1,-8.35E-1));
#5947=LINE('',#5946,#5945);
#5948=DIRECTION('',(0.E0,0.E0,-1.E0));
#5949=VECTOR('',#5948,1.5E-1);
#5950=CARTESIAN_POINT('',(-1.6E0,-2.75E-1,-6.85E-1));
#5951=LINE('',#5950,#5949);
#5952=DIRECTION('',(-1.E0,0.E0,0.E0));
#5953=VECTOR('',#5952,2.625E-1);
#5954=CARTESIAN_POINT('',(-1.3375E0,-2.75E-1,-6.85E-1));
#5955=LINE('',#5954,#5953);
#5956=CARTESIAN_POINT('',(-1.3375E0,-2.75E-1,-6.35E-1));
#5957=DIRECTION('',(0.E0,1.E0,0.E0));
#5958=DIRECTION('',(1.E0,0.E0,-2.664535259100E-14));
#5959=AXIS2_PLACEMENT_3D('',#5956,#5957,#5958);
#5961=DIRECTION('',(-1.332267629550E-14,0.E0,-1.E0));
#5962=VECTOR('',#5961,1.E-1);
#5963=CARTESIAN_POINT('',(-1.1375E0,-2.75E-1,-5.35E-1));
#5964=LINE('',#5963,#5962);
#5965=DIRECTION('',(0.E0,1.E0,0.E0));
#5966=VECTOR('',#5965,1.5E-1);
#5967=CARTESIAN_POINT('',(-1.0875E0,-2.75E-1,-6.85E-1));
#5968=LINE('',#5967,#5966);
#5969=DIRECTION('',(0.E0,-1.E0,0.E0));
#5970=VECTOR('',#5969,1.5E-1);
#5971=CARTESIAN_POINT('',(-1.1375E0,-1.25E-1,-6.35E-1));
#5972=LINE('',#5971,#5970);
#5973=DIRECTION('',(-1.E0,0.E0,0.E0));
#5974=VECTOR('',#5973,4.75E-2);
#5975=CARTESIAN_POINT('',(-1.04E0,-1.25E-1,-6.85E-1));
#5976=LINE('',#5975,#5974);
#5977=DIRECTION('',(0.E0,1.E0,0.E0));
#5978=VECTOR('',#5977,1.5E-1);
#5979=CARTESIAN_POINT('',(-1.04E0,-2.75E-1,-6.85E-1));
#5980=LINE('',#5979,#5978);
#5981=DIRECTION('',(0.E0,0.E0,1.E0));
#5982=VECTOR('',#5981,1.E-1);
#5983=CARTESIAN_POINT('',(-1.04E0,-1.25E-1,-7.85E-1));
#5984=LINE('',#5983,#5982);
#5985=DIRECTION('',(0.E0,-1.E0,0.E0));
#5986=VECTOR('',#5985,1.5E-1);
#5987=CARTESIAN_POINT('',(-1.04E0,-1.25E-1,-7.85E-1));
#5988=LINE('',#5987,#5986);
#5989=DIRECTION('',(0.E0,1.E0,0.E0));
#5990=VECTOR('',#5989,1.5E-1);
#5991=CARTESIAN_POINT('',(-1.09E0,-2.75E-1,-8.35E-1));
#5992=LINE('',#5991,#5990);
#5993=DIRECTION('',(1.E0,0.E0,0.E0));
#5994=VECTOR('',#5993,5.1E-1);
#5995=CARTESIAN_POINT('',(-1.6E0,-1.25E-1,-8.35E-1));
#5996=LINE('',#5995,#5994);
#5997=DIRECTION('',(0.E0,1.E0,0.E0));
#5998=VECTOR('',#5997,1.5E-1);
#5999=CARTESIAN_POINT('',(-1.6E0,-2.75E-1,-8.35E-1));
#6000=LINE('',#5999,#5998);
#6001=DIRECTION('',(0.E0,0.E0,-1.E0));
#6002=VECTOR('',#6001,1.5E-1);
#6003=CARTESIAN_POINT('',(-1.6E0,-1.25E-1,-6.85E-1));
#6004=LINE('',#6003,#6002);
#6005=DIRECTION('',(0.E0,1.E0,0.E0));
#6006=VECTOR('',#6005,1.5E-1);
#6007=CARTESIAN_POINT('',(-1.6E0,-2.75E-1,-6.85E-1));
#6008=LINE('',#6007,#6006);
#6009=DIRECTION('',(-1.E0,0.E0,0.E0));
#6010=VECTOR('',#6009,2.625E-1);
#6011=CARTESIAN_POINT('',(-1.3375E0,-1.25E-1,-6.85E-1));
#6012=LINE('',#6011,#6010);
#6013=DIRECTION('',(0.E0,1.E0,0.E0));
#6014=VECTOR('',#6013,1.5E-1);
#6015=CARTESIAN_POINT('',(-1.2875E0,-2.75E-1,-6.35E-1));
#6016=LINE('',#6015,#6014);
#6017=DIRECTION('',(0.E0,-1.E0,0.E0));
#6018=VECTOR('',#6017,1.5E-1);
#6019=CARTESIAN_POINT('',(-1.3375E0,-1.25E-1,-6.85E-1));
#6020=LINE('',#6019,#6018);
#6021=DIRECTION('',(1.E0,0.E0,0.E0));
#6022=VECTOR('',#6021,1.5E-1);
#6023=CARTESIAN_POINT('',(-1.2875E0,2.75E-1,-5.35E-1));
#6024=LINE('',#6023,#6022);
#6025=DIRECTION('',(0.E0,0.E0,1.E0));
#6026=VECTOR('',#6025,1.E-1);
#6027=CARTESIAN_POINT('',(-1.2875E0,2.75E-1,-6.35E-1));
#6028=LINE('',#6027,#6026);
#6029=CARTESIAN_POINT('',(-1.3375E0,2.75E-1,-6.35E-1));
#6030=DIRECTION('',(0.E0,-1.E0,0.E0));
#6031=DIRECTION('',(0.E0,0.E0,-1.E0));
#6032=AXIS2_PLACEMENT_3D('',#6029,#6030,#6031);
#6034=DIRECTION('',(-7.071067811865E-1,0.E0,-7.071067811865E-1));
#6035=VECTOR('',#6034,7.071067811865E-2);
#6036=CARTESIAN_POINT('',(-1.04E0,2.75E-1,-7.85E-1));
#6037=LINE('',#6036,#6035);
#6038=CARTESIAN_POINT('',(-1.0875E0,2.75E-1,-6.35E-1));
#6039=DIRECTION('',(0.E0,-1.E0,0.E0));
#6040=DIRECTION('',(-1.E0,0.E0,-1.598721155460E-13));
#6041=AXIS2_PLACEMENT_3D('',#6038,#6039,#6040);
#6043=DIRECTION('',(-1.332267629550E-14,0.E0,-1.E0));
#6044=VECTOR('',#6043,1.E-1);
#6045=CARTESIAN_POINT('',(-1.1375E0,2.75E-1,-5.35E-1));
#6046=LINE('',#6045,#6044);
#6047=DIRECTION('',(0.E0,1.E0,0.E0));
#6048=VECTOR('',#6047,1.5E-1);
#6049=CARTESIAN_POINT('',(-1.2875E0,1.25E-1,-5.35E-1));
#6050=LINE('',#6049,#6048);
#6051=DIRECTION('',(0.E0,0.E0,1.E0));
#6052=VECTOR('',#6051,1.E-1);
#6053=CARTESIAN_POINT('',(-1.2875E0,1.25E-1,-6.35E-1));
#6054=LINE('',#6053,#6052);
#6055=CARTESIAN_POINT('',(-1.0875E0,1.25E-1,-6.35E-1));
#6056=DIRECTION('',(0.E0,1.E0,0.E0));
#6057=DIRECTION('',(0.E0,0.E0,-1.E0));
#6058=AXIS2_PLACEMENT_3D('',#6055,#6056,#6057);
#6060=DIRECTION('',(-1.E0,0.E0,0.E0));
#6061=VECTOR('',#6060,4.75E-2);
#6062=CARTESIAN_POINT('',(-1.04E0,1.25E-1,-6.85E-1));
#6063=LINE('',#6062,#6061);
#6064=DIRECTION('',(0.E0,0.E0,1.E0));
#6065=VECTOR('',#6064,1.E-1);
#6066=CARTESIAN_POINT('',(-1.04E0,1.25E-1,-7.85E-1));
#6067=LINE('',#6066,#6065);
#6068=DIRECTION('',(7.071067811865E-1,0.E0,7.071067811865E-1));
#6069=VECTOR('',#6068,7.071067811865E-2);
#6070=CARTESIAN_POINT('',(-1.09E0,1.25E-1,-8.35E-1));
#6071=LINE('',#6070,#6069);
#6072=DIRECTION('',(1.E0,0.E0,0.E0));
#6073=VECTOR('',#6072,5.1E-1);
#6074=CARTESIAN_POINT('',(-1.6E0,1.25E-1,-8.35E-1));
#6075=LINE('',#6074,#6073);
#6076=DIRECTION('',(0.E0,0.E0,-1.E0));
#6077=VECTOR('',#6076,1.5E-1);
#6078=CARTESIAN_POINT('',(-1.6E0,1.25E-1,-6.85E-1));
#6079=LINE('',#6078,#6077);
#6080=DIRECTION('',(-1.E0,0.E0,0.E0));
#6081=VECTOR('',#6080,2.625E-1);
#6082=CARTESIAN_POINT('',(-1.3375E0,1.25E-1,-6.85E-1));
#6083=LINE('',#6082,#6081);
#6084=CARTESIAN_POINT('',(-1.3375E0,1.25E-1,-6.35E-1));
#6085=DIRECTION('',(0.E0,1.E0,0.E0));
#6086=DIRECTION('',(1.E0,0.E0,-2.664535259100E-14));
#6087=AXIS2_PLACEMENT_3D('',#6084,#6085,#6086);
#6089=DIRECTION('',(-1.332267629550E-14,0.E0,-1.E0));
#6090=VECTOR('',#6089,1.E-1);
#6091=CARTESIAN_POINT('',(-1.1375E0,1.25E-1,-5.35E-1));
#6092=LINE('',#6091,#6090);
#6093=DIRECTION('',(0.E0,1.E0,0.E0));
#6094=VECTOR('',#6093,1.5E-1);
#6095=CARTESIAN_POINT('',(-1.0875E0,1.25E-1,-6.85E-1));
#6096=LINE('',#6095,#6094);
#6097=DIRECTION('',(0.E0,-1.E0,0.E0));
#6098=VECTOR('',#6097,1.5E-1);
#6099=CARTESIAN_POINT('',(-1.1375E0,2.75E-1,-6.35E-1));
#6100=LINE('',#6099,#6098);
#6101=DIRECTION('',(-1.E0,0.E0,0.E0));
#6102=VECTOR('',#6101,4.75E-2);
#6103=CARTESIAN_POINT('',(-1.04E0,2.75E-1,-6.85E-1));
#6104=LINE('',#6103,#6102);
#6105=DIRECTION('',(0.E0,1.E0,0.E0));
#6106=VECTOR('',#6105,1.5E-1);
#6107=CARTESIAN_POINT('',(-1.04E0,1.25E-1,-6.85E-1));
#6108=LINE('',#6107,#6106);
#6109=DIRECTION('',(0.E0,0.E0,1.E0));
#6110=VECTOR('',#6109,1.E-1);
#6111=CARTESIAN_POINT('',(-1.04E0,2.75E-1,-7.85E-1));
#6112=LINE('',#6111,#6110);
#6113=DIRECTION('',(0.E0,-1.E0,0.E0));
#6114=VECTOR('',#6113,1.5E-1);
#6115=CARTESIAN_POINT('',(-1.04E0,2.75E-1,-7.85E-1));
#6116=LINE('',#6115,#6114);
#6117=DIRECTION('',(0.E0,1.E0,0.E0));
#6118=VECTOR('',#6117,1.5E-1);
#6119=CARTESIAN_POINT('',(-1.09E0,1.25E-1,-8.35E-1));
#6120=LINE('',#6119,#6118);
#6121=DIRECTION('',(1.E0,0.E0,0.E0));
#6122=VECTOR('',#6121,5.1E-1);
#6123=CARTESIAN_POINT('',(-1.6E0,2.75E-1,-8.35E-1));
#6124=LINE('',#6123,#6122);
#6125=DIRECTION('',(0.E0,1.E0,0.E0));
#6126=VECTOR('',#6125,1.5E-1);
#6127=CARTESIAN_POINT('',(-1.6E0,1.25E-1,-8.35E-1));
#6128=LINE('',#6127,#6126);
#6129=DIRECTION('',(0.E0,0.E0,-1.E0));
#6130=VECTOR('',#6129,1.5E-1);
#6131=CARTESIAN_POINT('',(-1.6E0,2.75E-1,-6.85E-1));
#6132=LINE('',#6131,#6130);
#6133=DIRECTION('',(0.E0,1.E0,0.E0));
#6134=VECTOR('',#6133,1.5E-1);
#6135=CARTESIAN_POINT('',(-1.6E0,1.25E-1,-6.85E-1));
#6136=LINE('',#6135,#6134);
#6137=DIRECTION('',(-1.E0,0.E0,0.E0));
#6138=VECTOR('',#6137,2.625E-1);
#6139=CARTESIAN_POINT('',(-1.3375E0,2.75E-1,-6.85E-1));
#6140=LINE('',#6139,#6138);
#6141=DIRECTION('',(0.E0,1.E0,0.E0));
#6142=VECTOR('',#6141,1.5E-1);
#6143=CARTESIAN_POINT('',(-1.2875E0,1.25E-1,-6.35E-1));
#6144=LINE('',#6143,#6142);
#6145=DIRECTION('',(0.E0,-1.E0,0.E0));
#6146=VECTOR('',#6145,1.5E-1);
#6147=CARTESIAN_POINT('',(-1.3375E0,2.75E-1,-6.85E-1));
#6148=LINE('',#6147,#6146);
#6149=DIRECTION('',(1.E0,0.E0,0.E0));
#6150=VECTOR('',#6149,1.5E-1);
#6151=CARTESIAN_POINT('',(-1.2875E0,-1.325E0,-5.35E-1));
#6152=LINE('',#6151,#6150);
#6153=DIRECTION('',(0.E0,0.E0,1.E0));
#6154=VECTOR('',#6153,1.E-1);
#6155=CARTESIAN_POINT('',(-1.2875E0,-1.325E0,-6.35E-1));
#6156=LINE('',#6155,#6154);
#6157=CARTESIAN_POINT('',(-1.3375E0,-1.325E0,-6.35E-1));
#6158=DIRECTION('',(0.E0,-1.E0,0.E0));
#6159=DIRECTION('',(0.E0,0.E0,-1.E0));
#6160=AXIS2_PLACEMENT_3D('',#6157,#6158,#6159);
#6162=DIRECTION('',(-7.071067811865E-1,0.E0,-7.071067811865E-1));
#6163=VECTOR('',#6162,7.071067811865E-2);
#6164=CARTESIAN_POINT('',(-1.04E0,-1.325E0,-7.85E-1));
#6165=LINE('',#6164,#6163);
#6166=CARTESIAN_POINT('',(-1.0875E0,-1.325E0,-6.35E-1));
#6167=DIRECTION('',(0.E0,-1.E0,0.E0));
#6168=DIRECTION('',(-1.E0,0.E0,-1.598721155460E-13));
#6169=AXIS2_PLACEMENT_3D('',#6166,#6167,#6168);
#6171=DIRECTION('',(-1.332267629550E-14,0.E0,-1.E0));
#6172=VECTOR('',#6171,1.E-1);
#6173=CARTESIAN_POINT('',(-1.1375E0,-1.325E0,-5.35E-1));
#6174=LINE('',#6173,#6172);
#6175=DIRECTION('',(0.E0,1.E0,0.E0));
#6176=VECTOR('',#6175,1.5E-1);
#6177=CARTESIAN_POINT('',(-1.2875E0,-1.475E0,-5.35E-1));
#6178=LINE('',#6177,#6176);
#6179=DIRECTION('',(0.E0,0.E0,1.E0));
#6180=VECTOR('',#6179,1.E-1);
#6181=CARTESIAN_POINT('',(-1.2875E0,-1.475E0,-6.35E-1));
#6182=LINE('',#6181,#6180);
#6183=CARTESIAN_POINT('',(-1.0875E0,-1.475E0,-6.35E-1));
#6184=DIRECTION('',(0.E0,1.E0,0.E0));
#6185=DIRECTION('',(0.E0,0.E0,-1.E0));
#6186=AXIS2_PLACEMENT_3D('',#6183,#6184,#6185);
#6188=DIRECTION('',(-1.E0,0.E0,0.E0));
#6189=VECTOR('',#6188,4.75E-2);
#6190=CARTESIAN_POINT('',(-1.04E0,-1.475E0,-6.85E-1));
#6191=LINE('',#6190,#6189);
#6192=DIRECTION('',(0.E0,0.E0,1.E0));
#6193=VECTOR('',#6192,1.E-1);
#6194=CARTESIAN_POINT('',(-1.04E0,-1.475E0,-7.85E-1));
#6195=LINE('',#6194,#6193);
#6196=DIRECTION('',(7.071067811865E-1,0.E0,7.071067811865E-1));
#6197=VECTOR('',#6196,7.071067811865E-2);
#6198=CARTESIAN_POINT('',(-1.09E0,-1.475E0,-8.35E-1));
#6199=LINE('',#6198,#6197);
#6200=DIRECTION('',(1.E0,0.E0,0.E0));
#6201=VECTOR('',#6200,5.1E-1);
#6202=CARTESIAN_POINT('',(-1.6E0,-1.475E0,-8.35E-1));
#6203=LINE('',#6202,#6201);
#6204=DIRECTION('',(0.E0,0.E0,-1.E0));
#6205=VECTOR('',#6204,1.5E-1);
#6206=CARTESIAN_POINT('',(-1.6E0,-1.475E0,-6.85E-1));
#6207=LINE('',#6206,#6205);
#6208=DIRECTION('',(-1.E0,0.E0,0.E0));
#6209=VECTOR('',#6208,2.625E-1);
#6210=CARTESIAN_POINT('',(-1.3375E0,-1.475E0,-6.85E-1));
#6211=LINE('',#6210,#6209);
#6212=CARTESIAN_POINT('',(-1.3375E0,-1.475E0,-6.35E-1));
#6213=DIRECTION('',(0.E0,1.E0,0.E0));
#6214=DIRECTION('',(1.E0,0.E0,-2.664535259100E-14));
#6215=AXIS2_PLACEMENT_3D('',#6212,#6213,#6214);
#6217=DIRECTION('',(-1.332267629550E-14,0.E0,-1.E0));
#6218=VECTOR('',#6217,1.E-1);
#6219=CARTESIAN_POINT('',(-1.1375E0,-1.475E0,-5.35E-1));
#6220=LINE('',#6219,#6218);
#6221=DIRECTION('',(0.E0,1.E0,0.E0));
#6222=VECTOR('',#6221,1.5E-1);
#6223=CARTESIAN_POINT('',(-1.0875E0,-1.475E0,-6.85E-1));
#6224=LINE('',#6223,#6222);
#6225=DIRECTION('',(0.E0,-1.E0,0.E0));
#6226=VECTOR('',#6225,1.5E-1);
#6227=CARTESIAN_POINT('',(-1.1375E0,-1.325E0,-6.35E-1));
#6228=LINE('',#6227,#6226);
#6229=DIRECTION('',(-1.E0,0.E0,0.E0));
#6230=VECTOR('',#6229,4.75E-2);
#6231=CARTESIAN_POINT('',(-1.04E0,-1.325E0,-6.85E-1));
#6232=LINE('',#6231,#6230);
#6233=DIRECTION('',(0.E0,1.E0,0.E0));
#6234=VECTOR('',#6233,1.5E-1);
#6235=CARTESIAN_POINT('',(-1.04E0,-1.475E0,-6.85E-1));
#6236=LINE('',#6235,#6234);
#6237=DIRECTION('',(0.E0,0.E0,1.E0));
#6238=VECTOR('',#6237,1.E-1);
#6239=CARTESIAN_POINT('',(-1.04E0,-1.325E0,-7.85E-1));
#6240=LINE('',#6239,#6238);
#6241=DIRECTION('',(0.E0,-1.E0,0.E0));
#6242=VECTOR('',#6241,1.5E-1);
#6243=CARTESIAN_POINT('',(-1.04E0,-1.325E0,-7.85E-1));
#6244=LINE('',#6243,#6242);
#6245=DIRECTION('',(0.E0,1.E0,0.E0));
#6246=VECTOR('',#6245,1.5E-1);
#6247=CARTESIAN_POINT('',(-1.09E0,-1.475E0,-8.35E-1));
#6248=LINE('',#6247,#6246);
#6249=DIRECTION('',(1.E0,0.E0,0.E0));
#6250=VECTOR('',#6249,5.1E-1);
#6251=CARTESIAN_POINT('',(-1.6E0,-1.325E0,-8.35E-1));
#6252=LINE('',#6251,#6250);
#6253=DIRECTION('',(0.E0,1.E0,0.E0));
#6254=VECTOR('',#6253,1.5E-1);
#6255=CARTESIAN_POINT('',(-1.6E0,-1.475E0,-8.35E-1));
#6256=LINE('',#6255,#6254);
#6257=DIRECTION('',(0.E0,0.E0,-1.E0));
#6258=VECTOR('',#6257,1.5E-1);
#6259=CARTESIAN_POINT('',(-1.6E0,-1.325E0,-6.85E-1));
#6260=LINE('',#6259,#6258);
#6261=DIRECTION('',(0.E0,1.E0,0.E0));
#6262=VECTOR('',#6261,1.5E-1);
#6263=CARTESIAN_POINT('',(-1.6E0,-1.475E0,-6.85E-1));
#6264=LINE('',#6263,#6262);
#6265=DIRECTION('',(-1.E0,0.E0,0.E0));
#6266=VECTOR('',#6265,2.625E-1);
#6267=CARTESIAN_POINT('',(-1.3375E0,-1.325E0,-6.85E-1));
#6268=LINE('',#6267,#6266);
#6269=DIRECTION('',(0.E0,1.E0,0.E0));
#6270=VECTOR('',#6269,1.5E-1);
#6271=CARTESIAN_POINT('',(-1.2875E0,-1.475E0,-6.35E-1));
#6272=LINE('',#6271,#6270);
#6273=DIRECTION('',(0.E0,-1.E0,0.E0));
#6274=VECTOR('',#6273,1.5E-1);
#6275=CARTESIAN_POINT('',(-1.3375E0,-1.325E0,-6.85E-1));
#6276=LINE('',#6275,#6274);
#6277=DIRECTION('',(1.E0,0.E0,0.E0));
#6278=VECTOR('',#6277,1.5E-1);
#6279=CARTESIAN_POINT('',(-1.2875E0,-9.25E-1,-5.35E-1));
#6280=LINE('',#6279,#6278);
#6281=DIRECTION('',(0.E0,0.E0,1.E0));
#6282=VECTOR('',#6281,1.E-1);
#6283=CARTESIAN_POINT('',(-1.2875E0,-9.25E-1,-6.35E-1));
#6284=LINE('',#6283,#6282);
#6285=CARTESIAN_POINT('',(-1.3375E0,-9.25E-1,-6.35E-1));
#6286=DIRECTION('',(0.E0,-1.E0,0.E0));
#6287=DIRECTION('',(0.E0,0.E0,-1.E0));
#6288=AXIS2_PLACEMENT_3D('',#6285,#6286,#6287);
#6290=DIRECTION('',(-7.071067811865E-1,0.E0,-7.071067811865E-1));
#6291=VECTOR('',#6290,7.071067811865E-2);
#6292=CARTESIAN_POINT('',(-1.04E0,-9.25E-1,-7.85E-1));
#6293=LINE('',#6292,#6291);
#6294=CARTESIAN_POINT('',(-1.0875E0,-9.25E-1,-6.35E-1));
#6295=DIRECTION('',(0.E0,-1.E0,0.E0));
#6296=DIRECTION('',(-1.E0,0.E0,-1.598721155460E-13));
#6297=AXIS2_PLACEMENT_3D('',#6294,#6295,#6296);
#6299=DIRECTION('',(-1.332267629550E-14,0.E0,-1.E0));
#6300=VECTOR('',#6299,1.E-1);
#6301=CARTESIAN_POINT('',(-1.1375E0,-9.25E-1,-5.35E-1));
#6302=LINE('',#6301,#6300);
#6303=DIRECTION('',(0.E0,1.E0,0.E0));
#6304=VECTOR('',#6303,1.5E-1);
#6305=CARTESIAN_POINT('',(-1.2875E0,-1.075E0,-5.35E-1));
#6306=LINE('',#6305,#6304);
#6307=DIRECTION('',(0.E0,0.E0,1.E0));
#6308=VECTOR('',#6307,1.E-1);
#6309=CARTESIAN_POINT('',(-1.2875E0,-1.075E0,-6.35E-1));
#6310=LINE('',#6309,#6308);
#6311=CARTESIAN_POINT('',(-1.0875E0,-1.075E0,-6.35E-1));
#6312=DIRECTION('',(0.E0,1.E0,0.E0));
#6313=DIRECTION('',(0.E0,0.E0,-1.E0));
#6314=AXIS2_PLACEMENT_3D('',#6311,#6312,#6313);
#6316=DIRECTION('',(-1.E0,0.E0,0.E0));
#6317=VECTOR('',#6316,4.75E-2);
#6318=CARTESIAN_POINT('',(-1.04E0,-1.075E0,-6.85E-1));
#6319=LINE('',#6318,#6317);
#6320=DIRECTION('',(0.E0,0.E0,1.E0));
#6321=VECTOR('',#6320,1.E-1);
#6322=CARTESIAN_POINT('',(-1.04E0,-1.075E0,-7.85E-1));
#6323=LINE('',#6322,#6321);
#6324=DIRECTION('',(7.071067811865E-1,0.E0,7.071067811865E-1));
#6325=VECTOR('',#6324,7.071067811865E-2);
#6326=CARTESIAN_POINT('',(-1.09E0,-1.075E0,-8.35E-1));
#6327=LINE('',#6326,#6325);
#6328=DIRECTION('',(1.E0,0.E0,0.E0));
#6329=VECTOR('',#6328,5.1E-1);
#6330=CARTESIAN_POINT('',(-1.6E0,-1.075E0,-8.35E-1));
#6331=LINE('',#6330,#6329);
#6332=DIRECTION('',(0.E0,0.E0,-1.E0));
#6333=VECTOR('',#6332,1.5E-1);
#6334=CARTESIAN_POINT('',(-1.6E0,-1.075E0,-6.85E-1));
#6335=LINE('',#6334,#6333);
#6336=DIRECTION('',(-1.E0,0.E0,0.E0));
#6337=VECTOR('',#6336,2.625E-1);
#6338=CARTESIAN_POINT('',(-1.3375E0,-1.075E0,-6.85E-1));
#6339=LINE('',#6338,#6337);
#6340=CARTESIAN_POINT('',(-1.3375E0,-1.075E0,-6.35E-1));
#6341=DIRECTION('',(0.E0,1.E0,0.E0));
#6342=DIRECTION('',(1.E0,0.E0,-2.664535259100E-14));
#6343=AXIS2_PLACEMENT_3D('',#6340,#6341,#6342);
#6345=DIRECTION('',(-1.332267629550E-14,0.E0,-1.E0));
#6346=VECTOR('',#6345,1.E-1);
#6347=CARTESIAN_POINT('',(-1.1375E0,-1.075E0,-5.35E-1));
#6348=LINE('',#6347,#6346);
#6349=DIRECTION('',(0.E0,1.E0,0.E0));
#6350=VECTOR('',#6349,1.5E-1);
#6351=CARTESIAN_POINT('',(-1.0875E0,-1.075E0,-6.85E-1));
#6352=LINE('',#6351,#6350);
#6353=DIRECTION('',(0.E0,-1.E0,0.E0));
#6354=VECTOR('',#6353,1.5E-1);
#6355=CARTESIAN_POINT('',(-1.1375E0,-9.25E-1,-6.35E-1));
#6356=LINE('',#6355,#6354);
#6357=DIRECTION('',(-1.E0,0.E0,0.E0));
#6358=VECTOR('',#6357,4.75E-2);
#6359=CARTESIAN_POINT('',(-1.04E0,-9.25E-1,-6.85E-1));
#6360=LINE('',#6359,#6358);
#6361=DIRECTION('',(0.E0,1.E0,0.E0));
#6362=VECTOR('',#6361,1.5E-1);
#6363=CARTESIAN_POINT('',(-1.04E0,-1.075E0,-6.85E-1));
#6364=LINE('',#6363,#6362);
#6365=DIRECTION('',(0.E0,0.E0,1.E0));
#6366=VECTOR('',#6365,1.E-1);
#6367=CARTESIAN_POINT('',(-1.04E0,-9.25E-1,-7.85E-1));
#6368=LINE('',#6367,#6366);
#6369=DIRECTION('',(0.E0,-1.E0,0.E0));
#6370=VECTOR('',#6369,1.5E-1);
#6371=CARTESIAN_POINT('',(-1.04E0,-9.25E-1,-7.85E-1));
#6372=LINE('',#6371,#6370);
#6373=DIRECTION('',(0.E0,1.E0,0.E0));
#6374=VECTOR('',#6373,1.5E-1);
#6375=CARTESIAN_POINT('',(-1.09E0,-1.075E0,-8.35E-1));
#6376=LINE('',#6375,#6374);
#6377=DIRECTION('',(1.E0,0.E0,0.E0));
#6378=VECTOR('',#6377,5.1E-1);
#6379=CARTESIAN_POINT('',(-1.6E0,-9.25E-1,-8.35E-1));
#6380=LINE('',#6379,#6378);
#6381=DIRECTION('',(0.E0,1.E0,0.E0));
#6382=VECTOR('',#6381,1.5E-1);
#6383=CARTESIAN_POINT('',(-1.6E0,-1.075E0,-8.35E-1));
#6384=LINE('',#6383,#6382);
#6385=DIRECTION('',(0.E0,0.E0,-1.E0));
#6386=VECTOR('',#6385,1.5E-1);
#6387=CARTESIAN_POINT('',(-1.6E0,-9.25E-1,-6.85E-1));
#6388=LINE('',#6387,#6386);
#6389=DIRECTION('',(0.E0,1.E0,0.E0));
#6390=VECTOR('',#6389,1.5E-1);
#6391=CARTESIAN_POINT('',(-1.6E0,-1.075E0,-6.85E-1));
#6392=LINE('',#6391,#6390);
#6393=DIRECTION('',(-1.E0,0.E0,0.E0));
#6394=VECTOR('',#6393,2.625E-1);
#6395=CARTESIAN_POINT('',(-1.3375E0,-9.25E-1,-6.85E-1));
#6396=LINE('',#6395,#6394);
#6397=DIRECTION('',(0.E0,1.E0,0.E0));
#6398=VECTOR('',#6397,1.5E-1);
#6399=CARTESIAN_POINT('',(-1.2875E0,-1.075E0,-6.35E-1));
#6400=LINE('',#6399,#6398);
#6401=DIRECTION('',(0.E0,-1.E0,0.E0));
#6402=VECTOR('',#6401,1.5E-1);
#6403=CARTESIAN_POINT('',(-1.3375E0,-9.25E-1,-6.85E-1));
#6404=LINE('',#6403,#6402);
#6405=DIRECTION('',(1.E0,0.E0,0.E0));
#6406=VECTOR('',#6405,1.5E-1);
#6407=CARTESIAN_POINT('',(-1.2875E0,-5.25E-1,-5.35E-1));
#6408=LINE('',#6407,#6406);
#6409=DIRECTION('',(0.E0,0.E0,1.E0));
#6410=VECTOR('',#6409,1.E-1);
#6411=CARTESIAN_POINT('',(-1.2875E0,-5.25E-1,-6.35E-1));
#6412=LINE('',#6411,#6410);
#6413=CARTESIAN_POINT('',(-1.3375E0,-5.25E-1,-6.35E-1));
#6414=DIRECTION('',(0.E0,-1.E0,0.E0));
#6415=DIRECTION('',(0.E0,0.E0,-1.E0));
#6416=AXIS2_PLACEMENT_3D('',#6413,#6414,#6415);
#6418=DIRECTION('',(-7.071067811865E-1,0.E0,-7.071067811865E-1));
#6419=VECTOR('',#6418,7.071067811865E-2);
#6420=CARTESIAN_POINT('',(-1.04E0,-5.25E-1,-7.85E-1));
#6421=LINE('',#6420,#6419);
#6422=CARTESIAN_POINT('',(-1.0875E0,-5.25E-1,-6.35E-1));
#6423=DIRECTION('',(0.E0,-1.E0,0.E0));
#6424=DIRECTION('',(-1.E0,0.E0,-1.598721155460E-13));
#6425=AXIS2_PLACEMENT_3D('',#6422,#6423,#6424);
#6427=DIRECTION('',(-1.332267629550E-14,0.E0,-1.E0));
#6428=VECTOR('',#6427,1.E-1);
#6429=CARTESIAN_POINT('',(-1.1375E0,-5.25E-1,-5.35E-1));
#6430=LINE('',#6429,#6428);
#6431=DIRECTION('',(0.E0,1.E0,0.E0));
#6432=VECTOR('',#6431,1.5E-1);
#6433=CARTESIAN_POINT('',(-1.2875E0,-6.75E-1,-5.35E-1));
#6434=LINE('',#6433,#6432);
#6435=DIRECTION('',(0.E0,0.E0,1.E0));
#6436=VECTOR('',#6435,1.E-1);
#6437=CARTESIAN_POINT('',(-1.2875E0,-6.75E-1,-6.35E-1));
#6438=LINE('',#6437,#6436);
#6439=CARTESIAN_POINT('',(-1.0875E0,-6.75E-1,-6.35E-1));
#6440=DIRECTION('',(0.E0,1.E0,0.E0));
#6441=DIRECTION('',(0.E0,0.E0,-1.E0));
#6442=AXIS2_PLACEMENT_3D('',#6439,#6440,#6441);
#6444=DIRECTION('',(-1.E0,0.E0,0.E0));
#6445=VECTOR('',#6444,4.75E-2);
#6446=CARTESIAN_POINT('',(-1.04E0,-6.75E-1,-6.85E-1));
#6447=LINE('',#6446,#6445);
#6448=DIRECTION('',(0.E0,0.E0,1.E0));
#6449=VECTOR('',#6448,1.E-1);
#6450=CARTESIAN_POINT('',(-1.04E0,-6.75E-1,-7.85E-1));
#6451=LINE('',#6450,#6449);
#6452=DIRECTION('',(7.071067811865E-1,0.E0,7.071067811865E-1));
#6453=VECTOR('',#6452,7.071067811865E-2);
#6454=CARTESIAN_POINT('',(-1.09E0,-6.75E-1,-8.35E-1));
#6455=LINE('',#6454,#6453);
#6456=DIRECTION('',(1.E0,0.E0,0.E0));
#6457=VECTOR('',#6456,5.1E-1);
#6458=CARTESIAN_POINT('',(-1.6E0,-6.75E-1,-8.35E-1));
#6459=LINE('',#6458,#6457);
#6460=DIRECTION('',(0.E0,0.E0,-1.E0));
#6461=VECTOR('',#6460,1.5E-1);
#6462=CARTESIAN_POINT('',(-1.6E0,-6.75E-1,-6.85E-1));
#6463=LINE('',#6462,#6461);
#6464=DIRECTION('',(-1.E0,0.E0,0.E0));
#6465=VECTOR('',#6464,2.625E-1);
#6466=CARTESIAN_POINT('',(-1.3375E0,-6.75E-1,-6.85E-1));
#6467=LINE('',#6466,#6465);
#6468=CARTESIAN_POINT('',(-1.3375E0,-6.75E-1,-6.35E-1));
#6469=DIRECTION('',(0.E0,1.E0,0.E0));
#6470=DIRECTION('',(1.E0,0.E0,-2.664535259100E-14));
#6471=AXIS2_PLACEMENT_3D('',#6468,#6469,#6470);
#6473=DIRECTION('',(-1.332267629550E-14,0.E0,-1.E0));
#6474=VECTOR('',#6473,1.E-1);
#6475=CARTESIAN_POINT('',(-1.1375E0,-6.75E-1,-5.35E-1));
#6476=LINE('',#6475,#6474);
#6477=DIRECTION('',(0.E0,1.E0,0.E0));
#6478=VECTOR('',#6477,1.5E-1);
#6479=CARTESIAN_POINT('',(-1.0875E0,-6.75E-1,-6.85E-1));
#6480=LINE('',#6479,#6478);
#6481=DIRECTION('',(0.E0,-1.E0,0.E0));
#6482=VECTOR('',#6481,1.5E-1);
#6483=CARTESIAN_POINT('',(-1.1375E0,-5.25E-1,-6.35E-1));
#6484=LINE('',#6483,#6482);
#6485=DIRECTION('',(-1.E0,0.E0,0.E0));
#6486=VECTOR('',#6485,4.75E-2);
#6487=CARTESIAN_POINT('',(-1.04E0,-5.25E-1,-6.85E-1));
#6488=LINE('',#6487,#6486);
#6489=DIRECTION('',(0.E0,1.E0,0.E0));
#6490=VECTOR('',#6489,1.5E-1);
#6491=CARTESIAN_POINT('',(-1.04E0,-6.75E-1,-6.85E-1));
#6492=LINE('',#6491,#6490);
#6493=DIRECTION('',(0.E0,0.E0,1.E0));
#6494=VECTOR('',#6493,1.E-1);
#6495=CARTESIAN_POINT('',(-1.04E0,-5.25E-1,-7.85E-1));
#6496=LINE('',#6495,#6494);
#6497=DIRECTION('',(0.E0,-1.E0,0.E0));
#6498=VECTOR('',#6497,1.5E-1);
#6499=CARTESIAN_POINT('',(-1.04E0,-5.25E-1,-7.85E-1));
#6500=LINE('',#6499,#6498);
#6501=DIRECTION('',(0.E0,1.E0,0.E0));
#6502=VECTOR('',#6501,1.5E-1);
#6503=CARTESIAN_POINT('',(-1.09E0,-6.75E-1,-8.35E-1));
#6504=LINE('',#6503,#6502);
#6505=DIRECTION('',(1.E0,0.E0,0.E0));
#6506=VECTOR('',#6505,5.1E-1);
#6507=CARTESIAN_POINT('',(-1.6E0,-5.25E-1,-8.35E-1));
#6508=LINE('',#6507,#6506);
#6509=DIRECTION('',(0.E0,1.E0,0.E0));
#6510=VECTOR('',#6509,1.5E-1);
#6511=CARTESIAN_POINT('',(-1.6E0,-6.75E-1,-8.35E-1));
#6512=LINE('',#6511,#6510);
#6513=DIRECTION('',(0.E0,0.E0,-1.E0));
#6514=VECTOR('',#6513,1.5E-1);
#6515=CARTESIAN_POINT('',(-1.6E0,-5.25E-1,-6.85E-1));
#6516=LINE('',#6515,#6514);
#6517=DIRECTION('',(0.E0,1.E0,0.E0));
#6518=VECTOR('',#6517,1.5E-1);
#6519=CARTESIAN_POINT('',(-1.6E0,-6.75E-1,-6.85E-1));
#6520=LINE('',#6519,#6518);
#6521=DIRECTION('',(-1.E0,0.E0,0.E0));
#6522=VECTOR('',#6521,2.625E-1);
#6523=CARTESIAN_POINT('',(-1.3375E0,-5.25E-1,-6.85E-1));
#6524=LINE('',#6523,#6522);
#6525=DIRECTION('',(0.E0,1.E0,0.E0));
#6526=VECTOR('',#6525,1.5E-1);
#6527=CARTESIAN_POINT('',(-1.2875E0,-6.75E-1,-6.35E-1));
#6528=LINE('',#6527,#6526);
#6529=DIRECTION('',(0.E0,-1.E0,0.E0));
#6530=VECTOR('',#6529,1.5E-1);
#6531=CARTESIAN_POINT('',(-1.3375E0,-5.25E-1,-6.85E-1));
#6532=LINE('',#6531,#6530);
#6533=DIRECTION('',(1.E0,0.E0,0.E0));
#6534=VECTOR('',#6533,1.5E-1);
#6535=CARTESIAN_POINT('',(-1.2875E0,6.75E-1,-5.35E-1));
#6536=LINE('',#6535,#6534);
#6537=DIRECTION('',(0.E0,0.E0,1.E0));
#6538=VECTOR('',#6537,1.E-1);
#6539=CARTESIAN_POINT('',(-1.2875E0,6.75E-1,-6.35E-1));
#6540=LINE('',#6539,#6538);
#6541=CARTESIAN_POINT('',(-1.3375E0,6.75E-1,-6.35E-1));
#6542=DIRECTION('',(0.E0,-1.E0,0.E0));
#6543=DIRECTION('',(0.E0,0.E0,-1.E0));
#6544=AXIS2_PLACEMENT_3D('',#6541,#6542,#6543);
#6546=DIRECTION('',(-7.071067811865E-1,0.E0,-7.071067811865E-1));
#6547=VECTOR('',#6546,7.071067811865E-2);
#6548=CARTESIAN_POINT('',(-1.04E0,6.75E-1,-7.85E-1));
#6549=LINE('',#6548,#6547);
#6550=CARTESIAN_POINT('',(-1.0875E0,6.75E-1,-6.35E-1));
#6551=DIRECTION('',(0.E0,-1.E0,0.E0));
#6552=DIRECTION('',(-1.E0,0.E0,-1.598721155460E-13));
#6553=AXIS2_PLACEMENT_3D('',#6550,#6551,#6552);
#6555=DIRECTION('',(-1.332267629550E-14,0.E0,-1.E0));
#6556=VECTOR('',#6555,1.E-1);
#6557=CARTESIAN_POINT('',(-1.1375E0,6.75E-1,-5.35E-1));
#6558=LINE('',#6557,#6556);
#6559=DIRECTION('',(0.E0,1.E0,0.E0));
#6560=VECTOR('',#6559,1.5E-1);
#6561=CARTESIAN_POINT('',(-1.2875E0,5.25E-1,-5.35E-1));
#6562=LINE('',#6561,#6560);
#6563=DIRECTION('',(0.E0,0.E0,1.E0));
#6564=VECTOR('',#6563,1.E-1);
#6565=CARTESIAN_POINT('',(-1.2875E0,5.25E-1,-6.35E-1));
#6566=LINE('',#6565,#6564);
#6567=CARTESIAN_POINT('',(-1.0875E0,5.25E-1,-6.35E-1));
#6568=DIRECTION('',(0.E0,1.E0,0.E0));
#6569=DIRECTION('',(0.E0,0.E0,-1.E0));
#6570=AXIS2_PLACEMENT_3D('',#6567,#6568,#6569);
#6572=DIRECTION('',(-1.E0,0.E0,0.E0));
#6573=VECTOR('',#6572,4.75E-2);
#6574=CARTESIAN_POINT('',(-1.04E0,5.25E-1,-6.85E-1));
#6575=LINE('',#6574,#6573);
#6576=DIRECTION('',(0.E0,0.E0,1.E0));
#6577=VECTOR('',#6576,1.E-1);
#6578=CARTESIAN_POINT('',(-1.04E0,5.25E-1,-7.85E-1));
#6579=LINE('',#6578,#6577);
#6580=DIRECTION('',(7.071067811865E-1,0.E0,7.071067811865E-1));
#6581=VECTOR('',#6580,7.071067811865E-2);
#6582=CARTESIAN_POINT('',(-1.09E0,5.25E-1,-8.35E-1));
#6583=LINE('',#6582,#6581);
#6584=DIRECTION('',(1.E0,0.E0,0.E0));
#6585=VECTOR('',#6584,5.1E-1);
#6586=CARTESIAN_POINT('',(-1.6E0,5.25E-1,-8.35E-1));
#6587=LINE('',#6586,#6585);
#6588=DIRECTION('',(0.E0,0.E0,-1.E0));
#6589=VECTOR('',#6588,1.5E-1);
#6590=CARTESIAN_POINT('',(-1.6E0,5.25E-1,-6.85E-1));
#6591=LINE('',#6590,#6589);
#6592=DIRECTION('',(-1.E0,0.E0,0.E0));
#6593=VECTOR('',#6592,2.625E-1);
#6594=CARTESIAN_POINT('',(-1.3375E0,5.25E-1,-6.85E-1));
#6595=LINE('',#6594,#6593);
#6596=CARTESIAN_POINT('',(-1.3375E0,5.25E-1,-6.35E-1));
#6597=DIRECTION('',(0.E0,1.E0,0.E0));
#6598=DIRECTION('',(1.E0,0.E0,-2.664535259100E-14));
#6599=AXIS2_PLACEMENT_3D('',#6596,#6597,#6598);
#6601=DIRECTION('',(-1.332267629550E-14,0.E0,-1.E0));
#6602=VECTOR('',#6601,1.E-1);
#6603=CARTESIAN_POINT('',(-1.1375E0,5.25E-1,-5.35E-1));
#6604=LINE('',#6603,#6602);
#6605=DIRECTION('',(0.E0,1.E0,0.E0));
#6606=VECTOR('',#6605,1.5E-1);
#6607=CARTESIAN_POINT('',(-1.0875E0,5.25E-1,-6.85E-1));
#6608=LINE('',#6607,#6606);
#6609=DIRECTION('',(0.E0,-1.E0,0.E0));
#6610=VECTOR('',#6609,1.5E-1);
#6611=CARTESIAN_POINT('',(-1.1375E0,6.75E-1,-6.35E-1));
#6612=LINE('',#6611,#6610);
#6613=DIRECTION('',(-1.E0,0.E0,0.E0));
#6614=VECTOR('',#6613,4.75E-2);
#6615=CARTESIAN_POINT('',(-1.04E0,6.75E-1,-6.85E-1));
#6616=LINE('',#6615,#6614);
#6617=DIRECTION('',(0.E0,1.E0,0.E0));
#6618=VECTOR('',#6617,1.5E-1);
#6619=CARTESIAN_POINT('',(-1.04E0,5.25E-1,-6.85E-1));
#6620=LINE('',#6619,#6618);
#6621=DIRECTION('',(0.E0,0.E0,1.E0));
#6622=VECTOR('',#6621,1.E-1);
#6623=CARTESIAN_POINT('',(-1.04E0,6.75E-1,-7.85E-1));
#6624=LINE('',#6623,#6622);
#6625=DIRECTION('',(0.E0,-1.E0,0.E0));
#6626=VECTOR('',#6625,1.5E-1);
#6627=CARTESIAN_POINT('',(-1.04E0,6.75E-1,-7.85E-1));
#6628=LINE('',#6627,#6626);
#6629=DIRECTION('',(0.E0,1.E0,0.E0));
#6630=VECTOR('',#6629,1.5E-1);
#6631=CARTESIAN_POINT('',(-1.09E0,5.25E-1,-8.35E-1));
#6632=LINE('',#6631,#6630);
#6633=DIRECTION('',(1.E0,0.E0,0.E0));
#6634=VECTOR('',#6633,5.1E-1);
#6635=CARTESIAN_POINT('',(-1.6E0,6.75E-1,-8.35E-1));
#6636=LINE('',#6635,#6634);
#6637=DIRECTION('',(0.E0,1.E0,0.E0));
#6638=VECTOR('',#6637,1.5E-1);
#6639=CARTESIAN_POINT('',(-1.6E0,5.25E-1,-8.35E-1));
#6640=LINE('',#6639,#6638);
#6641=DIRECTION('',(0.E0,0.E0,-1.E0));
#6642=VECTOR('',#6641,1.5E-1);
#6643=CARTESIAN_POINT('',(-1.6E0,6.75E-1,-6.85E-1));
#6644=LINE('',#6643,#6642);
#6645=DIRECTION('',(0.E0,1.E0,0.E0));
#6646=VECTOR('',#6645,1.5E-1);
#6647=CARTESIAN_POINT('',(-1.6E0,5.25E-1,-6.85E-1));
#6648=LINE('',#6647,#6646);
#6649=DIRECTION('',(-1.E0,0.E0,0.E0));
#6650=VECTOR('',#6649,2.625E-1);
#6651=CARTESIAN_POINT('',(-1.3375E0,6.75E-1,-6.85E-1));
#6652=LINE('',#6651,#6650);
#6653=DIRECTION('',(0.E0,1.E0,0.E0));
#6654=VECTOR('',#6653,1.5E-1);
#6655=CARTESIAN_POINT('',(-1.2875E0,5.25E-1,-6.35E-1));
#6656=LINE('',#6655,#6654);
#6657=DIRECTION('',(0.E0,-1.E0,0.E0));
#6658=VECTOR('',#6657,1.5E-1);
#6659=CARTESIAN_POINT('',(-1.3375E0,6.75E-1,-6.85E-1));
#6660=LINE('',#6659,#6658);
#6661=DIRECTION('',(1.E0,0.E0,0.E0));
#6662=VECTOR('',#6661,1.5E-1);
#6663=CARTESIAN_POINT('',(-1.2875E0,1.075E0,-5.35E-1));
#6664=LINE('',#6663,#6662);
#6665=DIRECTION('',(0.E0,0.E0,1.E0));
#6666=VECTOR('',#6665,1.E-1);
#6667=CARTESIAN_POINT('',(-1.2875E0,1.075E0,-6.35E-1));
#6668=LINE('',#6667,#6666);
#6669=CARTESIAN_POINT('',(-1.3375E0,1.075E0,-6.35E-1));
#6670=DIRECTION('',(0.E0,-1.E0,0.E0));
#6671=DIRECTION('',(0.E0,0.E0,-1.E0));
#6672=AXIS2_PLACEMENT_3D('',#6669,#6670,#6671);
#6674=DIRECTION('',(-7.071067811865E-1,0.E0,-7.071067811865E-1));
#6675=VECTOR('',#6674,7.071067811865E-2);
#6676=CARTESIAN_POINT('',(-1.04E0,1.075E0,-7.85E-1));
#6677=LINE('',#6676,#6675);
#6678=CARTESIAN_POINT('',(-1.0875E0,1.075E0,-6.35E-1));
#6679=DIRECTION('',(0.E0,-1.E0,0.E0));
#6680=DIRECTION('',(-1.E0,0.E0,-1.598721155460E-13));
#6681=AXIS2_PLACEMENT_3D('',#6678,#6679,#6680);
#6683=DIRECTION('',(-1.332267629550E-14,0.E0,-1.E0));
#6684=VECTOR('',#6683,1.E-1);
#6685=CARTESIAN_POINT('',(-1.1375E0,1.075E0,-5.35E-1));
#6686=LINE('',#6685,#6684);
#6687=DIRECTION('',(0.E0,1.E0,0.E0));
#6688=VECTOR('',#6687,1.5E-1);
#6689=CARTESIAN_POINT('',(-1.2875E0,9.25E-1,-5.35E-1));
#6690=LINE('',#6689,#6688);
#6691=DIRECTION('',(0.E0,0.E0,1.E0));
#6692=VECTOR('',#6691,1.E-1);
#6693=CARTESIAN_POINT('',(-1.2875E0,9.25E-1,-6.35E-1));
#6694=LINE('',#6693,#6692);
#6695=CARTESIAN_POINT('',(-1.0875E0,9.25E-1,-6.35E-1));
#6696=DIRECTION('',(0.E0,1.E0,0.E0));
#6697=DIRECTION('',(0.E0,0.E0,-1.E0));
#6698=AXIS2_PLACEMENT_3D('',#6695,#6696,#6697);
#6700=DIRECTION('',(-1.E0,0.E0,0.E0));
#6701=VECTOR('',#6700,4.75E-2);
#6702=CARTESIAN_POINT('',(-1.04E0,9.25E-1,-6.85E-1));
#6703=LINE('',#6702,#6701);
#6704=DIRECTION('',(0.E0,0.E0,1.E0));
#6705=VECTOR('',#6704,1.E-1);
#6706=CARTESIAN_POINT('',(-1.04E0,9.25E-1,-7.85E-1));
#6707=LINE('',#6706,#6705);
#6708=DIRECTION('',(7.071067811865E-1,0.E0,7.071067811865E-1));
#6709=VECTOR('',#6708,7.071067811865E-2);
#6710=CARTESIAN_POINT('',(-1.09E0,9.25E-1,-8.35E-1));
#6711=LINE('',#6710,#6709);
#6712=DIRECTION('',(1.E0,0.E0,0.E0));
#6713=VECTOR('',#6712,5.1E-1);
#6714=CARTESIAN_POINT('',(-1.6E0,9.25E-1,-8.35E-1));
#6715=LINE('',#6714,#6713);
#6716=DIRECTION('',(0.E0,0.E0,-1.E0));
#6717=VECTOR('',#6716,1.5E-1);
#6718=CARTESIAN_POINT('',(-1.6E0,9.25E-1,-6.85E-1));
#6719=LINE('',#6718,#6717);
#6720=DIRECTION('',(-1.E0,0.E0,0.E0));
#6721=VECTOR('',#6720,2.625E-1);
#6722=CARTESIAN_POINT('',(-1.3375E0,9.25E-1,-6.85E-1));
#6723=LINE('',#6722,#6721);
#6724=CARTESIAN_POINT('',(-1.3375E0,9.25E-1,-6.35E-1));
#6725=DIRECTION('',(0.E0,1.E0,0.E0));
#6726=DIRECTION('',(1.E0,0.E0,-2.664535259100E-14));
#6727=AXIS2_PLACEMENT_3D('',#6724,#6725,#6726);
#6729=DIRECTION('',(-1.332267629550E-14,0.E0,-1.E0));
#6730=VECTOR('',#6729,1.E-1);
#6731=CARTESIAN_POINT('',(-1.1375E0,9.25E-1,-5.35E-1));
#6732=LINE('',#6731,#6730);
#6733=DIRECTION('',(0.E0,1.E0,0.E0));
#6734=VECTOR('',#6733,1.5E-1);
#6735=CARTESIAN_POINT('',(-1.0875E0,9.25E-1,-6.85E-1));
#6736=LINE('',#6735,#6734);
#6737=DIRECTION('',(0.E0,-1.E0,0.E0));
#6738=VECTOR('',#6737,1.5E-1);
#6739=CARTESIAN_POINT('',(-1.1375E0,1.075E0,-6.35E-1));
#6740=LINE('',#6739,#6738);
#6741=DIRECTION('',(-1.E0,0.E0,0.E0));
#6742=VECTOR('',#6741,4.75E-2);
#6743=CARTESIAN_POINT('',(-1.04E0,1.075E0,-6.85E-1));
#6744=LINE('',#6743,#6742);
#6745=DIRECTION('',(0.E0,1.E0,0.E0));
#6746=VECTOR('',#6745,1.5E-1);
#6747=CARTESIAN_POINT('',(-1.04E0,9.25E-1,-6.85E-1));
#6748=LINE('',#6747,#6746);
#6749=DIRECTION('',(0.E0,0.E0,1.E0));
#6750=VECTOR('',#6749,1.E-1);
#6751=CARTESIAN_POINT('',(-1.04E0,1.075E0,-7.85E-1));
#6752=LINE('',#6751,#6750);
#6753=DIRECTION('',(0.E0,-1.E0,0.E0));
#6754=VECTOR('',#6753,1.5E-1);
#6755=CARTESIAN_POINT('',(-1.04E0,1.075E0,-7.85E-1));
#6756=LINE('',#6755,#6754);
#6757=DIRECTION('',(0.E0,1.E0,0.E0));
#6758=VECTOR('',#6757,1.5E-1);
#6759=CARTESIAN_POINT('',(-1.09E0,9.25E-1,-8.35E-1));
#6760=LINE('',#6759,#6758);
#6761=DIRECTION('',(1.E0,0.E0,0.E0));
#6762=VECTOR('',#6761,5.1E-1);
#6763=CARTESIAN_POINT('',(-1.6E0,1.075E0,-8.35E-1));
#6764=LINE('',#6763,#6762);
#6765=DIRECTION('',(0.E0,1.E0,0.E0));
#6766=VECTOR('',#6765,1.5E-1);
#6767=CARTESIAN_POINT('',(-1.6E0,9.25E-1,-8.35E-1));
#6768=LINE('',#6767,#6766);
#6769=DIRECTION('',(0.E0,0.E0,-1.E0));
#6770=VECTOR('',#6769,1.5E-1);
#6771=CARTESIAN_POINT('',(-1.6E0,1.075E0,-6.85E-1));
#6772=LINE('',#6771,#6770);
#6773=DIRECTION('',(0.E0,1.E0,0.E0));
#6774=VECTOR('',#6773,1.5E-1);
#6775=CARTESIAN_POINT('',(-1.6E0,9.25E-1,-6.85E-1));
#6776=LINE('',#6775,#6774);
#6777=DIRECTION('',(-1.E0,0.E0,0.E0));
#6778=VECTOR('',#6777,2.625E-1);
#6779=CARTESIAN_POINT('',(-1.3375E0,1.075E0,-6.85E-1));
#6780=LINE('',#6779,#6778);
#6781=DIRECTION('',(0.E0,1.E0,0.E0));
#6782=VECTOR('',#6781,1.5E-1);
#6783=CARTESIAN_POINT('',(-1.2875E0,9.25E-1,-6.35E-1));
#6784=LINE('',#6783,#6782);
#6785=DIRECTION('',(0.E0,-1.E0,0.E0));
#6786=VECTOR('',#6785,1.5E-1);
#6787=CARTESIAN_POINT('',(-1.3375E0,1.075E0,-6.85E-1));
#6788=LINE('',#6787,#6786);
#6789=DIRECTION('',(1.E0,0.E0,0.E0));
#6790=VECTOR('',#6789,1.5E-1);
#6791=CARTESIAN_POINT('',(-1.2875E0,1.875E0,-5.35E-1));
#6792=LINE('',#6791,#6790);
#6793=DIRECTION('',(0.E0,0.E0,1.E0));
#6794=VECTOR('',#6793,1.E-1);
#6795=CARTESIAN_POINT('',(-1.2875E0,1.875E0,-6.35E-1));
#6796=LINE('',#6795,#6794);
#6797=CARTESIAN_POINT('',(-1.3375E0,1.875E0,-6.35E-1));
#6798=DIRECTION('',(0.E0,-1.E0,0.E0));
#6799=DIRECTION('',(0.E0,0.E0,-1.E0));
#6800=AXIS2_PLACEMENT_3D('',#6797,#6798,#6799);
#6802=DIRECTION('',(-7.071067811865E-1,0.E0,-7.071067811865E-1));
#6803=VECTOR('',#6802,7.071067811865E-2);
#6804=CARTESIAN_POINT('',(-1.04E0,1.875E0,-7.85E-1));
#6805=LINE('',#6804,#6803);
#6806=CARTESIAN_POINT('',(-1.0875E0,1.875E0,-6.35E-1));
#6807=DIRECTION('',(0.E0,-1.E0,0.E0));
#6808=DIRECTION('',(-1.E0,0.E0,-1.598721155460E-13));
#6809=AXIS2_PLACEMENT_3D('',#6806,#6807,#6808);
#6811=DIRECTION('',(-1.332267629550E-14,0.E0,-1.E0));
#6812=VECTOR('',#6811,1.E-1);
#6813=CARTESIAN_POINT('',(-1.1375E0,1.875E0,-5.35E-1));
#6814=LINE('',#6813,#6812);
#6815=DIRECTION('',(0.E0,1.E0,0.E0));
#6816=VECTOR('',#6815,1.5E-1);
#6817=CARTESIAN_POINT('',(-1.2875E0,1.725E0,-5.35E-1));
#6818=LINE('',#6817,#6816);
#6819=DIRECTION('',(0.E0,0.E0,1.E0));
#6820=VECTOR('',#6819,1.E-1);
#6821=CARTESIAN_POINT('',(-1.2875E0,1.725E0,-6.35E-1));
#6822=LINE('',#6821,#6820);
#6823=CARTESIAN_POINT('',(-1.0875E0,1.725E0,-6.35E-1));
#6824=DIRECTION('',(0.E0,1.E0,0.E0));
#6825=DIRECTION('',(0.E0,0.E0,-1.E0));
#6826=AXIS2_PLACEMENT_3D('',#6823,#6824,#6825);
#6828=DIRECTION('',(-1.E0,0.E0,0.E0));
#6829=VECTOR('',#6828,4.75E-2);
#6830=CARTESIAN_POINT('',(-1.04E0,1.725E0,-6.85E-1));
#6831=LINE('',#6830,#6829);
#6832=DIRECTION('',(0.E0,0.E0,1.E0));
#6833=VECTOR('',#6832,1.E-1);
#6834=CARTESIAN_POINT('',(-1.04E0,1.725E0,-7.85E-1));
#6835=LINE('',#6834,#6833);
#6836=DIRECTION('',(7.071067811865E-1,0.E0,7.071067811865E-1));
#6837=VECTOR('',#6836,7.071067811865E-2);
#6838=CARTESIAN_POINT('',(-1.09E0,1.725E0,-8.35E-1));
#6839=LINE('',#6838,#6837);
#6840=DIRECTION('',(1.E0,0.E0,0.E0));
#6841=VECTOR('',#6840,5.1E-1);
#6842=CARTESIAN_POINT('',(-1.6E0,1.725E0,-8.35E-1));
#6843=LINE('',#6842,#6841);
#6844=DIRECTION('',(0.E0,0.E0,-1.E0));
#6845=VECTOR('',#6844,1.5E-1);
#6846=CARTESIAN_POINT('',(-1.6E0,1.725E0,-6.85E-1));
#6847=LINE('',#6846,#6845);
#6848=DIRECTION('',(-1.E0,0.E0,0.E0));
#6849=VECTOR('',#6848,2.625E-1);
#6850=CARTESIAN_POINT('',(-1.3375E0,1.725E0,-6.85E-1));
#6851=LINE('',#6850,#6849);
#6852=CARTESIAN_POINT('',(-1.3375E0,1.725E0,-6.35E-1));
#6853=DIRECTION('',(0.E0,1.E0,0.E0));
#6854=DIRECTION('',(1.E0,0.E0,-2.664535259100E-14));
#6855=AXIS2_PLACEMENT_3D('',#6852,#6853,#6854);
#6857=DIRECTION('',(-1.332267629550E-14,0.E0,-1.E0));
#6858=VECTOR('',#6857,1.E-1);
#6859=CARTESIAN_POINT('',(-1.1375E0,1.725E0,-5.35E-1));
#6860=LINE('',#6859,#6858);
#6861=DIRECTION('',(0.E0,1.E0,0.E0));
#6862=VECTOR('',#6861,1.5E-1);
#6863=CARTESIAN_POINT('',(-1.0875E0,1.725E0,-6.85E-1));
#6864=LINE('',#6863,#6862);
#6865=DIRECTION('',(0.E0,-1.E0,0.E0));
#6866=VECTOR('',#6865,1.5E-1);
#6867=CARTESIAN_POINT('',(-1.1375E0,1.875E0,-6.35E-1));
#6868=LINE('',#6867,#6866);
#6869=DIRECTION('',(-1.E0,0.E0,0.E0));
#6870=VECTOR('',#6869,4.75E-2);
#6871=CARTESIAN_POINT('',(-1.04E0,1.875E0,-6.85E-1));
#6872=LINE('',#6871,#6870);
#6873=DIRECTION('',(0.E0,1.E0,0.E0));
#6874=VECTOR('',#6873,1.5E-1);
#6875=CARTESIAN_POINT('',(-1.04E0,1.725E0,-6.85E-1));
#6876=LINE('',#6875,#6874);
#6877=DIRECTION('',(0.E0,0.E0,1.E0));
#6878=VECTOR('',#6877,1.E-1);
#6879=CARTESIAN_POINT('',(-1.04E0,1.875E0,-7.85E-1));
#6880=LINE('',#6879,#6878);
#6881=DIRECTION('',(0.E0,-1.E0,0.E0));
#6882=VECTOR('',#6881,1.5E-1);
#6883=CARTESIAN_POINT('',(-1.04E0,1.875E0,-7.85E-1));
#6884=LINE('',#6883,#6882);
#6885=DIRECTION('',(0.E0,1.E0,0.E0));
#6886=VECTOR('',#6885,1.5E-1);
#6887=CARTESIAN_POINT('',(-1.09E0,1.725E0,-8.35E-1));
#6888=LINE('',#6887,#6886);
#6889=DIRECTION('',(1.E0,0.E0,0.E0));
#6890=VECTOR('',#6889,5.1E-1);
#6891=CARTESIAN_POINT('',(-1.6E0,1.875E0,-8.35E-1));
#6892=LINE('',#6891,#6890);
#6893=DIRECTION('',(0.E0,1.E0,0.E0));
#6894=VECTOR('',#6893,1.5E-1);
#6895=CARTESIAN_POINT('',(-1.6E0,1.725E0,-8.35E-1));
#6896=LINE('',#6895,#6894);
#6897=DIRECTION('',(0.E0,0.E0,-1.E0));
#6898=VECTOR('',#6897,1.5E-1);
#6899=CARTESIAN_POINT('',(-1.6E0,1.875E0,-6.85E-1));
#6900=LINE('',#6899,#6898);
#6901=DIRECTION('',(0.E0,1.E0,0.E0));
#6902=VECTOR('',#6901,1.5E-1);
#6903=CARTESIAN_POINT('',(-1.6E0,1.725E0,-6.85E-1));
#6904=LINE('',#6903,#6902);
#6905=DIRECTION('',(-1.E0,0.E0,0.E0));
#6906=VECTOR('',#6905,2.625E-1);
#6907=CARTESIAN_POINT('',(-1.3375E0,1.875E0,-6.85E-1));
#6908=LINE('',#6907,#6906);
#6909=DIRECTION('',(0.E0,1.E0,0.E0));
#6910=VECTOR('',#6909,1.5E-1);
#6911=CARTESIAN_POINT('',(-1.2875E0,1.725E0,-6.35E-1));
#6912=LINE('',#6911,#6910);
#6913=DIRECTION('',(0.E0,-1.E0,0.E0));
#6914=VECTOR('',#6913,1.5E-1);
#6915=CARTESIAN_POINT('',(-1.3375E0,1.875E0,-6.85E-1));
#6916=LINE('',#6915,#6914);
#6917=DIRECTION('',(0.E0,0.E0,-1.E0));
#6918=VECTOR('',#6917,4.E-2);
#6919=CARTESIAN_POINT('',(-1.04E0,2.E0,-5.35E-1));
#6920=LINE('',#6919,#6918);
#6921=DIRECTION('',(0.E0,1.E0,0.E0));
#6922=VECTOR('',#6921,4.E0);
#6923=CARTESIAN_POINT('',(-1.04E0,-2.E0,-5.35E-1));
#6924=LINE('',#6923,#6922);
#6925=DIRECTION('',(0.E0,-1.E0,0.E0));
#6926=VECTOR('',#6925,4.E0);
#6927=CARTESIAN_POINT('',(-8.3E-1,2.E0,-7.85E-1));
#6928=LINE('',#6927,#6926);
#6929=DIRECTION('',(0.E0,1.E0,0.E0));
#6930=VECTOR('',#6929,4.E0);
#6931=CARTESIAN_POINT('',(-1.04E0,-2.E0,-5.75E-1));
#6932=LINE('',#6931,#6930);
#6933=DIRECTION('',(7.071067811866E-1,0.E0,-7.071067811865E-1));
#6934=VECTOR('',#6933,2.687005768509E-1);
#6935=CARTESIAN_POINT('',(-1.03E0,2.E0,-5.95E-1));
#6936=LINE('',#6935,#6934);
#6937=DIRECTION('',(1.E0,0.E0,7.558056744564E-14));
#6938=VECTOR('',#6937,5.2E-1);
#6939=CARTESIAN_POINT('',(-1.55E0,2.E0,-5.950000000001E-1));
#6940=LINE('',#6939,#6938);
#6941=DIRECTION('',(-7.071067811865E-1,0.E0,7.071067811865E-1));
#6942=VECTOR('',#6941,2.969848480984E-1);
#6943=CARTESIAN_POINT('',(-8.3E-1,2.E0,-7.85E-1));
#6944=LINE('',#6943,#6942);
#6945=DIRECTION('',(0.E0,1.E0,0.E0));
#6946=VECTOR('',#6945,1.405E0);
#6947=CARTESIAN_POINT('',(-1.03E0,2.E0,-5.95E-1));
#6948=LINE('',#6947,#6946);
#6949=DIRECTION('',(1.E0,0.E0,0.E0));
#6950=VECTOR('',#6949,1.5E-1);
#6951=CARTESIAN_POINT('',(-1.2875E0,-1.725E0,-5.35E-1));
#6952=LINE('',#6951,#6950);
#6953=DIRECTION('',(0.E0,0.E0,1.E0));
#6954=VECTOR('',#6953,1.E-1);
#6955=CARTESIAN_POINT('',(-1.2875E0,-1.725E0,-6.35E-1));
#6956=LINE('',#6955,#6954);
#6957=CARTESIAN_POINT('',(-1.3375E0,-1.725E0,-6.35E-1));
#6958=DIRECTION('',(0.E0,-1.E0,0.E0));
#6959=DIRECTION('',(0.E0,0.E0,-1.E0));
#6960=AXIS2_PLACEMENT_3D('',#6957,#6958,#6959);
#6962=DIRECTION('',(-7.071067811865E-1,0.E0,-7.071067811865E-1));
#6963=VECTOR('',#6962,7.071067811865E-2);
#6964=CARTESIAN_POINT('',(-1.04E0,-1.725E0,-7.85E-1));
#6965=LINE('',#6964,#6963);
#6966=CARTESIAN_POINT('',(-1.0875E0,-1.725E0,-6.35E-1));
#6967=DIRECTION('',(0.E0,-1.E0,0.E0));
#6968=DIRECTION('',(-1.E0,0.E0,-1.598721155460E-13));
#6969=AXIS2_PLACEMENT_3D('',#6966,#6967,#6968);
#6971=DIRECTION('',(-1.332267629550E-14,0.E0,-1.E0));
#6972=VECTOR('',#6971,1.E-1);
#6973=CARTESIAN_POINT('',(-1.1375E0,-1.725E0,-5.35E-1));
#6974=LINE('',#6973,#6972);
#6975=DIRECTION('',(0.E0,1.E0,0.E0));
#6976=VECTOR('',#6975,1.5E-1);
#6977=CARTESIAN_POINT('',(-1.2875E0,-1.875E0,-5.35E-1));
#6978=LINE('',#6977,#6976);
#6979=DIRECTION('',(0.E0,0.E0,1.E0));
#6980=VECTOR('',#6979,1.E-1);
#6981=CARTESIAN_POINT('',(-1.2875E0,-1.875E0,-6.35E-1));
#6982=LINE('',#6981,#6980);
#6983=CARTESIAN_POINT('',(-1.0875E0,-1.875E0,-6.35E-1));
#6984=DIRECTION('',(0.E0,1.E0,0.E0));
#6985=DIRECTION('',(0.E0,0.E0,-1.E0));
#6986=AXIS2_PLACEMENT_3D('',#6983,#6984,#6985);
#6988=DIRECTION('',(-1.E0,0.E0,0.E0));
#6989=VECTOR('',#6988,4.75E-2);
#6990=CARTESIAN_POINT('',(-1.04E0,-1.875E0,-6.85E-1));
#6991=LINE('',#6990,#6989);
#6992=DIRECTION('',(0.E0,0.E0,1.E0));
#6993=VECTOR('',#6992,1.E-1);
#6994=CARTESIAN_POINT('',(-1.04E0,-1.875E0,-7.85E-1));
#6995=LINE('',#6994,#6993);
#6996=DIRECTION('',(7.071067811865E-1,0.E0,7.071067811865E-1));
#6997=VECTOR('',#6996,7.071067811865E-2);
#6998=CARTESIAN_POINT('',(-1.09E0,-1.875E0,-8.35E-1));
#6999=LINE('',#6998,#6997);
#7000=DIRECTION('',(1.E0,0.E0,0.E0));
#7001=VECTOR('',#7000,5.1E-1);
#7002=CARTESIAN_POINT('',(-1.6E0,-1.875E0,-8.35E-1));
#7003=LINE('',#7002,#7001);
#7004=DIRECTION('',(0.E0,0.E0,-1.E0));
#7005=VECTOR('',#7004,1.5E-1);
#7006=CARTESIAN_POINT('',(-1.6E0,-1.875E0,-6.85E-1));
#7007=LINE('',#7006,#7005);
#7008=DIRECTION('',(-1.E0,0.E0,0.E0));
#7009=VECTOR('',#7008,2.625E-1);
#7010=CARTESIAN_POINT('',(-1.3375E0,-1.875E0,-6.85E-1));
#7011=LINE('',#7010,#7009);
#7012=CARTESIAN_POINT('',(-1.3375E0,-1.875E0,-6.35E-1));
#7013=DIRECTION('',(0.E0,1.E0,0.E0));
#7014=DIRECTION('',(1.E0,0.E0,-2.664535259100E-14));
#7015=AXIS2_PLACEMENT_3D('',#7012,#7013,#7014);
#7017=DIRECTION('',(-1.332267629550E-14,0.E0,-1.E0));
#7018=VECTOR('',#7017,1.E-1);
#7019=CARTESIAN_POINT('',(-1.1375E0,-1.875E0,-5.35E-1));
#7020=LINE('',#7019,#7018);
#7021=DIRECTION('',(0.E0,1.E0,0.E0));
#7022=VECTOR('',#7021,1.5E-1);
#7023=CARTESIAN_POINT('',(-1.0875E0,-1.875E0,-6.85E-1));
#7024=LINE('',#7023,#7022);
#7025=DIRECTION('',(0.E0,-1.E0,0.E0));
#7026=VECTOR('',#7025,1.5E-1);
#7027=CARTESIAN_POINT('',(-1.1375E0,-1.725E0,-6.35E-1));
#7028=LINE('',#7027,#7026);
#7029=DIRECTION('',(-1.E0,0.E0,0.E0));
#7030=VECTOR('',#7029,4.75E-2);
#7031=CARTESIAN_POINT('',(-1.04E0,-1.725E0,-6.85E-1));
#7032=LINE('',#7031,#7030);
#7033=DIRECTION('',(0.E0,1.E0,0.E0));
#7034=VECTOR('',#7033,1.5E-1);
#7035=CARTESIAN_POINT('',(-1.04E0,-1.875E0,-6.85E-1));
#7036=LINE('',#7035,#7034);
#7037=DIRECTION('',(0.E0,0.E0,1.E0));
#7038=VECTOR('',#7037,1.E-1);
#7039=CARTESIAN_POINT('',(-1.04E0,-1.725E0,-7.85E-1));
#7040=LINE('',#7039,#7038);
#7041=DIRECTION('',(0.E0,-1.E0,0.E0));
#7042=VECTOR('',#7041,1.5E-1);
#7043=CARTESIAN_POINT('',(-1.04E0,-1.725E0,-7.85E-1));
#7044=LINE('',#7043,#7042);
#7045=DIRECTION('',(0.E0,1.E0,0.E0));
#7046=VECTOR('',#7045,1.5E-1);
#7047=CARTESIAN_POINT('',(-1.09E0,-1.875E0,-8.35E-1));
#7048=LINE('',#7047,#7046);
#7049=DIRECTION('',(1.E0,0.E0,0.E0));
#7050=VECTOR('',#7049,5.1E-1);
#7051=CARTESIAN_POINT('',(-1.6E0,-1.725E0,-8.35E-1));
#7052=LINE('',#7051,#7050);
#7053=DIRECTION('',(0.E0,1.E0,0.E0));
#7054=VECTOR('',#7053,1.5E-1);
#7055=CARTESIAN_POINT('',(-1.6E0,-1.875E0,-8.35E-1));
#7056=LINE('',#7055,#7054);
#7057=DIRECTION('',(0.E0,0.E0,-1.E0));
#7058=VECTOR('',#7057,1.5E-1);
#7059=CARTESIAN_POINT('',(-1.6E0,-1.725E0,-6.85E-1));
#7060=LINE('',#7059,#7058);
#7061=DIRECTION('',(0.E0,1.E0,0.E0));
#7062=VECTOR('',#7061,1.5E-1);
#7063=CARTESIAN_POINT('',(-1.6E0,-1.875E0,-6.85E-1));
#7064=LINE('',#7063,#7062);
#7065=DIRECTION('',(-1.E0,0.E0,0.E0));
#7066=VECTOR('',#7065,2.625E-1);
#7067=CARTESIAN_POINT('',(-1.3375E0,-1.725E0,-6.85E-1));
#7068=LINE('',#7067,#7066);
#7069=DIRECTION('',(0.E0,1.E0,0.E0));
#7070=VECTOR('',#7069,1.5E-1);
#7071=CARTESIAN_POINT('',(-1.2875E0,-1.875E0,-6.35E-1));
#7072=LINE('',#7071,#7070);
#7073=DIRECTION('',(0.E0,-1.E0,0.E0));
#7074=VECTOR('',#7073,1.5E-1);
#7075=CARTESIAN_POINT('',(-1.3375E0,-1.725E0,-6.85E-1));
#7076=LINE('',#7075,#7074);
#7077=DIRECTION('',(0.E0,1.E0,0.E0));
#7078=VECTOR('',#7077,1.405E0);
#7079=CARTESIAN_POINT('',(-1.03E0,-3.405E0,-5.95E-1));
#7080=LINE('',#7079,#7078);
#7081=DIRECTION('',(2.505223373840E-14,-5.171156399256E-1,8.559155419458E-1));
#7082=VECTOR('',#7081,2.658979721054E-2);
#7083=CARTESIAN_POINT('',(1.17E0,2.49375E0,-5.95E-1));
#7084=LINE('',#7083,#7082);
#7085=CARTESIAN_POINT('',(1.32E0,2.53E0,-6.85E-1));
#7086=DIRECTION('',(0.E0,-1.E0,0.E0));
#7087=DIRECTION('',(-1.E0,0.E0,0.E0));
#7088=AXIS2_PLACEMENT_3D('',#7085,#7086,#7087);
#7090=DIRECTION('',(0.E0,-4.440892098501E-14,-1.E0));
#7091=VECTOR('',#7090,3.E-2);
#7092=CARTESIAN_POINT('',(1.17E0,2.53E0,-6.55E-1));
#7093=LINE('',#7092,#7091);
#7094=DIRECTION('',(-1.E0,0.E0,0.E0));
#7095=VECTOR('',#7094,1.E-1);
#7096=CARTESIAN_POINT('',(1.27E0,2.53E0,-6.55E-1));
#7097=LINE('',#7096,#7095);
#7098=CARTESIAN_POINT('',(1.32E0,2.53E0,-6.85E-1));
#7099=DIRECTION('',(0.E0,1.E0,0.E0));
#7100=DIRECTION('',(-1.332267629550E-14,0.E0,-1.E0));
#7101=AXIS2_PLACEMENT_3D('',#7098,#7099,#7100);
#7103=DIRECTION('',(-1.E0,0.E0,0.E0));
#7104=VECTOR('',#7103,1.9E-1);
#7105=CARTESIAN_POINT('',(1.51E0,2.53E0,-7.35E-1));
#7106=LINE('',#7105,#7104);
#7107=DIRECTION('',(0.E0,0.E0,1.E0));
#7108=VECTOR('',#7107,1.E-1);
#7109=CARTESIAN_POINT('',(1.51E0,2.53E0,-8.35E-1));
#7110=LINE('',#7109,#7108);
#7111=DIRECTION('',(-1.E0,0.E0,0.E0));
#7112=VECTOR('',#7111,1.9E-1);
#7113=CARTESIAN_POINT('',(1.51E0,2.53E0,-8.35E-1));
#7114=LINE('',#7113,#7112);
#7115=DIRECTION('',(0.E0,-1.E0,0.E0));
#7116=VECTOR('',#7115,4.E-1);
#7117=CARTESIAN_POINT('',(1.51E0,2.93E0,-8.35E-1));
#7118=LINE('',#7117,#7116);
#7119=DIRECTION('',(0.E0,0.E0,1.E0));
#7120=VECTOR('',#7119,3.E-2);
#7121=CARTESIAN_POINT('',(1.17E0,2.93E0,-6.85E-1));
#7122=LINE('',#7121,#7120);
#7123=CARTESIAN_POINT('',(1.32E0,2.93E0,-6.85E-1));
#7124=DIRECTION('',(0.E0,1.E0,0.E0));
#7125=DIRECTION('',(-1.717144944754E-13,0.E0,-1.E0));
#7126=AXIS2_PLACEMENT_3D('',#7123,#7124,#7125);
#7128=DIRECTION('',(-1.E0,-1.869849304632E-14,0.E0));
#7129=VECTOR('',#7128,1.9E-1);
#7130=CARTESIAN_POINT('',(1.51E0,2.93E0,-8.35E-1));
#7131=LINE('',#7130,#7129);
#7132=DIRECTION('',(0.E0,0.E0,-1.E0));
#7133=VECTOR('',#7132,1.E-1);
#7134=CARTESIAN_POINT('',(1.51E0,2.93E0,-7.35E-1));
#7135=LINE('',#7134,#7133);
#7136=CARTESIAN_POINT('',(1.32E0,2.93E0,-6.85E-1));
#7137=DIRECTION('',(0.E0,-1.E0,0.E0));
#7138=DIRECTION('',(-1.E0,0.E0,0.E0));
#7139=AXIS2_PLACEMENT_3D('',#7136,#7137,#7138);
#7141=DIRECTION('',(-3.484276186612E-14,-5.171156399256E-1,-8.559155419458E-1));
#7142=VECTOR('',#7141,7.010037446401E-2);
#7143=CARTESIAN_POINT('',(1.17E0,2.96625E0,-5.95E-1));
#7144=LINE('',#7143,#7142);
#7145=DIRECTION('',(3.484276186612E-14,-5.171156399256E-1,8.559155419458E-1));
#7146=VECTOR('',#7145,7.010037446401E-2);
#7147=CARTESIAN_POINT('',(1.17E0,2.53E0,-6.55E-1));
#7148=LINE('',#7147,#7146);
#7149=DIRECTION('',(2.109423746788E-14,-1.E0,0.E0));
#7150=VECTOR('',#7149,4.E-1);
#7151=CARTESIAN_POINT('',(1.32E0,2.93E0,-8.35E-1));
#7152=LINE('',#7151,#7150);
#7153=DIRECTION('',(0.E0,1.E0,0.E0));
#7154=VECTOR('',#7153,4.E-1);
#7155=CARTESIAN_POINT('',(1.17E0,2.53E0,-6.85E-1));
#7156=LINE('',#7155,#7154);
#7157=DIRECTION('',(-1.E0,-1.869849304632E-14,0.E0));
#7158=VECTOR('',#7157,1.9E-1);
#7159=CARTESIAN_POINT('',(1.51E0,2.93E0,-7.35E-1));
#7160=LINE('',#7159,#7158);
#7161=DIRECTION('',(0.E0,1.E0,0.E0));
#7162=VECTOR('',#7161,4.E-1);
#7163=CARTESIAN_POINT('',(1.51E0,2.53E0,-7.35E-1));
#7164=LINE('',#7163,#7162);
#7165=DIRECTION('',(0.E0,1.E0,0.E0));
#7166=VECTOR('',#7165,4.E-1);
#7167=CARTESIAN_POINT('',(1.32E0,2.53E0,-7.35E-1));
#7168=LINE('',#7167,#7166);
#7169=DIRECTION('',(0.E0,-1.E0,0.E0));
#7170=VECTOR('',#7169,4.E-1);
#7171=CARTESIAN_POINT('',(1.27E0,2.93E0,-6.85E-1));
#7172=LINE('',#7171,#7170);
#7173=DIRECTION('',(0.E0,0.E0,1.E0));
#7174=VECTOR('',#7173,5.E-2);
#7175=CARTESIAN_POINT('',(1.17E0,3.08E0,2.75E-1));
#7176=LINE('',#7175,#7174);
#7177=DIRECTION('',(1.E0,0.E0,0.E0));
#7178=VECTOR('',#7177,1.E-1);
#7179=CARTESIAN_POINT('',(1.17E0,3.08E0,3.25E-1));
#7180=LINE('',#7179,#7178);
#7181=DIRECTION('',(0.E0,-1.E0,0.E0));
#7182=VECTOR('',#7181,1.55E-1);
#7183=CARTESIAN_POINT('',(1.17E0,3.08E0,3.25E-1));
#7184=LINE('',#7183,#7182);
#7185=DIRECTION('',(-1.E0,0.E0,0.E0));
#7186=VECTOR('',#7185,1.E-1);
#7187=CARTESIAN_POINT('',(1.27E0,2.925E0,3.25E-1));
#7188=LINE('',#7187,#7186);
#7189=DIRECTION('',(-1.E0,0.E0,0.E0));
#7190=VECTOR('',#7189,1.E-1);
#7191=CARTESIAN_POINT('',(1.27E0,2.902297297297E0,2.587837837838E-1));
#7192=LINE('',#7191,#7190);
#7193=DIRECTION('',(1.E0,0.E0,0.E0));
#7194=VECTOR('',#7193,1.E-1);
#7195=CARTESIAN_POINT('',(1.17E0,2.805E0,2.75E-1));
#7196=LINE('',#7195,#7194);
#7197=DIRECTION('',(7.071067811865E-1,0.E0,-7.071067811866E-1));
#7198=VECTOR('',#7197,5.656854249492E-2);
#7199=CARTESIAN_POINT('',(1.23E0,2.805E0,3.55E-1));
#7200=LINE('',#7199,#7198);
#7201=DIRECTION('',(0.E0,0.E0,1.E0));
#7202=VECTOR('',#7201,8.E-2);
#7203=CARTESIAN_POINT('',(1.17E0,2.805E0,2.75E-1));
#7204=LINE('',#7203,#7202);
#7205=DIRECTION('',(0.E0,-1.E0,0.E0));
#7206=VECTOR('',#7205,1.5E-1);
#7207=CARTESIAN_POINT('',(1.23E0,2.805E0,3.55E-1));
#7208=LINE('',#7207,#7206);
#7209=DIRECTION('',(-1.E0,0.E0,0.E0));
#7210=VECTOR('',#7209,6.E-2);
#7211=CARTESIAN_POINT('',(1.23E0,2.655E0,3.55E-1));
#7212=LINE('',#7211,#7210);
#7213=DIRECTION('',(-7.071067811865E-1,0.E0,7.071067811865E-1));
#7214=VECTOR('',#7213,5.656854249492E-2);
#7215=CARTESIAN_POINT('',(1.27E0,2.655E0,3.15E-1));
#7216=LINE('',#7215,#7214);
#7217=DIRECTION('',(0.E0,0.E0,-1.E0));
#7218=VECTOR('',#7217,8.E-2);
#7219=CARTESIAN_POINT('',(1.17E0,2.655E0,3.55E-1));
#7220=LINE('',#7219,#7218);
#7221=DIRECTION('',(-1.E0,0.E0,0.E0));
#7222=VECTOR('',#7221,6.E-2);
#7223=CARTESIAN_POINT('',(1.23E0,2.805E0,3.55E-1));
#7224=LINE('',#7223,#7222);
#7225=DIRECTION('',(0.E0,-1.E0,0.E0));
#7226=VECTOR('',#7225,1.5E-1);
#7227=CARTESIAN_POINT('',(1.17E0,2.805E0,3.55E-1));
#7228=LINE('',#7227,#7226);
#7229=DIRECTION('',(-1.E0,0.E0,0.E0));
#7230=VECTOR('',#7229,1.E-1);
#7231=CARTESIAN_POINT('',(1.27E0,2.655E0,2.75E-1));
#7232=LINE('',#7231,#7230);
#7233=DIRECTION('',(1.E0,0.E0,0.E0));
#7234=VECTOR('',#7233,1.E-1);
#7235=CARTESIAN_POINT('',(1.17E0,2.557702702703E0,2.587837837838E-1));
#7236=LINE('',#7235,#7234);
#7237=DIRECTION('',(1.E0,0.E0,0.E0));
#7238=VECTOR('',#7237,1.E-1);
#7239=CARTESIAN_POINT('',(1.17E0,2.38E0,3.25E-1));
#7240=LINE('',#7239,#7238);
#7241=DIRECTION('',(0.E0,-1.E0,0.E0));
#7242=VECTOR('',#7241,1.55E-1);
#7243=CARTESIAN_POINT('',(1.17E0,2.535E0,3.25E-1));
#7244=LINE('',#7243,#7242);
#7245=DIRECTION('',(-1.E0,0.E0,0.E0));
#7246=VECTOR('',#7245,1.E-1);
#7247=CARTESIAN_POINT('',(1.27E0,2.535E0,3.25E-1));
#7248=LINE('',#7247,#7246);
#7249=DIRECTION('',(0.E0,0.E0,1.E0));
#7250=VECTOR('',#7249,5.E-2);
#7251=CARTESIAN_POINT('',(-1.17E0,-3.08E0,2.75E-1));
#7252=LINE('',#7251,#7250);
#7253=DIRECTION('',(-1.E0,0.E0,0.E0));
#7254=VECTOR('',#7253,1.E-1);
#7255=CARTESIAN_POINT('',(-1.17E0,-3.08E0,3.25E-1));
#7256=LINE('',#7255,#7254);
#7257=DIRECTION('',(0.E0,1.E0,0.E0));
#7258=VECTOR('',#7257,1.55E-1);
#7259=CARTESIAN_POINT('',(-1.17E0,-3.08E0,3.25E-1));
#7260=LINE('',#7259,#7258);
#7261=DIRECTION('',(1.E0,0.E0,0.E0));
#7262=VECTOR('',#7261,1.E-1);
#7263=CARTESIAN_POINT('',(-1.27E0,-2.925E0,3.25E-1));
#7264=LINE('',#7263,#7262);
#7265=DIRECTION('',(1.E0,0.E0,0.E0));
#7266=VECTOR('',#7265,1.E-1);
#7267=CARTESIAN_POINT('',(-1.27E0,-2.902297297297E0,2.587837837838E-1));
#7268=LINE('',#7267,#7266);
#7269=DIRECTION('',(-1.E0,0.E0,0.E0));
#7270=VECTOR('',#7269,1.E-1);
#7271=CARTESIAN_POINT('',(-1.17E0,-2.805E0,2.75E-1));
#7272=LINE('',#7271,#7270);
#7273=DIRECTION('',(-7.071067811865E-1,0.E0,-7.071067811866E-1));
#7274=VECTOR('',#7273,5.656854249492E-2);
#7275=CARTESIAN_POINT('',(-1.23E0,-2.805E0,3.55E-1));
#7276=LINE('',#7275,#7274);
#7277=DIRECTION('',(0.E0,0.E0,1.E0));
#7278=VECTOR('',#7277,8.E-2);
#7279=CARTESIAN_POINT('',(-1.17E0,-2.805E0,2.75E-1));
#7280=LINE('',#7279,#7278);
#7281=DIRECTION('',(0.E0,1.E0,0.E0));
#7282=VECTOR('',#7281,1.5E-1);
#7283=CARTESIAN_POINT('',(-1.23E0,-2.805E0,3.55E-1));
#7284=LINE('',#7283,#7282);
#7285=DIRECTION('',(1.E0,0.E0,0.E0));
#7286=VECTOR('',#7285,6.E-2);
#7287=CARTESIAN_POINT('',(-1.23E0,-2.655E0,3.55E-1));
#7288=LINE('',#7287,#7286);
#7289=DIRECTION('',(7.071067811865E-1,0.E0,7.071067811865E-1));
#7290=VECTOR('',#7289,5.656854249492E-2);
#7291=CARTESIAN_POINT('',(-1.27E0,-2.655E0,3.15E-1));
#7292=LINE('',#7291,#7290);
#7293=DIRECTION('',(0.E0,0.E0,-1.E0));
#7294=VECTOR('',#7293,8.E-2);
#7295=CARTESIAN_POINT('',(-1.17E0,-2.655E0,3.55E-1));
#7296=LINE('',#7295,#7294);
#7297=DIRECTION('',(1.E0,0.E0,0.E0));
#7298=VECTOR('',#7297,6.E-2);
#7299=CARTESIAN_POINT('',(-1.23E0,-2.805E0,3.55E-1));
#7300=LINE('',#7299,#7298);
#7301=DIRECTION('',(0.E0,1.E0,0.E0));
#7302=VECTOR('',#7301,1.5E-1);
#7303=CARTESIAN_POINT('',(-1.17E0,-2.805E0,3.55E-1));
#7304=LINE('',#7303,#7302);
#7305=DIRECTION('',(1.E0,0.E0,0.E0));
#7306=VECTOR('',#7305,1.E-1);
#7307=CARTESIAN_POINT('',(-1.27E0,-2.655E0,2.75E-1));
#7308=LINE('',#7307,#7306);
#7309=DIRECTION('',(-1.E0,0.E0,0.E0));
#7310=VECTOR('',#7309,1.E-1);
#7311=CARTESIAN_POINT('',(-1.17E0,-2.557702702703E0,2.587837837838E-1));
#7312=LINE('',#7311,#7310);
#7313=DIRECTION('',(-1.E0,0.E0,0.E0));
#7314=VECTOR('',#7313,1.E-1);
#7315=CARTESIAN_POINT('',(-1.17E0,2.38E0,3.25E-1));
#7316=LINE('',#7315,#7314);
#7317=DIRECTION('',(0.E0,0.E0,1.E0));
#7318=VECTOR('',#7317,5.E-2);
#7319=CARTESIAN_POINT('',(-1.17E0,2.38E0,2.75E-1));
#7320=LINE('',#7319,#7318);
#7321=DIRECTION('',(-1.E0,0.E0,0.E0));
#7322=VECTOR('',#7321,1.E-1);
#7323=CARTESIAN_POINT('',(-1.17E0,2.535E0,3.25E-1));
#7324=LINE('',#7323,#7322);
#7325=DIRECTION('',(0.E0,1.E0,0.E0));
#7326=VECTOR('',#7325,1.55E-1);
#7327=CARTESIAN_POINT('',(-1.17E0,2.38E0,3.25E-1));
#7328=LINE('',#7327,#7326);
#7329=DIRECTION('',(1.E0,0.E0,0.E0));
#7330=VECTOR('',#7329,1.E-1);
#7331=CARTESIAN_POINT('',(-1.27E0,2.557702702703E0,2.587837837838E-1));
#7332=LINE('',#7331,#7330);
#7333=DIRECTION('',(-1.E0,0.E0,0.E0));
#7334=VECTOR('',#7333,1.E-1);
#7335=CARTESIAN_POINT('',(-1.17E0,2.655E0,2.75E-1));
#7336=LINE('',#7335,#7334);
#7337=DIRECTION('',(-1.E0,0.E0,0.E0));
#7338=VECTOR('',#7337,6.E-2);
#7339=CARTESIAN_POINT('',(-1.17E0,2.655E0,3.55E-1));
#7340=LINE('',#7339,#7338);
#7341=DIRECTION('',(0.E0,0.E0,1.E0));
#7342=VECTOR('',#7341,8.E-2);
#7343=CARTESIAN_POINT('',(-1.17E0,2.655E0,2.75E-1));
#7344=LINE('',#7343,#7342);
#7345=DIRECTION('',(-7.071067811865E-1,0.E0,-7.071067811865E-1));
#7346=VECTOR('',#7345,5.656854249492E-2);
#7347=CARTESIAN_POINT('',(-1.23E0,2.655E0,3.55E-1));
#7348=LINE('',#7347,#7346);
#7349=DIRECTION('',(-1.E0,0.E0,0.E0));
#7350=VECTOR('',#7349,6.E-2);
#7351=CARTESIAN_POINT('',(-1.17E0,2.805E0,3.55E-1));
#7352=LINE('',#7351,#7350);
#7353=DIRECTION('',(0.E0,1.E0,0.E0));
#7354=VECTOR('',#7353,1.5E-1);
#7355=CARTESIAN_POINT('',(-1.17E0,2.655E0,3.55E-1));
#7356=LINE('',#7355,#7354);
#7357=DIRECTION('',(7.071067811865E-1,0.E0,7.071067811866E-1));
#7358=VECTOR('',#7357,5.656854249492E-2);
#7359=CARTESIAN_POINT('',(-1.27E0,2.805E0,3.15E-1));
#7360=LINE('',#7359,#7358);
#7361=DIRECTION('',(0.E0,0.E0,-1.E0));
#7362=VECTOR('',#7361,8.E-2);
#7363=CARTESIAN_POINT('',(-1.17E0,2.805E0,3.55E-1));
#7364=LINE('',#7363,#7362);
#7365=DIRECTION('',(0.E0,1.E0,0.E0));
#7366=VECTOR('',#7365,1.5E-1);
#7367=CARTESIAN_POINT('',(-1.23E0,2.655E0,3.55E-1));
#7368=LINE('',#7367,#7366);
#7369=DIRECTION('',(1.E0,0.E0,0.E0));
#7370=VECTOR('',#7369,1.E-1);
#7371=CARTESIAN_POINT('',(-1.27E0,2.805E0,2.75E-1));
#7372=LINE('',#7371,#7370);
#7373=DIRECTION('',(-1.E0,0.E0,0.E0));
#7374=VECTOR('',#7373,1.E-1);
#7375=CARTESIAN_POINT('',(-1.17E0,2.902297297297E0,2.587837837838E-1));
#7376=LINE('',#7375,#7374);
#7377=DIRECTION('',(-1.E0,0.E0,0.E0));
#7378=VECTOR('',#7377,1.E-1);
#7379=CARTESIAN_POINT('',(-1.17E0,2.925E0,3.25E-1));
#7380=LINE('',#7379,#7378);
#7381=DIRECTION('',(0.E0,1.E0,0.E0));
#7382=VECTOR('',#7381,1.55E-1);
#7383=CARTESIAN_POINT('',(-1.17E0,2.925E0,3.25E-1));
#7384=LINE('',#7383,#7382);
#7385=DIRECTION('',(-1.E0,0.E0,0.E0));
#7386=VECTOR('',#7385,1.E-1);
#7387=CARTESIAN_POINT('',(-1.17E0,3.08E0,3.25E-1));
#7388=LINE('',#7387,#7386);
#7389=DIRECTION('',(0.E0,0.E0,-1.E0));
#7390=VECTOR('',#7389,5.E-2);
#7391=CARTESIAN_POINT('',(-1.17E0,3.08E0,3.25E-1));
#7392=LINE('',#7391,#7390);
#7393=CARTESIAN_POINT('',(-3.5E-1,3.405E0,6.65E-1));
#7394=CARTESIAN_POINT('',(-3.5E-1,3.355E0,6.65E-1));
#7395=VERTEX_POINT('',#7393);
#7396=VERTEX_POINT('',#7394);
#7397=CARTESIAN_POINT('',(-3.5E-1,3.355E0,-7.85E-1));
#7398=VERTEX_POINT('',#7397);
#7399=CARTESIAN_POINT('',(-3.5E-1,3.405E0,-7.85E-1));
#7400=VERTEX_POINT('',#7399);
#7401=CARTESIAN_POINT('',(-1.23E0,2.655E0,3.55E-1));
#7402=CARTESIAN_POINT('',(-1.27E0,2.655E0,3.15E-1));
#7403=VERTEX_POINT('',#7401);
#7404=VERTEX_POINT('',#7402);
#7405=CARTESIAN_POINT('',(-1.23E0,2.805E0,3.55E-1));
#7406=VERTEX_POINT('',#7405);
#7407=CARTESIAN_POINT('',(-1.27E0,2.805E0,3.15E-1));
#7408=VERTEX_POINT('',#7407);
#7409=CARTESIAN_POINT('',(-1.32E0,2.93E0,-7.35E-1));
#7410=CARTESIAN_POINT('',(-1.27E0,2.93E0,-6.85E-1));
#7411=VERTEX_POINT('',#7409);
#7412=VERTEX_POINT('',#7410);
#7413=CARTESIAN_POINT('',(-1.32E0,2.53E0,-7.35E-1));
#7414=VERTEX_POINT('',#7413);
#7415=CARTESIAN_POINT('',(-1.27E0,2.53E0,-6.85E-1));
#7416=VERTEX_POINT('',#7415);
#7417=CARTESIAN_POINT('',(-1.32E0,2.53E0,-8.35E-1));
#7418=CARTESIAN_POINT('',(-1.17E0,2.53E0,-6.85E-1));
#7419=VERTEX_POINT('',#7417);
#7420=VERTEX_POINT('',#7418);
#7421=CARTESIAN_POINT('',(-1.32E0,2.93E0,-8.35E-1));
#7422=VERTEX_POINT('',#7421);
#7423=CARTESIAN_POINT('',(-1.17E0,2.93E0,-6.85E-1));
#7424=VERTEX_POINT('',#7423);
#7425=CARTESIAN_POINT('',(-1.51E0,2.53E0,-7.35E-1));
#7426=CARTESIAN_POINT('',(-1.51E0,2.53E0,-8.35E-1));
#7427=VERTEX_POINT('',#7425);
#7428=VERTEX_POINT('',#7426);
#7429=CARTESIAN_POINT('',(-1.51E0,2.93E0,-7.35E-1));
#7430=VERTEX_POINT('',#7429);
#7431=CARTESIAN_POINT('',(-1.51E0,2.93E0,-8.35E-1));
#7432=VERTEX_POINT('',#7431);
#7433=CARTESIAN_POINT('',(-1.17E0,2.93E0,-6.55E-1));
#7434=CARTESIAN_POINT('',(-1.17E0,2.96625E0,-5.95E-1));
#7435=VERTEX_POINT('',#7433);
#7436=VERTEX_POINT('',#7434);
#7437=CARTESIAN_POINT('',(-1.17E0,2.49375E0,-5.95E-1));
#7438=VERTEX_POINT('',#7437);
#7439=CARTESIAN_POINT('',(-1.17E0,2.53E0,-6.55E-1));
#7440=VERTEX_POINT('',#7439);
#7441=CARTESIAN_POINT('',(-1.17E0,2.655E0,2.75E-1));
#7442=CARTESIAN_POINT('',(-1.17E0,2.605E0,2.25E-1));
#7443=VERTEX_POINT('',#7441);
#7444=VERTEX_POINT('',#7442);
#7445=CARTESIAN_POINT('',(-1.17E0,2.557702702703E0,2.587837837838E-1));
#7446=VERTEX_POINT('',#7445);
#7447=CARTESIAN_POINT('',(-1.27E0,2.655E0,2.75E-1));
#7448=VERTEX_POINT('',#7447);
#7449=CARTESIAN_POINT('',(-1.27E0,2.605E0,2.25E-1));
#7450=VERTEX_POINT('',#7449);
#7451=CARTESIAN_POINT('',(-1.27E0,2.557702702703E0,2.587837837838E-1));
#7452=VERTEX_POINT('',#7451);
#7453=CARTESIAN_POINT('',(-1.17E0,2.805E0,3.55E-1));
#7454=VERTEX_POINT('',#7453);
#7455=CARTESIAN_POINT('',(-1.17E0,2.805E0,2.75E-1));
#7456=VERTEX_POINT('',#7455);
#7457=CARTESIAN_POINT('',(-1.27E0,2.805E0,2.75E-1));
#7458=VERTEX_POINT('',#7457);
#7459=CARTESIAN_POINT('',(-1.17E0,2.902297297297E0,2.587837837838E-1));
#7460=CARTESIAN_POINT('',(-1.17E0,2.855E0,2.25E-1));
#7461=VERTEX_POINT('',#7459);
#7462=VERTEX_POINT('',#7460);
#7463=CARTESIAN_POINT('',(-1.27E0,2.902297297297E0,2.587837837838E-1));
#7464=VERTEX_POINT('',#7463);
#7465=CARTESIAN_POINT('',(-1.27E0,2.855E0,2.25E-1));
#7466=VERTEX_POINT('',#7465);
#7467=CARTESIAN_POINT('',(-1.17E0,2.925E0,3.25E-1));
#7468=VERTEX_POINT('',#7467);
#7469=CARTESIAN_POINT('',(-1.27E0,2.925E0,3.25E-1));
#7470=VERTEX_POINT('',#7469);
#7471=CARTESIAN_POINT('',(-1.17E0,3.08E0,3.25E-1));
#7472=VERTEX_POINT('',#7471);
#7473=CARTESIAN_POINT('',(-1.27E0,3.08E0,3.25E-1));
#7474=VERTEX_POINT('',#7473);
#7475=CARTESIAN_POINT('',(-1.17E0,3.08E0,2.75E-1));
#7476=VERTEX_POINT('',#7475);
#7477=CARTESIAN_POINT('',(-1.27E0,3.08E0,2.75E-1));
#7478=VERTEX_POINT('',#7477);
#7479=CARTESIAN_POINT('',(-1.27E0,2.98E0,-5.722413793103E-1));
#7480=CARTESIAN_POINT('',(-1.27E0,2.93E0,-6.55E-1));
#7481=VERTEX_POINT('',#7479);
#7482=VERTEX_POINT('',#7480);
#7483=CARTESIAN_POINT('',(-1.17E0,2.98E0,-5.722413793103E-1));
#7484=VERTEX_POINT('',#7483);
#7485=CARTESIAN_POINT('',(-1.27E0,2.53E0,-6.55E-1));
#7486=VERTEX_POINT('',#7485);
#7487=CARTESIAN_POINT('',(-1.17E0,2.48E0,-5.722413793103E-1));
#7488=VERTEX_POINT('',#7487);
#7489=CARTESIAN_POINT('',(-1.27E0,2.48E0,-5.722413793103E-1));
#7490=VERTEX_POINT('',#7489);
#7491=CARTESIAN_POINT('',(-1.27E0,2.38E0,2.75E-1));
#7492=CARTESIAN_POINT('',(-1.27E0,2.38E0,3.25E-1));
#7493=VERTEX_POINT('',#7491);
#7494=VERTEX_POINT('',#7492);
#7495=CARTESIAN_POINT('',(-1.17E0,2.38E0,2.75E-1));
#7496=VERTEX_POINT('',#7495);
#7497=CARTESIAN_POINT('',(-1.17E0,2.38E0,3.25E-1));
#7498=VERTEX_POINT('',#7497);
#7499=CARTESIAN_POINT('',(-1.27E0,2.535E0,3.25E-1));
#7500=VERTEX_POINT('',#7499);
#7501=CARTESIAN_POINT('',(-1.17E0,2.535E0,3.25E-1));
#7502=VERTEX_POINT('',#7501);
#7503=CARTESIAN_POINT('',(-1.27E0,2.48E0,2.75E-1));
#7504=VERTEX_POINT('',#7503);
#7505=CARTESIAN_POINT('',(-1.27E0,2.98E0,2.75E-1));
#7506=VERTEX_POINT('',#7505);
#7507=CARTESIAN_POINT('',(-1.17E0,2.655E0,3.55E-1));
#7508=VERTEX_POINT('',#7507);
#7509=CARTESIAN_POINT('',(-1.03E0,2.E0,-5.95E-1));
#7510=CARTESIAN_POINT('',(-8.4E-1,2.E0,-7.85E-1));
#7511=VERTEX_POINT('',#7509);
#7512=VERTEX_POINT('',#7510);
#7513=CARTESIAN_POINT('',(-1.03E0,3.405E0,-5.95E-1));
#7514=VERTEX_POINT('',#7513);
#7515=CARTESIAN_POINT('',(-8.4E-1,3.405E0,-7.85E-1));
#7516=VERTEX_POINT('',#7515);
#7517=CARTESIAN_POINT('',(-7.35E-1,2.282857142857E0,6.35E-1));
#7518=CARTESIAN_POINT('',(-9.35E-1,2.34E0,8.35E-1));
#7519=VERTEX_POINT('',#7517);
#7520=VERTEX_POINT('',#7518);
#7521=CARTESIAN_POINT('',(-1.17E0,2.34E0,8.35E-1));
#7522=VERTEX_POINT('',#7521);
#7523=CARTESIAN_POINT('',(-1.17E0,2.18E0,2.75E-1));
#7524=VERTEX_POINT('',#7523);
#7525=CARTESIAN_POINT('',(-8.55E-1,2.18E0,2.75E-1));
#7526=VERTEX_POINT('',#7525);
#7527=CARTESIAN_POINT('',(-7.35E-1,2.145714285714E0,1.55E-1));
#7528=VERTEX_POINT('',#7527);
#7529=CARTESIAN_POINT('',(-9.35E-1,3.13E0,8.35E-1));
#7530=VERTEX_POINT('',#7529);
#7531=CARTESIAN_POINT('',(-7.35E-1,2.93E0,6.35E-1));
#7532=VERTEX_POINT('',#7531);
#7533=CARTESIAN_POINT('',(-4.E-1,3.13E0,8.35E-1));
#7534=CARTESIAN_POINT('',(-4.E-1,3.405E0,8.35E-1));
#7535=VERTEX_POINT('',#7533);
#7536=VERTEX_POINT('',#7534);
#7537=CARTESIAN_POINT('',(-3.5E-1,2.96E0,6.65E-1));
#7538=VERTEX_POINT('',#7537);
#7539=CARTESIAN_POINT('',(-1.17E0,3.405E0,2.75E-1));
#7540=VERTEX_POINT('',#7539);
#7541=CARTESIAN_POINT('',(-1.17E0,3.405E0,8.35E-1));
#7542=VERTEX_POINT('',#7541);
#7543=CARTESIAN_POINT('',(-1.55E0,2.98E0,-5.950000000001E-1));
#7544=CARTESIAN_POINT('',(-1.55E0,3.405E0,-5.950000000001E-1));
#7545=VERTEX_POINT('',#7543);
#7546=VERTEX_POINT('',#7544);
#7547=CARTESIAN_POINT('',(-1.55E0,2.E0,-5.950000000001E-1));
#7548=VERTEX_POINT('',#7547);
#7549=CARTESIAN_POINT('',(-1.55E0,2.48E0,-5.950000000001E-1));
#7550=VERTEX_POINT('',#7549);
#7551=CARTESIAN_POINT('',(-1.17E0,2.48E0,-5.95E-1));
#7552=VERTEX_POINT('',#7551);
#7553=CARTESIAN_POINT('',(-1.17E0,2.98E0,-5.95E-1));
#7554=VERTEX_POINT('',#7553);
#7555=CARTESIAN_POINT('',(-1.55E0,2.98E0,2.75E-1));
#7556=CARTESIAN_POINT('',(-1.55E0,3.405E0,2.75E-1));
#7557=VERTEX_POINT('',#7555);
#7558=VERTEX_POINT('',#7556);
#7559=CARTESIAN_POINT('',(-1.55E0,2.48E0,2.75E-1));
#7560=VERTEX_POINT('',#7559);
#7561=CARTESIAN_POINT('',(3.5E-1,3.355E0,-7.85E-1));
#7562=VERTEX_POINT('',#7561);
#7563=CARTESIAN_POINT('',(3.5E-1,3.355E0,6.65E-1));
#7564=VERTEX_POINT('',#7563);
#7565=CARTESIAN_POINT('',(3.5E-1,3.405E0,6.65E-1));
#7566=VERTEX_POINT('',#7565);
#7567=CARTESIAN_POINT('',(3.5E-1,3.405E0,-7.85E-1));
#7568=VERTEX_POINT('',#7567);
#7569=CARTESIAN_POINT('',(1.27E0,2.655E0,3.15E-1));
#7570=CARTESIAN_POINT('',(1.23E0,2.655E0,3.55E-1));
#7571=VERTEX_POINT('',#7569);
#7572=VERTEX_POINT('',#7570);
#7573=CARTESIAN_POINT('',(1.27E0,2.805E0,3.15E-1));
#7574=VERTEX_POINT('',#7573);
#7575=CARTESIAN_POINT('',(1.23E0,2.805E0,3.55E-1));
#7576=VERTEX_POINT('',#7575);
#7577=CARTESIAN_POINT('',(1.27E0,2.93E0,-6.85E-1));
#7578=CARTESIAN_POINT('',(1.32E0,2.93E0,-7.35E-1));
#7579=VERTEX_POINT('',#7577);
#7580=VERTEX_POINT('',#7578);
#7581=CARTESIAN_POINT('',(1.27E0,2.53E0,-6.85E-1));
#7582=VERTEX_POINT('',#7581);
#7583=CARTESIAN_POINT('',(1.32E0,2.53E0,-7.35E-1));
#7584=VERTEX_POINT('',#7583);
#7585=CARTESIAN_POINT('',(1.17E0,2.53E0,-6.85E-1));
#7586=CARTESIAN_POINT('',(1.32E0,2.53E0,-8.35E-1));
#7587=VERTEX_POINT('',#7585);
#7588=VERTEX_POINT('',#7586);
#7589=CARTESIAN_POINT('',(1.17E0,2.93E0,-6.85E-1));
#7590=VERTEX_POINT('',#7589);
#7591=CARTESIAN_POINT('',(1.32E0,2.93E0,-8.35E-1));
#7592=VERTEX_POINT('',#7591);
#7593=CARTESIAN_POINT('',(1.51E0,2.53E0,-8.35E-1));
#7594=CARTESIAN_POINT('',(1.51E0,2.53E0,-7.35E-1));
#7595=VERTEX_POINT('',#7593);
#7596=VERTEX_POINT('',#7594);
#7597=CARTESIAN_POINT('',(1.51E0,2.93E0,-8.35E-1));
#7598=VERTEX_POINT('',#7597);
#7599=CARTESIAN_POINT('',(1.51E0,2.93E0,-7.35E-1));
#7600=VERTEX_POINT('',#7599);
#7601=CARTESIAN_POINT('',(1.17E0,2.96625E0,-5.95E-1));
#7602=CARTESIAN_POINT('',(1.17E0,2.93E0,-6.55E-1));
#7603=VERTEX_POINT('',#7601);
#7604=VERTEX_POINT('',#7602);
#7605=CARTESIAN_POINT('',(1.17E0,2.53E0,-6.55E-1));
#7606=VERTEX_POINT('',#7605);
#7607=CARTESIAN_POINT('',(1.17E0,2.49375E0,-5.95E-1));
#7608=VERTEX_POINT('',#7607);
#7609=CARTESIAN_POINT('',(1.17E0,2.557702702703E0,2.587837837838E-1));
#7610=CARTESIAN_POINT('',(1.17E0,2.605E0,2.25E-1));
#7611=VERTEX_POINT('',#7609);
#7612=VERTEX_POINT('',#7610);
#7613=CARTESIAN_POINT('',(1.17E0,2.655E0,2.75E-1));
#7614=VERTEX_POINT('',#7613);
#7615=CARTESIAN_POINT('',(1.27E0,2.557702702703E0,2.587837837838E-1));
#7616=VERTEX_POINT('',#7615);
#7617=CARTESIAN_POINT('',(1.27E0,2.605E0,2.25E-1));
#7618=VERTEX_POINT('',#7617);
#7619=CARTESIAN_POINT('',(1.27E0,2.655E0,2.75E-1));
#7620=VERTEX_POINT('',#7619);
#7621=CARTESIAN_POINT('',(1.27E0,2.805E0,2.75E-1));
#7622=VERTEX_POINT('',#7621);
#7623=CARTESIAN_POINT('',(1.17E0,2.805E0,2.75E-1));
#7624=VERTEX_POINT('',#7623);
#7625=CARTESIAN_POINT('',(1.17E0,2.805E0,3.55E-1));
#7626=VERTEX_POINT('',#7625);
#7627=CARTESIAN_POINT('',(1.17E0,2.855E0,2.25E-1));
#7628=VERTEX_POINT('',#7627);
#7629=CARTESIAN_POINT('',(1.17E0,2.902297297297E0,2.587837837838E-1));
#7630=VERTEX_POINT('',#7629);
#7631=CARTESIAN_POINT('',(1.27E0,2.855E0,2.25E-1));
#7632=VERTEX_POINT('',#7631);
#7633=CARTESIAN_POINT('',(1.27E0,2.902297297297E0,2.587837837838E-1));
#7634=VERTEX_POINT('',#7633);
#7635=CARTESIAN_POINT('',(1.17E0,2.925E0,3.25E-1));
#7636=VERTEX_POINT('',#7635);
#7637=CARTESIAN_POINT('',(1.27E0,2.925E0,3.25E-1));
#7638=VERTEX_POINT('',#7637);
#7639=CARTESIAN_POINT('',(1.17E0,3.08E0,3.25E-1));
#7640=VERTEX_POINT('',#7639);
#7641=CARTESIAN_POINT('',(1.27E0,3.08E0,3.25E-1));
#7642=VERTEX_POINT('',#7641);
#7643=CARTESIAN_POINT('',(1.17E0,3.08E0,2.75E-1));
#7644=VERTEX_POINT('',#7643);
#7645=CARTESIAN_POINT('',(1.27E0,3.08E0,2.75E-1));
#7646=VERTEX_POINT('',#7645);
#7647=CARTESIAN_POINT('',(1.27E0,2.93E0,-6.55E-1));
#7648=CARTESIAN_POINT('',(1.27E0,2.98E0,-5.722413793103E-1));
#7649=VERTEX_POINT('',#7647);
#7650=VERTEX_POINT('',#7648);
#7651=CARTESIAN_POINT('',(1.17E0,2.98E0,-5.722413793103E-1));
#7652=VERTEX_POINT('',#7651);
#7653=CARTESIAN_POINT('',(1.27E0,2.53E0,-6.55E-1));
#7654=VERTEX_POINT('',#7653);
#7655=CARTESIAN_POINT('',(1.17E0,2.48E0,-5.722413793103E-1));
#7656=VERTEX_POINT('',#7655);
#7657=CARTESIAN_POINT('',(1.27E0,2.48E0,-5.722413793103E-1));
#7658=VERTEX_POINT('',#7657);
#7659=CARTESIAN_POINT('',(1.27E0,2.38E0,3.25E-1));
#7660=CARTESIAN_POINT('',(1.27E0,2.38E0,2.75E-1));
#7661=VERTEX_POINT('',#7659);
#7662=VERTEX_POINT('',#7660);
#7663=CARTESIAN_POINT('',(1.17E0,2.38E0,3.25E-1));
#7664=VERTEX_POINT('',#7663);
#7665=CARTESIAN_POINT('',(1.17E0,2.38E0,2.75E-1));
#7666=VERTEX_POINT('',#7665);
#7667=CARTESIAN_POINT('',(1.27E0,2.535E0,3.25E-1));
#7668=VERTEX_POINT('',#7667);
#7669=CARTESIAN_POINT('',(1.17E0,2.535E0,3.25E-1));
#7670=VERTEX_POINT('',#7669);
#7671=CARTESIAN_POINT('',(1.27E0,2.48E0,2.75E-1));
#7672=VERTEX_POINT('',#7671);
#7673=CARTESIAN_POINT('',(1.27E0,2.98E0,2.75E-1));
#7674=VERTEX_POINT('',#7673);
#7675=CARTESIAN_POINT('',(1.17E0,2.655E0,3.55E-1));
#7676=VERTEX_POINT('',#7675);
#7677=CARTESIAN_POINT('',(8.4E-1,2.E0,-7.85E-1));
#7678=CARTESIAN_POINT('',(1.03E0,2.E0,-5.95E-1));
#7679=VERTEX_POINT('',#7677);
#7680=VERTEX_POINT('',#7678);
#7681=CARTESIAN_POINT('',(8.4E-1,3.405E0,-7.85E-1));
#7682=VERTEX_POINT('',#7681);
#7683=CARTESIAN_POINT('',(1.03E0,3.405E0,-5.95E-1));
#7684=VERTEX_POINT('',#7683);
#7685=CARTESIAN_POINT('',(9.35E-1,2.34E0,8.35E-1));
#7686=CARTESIAN_POINT('',(7.35E-1,2.282857142857E0,6.35E-1));
#7687=VERTEX_POINT('',#7685);
#7688=VERTEX_POINT('',#7686);
#7689=CARTESIAN_POINT('',(7.35E-1,2.145714285714E0,1.55E-1));
#7690=VERTEX_POINT('',#7689);
#7691=CARTESIAN_POINT('',(8.55E-1,2.18E0,2.75E-1));
#7692=VERTEX_POINT('',#7691);
#7693=CARTESIAN_POINT('',(1.17E0,2.18E0,2.75E-1));
#7694=VERTEX_POINT('',#7693);
#7695=CARTESIAN_POINT('',(1.17E0,2.34E0,8.35E-1));
#7696=VERTEX_POINT('',#7695);
#7697=CARTESIAN_POINT('',(9.35E-1,3.13E0,8.35E-1));
#7698=VERTEX_POINT('',#7697);
#7699=CARTESIAN_POINT('',(7.35E-1,2.93E0,6.35E-1));
#7700=VERTEX_POINT('',#7699);
#7701=CARTESIAN_POINT('',(4.E-1,3.13E0,8.35E-1));
#7702=CARTESIAN_POINT('',(3.5E-1,2.96E0,6.65E-1));
#7703=VERTEX_POINT('',#7701);
#7704=VERTEX_POINT('',#7702);
#7705=CARTESIAN_POINT('',(4.E-1,3.405E0,8.35E-1));
#7706=VERTEX_POINT('',#7705);
#7707=CARTESIAN_POINT('',(1.17E0,3.405E0,2.75E-1));
#7708=VERTEX_POINT('',#7707);
#7709=CARTESIAN_POINT('',(1.17E0,3.405E0,8.35E-1));
#7710=VERTEX_POINT('',#7709);
#7711=CARTESIAN_POINT('',(-3.2E-1,2.49E0,-5.05E-1));
#7712=CARTESIAN_POINT('',(-3.2E-1,2.49E0,7.15E-1));
#7713=VERTEX_POINT('',#7711);
#7714=VERTEX_POINT('',#7712);
#7715=CARTESIAN_POINT('',(3.2E-1,2.49E0,7.15E-1));
#7716=VERTEX_POINT('',#7715);
#7717=CARTESIAN_POINT('',(3.2E-1,2.49E0,-5.05E-1));
#7718=VERTEX_POINT('',#7717);
#7719=CARTESIAN_POINT('',(-8.3E-1,2.E0,-7.85E-1));
#7720=VERTEX_POINT('',#7719);
#7721=CARTESIAN_POINT('',(-1.04E0,2.E0,-5.75E-1));
#7722=VERTEX_POINT('',#7721);
#7723=CARTESIAN_POINT('',(-1.04E0,2.E0,-5.35E-1));
#7724=VERTEX_POINT('',#7723);
#7725=CARTESIAN_POINT('',(-1.55E0,2.E0,-5.35E-1));
#7726=VERTEX_POINT('',#7725);
#7727=CARTESIAN_POINT('',(1.55E0,3.405E0,-5.950000000001E-1));
#7728=CARTESIAN_POINT('',(1.55E0,2.98E0,-5.950000000001E-1));
#7729=VERTEX_POINT('',#7727);
#7730=VERTEX_POINT('',#7728);
#7731=CARTESIAN_POINT('',(1.17E0,2.98E0,-5.95E-1));
#7732=VERTEX_POINT('',#7731);
#7733=CARTESIAN_POINT('',(1.17E0,2.48E0,-5.95E-1));
#7734=VERTEX_POINT('',#7733);
#7735=CARTESIAN_POINT('',(1.55E0,2.48E0,-5.950000000001E-1));
#7736=VERTEX_POINT('',#7735);
#7737=CARTESIAN_POINT('',(1.55E0,2.E0,-5.950000000001E-1));
#7738=VERTEX_POINT('',#7737);
#7739=CARTESIAN_POINT('',(1.55E0,3.405E0,2.75E-1));
#7740=CARTESIAN_POINT('',(1.55E0,2.98E0,2.75E-1));
#7741=VERTEX_POINT('',#7739);
#7742=VERTEX_POINT('',#7740);
#7743=CARTESIAN_POINT('',(7.35E-1,2.93E0,-5.05E-1));
#7744=VERTEX_POINT('',#7743);
#7745=CARTESIAN_POINT('',(-7.35E-1,2.93E0,-5.05E-1));
#7746=VERTEX_POINT('',#7745);
#7747=CARTESIAN_POINT('',(1.55E0,2.48E0,2.75E-1));
#7748=VERTEX_POINT('',#7747);
#7749=CARTESIAN_POINT('',(1.55E0,2.E0,-5.35E-1));
#7750=VERTEX_POINT('',#7749);
#7751=CARTESIAN_POINT('',(1.04E0,2.E0,-5.35E-1));
#7752=VERTEX_POINT('',#7751);
#7753=CARTESIAN_POINT('',(1.04E0,2.E0,-5.75E-1));
#7754=VERTEX_POINT('',#7753);
#7755=CARTESIAN_POINT('',(8.3E-1,2.E0,-7.85E-1));
#7756=VERTEX_POINT('',#7755);
#7757=CARTESIAN_POINT('',(-3.8E-1,1.345E0,4.075543735346E-1));
#7758=CARTESIAN_POINT('',(-3.8E-1,1.345E0,5.299153554238E-1));
#7759=VERTEX_POINT('',#7757);
#7760=VERTEX_POINT('',#7758);
#7761=VERTEX_POINT('',#615);
#7762=VERTEX_POINT('',#600);
#7763=VERTEX_POINT('',#659);
#7764=VERTEX_POINT('',#662);
#7765=CARTESIAN_POINT('',(-3.8E-1,1.455E0,4.075543735346E-1));
#7766=VERTEX_POINT('',#7765);
#7767=VERTEX_POINT('',#677);
#7768=CARTESIAN_POINT('',(-3.713385620341E-1,1.455E0,4.024069130843E-1));
#7769=VERTEX_POINT('',#7768);
#7770=CARTESIAN_POINT('',(-3.713385620341E-1,1.345E0,4.024069130843E-1));
#7771=VERTEX_POINT('',#7770);
#7772=CARTESIAN_POINT('',(-3.272146126946E-1,1.345E0,6.053007010891E-1));
#7773=VERTEX_POINT('',#7772);
#7774=CARTESIAN_POINT('',(-3.272146126946E-1,1.455E0,6.053007010891E-1));
#7775=VERTEX_POINT('',#7774);
#7776=CARTESIAN_POINT('',(-3.2E-1,1.345E0,4.352731139202E-1));
#7777=CARTESIAN_POINT('',(-3.2E-1,1.345E0,6.147268860798E-1));
#7778=VERTEX_POINT('',#7776);
#7779=VERTEX_POINT('',#7777);
#7780=CARTESIAN_POINT('',(-3.2E-1,1.345E0,3.406154606933E-1));
#7781=VERTEX_POINT('',#7780);
#7782=CARTESIAN_POINT('',(-3.2E-1,1.455E0,3.406154606933E-1));
#7783=VERTEX_POINT('',#7782);
#7784=CARTESIAN_POINT('',(-3.2E-1,1.455E0,6.147268860798E-1));
#7785=VERTEX_POINT('',#7784);
#7786=CARTESIAN_POINT('',(-3.2E-1,1.455E0,4.352731139202E-1));
#7787=VERTEX_POINT('',#7786);
#7788=CARTESIAN_POINT('',(-1.2875E0,1.475E0,-5.35E-1));
#7789=CARTESIAN_POINT('',(-1.1375E0,1.475E0,-5.35E-1));
#7790=VERTEX_POINT('',#7788);
#7791=VERTEX_POINT('',#7789);
#7792=CARTESIAN_POINT('',(-1.1375E0,1.475E0,-6.35E-1));
#7793=VERTEX_POINT('',#7792);
#7794=CARTESIAN_POINT('',(-1.0875E0,1.475E0,-6.85E-1));
#7795=VERTEX_POINT('',#7794);
#7796=CARTESIAN_POINT('',(-1.04E0,1.475E0,-6.85E-1));
#7797=VERTEX_POINT('',#7796);
#7798=CARTESIAN_POINT('',(-1.04E0,1.475E0,-7.85E-1));
#7799=VERTEX_POINT('',#7798);
#7800=CARTESIAN_POINT('',(-1.09E0,1.475E0,-8.35E-1));
#7801=VERTEX_POINT('',#7800);
#7802=CARTESIAN_POINT('',(-1.6E0,1.475E0,-8.35E-1));
#7803=VERTEX_POINT('',#7802);
#7804=CARTESIAN_POINT('',(-1.6E0,1.475E0,-6.85E-1));
#7805=VERTEX_POINT('',#7804);
#7806=CARTESIAN_POINT('',(-1.3375E0,1.475E0,-6.85E-1));
#7807=VERTEX_POINT('',#7806);
#7808=CARTESIAN_POINT('',(-1.2875E0,1.475E0,-6.35E-1));
#7809=VERTEX_POINT('',#7808);
#7810=CARTESIAN_POINT('',(-1.2875E0,1.325E0,-5.35E-1));
#7811=CARTESIAN_POINT('',(-1.1375E0,1.325E0,-5.35E-1));
#7812=VERTEX_POINT('',#7810);
#7813=VERTEX_POINT('',#7811);
#7814=CARTESIAN_POINT('',(-1.2875E0,1.325E0,-6.35E-1));
#7815=VERTEX_POINT('',#7814);
#7816=CARTESIAN_POINT('',(-1.3375E0,1.325E0,-6.85E-1));
#7817=VERTEX_POINT('',#7816);
#7818=CARTESIAN_POINT('',(-1.6E0,1.325E0,-6.85E-1));
#7819=VERTEX_POINT('',#7818);
#7820=CARTESIAN_POINT('',(-1.6E0,1.325E0,-8.35E-1));
#7821=VERTEX_POINT('',#7820);
#7822=CARTESIAN_POINT('',(-1.09E0,1.325E0,-8.35E-1));
#7823=VERTEX_POINT('',#7822);
#7824=CARTESIAN_POINT('',(-1.04E0,1.325E0,-7.85E-1));
#7825=VERTEX_POINT('',#7824);
#7826=CARTESIAN_POINT('',(-1.04E0,1.325E0,-6.85E-1));
#7827=VERTEX_POINT('',#7826);
#7828=CARTESIAN_POINT('',(-1.0875E0,1.325E0,-6.85E-1));
#7829=VERTEX_POINT('',#7828);
#7830=CARTESIAN_POINT('',(-1.1375E0,1.325E0,-6.35E-1));
#7831=VERTEX_POINT('',#7830);
#7832=CARTESIAN_POINT('',(3.8E-1,1.345E0,5.299153554238E-1));
#7833=CARTESIAN_POINT('',(3.8E-1,1.345E0,4.075543735346E-1));
#7834=VERTEX_POINT('',#7832);
#7835=VERTEX_POINT('',#7833);
#7836=VERTEX_POINT('',#1904);
#7837=VERTEX_POINT('',#1912);
#7838=VERTEX_POINT('',#1876);
#7839=VERTEX_POINT('',#1879);
#7840=VERTEX_POINT('',#1898);
#7841=VERTEX_POINT('',#1891);
#7842=CARTESIAN_POINT('',(3.713385620341E-1,1.345E0,4.024069130843E-1));
#7843=VERTEX_POINT('',#7842);
#7844=CARTESIAN_POINT('',(3.713385620341E-1,1.455E0,4.024069130843E-1));
#7845=VERTEX_POINT('',#7844);
#7846=CARTESIAN_POINT('',(3.272146126946E-1,1.345E0,6.053007010891E-1));
#7847=VERTEX_POINT('',#7846);
#7848=CARTESIAN_POINT('',(3.272146126946E-1,1.455E0,6.053007010891E-1));
#7849=VERTEX_POINT('',#7848);
#7850=CARTESIAN_POINT('',(3.2E-1,1.345E0,4.352731139202E-1));
#7851=CARTESIAN_POINT('',(3.2E-1,1.345E0,3.406154606933E-1));
#7852=VERTEX_POINT('',#7850);
#7853=VERTEX_POINT('',#7851);
#7854=CARTESIAN_POINT('',(3.2E-1,1.345E0,6.147268860798E-1));
#7855=VERTEX_POINT('',#7854);
#7856=CARTESIAN_POINT('',(3.2E-1,1.455E0,3.406154606933E-1));
#7857=VERTEX_POINT('',#7856);
#7858=CARTESIAN_POINT('',(3.2E-1,1.455E0,4.352731139202E-1));
#7859=VERTEX_POINT('',#7858);
#7860=CARTESIAN_POINT('',(3.2E-1,1.455E0,6.147268860798E-1));
#7861=VERTEX_POINT('',#7860);
#7862=CARTESIAN_POINT('',(1.1375E0,1.475E0,-5.35E-1));
#7863=CARTESIAN_POINT('',(1.2875E0,1.475E0,-5.35E-1));
#7864=VERTEX_POINT('',#7862);
#7865=VERTEX_POINT('',#7863);
#7866=CARTESIAN_POINT('',(1.2875E0,1.475E0,-6.35E-1));
#7867=VERTEX_POINT('',#7866);
#7868=CARTESIAN_POINT('',(1.3375E0,1.475E0,-6.85E-1));
#7869=VERTEX_POINT('',#7868);
#7870=CARTESIAN_POINT('',(1.6E0,1.475E0,-6.85E-1));
#7871=VERTEX_POINT('',#7870);
#7872=CARTESIAN_POINT('',(1.6E0,1.475E0,-8.35E-1));
#7873=VERTEX_POINT('',#7872);
#7874=CARTESIAN_POINT('',(1.09E0,1.475E0,-8.35E-1));
#7875=VERTEX_POINT('',#7874);
#7876=CARTESIAN_POINT('',(1.04E0,1.475E0,-7.85E-1));
#7877=VERTEX_POINT('',#7876);
#7878=CARTESIAN_POINT('',(1.04E0,1.475E0,-6.85E-1));
#7879=VERTEX_POINT('',#7878);
#7880=CARTESIAN_POINT('',(1.0875E0,1.475E0,-6.85E-1));
#7881=VERTEX_POINT('',#7880);
#7882=CARTESIAN_POINT('',(1.1375E0,1.475E0,-6.35E-1));
#7883=VERTEX_POINT('',#7882);
#7884=CARTESIAN_POINT('',(1.2875E0,1.325E0,-5.35E-1));
#7885=CARTESIAN_POINT('',(1.2875E0,1.325E0,-6.35E-1));
#7886=VERTEX_POINT('',#7884);
#7887=VERTEX_POINT('',#7885);
#7888=CARTESIAN_POINT('',(1.1375E0,1.325E0,-5.35E-1));
#7889=VERTEX_POINT('',#7888);
#7890=CARTESIAN_POINT('',(1.1375E0,1.325E0,-6.35E-1));
#7891=VERTEX_POINT('',#7890);
#7892=CARTESIAN_POINT('',(1.0875E0,1.325E0,-6.85E-1));
#7893=VERTEX_POINT('',#7892);
#7894=CARTESIAN_POINT('',(1.04E0,1.325E0,-6.85E-1));
#7895=VERTEX_POINT('',#7894);
#7896=CARTESIAN_POINT('',(1.04E0,1.325E0,-7.85E-1));
#7897=VERTEX_POINT('',#7896);
#7898=CARTESIAN_POINT('',(1.09E0,1.325E0,-8.35E-1));
#7899=VERTEX_POINT('',#7898);
#7900=CARTESIAN_POINT('',(1.6E0,1.325E0,-8.35E-1));
#7901=VERTEX_POINT('',#7900);
#7902=CARTESIAN_POINT('',(1.6E0,1.325E0,-6.85E-1));
#7903=VERTEX_POINT('',#7902);
#7904=CARTESIAN_POINT('',(1.3375E0,1.325E0,-6.85E-1));
#7905=VERTEX_POINT('',#7904);
#7906=CARTESIAN_POINT('',(-3.8E-1,-2.55E-1,4.075543735346E-1));
#7907=CARTESIAN_POINT('',(-3.8E-1,-2.55E-1,5.299153554238E-1));
#7908=VERTEX_POINT('',#7906);
#7909=VERTEX_POINT('',#7907);
#7910=VERTEX_POINT('',#729);
#7911=VERTEX_POINT('',#714);
#7912=VERTEX_POINT('',#773);
#7913=VERTEX_POINT('',#776);
#7914=CARTESIAN_POINT('',(-3.8E-1,-1.45E-1,4.075543735346E-1));
#7915=VERTEX_POINT('',#7914);
#7916=VERTEX_POINT('',#791);
#7917=CARTESIAN_POINT('',(-3.713385620341E-1,-1.45E-1,4.024069130843E-1));
#7918=VERTEX_POINT('',#7917);
#7919=CARTESIAN_POINT('',(-3.713385620341E-1,-2.55E-1,4.024069130843E-1));
#7920=VERTEX_POINT('',#7919);
#7921=CARTESIAN_POINT('',(-3.272146126946E-1,-2.55E-1,6.053007010891E-1));
#7922=VERTEX_POINT('',#7921);
#7923=CARTESIAN_POINT('',(-3.272146126946E-1,-1.45E-1,6.053007010891E-1));
#7924=VERTEX_POINT('',#7923);
#7925=CARTESIAN_POINT('',(-3.2E-1,-2.55E-1,4.352731139202E-1));
#7926=CARTESIAN_POINT('',(-3.2E-1,-2.55E-1,6.147268860798E-1));
#7927=VERTEX_POINT('',#7925);
#7928=VERTEX_POINT('',#7926);
#7929=CARTESIAN_POINT('',(-3.2E-1,-2.55E-1,3.406154606933E-1));
#7930=VERTEX_POINT('',#7929);
#7931=CARTESIAN_POINT('',(-3.2E-1,-1.45E-1,3.406154606933E-1));
#7932=VERTEX_POINT('',#7931);
#7933=CARTESIAN_POINT('',(-3.2E-1,-1.45E-1,6.147268860798E-1));
#7934=VERTEX_POINT('',#7933);
#7935=CARTESIAN_POINT('',(-3.2E-1,-1.45E-1,4.352731139202E-1));
#7936=VERTEX_POINT('',#7935);
#7937=CARTESIAN_POINT('',(-1.2875E0,-1.25E-1,-5.35E-1));
#7938=CARTESIAN_POINT('',(-1.1375E0,-1.25E-1,-5.35E-1));
#7939=VERTEX_POINT('',#7937);
#7940=VERTEX_POINT('',#7938);
#7941=CARTESIAN_POINT('',(-1.1375E0,-1.25E-1,-6.35E-1));
#7942=VERTEX_POINT('',#7941);
#7943=CARTESIAN_POINT('',(-1.0875E0,-1.25E-1,-6.85E-1));
#7944=VERTEX_POINT('',#7943);
#7945=CARTESIAN_POINT('',(-1.04E0,-1.25E-1,-6.85E-1));
#7946=VERTEX_POINT('',#7945);
#7947=CARTESIAN_POINT('',(-1.04E0,-1.25E-1,-7.85E-1));
#7948=VERTEX_POINT('',#7947);
#7949=CARTESIAN_POINT('',(-1.09E0,-1.25E-1,-8.35E-1));
#7950=VERTEX_POINT('',#7949);
#7951=CARTESIAN_POINT('',(-1.6E0,-1.25E-1,-8.35E-1));
#7952=VERTEX_POINT('',#7951);
#7953=CARTESIAN_POINT('',(-1.6E0,-1.25E-1,-6.85E-1));
#7954=VERTEX_POINT('',#7953);
#7955=CARTESIAN_POINT('',(-1.3375E0,-1.25E-1,-6.85E-1));
#7956=VERTEX_POINT('',#7955);
#7957=CARTESIAN_POINT('',(-1.2875E0,-1.25E-1,-6.35E-1));
#7958=VERTEX_POINT('',#7957);
#7959=CARTESIAN_POINT('',(-1.2875E0,-2.75E-1,-5.35E-1));
#7960=CARTESIAN_POINT('',(-1.1375E0,-2.75E-1,-5.35E-1));
#7961=VERTEX_POINT('',#7959);
#7962=VERTEX_POINT('',#7960);
#7963=CARTESIAN_POINT('',(-1.2875E0,-2.75E-1,-6.35E-1));
#7964=VERTEX_POINT('',#7963);
#7965=CARTESIAN_POINT('',(-1.3375E0,-2.75E-1,-6.85E-1));
#7966=VERTEX_POINT('',#7965);
#7967=CARTESIAN_POINT('',(-1.6E0,-2.75E-1,-6.85E-1));
#7968=VERTEX_POINT('',#7967);
#7969=CARTESIAN_POINT('',(-1.6E0,-2.75E-1,-8.35E-1));
#7970=VERTEX_POINT('',#7969);
#7971=CARTESIAN_POINT('',(-1.09E0,-2.75E-1,-8.35E-1));
#7972=VERTEX_POINT('',#7971);
#7973=CARTESIAN_POINT('',(-1.04E0,-2.75E-1,-7.85E-1));
#7974=VERTEX_POINT('',#7973);
#7975=CARTESIAN_POINT('',(-1.04E0,-2.75E-1,-6.85E-1));
#7976=VERTEX_POINT('',#7975);
#7977=CARTESIAN_POINT('',(-1.0875E0,-2.75E-1,-6.85E-1));
#7978=VERTEX_POINT('',#7977);
#7979=CARTESIAN_POINT('',(-1.1375E0,-2.75E-1,-6.35E-1));
#7980=VERTEX_POINT('',#7979);
#7981=CARTESIAN_POINT('',(3.8E-1,-2.55E-1,5.299153554238E-1));
#7982=CARTESIAN_POINT('',(3.8E-1,-2.55E-1,4.075543735346E-1));
#7983=VERTEX_POINT('',#7981);
#7984=VERTEX_POINT('',#7982);
#7985=VERTEX_POINT('',#2018);
#7986=VERTEX_POINT('',#2026);
#7987=VERTEX_POINT('',#1990);
#7988=VERTEX_POINT('',#1993);
#7989=VERTEX_POINT('',#2012);
#7990=VERTEX_POINT('',#2005);
#7991=CARTESIAN_POINT('',(3.713385620341E-1,-2.55E-1,4.024069130843E-1));
#7992=VERTEX_POINT('',#7991);
#7993=CARTESIAN_POINT('',(3.713385620341E-1,-1.45E-1,4.024069130843E-1));
#7994=VERTEX_POINT('',#7993);
#7995=CARTESIAN_POINT('',(3.272146126946E-1,-2.55E-1,6.053007010891E-1));
#7996=VERTEX_POINT('',#7995);
#7997=CARTESIAN_POINT('',(3.272146126946E-1,-1.45E-1,6.053007010891E-1));
#7998=VERTEX_POINT('',#7997);
#7999=CARTESIAN_POINT('',(3.2E-1,-2.55E-1,4.352731139202E-1));
#8000=CARTESIAN_POINT('',(3.2E-1,-2.55E-1,3.406154606933E-1));
#8001=VERTEX_POINT('',#7999);
#8002=VERTEX_POINT('',#8000);
#8003=CARTESIAN_POINT('',(3.2E-1,-2.55E-1,6.147268860798E-1));
#8004=VERTEX_POINT('',#8003);
#8005=CARTESIAN_POINT('',(3.2E-1,-1.45E-1,3.406154606933E-1));
#8006=VERTEX_POINT('',#8005);
#8007=CARTESIAN_POINT('',(3.2E-1,-1.45E-1,4.352731139202E-1));
#8008=VERTEX_POINT('',#8007);
#8009=CARTESIAN_POINT('',(3.2E-1,-1.45E-1,6.147268860798E-1));
#8010=VERTEX_POINT('',#8009);
#8011=CARTESIAN_POINT('',(1.1375E0,-1.25E-1,-5.35E-1));
#8012=CARTESIAN_POINT('',(1.2875E0,-1.25E-1,-5.35E-1));
#8013=VERTEX_POINT('',#8011);
#8014=VERTEX_POINT('',#8012);
#8015=CARTESIAN_POINT('',(1.2875E0,-1.25E-1,-6.35E-1));
#8016=VERTEX_POINT('',#8015);
#8017=CARTESIAN_POINT('',(1.3375E0,-1.25E-1,-6.85E-1));
#8018=VERTEX_POINT('',#8017);
#8019=CARTESIAN_POINT('',(1.6E0,-1.25E-1,-6.85E-1));
#8020=VERTEX_POINT('',#8019);
#8021=CARTESIAN_POINT('',(1.6E0,-1.25E-1,-8.35E-1));
#8022=VERTEX_POINT('',#8021);
#8023=CARTESIAN_POINT('',(1.09E0,-1.25E-1,-8.35E-1));
#8024=VERTEX_POINT('',#8023);
#8025=CARTESIAN_POINT('',(1.04E0,-1.25E-1,-7.85E-1));
#8026=VERTEX_POINT('',#8025);
#8027=CARTESIAN_POINT('',(1.04E0,-1.25E-1,-6.85E-1));
#8028=VERTEX_POINT('',#8027);
#8029=CARTESIAN_POINT('',(1.0875E0,-1.25E-1,-6.85E-1));
#8030=VERTEX_POINT('',#8029);
#8031=CARTESIAN_POINT('',(1.1375E0,-1.25E-1,-6.35E-1));
#8032=VERTEX_POINT('',#8031);
#8033=CARTESIAN_POINT('',(1.2875E0,-2.75E-1,-5.35E-1));
#8034=CARTESIAN_POINT('',(1.2875E0,-2.75E-1,-6.35E-1));
#8035=VERTEX_POINT('',#8033);
#8036=VERTEX_POINT('',#8034);
#8037=CARTESIAN_POINT('',(1.1375E0,-2.75E-1,-5.35E-1));
#8038=VERTEX_POINT('',#8037);
#8039=CARTESIAN_POINT('',(1.1375E0,-2.75E-1,-6.35E-1));
#8040=VERTEX_POINT('',#8039);
#8041=CARTESIAN_POINT('',(1.0875E0,-2.75E-1,-6.85E-1));
#8042=VERTEX_POINT('',#8041);
#8043=CARTESIAN_POINT('',(1.04E0,-2.75E-1,-6.85E-1));
#8044=VERTEX_POINT('',#8043);
#8045=CARTESIAN_POINT('',(1.04E0,-2.75E-1,-7.85E-1));
#8046=VERTEX_POINT('',#8045);
#8047=CARTESIAN_POINT('',(1.09E0,-2.75E-1,-8.35E-1));
#8048=VERTEX_POINT('',#8047);
#8049=CARTESIAN_POINT('',(1.6E0,-2.75E-1,-8.35E-1));
#8050=VERTEX_POINT('',#8049);
#8051=CARTESIAN_POINT('',(1.6E0,-2.75E-1,-6.85E-1));
#8052=VERTEX_POINT('',#8051);
#8053=CARTESIAN_POINT('',(1.3375E0,-2.75E-1,-6.85E-1));
#8054=VERTEX_POINT('',#8053);
#8055=CARTESIAN_POINT('',(-3.8E-1,1.45E-1,4.075543735346E-1));
#8056=CARTESIAN_POINT('',(-3.8E-1,1.45E-1,5.299153554238E-1));
#8057=VERTEX_POINT('',#8055);
#8058=VERTEX_POINT('',#8056);
#8059=VERTEX_POINT('',#843);
#8060=VERTEX_POINT('',#828);
#8061=VERTEX_POINT('',#887);
#8062=VERTEX_POINT('',#890);
#8063=CARTESIAN_POINT('',(-3.8E-1,2.55E-1,4.075543735346E-1));
#8064=VERTEX_POINT('',#8063);
#8065=VERTEX_POINT('',#905);
#8066=CARTESIAN_POINT('',(-3.713385620341E-1,2.55E-1,4.024069130843E-1));
#8067=VERTEX_POINT('',#8066);
#8068=CARTESIAN_POINT('',(-3.713385620341E-1,1.45E-1,4.024069130843E-1));
#8069=VERTEX_POINT('',#8068);
#8070=CARTESIAN_POINT('',(-3.272146126946E-1,1.45E-1,6.053007010891E-1));
#8071=VERTEX_POINT('',#8070);
#8072=CARTESIAN_POINT('',(-3.272146126946E-1,2.55E-1,6.053007010891E-1));
#8073=VERTEX_POINT('',#8072);
#8074=CARTESIAN_POINT('',(-3.2E-1,1.45E-1,4.352731139202E-1));
#8075=CARTESIAN_POINT('',(-3.2E-1,1.45E-1,6.147268860798E-1));
#8076=VERTEX_POINT('',#8074);
#8077=VERTEX_POINT('',#8075);
#8078=CARTESIAN_POINT('',(-3.2E-1,1.45E-1,3.406154606933E-1));
#8079=VERTEX_POINT('',#8078);
#8080=CARTESIAN_POINT('',(-3.2E-1,2.55E-1,3.406154606933E-1));
#8081=VERTEX_POINT('',#8080);
#8082=CARTESIAN_POINT('',(-3.2E-1,2.55E-1,6.147268860798E-1));
#8083=VERTEX_POINT('',#8082);
#8084=CARTESIAN_POINT('',(-3.2E-1,2.55E-1,4.352731139202E-1));
#8085=VERTEX_POINT('',#8084);
#8086=CARTESIAN_POINT('',(-1.2875E0,2.75E-1,-5.35E-1));
#8087=CARTESIAN_POINT('',(-1.1375E0,2.75E-1,-5.35E-1));
#8088=VERTEX_POINT('',#8086);
#8089=VERTEX_POINT('',#8087);
#8090=CARTESIAN_POINT('',(-1.1375E0,2.75E-1,-6.35E-1));
#8091=VERTEX_POINT('',#8090);
#8092=CARTESIAN_POINT('',(-1.0875E0,2.75E-1,-6.85E-1));
#8093=VERTEX_POINT('',#8092);
#8094=CARTESIAN_POINT('',(-1.04E0,2.75E-1,-6.85E-1));
#8095=VERTEX_POINT('',#8094);
#8096=CARTESIAN_POINT('',(-1.04E0,2.75E-1,-7.85E-1));
#8097=VERTEX_POINT('',#8096);
#8098=CARTESIAN_POINT('',(-1.09E0,2.75E-1,-8.35E-1));
#8099=VERTEX_POINT('',#8098);
#8100=CARTESIAN_POINT('',(-1.6E0,2.75E-1,-8.35E-1));
#8101=VERTEX_POINT('',#8100);
#8102=CARTESIAN_POINT('',(-1.6E0,2.75E-1,-6.85E-1));
#8103=VERTEX_POINT('',#8102);
#8104=CARTESIAN_POINT('',(-1.3375E0,2.75E-1,-6.85E-1));
#8105=VERTEX_POINT('',#8104);
#8106=CARTESIAN_POINT('',(-1.2875E0,2.75E-1,-6.35E-1));
#8107=VERTEX_POINT('',#8106);
#8108=CARTESIAN_POINT('',(-1.2875E0,1.25E-1,-5.35E-1));
#8109=CARTESIAN_POINT('',(-1.1375E0,1.25E-1,-5.35E-1));
#8110=VERTEX_POINT('',#8108);
#8111=VERTEX_POINT('',#8109);
#8112=CARTESIAN_POINT('',(-1.2875E0,1.25E-1,-6.35E-1));
#8113=VERTEX_POINT('',#8112);
#8114=CARTESIAN_POINT('',(-1.3375E0,1.25E-1,-6.85E-1));
#8115=VERTEX_POINT('',#8114);
#8116=CARTESIAN_POINT('',(-1.6E0,1.25E-1,-6.85E-1));
#8117=VERTEX_POINT('',#8116);
#8118=CARTESIAN_POINT('',(-1.6E0,1.25E-1,-8.35E-1));
#8119=VERTEX_POINT('',#8118);
#8120=CARTESIAN_POINT('',(-1.09E0,1.25E-1,-8.35E-1));
#8121=VERTEX_POINT('',#8120);
#8122=CARTESIAN_POINT('',(-1.04E0,1.25E-1,-7.85E-1));
#8123=VERTEX_POINT('',#8122);
#8124=CARTESIAN_POINT('',(-1.04E0,1.25E-1,-6.85E-1));
#8125=VERTEX_POINT('',#8124);
#8126=CARTESIAN_POINT('',(-1.0875E0,1.25E-1,-6.85E-1));
#8127=VERTEX_POINT('',#8126);
#8128=CARTESIAN_POINT('',(-1.1375E0,1.25E-1,-6.35E-1));
#8129=VERTEX_POINT('',#8128);
#8130=CARTESIAN_POINT('',(3.8E-1,1.45E-1,5.299153554238E-1));
#8131=CARTESIAN_POINT('',(3.8E-1,1.45E-1,4.075543735346E-1));
#8132=VERTEX_POINT('',#8130);
#8133=VERTEX_POINT('',#8131);
#8134=VERTEX_POINT('',#2132);
#8135=VERTEX_POINT('',#2140);
#8136=VERTEX_POINT('',#2104);
#8137=VERTEX_POINT('',#2107);
#8138=VERTEX_POINT('',#2126);
#8139=VERTEX_POINT('',#2119);
#8140=CARTESIAN_POINT('',(3.713385620341E-1,1.45E-1,4.024069130843E-1));
#8141=VERTEX_POINT('',#8140);
#8142=CARTESIAN_POINT('',(3.713385620341E-1,2.55E-1,4.024069130843E-1));
#8143=VERTEX_POINT('',#8142);
#8144=CARTESIAN_POINT('',(3.272146126946E-1,1.45E-1,6.053007010891E-1));
#8145=VERTEX_POINT('',#8144);
#8146=CARTESIAN_POINT('',(3.272146126946E-1,2.55E-1,6.053007010891E-1));
#8147=VERTEX_POINT('',#8146);
#8148=CARTESIAN_POINT('',(3.2E-1,1.45E-1,4.352731139202E-1));
#8149=CARTESIAN_POINT('',(3.2E-1,1.45E-1,3.406154606933E-1));
#8150=VERTEX_POINT('',#8148);
#8151=VERTEX_POINT('',#8149);
#8152=CARTESIAN_POINT('',(3.2E-1,1.45E-1,6.147268860798E-1));
#8153=VERTEX_POINT('',#8152);
#8154=CARTESIAN_POINT('',(3.2E-1,2.55E-1,3.406154606933E-1));
#8155=VERTEX_POINT('',#8154);
#8156=CARTESIAN_POINT('',(3.2E-1,2.55E-1,4.352731139202E-1));
#8157=VERTEX_POINT('',#8156);
#8158=CARTESIAN_POINT('',(3.2E-1,2.55E-1,6.147268860798E-1));
#8159=VERTEX_POINT('',#8158);
#8160=CARTESIAN_POINT('',(1.1375E0,2.75E-1,-5.35E-1));
#8161=CARTESIAN_POINT('',(1.2875E0,2.75E-1,-5.35E-1));
#8162=VERTEX_POINT('',#8160);
#8163=VERTEX_POINT('',#8161);
#8164=CARTESIAN_POINT('',(1.2875E0,2.75E-1,-6.35E-1));
#8165=VERTEX_POINT('',#8164);
#8166=CARTESIAN_POINT('',(1.3375E0,2.75E-1,-6.85E-1));
#8167=VERTEX_POINT('',#8166);
#8168=CARTESIAN_POINT('',(1.6E0,2.75E-1,-6.85E-1));
#8169=VERTEX_POINT('',#8168);
#8170=CARTESIAN_POINT('',(1.6E0,2.75E-1,-8.35E-1));
#8171=VERTEX_POINT('',#8170);
#8172=CARTESIAN_POINT('',(1.09E0,2.75E-1,-8.35E-1));
#8173=VERTEX_POINT('',#8172);
#8174=CARTESIAN_POINT('',(1.04E0,2.75E-1,-7.85E-1));
#8175=VERTEX_POINT('',#8174);
#8176=CARTESIAN_POINT('',(1.04E0,2.75E-1,-6.85E-1));
#8177=VERTEX_POINT('',#8176);
#8178=CARTESIAN_POINT('',(1.0875E0,2.75E-1,-6.85E-1));
#8179=VERTEX_POINT('',#8178);
#8180=CARTESIAN_POINT('',(1.1375E0,2.75E-1,-6.35E-1));
#8181=VERTEX_POINT('',#8180);
#8182=CARTESIAN_POINT('',(1.2875E0,1.25E-1,-5.35E-1));
#8183=CARTESIAN_POINT('',(1.2875E0,1.25E-1,-6.35E-1));
#8184=VERTEX_POINT('',#8182);
#8185=VERTEX_POINT('',#8183);
#8186=CARTESIAN_POINT('',(1.1375E0,1.25E-1,-5.35E-1));
#8187=VERTEX_POINT('',#8186);
#8188=CARTESIAN_POINT('',(1.1375E0,1.25E-1,-6.35E-1));
#8189=VERTEX_POINT('',#8188);
#8190=CARTESIAN_POINT('',(1.0875E0,1.25E-1,-6.85E-1));
#8191=VERTEX_POINT('',#8190);
#8192=CARTESIAN_POINT('',(1.04E0,1.25E-1,-6.85E-1));
#8193=VERTEX_POINT('',#8192);
#8194=CARTESIAN_POINT('',(1.04E0,1.25E-1,-7.85E-1));
#8195=VERTEX_POINT('',#8194);
#8196=CARTESIAN_POINT('',(1.09E0,1.25E-1,-8.35E-1));
#8197=VERTEX_POINT('',#8196);
#8198=CARTESIAN_POINT('',(1.6E0,1.25E-1,-8.35E-1));
#8199=VERTEX_POINT('',#8198);
#8200=CARTESIAN_POINT('',(1.6E0,1.25E-1,-6.85E-1));
#8201=VERTEX_POINT('',#8200);
#8202=CARTESIAN_POINT('',(1.3375E0,1.25E-1,-6.85E-1));
#8203=VERTEX_POINT('',#8202);
#8204=CARTESIAN_POINT('',(-3.8E-1,-1.455E0,4.075543735346E-1));
#8205=CARTESIAN_POINT('',(-3.8E-1,-1.455E0,5.299153554238E-1));
#8206=VERTEX_POINT('',#8204);
#8207=VERTEX_POINT('',#8205);
#8208=VERTEX_POINT('',#957);
#8209=VERTEX_POINT('',#942);
#8210=VERTEX_POINT('',#1001);
#8211=VERTEX_POINT('',#1004);
#8212=CARTESIAN_POINT('',(-3.8E-1,-1.345E0,4.075543735346E-1));
#8213=VERTEX_POINT('',#8212);
#8214=VERTEX_POINT('',#1019);
#8215=CARTESIAN_POINT('',(-3.713385620341E-1,-1.345E0,4.024069130843E-1));
#8216=VERTEX_POINT('',#8215);
#8217=CARTESIAN_POINT('',(-3.713385620341E-1,-1.455E0,4.024069130843E-1));
#8218=VERTEX_POINT('',#8217);
#8219=CARTESIAN_POINT('',(-3.272146126946E-1,-1.455E0,6.053007010891E-1));
#8220=VERTEX_POINT('',#8219);
#8221=CARTESIAN_POINT('',(-3.272146126946E-1,-1.345E0,6.053007010891E-1));
#8222=VERTEX_POINT('',#8221);
#8223=CARTESIAN_POINT('',(-3.2E-1,-1.455E0,4.352731139202E-1));
#8224=CARTESIAN_POINT('',(-3.2E-1,-1.455E0,6.147268860798E-1));
#8225=VERTEX_POINT('',#8223);
#8226=VERTEX_POINT('',#8224);
#8227=CARTESIAN_POINT('',(-3.2E-1,-1.455E0,3.406154606933E-1));
#8228=VERTEX_POINT('',#8227);
#8229=CARTESIAN_POINT('',(-3.2E-1,-1.345E0,3.406154606933E-1));
#8230=VERTEX_POINT('',#8229);
#8231=CARTESIAN_POINT('',(-3.2E-1,-1.345E0,6.147268860798E-1));
#8232=VERTEX_POINT('',#8231);
#8233=CARTESIAN_POINT('',(-3.2E-1,-1.345E0,4.352731139202E-1));
#8234=VERTEX_POINT('',#8233);
#8235=CARTESIAN_POINT('',(-1.2875E0,-1.325E0,-5.35E-1));
#8236=CARTESIAN_POINT('',(-1.1375E0,-1.325E0,-5.35E-1));
#8237=VERTEX_POINT('',#8235);
#8238=VERTEX_POINT('',#8236);
#8239=CARTESIAN_POINT('',(-1.1375E0,-1.325E0,-6.35E-1));
#8240=VERTEX_POINT('',#8239);
#8241=CARTESIAN_POINT('',(-1.0875E0,-1.325E0,-6.85E-1));
#8242=VERTEX_POINT('',#8241);
#8243=CARTESIAN_POINT('',(-1.04E0,-1.325E0,-6.85E-1));
#8244=VERTEX_POINT('',#8243);
#8245=CARTESIAN_POINT('',(-1.04E0,-1.325E0,-7.85E-1));
#8246=VERTEX_POINT('',#8245);
#8247=CARTESIAN_POINT('',(-1.09E0,-1.325E0,-8.35E-1));
#8248=VERTEX_POINT('',#8247);
#8249=CARTESIAN_POINT('',(-1.6E0,-1.325E0,-8.35E-1));
#8250=VERTEX_POINT('',#8249);
#8251=CARTESIAN_POINT('',(-1.6E0,-1.325E0,-6.85E-1));
#8252=VERTEX_POINT('',#8251);
#8253=CARTESIAN_POINT('',(-1.3375E0,-1.325E0,-6.85E-1));
#8254=VERTEX_POINT('',#8253);
#8255=CARTESIAN_POINT('',(-1.2875E0,-1.325E0,-6.35E-1));
#8256=VERTEX_POINT('',#8255);
#8257=CARTESIAN_POINT('',(-1.2875E0,-1.475E0,-5.35E-1));
#8258=CARTESIAN_POINT('',(-1.1375E0,-1.475E0,-5.35E-1));
#8259=VERTEX_POINT('',#8257);
#8260=VERTEX_POINT('',#8258);
#8261=CARTESIAN_POINT('',(-1.2875E0,-1.475E0,-6.35E-1));
#8262=VERTEX_POINT('',#8261);
#8263=CARTESIAN_POINT('',(-1.3375E0,-1.475E0,-6.85E-1));
#8264=VERTEX_POINT('',#8263);
#8265=CARTESIAN_POINT('',(-1.6E0,-1.475E0,-6.85E-1));
#8266=VERTEX_POINT('',#8265);
#8267=CARTESIAN_POINT('',(-1.6E0,-1.475E0,-8.35E-1));
#8268=VERTEX_POINT('',#8267);
#8269=CARTESIAN_POINT('',(-1.09E0,-1.475E0,-8.35E-1));
#8270=VERTEX_POINT('',#8269);
#8271=CARTESIAN_POINT('',(-1.04E0,-1.475E0,-7.85E-1));
#8272=VERTEX_POINT('',#8271);
#8273=CARTESIAN_POINT('',(-1.04E0,-1.475E0,-6.85E-1));
#8274=VERTEX_POINT('',#8273);
#8275=CARTESIAN_POINT('',(-1.0875E0,-1.475E0,-6.85E-1));
#8276=VERTEX_POINT('',#8275);
#8277=CARTESIAN_POINT('',(-1.1375E0,-1.475E0,-6.35E-1));
#8278=VERTEX_POINT('',#8277);
#8279=CARTESIAN_POINT('',(3.8E-1,-1.455E0,5.299153554238E-1));
#8280=CARTESIAN_POINT('',(3.8E-1,-1.455E0,4.075543735346E-1));
#8281=VERTEX_POINT('',#8279);
#8282=VERTEX_POINT('',#8280);
#8283=VERTEX_POINT('',#2246);
#8284=VERTEX_POINT('',#2254);
#8285=VERTEX_POINT('',#2218);
#8286=VERTEX_POINT('',#2221);
#8287=VERTEX_POINT('',#2240);
#8288=VERTEX_POINT('',#2233);
#8289=CARTESIAN_POINT('',(3.713385620341E-1,-1.455E0,4.024069130843E-1));
#8290=VERTEX_POINT('',#8289);
#8291=CARTESIAN_POINT('',(3.713385620341E-1,-1.345E0,4.024069130843E-1));
#8292=VERTEX_POINT('',#8291);
#8293=CARTESIAN_POINT('',(3.272146126946E-1,-1.455E0,6.053007010891E-1));
#8294=VERTEX_POINT('',#8293);
#8295=CARTESIAN_POINT('',(3.272146126946E-1,-1.345E0,6.053007010891E-1));
#8296=VERTEX_POINT('',#8295);
#8297=CARTESIAN_POINT('',(3.2E-1,-1.455E0,4.352731139202E-1));
#8298=CARTESIAN_POINT('',(3.2E-1,-1.455E0,3.406154606933E-1));
#8299=VERTEX_POINT('',#8297);
#8300=VERTEX_POINT('',#8298);
#8301=CARTESIAN_POINT('',(3.2E-1,-1.455E0,6.147268860798E-1));
#8302=VERTEX_POINT('',#8301);
#8303=CARTESIAN_POINT('',(3.2E-1,-1.345E0,3.406154606933E-1));
#8304=VERTEX_POINT('',#8303);
#8305=CARTESIAN_POINT('',(3.2E-1,-1.345E0,4.352731139202E-1));
#8306=VERTEX_POINT('',#8305);
#8307=CARTESIAN_POINT('',(3.2E-1,-1.345E0,6.147268860798E-1));
#8308=VERTEX_POINT('',#8307);
#8309=CARTESIAN_POINT('',(1.1375E0,-1.325E0,-5.35E-1));
#8310=CARTESIAN_POINT('',(1.2875E0,-1.325E0,-5.35E-1));
#8311=VERTEX_POINT('',#8309);
#8312=VERTEX_POINT('',#8310);
#8313=CARTESIAN_POINT('',(1.2875E0,-1.325E0,-6.35E-1));
#8314=VERTEX_POINT('',#8313);
#8315=CARTESIAN_POINT('',(1.3375E0,-1.325E0,-6.85E-1));
#8316=VERTEX_POINT('',#8315);
#8317=CARTESIAN_POINT('',(1.6E0,-1.325E0,-6.85E-1));
#8318=VERTEX_POINT('',#8317);
#8319=CARTESIAN_POINT('',(1.6E0,-1.325E0,-8.35E-1));
#8320=VERTEX_POINT('',#8319);
#8321=CARTESIAN_POINT('',(1.09E0,-1.325E0,-8.35E-1));
#8322=VERTEX_POINT('',#8321);
#8323=CARTESIAN_POINT('',(1.04E0,-1.325E0,-7.85E-1));
#8324=VERTEX_POINT('',#8323);
#8325=CARTESIAN_POINT('',(1.04E0,-1.325E0,-6.85E-1));
#8326=VERTEX_POINT('',#8325);
#8327=CARTESIAN_POINT('',(1.0875E0,-1.325E0,-6.85E-1));
#8328=VERTEX_POINT('',#8327);
#8329=CARTESIAN_POINT('',(1.1375E0,-1.325E0,-6.35E-1));
#8330=VERTEX_POINT('',#8329);
#8331=CARTESIAN_POINT('',(1.2875E0,-1.475E0,-5.35E-1));
#8332=CARTESIAN_POINT('',(1.2875E0,-1.475E0,-6.35E-1));
#8333=VERTEX_POINT('',#8331);
#8334=VERTEX_POINT('',#8332);
#8335=CARTESIAN_POINT('',(1.1375E0,-1.475E0,-5.35E-1));
#8336=VERTEX_POINT('',#8335);
#8337=CARTESIAN_POINT('',(1.1375E0,-1.475E0,-6.35E-1));
#8338=VERTEX_POINT('',#8337);
#8339=CARTESIAN_POINT('',(1.0875E0,-1.475E0,-6.85E-1));
#8340=VERTEX_POINT('',#8339);
#8341=CARTESIAN_POINT('',(1.04E0,-1.475E0,-6.85E-1));
#8342=VERTEX_POINT('',#8341);
#8343=CARTESIAN_POINT('',(1.04E0,-1.475E0,-7.85E-1));
#8344=VERTEX_POINT('',#8343);
#8345=CARTESIAN_POINT('',(1.09E0,-1.475E0,-8.35E-1));
#8346=VERTEX_POINT('',#8345);
#8347=CARTESIAN_POINT('',(1.6E0,-1.475E0,-8.35E-1));
#8348=VERTEX_POINT('',#8347);
#8349=CARTESIAN_POINT('',(1.6E0,-1.475E0,-6.85E-1));
#8350=VERTEX_POINT('',#8349);
#8351=CARTESIAN_POINT('',(1.3375E0,-1.475E0,-6.85E-1));
#8352=VERTEX_POINT('',#8351);
#8353=CARTESIAN_POINT('',(-3.8E-1,-1.055E0,4.075543735346E-1));
#8354=CARTESIAN_POINT('',(-3.8E-1,-1.055E0,5.299153554238E-1));
#8355=VERTEX_POINT('',#8353);
#8356=VERTEX_POINT('',#8354);
#8357=VERTEX_POINT('',#1071);
#8358=VERTEX_POINT('',#1056);
#8359=VERTEX_POINT('',#1115);
#8360=VERTEX_POINT('',#1118);
#8361=CARTESIAN_POINT('',(-3.8E-1,-9.45E-1,4.075543735346E-1));
#8362=VERTEX_POINT('',#8361);
#8363=VERTEX_POINT('',#1133);
#8364=CARTESIAN_POINT('',(-3.713385620341E-1,-9.45E-1,4.024069130843E-1));
#8365=VERTEX_POINT('',#8364);
#8366=CARTESIAN_POINT('',(-3.713385620341E-1,-1.055E0,4.024069130843E-1));
#8367=VERTEX_POINT('',#8366);
#8368=CARTESIAN_POINT('',(-3.272146126946E-1,-1.055E0,6.053007010891E-1));
#8369=VERTEX_POINT('',#8368);
#8370=CARTESIAN_POINT('',(-3.272146126946E-1,-9.45E-1,6.053007010891E-1));
#8371=VERTEX_POINT('',#8370);
#8372=CARTESIAN_POINT('',(-3.2E-1,-1.055E0,4.352731139202E-1));
#8373=CARTESIAN_POINT('',(-3.2E-1,-1.055E0,6.147268860798E-1));
#8374=VERTEX_POINT('',#8372);
#8375=VERTEX_POINT('',#8373);
#8376=CARTESIAN_POINT('',(-3.2E-1,-1.055E0,3.406154606933E-1));
#8377=VERTEX_POINT('',#8376);
#8378=CARTESIAN_POINT('',(-3.2E-1,-9.45E-1,3.406154606933E-1));
#8379=VERTEX_POINT('',#8378);
#8380=CARTESIAN_POINT('',(-3.2E-1,-9.45E-1,6.147268860798E-1));
#8381=VERTEX_POINT('',#8380);
#8382=CARTESIAN_POINT('',(-3.2E-1,-9.45E-1,4.352731139202E-1));
#8383=VERTEX_POINT('',#8382);
#8384=CARTESIAN_POINT('',(-1.2875E0,-9.25E-1,-5.35E-1));
#8385=CARTESIAN_POINT('',(-1.1375E0,-9.25E-1,-5.35E-1));
#8386=VERTEX_POINT('',#8384);
#8387=VERTEX_POINT('',#8385);
#8388=CARTESIAN_POINT('',(-1.1375E0,-9.25E-1,-6.35E-1));
#8389=VERTEX_POINT('',#8388);
#8390=CARTESIAN_POINT('',(-1.0875E0,-9.25E-1,-6.85E-1));
#8391=VERTEX_POINT('',#8390);
#8392=CARTESIAN_POINT('',(-1.04E0,-9.25E-1,-6.85E-1));
#8393=VERTEX_POINT('',#8392);
#8394=CARTESIAN_POINT('',(-1.04E0,-9.25E-1,-7.85E-1));
#8395=VERTEX_POINT('',#8394);
#8396=CARTESIAN_POINT('',(-1.09E0,-9.25E-1,-8.35E-1));
#8397=VERTEX_POINT('',#8396);
#8398=CARTESIAN_POINT('',(-1.6E0,-9.25E-1,-8.35E-1));
#8399=VERTEX_POINT('',#8398);
#8400=CARTESIAN_POINT('',(-1.6E0,-9.25E-1,-6.85E-1));
#8401=VERTEX_POINT('',#8400);
#8402=CARTESIAN_POINT('',(-1.3375E0,-9.25E-1,-6.85E-1));
#8403=VERTEX_POINT('',#8402);
#8404=CARTESIAN_POINT('',(-1.2875E0,-9.25E-1,-6.35E-1));
#8405=VERTEX_POINT('',#8404);
#8406=CARTESIAN_POINT('',(-1.2875E0,-1.075E0,-5.35E-1));
#8407=CARTESIAN_POINT('',(-1.1375E0,-1.075E0,-5.35E-1));
#8408=VERTEX_POINT('',#8406);
#8409=VERTEX_POINT('',#8407);
#8410=CARTESIAN_POINT('',(-1.2875E0,-1.075E0,-6.35E-1));
#8411=VERTEX_POINT('',#8410);
#8412=CARTESIAN_POINT('',(-1.3375E0,-1.075E0,-6.85E-1));
#8413=VERTEX_POINT('',#8412);
#8414=CARTESIAN_POINT('',(-1.6E0,-1.075E0,-6.85E-1));
#8415=VERTEX_POINT('',#8414);
#8416=CARTESIAN_POINT('',(-1.6E0,-1.075E0,-8.35E-1));
#8417=VERTEX_POINT('',#8416);
#8418=CARTESIAN_POINT('',(-1.09E0,-1.075E0,-8.35E-1));
#8419=VERTEX_POINT('',#8418);
#8420=CARTESIAN_POINT('',(-1.04E0,-1.075E0,-7.85E-1));
#8421=VERTEX_POINT('',#8420);
#8422=CARTESIAN_POINT('',(-1.04E0,-1.075E0,-6.85E-1));
#8423=VERTEX_POINT('',#8422);
#8424=CARTESIAN_POINT('',(-1.0875E0,-1.075E0,-6.85E-1));
#8425=VERTEX_POINT('',#8424);
#8426=CARTESIAN_POINT('',(-1.1375E0,-1.075E0,-6.35E-1));
#8427=VERTEX_POINT('',#8426);
#8428=CARTESIAN_POINT('',(3.8E-1,-1.055E0,5.299153554238E-1));
#8429=CARTESIAN_POINT('',(3.8E-1,-1.055E0,4.075543735346E-1));
#8430=VERTEX_POINT('',#8428);
#8431=VERTEX_POINT('',#8429);
#8432=VERTEX_POINT('',#2360);
#8433=VERTEX_POINT('',#2368);
#8434=VERTEX_POINT('',#2332);
#8435=VERTEX_POINT('',#2335);
#8436=VERTEX_POINT('',#2354);
#8437=VERTEX_POINT('',#2347);
#8438=CARTESIAN_POINT('',(3.713385620341E-1,-1.055E0,4.024069130843E-1));
#8439=VERTEX_POINT('',#8438);
#8440=CARTESIAN_POINT('',(3.713385620341E-1,-9.45E-1,4.024069130843E-1));
#8441=VERTEX_POINT('',#8440);
#8442=CARTESIAN_POINT('',(3.272146126946E-1,-1.055E0,6.053007010891E-1));
#8443=VERTEX_POINT('',#8442);
#8444=CARTESIAN_POINT('',(3.272146126946E-1,-9.45E-1,6.053007010891E-1));
#8445=VERTEX_POINT('',#8444);
#8446=CARTESIAN_POINT('',(3.2E-1,-1.055E0,4.352731139202E-1));
#8447=CARTESIAN_POINT('',(3.2E-1,-1.055E0,3.406154606933E-1));
#8448=VERTEX_POINT('',#8446);
#8449=VERTEX_POINT('',#8447);
#8450=CARTESIAN_POINT('',(3.2E-1,-1.055E0,6.147268860798E-1));
#8451=VERTEX_POINT('',#8450);
#8452=CARTESIAN_POINT('',(3.2E-1,-9.45E-1,3.406154606933E-1));
#8453=VERTEX_POINT('',#8452);
#8454=CARTESIAN_POINT('',(3.2E-1,-9.45E-1,4.352731139202E-1));
#8455=VERTEX_POINT('',#8454);
#8456=CARTESIAN_POINT('',(3.2E-1,-9.45E-1,6.147268860798E-1));
#8457=VERTEX_POINT('',#8456);
#8458=CARTESIAN_POINT('',(1.1375E0,-9.25E-1,-5.35E-1));
#8459=CARTESIAN_POINT('',(1.2875E0,-9.25E-1,-5.35E-1));
#8460=VERTEX_POINT('',#8458);
#8461=VERTEX_POINT('',#8459);
#8462=CARTESIAN_POINT('',(1.2875E0,-9.25E-1,-6.35E-1));
#8463=VERTEX_POINT('',#8462);
#8464=CARTESIAN_POINT('',(1.3375E0,-9.25E-1,-6.85E-1));
#8465=VERTEX_POINT('',#8464);
#8466=CARTESIAN_POINT('',(1.6E0,-9.25E-1,-6.85E-1));
#8467=VERTEX_POINT('',#8466);
#8468=CARTESIAN_POINT('',(1.6E0,-9.25E-1,-8.35E-1));
#8469=VERTEX_POINT('',#8468);
#8470=CARTESIAN_POINT('',(1.09E0,-9.25E-1,-8.35E-1));
#8471=VERTEX_POINT('',#8470);
#8472=CARTESIAN_POINT('',(1.04E0,-9.25E-1,-7.85E-1));
#8473=VERTEX_POINT('',#8472);
#8474=CARTESIAN_POINT('',(1.04E0,-9.25E-1,-6.85E-1));
#8475=VERTEX_POINT('',#8474);
#8476=CARTESIAN_POINT('',(1.0875E0,-9.25E-1,-6.85E-1));
#8477=VERTEX_POINT('',#8476);
#8478=CARTESIAN_POINT('',(1.1375E0,-9.25E-1,-6.35E-1));
#8479=VERTEX_POINT('',#8478);
#8480=CARTESIAN_POINT('',(1.2875E0,-1.075E0,-5.35E-1));
#8481=CARTESIAN_POINT('',(1.2875E0,-1.075E0,-6.35E-1));
#8482=VERTEX_POINT('',#8480);
#8483=VERTEX_POINT('',#8481);
#8484=CARTESIAN_POINT('',(1.1375E0,-1.075E0,-5.35E-1));
#8485=VERTEX_POINT('',#8484);
#8486=CARTESIAN_POINT('',(1.1375E0,-1.075E0,-6.35E-1));
#8487=VERTEX_POINT('',#8486);
#8488=CARTESIAN_POINT('',(1.0875E0,-1.075E0,-6.85E-1));
#8489=VERTEX_POINT('',#8488);
#8490=CARTESIAN_POINT('',(1.04E0,-1.075E0,-6.85E-1));
#8491=VERTEX_POINT('',#8490);
#8492=CARTESIAN_POINT('',(1.04E0,-1.075E0,-7.85E-1));
#8493=VERTEX_POINT('',#8492);
#8494=CARTESIAN_POINT('',(1.09E0,-1.075E0,-8.35E-1));
#8495=VERTEX_POINT('',#8494);
#8496=CARTESIAN_POINT('',(1.6E0,-1.075E0,-8.35E-1));
#8497=VERTEX_POINT('',#8496);
#8498=CARTESIAN_POINT('',(1.6E0,-1.075E0,-6.85E-1));
#8499=VERTEX_POINT('',#8498);
#8500=CARTESIAN_POINT('',(1.3375E0,-1.075E0,-6.85E-1));
#8501=VERTEX_POINT('',#8500);
#8502=CARTESIAN_POINT('',(-3.8E-1,-6.55E-1,4.075543735346E-1));
#8503=CARTESIAN_POINT('',(-3.8E-1,-6.55E-1,5.299153554238E-1));
#8504=VERTEX_POINT('',#8502);
#8505=VERTEX_POINT('',#8503);
#8506=VERTEX_POINT('',#1185);
#8507=VERTEX_POINT('',#1170);
#8508=VERTEX_POINT('',#1229);
#8509=VERTEX_POINT('',#1232);
#8510=CARTESIAN_POINT('',(-3.8E-1,-5.45E-1,4.075543735346E-1));
#8511=VERTEX_POINT('',#8510);
#8512=VERTEX_POINT('',#1247);
#8513=CARTESIAN_POINT('',(-3.713385620341E-1,-5.45E-1,4.024069130843E-1));
#8514=VERTEX_POINT('',#8513);
#8515=CARTESIAN_POINT('',(-3.713385620341E-1,-6.55E-1,4.024069130843E-1));
#8516=VERTEX_POINT('',#8515);
#8517=CARTESIAN_POINT('',(-3.272146126946E-1,-6.55E-1,6.053007010891E-1));
#8518=VERTEX_POINT('',#8517);
#8519=CARTESIAN_POINT('',(-3.272146126946E-1,-5.45E-1,6.053007010891E-1));
#8520=VERTEX_POINT('',#8519);
#8521=CARTESIAN_POINT('',(-3.2E-1,-6.55E-1,4.352731139202E-1));
#8522=CARTESIAN_POINT('',(-3.2E-1,-6.55E-1,6.147268860798E-1));
#8523=VERTEX_POINT('',#8521);
#8524=VERTEX_POINT('',#8522);
#8525=CARTESIAN_POINT('',(-3.2E-1,-6.55E-1,3.406154606933E-1));
#8526=VERTEX_POINT('',#8525);
#8527=CARTESIAN_POINT('',(-3.2E-1,-5.45E-1,3.406154606933E-1));
#8528=VERTEX_POINT('',#8527);
#8529=CARTESIAN_POINT('',(-3.2E-1,-5.45E-1,6.147268860798E-1));
#8530=VERTEX_POINT('',#8529);
#8531=CARTESIAN_POINT('',(-3.2E-1,-5.45E-1,4.352731139202E-1));
#8532=VERTEX_POINT('',#8531);
#8533=CARTESIAN_POINT('',(-1.2875E0,-5.25E-1,-5.35E-1));
#8534=CARTESIAN_POINT('',(-1.1375E0,-5.25E-1,-5.35E-1));
#8535=VERTEX_POINT('',#8533);
#8536=VERTEX_POINT('',#8534);
#8537=CARTESIAN_POINT('',(-1.1375E0,-5.25E-1,-6.35E-1));
#8538=VERTEX_POINT('',#8537);
#8539=CARTESIAN_POINT('',(-1.0875E0,-5.25E-1,-6.85E-1));
#8540=VERTEX_POINT('',#8539);
#8541=CARTESIAN_POINT('',(-1.04E0,-5.25E-1,-6.85E-1));
#8542=VERTEX_POINT('',#8541);
#8543=CARTESIAN_POINT('',(-1.04E0,-5.25E-1,-7.85E-1));
#8544=VERTEX_POINT('',#8543);
#8545=CARTESIAN_POINT('',(-1.09E0,-5.25E-1,-8.35E-1));
#8546=VERTEX_POINT('',#8545);
#8547=CARTESIAN_POINT('',(-1.6E0,-5.25E-1,-8.35E-1));
#8548=VERTEX_POINT('',#8547);
#8549=CARTESIAN_POINT('',(-1.6E0,-5.25E-1,-6.85E-1));
#8550=VERTEX_POINT('',#8549);
#8551=CARTESIAN_POINT('',(-1.3375E0,-5.25E-1,-6.85E-1));
#8552=VERTEX_POINT('',#8551);
#8553=CARTESIAN_POINT('',(-1.2875E0,-5.25E-1,-6.35E-1));
#8554=VERTEX_POINT('',#8553);
#8555=CARTESIAN_POINT('',(-1.2875E0,-6.75E-1,-5.35E-1));
#8556=CARTESIAN_POINT('',(-1.1375E0,-6.75E-1,-5.35E-1));
#8557=VERTEX_POINT('',#8555);
#8558=VERTEX_POINT('',#8556);
#8559=CARTESIAN_POINT('',(-1.2875E0,-6.75E-1,-6.35E-1));
#8560=VERTEX_POINT('',#8559);
#8561=CARTESIAN_POINT('',(-1.3375E0,-6.75E-1,-6.85E-1));
#8562=VERTEX_POINT('',#8561);
#8563=CARTESIAN_POINT('',(-1.6E0,-6.75E-1,-6.85E-1));
#8564=VERTEX_POINT('',#8563);
#8565=CARTESIAN_POINT('',(-1.6E0,-6.75E-1,-8.35E-1));
#8566=VERTEX_POINT('',#8565);
#8567=CARTESIAN_POINT('',(-1.09E0,-6.75E-1,-8.35E-1));
#8568=VERTEX_POINT('',#8567);
#8569=CARTESIAN_POINT('',(-1.04E0,-6.75E-1,-7.85E-1));
#8570=VERTEX_POINT('',#8569);
#8571=CARTESIAN_POINT('',(-1.04E0,-6.75E-1,-6.85E-1));
#8572=VERTEX_POINT('',#8571);
#8573=CARTESIAN_POINT('',(-1.0875E0,-6.75E-1,-6.85E-1));
#8574=VERTEX_POINT('',#8573);
#8575=CARTESIAN_POINT('',(-1.1375E0,-6.75E-1,-6.35E-1));
#8576=VERTEX_POINT('',#8575);
#8577=CARTESIAN_POINT('',(3.8E-1,-6.55E-1,5.299153554238E-1));
#8578=CARTESIAN_POINT('',(3.8E-1,-6.55E-1,4.075543735346E-1));
#8579=VERTEX_POINT('',#8577);
#8580=VERTEX_POINT('',#8578);
#8581=VERTEX_POINT('',#2474);
#8582=VERTEX_POINT('',#2482);
#8583=VERTEX_POINT('',#2446);
#8584=VERTEX_POINT('',#2449);
#8585=VERTEX_POINT('',#2468);
#8586=VERTEX_POINT('',#2461);
#8587=CARTESIAN_POINT('',(3.713385620341E-1,-6.55E-1,4.024069130843E-1));
#8588=VERTEX_POINT('',#8587);
#8589=CARTESIAN_POINT('',(3.713385620341E-1,-5.45E-1,4.024069130843E-1));
#8590=VERTEX_POINT('',#8589);
#8591=CARTESIAN_POINT('',(3.272146126946E-1,-6.55E-1,6.053007010891E-1));
#8592=VERTEX_POINT('',#8591);
#8593=CARTESIAN_POINT('',(3.272146126946E-1,-5.45E-1,6.053007010891E-1));
#8594=VERTEX_POINT('',#8593);
#8595=CARTESIAN_POINT('',(3.2E-1,-6.55E-1,4.352731139202E-1));
#8596=CARTESIAN_POINT('',(3.2E-1,-6.55E-1,3.406154606933E-1));
#8597=VERTEX_POINT('',#8595);
#8598=VERTEX_POINT('',#8596);
#8599=CARTESIAN_POINT('',(3.2E-1,-6.55E-1,6.147268860798E-1));
#8600=VERTEX_POINT('',#8599);
#8601=CARTESIAN_POINT('',(3.2E-1,-5.45E-1,3.406154606933E-1));
#8602=VERTEX_POINT('',#8601);
#8603=CARTESIAN_POINT('',(3.2E-1,-5.45E-1,4.352731139202E-1));
#8604=VERTEX_POINT('',#8603);
#8605=CARTESIAN_POINT('',(3.2E-1,-5.45E-1,6.147268860798E-1));
#8606=VERTEX_POINT('',#8605);
#8607=CARTESIAN_POINT('',(1.1375E0,-5.25E-1,-5.35E-1));
#8608=CARTESIAN_POINT('',(1.2875E0,-5.25E-1,-5.35E-1));
#8609=VERTEX_POINT('',#8607);
#8610=VERTEX_POINT('',#8608);
#8611=CARTESIAN_POINT('',(1.2875E0,-5.25E-1,-6.35E-1));
#8612=VERTEX_POINT('',#8611);
#8613=CARTESIAN_POINT('',(1.3375E0,-5.25E-1,-6.85E-1));
#8614=VERTEX_POINT('',#8613);
#8615=CARTESIAN_POINT('',(1.6E0,-5.25E-1,-6.85E-1));
#8616=VERTEX_POINT('',#8615);
#8617=CARTESIAN_POINT('',(1.6E0,-5.25E-1,-8.35E-1));
#8618=VERTEX_POINT('',#8617);
#8619=CARTESIAN_POINT('',(1.09E0,-5.25E-1,-8.35E-1));
#8620=VERTEX_POINT('',#8619);
#8621=CARTESIAN_POINT('',(1.04E0,-5.25E-1,-7.85E-1));
#8622=VERTEX_POINT('',#8621);
#8623=CARTESIAN_POINT('',(1.04E0,-5.25E-1,-6.85E-1));
#8624=VERTEX_POINT('',#8623);
#8625=CARTESIAN_POINT('',(1.0875E0,-5.25E-1,-6.85E-1));
#8626=VERTEX_POINT('',#8625);
#8627=CARTESIAN_POINT('',(1.1375E0,-5.25E-1,-6.35E-1));
#8628=VERTEX_POINT('',#8627);
#8629=CARTESIAN_POINT('',(1.2875E0,-6.75E-1,-5.35E-1));
#8630=CARTESIAN_POINT('',(1.2875E0,-6.75E-1,-6.35E-1));
#8631=VERTEX_POINT('',#8629);
#8632=VERTEX_POINT('',#8630);
#8633=CARTESIAN_POINT('',(1.1375E0,-6.75E-1,-5.35E-1));
#8634=VERTEX_POINT('',#8633);
#8635=CARTESIAN_POINT('',(1.1375E0,-6.75E-1,-6.35E-1));
#8636=VERTEX_POINT('',#8635);
#8637=CARTESIAN_POINT('',(1.0875E0,-6.75E-1,-6.85E-1));
#8638=VERTEX_POINT('',#8637);
#8639=CARTESIAN_POINT('',(1.04E0,-6.75E-1,-6.85E-1));
#8640=VERTEX_POINT('',#8639);
#8641=CARTESIAN_POINT('',(1.04E0,-6.75E-1,-7.85E-1));
#8642=VERTEX_POINT('',#8641);
#8643=CARTESIAN_POINT('',(1.09E0,-6.75E-1,-8.35E-1));
#8644=VERTEX_POINT('',#8643);
#8645=CARTESIAN_POINT('',(1.6E0,-6.75E-1,-8.35E-1));
#8646=VERTEX_POINT('',#8645);
#8647=CARTESIAN_POINT('',(1.6E0,-6.75E-1,-6.85E-1));
#8648=VERTEX_POINT('',#8647);
#8649=CARTESIAN_POINT('',(1.3375E0,-6.75E-1,-6.85E-1));
#8650=VERTEX_POINT('',#8649);
#8651=CARTESIAN_POINT('',(-3.8E-1,5.45E-1,4.075543735346E-1));
#8652=CARTESIAN_POINT('',(-3.8E-1,5.45E-1,5.299153554238E-1));
#8653=VERTEX_POINT('',#8651);
#8654=VERTEX_POINT('',#8652);
#8655=VERTEX_POINT('',#1299);
#8656=VERTEX_POINT('',#1284);
#8657=VERTEX_POINT('',#1343);
#8658=VERTEX_POINT('',#1346);
#8659=CARTESIAN_POINT('',(-3.8E-1,6.55E-1,4.075543735346E-1));
#8660=VERTEX_POINT('',#8659);
#8661=VERTEX_POINT('',#1361);
#8662=CARTESIAN_POINT('',(-3.713385620341E-1,6.55E-1,4.024069130843E-1));
#8663=VERTEX_POINT('',#8662);
#8664=CARTESIAN_POINT('',(-3.713385620341E-1,5.45E-1,4.024069130843E-1));
#8665=VERTEX_POINT('',#8664);
#8666=CARTESIAN_POINT('',(-3.272146126946E-1,5.45E-1,6.053007010891E-1));
#8667=VERTEX_POINT('',#8666);
#8668=CARTESIAN_POINT('',(-3.272146126946E-1,6.55E-1,6.053007010891E-1));
#8669=VERTEX_POINT('',#8668);
#8670=CARTESIAN_POINT('',(-3.2E-1,5.45E-1,4.352731139202E-1));
#8671=CARTESIAN_POINT('',(-3.2E-1,5.45E-1,6.147268860798E-1));
#8672=VERTEX_POINT('',#8670);
#8673=VERTEX_POINT('',#8671);
#8674=CARTESIAN_POINT('',(-3.2E-1,5.45E-1,3.406154606933E-1));
#8675=VERTEX_POINT('',#8674);
#8676=CARTESIAN_POINT('',(-3.2E-1,6.55E-1,3.406154606933E-1));
#8677=VERTEX_POINT('',#8676);
#8678=CARTESIAN_POINT('',(-3.2E-1,6.55E-1,6.147268860798E-1));
#8679=VERTEX_POINT('',#8678);
#8680=CARTESIAN_POINT('',(-3.2E-1,6.55E-1,4.352731139202E-1));
#8681=VERTEX_POINT('',#8680);
#8682=CARTESIAN_POINT('',(-1.2875E0,6.75E-1,-5.35E-1));
#8683=CARTESIAN_POINT('',(-1.1375E0,6.75E-1,-5.35E-1));
#8684=VERTEX_POINT('',#8682);
#8685=VERTEX_POINT('',#8683);
#8686=CARTESIAN_POINT('',(-1.1375E0,6.75E-1,-6.35E-1));
#8687=VERTEX_POINT('',#8686);
#8688=CARTESIAN_POINT('',(-1.0875E0,6.75E-1,-6.85E-1));
#8689=VERTEX_POINT('',#8688);
#8690=CARTESIAN_POINT('',(-1.04E0,6.75E-1,-6.85E-1));
#8691=VERTEX_POINT('',#8690);
#8692=CARTESIAN_POINT('',(-1.04E0,6.75E-1,-7.85E-1));
#8693=VERTEX_POINT('',#8692);
#8694=CARTESIAN_POINT('',(-1.09E0,6.75E-1,-8.35E-1));
#8695=VERTEX_POINT('',#8694);
#8696=CARTESIAN_POINT('',(-1.6E0,6.75E-1,-8.35E-1));
#8697=VERTEX_POINT('',#8696);
#8698=CARTESIAN_POINT('',(-1.6E0,6.75E-1,-6.85E-1));
#8699=VERTEX_POINT('',#8698);
#8700=CARTESIAN_POINT('',(-1.3375E0,6.75E-1,-6.85E-1));
#8701=VERTEX_POINT('',#8700);
#8702=CARTESIAN_POINT('',(-1.2875E0,6.75E-1,-6.35E-1));
#8703=VERTEX_POINT('',#8702);
#8704=CARTESIAN_POINT('',(-1.2875E0,5.25E-1,-5.35E-1));
#8705=CARTESIAN_POINT('',(-1.1375E0,5.25E-1,-5.35E-1));
#8706=VERTEX_POINT('',#8704);
#8707=VERTEX_POINT('',#8705);
#8708=CARTESIAN_POINT('',(-1.2875E0,5.25E-1,-6.35E-1));
#8709=VERTEX_POINT('',#8708);
#8710=CARTESIAN_POINT('',(-1.3375E0,5.25E-1,-6.85E-1));
#8711=VERTEX_POINT('',#8710);
#8712=CARTESIAN_POINT('',(-1.6E0,5.25E-1,-6.85E-1));
#8713=VERTEX_POINT('',#8712);
#8714=CARTESIAN_POINT('',(-1.6E0,5.25E-1,-8.35E-1));
#8715=VERTEX_POINT('',#8714);
#8716=CARTESIAN_POINT('',(-1.09E0,5.25E-1,-8.35E-1));
#8717=VERTEX_POINT('',#8716);
#8718=CARTESIAN_POINT('',(-1.04E0,5.25E-1,-7.85E-1));
#8719=VERTEX_POINT('',#8718);
#8720=CARTESIAN_POINT('',(-1.04E0,5.25E-1,-6.85E-1));
#8721=VERTEX_POINT('',#8720);
#8722=CARTESIAN_POINT('',(-1.0875E0,5.25E-1,-6.85E-1));
#8723=VERTEX_POINT('',#8722);
#8724=CARTESIAN_POINT('',(-1.1375E0,5.25E-1,-6.35E-1));
#8725=VERTEX_POINT('',#8724);
#8726=CARTESIAN_POINT('',(3.8E-1,5.45E-1,5.299153554238E-1));
#8727=CARTESIAN_POINT('',(3.8E-1,5.45E-1,4.075543735346E-1));
#8728=VERTEX_POINT('',#8726);
#8729=VERTEX_POINT('',#8727);
#8730=VERTEX_POINT('',#2588);
#8731=VERTEX_POINT('',#2596);
#8732=VERTEX_POINT('',#2560);
#8733=VERTEX_POINT('',#2563);
#8734=VERTEX_POINT('',#2582);
#8735=VERTEX_POINT('',#2575);
#8736=CARTESIAN_POINT('',(3.713385620341E-1,5.45E-1,4.024069130843E-1));
#8737=VERTEX_POINT('',#8736);
#8738=CARTESIAN_POINT('',(3.713385620341E-1,6.55E-1,4.024069130843E-1));
#8739=VERTEX_POINT('',#8738);
#8740=CARTESIAN_POINT('',(3.272146126946E-1,5.45E-1,6.053007010891E-1));
#8741=VERTEX_POINT('',#8740);
#8742=CARTESIAN_POINT('',(3.272146126946E-1,6.55E-1,6.053007010891E-1));
#8743=VERTEX_POINT('',#8742);
#8744=CARTESIAN_POINT('',(3.2E-1,5.45E-1,4.352731139202E-1));
#8745=CARTESIAN_POINT('',(3.2E-1,5.45E-1,3.406154606933E-1));
#8746=VERTEX_POINT('',#8744);
#8747=VERTEX_POINT('',#8745);
#8748=CARTESIAN_POINT('',(3.2E-1,5.45E-1,6.147268860798E-1));
#8749=VERTEX_POINT('',#8748);
#8750=CARTESIAN_POINT('',(3.2E-1,6.55E-1,3.406154606933E-1));
#8751=VERTEX_POINT('',#8750);
#8752=CARTESIAN_POINT('',(3.2E-1,6.55E-1,4.352731139202E-1));
#8753=VERTEX_POINT('',#8752);
#8754=CARTESIAN_POINT('',(3.2E-1,6.55E-1,6.147268860798E-1));
#8755=VERTEX_POINT('',#8754);
#8756=CARTESIAN_POINT('',(1.1375E0,6.75E-1,-5.35E-1));
#8757=CARTESIAN_POINT('',(1.2875E0,6.75E-1,-5.35E-1));
#8758=VERTEX_POINT('',#8756);
#8759=VERTEX_POINT('',#8757);
#8760=CARTESIAN_POINT('',(1.2875E0,6.75E-1,-6.35E-1));
#8761=VERTEX_POINT('',#8760);
#8762=CARTESIAN_POINT('',(1.3375E0,6.75E-1,-6.85E-1));
#8763=VERTEX_POINT('',#8762);
#8764=CARTESIAN_POINT('',(1.6E0,6.75E-1,-6.85E-1));
#8765=VERTEX_POINT('',#8764);
#8766=CARTESIAN_POINT('',(1.6E0,6.75E-1,-8.35E-1));
#8767=VERTEX_POINT('',#8766);
#8768=CARTESIAN_POINT('',(1.09E0,6.75E-1,-8.35E-1));
#8769=VERTEX_POINT('',#8768);
#8770=CARTESIAN_POINT('',(1.04E0,6.75E-1,-7.85E-1));
#8771=VERTEX_POINT('',#8770);
#8772=CARTESIAN_POINT('',(1.04E0,6.75E-1,-6.85E-1));
#8773=VERTEX_POINT('',#8772);
#8774=CARTESIAN_POINT('',(1.0875E0,6.75E-1,-6.85E-1));
#8775=VERTEX_POINT('',#8774);
#8776=CARTESIAN_POINT('',(1.1375E0,6.75E-1,-6.35E-1));
#8777=VERTEX_POINT('',#8776);
#8778=CARTESIAN_POINT('',(1.2875E0,5.25E-1,-5.35E-1));
#8779=CARTESIAN_POINT('',(1.2875E0,5.25E-1,-6.35E-1));
#8780=VERTEX_POINT('',#8778);
#8781=VERTEX_POINT('',#8779);
#8782=CARTESIAN_POINT('',(1.1375E0,5.25E-1,-5.35E-1));
#8783=VERTEX_POINT('',#8782);
#8784=CARTESIAN_POINT('',(1.1375E0,5.25E-1,-6.35E-1));
#8785=VERTEX_POINT('',#8784);
#8786=CARTESIAN_POINT('',(1.0875E0,5.25E-1,-6.85E-1));
#8787=VERTEX_POINT('',#8786);
#8788=CARTESIAN_POINT('',(1.04E0,5.25E-1,-6.85E-1));
#8789=VERTEX_POINT('',#8788);
#8790=CARTESIAN_POINT('',(1.04E0,5.25E-1,-7.85E-1));
#8791=VERTEX_POINT('',#8790);
#8792=CARTESIAN_POINT('',(1.09E0,5.25E-1,-8.35E-1));
#8793=VERTEX_POINT('',#8792);
#8794=CARTESIAN_POINT('',(1.6E0,5.25E-1,-8.35E-1));
#8795=VERTEX_POINT('',#8794);
#8796=CARTESIAN_POINT('',(1.6E0,5.25E-1,-6.85E-1));
#8797=VERTEX_POINT('',#8796);
#8798=CARTESIAN_POINT('',(1.3375E0,5.25E-1,-6.85E-1));
#8799=VERTEX_POINT('',#8798);
#8800=CARTESIAN_POINT('',(-3.8E-1,9.45E-1,4.075543735346E-1));
#8801=CARTESIAN_POINT('',(-3.8E-1,9.45E-1,5.299153554238E-1));
#8802=VERTEX_POINT('',#8800);
#8803=VERTEX_POINT('',#8801);
#8804=VERTEX_POINT('',#1413);
#8805=VERTEX_POINT('',#1398);
#8806=VERTEX_POINT('',#1457);
#8807=VERTEX_POINT('',#1460);
#8808=CARTESIAN_POINT('',(-3.8E-1,1.055E0,4.075543735346E-1));
#8809=VERTEX_POINT('',#8808);
#8810=VERTEX_POINT('',#1475);
#8811=CARTESIAN_POINT('',(-3.713385620341E-1,1.055E0,4.024069130843E-1));
#8812=VERTEX_POINT('',#8811);
#8813=CARTESIAN_POINT('',(-3.713385620341E-1,9.45E-1,4.024069130843E-1));
#8814=VERTEX_POINT('',#8813);
#8815=CARTESIAN_POINT('',(-3.272146126946E-1,9.45E-1,6.053007010891E-1));
#8816=VERTEX_POINT('',#8815);
#8817=CARTESIAN_POINT('',(-3.272146126946E-1,1.055E0,6.053007010891E-1));
#8818=VERTEX_POINT('',#8817);
#8819=CARTESIAN_POINT('',(-3.2E-1,9.45E-1,4.352731139202E-1));
#8820=CARTESIAN_POINT('',(-3.2E-1,9.45E-1,6.147268860798E-1));
#8821=VERTEX_POINT('',#8819);
#8822=VERTEX_POINT('',#8820);
#8823=CARTESIAN_POINT('',(-3.2E-1,9.45E-1,3.406154606933E-1));
#8824=VERTEX_POINT('',#8823);
#8825=CARTESIAN_POINT('',(-3.2E-1,1.055E0,3.406154606933E-1));
#8826=VERTEX_POINT('',#8825);
#8827=CARTESIAN_POINT('',(-3.2E-1,1.055E0,6.147268860798E-1));
#8828=VERTEX_POINT('',#8827);
#8829=CARTESIAN_POINT('',(-3.2E-1,1.055E0,4.352731139202E-1));
#8830=VERTEX_POINT('',#8829);
#8831=CARTESIAN_POINT('',(-1.2875E0,1.075E0,-5.35E-1));
#8832=CARTESIAN_POINT('',(-1.1375E0,1.075E0,-5.35E-1));
#8833=VERTEX_POINT('',#8831);
#8834=VERTEX_POINT('',#8832);
#8835=CARTESIAN_POINT('',(-1.1375E0,1.075E0,-6.35E-1));
#8836=VERTEX_POINT('',#8835);
#8837=CARTESIAN_POINT('',(-1.0875E0,1.075E0,-6.85E-1));
#8838=VERTEX_POINT('',#8837);
#8839=CARTESIAN_POINT('',(-1.04E0,1.075E0,-6.85E-1));
#8840=VERTEX_POINT('',#8839);
#8841=CARTESIAN_POINT('',(-1.04E0,1.075E0,-7.85E-1));
#8842=VERTEX_POINT('',#8841);
#8843=CARTESIAN_POINT('',(-1.09E0,1.075E0,-8.35E-1));
#8844=VERTEX_POINT('',#8843);
#8845=CARTESIAN_POINT('',(-1.6E0,1.075E0,-8.35E-1));
#8846=VERTEX_POINT('',#8845);
#8847=CARTESIAN_POINT('',(-1.6E0,1.075E0,-6.85E-1));
#8848=VERTEX_POINT('',#8847);
#8849=CARTESIAN_POINT('',(-1.3375E0,1.075E0,-6.85E-1));
#8850=VERTEX_POINT('',#8849);
#8851=CARTESIAN_POINT('',(-1.2875E0,1.075E0,-6.35E-1));
#8852=VERTEX_POINT('',#8851);
#8853=CARTESIAN_POINT('',(-1.2875E0,9.25E-1,-5.35E-1));
#8854=CARTESIAN_POINT('',(-1.1375E0,9.25E-1,-5.35E-1));
#8855=VERTEX_POINT('',#8853);
#8856=VERTEX_POINT('',#8854);
#8857=CARTESIAN_POINT('',(-1.2875E0,9.25E-1,-6.35E-1));
#8858=VERTEX_POINT('',#8857);
#8859=CARTESIAN_POINT('',(-1.3375E0,9.25E-1,-6.85E-1));
#8860=VERTEX_POINT('',#8859);
#8861=CARTESIAN_POINT('',(-1.6E0,9.25E-1,-6.85E-1));
#8862=VERTEX_POINT('',#8861);
#8863=CARTESIAN_POINT('',(-1.6E0,9.25E-1,-8.35E-1));
#8864=VERTEX_POINT('',#8863);
#8865=CARTESIAN_POINT('',(-1.09E0,9.25E-1,-8.35E-1));
#8866=VERTEX_POINT('',#8865);
#8867=CARTESIAN_POINT('',(-1.04E0,9.25E-1,-7.85E-1));
#8868=VERTEX_POINT('',#8867);
#8869=CARTESIAN_POINT('',(-1.04E0,9.25E-1,-6.85E-1));
#8870=VERTEX_POINT('',#8869);
#8871=CARTESIAN_POINT('',(-1.0875E0,9.25E-1,-6.85E-1));
#8872=VERTEX_POINT('',#8871);
#8873=CARTESIAN_POINT('',(-1.1375E0,9.25E-1,-6.35E-1));
#8874=VERTEX_POINT('',#8873);
#8875=CARTESIAN_POINT('',(3.8E-1,9.45E-1,5.299153554238E-1));
#8876=CARTESIAN_POINT('',(3.8E-1,9.45E-1,4.075543735346E-1));
#8877=VERTEX_POINT('',#8875);
#8878=VERTEX_POINT('',#8876);
#8879=VERTEX_POINT('',#2702);
#8880=VERTEX_POINT('',#2710);
#8881=VERTEX_POINT('',#2674);
#8882=VERTEX_POINT('',#2677);
#8883=VERTEX_POINT('',#2696);
#8884=VERTEX_POINT('',#2689);
#8885=CARTESIAN_POINT('',(3.713385620341E-1,9.45E-1,4.024069130843E-1));
#8886=VERTEX_POINT('',#8885);
#8887=CARTESIAN_POINT('',(3.713385620341E-1,1.055E0,4.024069130843E-1));
#8888=VERTEX_POINT('',#8887);
#8889=CARTESIAN_POINT('',(3.272146126946E-1,9.45E-1,6.053007010891E-1));
#8890=VERTEX_POINT('',#8889);
#8891=CARTESIAN_POINT('',(3.272146126946E-1,1.055E0,6.053007010891E-1));
#8892=VERTEX_POINT('',#8891);
#8893=CARTESIAN_POINT('',(3.2E-1,9.45E-1,4.352731139202E-1));
#8894=CARTESIAN_POINT('',(3.2E-1,9.45E-1,3.406154606933E-1));
#8895=VERTEX_POINT('',#8893);
#8896=VERTEX_POINT('',#8894);
#8897=CARTESIAN_POINT('',(3.2E-1,9.45E-1,6.147268860798E-1));
#8898=VERTEX_POINT('',#8897);
#8899=CARTESIAN_POINT('',(3.2E-1,1.055E0,3.406154606933E-1));
#8900=VERTEX_POINT('',#8899);
#8901=CARTESIAN_POINT('',(3.2E-1,1.055E0,4.352731139202E-1));
#8902=VERTEX_POINT('',#8901);
#8903=CARTESIAN_POINT('',(3.2E-1,1.055E0,6.147268860798E-1));
#8904=VERTEX_POINT('',#8903);
#8905=CARTESIAN_POINT('',(1.1375E0,1.075E0,-5.35E-1));
#8906=CARTESIAN_POINT('',(1.2875E0,1.075E0,-5.35E-1));
#8907=VERTEX_POINT('',#8905);
#8908=VERTEX_POINT('',#8906);
#8909=CARTESIAN_POINT('',(1.2875E0,1.075E0,-6.35E-1));
#8910=VERTEX_POINT('',#8909);
#8911=CARTESIAN_POINT('',(1.3375E0,1.075E0,-6.85E-1));
#8912=VERTEX_POINT('',#8911);
#8913=CARTESIAN_POINT('',(1.6E0,1.075E0,-6.85E-1));
#8914=VERTEX_POINT('',#8913);
#8915=CARTESIAN_POINT('',(1.6E0,1.075E0,-8.35E-1));
#8916=VERTEX_POINT('',#8915);
#8917=CARTESIAN_POINT('',(1.09E0,1.075E0,-8.35E-1));
#8918=VERTEX_POINT('',#8917);
#8919=CARTESIAN_POINT('',(1.04E0,1.075E0,-7.85E-1));
#8920=VERTEX_POINT('',#8919);
#8921=CARTESIAN_POINT('',(1.04E0,1.075E0,-6.85E-1));
#8922=VERTEX_POINT('',#8921);
#8923=CARTESIAN_POINT('',(1.0875E0,1.075E0,-6.85E-1));
#8924=VERTEX_POINT('',#8923);
#8925=CARTESIAN_POINT('',(1.1375E0,1.075E0,-6.35E-1));
#8926=VERTEX_POINT('',#8925);
#8927=CARTESIAN_POINT('',(1.2875E0,9.25E-1,-5.35E-1));
#8928=CARTESIAN_POINT('',(1.2875E0,9.25E-1,-6.35E-1));
#8929=VERTEX_POINT('',#8927);
#8930=VERTEX_POINT('',#8928);
#8931=CARTESIAN_POINT('',(1.1375E0,9.25E-1,-5.35E-1));
#8932=VERTEX_POINT('',#8931);
#8933=CARTESIAN_POINT('',(1.1375E0,9.25E-1,-6.35E-1));
#8934=VERTEX_POINT('',#8933);
#8935=CARTESIAN_POINT('',(1.0875E0,9.25E-1,-6.85E-1));
#8936=VERTEX_POINT('',#8935);
#8937=CARTESIAN_POINT('',(1.04E0,9.25E-1,-6.85E-1));
#8938=VERTEX_POINT('',#8937);
#8939=CARTESIAN_POINT('',(1.04E0,9.25E-1,-7.85E-1));
#8940=VERTEX_POINT('',#8939);
#8941=CARTESIAN_POINT('',(1.09E0,9.25E-1,-8.35E-1));
#8942=VERTEX_POINT('',#8941);
#8943=CARTESIAN_POINT('',(1.6E0,9.25E-1,-8.35E-1));
#8944=VERTEX_POINT('',#8943);
#8945=CARTESIAN_POINT('',(1.6E0,9.25E-1,-6.85E-1));
#8946=VERTEX_POINT('',#8945);
#8947=CARTESIAN_POINT('',(1.3375E0,9.25E-1,-6.85E-1));
#8948=VERTEX_POINT('',#8947);
#8949=CARTESIAN_POINT('',(-3.8E-1,1.745E0,4.075543735346E-1));
#8950=CARTESIAN_POINT('',(-3.8E-1,1.745E0,5.299153554238E-1));
#8951=VERTEX_POINT('',#8949);
#8952=VERTEX_POINT('',#8950);
#8953=VERTEX_POINT('',#1527);
#8954=VERTEX_POINT('',#1512);
#8955=VERTEX_POINT('',#1571);
#8956=VERTEX_POINT('',#1574);
#8957=CARTESIAN_POINT('',(-3.8E-1,1.855E0,4.075543735346E-1));
#8958=VERTEX_POINT('',#8957);
#8959=VERTEX_POINT('',#1589);
#8960=CARTESIAN_POINT('',(-3.713385620341E-1,1.855E0,4.024069130843E-1));
#8961=VERTEX_POINT('',#8960);
#8962=CARTESIAN_POINT('',(-3.713385620341E-1,1.745E0,4.024069130843E-1));
#8963=VERTEX_POINT('',#8962);
#8964=CARTESIAN_POINT('',(-3.272146126946E-1,1.745E0,6.053007010891E-1));
#8965=VERTEX_POINT('',#8964);
#8966=CARTESIAN_POINT('',(-3.272146126946E-1,1.855E0,6.053007010891E-1));
#8967=VERTEX_POINT('',#8966);
#8968=CARTESIAN_POINT('',(-3.2E-1,1.745E0,4.352731139202E-1));
#8969=CARTESIAN_POINT('',(-3.2E-1,1.745E0,6.147268860798E-1));
#8970=VERTEX_POINT('',#8968);
#8971=VERTEX_POINT('',#8969);
#8972=CARTESIAN_POINT('',(-3.2E-1,1.745E0,3.406154606933E-1));
#8973=VERTEX_POINT('',#8972);
#8974=CARTESIAN_POINT('',(-3.2E-1,1.855E0,3.406154606933E-1));
#8975=VERTEX_POINT('',#8974);
#8976=CARTESIAN_POINT('',(-3.2E-1,1.855E0,6.147268860798E-1));
#8977=VERTEX_POINT('',#8976);
#8978=CARTESIAN_POINT('',(-3.2E-1,1.855E0,4.352731139202E-1));
#8979=VERTEX_POINT('',#8978);
#8980=CARTESIAN_POINT('',(-1.2875E0,1.875E0,-5.35E-1));
#8981=CARTESIAN_POINT('',(-1.1375E0,1.875E0,-5.35E-1));
#8982=VERTEX_POINT('',#8980);
#8983=VERTEX_POINT('',#8981);
#8984=CARTESIAN_POINT('',(-1.1375E0,1.875E0,-6.35E-1));
#8985=VERTEX_POINT('',#8984);
#8986=CARTESIAN_POINT('',(-1.0875E0,1.875E0,-6.85E-1));
#8987=VERTEX_POINT('',#8986);
#8988=CARTESIAN_POINT('',(-1.04E0,1.875E0,-6.85E-1));
#8989=VERTEX_POINT('',#8988);
#8990=CARTESIAN_POINT('',(-1.04E0,1.875E0,-7.85E-1));
#8991=VERTEX_POINT('',#8990);
#8992=CARTESIAN_POINT('',(-1.09E0,1.875E0,-8.35E-1));
#8993=VERTEX_POINT('',#8992);
#8994=CARTESIAN_POINT('',(-1.6E0,1.875E0,-8.35E-1));
#8995=VERTEX_POINT('',#8994);
#8996=CARTESIAN_POINT('',(-1.6E0,1.875E0,-6.85E-1));
#8997=VERTEX_POINT('',#8996);
#8998=CARTESIAN_POINT('',(-1.3375E0,1.875E0,-6.85E-1));
#8999=VERTEX_POINT('',#8998);
#9000=CARTESIAN_POINT('',(-1.2875E0,1.875E0,-6.35E-1));
#9001=VERTEX_POINT('',#9000);
#9002=CARTESIAN_POINT('',(-1.2875E0,1.725E0,-5.35E-1));
#9003=CARTESIAN_POINT('',(-1.1375E0,1.725E0,-5.35E-1));
#9004=VERTEX_POINT('',#9002);
#9005=VERTEX_POINT('',#9003);
#9006=CARTESIAN_POINT('',(-1.2875E0,1.725E0,-6.35E-1));
#9007=VERTEX_POINT('',#9006);
#9008=CARTESIAN_POINT('',(-1.3375E0,1.725E0,-6.85E-1));
#9009=VERTEX_POINT('',#9008);
#9010=CARTESIAN_POINT('',(-1.6E0,1.725E0,-6.85E-1));
#9011=VERTEX_POINT('',#9010);
#9012=CARTESIAN_POINT('',(-1.6E0,1.725E0,-8.35E-1));
#9013=VERTEX_POINT('',#9012);
#9014=CARTESIAN_POINT('',(-1.09E0,1.725E0,-8.35E-1));
#9015=VERTEX_POINT('',#9014);
#9016=CARTESIAN_POINT('',(-1.04E0,1.725E0,-7.85E-1));
#9017=VERTEX_POINT('',#9016);
#9018=CARTESIAN_POINT('',(-1.04E0,1.725E0,-6.85E-1));
#9019=VERTEX_POINT('',#9018);
#9020=CARTESIAN_POINT('',(-1.0875E0,1.725E0,-6.85E-1));
#9021=VERTEX_POINT('',#9020);
#9022=CARTESIAN_POINT('',(-1.1375E0,1.725E0,-6.35E-1));
#9023=VERTEX_POINT('',#9022);
#9024=CARTESIAN_POINT('',(3.8E-1,1.745E0,5.299153554238E-1));
#9025=CARTESIAN_POINT('',(3.8E-1,1.745E0,4.075543735346E-1));
#9026=VERTEX_POINT('',#9024);
#9027=VERTEX_POINT('',#9025);
#9028=VERTEX_POINT('',#2816);
#9029=VERTEX_POINT('',#2824);
#9030=VERTEX_POINT('',#2788);
#9031=VERTEX_POINT('',#2791);
#9032=VERTEX_POINT('',#2810);
#9033=VERTEX_POINT('',#2803);
#9034=CARTESIAN_POINT('',(3.713385620341E-1,1.745E0,4.024069130843E-1));
#9035=VERTEX_POINT('',#9034);
#9036=CARTESIAN_POINT('',(3.713385620341E-1,1.855E0,4.024069130843E-1));
#9037=VERTEX_POINT('',#9036);
#9038=CARTESIAN_POINT('',(3.272146126946E-1,1.745E0,6.053007010891E-1));
#9039=VERTEX_POINT('',#9038);
#9040=CARTESIAN_POINT('',(3.272146126946E-1,1.855E0,6.053007010891E-1));
#9041=VERTEX_POINT('',#9040);
#9042=CARTESIAN_POINT('',(3.2E-1,1.745E0,4.352731139202E-1));
#9043=CARTESIAN_POINT('',(3.2E-1,1.745E0,3.406154606933E-1));
#9044=VERTEX_POINT('',#9042);
#9045=VERTEX_POINT('',#9043);
#9046=CARTESIAN_POINT('',(3.2E-1,1.745E0,6.147268860798E-1));
#9047=VERTEX_POINT('',#9046);
#9048=CARTESIAN_POINT('',(3.2E-1,1.855E0,3.406154606933E-1));
#9049=VERTEX_POINT('',#9048);
#9050=CARTESIAN_POINT('',(3.2E-1,1.855E0,4.352731139202E-1));
#9051=VERTEX_POINT('',#9050);
#9052=CARTESIAN_POINT('',(3.2E-1,1.855E0,6.147268860798E-1));
#9053=VERTEX_POINT('',#9052);
#9054=CARTESIAN_POINT('',(1.1375E0,1.875E0,-5.35E-1));
#9055=CARTESIAN_POINT('',(1.2875E0,1.875E0,-5.35E-1));
#9056=VERTEX_POINT('',#9054);
#9057=VERTEX_POINT('',#9055);
#9058=CARTESIAN_POINT('',(1.2875E0,1.875E0,-6.35E-1));
#9059=VERTEX_POINT('',#9058);
#9060=CARTESIAN_POINT('',(1.3375E0,1.875E0,-6.85E-1));
#9061=VERTEX_POINT('',#9060);
#9062=CARTESIAN_POINT('',(1.6E0,1.875E0,-6.85E-1));
#9063=VERTEX_POINT('',#9062);
#9064=CARTESIAN_POINT('',(1.6E0,1.875E0,-8.35E-1));
#9065=VERTEX_POINT('',#9064);
#9066=CARTESIAN_POINT('',(1.09E0,1.875E0,-8.35E-1));
#9067=VERTEX_POINT('',#9066);
#9068=CARTESIAN_POINT('',(1.04E0,1.875E0,-7.85E-1));
#9069=VERTEX_POINT('',#9068);
#9070=CARTESIAN_POINT('',(1.04E0,1.875E0,-6.85E-1));
#9071=VERTEX_POINT('',#9070);
#9072=CARTESIAN_POINT('',(1.0875E0,1.875E0,-6.85E-1));
#9073=VERTEX_POINT('',#9072);
#9074=CARTESIAN_POINT('',(1.1375E0,1.875E0,-6.35E-1));
#9075=VERTEX_POINT('',#9074);
#9076=CARTESIAN_POINT('',(1.2875E0,1.725E0,-5.35E-1));
#9077=CARTESIAN_POINT('',(1.2875E0,1.725E0,-6.35E-1));
#9078=VERTEX_POINT('',#9076);
#9079=VERTEX_POINT('',#9077);
#9080=CARTESIAN_POINT('',(1.1375E0,1.725E0,-5.35E-1));
#9081=VERTEX_POINT('',#9080);
#9082=CARTESIAN_POINT('',(1.1375E0,1.725E0,-6.35E-1));
#9083=VERTEX_POINT('',#9082);
#9084=CARTESIAN_POINT('',(1.0875E0,1.725E0,-6.85E-1));
#9085=VERTEX_POINT('',#9084);
#9086=CARTESIAN_POINT('',(1.04E0,1.725E0,-6.85E-1));
#9087=VERTEX_POINT('',#9086);
#9088=CARTESIAN_POINT('',(1.04E0,1.725E0,-7.85E-1));
#9089=VERTEX_POINT('',#9088);
#9090=CARTESIAN_POINT('',(1.09E0,1.725E0,-8.35E-1));
#9091=VERTEX_POINT('',#9090);
#9092=CARTESIAN_POINT('',(1.6E0,1.725E0,-8.35E-1));
#9093=VERTEX_POINT('',#9092);
#9094=CARTESIAN_POINT('',(1.6E0,1.725E0,-6.85E-1));
#9095=VERTEX_POINT('',#9094);
#9096=CARTESIAN_POINT('',(1.3375E0,1.725E0,-6.85E-1));
#9097=VERTEX_POINT('',#9096);
#9098=CARTESIAN_POINT('',(-3.8E-1,-1.855E0,4.075543735346E-1));
#9099=CARTESIAN_POINT('',(-3.8E-1,-1.855E0,5.299153554238E-1));
#9100=VERTEX_POINT('',#9098);
#9101=VERTEX_POINT('',#9099);
#9102=VERTEX_POINT('',#1641);
#9103=VERTEX_POINT('',#1626);
#9104=VERTEX_POINT('',#1685);
#9105=VERTEX_POINT('',#1688);
#9106=CARTESIAN_POINT('',(-3.8E-1,-1.745E0,4.075543735346E-1));
#9107=VERTEX_POINT('',#9106);
#9108=VERTEX_POINT('',#1703);
#9109=CARTESIAN_POINT('',(-3.713385620341E-1,-1.745E0,4.024069130843E-1));
#9110=VERTEX_POINT('',#9109);
#9111=CARTESIAN_POINT('',(-3.713385620341E-1,-1.855E0,4.024069130843E-1));
#9112=VERTEX_POINT('',#9111);
#9113=CARTESIAN_POINT('',(-3.272146126946E-1,-1.855E0,6.053007010891E-1));
#9114=VERTEX_POINT('',#9113);
#9115=CARTESIAN_POINT('',(-3.272146126946E-1,-1.745E0,6.053007010891E-1));
#9116=VERTEX_POINT('',#9115);
#9117=CARTESIAN_POINT('',(-3.2E-1,-1.855E0,4.352731139202E-1));
#9118=CARTESIAN_POINT('',(-3.2E-1,-1.855E0,6.147268860798E-1));
#9119=VERTEX_POINT('',#9117);
#9120=VERTEX_POINT('',#9118);
#9121=CARTESIAN_POINT('',(-3.2E-1,-1.855E0,3.406154606933E-1));
#9122=VERTEX_POINT('',#9121);
#9123=CARTESIAN_POINT('',(-3.2E-1,-1.745E0,3.406154606933E-1));
#9124=VERTEX_POINT('',#9123);
#9125=CARTESIAN_POINT('',(-3.2E-1,-1.745E0,6.147268860798E-1));
#9126=VERTEX_POINT('',#9125);
#9127=CARTESIAN_POINT('',(-3.2E-1,-1.745E0,4.352731139202E-1));
#9128=VERTEX_POINT('',#9127);
#9129=CARTESIAN_POINT('',(-1.2875E0,-1.725E0,-5.35E-1));
#9130=CARTESIAN_POINT('',(-1.1375E0,-1.725E0,-5.35E-1));
#9131=VERTEX_POINT('',#9129);
#9132=VERTEX_POINT('',#9130);
#9133=CARTESIAN_POINT('',(-1.1375E0,-1.725E0,-6.35E-1));
#9134=VERTEX_POINT('',#9133);
#9135=CARTESIAN_POINT('',(-1.0875E0,-1.725E0,-6.85E-1));
#9136=VERTEX_POINT('',#9135);
#9137=CARTESIAN_POINT('',(-1.04E0,-1.725E0,-6.85E-1));
#9138=VERTEX_POINT('',#9137);
#9139=CARTESIAN_POINT('',(-1.04E0,-1.725E0,-7.85E-1));
#9140=VERTEX_POINT('',#9139);
#9141=CARTESIAN_POINT('',(-1.09E0,-1.725E0,-8.35E-1));
#9142=VERTEX_POINT('',#9141);
#9143=CARTESIAN_POINT('',(-1.6E0,-1.725E0,-8.35E-1));
#9144=VERTEX_POINT('',#9143);
#9145=CARTESIAN_POINT('',(-1.6E0,-1.725E0,-6.85E-1));
#9146=VERTEX_POINT('',#9145);
#9147=CARTESIAN_POINT('',(-1.3375E0,-1.725E0,-6.85E-1));
#9148=VERTEX_POINT('',#9147);
#9149=CARTESIAN_POINT('',(-1.2875E0,-1.725E0,-6.35E-1));
#9150=VERTEX_POINT('',#9149);
#9151=CARTESIAN_POINT('',(-1.2875E0,-1.875E0,-5.35E-1));
#9152=CARTESIAN_POINT('',(-1.1375E0,-1.875E0,-5.35E-1));
#9153=VERTEX_POINT('',#9151);
#9154=VERTEX_POINT('',#9152);
#9155=CARTESIAN_POINT('',(-1.2875E0,-1.875E0,-6.35E-1));
#9156=VERTEX_POINT('',#9155);
#9157=CARTESIAN_POINT('',(-1.3375E0,-1.875E0,-6.85E-1));
#9158=VERTEX_POINT('',#9157);
#9159=CARTESIAN_POINT('',(-1.6E0,-1.875E0,-6.85E-1));
#9160=VERTEX_POINT('',#9159);
#9161=CARTESIAN_POINT('',(-1.6E0,-1.875E0,-8.35E-1));
#9162=VERTEX_POINT('',#9161);
#9163=CARTESIAN_POINT('',(-1.09E0,-1.875E0,-8.35E-1));
#9164=VERTEX_POINT('',#9163);
#9165=CARTESIAN_POINT('',(-1.04E0,-1.875E0,-7.85E-1));
#9166=VERTEX_POINT('',#9165);
#9167=CARTESIAN_POINT('',(-1.04E0,-1.875E0,-6.85E-1));
#9168=VERTEX_POINT('',#9167);
#9169=CARTESIAN_POINT('',(-1.0875E0,-1.875E0,-6.85E-1));
#9170=VERTEX_POINT('',#9169);
#9171=CARTESIAN_POINT('',(-1.1375E0,-1.875E0,-6.35E-1));
#9172=VERTEX_POINT('',#9171);
#9173=CARTESIAN_POINT('',(-1.04E0,-2.E0,-5.75E-1));
#9174=CARTESIAN_POINT('',(-8.3E-1,-2.E0,-7.85E-1));
#9175=VERTEX_POINT('',#9173);
#9176=VERTEX_POINT('',#9174);
#9177=CARTESIAN_POINT('',(-1.04E0,-2.E0,-5.35E-1));
#9178=VERTEX_POINT('',#9177);
#9179=CARTESIAN_POINT('',(-1.55E0,-2.E0,-5.35E-1));
#9180=VERTEX_POINT('',#9179);
#9181=CARTESIAN_POINT('',(3.8E-1,-1.855E0,5.299153554238E-1));
#9182=CARTESIAN_POINT('',(3.8E-1,-1.855E0,4.075543735346E-1));
#9183=VERTEX_POINT('',#9181);
#9184=VERTEX_POINT('',#9182);
#9185=VERTEX_POINT('',#2930);
#9186=VERTEX_POINT('',#2938);
#9187=VERTEX_POINT('',#2902);
#9188=VERTEX_POINT('',#2905);
#9189=VERTEX_POINT('',#2924);
#9190=VERTEX_POINT('',#2917);
#9191=CARTESIAN_POINT('',(3.713385620341E-1,-1.855E0,4.024069130843E-1));
#9192=VERTEX_POINT('',#9191);
#9193=CARTESIAN_POINT('',(3.713385620341E-1,-1.745E0,4.024069130843E-1));
#9194=VERTEX_POINT('',#9193);
#9195=CARTESIAN_POINT('',(3.272146126946E-1,-1.855E0,6.053007010891E-1));
#9196=VERTEX_POINT('',#9195);
#9197=CARTESIAN_POINT('',(3.272146126946E-1,-1.745E0,6.053007010891E-1));
#9198=VERTEX_POINT('',#9197);
#9199=CARTESIAN_POINT('',(3.2E-1,-1.855E0,4.352731139202E-1));
#9200=CARTESIAN_POINT('',(3.2E-1,-1.855E0,3.406154606933E-1));
#9201=VERTEX_POINT('',#9199);
#9202=VERTEX_POINT('',#9200);
#9203=CARTESIAN_POINT('',(3.2E-1,-1.855E0,6.147268860798E-1));
#9204=VERTEX_POINT('',#9203);
#9205=CARTESIAN_POINT('',(3.2E-1,-1.745E0,3.406154606933E-1));
#9206=VERTEX_POINT('',#9205);
#9207=CARTESIAN_POINT('',(3.2E-1,-1.745E0,4.352731139202E-1));
#9208=VERTEX_POINT('',#9207);
#9209=CARTESIAN_POINT('',(3.2E-1,-1.745E0,6.147268860798E-1));
#9210=VERTEX_POINT('',#9209);
#9211=CARTESIAN_POINT('',(1.1375E0,-1.725E0,-5.35E-1));
#9212=CARTESIAN_POINT('',(1.2875E0,-1.725E0,-5.35E-1));
#9213=VERTEX_POINT('',#9211);
#9214=VERTEX_POINT('',#9212);
#9215=CARTESIAN_POINT('',(1.2875E0,-1.725E0,-6.35E-1));
#9216=VERTEX_POINT('',#9215);
#9217=CARTESIAN_POINT('',(1.3375E0,-1.725E0,-6.85E-1));
#9218=VERTEX_POINT('',#9217);
#9219=CARTESIAN_POINT('',(1.6E0,-1.725E0,-6.85E-1));
#9220=VERTEX_POINT('',#9219);
#9221=CARTESIAN_POINT('',(1.6E0,-1.725E0,-8.35E-1));
#9222=VERTEX_POINT('',#9221);
#9223=CARTESIAN_POINT('',(1.09E0,-1.725E0,-8.35E-1));
#9224=VERTEX_POINT('',#9223);
#9225=CARTESIAN_POINT('',(1.04E0,-1.725E0,-7.85E-1));
#9226=VERTEX_POINT('',#9225);
#9227=CARTESIAN_POINT('',(1.04E0,-1.725E0,-6.85E-1));
#9228=VERTEX_POINT('',#9227);
#9229=CARTESIAN_POINT('',(1.0875E0,-1.725E0,-6.85E-1));
#9230=VERTEX_POINT('',#9229);
#9231=CARTESIAN_POINT('',(1.1375E0,-1.725E0,-6.35E-1));
#9232=VERTEX_POINT('',#9231);
#9233=CARTESIAN_POINT('',(1.2875E0,-1.875E0,-5.35E-1));
#9234=CARTESIAN_POINT('',(1.2875E0,-1.875E0,-6.35E-1));
#9235=VERTEX_POINT('',#9233);
#9236=VERTEX_POINT('',#9234);
#9237=CARTESIAN_POINT('',(1.1375E0,-1.875E0,-5.35E-1));
#9238=VERTEX_POINT('',#9237);
#9239=CARTESIAN_POINT('',(1.1375E0,-1.875E0,-6.35E-1));
#9240=VERTEX_POINT('',#9239);
#9241=CARTESIAN_POINT('',(1.0875E0,-1.875E0,-6.85E-1));
#9242=VERTEX_POINT('',#9241);
#9243=CARTESIAN_POINT('',(1.04E0,-1.875E0,-6.85E-1));
#9244=VERTEX_POINT('',#9243);
#9245=CARTESIAN_POINT('',(1.04E0,-1.875E0,-7.85E-1));
#9246=VERTEX_POINT('',#9245);
#9247=CARTESIAN_POINT('',(1.09E0,-1.875E0,-8.35E-1));
#9248=VERTEX_POINT('',#9247);
#9249=CARTESIAN_POINT('',(1.6E0,-1.875E0,-8.35E-1));
#9250=VERTEX_POINT('',#9249);
#9251=CARTESIAN_POINT('',(1.6E0,-1.875E0,-6.85E-1));
#9252=VERTEX_POINT('',#9251);
#9253=CARTESIAN_POINT('',(1.3375E0,-1.875E0,-6.85E-1));
#9254=VERTEX_POINT('',#9253);
#9255=CARTESIAN_POINT('',(8.3E-1,-2.E0,-7.85E-1));
#9256=CARTESIAN_POINT('',(1.04E0,-2.E0,-5.75E-1));
#9257=VERTEX_POINT('',#9255);
#9258=VERTEX_POINT('',#9256);
#9259=CARTESIAN_POINT('',(1.04E0,-2.E0,-5.35E-1));
#9260=VERTEX_POINT('',#9259);
#9261=CARTESIAN_POINT('',(1.55E0,-2.E0,-5.35E-1));
#9262=VERTEX_POINT('',#9261);
#9263=CARTESIAN_POINT('',(-3.5E-1,-3.355E0,6.65E-1));
#9264=CARTESIAN_POINT('',(-3.5E-1,-3.405E0,6.65E-1));
#9265=VERTEX_POINT('',#9263);
#9266=VERTEX_POINT('',#9264);
#9267=CARTESIAN_POINT('',(-3.5E-1,-3.405E0,-7.85E-1));
#9268=VERTEX_POINT('',#9267);
#9269=CARTESIAN_POINT('',(-3.5E-1,-3.355E0,-7.85E-1));
#9270=VERTEX_POINT('',#9269);
#9271=CARTESIAN_POINT('',(-1.27E0,-2.655E0,3.15E-1));
#9272=CARTESIAN_POINT('',(-1.23E0,-2.655E0,3.55E-1));
#9273=VERTEX_POINT('',#9271);
#9274=VERTEX_POINT('',#9272);
#9275=CARTESIAN_POINT('',(-1.27E0,-2.805E0,3.15E-1));
#9276=VERTEX_POINT('',#9275);
#9277=CARTESIAN_POINT('',(-1.23E0,-2.805E0,3.55E-1));
#9278=VERTEX_POINT('',#9277);
#9279=CARTESIAN_POINT('',(-1.27E0,-2.93E0,-6.85E-1));
#9280=CARTESIAN_POINT('',(-1.32E0,-2.93E0,-7.35E-1));
#9281=VERTEX_POINT('',#9279);
#9282=VERTEX_POINT('',#9280);
#9283=CARTESIAN_POINT('',(-1.27E0,-2.53E0,-6.85E-1));
#9284=VERTEX_POINT('',#9283);
#9285=CARTESIAN_POINT('',(-1.32E0,-2.53E0,-7.35E-1));
#9286=VERTEX_POINT('',#9285);
#9287=CARTESIAN_POINT('',(-1.17E0,-2.53E0,-6.85E-1));
#9288=CARTESIAN_POINT('',(-1.32E0,-2.53E0,-8.35E-1));
#9289=VERTEX_POINT('',#9287);
#9290=VERTEX_POINT('',#9288);
#9291=CARTESIAN_POINT('',(-1.17E0,-2.93E0,-6.85E-1));
#9292=VERTEX_POINT('',#9291);
#9293=CARTESIAN_POINT('',(-1.32E0,-2.93E0,-8.35E-1));
#9294=VERTEX_POINT('',#9293);
#9295=CARTESIAN_POINT('',(-1.51E0,-2.53E0,-8.35E-1));
#9296=CARTESIAN_POINT('',(-1.51E0,-2.53E0,-7.35E-1));
#9297=VERTEX_POINT('',#9295);
#9298=VERTEX_POINT('',#9296);
#9299=CARTESIAN_POINT('',(-1.51E0,-2.93E0,-8.35E-1));
#9300=VERTEX_POINT('',#9299);
#9301=CARTESIAN_POINT('',(-1.51E0,-2.93E0,-7.35E-1));
#9302=VERTEX_POINT('',#9301);
#9303=CARTESIAN_POINT('',(-1.17E0,-2.96625E0,-5.95E-1));
#9304=CARTESIAN_POINT('',(-1.17E0,-2.93E0,-6.55E-1));
#9305=VERTEX_POINT('',#9303);
#9306=VERTEX_POINT('',#9304);
#9307=CARTESIAN_POINT('',(-1.17E0,-2.53E0,-6.55E-1));
#9308=VERTEX_POINT('',#9307);
#9309=CARTESIAN_POINT('',(-1.17E0,-2.49375E0,-5.95E-1));
#9310=VERTEX_POINT('',#9309);
#9311=CARTESIAN_POINT('',(-1.17E0,-2.557702702703E0,2.587837837838E-1));
#9312=CARTESIAN_POINT('',(-1.17E0,-2.605E0,2.25E-1));
#9313=VERTEX_POINT('',#9311);
#9314=VERTEX_POINT('',#9312);
#9315=CARTESIAN_POINT('',(-1.17E0,-2.655E0,2.75E-1));
#9316=VERTEX_POINT('',#9315);
#9317=CARTESIAN_POINT('',(-1.27E0,-2.557702702703E0,2.587837837838E-1));
#9318=VERTEX_POINT('',#9317);
#9319=CARTESIAN_POINT('',(-1.27E0,-2.605E0,2.25E-1));
#9320=VERTEX_POINT('',#9319);
#9321=CARTESIAN_POINT('',(-1.27E0,-2.655E0,2.75E-1));
#9322=VERTEX_POINT('',#9321);
#9323=CARTESIAN_POINT('',(-1.27E0,-2.805E0,2.75E-1));
#9324=VERTEX_POINT('',#9323);
#9325=CARTESIAN_POINT('',(-1.17E0,-2.805E0,2.75E-1));
#9326=VERTEX_POINT('',#9325);
#9327=CARTESIAN_POINT('',(-1.17E0,-2.805E0,3.55E-1));
#9328=VERTEX_POINT('',#9327);
#9329=CARTESIAN_POINT('',(-1.17E0,-2.855E0,2.25E-1));
#9330=VERTEX_POINT('',#9329);
#9331=CARTESIAN_POINT('',(-1.17E0,-2.902297297297E0,2.587837837838E-1));
#9332=VERTEX_POINT('',#9331);
#9333=CARTESIAN_POINT('',(-1.27E0,-2.855E0,2.25E-1));
#9334=VERTEX_POINT('',#9333);
#9335=CARTESIAN_POINT('',(-1.27E0,-2.902297297297E0,2.587837837838E-1));
#9336=VERTEX_POINT('',#9335);
#9337=CARTESIAN_POINT('',(-1.17E0,-2.925E0,3.25E-1));
#9338=VERTEX_POINT('',#9337);
#9339=CARTESIAN_POINT('',(-1.27E0,-2.925E0,3.25E-1));
#9340=VERTEX_POINT('',#9339);
#9341=CARTESIAN_POINT('',(-1.17E0,-3.08E0,3.25E-1));
#9342=VERTEX_POINT('',#9341);
#9343=CARTESIAN_POINT('',(-1.27E0,-3.08E0,3.25E-1));
#9344=VERTEX_POINT('',#9343);
#9345=CARTESIAN_POINT('',(-1.17E0,-3.08E0,2.75E-1));
#9346=VERTEX_POINT('',#9345);
#9347=CARTESIAN_POINT('',(-1.27E0,-3.08E0,2.75E-1));
#9348=VERTEX_POINT('',#9347);
#9349=CARTESIAN_POINT('',(-1.27E0,-2.93E0,-6.55E-1));
#9350=CARTESIAN_POINT('',(-1.27E0,-2.98E0,-5.722413793103E-1));
#9351=VERTEX_POINT('',#9349);
#9352=VERTEX_POINT('',#9350);
#9353=CARTESIAN_POINT('',(-1.17E0,-2.98E0,-5.722413793103E-1));
#9354=VERTEX_POINT('',#9353);
#9355=CARTESIAN_POINT('',(-1.27E0,-2.53E0,-6.55E-1));
#9356=VERTEX_POINT('',#9355);
#9357=CARTESIAN_POINT('',(-1.17E0,-2.48E0,-5.722413793103E-1));
#9358=VERTEX_POINT('',#9357);
#9359=CARTESIAN_POINT('',(-1.27E0,-2.48E0,-5.722413793103E-1));
#9360=VERTEX_POINT('',#9359);
#9361=CARTESIAN_POINT('',(-1.27E0,-2.38E0,3.25E-1));
#9362=CARTESIAN_POINT('',(-1.27E0,-2.38E0,2.75E-1));
#9363=VERTEX_POINT('',#9361);
#9364=VERTEX_POINT('',#9362);
#9365=CARTESIAN_POINT('',(-1.17E0,-2.38E0,3.25E-1));
#9366=VERTEX_POINT('',#9365);
#9367=CARTESIAN_POINT('',(-1.17E0,-2.38E0,2.75E-1));
#9368=VERTEX_POINT('',#9367);
#9369=CARTESIAN_POINT('',(-1.27E0,-2.535E0,3.25E-1));
#9370=VERTEX_POINT('',#9369);
#9371=CARTESIAN_POINT('',(-1.17E0,-2.535E0,3.25E-1));
#9372=VERTEX_POINT('',#9371);
#9373=CARTESIAN_POINT('',(-1.27E0,-2.48E0,2.75E-1));
#9374=VERTEX_POINT('',#9373);
#9375=CARTESIAN_POINT('',(-1.27E0,-2.98E0,2.75E-1));
#9376=VERTEX_POINT('',#9375);
#9377=CARTESIAN_POINT('',(-1.17E0,-2.655E0,3.55E-1));
#9378=VERTEX_POINT('',#9377);
#9379=CARTESIAN_POINT('',(-8.4E-1,-2.E0,-7.85E-1));
#9380=CARTESIAN_POINT('',(-1.03E0,-2.E0,-5.95E-1));
#9381=VERTEX_POINT('',#9379);
#9382=VERTEX_POINT('',#9380);
#9383=CARTESIAN_POINT('',(-8.4E-1,-3.405E0,-7.85E-1));
#9384=VERTEX_POINT('',#9383);
#9385=CARTESIAN_POINT('',(-1.03E0,-3.405E0,-5.95E-1));
#9386=VERTEX_POINT('',#9385);
#9387=CARTESIAN_POINT('',(-7.35E-1,-2.145714285714E0,1.55E-1));
#9388=VERTEX_POINT('',#9387);
#9389=CARTESIAN_POINT('',(-8.55E-1,-2.18E0,2.75E-1));
#9390=VERTEX_POINT('',#9389);
#9391=CARTESIAN_POINT('',(-9.35E-1,-2.34E0,8.35E-1));
#9392=CARTESIAN_POINT('',(-7.35E-1,-2.282857142857E0,6.35E-1));
#9393=VERTEX_POINT('',#9391);
#9394=VERTEX_POINT('',#9392);
#9395=CARTESIAN_POINT('',(-1.17E0,-2.18E0,2.75E-1));
#9396=VERTEX_POINT('',#9395);
#9397=CARTESIAN_POINT('',(-1.17E0,-2.34E0,8.35E-1));
#9398=VERTEX_POINT('',#9397);
#9399=CARTESIAN_POINT('',(-9.35E-1,-3.13E0,8.35E-1));
#9400=VERTEX_POINT('',#9399);
#9401=CARTESIAN_POINT('',(-7.35E-1,-2.93E0,6.35E-1));
#9402=VERTEX_POINT('',#9401);
#9403=CARTESIAN_POINT('',(-4.E-1,-3.405E0,8.35E-1));
#9404=CARTESIAN_POINT('',(-4.E-1,-3.13E0,8.35E-1));
#9405=VERTEX_POINT('',#9403);
#9406=VERTEX_POINT('',#9404);
#9407=CARTESIAN_POINT('',(-3.5E-1,-2.96E0,6.65E-1));
#9408=VERTEX_POINT('',#9407);
#9409=CARTESIAN_POINT('',(-1.17E0,-3.405E0,2.75E-1));
#9410=VERTEX_POINT('',#9409);
#9411=CARTESIAN_POINT('',(-1.17E0,-3.405E0,8.35E-1));
#9412=VERTEX_POINT('',#9411);
#9413=CARTESIAN_POINT('',(-7.35E-1,-2.93E0,-5.05E-1));
#9414=VERTEX_POINT('',#9413);
#9415=CARTESIAN_POINT('',(-3.2E-1,-2.49E0,7.15E-1));
#9416=CARTESIAN_POINT('',(-3.2E-1,-2.49E0,-5.05E-1));
#9417=VERTEX_POINT('',#9415);
#9418=VERTEX_POINT('',#9416);
#9419=CARTESIAN_POINT('',(-1.55E0,-2.48E0,-5.950000000001E-1));
#9420=CARTESIAN_POINT('',(-1.55E0,-2.48E0,2.75E-1));
#9421=VERTEX_POINT('',#9419);
#9422=VERTEX_POINT('',#9420);
#9423=CARTESIAN_POINT('',(-1.55E0,-2.E0,-5.950000000001E-1));
#9424=VERTEX_POINT('',#9423);
#9425=CARTESIAN_POINT('',(-1.55E0,-3.405E0,-5.950000000001E-1));
#9426=CARTESIAN_POINT('',(-1.55E0,-2.98E0,-5.950000000001E-1));
#9427=VERTEX_POINT('',#9425);
#9428=VERTEX_POINT('',#9426);
#9429=CARTESIAN_POINT('',(-1.17E0,-2.98E0,-5.95E-1));
#9430=VERTEX_POINT('',#9429);
#9431=CARTESIAN_POINT('',(-1.17E0,-2.48E0,-5.95E-1));
#9432=VERTEX_POINT('',#9431);
#9433=CARTESIAN_POINT('',(-1.55E0,-3.405E0,2.75E-1));
#9434=CARTESIAN_POINT('',(-1.55E0,-2.98E0,2.75E-1));
#9435=VERTEX_POINT('',#9433);
#9436=VERTEX_POINT('',#9434);
#9437=CARTESIAN_POINT('',(3.5E-1,-3.355E0,-7.85E-1));
#9438=VERTEX_POINT('',#9437);
#9439=CARTESIAN_POINT('',(3.5E-1,-3.355E0,6.65E-1));
#9440=VERTEX_POINT('',#9439);
#9441=CARTESIAN_POINT('',(3.5E-1,-3.405E0,6.65E-1));
#9442=VERTEX_POINT('',#9441);
#9443=CARTESIAN_POINT('',(3.5E-1,-3.405E0,-7.85E-1));
#9444=VERTEX_POINT('',#9443);
#9445=CARTESIAN_POINT('',(1.23E0,-2.655E0,3.55E-1));
#9446=CARTESIAN_POINT('',(1.27E0,-2.655E0,3.15E-1));
#9447=VERTEX_POINT('',#9445);
#9448=VERTEX_POINT('',#9446);
#9449=CARTESIAN_POINT('',(1.23E0,-2.805E0,3.55E-1));
#9450=VERTEX_POINT('',#9449);
#9451=CARTESIAN_POINT('',(1.27E0,-2.805E0,3.15E-1));
#9452=VERTEX_POINT('',#9451);
#9453=CARTESIAN_POINT('',(1.32E0,-2.93E0,-7.35E-1));
#9454=CARTESIAN_POINT('',(1.27E0,-2.93E0,-6.85E-1));
#9455=VERTEX_POINT('',#9453);
#9456=VERTEX_POINT('',#9454);
#9457=CARTESIAN_POINT('',(1.32E0,-2.53E0,-7.35E-1));
#9458=VERTEX_POINT('',#9457);
#9459=CARTESIAN_POINT('',(1.27E0,-2.53E0,-6.85E-1));
#9460=VERTEX_POINT('',#9459);
#9461=CARTESIAN_POINT('',(1.32E0,-2.53E0,-8.35E-1));
#9462=CARTESIAN_POINT('',(1.17E0,-2.53E0,-6.85E-1));
#9463=VERTEX_POINT('',#9461);
#9464=VERTEX_POINT('',#9462);
#9465=CARTESIAN_POINT('',(1.32E0,-2.93E0,-8.35E-1));
#9466=VERTEX_POINT('',#9465);
#9467=CARTESIAN_POINT('',(1.17E0,-2.93E0,-6.85E-1));
#9468=VERTEX_POINT('',#9467);
#9469=CARTESIAN_POINT('',(1.51E0,-2.53E0,-7.35E-1));
#9470=CARTESIAN_POINT('',(1.51E0,-2.53E0,-8.35E-1));
#9471=VERTEX_POINT('',#9469);
#9472=VERTEX_POINT('',#9470);
#9473=CARTESIAN_POINT('',(1.51E0,-2.93E0,-7.35E-1));
#9474=VERTEX_POINT('',#9473);
#9475=CARTESIAN_POINT('',(1.51E0,-2.93E0,-8.35E-1));
#9476=VERTEX_POINT('',#9475);
#9477=CARTESIAN_POINT('',(1.17E0,-2.93E0,-6.55E-1));
#9478=CARTESIAN_POINT('',(1.17E0,-2.96625E0,-5.95E-1));
#9479=VERTEX_POINT('',#9477);
#9480=VERTEX_POINT('',#9478);
#9481=CARTESIAN_POINT('',(1.17E0,-2.49375E0,-5.95E-1));
#9482=VERTEX_POINT('',#9481);
#9483=CARTESIAN_POINT('',(1.17E0,-2.53E0,-6.55E-1));
#9484=VERTEX_POINT('',#9483);
#9485=CARTESIAN_POINT('',(1.17E0,-2.655E0,2.75E-1));
#9486=CARTESIAN_POINT('',(1.17E0,-2.605E0,2.25E-1));
#9487=VERTEX_POINT('',#9485);
#9488=VERTEX_POINT('',#9486);
#9489=CARTESIAN_POINT('',(1.17E0,-2.557702702703E0,2.587837837838E-1));
#9490=VERTEX_POINT('',#9489);
#9491=CARTESIAN_POINT('',(1.27E0,-2.655E0,2.75E-1));
#9492=VERTEX_POINT('',#9491);
#9493=CARTESIAN_POINT('',(1.27E0,-2.605E0,2.25E-1));
#9494=VERTEX_POINT('',#9493);
#9495=CARTESIAN_POINT('',(1.27E0,-2.557702702703E0,2.587837837838E-1));
#9496=VERTEX_POINT('',#9495);
#9497=CARTESIAN_POINT('',(1.17E0,-2.805E0,3.55E-1));
#9498=VERTEX_POINT('',#9497);
#9499=CARTESIAN_POINT('',(1.17E0,-2.805E0,2.75E-1));
#9500=VERTEX_POINT('',#9499);
#9501=CARTESIAN_POINT('',(1.27E0,-2.805E0,2.75E-1));
#9502=VERTEX_POINT('',#9501);
#9503=CARTESIAN_POINT('',(1.17E0,-2.902297297297E0,2.587837837838E-1));
#9504=CARTESIAN_POINT('',(1.17E0,-2.855E0,2.25E-1));
#9505=VERTEX_POINT('',#9503);
#9506=VERTEX_POINT('',#9504);
#9507=CARTESIAN_POINT('',(1.27E0,-2.902297297297E0,2.587837837838E-1));
#9508=VERTEX_POINT('',#9507);
#9509=CARTESIAN_POINT('',(1.27E0,-2.855E0,2.25E-1));
#9510=VERTEX_POINT('',#9509);
#9511=CARTESIAN_POINT('',(1.17E0,-2.925E0,3.25E-1));
#9512=VERTEX_POINT('',#9511);
#9513=CARTESIAN_POINT('',(1.27E0,-2.925E0,3.25E-1));
#9514=VERTEX_POINT('',#9513);
#9515=CARTESIAN_POINT('',(1.17E0,-3.08E0,3.25E-1));
#9516=VERTEX_POINT('',#9515);
#9517=CARTESIAN_POINT('',(1.27E0,-3.08E0,3.25E-1));
#9518=VERTEX_POINT('',#9517);
#9519=CARTESIAN_POINT('',(1.17E0,-3.08E0,2.75E-1));
#9520=VERTEX_POINT('',#9519);
#9521=CARTESIAN_POINT('',(1.27E0,-3.08E0,2.75E-1));
#9522=VERTEX_POINT('',#9521);
#9523=CARTESIAN_POINT('',(1.27E0,-2.98E0,-5.722413793103E-1));
#9524=CARTESIAN_POINT('',(1.27E0,-2.93E0,-6.55E-1));
#9525=VERTEX_POINT('',#9523);
#9526=VERTEX_POINT('',#9524);
#9527=CARTESIAN_POINT('',(1.17E0,-2.98E0,-5.722413793103E-1));
#9528=VERTEX_POINT('',#9527);
#9529=CARTESIAN_POINT('',(1.27E0,-2.53E0,-6.55E-1));
#9530=VERTEX_POINT('',#9529);
#9531=CARTESIAN_POINT('',(1.17E0,-2.48E0,-5.722413793103E-1));
#9532=VERTEX_POINT('',#9531);
#9533=CARTESIAN_POINT('',(1.27E0,-2.48E0,-5.722413793103E-1));
#9534=VERTEX_POINT('',#9533);
#9535=CARTESIAN_POINT('',(1.27E0,-2.38E0,2.75E-1));
#9536=CARTESIAN_POINT('',(1.27E0,-2.38E0,3.25E-1));
#9537=VERTEX_POINT('',#9535);
#9538=VERTEX_POINT('',#9536);
#9539=CARTESIAN_POINT('',(1.17E0,-2.38E0,2.75E-1));
#9540=VERTEX_POINT('',#9539);
#9541=CARTESIAN_POINT('',(1.17E0,-2.38E0,3.25E-1));
#9542=VERTEX_POINT('',#9541);
#9543=CARTESIAN_POINT('',(1.27E0,-2.535E0,3.25E-1));
#9544=VERTEX_POINT('',#9543);
#9545=CARTESIAN_POINT('',(1.17E0,-2.535E0,3.25E-1));
#9546=VERTEX_POINT('',#9545);
#9547=CARTESIAN_POINT('',(1.27E0,-2.48E0,2.75E-1));
#9548=VERTEX_POINT('',#9547);
#9549=CARTESIAN_POINT('',(1.27E0,-2.98E0,2.75E-1));
#9550=VERTEX_POINT('',#9549);
#9551=CARTESIAN_POINT('',(1.17E0,-2.655E0,3.55E-1));
#9552=VERTEX_POINT('',#9551);
#9553=CARTESIAN_POINT('',(1.03E0,-2.E0,-5.95E-1));
#9554=CARTESIAN_POINT('',(8.4E-1,-2.E0,-7.85E-1));
#9555=VERTEX_POINT('',#9553);
#9556=VERTEX_POINT('',#9554);
#9557=CARTESIAN_POINT('',(1.03E0,-3.405E0,-5.95E-1));
#9558=VERTEX_POINT('',#9557);
#9559=CARTESIAN_POINT('',(8.4E-1,-3.405E0,-7.85E-1));
#9560=VERTEX_POINT('',#9559);
#9561=CARTESIAN_POINT('',(8.55E-1,-2.18E0,2.75E-1));
#9562=VERTEX_POINT('',#9561);
#9563=CARTESIAN_POINT('',(7.35E-1,-2.145714285714E0,1.55E-1));
#9564=VERTEX_POINT('',#9563);
#9565=CARTESIAN_POINT('',(7.35E-1,-2.282857142857E0,6.35E-1));
#9566=CARTESIAN_POINT('',(9.35E-1,-2.34E0,8.35E-1));
#9567=VERTEX_POINT('',#9565);
#9568=VERTEX_POINT('',#9566);
#9569=CARTESIAN_POINT('',(1.17E0,-2.34E0,8.35E-1));
#9570=VERTEX_POINT('',#9569);
#9571=CARTESIAN_POINT('',(1.17E0,-2.18E0,2.75E-1));
#9572=VERTEX_POINT('',#9571);
#9573=CARTESIAN_POINT('',(9.35E-1,-3.13E0,8.35E-1));
#9574=VERTEX_POINT('',#9573);
#9575=CARTESIAN_POINT('',(7.35E-1,-2.93E0,6.35E-1));
#9576=VERTEX_POINT('',#9575);
#9577=CARTESIAN_POINT('',(3.5E-1,-2.96E0,6.65E-1));
#9578=CARTESIAN_POINT('',(4.E-1,-3.13E0,8.35E-1));
#9579=VERTEX_POINT('',#9577);
#9580=VERTEX_POINT('',#9578);
#9581=CARTESIAN_POINT('',(4.E-1,-3.405E0,8.35E-1));
#9582=VERTEX_POINT('',#9581);
#9583=CARTESIAN_POINT('',(1.17E0,-3.405E0,2.75E-1));
#9584=VERTEX_POINT('',#9583);
#9585=CARTESIAN_POINT('',(1.17E0,-3.405E0,8.35E-1));
#9586=VERTEX_POINT('',#9585);
#9587=CARTESIAN_POINT('',(3.2E-1,-2.49E0,7.15E-1));
#9588=VERTEX_POINT('',#9587);
#9589=CARTESIAN_POINT('',(3.2E-1,-2.49E0,-5.05E-1));
#9590=VERTEX_POINT('',#9589);
#9591=CARTESIAN_POINT('',(7.35E-1,-2.93E0,-5.05E-1));
#9592=VERTEX_POINT('',#9591);
#9593=CARTESIAN_POINT('',(1.55E0,-2.48E0,2.75E-1));
#9594=CARTESIAN_POINT('',(1.55E0,-2.48E0,-5.950000000001E-1));
#9595=VERTEX_POINT('',#9593);
#9596=VERTEX_POINT('',#9594);
#9597=CARTESIAN_POINT('',(1.55E0,-2.E0,-5.950000000001E-1));
#9598=VERTEX_POINT('',#9597);
#9599=CARTESIAN_POINT('',(1.55E0,-2.98E0,-5.950000000001E-1));
#9600=CARTESIAN_POINT('',(1.55E0,-3.405E0,-5.950000000001E-1));
#9601=VERTEX_POINT('',#9599);
#9602=VERTEX_POINT('',#9600);
#9603=CARTESIAN_POINT('',(1.17E0,-2.48E0,-5.95E-1));
#9604=VERTEX_POINT('',#9603);
#9605=CARTESIAN_POINT('',(1.17E0,-2.98E0,-5.95E-1));
#9606=VERTEX_POINT('',#9605);
#9607=CARTESIAN_POINT('',(1.55E0,-2.98E0,2.75E-1));
#9608=CARTESIAN_POINT('',(1.55E0,-3.405E0,2.75E-1));
#9609=VERTEX_POINT('',#9607);
#9610=VERTEX_POINT('',#9608);
#9611=CARTESIAN_POINT('',(-3.5E-1,3.355E0,-7.85E-1));
#9612=DIRECTION('',(-1.E0,0.E0,0.E0));
#9613=DIRECTION('',(0.E0,0.E0,-1.E0));
#9614=AXIS2_PLACEMENT_3D('',#9611,#9612,#9613);
#9615=PLANE('',#9614);
#9617=ORIENTED_EDGE('',*,*,#9616,.F.);
#9619=ORIENTED_EDGE('',*,*,#9618,.T.);
#9621=ORIENTED_EDGE('',*,*,#9620,.T.);
#9623=ORIENTED_EDGE('',*,*,#9622,.T.);
#9624=EDGE_LOOP('',(#9617,#9619,#9621,#9623));
#9625=FACE_OUTER_BOUND('',#9624,.F.);
#9626=ADVANCED_FACE('',(#9625),#9615,.F.);
#9627=CARTESIAN_POINT('',(-3.5E-1,3.405E0,6.65E-1));
#9628=DIRECTION('',(9.593655015713E-1,0.E0,2.821663239915E-1));
#9629=DIRECTION('',(-2.821663239915E-1,0.E0,9.593655015713E-1));
#9630=AXIS2_PLACEMENT_3D('',#9627,#9628,#9629);
#9631=PLANE('',#9630);
#9633=ORIENTED_EDGE('',*,*,#9632,.T.);
#9635=ORIENTED_EDGE('',*,*,#9634,.T.);
#9636=ORIENTED_EDGE('',*,*,#9616,.T.);
#9638=ORIENTED_EDGE('',*,*,#9637,.T.);
#9640=ORIENTED_EDGE('',*,*,#9639,.T.);
#9641=EDGE_LOOP('',(#9633,#9635,#9636,#9638,#9640));
#9642=FACE_OUTER_BOUND('',#9641,.F.);
#9643=ADVANCED_FACE('',(#9642),#9631,.T.);
#9644=CARTESIAN_POINT('',(0.E0,3.405E0,8.35E-1));
#9645=DIRECTION('',(0.E0,0.E0,1.E0));
#9646=DIRECTION('',(-1.E0,0.E0,0.E0));
#9647=AXIS2_PLACEMENT_3D('',#9644,#9645,#9646);
#9648=PLANE('',#9647);
#9650=ORIENTED_EDGE('',*,*,#9649,.F.);
#9652=ORIENTED_EDGE('',*,*,#9651,.T.);
#9653=ORIENTED_EDGE('',*,*,#9632,.F.);
#9655=ORIENTED_EDGE('',*,*,#9654,.T.);
#9657=ORIENTED_EDGE('',*,*,#9656,.T.);
#9659=ORIENTED_EDGE('',*,*,#9658,.T.);
#9660=EDGE_LOOP('',(#9650,#9652,#9653,#9655,#9657,#9659));
#9661=FACE_OUTER_BOUND('',#9660,.F.);
#9662=ADVANCED_FACE('',(#9661),#9648,.T.);
#9663=CARTESIAN_POINT('',(-1.17E0,2.18E0,2.75E-1));
#9664=DIRECTION('',(1.E0,0.E0,0.E0));
#9665=DIRECTION('',(0.E0,0.E0,1.E0));
#9666=AXIS2_PLACEMENT_3D('',#9663,#9664,#9665);
#9667=PLANE('',#9666);
#9669=ORIENTED_EDGE('',*,*,#9668,.F.);
#9671=ORIENTED_EDGE('',*,*,#9670,.F.);
#9672=ORIENTED_EDGE('',*,*,#9649,.T.);
#9674=ORIENTED_EDGE('',*,*,#9673,.F.);
#9676=ORIENTED_EDGE('',*,*,#9675,.F.);
#9678=ORIENTED_EDGE('',*,*,#9677,.T.);
#9680=ORIENTED_EDGE('',*,*,#9679,.T.);
#9682=ORIENTED_EDGE('',*,*,#9681,.F.);
#9684=ORIENTED_EDGE('',*,*,#9683,.F.);
#9686=ORIENTED_EDGE('',*,*,#9685,.F.);
#9688=ORIENTED_EDGE('',*,*,#9687,.T.);
#9690=ORIENTED_EDGE('',*,*,#9689,.T.);
#9692=ORIENTED_EDGE('',*,*,#9691,.T.);
#9694=ORIENTED_EDGE('',*,*,#9693,.F.);
#9696=ORIENTED_EDGE('',*,*,#9695,.F.);
#9698=ORIENTED_EDGE('',*,*,#9697,.F.);
#9700=ORIENTED_EDGE('',*,*,#9699,.T.);
#9702=ORIENTED_EDGE('',*,*,#9701,.T.);
#9703=EDGE_LOOP('',(#9669,#9671,#9672,#9674,#9676,#9678,#9680,#9682,#9684,#9686,
#9688,#9690,#9692,#9694,#9696,#9698,#9700,#9702));
#9704=FACE_OUTER_BOUND('',#9703,.F.);
#9705=ADVANCED_FACE('',(#9704),#9667,.F.);
#9706=CARTESIAN_POINT('',(0.E0,1.8E0,2.75E-1));
#9707=DIRECTION('',(0.E0,0.E0,1.E0));
#9708=DIRECTION('',(-1.E0,0.E0,0.E0));
#9709=AXIS2_PLACEMENT_3D('',#9706,#9707,#9708);
#9710=PLANE('',#9709);
#9712=ORIENTED_EDGE('',*,*,#9711,.T.);
#9714=ORIENTED_EDGE('',*,*,#9713,.T.);
#9716=ORIENTED_EDGE('',*,*,#9715,.T.);
#9717=ORIENTED_EDGE('',*,*,#9668,.T.);
#9719=ORIENTED_EDGE('',*,*,#9718,.F.);
#9721=ORIENTED_EDGE('',*,*,#9720,.T.);
#9722=EDGE_LOOP('',(#9712,#9714,#9716,#9717,#9719,#9721));
#9723=FACE_OUTER_BOUND('',#9722,.F.);
#9724=ADVANCED_FACE('',(#9723),#9710,.T.);
#9725=CARTESIAN_POINT('',(-1.55E0,2.98E0,-7.85E-1));
#9726=DIRECTION('',(0.E0,-1.E0,0.E0));
#9727=DIRECTION('',(0.E0,0.E0,1.E0));
#9728=AXIS2_PLACEMENT_3D('',#9725,#9726,#9727);
#9729=PLANE('',#9728);
#9731=ORIENTED_EDGE('',*,*,#9730,.F.);
#9733=ORIENTED_EDGE('',*,*,#9732,.T.);
#9735=ORIENTED_EDGE('',*,*,#9734,.T.);
#9737=ORIENTED_EDGE('',*,*,#9736,.F.);
#9738=ORIENTED_EDGE('',*,*,#9711,.F.);
#9740=ORIENTED_EDGE('',*,*,#9739,.T.);
#9741=EDGE_LOOP('',(#9731,#9733,#9735,#9737,#9738,#9740));
#9742=FACE_OUTER_BOUND('',#9741,.F.);
#9743=ADVANCED_FACE('',(#9742),#9729,.T.);
#9744=CARTESIAN_POINT('',(-1.27E0,2.93E0,-6.55E-1));
#9745=DIRECTION('',(0.E0,8.559155419458E-1,-5.171156399256E-1));
#9746=DIRECTION('',(0.E0,5.171156399256E-1,8.559155419458E-1));
#9747=AXIS2_PLACEMENT_3D('',#9744,#9745,#9746);
#9748=PLANE('',#9747);
#9750=ORIENTED_EDGE('',*,*,#9749,.T.);
#9752=ORIENTED_EDGE('',*,*,#9751,.F.);
#9754=ORIENTED_EDGE('',*,*,#9753,.T.);
#9756=ORIENTED_EDGE('',*,*,#9755,.T.);
#9757=ORIENTED_EDGE('',*,*,#9730,.T.);
#9758=EDGE_LOOP('',(#9750,#9752,#9754,#9756,#9757));
#9759=FACE_OUTER_BOUND('',#9758,.F.);
#9760=ADVANCED_FACE('',(#9759),#9748,.T.);
#9761=CARTESIAN_POINT('',(-1.27E0,2.63E0,-7.35E-1));
#9762=DIRECTION('',(1.E0,0.E0,0.E0));
#9763=DIRECTION('',(0.E0,0.E0,-1.E0));
#9764=AXIS2_PLACEMENT_3D('',#9761,#9762,#9763);
#9765=PLANE('',#9764);
#9767=ORIENTED_EDGE('',*,*,#9766,.F.);
#9769=ORIENTED_EDGE('',*,*,#9768,.F.);
#9771=ORIENTED_EDGE('',*,*,#9770,.F.);
#9773=ORIENTED_EDGE('',*,*,#9772,.F.);
#9775=ORIENTED_EDGE('',*,*,#9774,.T.);
#9777=ORIENTED_EDGE('',*,*,#9776,.F.);
#9778=ORIENTED_EDGE('',*,*,#9749,.F.);
#9779=ORIENTED_EDGE('',*,*,#9739,.F.);
#9780=ORIENTED_EDGE('',*,*,#9720,.F.);
#9782=ORIENTED_EDGE('',*,*,#9781,.F.);
#9784=ORIENTED_EDGE('',*,*,#9783,.F.);
#9786=ORIENTED_EDGE('',*,*,#9785,.F.);
#9788=ORIENTED_EDGE('',*,*,#9787,.F.);
#9790=ORIENTED_EDGE('',*,*,#9789,.F.);
#9792=ORIENTED_EDGE('',*,*,#9791,.F.);
#9794=ORIENTED_EDGE('',*,*,#9793,.F.);
#9796=ORIENTED_EDGE('',*,*,#9795,.F.);
#9798=ORIENTED_EDGE('',*,*,#9797,.F.);
#9800=ORIENTED_EDGE('',*,*,#9799,.F.);
#9802=ORIENTED_EDGE('',*,*,#9801,.F.);
#9804=ORIENTED_EDGE('',*,*,#9803,.F.);
#9806=ORIENTED_EDGE('',*,*,#9805,.F.);
#9807=EDGE_LOOP('',(#9767,#9769,#9771,#9773,#9775,#9777,#9778,#9779,#9780,#9782,
#9784,#9786,#9788,#9790,#9792,#9794,#9796,#9798,#9800,#9802,#9804,#9806));
#9808=FACE_OUTER_BOUND('',#9807,.F.);
#9809=ADVANCED_FACE('',(#9808),#9765,.F.);
#9810=CARTESIAN_POINT('',(0.E0,-1.8E0,2.75E-1));
#9811=DIRECTION('',(0.E0,0.E0,1.E0));
#9812=DIRECTION('',(-1.E0,0.E0,0.E0));
#9813=AXIS2_PLACEMENT_3D('',#9810,#9811,#9812);
#9814=PLANE('',#9813);
#9816=ORIENTED_EDGE('',*,*,#9815,.F.);
#9818=ORIENTED_EDGE('',*,*,#9817,.T.);
#9820=ORIENTED_EDGE('',*,*,#9819,.T.);
#9822=ORIENTED_EDGE('',*,*,#9821,.T.);
#9824=ORIENTED_EDGE('',*,*,#9823,.T.);
#9825=ORIENTED_EDGE('',*,*,#9766,.T.);
#9827=ORIENTED_EDGE('',*,*,#9826,.F.);
#9828=ORIENTED_EDGE('',*,*,#9675,.T.);
#9830=ORIENTED_EDGE('',*,*,#9829,.F.);
#9832=ORIENTED_EDGE('',*,*,#9831,.T.);
#9834=ORIENTED_EDGE('',*,*,#9833,.F.);
#9836=ORIENTED_EDGE('',*,*,#9835,.T.);
#9837=EDGE_LOOP('',(#9816,#9818,#9820,#9822,#9824,#9825,#9827,#9828,#9830,#9832,
#9834,#9836));
#9838=FACE_OUTER_BOUND('',#9837,.F.);
#9839=ADVANCED_FACE('',(#9838),#9814,.T.);
#9840=CARTESIAN_POINT('',(-1.27E0,-2.38E0,3.25E-1));
#9841=DIRECTION('',(0.E0,1.E0,0.E0));
#9842=DIRECTION('',(0.E0,0.E0,-1.E0));
#9843=AXIS2_PLACEMENT_3D('',#9840,#9841,#9842);
#9844=PLANE('',#9843);
#9846=ORIENTED_EDGE('',*,*,#9845,.T.);
#9847=ORIENTED_EDGE('',*,*,#9815,.T.);
#9849=ORIENTED_EDGE('',*,*,#9848,.F.);
#9851=ORIENTED_EDGE('',*,*,#9850,.T.);
#9852=EDGE_LOOP('',(#9846,#9847,#9849,#9851));
#9853=FACE_OUTER_BOUND('',#9852,.F.);
#9854=ADVANCED_FACE('',(#9853),#9844,.T.);
#9855=CARTESIAN_POINT('',(-1.27E0,-2.63E0,-7.35E-1));
#9856=DIRECTION('',(1.E0,0.E0,0.E0));
#9857=DIRECTION('',(0.E0,0.E0,-1.E0));
#9858=AXIS2_PLACEMENT_3D('',#9855,#9856,#9857);
#9859=PLANE('',#9858);
#9860=ORIENTED_EDGE('',*,*,#9817,.F.);
#9861=ORIENTED_EDGE('',*,*,#9845,.F.);
#9863=ORIENTED_EDGE('',*,*,#9862,.F.);
#9865=ORIENTED_EDGE('',*,*,#9864,.F.);
#9867=ORIENTED_EDGE('',*,*,#9866,.F.);
#9869=ORIENTED_EDGE('',*,*,#9868,.F.);
#9871=ORIENTED_EDGE('',*,*,#9870,.F.);
#9873=ORIENTED_EDGE('',*,*,#9872,.F.);
#9875=ORIENTED_EDGE('',*,*,#9874,.F.);
#9877=ORIENTED_EDGE('',*,*,#9876,.F.);
#9879=ORIENTED_EDGE('',*,*,#9878,.F.);
#9881=ORIENTED_EDGE('',*,*,#9880,.F.);
#9883=ORIENTED_EDGE('',*,*,#9882,.F.);
#9885=ORIENTED_EDGE('',*,*,#9884,.F.);
#9887=ORIENTED_EDGE('',*,*,#9886,.F.);
#9889=ORIENTED_EDGE('',*,*,#9888,.F.);
#9891=ORIENTED_EDGE('',*,*,#9890,.F.);
#9893=ORIENTED_EDGE('',*,*,#9892,.F.);
#9895=ORIENTED_EDGE('',*,*,#9894,.T.);
#9897=ORIENTED_EDGE('',*,*,#9896,.F.);
#9899=ORIENTED_EDGE('',*,*,#9898,.F.);
#9901=ORIENTED_EDGE('',*,*,#9900,.F.);
#9902=EDGE_LOOP('',(#9860,#9861,#9863,#9865,#9867,#9869,#9871,#9873,#9875,#9877,
#9879,#9881,#9883,#9885,#9887,#9889,#9891,#9893,#9895,#9897,#9899,#9901));
#9903=FACE_OUTER_BOUND('',#9902,.F.);
#9904=ADVANCED_FACE('',(#9903),#9859,.F.);
#9905=CARTESIAN_POINT('',(-1.27E0,-2.535E0,3.25E-1));
#9906=DIRECTION('',(0.E0,0.E0,1.E0));
#9907=DIRECTION('',(1.E0,0.E0,0.E0));
#9908=AXIS2_PLACEMENT_3D('',#9905,#9906,#9907);
#9909=PLANE('',#9908);
#9910=ORIENTED_EDGE('',*,*,#9862,.T.);
#9911=ORIENTED_EDGE('',*,*,#9850,.F.);
#9913=ORIENTED_EDGE('',*,*,#9912,.F.);
#9915=ORIENTED_EDGE('',*,*,#9914,.F.);
#9916=EDGE_LOOP('',(#9910,#9911,#9913,#9915));
#9917=FACE_OUTER_BOUND('',#9916,.F.);
#9918=ADVANCED_FACE('',(#9917),#9909,.T.);
#9919=CARTESIAN_POINT('',(-1.17E0,-2.18E0,2.75E-1));
#9920=DIRECTION('',(1.E0,0.E0,0.E0));
#9921=DIRECTION('',(0.E0,0.E0,1.E0));
#9922=AXIS2_PLACEMENT_3D('',#9919,#9920,#9921);
#9923=PLANE('',#9922);
#9925=ORIENTED_EDGE('',*,*,#9924,.F.);
#9927=ORIENTED_EDGE('',*,*,#9926,.T.);
#9929=ORIENTED_EDGE('',*,*,#9928,.T.);
#9931=ORIENTED_EDGE('',*,*,#9930,.F.);
#9933=ORIENTED_EDGE('',*,*,#9932,.F.);
#9935=ORIENTED_EDGE('',*,*,#9934,.F.);
#9937=ORIENTED_EDGE('',*,*,#9936,.T.);
#9939=ORIENTED_EDGE('',*,*,#9938,.T.);
#9941=ORIENTED_EDGE('',*,*,#9940,.T.);
#9943=ORIENTED_EDGE('',*,*,#9942,.F.);
#9945=ORIENTED_EDGE('',*,*,#9944,.F.);
#9947=ORIENTED_EDGE('',*,*,#9946,.F.);
#9948=ORIENTED_EDGE('',*,*,#9912,.T.);
#9949=ORIENTED_EDGE('',*,*,#9848,.T.);
#9950=ORIENTED_EDGE('',*,*,#9835,.F.);
#9952=ORIENTED_EDGE('',*,*,#9951,.F.);
#9954=ORIENTED_EDGE('',*,*,#9953,.T.);
#9956=ORIENTED_EDGE('',*,*,#9955,.F.);
#9957=EDGE_LOOP('',(#9925,#9927,#9929,#9931,#9933,#9935,#9937,#9939,#9941,#9943,
#9945,#9947,#9948,#9949,#9950,#9952,#9954,#9956));
#9958=FACE_OUTER_BOUND('',#9957,.F.);
#9959=ADVANCED_FACE('',(#9958),#9923,.F.);
#9960=CARTESIAN_POINT('',(0.E0,-1.8E0,2.75E-1));
#9961=DIRECTION('',(0.E0,0.E0,1.E0));
#9962=DIRECTION('',(-1.E0,0.E0,0.E0));
#9963=AXIS2_PLACEMENT_3D('',#9960,#9961,#9962);
#9964=PLANE('',#9963);
#9966=ORIENTED_EDGE('',*,*,#9965,.T.);
#9967=ORIENTED_EDGE('',*,*,#9886,.T.);
#9969=ORIENTED_EDGE('',*,*,#9968,.F.);
#9970=ORIENTED_EDGE('',*,*,#9924,.T.);
#9972=ORIENTED_EDGE('',*,*,#9971,.T.);
#9974=ORIENTED_EDGE('',*,*,#9973,.T.);
#9975=EDGE_LOOP('',(#9966,#9967,#9969,#9970,#9972,#9974));
#9976=FACE_OUTER_BOUND('',#9975,.F.);
#9977=ADVANCED_FACE('',(#9976),#9964,.T.);
#9978=CARTESIAN_POINT('',(-1.55E0,-2.98E0,-7.85E-1));
#9979=DIRECTION('',(0.E0,1.E0,0.E0));
#9980=DIRECTION('',(0.E0,0.E0,1.E0));
#9981=AXIS2_PLACEMENT_3D('',#9978,#9979,#9980);
#9982=PLANE('',#9981);
#9984=ORIENTED_EDGE('',*,*,#9983,.F.);
#9985=ORIENTED_EDGE('',*,*,#9888,.T.);
#9986=ORIENTED_EDGE('',*,*,#9965,.F.);
#9988=ORIENTED_EDGE('',*,*,#9987,.F.);
#9990=ORIENTED_EDGE('',*,*,#9989,.T.);
#9992=ORIENTED_EDGE('',*,*,#9991,.T.);
#9993=EDGE_LOOP('',(#9984,#9985,#9986,#9988,#9990,#9992));
#9994=FACE_OUTER_BOUND('',#9993,.F.);
#9995=ADVANCED_FACE('',(#9994),#9982,.T.);
#9996=CARTESIAN_POINT('',(-1.27E0,-2.93E0,-6.55E-1));
#9997=DIRECTION('',(0.E0,-8.559155419458E-1,-5.171156399256E-1));
#9998=DIRECTION('',(0.E0,-5.171156399256E-1,8.559155419458E-1));
#9999=AXIS2_PLACEMENT_3D('',#9996,#9997,#9998);
#10000=PLANE('',#9999);
#10001=ORIENTED_EDGE('',*,*,#9890,.T.);
#10002=ORIENTED_EDGE('',*,*,#9983,.T.);
#10004=ORIENTED_EDGE('',*,*,#10003,.T.);
#10006=ORIENTED_EDGE('',*,*,#10005,.T.);
#10008=ORIENTED_EDGE('',*,*,#10007,.F.);
#10009=EDGE_LOOP('',(#10001,#10002,#10004,#10006,#10008));
#10010=FACE_OUTER_BOUND('',#10009,.F.);
#10011=ADVANCED_FACE('',(#10010),#10000,.T.);
#10012=CARTESIAN_POINT('',(-1.17E0,-2.18E0,2.75E-1));
#10013=DIRECTION('',(1.E0,0.E0,0.E0));
#10014=DIRECTION('',(0.E0,0.E0,1.E0));
#10015=AXIS2_PLACEMENT_3D('',#10012,#10013,#10014);
#10016=PLANE('',#10015);
#10018=ORIENTED_EDGE('',*,*,#10017,.T.);
#10019=ORIENTED_EDGE('',*,*,#10003,.F.);
#10020=ORIENTED_EDGE('',*,*,#9991,.F.);
#10021=EDGE_LOOP('',(#10018,#10019,#10020));
#10022=FACE_OUTER_BOUND('',#10021,.F.);
#10023=ADVANCED_FACE('',(#10022),#10016,.F.);
#10024=CARTESIAN_POINT('',(-8.4E-1,-3.405E0,-5.95E-1));
#10025=DIRECTION('',(-1.138030519781E-13,0.E0,1.E0));
#10026=DIRECTION('',(-1.E0,0.E0,-1.138030519781E-13));
#10027=AXIS2_PLACEMENT_3D('',#10024,#10025,#10026);
#10028=PLANE('',#10027);
#10030=ORIENTED_EDGE('',*,*,#10029,.F.);
#10032=ORIENTED_EDGE('',*,*,#10031,.F.);
#10034=ORIENTED_EDGE('',*,*,#10033,.T.);
#10036=ORIENTED_EDGE('',*,*,#10035,.T.);
#10038=ORIENTED_EDGE('',*,*,#10037,.F.);
#10040=ORIENTED_EDGE('',*,*,#10039,.F.);
#10042=ORIENTED_EDGE('',*,*,#10041,.F.);
#10044=ORIENTED_EDGE('',*,*,#10043,.F.);
#10045=ORIENTED_EDGE('',*,*,#10017,.F.);
#10046=ORIENTED_EDGE('',*,*,#9989,.F.);
#10047=EDGE_LOOP('',(#10030,#10032,#10034,#10036,#10038,#10040,#10042,#10044,
#10045,#10046));
#10048=FACE_OUTER_BOUND('',#10047,.F.);
#10049=ADVANCED_FACE('',(#10048),#10028,.F.);
#10050=CARTESIAN_POINT('',(-1.55E0,-3.405E0,8.35E-1));
#10051=DIRECTION('',(-1.E0,0.E0,0.E0));
#10052=DIRECTION('',(0.E0,0.E0,-1.E0));
#10053=AXIS2_PLACEMENT_3D('',#10050,#10051,#10052);
#10054=PLANE('',#10053);
#10055=ORIENTED_EDGE('',*,*,#9973,.F.);
#10057=ORIENTED_EDGE('',*,*,#10056,.F.);
#10058=ORIENTED_EDGE('',*,*,#10029,.T.);
#10059=ORIENTED_EDGE('',*,*,#9987,.T.);
#10060=EDGE_LOOP('',(#10055,#10057,#10058,#10059));
#10061=FACE_OUTER_BOUND('',#10060,.F.);
#10062=ADVANCED_FACE('',(#10061),#10054,.T.);
#10063=CARTESIAN_POINT('',(0.E0,-3.405E0,-8.35E-1));
#10064=DIRECTION('',(0.E0,1.E0,0.E0));
#10065=DIRECTION('',(0.E0,0.E0,1.E0));
#10066=AXIS2_PLACEMENT_3D('',#10063,#10064,#10065);
#10067=PLANE('',#10066);
#10069=ORIENTED_EDGE('',*,*,#10068,.F.);
#10071=ORIENTED_EDGE('',*,*,#10070,.F.);
#10073=ORIENTED_EDGE('',*,*,#10072,.F.);
#10074=ORIENTED_EDGE('',*,*,#10031,.T.);
#10075=ORIENTED_EDGE('',*,*,#10056,.T.);
#10076=ORIENTED_EDGE('',*,*,#9971,.F.);
#10077=ORIENTED_EDGE('',*,*,#9955,.T.);
#10079=ORIENTED_EDGE('',*,*,#10078,.F.);
#10081=ORIENTED_EDGE('',*,*,#10080,.F.);
#10082=EDGE_LOOP('',(#10069,#10071,#10073,#10074,#10075,#10076,#10077,#10079,
#10081));
#10083=FACE_OUTER_BOUND('',#10082,.F.);
#10084=ADVANCED_FACE('',(#10083),#10067,.F.);
#10085=CARTESIAN_POINT('',(-3.5E-1,-3.355E0,-7.85E-1));
#10086=DIRECTION('',(-1.E0,0.E0,0.E0));
#10087=DIRECTION('',(0.E0,0.E0,-1.E0));
#10088=AXIS2_PLACEMENT_3D('',#10085,#10086,#10087);
#10089=PLANE('',#10088);
#10091=ORIENTED_EDGE('',*,*,#10090,.F.);
#10093=ORIENTED_EDGE('',*,*,#10092,.T.);
#10095=ORIENTED_EDGE('',*,*,#10094,.T.);
#10096=ORIENTED_EDGE('',*,*,#10068,.T.);
#10097=EDGE_LOOP('',(#10091,#10093,#10095,#10096));
#10098=FACE_OUTER_BOUND('',#10097,.F.);
#10099=ADVANCED_FACE('',(#10098),#10089,.F.);
#10100=CARTESIAN_POINT('',(-3.5E-1,-3.405E0,6.65E-1));
#10101=DIRECTION('',(9.593655015713E-1,0.E0,2.821663239915E-1));
#10102=DIRECTION('',(-2.821663239915E-1,0.E0,9.593655015713E-1));
#10103=AXIS2_PLACEMENT_3D('',#10100,#10101,#10102);
#10104=PLANE('',#10103);
#10106=ORIENTED_EDGE('',*,*,#10105,.T.);
#10108=ORIENTED_EDGE('',*,*,#10107,.T.);
#10110=ORIENTED_EDGE('',*,*,#10109,.T.);
#10111=ORIENTED_EDGE('',*,*,#10090,.T.);
#10112=ORIENTED_EDGE('',*,*,#10080,.T.);
#10113=EDGE_LOOP('',(#10106,#10108,#10110,#10111,#10112));
#10114=FACE_OUTER_BOUND('',#10113,.F.);
#10115=ADVANCED_FACE('',(#10114),#10104,.T.);
#10116=CARTESIAN_POINT('',(0.E0,-3.405E0,8.35E-1));
#10117=DIRECTION('',(0.E0,0.E0,1.E0));
#10118=DIRECTION('',(-1.E0,0.E0,0.E0));
#10119=AXIS2_PLACEMENT_3D('',#10116,#10117,#10118);
#10120=PLANE('',#10119);
#10121=ORIENTED_EDGE('',*,*,#9953,.F.);
#10123=ORIENTED_EDGE('',*,*,#10122,.T.);
#10125=ORIENTED_EDGE('',*,*,#10124,.T.);
#10127=ORIENTED_EDGE('',*,*,#10126,.T.);
#10128=ORIENTED_EDGE('',*,*,#10105,.F.);
#10129=ORIENTED_EDGE('',*,*,#10078,.T.);
#10130=EDGE_LOOP('',(#10121,#10123,#10125,#10127,#10128,#10129));
#10131=FACE_OUTER_BOUND('',#10130,.F.);
#10132=ADVANCED_FACE('',(#10131),#10120,.T.);
#10133=CARTESIAN_POINT('',(-7.35E-1,-2.18E0,2.75E-1));
#10134=DIRECTION('',(0.E0,9.615239476408E-1,2.747211278974E-1));
#10135=DIRECTION('',(1.E0,0.E0,0.E0));
#10136=AXIS2_PLACEMENT_3D('',#10133,#10134,#10135);
#10137=PLANE('',#10136);
#10139=ORIENTED_EDGE('',*,*,#10138,.F.);
#10140=ORIENTED_EDGE('',*,*,#10122,.F.);
#10141=ORIENTED_EDGE('',*,*,#9951,.T.);
#10142=ORIENTED_EDGE('',*,*,#9833,.T.);
#10144=ORIENTED_EDGE('',*,*,#10143,.T.);
#10146=ORIENTED_EDGE('',*,*,#10145,.T.);
#10147=EDGE_LOOP('',(#10139,#10140,#10141,#10142,#10144,#10146));
#10148=FACE_OUTER_BOUND('',#10147,.F.);
#10149=ADVANCED_FACE('',(#10148),#10137,.T.);
#10150=CARTESIAN_POINT('',(-9.35E-1,-3.405E0,8.35E-1));
#10151=DIRECTION('',(-7.071067811865E-1,0.E0,-7.071067811865E-1));
#10152=DIRECTION('',(0.E0,-1.E0,0.E0));
#10153=AXIS2_PLACEMENT_3D('',#10150,#10151,#10152);
#10154=PLANE('',#10153);
#10155=ORIENTED_EDGE('',*,*,#10124,.F.);
#10156=ORIENTED_EDGE('',*,*,#10138,.T.);
#10158=ORIENTED_EDGE('',*,*,#10157,.F.);
#10160=ORIENTED_EDGE('',*,*,#10159,.T.);
#10161=EDGE_LOOP('',(#10155,#10156,#10158,#10160));
#10162=FACE_OUTER_BOUND('',#10161,.F.);
#10163=ADVANCED_FACE('',(#10162),#10154,.F.);
#10164=CARTESIAN_POINT('',(-7.35E-1,-2.E0,-5.05E-1));
#10165=DIRECTION('',(1.E0,0.E0,0.E0));
#10166=DIRECTION('',(0.E0,-1.E0,0.E0));
#10167=AXIS2_PLACEMENT_3D('',#10164,#10165,#10166);
#10168=PLANE('',#10167);
#10170=ORIENTED_EDGE('',*,*,#10169,.T.);
#10172=ORIENTED_EDGE('',*,*,#10171,.F.);
#10173=ORIENTED_EDGE('',*,*,#10157,.T.);
#10174=ORIENTED_EDGE('',*,*,#10145,.F.);
#10176=ORIENTED_EDGE('',*,*,#10175,.T.);
#10178=ORIENTED_EDGE('',*,*,#10177,.F.);
#10180=ORIENTED_EDGE('',*,*,#10179,.T.);
#10182=ORIENTED_EDGE('',*,*,#10181,.F.);
#10183=EDGE_LOOP('',(#10170,#10172,#10173,#10174,#10176,#10178,#10180,#10182));
#10184=FACE_OUTER_BOUND('',#10183,.F.);
#10185=ADVANCED_FACE('',(#10184),#10168,.T.);
#10186=CARTESIAN_POINT('',(0.E0,-1.8E0,-5.05E-1));
#10187=DIRECTION('',(0.E0,0.E0,-1.E0));
#10188=DIRECTION('',(-1.E0,0.E0,0.E0));
#10189=AXIS2_PLACEMENT_3D('',#10186,#10187,#10188);
#10190=PLANE('',#10189);
#10192=ORIENTED_EDGE('',*,*,#10191,.T.);
#10194=ORIENTED_EDGE('',*,*,#10193,.T.);
#10195=ORIENTED_EDGE('',*,*,#10169,.F.);
#10197=ORIENTED_EDGE('',*,*,#10196,.T.);
#10198=EDGE_LOOP('',(#10192,#10194,#10195,#10197));
#10199=FACE_OUTER_BOUND('',#10198,.F.);
#10201=ORIENTED_EDGE('',*,*,#10200,.T.);
#10203=ORIENTED_EDGE('',*,*,#10202,.T.);
#10205=ORIENTED_EDGE('',*,*,#10204,.T.);
#10207=ORIENTED_EDGE('',*,*,#10206,.F.);
#10208=EDGE_LOOP('',(#10201,#10203,#10205,#10207));
#10209=FACE_BOUND('',#10208,.F.);
#10210=ADVANCED_FACE('',(#10199,#10209),#10190,.F.);
#10211=CARTESIAN_POINT('',(0.E0,2.49E0,-5.05E-1));
#10212=DIRECTION('',(0.E0,1.E0,0.E0));
#10213=DIRECTION('',(1.E0,0.E0,0.E0));
#10214=AXIS2_PLACEMENT_3D('',#10211,#10212,#10213);
#10215=PLANE('',#10214);
#10217=ORIENTED_EDGE('',*,*,#10216,.F.);
#10218=ORIENTED_EDGE('',*,*,#10200,.F.);
#10220=ORIENTED_EDGE('',*,*,#10219,.T.);
#10222=ORIENTED_EDGE('',*,*,#10221,.T.);
#10223=EDGE_LOOP('',(#10217,#10218,#10220,#10222));
#10224=FACE_OUTER_BOUND('',#10223,.F.);
#10225=ADVANCED_FACE('',(#10224),#10215,.T.);
#10226=CARTESIAN_POINT('',(-3.2E-1,-2.49E0,-5.05E-1));
#10227=DIRECTION('',(-1.E0,0.E0,0.E0));
#10228=DIRECTION('',(0.E0,1.E0,0.E0));
#10229=AXIS2_PLACEMENT_3D('',#10226,#10227,#10228);
#10230=PLANE('',#10229);
#10232=ORIENTED_EDGE('',*,*,#10231,.T.);
#10233=ORIENTED_EDGE('',*,*,#10202,.F.);
#10234=ORIENTED_EDGE('',*,*,#10216,.T.);
#10236=ORIENTED_EDGE('',*,*,#10235,.F.);
#10237=EDGE_LOOP('',(#10232,#10233,#10234,#10236));
#10238=FACE_OUTER_BOUND('',#10237,.F.);
#10240=ORIENTED_EDGE('',*,*,#10239,.F.);
#10242=ORIENTED_EDGE('',*,*,#10241,.F.);
#10244=ORIENTED_EDGE('',*,*,#10243,.T.);
#10246=ORIENTED_EDGE('',*,*,#10245,.T.);
#10248=ORIENTED_EDGE('',*,*,#10247,.T.);
#10250=ORIENTED_EDGE('',*,*,#10249,.T.);
#10251=EDGE_LOOP('',(#10240,#10242,#10244,#10246,#10248,#10250));
#10252=FACE_BOUND('',#10251,.F.);
#10254=ORIENTED_EDGE('',*,*,#10253,.F.);
#10256=ORIENTED_EDGE('',*,*,#10255,.F.);
#10258=ORIENTED_EDGE('',*,*,#10257,.T.);
#10260=ORIENTED_EDGE('',*,*,#10259,.T.);
#10262=ORIENTED_EDGE('',*,*,#10261,.T.);
#10264=ORIENTED_EDGE('',*,*,#10263,.T.);
#10265=EDGE_LOOP('',(#10254,#10256,#10258,#10260,#10262,#10264));
#10266=FACE_BOUND('',#10265,.F.);
#10268=ORIENTED_EDGE('',*,*,#10267,.F.);
#10270=ORIENTED_EDGE('',*,*,#10269,.F.);
#10272=ORIENTED_EDGE('',*,*,#10271,.T.);
#10274=ORIENTED_EDGE('',*,*,#10273,.T.);
#10276=ORIENTED_EDGE('',*,*,#10275,.T.);
#10278=ORIENTED_EDGE('',*,*,#10277,.T.);
#10279=EDGE_LOOP('',(#10268,#10270,#10272,#10274,#10276,#10278));
#10280=FACE_BOUND('',#10279,.F.);
#10282=ORIENTED_EDGE('',*,*,#10281,.F.);
#10284=ORIENTED_EDGE('',*,*,#10283,.F.);
#10286=ORIENTED_EDGE('',*,*,#10285,.T.);
#10288=ORIENTED_EDGE('',*,*,#10287,.T.);
#10290=ORIENTED_EDGE('',*,*,#10289,.T.);
#10292=ORIENTED_EDGE('',*,*,#10291,.T.);
#10293=EDGE_LOOP('',(#10282,#10284,#10286,#10288,#10290,#10292));
#10294=FACE_BOUND('',#10293,.F.);
#10296=ORIENTED_EDGE('',*,*,#10295,.F.);
#10298=ORIENTED_EDGE('',*,*,#10297,.F.);
#10300=ORIENTED_EDGE('',*,*,#10299,.T.);
#10302=ORIENTED_EDGE('',*,*,#10301,.T.);
#10304=ORIENTED_EDGE('',*,*,#10303,.T.);
#10306=ORIENTED_EDGE('',*,*,#10305,.T.);
#10307=EDGE_LOOP('',(#10296,#10298,#10300,#10302,#10304,#10306));
#10308=FACE_BOUND('',#10307,.F.);
#10310=ORIENTED_EDGE('',*,*,#10309,.F.);
#10312=ORIENTED_EDGE('',*,*,#10311,.F.);
#10314=ORIENTED_EDGE('',*,*,#10313,.T.);
#10316=ORIENTED_EDGE('',*,*,#10315,.T.);
#10318=ORIENTED_EDGE('',*,*,#10317,.T.);
#10320=ORIENTED_EDGE('',*,*,#10319,.T.);
#10321=EDGE_LOOP('',(#10310,#10312,#10314,#10316,#10318,#10320));
#10322=FACE_BOUND('',#10321,.F.);
#10324=ORIENTED_EDGE('',*,*,#10323,.F.);
#10326=ORIENTED_EDGE('',*,*,#10325,.F.);
#10328=ORIENTED_EDGE('',*,*,#10327,.T.);
#10330=ORIENTED_EDGE('',*,*,#10329,.T.);
#10332=ORIENTED_EDGE('',*,*,#10331,.T.);
#10334=ORIENTED_EDGE('',*,*,#10333,.T.);
#10335=EDGE_LOOP('',(#10324,#10326,#10328,#10330,#10332,#10334));
#10336=FACE_BOUND('',#10335,.F.);
#10338=ORIENTED_EDGE('',*,*,#10337,.F.);
#10340=ORIENTED_EDGE('',*,*,#10339,.F.);
#10342=ORIENTED_EDGE('',*,*,#10341,.T.);
#10344=ORIENTED_EDGE('',*,*,#10343,.T.);
#10346=ORIENTED_EDGE('',*,*,#10345,.T.);
#10348=ORIENTED_EDGE('',*,*,#10347,.T.);
#10349=EDGE_LOOP('',(#10338,#10340,#10342,#10344,#10346,#10348));
#10350=FACE_BOUND('',#10349,.F.);
#10352=ORIENTED_EDGE('',*,*,#10351,.F.);
#10354=ORIENTED_EDGE('',*,*,#10353,.F.);
#10356=ORIENTED_EDGE('',*,*,#10355,.T.);
#10358=ORIENTED_EDGE('',*,*,#10357,.T.);
#10360=ORIENTED_EDGE('',*,*,#10359,.T.);
#10362=ORIENTED_EDGE('',*,*,#10361,.T.);
#10363=EDGE_LOOP('',(#10352,#10354,#10356,#10358,#10360,#10362));
#10364=FACE_BOUND('',#10363,.F.);
#10366=ORIENTED_EDGE('',*,*,#10365,.F.);
#10368=ORIENTED_EDGE('',*,*,#10367,.F.);
#10370=ORIENTED_EDGE('',*,*,#10369,.T.);
#10372=ORIENTED_EDGE('',*,*,#10371,.T.);
#10374=ORIENTED_EDGE('',*,*,#10373,.T.);
#10376=ORIENTED_EDGE('',*,*,#10375,.T.);
#10377=EDGE_LOOP('',(#10366,#10368,#10370,#10372,#10374,#10376));
#10378=FACE_BOUND('',#10377,.F.);
#10379=ADVANCED_FACE('',(#10238,#10252,#10266,#10280,#10294,#10308,#10322,
#10336,#10350,#10364,#10378),#10230,.T.);
#10380=CARTESIAN_POINT('',(-1.E-2,1.455E0,-8.35E-1));
#10381=DIRECTION('',(0.E0,-1.E0,0.E0));
#10382=DIRECTION('',(0.E0,0.E0,-1.E0));
#10383=AXIS2_PLACEMENT_3D('',#10380,#10381,#10382);
#10384=PLANE('',#10383);
#10386=ORIENTED_EDGE('',*,*,#10385,.F.);
#10387=ORIENTED_EDGE('',*,*,#10367,.T.);
#10388=ORIENTED_EDGE('',*,*,#10365,.T.);
#10390=ORIENTED_EDGE('',*,*,#10389,.F.);
#10392=ORIENTED_EDGE('',*,*,#10391,.F.);
#10394=ORIENTED_EDGE('',*,*,#10393,.T.);
#10396=ORIENTED_EDGE('',*,*,#10395,.F.);
#10397=EDGE_LOOP('',(#10386,#10387,#10388,#10390,#10392,#10394,#10396));
#10398=FACE_OUTER_BOUND('',#10397,.F.);
#10399=ADVANCED_FACE('',(#10398),#10384,.F.);
#10400=CARTESIAN_POINT('',(-4.161079363685E-1,1.325E0,3.129882174905E-1));
#10401=DIRECTION('',(0.E0,1.E0,0.E0));
#10402=DIRECTION('',(0.E0,0.E0,1.E0));
#10403=AXIS2_PLACEMENT_3D('',#10400,#10401,#10402);
#10404=CYLINDRICAL_SURFACE('',#10403,1.E-1);
#10405=ORIENTED_EDGE('',*,*,#10369,.F.);
#10406=ORIENTED_EDGE('',*,*,#10385,.T.);
#10408=ORIENTED_EDGE('',*,*,#10407,.F.);
#10410=ORIENTED_EDGE('',*,*,#10409,.T.);
#10411=EDGE_LOOP('',(#10405,#10406,#10408,#10410));
#10412=FACE_OUTER_BOUND('',#10411,.F.);
#10413=ADVANCED_FACE('',(#10412),#10404,.F.);
#10414=CARTESIAN_POINT('',(-3.4E-1,1.325E0,4.65E-1));
#10415=DIRECTION('',(0.E0,1.E0,0.E0));
#10416=DIRECTION('',(0.E0,0.E0,1.E0));
#10417=AXIS2_PLACEMENT_3D('',#10414,#10415,#10416);
#10418=CYLINDRICAL_SURFACE('',#10417,7.E-2);
#10420=ORIENTED_EDGE('',*,*,#10419,.F.);
#10422=ORIENTED_EDGE('',*,*,#10421,.F.);
#10424=ORIENTED_EDGE('',*,*,#10423,.F.);
#10426=ORIENTED_EDGE('',*,*,#10425,.T.);
#10427=ORIENTED_EDGE('',*,*,#10407,.T.);
#10428=ORIENTED_EDGE('',*,*,#10395,.T.);
#10430=ORIENTED_EDGE('',*,*,#10429,.T.);
#10432=ORIENTED_EDGE('',*,*,#10431,.T.);
#10433=EDGE_LOOP('',(#10420,#10422,#10424,#10426,#10427,#10428,#10430,#10432));
#10434=FACE_OUTER_BOUND('',#10433,.F.);
#10435=ADVANCED_FACE('',(#10434),#10418,.T.);
#10436=CARTESIAN_POINT('',(-3.272146126946E-1,1.325E0,6.053007010892E-1));
#10437=DIRECTION('',(-8.191520442890E-1,0.E0,5.735764363510E-1));
#10438=DIRECTION('',(-5.735764363510E-1,0.E0,-8.191520442890E-1));
#10439=AXIS2_PLACEMENT_3D('',#10436,#10437,#10438);
#10440=PLANE('',#10439);
#10442=ORIENTED_EDGE('',*,*,#10441,.T.);
#10444=ORIENTED_EDGE('',*,*,#10443,.F.);
#10445=ORIENTED_EDGE('',*,*,#10419,.T.);
#10447=ORIENTED_EDGE('',*,*,#10446,.T.);
#10448=ORIENTED_EDGE('',*,*,#10391,.T.);
#10450=ORIENTED_EDGE('',*,*,#10449,.T.);
#10451=EDGE_LOOP('',(#10442,#10444,#10445,#10447,#10448,#10450));
#10452=FACE_OUTER_BOUND('',#10451,.F.);
#10453=ADVANCED_FACE('',(#10452),#10440,.T.);
#10454=CARTESIAN_POINT('',(-1.E-2,1.345E0,-8.35E-1));
#10455=DIRECTION('',(0.E0,-1.E0,0.E0));
#10456=DIRECTION('',(0.E0,0.E0,-1.E0));
#10457=AXIS2_PLACEMENT_3D('',#10454,#10455,#10456);
#10458=PLANE('',#10457);
#10459=ORIENTED_EDGE('',*,*,#10373,.F.);
#10460=ORIENTED_EDGE('',*,*,#10371,.F.);
#10461=ORIENTED_EDGE('',*,*,#10409,.F.);
#10462=ORIENTED_EDGE('',*,*,#10425,.F.);
#10464=ORIENTED_EDGE('',*,*,#10463,.T.);
#10465=ORIENTED_EDGE('',*,*,#10441,.F.);
#10467=ORIENTED_EDGE('',*,*,#10466,.F.);
#10468=EDGE_LOOP('',(#10459,#10460,#10461,#10462,#10464,#10465,#10467));
#10469=FACE_OUTER_BOUND('',#10468,.F.);
#10470=ADVANCED_FACE('',(#10469),#10458,.T.);
#10471=CARTESIAN_POINT('',(-3.8E-1,1.375E0,5.65E-1));
#10472=DIRECTION('',(0.E0,0.E0,-1.E0));
#10473=DIRECTION('',(1.E0,0.E0,0.E0));
#10474=AXIS2_PLACEMENT_3D('',#10471,#10472,#10473);
#10475=CYLINDRICAL_SURFACE('',#10474,3.E-2);
#10476=ORIENTED_EDGE('',*,*,#10463,.F.);
#10477=ORIENTED_EDGE('',*,*,#10423,.T.);
#10478=ORIENTED_EDGE('',*,*,#10421,.T.);
#10479=ORIENTED_EDGE('',*,*,#10443,.T.);
#10480=EDGE_LOOP('',(#10476,#10477,#10478,#10479));
#10481=FACE_OUTER_BOUND('',#10480,.F.);
#10482=ADVANCED_FACE('',(#10481),#10475,.T.);
#10483=CARTESIAN_POINT('',(-2.125333264941E-1,1.325E0,5.25E-1));
#10484=DIRECTION('',(0.E0,1.E0,0.E0));
#10485=DIRECTION('',(0.E0,0.E0,1.E0));
#10486=AXIS2_PLACEMENT_3D('',#10483,#10484,#10485);
#10487=CYLINDRICAL_SURFACE('',#10486,1.4E-1);
#10488=ORIENTED_EDGE('',*,*,#10375,.F.);
#10489=ORIENTED_EDGE('',*,*,#10466,.T.);
#10490=ORIENTED_EDGE('',*,*,#10449,.F.);
#10491=ORIENTED_EDGE('',*,*,#10389,.T.);
#10492=EDGE_LOOP('',(#10488,#10489,#10490,#10491));
#10493=FACE_OUTER_BOUND('',#10492,.F.);
#10494=ADVANCED_FACE('',(#10493),#10487,.T.);
#10495=CARTESIAN_POINT('',(-3.8E-1,1.425E0,5.65E-1));
#10496=DIRECTION('',(0.E0,0.E0,-1.E0));
#10497=DIRECTION('',(1.E0,0.E0,0.E0));
#10498=AXIS2_PLACEMENT_3D('',#10495,#10496,#10497);
#10499=CYLINDRICAL_SURFACE('',#10498,3.E-2);
#10500=ORIENTED_EDGE('',*,*,#10446,.F.);
#10501=ORIENTED_EDGE('',*,*,#10431,.F.);
#10502=ORIENTED_EDGE('',*,*,#10429,.F.);
#10503=ORIENTED_EDGE('',*,*,#10393,.F.);
#10504=EDGE_LOOP('',(#10500,#10501,#10502,#10503));
#10505=FACE_OUTER_BOUND('',#10504,.F.);
#10506=ADVANCED_FACE('',(#10505),#10499,.T.);
#10507=CARTESIAN_POINT('',(-1.E-2,-1.45E-1,-8.35E-1));
#10508=DIRECTION('',(0.E0,-1.E0,0.E0));
#10509=DIRECTION('',(0.E0,0.E0,-1.E0));
#10510=AXIS2_PLACEMENT_3D('',#10507,#10508,#10509);
#10511=PLANE('',#10510);
#10513=ORIENTED_EDGE('',*,*,#10512,.F.);
#10514=ORIENTED_EDGE('',*,*,#10241,.T.);
#10515=ORIENTED_EDGE('',*,*,#10239,.T.);
#10517=ORIENTED_EDGE('',*,*,#10516,.F.);
#10519=ORIENTED_EDGE('',*,*,#10518,.F.);
#10521=ORIENTED_EDGE('',*,*,#10520,.T.);
#10523=ORIENTED_EDGE('',*,*,#10522,.F.);
#10524=EDGE_LOOP('',(#10513,#10514,#10515,#10517,#10519,#10521,#10523));
#10525=FACE_OUTER_BOUND('',#10524,.F.);
#10526=ADVANCED_FACE('',(#10525),#10511,.F.);
#10527=CARTESIAN_POINT('',(-4.161079363685E-1,-2.75E-1,3.129882174905E-1));
#10528=DIRECTION('',(0.E0,1.E0,0.E0));
#10529=DIRECTION('',(0.E0,0.E0,1.E0));
#10530=AXIS2_PLACEMENT_3D('',#10527,#10528,#10529);
#10531=CYLINDRICAL_SURFACE('',#10530,1.E-1);
#10532=ORIENTED_EDGE('',*,*,#10243,.F.);
#10533=ORIENTED_EDGE('',*,*,#10512,.T.);
#10535=ORIENTED_EDGE('',*,*,#10534,.F.);
#10537=ORIENTED_EDGE('',*,*,#10536,.T.);
#10538=EDGE_LOOP('',(#10532,#10533,#10535,#10537));
#10539=FACE_OUTER_BOUND('',#10538,.F.);
#10540=ADVANCED_FACE('',(#10539),#10531,.F.);
#10541=CARTESIAN_POINT('',(-3.4E-1,-2.75E-1,4.65E-1));
#10542=DIRECTION('',(0.E0,1.E0,0.E0));
#10543=DIRECTION('',(0.E0,0.E0,1.E0));
#10544=AXIS2_PLACEMENT_3D('',#10541,#10542,#10543);
#10545=CYLINDRICAL_SURFACE('',#10544,7.E-2);
#10547=ORIENTED_EDGE('',*,*,#10546,.F.);
#10549=ORIENTED_EDGE('',*,*,#10548,.F.);
#10551=ORIENTED_EDGE('',*,*,#10550,.F.);
#10553=ORIENTED_EDGE('',*,*,#10552,.T.);
#10554=ORIENTED_EDGE('',*,*,#10534,.T.);
#10555=ORIENTED_EDGE('',*,*,#10522,.T.);
#10557=ORIENTED_EDGE('',*,*,#10556,.T.);
#10559=ORIENTED_EDGE('',*,*,#10558,.T.);
#10560=EDGE_LOOP('',(#10547,#10549,#10551,#10553,#10554,#10555,#10557,#10559));
#10561=FACE_OUTER_BOUND('',#10560,.F.);
#10562=ADVANCED_FACE('',(#10561),#10545,.T.);
#10563=CARTESIAN_POINT('',(-3.272146126946E-1,-2.75E-1,6.053007010892E-1));
#10564=DIRECTION('',(-8.191520442890E-1,0.E0,5.735764363510E-1));
#10565=DIRECTION('',(-5.735764363510E-1,0.E0,-8.191520442890E-1));
#10566=AXIS2_PLACEMENT_3D('',#10563,#10564,#10565);
#10567=PLANE('',#10566);
#10569=ORIENTED_EDGE('',*,*,#10568,.T.);
#10571=ORIENTED_EDGE('',*,*,#10570,.F.);
#10572=ORIENTED_EDGE('',*,*,#10546,.T.);
#10574=ORIENTED_EDGE('',*,*,#10573,.T.);
#10575=ORIENTED_EDGE('',*,*,#10518,.T.);
#10577=ORIENTED_EDGE('',*,*,#10576,.T.);
#10578=EDGE_LOOP('',(#10569,#10571,#10572,#10574,#10575,#10577));
#10579=FACE_OUTER_BOUND('',#10578,.F.);
#10580=ADVANCED_FACE('',(#10579),#10567,.T.);
#10581=CARTESIAN_POINT('',(-1.E-2,-2.55E-1,-8.35E-1));
#10582=DIRECTION('',(0.E0,-1.E0,0.E0));
#10583=DIRECTION('',(0.E0,0.E0,-1.E0));
#10584=AXIS2_PLACEMENT_3D('',#10581,#10582,#10583);
#10585=PLANE('',#10584);
#10586=ORIENTED_EDGE('',*,*,#10247,.F.);
#10587=ORIENTED_EDGE('',*,*,#10245,.F.);
#10588=ORIENTED_EDGE('',*,*,#10536,.F.);
#10589=ORIENTED_EDGE('',*,*,#10552,.F.);
#10591=ORIENTED_EDGE('',*,*,#10590,.T.);
#10592=ORIENTED_EDGE('',*,*,#10568,.F.);
#10594=ORIENTED_EDGE('',*,*,#10593,.F.);
#10595=EDGE_LOOP('',(#10586,#10587,#10588,#10589,#10591,#10592,#10594));
#10596=FACE_OUTER_BOUND('',#10595,.F.);
#10597=ADVANCED_FACE('',(#10596),#10585,.T.);
#10598=CARTESIAN_POINT('',(-3.8E-1,-2.25E-1,5.65E-1));
#10599=DIRECTION('',(0.E0,0.E0,-1.E0));
#10600=DIRECTION('',(1.E0,0.E0,0.E0));
#10601=AXIS2_PLACEMENT_3D('',#10598,#10599,#10600);
#10602=CYLINDRICAL_SURFACE('',#10601,3.E-2);
#10603=ORIENTED_EDGE('',*,*,#10590,.F.);
#10604=ORIENTED_EDGE('',*,*,#10550,.T.);
#10605=ORIENTED_EDGE('',*,*,#10548,.T.);
#10606=ORIENTED_EDGE('',*,*,#10570,.T.);
#10607=EDGE_LOOP('',(#10603,#10604,#10605,#10606));
#10608=FACE_OUTER_BOUND('',#10607,.F.);
#10609=ADVANCED_FACE('',(#10608),#10602,.T.);
#10610=CARTESIAN_POINT('',(-2.125333264941E-1,-2.75E-1,5.25E-1));
#10611=DIRECTION('',(0.E0,1.E0,0.E0));
#10612=DIRECTION('',(0.E0,0.E0,1.E0));
#10613=AXIS2_PLACEMENT_3D('',#10610,#10611,#10612);
#10614=CYLINDRICAL_SURFACE('',#10613,1.4E-1);
#10615=ORIENTED_EDGE('',*,*,#10249,.F.);
#10616=ORIENTED_EDGE('',*,*,#10593,.T.);
#10617=ORIENTED_EDGE('',*,*,#10576,.F.);
#10618=ORIENTED_EDGE('',*,*,#10516,.T.);
#10619=EDGE_LOOP('',(#10615,#10616,#10617,#10618));
#10620=FACE_OUTER_BOUND('',#10619,.F.);
#10621=ADVANCED_FACE('',(#10620),#10614,.T.);
#10622=CARTESIAN_POINT('',(-3.8E-1,-1.75E-1,5.65E-1));
#10623=DIRECTION('',(0.E0,0.E0,-1.E0));
#10624=DIRECTION('',(1.E0,0.E0,0.E0));
#10625=AXIS2_PLACEMENT_3D('',#10622,#10623,#10624);
#10626=CYLINDRICAL_SURFACE('',#10625,3.E-2);
#10627=ORIENTED_EDGE('',*,*,#10573,.F.);
#10628=ORIENTED_EDGE('',*,*,#10558,.F.);
#10629=ORIENTED_EDGE('',*,*,#10556,.F.);
#10630=ORIENTED_EDGE('',*,*,#10520,.F.);
#10631=EDGE_LOOP('',(#10627,#10628,#10629,#10630));
#10632=FACE_OUTER_BOUND('',#10631,.F.);
#10633=ADVANCED_FACE('',(#10632),#10626,.T.);
#10634=CARTESIAN_POINT('',(-1.E-2,2.55E-1,-8.35E-1));
#10635=DIRECTION('',(0.E0,-1.E0,0.E0));
#10636=DIRECTION('',(0.E0,0.E0,-1.E0));
#10637=AXIS2_PLACEMENT_3D('',#10634,#10635,#10636);
#10638=PLANE('',#10637);
#10640=ORIENTED_EDGE('',*,*,#10639,.F.);
#10641=ORIENTED_EDGE('',*,*,#10255,.T.);
#10642=ORIENTED_EDGE('',*,*,#10253,.T.);
#10644=ORIENTED_EDGE('',*,*,#10643,.F.);
#10646=ORIENTED_EDGE('',*,*,#10645,.F.);
#10648=ORIENTED_EDGE('',*,*,#10647,.T.);
#10650=ORIENTED_EDGE('',*,*,#10649,.F.);
#10651=EDGE_LOOP('',(#10640,#10641,#10642,#10644,#10646,#10648,#10650));
#10652=FACE_OUTER_BOUND('',#10651,.F.);
#10653=ADVANCED_FACE('',(#10652),#10638,.F.);
#10654=CARTESIAN_POINT('',(-4.161079363685E-1,1.25E-1,3.129882174905E-1));
#10655=DIRECTION('',(0.E0,1.E0,0.E0));
#10656=DIRECTION('',(0.E0,0.E0,1.E0));
#10657=AXIS2_PLACEMENT_3D('',#10654,#10655,#10656);
#10658=CYLINDRICAL_SURFACE('',#10657,1.E-1);
#10659=ORIENTED_EDGE('',*,*,#10257,.F.);
#10660=ORIENTED_EDGE('',*,*,#10639,.T.);
#10662=ORIENTED_EDGE('',*,*,#10661,.F.);
#10664=ORIENTED_EDGE('',*,*,#10663,.T.);
#10665=EDGE_LOOP('',(#10659,#10660,#10662,#10664));
#10666=FACE_OUTER_BOUND('',#10665,.F.);
#10667=ADVANCED_FACE('',(#10666),#10658,.F.);
#10668=CARTESIAN_POINT('',(-3.4E-1,1.25E-1,4.65E-1));
#10669=DIRECTION('',(0.E0,1.E0,0.E0));
#10670=DIRECTION('',(0.E0,0.E0,1.E0));
#10671=AXIS2_PLACEMENT_3D('',#10668,#10669,#10670);
#10672=CYLINDRICAL_SURFACE('',#10671,7.E-2);
#10674=ORIENTED_EDGE('',*,*,#10673,.F.);
#10676=ORIENTED_EDGE('',*,*,#10675,.F.);
#10678=ORIENTED_EDGE('',*,*,#10677,.F.);
#10680=ORIENTED_EDGE('',*,*,#10679,.T.);
#10681=ORIENTED_EDGE('',*,*,#10661,.T.);
#10682=ORIENTED_EDGE('',*,*,#10649,.T.);
#10684=ORIENTED_EDGE('',*,*,#10683,.T.);
#10686=ORIENTED_EDGE('',*,*,#10685,.T.);
#10687=EDGE_LOOP('',(#10674,#10676,#10678,#10680,#10681,#10682,#10684,#10686));
#10688=FACE_OUTER_BOUND('',#10687,.F.);
#10689=ADVANCED_FACE('',(#10688),#10672,.T.);
#10690=CARTESIAN_POINT('',(-3.272146126946E-1,1.25E-1,6.053007010892E-1));
#10691=DIRECTION('',(-8.191520442890E-1,0.E0,5.735764363510E-1));
#10692=DIRECTION('',(-5.735764363510E-1,0.E0,-8.191520442890E-1));
#10693=AXIS2_PLACEMENT_3D('',#10690,#10691,#10692);
#10694=PLANE('',#10693);
#10696=ORIENTED_EDGE('',*,*,#10695,.T.);
#10698=ORIENTED_EDGE('',*,*,#10697,.F.);
#10699=ORIENTED_EDGE('',*,*,#10673,.T.);
#10701=ORIENTED_EDGE('',*,*,#10700,.T.);
#10702=ORIENTED_EDGE('',*,*,#10645,.T.);
#10704=ORIENTED_EDGE('',*,*,#10703,.T.);
#10705=EDGE_LOOP('',(#10696,#10698,#10699,#10701,#10702,#10704));
#10706=FACE_OUTER_BOUND('',#10705,.F.);
#10707=ADVANCED_FACE('',(#10706),#10694,.T.);
#10708=CARTESIAN_POINT('',(-1.E-2,1.45E-1,-8.35E-1));
#10709=DIRECTION('',(0.E0,-1.E0,0.E0));
#10710=DIRECTION('',(0.E0,0.E0,-1.E0));
#10711=AXIS2_PLACEMENT_3D('',#10708,#10709,#10710);
#10712=PLANE('',#10711);
#10713=ORIENTED_EDGE('',*,*,#10261,.F.);
#10714=ORIENTED_EDGE('',*,*,#10259,.F.);
#10715=ORIENTED_EDGE('',*,*,#10663,.F.);
#10716=ORIENTED_EDGE('',*,*,#10679,.F.);
#10718=ORIENTED_EDGE('',*,*,#10717,.T.);
#10719=ORIENTED_EDGE('',*,*,#10695,.F.);
#10721=ORIENTED_EDGE('',*,*,#10720,.F.);
#10722=EDGE_LOOP('',(#10713,#10714,#10715,#10716,#10718,#10719,#10721));
#10723=FACE_OUTER_BOUND('',#10722,.F.);
#10724=ADVANCED_FACE('',(#10723),#10712,.T.);
#10725=CARTESIAN_POINT('',(-3.8E-1,1.75E-1,5.65E-1));
#10726=DIRECTION('',(0.E0,0.E0,-1.E0));
#10727=DIRECTION('',(1.E0,0.E0,0.E0));
#10728=AXIS2_PLACEMENT_3D('',#10725,#10726,#10727);
#10729=CYLINDRICAL_SURFACE('',#10728,3.E-2);
#10730=ORIENTED_EDGE('',*,*,#10717,.F.);
#10731=ORIENTED_EDGE('',*,*,#10677,.T.);
#10732=ORIENTED_EDGE('',*,*,#10675,.T.);
#10733=ORIENTED_EDGE('',*,*,#10697,.T.);
#10734=EDGE_LOOP('',(#10730,#10731,#10732,#10733));
#10735=FACE_OUTER_BOUND('',#10734,.F.);
#10736=ADVANCED_FACE('',(#10735),#10729,.T.);
#10737=CARTESIAN_POINT('',(-2.125333264941E-1,1.25E-1,5.25E-1));
#10738=DIRECTION('',(0.E0,1.E0,0.E0));
#10739=DIRECTION('',(0.E0,0.E0,1.E0));
#10740=AXIS2_PLACEMENT_3D('',#10737,#10738,#10739);
#10741=CYLINDRICAL_SURFACE('',#10740,1.4E-1);
#10742=ORIENTED_EDGE('',*,*,#10263,.F.);
#10743=ORIENTED_EDGE('',*,*,#10720,.T.);
#10744=ORIENTED_EDGE('',*,*,#10703,.F.);
#10745=ORIENTED_EDGE('',*,*,#10643,.T.);
#10746=EDGE_LOOP('',(#10742,#10743,#10744,#10745));
#10747=FACE_OUTER_BOUND('',#10746,.F.);
#10748=ADVANCED_FACE('',(#10747),#10741,.T.);
#10749=CARTESIAN_POINT('',(-3.8E-1,2.25E-1,5.65E-1));
#10750=DIRECTION('',(0.E0,0.E0,-1.E0));
#10751=DIRECTION('',(1.E0,0.E0,0.E0));
#10752=AXIS2_PLACEMENT_3D('',#10749,#10750,#10751);
#10753=CYLINDRICAL_SURFACE('',#10752,3.E-2);
#10754=ORIENTED_EDGE('',*,*,#10700,.F.);
#10755=ORIENTED_EDGE('',*,*,#10685,.F.);
#10756=ORIENTED_EDGE('',*,*,#10683,.F.);
#10757=ORIENTED_EDGE('',*,*,#10647,.F.);
#10758=EDGE_LOOP('',(#10754,#10755,#10756,#10757));
#10759=FACE_OUTER_BOUND('',#10758,.F.);
#10760=ADVANCED_FACE('',(#10759),#10753,.T.);
#10761=CARTESIAN_POINT('',(-1.E-2,-1.345E0,-8.35E-1));
#10762=DIRECTION('',(0.E0,-1.E0,0.E0));
#10763=DIRECTION('',(0.E0,0.E0,-1.E0));
#10764=AXIS2_PLACEMENT_3D('',#10761,#10762,#10763);
#10765=PLANE('',#10764);
#10767=ORIENTED_EDGE('',*,*,#10766,.F.);
#10768=ORIENTED_EDGE('',*,*,#10269,.T.);
#10769=ORIENTED_EDGE('',*,*,#10267,.T.);
#10771=ORIENTED_EDGE('',*,*,#10770,.F.);
#10773=ORIENTED_EDGE('',*,*,#10772,.F.);
#10775=ORIENTED_EDGE('',*,*,#10774,.T.);
#10777=ORIENTED_EDGE('',*,*,#10776,.F.);
#10778=EDGE_LOOP('',(#10767,#10768,#10769,#10771,#10773,#10775,#10777));
#10779=FACE_OUTER_BOUND('',#10778,.F.);
#10780=ADVANCED_FACE('',(#10779),#10765,.F.);
#10781=CARTESIAN_POINT('',(-4.161079363685E-1,-1.475E0,3.129882174905E-1));
#10782=DIRECTION('',(0.E0,1.E0,0.E0));
#10783=DIRECTION('',(0.E0,0.E0,1.E0));
#10784=AXIS2_PLACEMENT_3D('',#10781,#10782,#10783);
#10785=CYLINDRICAL_SURFACE('',#10784,1.E-1);
#10786=ORIENTED_EDGE('',*,*,#10271,.F.);
#10787=ORIENTED_EDGE('',*,*,#10766,.T.);
#10789=ORIENTED_EDGE('',*,*,#10788,.F.);
#10791=ORIENTED_EDGE('',*,*,#10790,.T.);
#10792=EDGE_LOOP('',(#10786,#10787,#10789,#10791));
#10793=FACE_OUTER_BOUND('',#10792,.F.);
#10794=ADVANCED_FACE('',(#10793),#10785,.F.);
#10795=CARTESIAN_POINT('',(-3.4E-1,-1.475E0,4.65E-1));
#10796=DIRECTION('',(0.E0,1.E0,0.E0));
#10797=DIRECTION('',(0.E0,0.E0,1.E0));
#10798=AXIS2_PLACEMENT_3D('',#10795,#10796,#10797);
#10799=CYLINDRICAL_SURFACE('',#10798,7.E-2);
#10801=ORIENTED_EDGE('',*,*,#10800,.F.);
#10803=ORIENTED_EDGE('',*,*,#10802,.F.);
#10805=ORIENTED_EDGE('',*,*,#10804,.F.);
#10807=ORIENTED_EDGE('',*,*,#10806,.T.);
#10808=ORIENTED_EDGE('',*,*,#10788,.T.);
#10809=ORIENTED_EDGE('',*,*,#10776,.T.);
#10811=ORIENTED_EDGE('',*,*,#10810,.T.);
#10813=ORIENTED_EDGE('',*,*,#10812,.T.);
#10814=EDGE_LOOP('',(#10801,#10803,#10805,#10807,#10808,#10809,#10811,#10813));
#10815=FACE_OUTER_BOUND('',#10814,.F.);
#10816=ADVANCED_FACE('',(#10815),#10799,.T.);
#10817=CARTESIAN_POINT('',(-3.272146126946E-1,-1.475E0,6.053007010892E-1));
#10818=DIRECTION('',(-8.191520442890E-1,0.E0,5.735764363510E-1));
#10819=DIRECTION('',(-5.735764363510E-1,0.E0,-8.191520442890E-1));
#10820=AXIS2_PLACEMENT_3D('',#10817,#10818,#10819);
#10821=PLANE('',#10820);
#10823=ORIENTED_EDGE('',*,*,#10822,.T.);
#10825=ORIENTED_EDGE('',*,*,#10824,.F.);
#10826=ORIENTED_EDGE('',*,*,#10800,.T.);
#10828=ORIENTED_EDGE('',*,*,#10827,.T.);
#10829=ORIENTED_EDGE('',*,*,#10772,.T.);
#10831=ORIENTED_EDGE('',*,*,#10830,.T.);
#10832=EDGE_LOOP('',(#10823,#10825,#10826,#10828,#10829,#10831));
#10833=FACE_OUTER_BOUND('',#10832,.F.);
#10834=ADVANCED_FACE('',(#10833),#10821,.T.);
#10835=CARTESIAN_POINT('',(-1.E-2,-1.455E0,-8.35E-1));
#10836=DIRECTION('',(0.E0,-1.E0,0.E0));
#10837=DIRECTION('',(0.E0,0.E0,-1.E0));
#10838=AXIS2_PLACEMENT_3D('',#10835,#10836,#10837);
#10839=PLANE('',#10838);
#10840=ORIENTED_EDGE('',*,*,#10275,.F.);
#10841=ORIENTED_EDGE('',*,*,#10273,.F.);
#10842=ORIENTED_EDGE('',*,*,#10790,.F.);
#10843=ORIENTED_EDGE('',*,*,#10806,.F.);
#10845=ORIENTED_EDGE('',*,*,#10844,.T.);
#10846=ORIENTED_EDGE('',*,*,#10822,.F.);
#10848=ORIENTED_EDGE('',*,*,#10847,.F.);
#10849=EDGE_LOOP('',(#10840,#10841,#10842,#10843,#10845,#10846,#10848));
#10850=FACE_OUTER_BOUND('',#10849,.F.);
#10851=ADVANCED_FACE('',(#10850),#10839,.T.);
#10852=CARTESIAN_POINT('',(-3.8E-1,-1.425E0,5.65E-1));
#10853=DIRECTION('',(0.E0,0.E0,-1.E0));
#10854=DIRECTION('',(1.E0,0.E0,0.E0));
#10855=AXIS2_PLACEMENT_3D('',#10852,#10853,#10854);
#10856=CYLINDRICAL_SURFACE('',#10855,3.E-2);
#10857=ORIENTED_EDGE('',*,*,#10844,.F.);
#10858=ORIENTED_EDGE('',*,*,#10804,.T.);
#10859=ORIENTED_EDGE('',*,*,#10802,.T.);
#10860=ORIENTED_EDGE('',*,*,#10824,.T.);
#10861=EDGE_LOOP('',(#10857,#10858,#10859,#10860));
#10862=FACE_OUTER_BOUND('',#10861,.F.);
#10863=ADVANCED_FACE('',(#10862),#10856,.T.);
#10864=CARTESIAN_POINT('',(-2.125333264941E-1,-1.475E0,5.25E-1));
#10865=DIRECTION('',(0.E0,1.E0,0.E0));
#10866=DIRECTION('',(0.E0,0.E0,1.E0));
#10867=AXIS2_PLACEMENT_3D('',#10864,#10865,#10866);
#10868=CYLINDRICAL_SURFACE('',#10867,1.4E-1);
#10869=ORIENTED_EDGE('',*,*,#10277,.F.);
#10870=ORIENTED_EDGE('',*,*,#10847,.T.);
#10871=ORIENTED_EDGE('',*,*,#10830,.F.);
#10872=ORIENTED_EDGE('',*,*,#10770,.T.);
#10873=EDGE_LOOP('',(#10869,#10870,#10871,#10872));
#10874=FACE_OUTER_BOUND('',#10873,.F.);
#10875=ADVANCED_FACE('',(#10874),#10868,.T.);
#10876=CARTESIAN_POINT('',(-3.8E-1,-1.375E0,5.65E-1));
#10877=DIRECTION('',(0.E0,0.E0,-1.E0));
#10878=DIRECTION('',(1.E0,0.E0,0.E0));
#10879=AXIS2_PLACEMENT_3D('',#10876,#10877,#10878);
#10880=CYLINDRICAL_SURFACE('',#10879,3.E-2);
#10881=ORIENTED_EDGE('',*,*,#10827,.F.);
#10882=ORIENTED_EDGE('',*,*,#10812,.F.);
#10883=ORIENTED_EDGE('',*,*,#10810,.F.);
#10884=ORIENTED_EDGE('',*,*,#10774,.F.);
#10885=EDGE_LOOP('',(#10881,#10882,#10883,#10884));
#10886=FACE_OUTER_BOUND('',#10885,.F.);
#10887=ADVANCED_FACE('',(#10886),#10880,.T.);
#10888=CARTESIAN_POINT('',(-1.E-2,-9.45E-1,-8.35E-1));
#10889=DIRECTION('',(0.E0,-1.E0,0.E0));
#10890=DIRECTION('',(0.E0,0.E0,-1.E0));
#10891=AXIS2_PLACEMENT_3D('',#10888,#10889,#10890);
#10892=PLANE('',#10891);
#10894=ORIENTED_EDGE('',*,*,#10893,.F.);
#10895=ORIENTED_EDGE('',*,*,#10283,.T.);
#10896=ORIENTED_EDGE('',*,*,#10281,.T.);
#10898=ORIENTED_EDGE('',*,*,#10897,.F.);
#10900=ORIENTED_EDGE('',*,*,#10899,.F.);
#10902=ORIENTED_EDGE('',*,*,#10901,.T.);
#10904=ORIENTED_EDGE('',*,*,#10903,.F.);
#10905=EDGE_LOOP('',(#10894,#10895,#10896,#10898,#10900,#10902,#10904));
#10906=FACE_OUTER_BOUND('',#10905,.F.);
#10907=ADVANCED_FACE('',(#10906),#10892,.F.);
#10908=CARTESIAN_POINT('',(-4.161079363685E-1,-1.075E0,3.129882174905E-1));
#10909=DIRECTION('',(0.E0,1.E0,0.E0));
#10910=DIRECTION('',(0.E0,0.E0,1.E0));
#10911=AXIS2_PLACEMENT_3D('',#10908,#10909,#10910);
#10912=CYLINDRICAL_SURFACE('',#10911,1.E-1);
#10913=ORIENTED_EDGE('',*,*,#10285,.F.);
#10914=ORIENTED_EDGE('',*,*,#10893,.T.);
#10916=ORIENTED_EDGE('',*,*,#10915,.F.);
#10918=ORIENTED_EDGE('',*,*,#10917,.T.);
#10919=EDGE_LOOP('',(#10913,#10914,#10916,#10918));
#10920=FACE_OUTER_BOUND('',#10919,.F.);
#10921=ADVANCED_FACE('',(#10920),#10912,.F.);
#10922=CARTESIAN_POINT('',(-3.4E-1,-1.075E0,4.65E-1));
#10923=DIRECTION('',(0.E0,1.E0,0.E0));
#10924=DIRECTION('',(0.E0,0.E0,1.E0));
#10925=AXIS2_PLACEMENT_3D('',#10922,#10923,#10924);
#10926=CYLINDRICAL_SURFACE('',#10925,7.E-2);
#10928=ORIENTED_EDGE('',*,*,#10927,.F.);
#10930=ORIENTED_EDGE('',*,*,#10929,.F.);
#10932=ORIENTED_EDGE('',*,*,#10931,.F.);
#10934=ORIENTED_EDGE('',*,*,#10933,.T.);
#10935=ORIENTED_EDGE('',*,*,#10915,.T.);
#10936=ORIENTED_EDGE('',*,*,#10903,.T.);
#10938=ORIENTED_EDGE('',*,*,#10937,.T.);
#10940=ORIENTED_EDGE('',*,*,#10939,.T.);
#10941=EDGE_LOOP('',(#10928,#10930,#10932,#10934,#10935,#10936,#10938,#10940));
#10942=FACE_OUTER_BOUND('',#10941,.F.);
#10943=ADVANCED_FACE('',(#10942),#10926,.T.);
#10944=CARTESIAN_POINT('',(-3.272146126946E-1,-1.075E0,6.053007010892E-1));
#10945=DIRECTION('',(-8.191520442890E-1,0.E0,5.735764363510E-1));
#10946=DIRECTION('',(-5.735764363510E-1,0.E0,-8.191520442890E-1));
#10947=AXIS2_PLACEMENT_3D('',#10944,#10945,#10946);
#10948=PLANE('',#10947);
#10950=ORIENTED_EDGE('',*,*,#10949,.T.);
#10952=ORIENTED_EDGE('',*,*,#10951,.F.);
#10953=ORIENTED_EDGE('',*,*,#10927,.T.);
#10955=ORIENTED_EDGE('',*,*,#10954,.T.);
#10956=ORIENTED_EDGE('',*,*,#10899,.T.);
#10958=ORIENTED_EDGE('',*,*,#10957,.T.);
#10959=EDGE_LOOP('',(#10950,#10952,#10953,#10955,#10956,#10958));
#10960=FACE_OUTER_BOUND('',#10959,.F.);
#10961=ADVANCED_FACE('',(#10960),#10948,.T.);
#10962=CARTESIAN_POINT('',(-1.E-2,-1.055E0,-8.35E-1));
#10963=DIRECTION('',(0.E0,-1.E0,0.E0));
#10964=DIRECTION('',(0.E0,0.E0,-1.E0));
#10965=AXIS2_PLACEMENT_3D('',#10962,#10963,#10964);
#10966=PLANE('',#10965);
#10967=ORIENTED_EDGE('',*,*,#10289,.F.);
#10968=ORIENTED_EDGE('',*,*,#10287,.F.);
#10969=ORIENTED_EDGE('',*,*,#10917,.F.);
#10970=ORIENTED_EDGE('',*,*,#10933,.F.);
#10972=ORIENTED_EDGE('',*,*,#10971,.T.);
#10973=ORIENTED_EDGE('',*,*,#10949,.F.);
#10975=ORIENTED_EDGE('',*,*,#10974,.F.);
#10976=EDGE_LOOP('',(#10967,#10968,#10969,#10970,#10972,#10973,#10975));
#10977=FACE_OUTER_BOUND('',#10976,.F.);
#10978=ADVANCED_FACE('',(#10977),#10966,.T.);
#10979=CARTESIAN_POINT('',(-3.8E-1,-1.025E0,5.65E-1));
#10980=DIRECTION('',(0.E0,0.E0,-1.E0));
#10981=DIRECTION('',(1.E0,0.E0,0.E0));
#10982=AXIS2_PLACEMENT_3D('',#10979,#10980,#10981);
#10983=CYLINDRICAL_SURFACE('',#10982,3.E-2);
#10984=ORIENTED_EDGE('',*,*,#10971,.F.);
#10985=ORIENTED_EDGE('',*,*,#10931,.T.);
#10986=ORIENTED_EDGE('',*,*,#10929,.T.);
#10987=ORIENTED_EDGE('',*,*,#10951,.T.);
#10988=EDGE_LOOP('',(#10984,#10985,#10986,#10987));
#10989=FACE_OUTER_BOUND('',#10988,.F.);
#10990=ADVANCED_FACE('',(#10989),#10983,.T.);
#10991=CARTESIAN_POINT('',(-2.125333264941E-1,-1.075E0,5.25E-1));
#10992=DIRECTION('',(0.E0,1.E0,0.E0));
#10993=DIRECTION('',(0.E0,0.E0,1.E0));
#10994=AXIS2_PLACEMENT_3D('',#10991,#10992,#10993);
#10995=CYLINDRICAL_SURFACE('',#10994,1.4E-1);
#10996=ORIENTED_EDGE('',*,*,#10291,.F.);
#10997=ORIENTED_EDGE('',*,*,#10974,.T.);
#10998=ORIENTED_EDGE('',*,*,#10957,.F.);
#10999=ORIENTED_EDGE('',*,*,#10897,.T.);
#11000=EDGE_LOOP('',(#10996,#10997,#10998,#10999));
#11001=FACE_OUTER_BOUND('',#11000,.F.);
#11002=ADVANCED_FACE('',(#11001),#10995,.T.);
#11003=CARTESIAN_POINT('',(-3.8E-1,-9.75E-1,5.65E-1));
#11004=DIRECTION('',(0.E0,0.E0,-1.E0));
#11005=DIRECTION('',(1.E0,0.E0,0.E0));
#11006=AXIS2_PLACEMENT_3D('',#11003,#11004,#11005);
#11007=CYLINDRICAL_SURFACE('',#11006,3.E-2);
#11008=ORIENTED_EDGE('',*,*,#10954,.F.);
#11009=ORIENTED_EDGE('',*,*,#10939,.F.);
#11010=ORIENTED_EDGE('',*,*,#10937,.F.);
#11011=ORIENTED_EDGE('',*,*,#10901,.F.);
#11012=EDGE_LOOP('',(#11008,#11009,#11010,#11011));
#11013=FACE_OUTER_BOUND('',#11012,.F.);
#11014=ADVANCED_FACE('',(#11013),#11007,.T.);
#11015=CARTESIAN_POINT('',(-1.E-2,-5.45E-1,-8.35E-1));
#11016=DIRECTION('',(0.E0,-1.E0,0.E0));
#11017=DIRECTION('',(0.E0,0.E0,-1.E0));
#11018=AXIS2_PLACEMENT_3D('',#11015,#11016,#11017);
#11019=PLANE('',#11018);
#11021=ORIENTED_EDGE('',*,*,#11020,.F.);
#11022=ORIENTED_EDGE('',*,*,#10297,.T.);
#11023=ORIENTED_EDGE('',*,*,#10295,.T.);
#11025=ORIENTED_EDGE('',*,*,#11024,.F.);
#11027=ORIENTED_EDGE('',*,*,#11026,.F.);
#11029=ORIENTED_EDGE('',*,*,#11028,.T.);
#11031=ORIENTED_EDGE('',*,*,#11030,.F.);
#11032=EDGE_LOOP('',(#11021,#11022,#11023,#11025,#11027,#11029,#11031));
#11033=FACE_OUTER_BOUND('',#11032,.F.);
#11034=ADVANCED_FACE('',(#11033),#11019,.F.);
#11035=CARTESIAN_POINT('',(-4.161079363685E-1,-6.75E-1,3.129882174905E-1));
#11036=DIRECTION('',(0.E0,1.E0,0.E0));
#11037=DIRECTION('',(0.E0,0.E0,1.E0));
#11038=AXIS2_PLACEMENT_3D('',#11035,#11036,#11037);
#11039=CYLINDRICAL_SURFACE('',#11038,1.E-1);
#11040=ORIENTED_EDGE('',*,*,#10299,.F.);
#11041=ORIENTED_EDGE('',*,*,#11020,.T.);
#11043=ORIENTED_EDGE('',*,*,#11042,.F.);
#11045=ORIENTED_EDGE('',*,*,#11044,.T.);
#11046=EDGE_LOOP('',(#11040,#11041,#11043,#11045));
#11047=FACE_OUTER_BOUND('',#11046,.F.);
#11048=ADVANCED_FACE('',(#11047),#11039,.F.);
#11049=CARTESIAN_POINT('',(-3.4E-1,-6.75E-1,4.65E-1));
#11050=DIRECTION('',(0.E0,1.E0,0.E0));
#11051=DIRECTION('',(0.E0,0.E0,1.E0));
#11052=AXIS2_PLACEMENT_3D('',#11049,#11050,#11051);
#11053=CYLINDRICAL_SURFACE('',#11052,7.E-2);
#11055=ORIENTED_EDGE('',*,*,#11054,.F.);
#11057=ORIENTED_EDGE('',*,*,#11056,.F.);
#11059=ORIENTED_EDGE('',*,*,#11058,.F.);
#11061=ORIENTED_EDGE('',*,*,#11060,.T.);
#11062=ORIENTED_EDGE('',*,*,#11042,.T.);
#11063=ORIENTED_EDGE('',*,*,#11030,.T.);
#11065=ORIENTED_EDGE('',*,*,#11064,.T.);
#11067=ORIENTED_EDGE('',*,*,#11066,.T.);
#11068=EDGE_LOOP('',(#11055,#11057,#11059,#11061,#11062,#11063,#11065,#11067));
#11069=FACE_OUTER_BOUND('',#11068,.F.);
#11070=ADVANCED_FACE('',(#11069),#11053,.T.);
#11071=CARTESIAN_POINT('',(-3.272146126946E-1,-6.75E-1,6.053007010892E-1));
#11072=DIRECTION('',(-8.191520442890E-1,0.E0,5.735764363510E-1));
#11073=DIRECTION('',(-5.735764363510E-1,0.E0,-8.191520442890E-1));
#11074=AXIS2_PLACEMENT_3D('',#11071,#11072,#11073);
#11075=PLANE('',#11074);
#11077=ORIENTED_EDGE('',*,*,#11076,.T.);
#11079=ORIENTED_EDGE('',*,*,#11078,.F.);
#11080=ORIENTED_EDGE('',*,*,#11054,.T.);
#11082=ORIENTED_EDGE('',*,*,#11081,.T.);
#11083=ORIENTED_EDGE('',*,*,#11026,.T.);
#11085=ORIENTED_EDGE('',*,*,#11084,.T.);
#11086=EDGE_LOOP('',(#11077,#11079,#11080,#11082,#11083,#11085));
#11087=FACE_OUTER_BOUND('',#11086,.F.);
#11088=ADVANCED_FACE('',(#11087),#11075,.T.);
#11089=CARTESIAN_POINT('',(-1.E-2,-6.55E-1,-8.35E-1));
#11090=DIRECTION('',(0.E0,-1.E0,0.E0));
#11091=DIRECTION('',(0.E0,0.E0,-1.E0));
#11092=AXIS2_PLACEMENT_3D('',#11089,#11090,#11091);
#11093=PLANE('',#11092);
#11094=ORIENTED_EDGE('',*,*,#10303,.F.);
#11095=ORIENTED_EDGE('',*,*,#10301,.F.);
#11096=ORIENTED_EDGE('',*,*,#11044,.F.);
#11097=ORIENTED_EDGE('',*,*,#11060,.F.);
#11099=ORIENTED_EDGE('',*,*,#11098,.T.);
#11100=ORIENTED_EDGE('',*,*,#11076,.F.);
#11102=ORIENTED_EDGE('',*,*,#11101,.F.);
#11103=EDGE_LOOP('',(#11094,#11095,#11096,#11097,#11099,#11100,#11102));
#11104=FACE_OUTER_BOUND('',#11103,.F.);
#11105=ADVANCED_FACE('',(#11104),#11093,.T.);
#11106=CARTESIAN_POINT('',(-3.8E-1,-6.25E-1,5.65E-1));
#11107=DIRECTION('',(0.E0,0.E0,-1.E0));
#11108=DIRECTION('',(1.E0,0.E0,0.E0));
#11109=AXIS2_PLACEMENT_3D('',#11106,#11107,#11108);
#11110=CYLINDRICAL_SURFACE('',#11109,3.E-2);
#11111=ORIENTED_EDGE('',*,*,#11098,.F.);
#11112=ORIENTED_EDGE('',*,*,#11058,.T.);
#11113=ORIENTED_EDGE('',*,*,#11056,.T.);
#11114=ORIENTED_EDGE('',*,*,#11078,.T.);
#11115=EDGE_LOOP('',(#11111,#11112,#11113,#11114));
#11116=FACE_OUTER_BOUND('',#11115,.F.);
#11117=ADVANCED_FACE('',(#11116),#11110,.T.);
#11118=CARTESIAN_POINT('',(-2.125333264941E-1,-6.75E-1,5.25E-1));
#11119=DIRECTION('',(0.E0,1.E0,0.E0));
#11120=DIRECTION('',(0.E0,0.E0,1.E0));
#11121=AXIS2_PLACEMENT_3D('',#11118,#11119,#11120);
#11122=CYLINDRICAL_SURFACE('',#11121,1.4E-1);
#11123=ORIENTED_EDGE('',*,*,#10305,.F.);
#11124=ORIENTED_EDGE('',*,*,#11101,.T.);
#11125=ORIENTED_EDGE('',*,*,#11084,.F.);
#11126=ORIENTED_EDGE('',*,*,#11024,.T.);
#11127=EDGE_LOOP('',(#11123,#11124,#11125,#11126));
#11128=FACE_OUTER_BOUND('',#11127,.F.);
#11129=ADVANCED_FACE('',(#11128),#11122,.T.);
#11130=CARTESIAN_POINT('',(-3.8E-1,-5.75E-1,5.65E-1));
#11131=DIRECTION('',(0.E0,0.E0,-1.E0));
#11132=DIRECTION('',(1.E0,0.E0,0.E0));
#11133=AXIS2_PLACEMENT_3D('',#11130,#11131,#11132);
#11134=CYLINDRICAL_SURFACE('',#11133,3.E-2);
#11135=ORIENTED_EDGE('',*,*,#11081,.F.);
#11136=ORIENTED_EDGE('',*,*,#11066,.F.);
#11137=ORIENTED_EDGE('',*,*,#11064,.F.);
#11138=ORIENTED_EDGE('',*,*,#11028,.F.);
#11139=EDGE_LOOP('',(#11135,#11136,#11137,#11138));
#11140=FACE_OUTER_BOUND('',#11139,.F.);
#11141=ADVANCED_FACE('',(#11140),#11134,.T.);
#11142=CARTESIAN_POINT('',(-1.E-2,6.55E-1,-8.35E-1));
#11143=DIRECTION('',(0.E0,-1.E0,0.E0));
#11144=DIRECTION('',(0.E0,0.E0,-1.E0));
#11145=AXIS2_PLACEMENT_3D('',#11142,#11143,#11144);
#11146=PLANE('',#11145);
#11148=ORIENTED_EDGE('',*,*,#11147,.F.);
#11149=ORIENTED_EDGE('',*,*,#10311,.T.);
#11150=ORIENTED_EDGE('',*,*,#10309,.T.);
#11152=ORIENTED_EDGE('',*,*,#11151,.F.);
#11154=ORIENTED_EDGE('',*,*,#11153,.F.);
#11156=ORIENTED_EDGE('',*,*,#11155,.T.);
#11158=ORIENTED_EDGE('',*,*,#11157,.F.);
#11159=EDGE_LOOP('',(#11148,#11149,#11150,#11152,#11154,#11156,#11158));
#11160=FACE_OUTER_BOUND('',#11159,.F.);
#11161=ADVANCED_FACE('',(#11160),#11146,.F.);
#11162=CARTESIAN_POINT('',(-4.161079363685E-1,5.25E-1,3.129882174905E-1));
#11163=DIRECTION('',(0.E0,1.E0,0.E0));
#11164=DIRECTION('',(0.E0,0.E0,1.E0));
#11165=AXIS2_PLACEMENT_3D('',#11162,#11163,#11164);
#11166=CYLINDRICAL_SURFACE('',#11165,1.E-1);
#11167=ORIENTED_EDGE('',*,*,#10313,.F.);
#11168=ORIENTED_EDGE('',*,*,#11147,.T.);
#11170=ORIENTED_EDGE('',*,*,#11169,.F.);
#11172=ORIENTED_EDGE('',*,*,#11171,.T.);
#11173=EDGE_LOOP('',(#11167,#11168,#11170,#11172));
#11174=FACE_OUTER_BOUND('',#11173,.F.);
#11175=ADVANCED_FACE('',(#11174),#11166,.F.);
#11176=CARTESIAN_POINT('',(-3.4E-1,5.25E-1,4.65E-1));
#11177=DIRECTION('',(0.E0,1.E0,0.E0));
#11178=DIRECTION('',(0.E0,0.E0,1.E0));
#11179=AXIS2_PLACEMENT_3D('',#11176,#11177,#11178);
#11180=CYLINDRICAL_SURFACE('',#11179,7.E-2);
#11182=ORIENTED_EDGE('',*,*,#11181,.F.);
#11184=ORIENTED_EDGE('',*,*,#11183,.F.);
#11186=ORIENTED_EDGE('',*,*,#11185,.F.);
#11188=ORIENTED_EDGE('',*,*,#11187,.T.);
#11189=ORIENTED_EDGE('',*,*,#11169,.T.);
#11190=ORIENTED_EDGE('',*,*,#11157,.T.);
#11192=ORIENTED_EDGE('',*,*,#11191,.T.);
#11194=ORIENTED_EDGE('',*,*,#11193,.T.);
#11195=EDGE_LOOP('',(#11182,#11184,#11186,#11188,#11189,#11190,#11192,#11194));
#11196=FACE_OUTER_BOUND('',#11195,.F.);
#11197=ADVANCED_FACE('',(#11196),#11180,.T.);
#11198=CARTESIAN_POINT('',(-3.272146126946E-1,5.25E-1,6.053007010892E-1));
#11199=DIRECTION('',(-8.191520442890E-1,0.E0,5.735764363510E-1));
#11200=DIRECTION('',(-5.735764363510E-1,0.E0,-8.191520442890E-1));
#11201=AXIS2_PLACEMENT_3D('',#11198,#11199,#11200);
#11202=PLANE('',#11201);
#11204=ORIENTED_EDGE('',*,*,#11203,.T.);
#11206=ORIENTED_EDGE('',*,*,#11205,.F.);
#11207=ORIENTED_EDGE('',*,*,#11181,.T.);
#11209=ORIENTED_EDGE('',*,*,#11208,.T.);
#11210=ORIENTED_EDGE('',*,*,#11153,.T.);
#11212=ORIENTED_EDGE('',*,*,#11211,.T.);
#11213=EDGE_LOOP('',(#11204,#11206,#11207,#11209,#11210,#11212));
#11214=FACE_OUTER_BOUND('',#11213,.F.);
#11215=ADVANCED_FACE('',(#11214),#11202,.T.);
#11216=CARTESIAN_POINT('',(-1.E-2,5.45E-1,-8.35E-1));
#11217=DIRECTION('',(0.E0,-1.E0,0.E0));
#11218=DIRECTION('',(0.E0,0.E0,-1.E0));
#11219=AXIS2_PLACEMENT_3D('',#11216,#11217,#11218);
#11220=PLANE('',#11219);
#11221=ORIENTED_EDGE('',*,*,#10317,.F.);
#11222=ORIENTED_EDGE('',*,*,#10315,.F.);
#11223=ORIENTED_EDGE('',*,*,#11171,.F.);
#11224=ORIENTED_EDGE('',*,*,#11187,.F.);
#11226=ORIENTED_EDGE('',*,*,#11225,.T.);
#11227=ORIENTED_EDGE('',*,*,#11203,.F.);
#11229=ORIENTED_EDGE('',*,*,#11228,.F.);
#11230=EDGE_LOOP('',(#11221,#11222,#11223,#11224,#11226,#11227,#11229));
#11231=FACE_OUTER_BOUND('',#11230,.F.);
#11232=ADVANCED_FACE('',(#11231),#11220,.T.);
#11233=CARTESIAN_POINT('',(-3.8E-1,5.75E-1,5.65E-1));
#11234=DIRECTION('',(0.E0,0.E0,-1.E0));
#11235=DIRECTION('',(1.E0,0.E0,0.E0));
#11236=AXIS2_PLACEMENT_3D('',#11233,#11234,#11235);
#11237=CYLINDRICAL_SURFACE('',#11236,3.E-2);
#11238=ORIENTED_EDGE('',*,*,#11225,.F.);
#11239=ORIENTED_EDGE('',*,*,#11185,.T.);
#11240=ORIENTED_EDGE('',*,*,#11183,.T.);
#11241=ORIENTED_EDGE('',*,*,#11205,.T.);
#11242=EDGE_LOOP('',(#11238,#11239,#11240,#11241));
#11243=FACE_OUTER_BOUND('',#11242,.F.);
#11244=ADVANCED_FACE('',(#11243),#11237,.T.);
#11245=CARTESIAN_POINT('',(-2.125333264941E-1,5.25E-1,5.25E-1));
#11246=DIRECTION('',(0.E0,1.E0,0.E0));
#11247=DIRECTION('',(0.E0,0.E0,1.E0));
#11248=AXIS2_PLACEMENT_3D('',#11245,#11246,#11247);
#11249=CYLINDRICAL_SURFACE('',#11248,1.4E-1);
#11250=ORIENTED_EDGE('',*,*,#10319,.F.);
#11251=ORIENTED_EDGE('',*,*,#11228,.T.);
#11252=ORIENTED_EDGE('',*,*,#11211,.F.);
#11253=ORIENTED_EDGE('',*,*,#11151,.T.);
#11254=EDGE_LOOP('',(#11250,#11251,#11252,#11253));
#11255=FACE_OUTER_BOUND('',#11254,.F.);
#11256=ADVANCED_FACE('',(#11255),#11249,.T.);
#11257=CARTESIAN_POINT('',(-3.8E-1,6.25E-1,5.65E-1));
#11258=DIRECTION('',(0.E0,0.E0,-1.E0));
#11259=DIRECTION('',(1.E0,0.E0,0.E0));
#11260=AXIS2_PLACEMENT_3D('',#11257,#11258,#11259);
#11261=CYLINDRICAL_SURFACE('',#11260,3.E-2);
#11262=ORIENTED_EDGE('',*,*,#11208,.F.);
#11263=ORIENTED_EDGE('',*,*,#11193,.F.);
#11264=ORIENTED_EDGE('',*,*,#11191,.F.);
#11265=ORIENTED_EDGE('',*,*,#11155,.F.);
#11266=EDGE_LOOP('',(#11262,#11263,#11264,#11265));
#11267=FACE_OUTER_BOUND('',#11266,.F.);
#11268=ADVANCED_FACE('',(#11267),#11261,.T.);
#11269=CARTESIAN_POINT('',(-1.E-2,1.055E0,-8.35E-1));
#11270=DIRECTION('',(0.E0,-1.E0,0.E0));
#11271=DIRECTION('',(0.E0,0.E0,-1.E0));
#11272=AXIS2_PLACEMENT_3D('',#11269,#11270,#11271);
#11273=PLANE('',#11272);
#11275=ORIENTED_EDGE('',*,*,#11274,.F.);
#11276=ORIENTED_EDGE('',*,*,#10325,.T.);
#11277=ORIENTED_EDGE('',*,*,#10323,.T.);
#11279=ORIENTED_EDGE('',*,*,#11278,.F.);
#11281=ORIENTED_EDGE('',*,*,#11280,.F.);
#11283=ORIENTED_EDGE('',*,*,#11282,.T.);
#11285=ORIENTED_EDGE('',*,*,#11284,.F.);
#11286=EDGE_LOOP('',(#11275,#11276,#11277,#11279,#11281,#11283,#11285));
#11287=FACE_OUTER_BOUND('',#11286,.F.);
#11288=ADVANCED_FACE('',(#11287),#11273,.F.);
#11289=CARTESIAN_POINT('',(-4.161079363685E-1,9.25E-1,3.129882174905E-1));
#11290=DIRECTION('',(0.E0,1.E0,0.E0));
#11291=DIRECTION('',(0.E0,0.E0,1.E0));
#11292=AXIS2_PLACEMENT_3D('',#11289,#11290,#11291);
#11293=CYLINDRICAL_SURFACE('',#11292,1.E-1);
#11294=ORIENTED_EDGE('',*,*,#10327,.F.);
#11295=ORIENTED_EDGE('',*,*,#11274,.T.);
#11297=ORIENTED_EDGE('',*,*,#11296,.F.);
#11299=ORIENTED_EDGE('',*,*,#11298,.T.);
#11300=EDGE_LOOP('',(#11294,#11295,#11297,#11299));
#11301=FACE_OUTER_BOUND('',#11300,.F.);
#11302=ADVANCED_FACE('',(#11301),#11293,.F.);
#11303=CARTESIAN_POINT('',(-3.4E-1,9.25E-1,4.65E-1));
#11304=DIRECTION('',(0.E0,1.E0,0.E0));
#11305=DIRECTION('',(0.E0,0.E0,1.E0));
#11306=AXIS2_PLACEMENT_3D('',#11303,#11304,#11305);
#11307=CYLINDRICAL_SURFACE('',#11306,7.E-2);
#11309=ORIENTED_EDGE('',*,*,#11308,.F.);
#11311=ORIENTED_EDGE('',*,*,#11310,.F.);
#11313=ORIENTED_EDGE('',*,*,#11312,.F.);
#11315=ORIENTED_EDGE('',*,*,#11314,.T.);
#11316=ORIENTED_EDGE('',*,*,#11296,.T.);
#11317=ORIENTED_EDGE('',*,*,#11284,.T.);
#11319=ORIENTED_EDGE('',*,*,#11318,.T.);
#11321=ORIENTED_EDGE('',*,*,#11320,.T.);
#11322=EDGE_LOOP('',(#11309,#11311,#11313,#11315,#11316,#11317,#11319,#11321));
#11323=FACE_OUTER_BOUND('',#11322,.F.);
#11324=ADVANCED_FACE('',(#11323),#11307,.T.);
#11325=CARTESIAN_POINT('',(-3.272146126946E-1,9.25E-1,6.053007010892E-1));
#11326=DIRECTION('',(-8.191520442890E-1,0.E0,5.735764363510E-1));
#11327=DIRECTION('',(-5.735764363510E-1,0.E0,-8.191520442890E-1));
#11328=AXIS2_PLACEMENT_3D('',#11325,#11326,#11327);
#11329=PLANE('',#11328);
#11331=ORIENTED_EDGE('',*,*,#11330,.T.);
#11333=ORIENTED_EDGE('',*,*,#11332,.F.);
#11334=ORIENTED_EDGE('',*,*,#11308,.T.);
#11336=ORIENTED_EDGE('',*,*,#11335,.T.);
#11337=ORIENTED_EDGE('',*,*,#11280,.T.);
#11339=ORIENTED_EDGE('',*,*,#11338,.T.);
#11340=EDGE_LOOP('',(#11331,#11333,#11334,#11336,#11337,#11339));
#11341=FACE_OUTER_BOUND('',#11340,.F.);
#11342=ADVANCED_FACE('',(#11341),#11329,.T.);
#11343=CARTESIAN_POINT('',(-1.E-2,9.45E-1,-8.35E-1));
#11344=DIRECTION('',(0.E0,-1.E0,0.E0));
#11345=DIRECTION('',(0.E0,0.E0,-1.E0));
#11346=AXIS2_PLACEMENT_3D('',#11343,#11344,#11345);
#11347=PLANE('',#11346);
#11348=ORIENTED_EDGE('',*,*,#10331,.F.);
#11349=ORIENTED_EDGE('',*,*,#10329,.F.);
#11350=ORIENTED_EDGE('',*,*,#11298,.F.);
#11351=ORIENTED_EDGE('',*,*,#11314,.F.);
#11353=ORIENTED_EDGE('',*,*,#11352,.T.);
#11354=ORIENTED_EDGE('',*,*,#11330,.F.);
#11356=ORIENTED_EDGE('',*,*,#11355,.F.);
#11357=EDGE_LOOP('',(#11348,#11349,#11350,#11351,#11353,#11354,#11356));
#11358=FACE_OUTER_BOUND('',#11357,.F.);
#11359=ADVANCED_FACE('',(#11358),#11347,.T.);
#11360=CARTESIAN_POINT('',(-3.8E-1,9.75E-1,5.65E-1));
#11361=DIRECTION('',(0.E0,0.E0,-1.E0));
#11362=DIRECTION('',(1.E0,0.E0,0.E0));
#11363=AXIS2_PLACEMENT_3D('',#11360,#11361,#11362);
#11364=CYLINDRICAL_SURFACE('',#11363,3.E-2);
#11365=ORIENTED_EDGE('',*,*,#11352,.F.);
#11366=ORIENTED_EDGE('',*,*,#11312,.T.);
#11367=ORIENTED_EDGE('',*,*,#11310,.T.);
#11368=ORIENTED_EDGE('',*,*,#11332,.T.);
#11369=EDGE_LOOP('',(#11365,#11366,#11367,#11368));
#11370=FACE_OUTER_BOUND('',#11369,.F.);
#11371=ADVANCED_FACE('',(#11370),#11364,.T.);
#11372=CARTESIAN_POINT('',(-2.125333264941E-1,9.25E-1,5.25E-1));
#11373=DIRECTION('',(0.E0,1.E0,0.E0));
#11374=DIRECTION('',(0.E0,0.E0,1.E0));
#11375=AXIS2_PLACEMENT_3D('',#11372,#11373,#11374);
#11376=CYLINDRICAL_SURFACE('',#11375,1.4E-1);
#11377=ORIENTED_EDGE('',*,*,#10333,.F.);
#11378=ORIENTED_EDGE('',*,*,#11355,.T.);
#11379=ORIENTED_EDGE('',*,*,#11338,.F.);
#11380=ORIENTED_EDGE('',*,*,#11278,.T.);
#11381=EDGE_LOOP('',(#11377,#11378,#11379,#11380));
#11382=FACE_OUTER_BOUND('',#11381,.F.);
#11383=ADVANCED_FACE('',(#11382),#11376,.T.);
#11384=CARTESIAN_POINT('',(-3.8E-1,1.025E0,5.65E-1));
#11385=DIRECTION('',(0.E0,0.E0,-1.E0));
#11386=DIRECTION('',(1.E0,0.E0,0.E0));
#11387=AXIS2_PLACEMENT_3D('',#11384,#11385,#11386);
#11388=CYLINDRICAL_SURFACE('',#11387,3.E-2);
#11389=ORIENTED_EDGE('',*,*,#11335,.F.);
#11390=ORIENTED_EDGE('',*,*,#11320,.F.);
#11391=ORIENTED_EDGE('',*,*,#11318,.F.);
#11392=ORIENTED_EDGE('',*,*,#11282,.F.);
#11393=EDGE_LOOP('',(#11389,#11390,#11391,#11392));
#11394=FACE_OUTER_BOUND('',#11393,.F.);
#11395=ADVANCED_FACE('',(#11394),#11388,.T.);
#11396=CARTESIAN_POINT('',(-1.E-2,1.855E0,-8.35E-1));
#11397=DIRECTION('',(0.E0,-1.E0,0.E0));
#11398=DIRECTION('',(0.E0,0.E0,-1.E0));
#11399=AXIS2_PLACEMENT_3D('',#11396,#11397,#11398);
#11400=PLANE('',#11399);
#11402=ORIENTED_EDGE('',*,*,#11401,.F.);
#11403=ORIENTED_EDGE('',*,*,#10339,.T.);
#11404=ORIENTED_EDGE('',*,*,#10337,.T.);
#11406=ORIENTED_EDGE('',*,*,#11405,.F.);
#11408=ORIENTED_EDGE('',*,*,#11407,.F.);
#11410=ORIENTED_EDGE('',*,*,#11409,.T.);
#11412=ORIENTED_EDGE('',*,*,#11411,.F.);
#11413=EDGE_LOOP('',(#11402,#11403,#11404,#11406,#11408,#11410,#11412));
#11414=FACE_OUTER_BOUND('',#11413,.F.);
#11415=ADVANCED_FACE('',(#11414),#11400,.F.);
#11416=CARTESIAN_POINT('',(-4.161079363685E-1,1.725E0,3.129882174905E-1));
#11417=DIRECTION('',(0.E0,1.E0,0.E0));
#11418=DIRECTION('',(0.E0,0.E0,1.E0));
#11419=AXIS2_PLACEMENT_3D('',#11416,#11417,#11418);
#11420=CYLINDRICAL_SURFACE('',#11419,1.E-1);
#11421=ORIENTED_EDGE('',*,*,#10341,.F.);
#11422=ORIENTED_EDGE('',*,*,#11401,.T.);
#11424=ORIENTED_EDGE('',*,*,#11423,.F.);
#11426=ORIENTED_EDGE('',*,*,#11425,.T.);
#11427=EDGE_LOOP('',(#11421,#11422,#11424,#11426));
#11428=FACE_OUTER_BOUND('',#11427,.F.);
#11429=ADVANCED_FACE('',(#11428),#11420,.F.);
#11430=CARTESIAN_POINT('',(-3.4E-1,1.725E0,4.65E-1));
#11431=DIRECTION('',(0.E0,1.E0,0.E0));
#11432=DIRECTION('',(0.E0,0.E0,1.E0));
#11433=AXIS2_PLACEMENT_3D('',#11430,#11431,#11432);
#11434=CYLINDRICAL_SURFACE('',#11433,7.E-2);
#11436=ORIENTED_EDGE('',*,*,#11435,.F.);
#11438=ORIENTED_EDGE('',*,*,#11437,.F.);
#11440=ORIENTED_EDGE('',*,*,#11439,.F.);
#11442=ORIENTED_EDGE('',*,*,#11441,.T.);
#11443=ORIENTED_EDGE('',*,*,#11423,.T.);
#11444=ORIENTED_EDGE('',*,*,#11411,.T.);
#11446=ORIENTED_EDGE('',*,*,#11445,.T.);
#11448=ORIENTED_EDGE('',*,*,#11447,.T.);
#11449=EDGE_LOOP('',(#11436,#11438,#11440,#11442,#11443,#11444,#11446,#11448));
#11450=FACE_OUTER_BOUND('',#11449,.F.);
#11451=ADVANCED_FACE('',(#11450),#11434,.T.);
#11452=CARTESIAN_POINT('',(-3.272146126946E-1,1.725E0,6.053007010892E-1));
#11453=DIRECTION('',(-8.191520442890E-1,0.E0,5.735764363510E-1));
#11454=DIRECTION('',(-5.735764363510E-1,0.E0,-8.191520442890E-1));
#11455=AXIS2_PLACEMENT_3D('',#11452,#11453,#11454);
#11456=PLANE('',#11455);
#11458=ORIENTED_EDGE('',*,*,#11457,.T.);
#11460=ORIENTED_EDGE('',*,*,#11459,.F.);
#11461=ORIENTED_EDGE('',*,*,#11435,.T.);
#11463=ORIENTED_EDGE('',*,*,#11462,.T.);
#11464=ORIENTED_EDGE('',*,*,#11407,.T.);
#11466=ORIENTED_EDGE('',*,*,#11465,.T.);
#11467=EDGE_LOOP('',(#11458,#11460,#11461,#11463,#11464,#11466));
#11468=FACE_OUTER_BOUND('',#11467,.F.);
#11469=ADVANCED_FACE('',(#11468),#11456,.T.);
#11470=CARTESIAN_POINT('',(-1.E-2,1.745E0,-8.35E-1));
#11471=DIRECTION('',(0.E0,-1.E0,0.E0));
#11472=DIRECTION('',(0.E0,0.E0,-1.E0));
#11473=AXIS2_PLACEMENT_3D('',#11470,#11471,#11472);
#11474=PLANE('',#11473);
#11475=ORIENTED_EDGE('',*,*,#10345,.F.);
#11476=ORIENTED_EDGE('',*,*,#10343,.F.);
#11477=ORIENTED_EDGE('',*,*,#11425,.F.);
#11478=ORIENTED_EDGE('',*,*,#11441,.F.);
#11480=ORIENTED_EDGE('',*,*,#11479,.T.);
#11481=ORIENTED_EDGE('',*,*,#11457,.F.);
#11483=ORIENTED_EDGE('',*,*,#11482,.F.);
#11484=EDGE_LOOP('',(#11475,#11476,#11477,#11478,#11480,#11481,#11483));
#11485=FACE_OUTER_BOUND('',#11484,.F.);
#11486=ADVANCED_FACE('',(#11485),#11474,.T.);
#11487=CARTESIAN_POINT('',(-3.8E-1,1.775E0,5.65E-1));
#11488=DIRECTION('',(0.E0,0.E0,-1.E0));
#11489=DIRECTION('',(1.E0,0.E0,0.E0));
#11490=AXIS2_PLACEMENT_3D('',#11487,#11488,#11489);
#11491=CYLINDRICAL_SURFACE('',#11490,3.E-2);
#11492=ORIENTED_EDGE('',*,*,#11479,.F.);
#11493=ORIENTED_EDGE('',*,*,#11439,.T.);
#11494=ORIENTED_EDGE('',*,*,#11437,.T.);
#11495=ORIENTED_EDGE('',*,*,#11459,.T.);
#11496=EDGE_LOOP('',(#11492,#11493,#11494,#11495));
#11497=FACE_OUTER_BOUND('',#11496,.F.);
#11498=ADVANCED_FACE('',(#11497),#11491,.T.);
#11499=CARTESIAN_POINT('',(-2.125333264941E-1,1.725E0,5.25E-1));
#11500=DIRECTION('',(0.E0,1.E0,0.E0));
#11501=DIRECTION('',(0.E0,0.E0,1.E0));
#11502=AXIS2_PLACEMENT_3D('',#11499,#11500,#11501);
#11503=CYLINDRICAL_SURFACE('',#11502,1.4E-1);
#11504=ORIENTED_EDGE('',*,*,#10347,.F.);
#11505=ORIENTED_EDGE('',*,*,#11482,.T.);
#11506=ORIENTED_EDGE('',*,*,#11465,.F.);
#11507=ORIENTED_EDGE('',*,*,#11405,.T.);
#11508=EDGE_LOOP('',(#11504,#11505,#11506,#11507));
#11509=FACE_OUTER_BOUND('',#11508,.F.);
#11510=ADVANCED_FACE('',(#11509),#11503,.T.);
#11511=CARTESIAN_POINT('',(-3.8E-1,1.825E0,5.65E-1));
#11512=DIRECTION('',(0.E0,0.E0,-1.E0));
#11513=DIRECTION('',(1.E0,0.E0,0.E0));
#11514=AXIS2_PLACEMENT_3D('',#11511,#11512,#11513);
#11515=CYLINDRICAL_SURFACE('',#11514,3.E-2);
#11516=ORIENTED_EDGE('',*,*,#11462,.F.);
#11517=ORIENTED_EDGE('',*,*,#11447,.F.);
#11518=ORIENTED_EDGE('',*,*,#11445,.F.);
#11519=ORIENTED_EDGE('',*,*,#11409,.F.);
#11520=EDGE_LOOP('',(#11516,#11517,#11518,#11519));
#11521=FACE_OUTER_BOUND('',#11520,.F.);
#11522=ADVANCED_FACE('',(#11521),#11515,.T.);
#11523=CARTESIAN_POINT('',(-1.E-2,-1.745E0,-8.35E-1));
#11524=DIRECTION('',(0.E0,-1.E0,0.E0));
#11525=DIRECTION('',(0.E0,0.E0,-1.E0));
#11526=AXIS2_PLACEMENT_3D('',#11523,#11524,#11525);
#11527=PLANE('',#11526);
#11529=ORIENTED_EDGE('',*,*,#11528,.F.);
#11530=ORIENTED_EDGE('',*,*,#10353,.T.);
#11531=ORIENTED_EDGE('',*,*,#10351,.T.);
#11533=ORIENTED_EDGE('',*,*,#11532,.F.);
#11535=ORIENTED_EDGE('',*,*,#11534,.F.);
#11537=ORIENTED_EDGE('',*,*,#11536,.T.);
#11539=ORIENTED_EDGE('',*,*,#11538,.F.);
#11540=EDGE_LOOP('',(#11529,#11530,#11531,#11533,#11535,#11537,#11539));
#11541=FACE_OUTER_BOUND('',#11540,.F.);
#11542=ADVANCED_FACE('',(#11541),#11527,.F.);
#11543=CARTESIAN_POINT('',(-4.161079363685E-1,-1.875E0,3.129882174905E-1));
#11544=DIRECTION('',(0.E0,1.E0,0.E0));
#11545=DIRECTION('',(0.E0,0.E0,1.E0));
#11546=AXIS2_PLACEMENT_3D('',#11543,#11544,#11545);
#11547=CYLINDRICAL_SURFACE('',#11546,1.E-1);
#11548=ORIENTED_EDGE('',*,*,#10355,.F.);
#11549=ORIENTED_EDGE('',*,*,#11528,.T.);
#11551=ORIENTED_EDGE('',*,*,#11550,.F.);
#11553=ORIENTED_EDGE('',*,*,#11552,.T.);
#11554=EDGE_LOOP('',(#11548,#11549,#11551,#11553));
#11555=FACE_OUTER_BOUND('',#11554,.F.);
#11556=ADVANCED_FACE('',(#11555),#11547,.F.);
#11557=CARTESIAN_POINT('',(-3.4E-1,-1.875E0,4.65E-1));
#11558=DIRECTION('',(0.E0,1.E0,0.E0));
#11559=DIRECTION('',(0.E0,0.E0,1.E0));
#11560=AXIS2_PLACEMENT_3D('',#11557,#11558,#11559);
#11561=CYLINDRICAL_SURFACE('',#11560,7.E-2);
#11563=ORIENTED_EDGE('',*,*,#11562,.F.);
#11565=ORIENTED_EDGE('',*,*,#11564,.F.);
#11567=ORIENTED_EDGE('',*,*,#11566,.F.);
#11569=ORIENTED_EDGE('',*,*,#11568,.T.);
#11570=ORIENTED_EDGE('',*,*,#11550,.T.);
#11571=ORIENTED_EDGE('',*,*,#11538,.T.);
#11573=ORIENTED_EDGE('',*,*,#11572,.T.);
#11575=ORIENTED_EDGE('',*,*,#11574,.T.);
#11576=EDGE_LOOP('',(#11563,#11565,#11567,#11569,#11570,#11571,#11573,#11575));
#11577=FACE_OUTER_BOUND('',#11576,.F.);
#11578=ADVANCED_FACE('',(#11577),#11561,.T.);
#11579=CARTESIAN_POINT('',(-3.272146126946E-1,-1.875E0,6.053007010892E-1));
#11580=DIRECTION('',(-8.191520442890E-1,0.E0,5.735764363510E-1));
#11581=DIRECTION('',(-5.735764363510E-1,0.E0,-8.191520442890E-1));
#11582=AXIS2_PLACEMENT_3D('',#11579,#11580,#11581);
#11583=PLANE('',#11582);
#11585=ORIENTED_EDGE('',*,*,#11584,.T.);
#11587=ORIENTED_EDGE('',*,*,#11586,.F.);
#11588=ORIENTED_EDGE('',*,*,#11562,.T.);
#11590=ORIENTED_EDGE('',*,*,#11589,.T.);
#11591=ORIENTED_EDGE('',*,*,#11534,.T.);
#11593=ORIENTED_EDGE('',*,*,#11592,.T.);
#11594=EDGE_LOOP('',(#11585,#11587,#11588,#11590,#11591,#11593));
#11595=FACE_OUTER_BOUND('',#11594,.F.);
#11596=ADVANCED_FACE('',(#11595),#11583,.T.);
#11597=CARTESIAN_POINT('',(-1.E-2,-1.855E0,-8.35E-1));
#11598=DIRECTION('',(0.E0,-1.E0,0.E0));
#11599=DIRECTION('',(0.E0,0.E0,-1.E0));
#11600=AXIS2_PLACEMENT_3D('',#11597,#11598,#11599);
#11601=PLANE('',#11600);
#11602=ORIENTED_EDGE('',*,*,#10359,.F.);
#11603=ORIENTED_EDGE('',*,*,#10357,.F.);
#11604=ORIENTED_EDGE('',*,*,#11552,.F.);
#11605=ORIENTED_EDGE('',*,*,#11568,.F.);
#11607=ORIENTED_EDGE('',*,*,#11606,.T.);
#11608=ORIENTED_EDGE('',*,*,#11584,.F.);
#11610=ORIENTED_EDGE('',*,*,#11609,.F.);
#11611=EDGE_LOOP('',(#11602,#11603,#11604,#11605,#11607,#11608,#11610));
#11612=FACE_OUTER_BOUND('',#11611,.F.);
#11613=ADVANCED_FACE('',(#11612),#11601,.T.);
#11614=CARTESIAN_POINT('',(-3.8E-1,-1.825E0,5.65E-1));
#11615=DIRECTION('',(0.E0,0.E0,-1.E0));
#11616=DIRECTION('',(1.E0,0.E0,0.E0));
#11617=AXIS2_PLACEMENT_3D('',#11614,#11615,#11616);
#11618=CYLINDRICAL_SURFACE('',#11617,3.E-2);
#11619=ORIENTED_EDGE('',*,*,#11606,.F.);
#11620=ORIENTED_EDGE('',*,*,#11566,.T.);
#11621=ORIENTED_EDGE('',*,*,#11564,.T.);
#11622=ORIENTED_EDGE('',*,*,#11586,.T.);
#11623=EDGE_LOOP('',(#11619,#11620,#11621,#11622));
#11624=FACE_OUTER_BOUND('',#11623,.F.);
#11625=ADVANCED_FACE('',(#11624),#11618,.T.);
#11626=CARTESIAN_POINT('',(-2.125333264941E-1,-1.875E0,5.25E-1));
#11627=DIRECTION('',(0.E0,1.E0,0.E0));
#11628=DIRECTION('',(0.E0,0.E0,1.E0));
#11629=AXIS2_PLACEMENT_3D('',#11626,#11627,#11628);
#11630=CYLINDRICAL_SURFACE('',#11629,1.4E-1);
#11631=ORIENTED_EDGE('',*,*,#10361,.F.);
#11632=ORIENTED_EDGE('',*,*,#11609,.T.);
#11633=ORIENTED_EDGE('',*,*,#11592,.F.);
#11634=ORIENTED_EDGE('',*,*,#11532,.T.);
#11635=EDGE_LOOP('',(#11631,#11632,#11633,#11634));
#11636=FACE_OUTER_BOUND('',#11635,.F.);
#11637=ADVANCED_FACE('',(#11636),#11630,.T.);
#11638=CARTESIAN_POINT('',(-3.8E-1,-1.775E0,5.65E-1));
#11639=DIRECTION('',(0.E0,0.E0,-1.E0));
#11640=DIRECTION('',(1.E0,0.E0,0.E0));
#11641=AXIS2_PLACEMENT_3D('',#11638,#11639,#11640);
#11642=CYLINDRICAL_SURFACE('',#11641,3.E-2);
#11643=ORIENTED_EDGE('',*,*,#11589,.F.);
#11644=ORIENTED_EDGE('',*,*,#11574,.F.);
#11645=ORIENTED_EDGE('',*,*,#11572,.F.);
#11646=ORIENTED_EDGE('',*,*,#11536,.F.);
#11647=EDGE_LOOP('',(#11643,#11644,#11645,#11646));
#11648=FACE_OUTER_BOUND('',#11647,.F.);
#11649=ADVANCED_FACE('',(#11648),#11642,.T.);
#11650=CARTESIAN_POINT('',(0.E0,-2.49E0,-5.05E-1));
#11651=DIRECTION('',(0.E0,-1.E0,0.E0));
#11652=DIRECTION('',(1.E0,0.E0,0.E0));
#11653=AXIS2_PLACEMENT_3D('',#11650,#11651,#11652);
#11654=PLANE('',#11653);
#11656=ORIENTED_EDGE('',*,*,#11655,.F.);
#11657=ORIENTED_EDGE('',*,*,#10204,.F.);
#11658=ORIENTED_EDGE('',*,*,#10231,.F.);
#11660=ORIENTED_EDGE('',*,*,#11659,.F.);
#11661=EDGE_LOOP('',(#11656,#11657,#11658,#11660));
#11662=FACE_OUTER_BOUND('',#11661,.F.);
#11663=ADVANCED_FACE('',(#11662),#11654,.T.);
#11664=CARTESIAN_POINT('',(3.2E-1,-2.49E0,-5.05E-1));
#11665=DIRECTION('',(1.E0,0.E0,0.E0));
#11666=DIRECTION('',(0.E0,1.E0,0.E0));
#11667=AXIS2_PLACEMENT_3D('',#11664,#11665,#11666);
#11668=PLANE('',#11667);
#11669=ORIENTED_EDGE('',*,*,#11655,.T.);
#11671=ORIENTED_EDGE('',*,*,#11670,.T.);
#11672=ORIENTED_EDGE('',*,*,#10219,.F.);
#11673=ORIENTED_EDGE('',*,*,#10206,.T.);
#11674=EDGE_LOOP('',(#11669,#11671,#11672,#11673));
#11675=FACE_OUTER_BOUND('',#11674,.F.);
#11677=ORIENTED_EDGE('',*,*,#11676,.F.);
#11679=ORIENTED_EDGE('',*,*,#11678,.F.);
#11681=ORIENTED_EDGE('',*,*,#11680,.T.);
#11683=ORIENTED_EDGE('',*,*,#11682,.T.);
#11685=ORIENTED_EDGE('',*,*,#11684,.T.);
#11687=ORIENTED_EDGE('',*,*,#11686,.T.);
#11688=EDGE_LOOP('',(#11677,#11679,#11681,#11683,#11685,#11687));
#11689=FACE_BOUND('',#11688,.F.);
#11691=ORIENTED_EDGE('',*,*,#11690,.F.);
#11693=ORIENTED_EDGE('',*,*,#11692,.F.);
#11695=ORIENTED_EDGE('',*,*,#11694,.T.);
#11697=ORIENTED_EDGE('',*,*,#11696,.T.);
#11699=ORIENTED_EDGE('',*,*,#11698,.T.);
#11701=ORIENTED_EDGE('',*,*,#11700,.T.);
#11702=EDGE_LOOP('',(#11691,#11693,#11695,#11697,#11699,#11701));
#11703=FACE_BOUND('',#11702,.F.);
#11705=ORIENTED_EDGE('',*,*,#11704,.F.);
#11707=ORIENTED_EDGE('',*,*,#11706,.F.);
#11709=ORIENTED_EDGE('',*,*,#11708,.T.);
#11711=ORIENTED_EDGE('',*,*,#11710,.T.);
#11713=ORIENTED_EDGE('',*,*,#11712,.T.);
#11715=ORIENTED_EDGE('',*,*,#11714,.T.);
#11716=EDGE_LOOP('',(#11705,#11707,#11709,#11711,#11713,#11715));
#11717=FACE_BOUND('',#11716,.F.);
#11719=ORIENTED_EDGE('',*,*,#11718,.F.);
#11721=ORIENTED_EDGE('',*,*,#11720,.F.);
#11723=ORIENTED_EDGE('',*,*,#11722,.T.);
#11725=ORIENTED_EDGE('',*,*,#11724,.T.);
#11727=ORIENTED_EDGE('',*,*,#11726,.T.);
#11729=ORIENTED_EDGE('',*,*,#11728,.T.);
#11730=EDGE_LOOP('',(#11719,#11721,#11723,#11725,#11727,#11729));
#11731=FACE_BOUND('',#11730,.F.);
#11733=ORIENTED_EDGE('',*,*,#11732,.F.);
#11735=ORIENTED_EDGE('',*,*,#11734,.F.);
#11737=ORIENTED_EDGE('',*,*,#11736,.T.);
#11739=ORIENTED_EDGE('',*,*,#11738,.T.);
#11741=ORIENTED_EDGE('',*,*,#11740,.T.);
#11743=ORIENTED_EDGE('',*,*,#11742,.T.);
#11744=EDGE_LOOP('',(#11733,#11735,#11737,#11739,#11741,#11743));
#11745=FACE_BOUND('',#11744,.F.);
#11747=ORIENTED_EDGE('',*,*,#11746,.F.);
#11749=ORIENTED_EDGE('',*,*,#11748,.F.);
#11751=ORIENTED_EDGE('',*,*,#11750,.T.);
#11753=ORIENTED_EDGE('',*,*,#11752,.T.);
#11755=ORIENTED_EDGE('',*,*,#11754,.T.);
#11757=ORIENTED_EDGE('',*,*,#11756,.T.);
#11758=EDGE_LOOP('',(#11747,#11749,#11751,#11753,#11755,#11757));
#11759=FACE_BOUND('',#11758,.F.);
#11761=ORIENTED_EDGE('',*,*,#11760,.F.);
#11763=ORIENTED_EDGE('',*,*,#11762,.F.);
#11765=ORIENTED_EDGE('',*,*,#11764,.T.);
#11767=ORIENTED_EDGE('',*,*,#11766,.T.);
#11769=ORIENTED_EDGE('',*,*,#11768,.T.);
#11771=ORIENTED_EDGE('',*,*,#11770,.T.);
#11772=EDGE_LOOP('',(#11761,#11763,#11765,#11767,#11769,#11771));
#11773=FACE_BOUND('',#11772,.F.);
#11775=ORIENTED_EDGE('',*,*,#11774,.F.);
#11777=ORIENTED_EDGE('',*,*,#11776,.F.);
#11779=ORIENTED_EDGE('',*,*,#11778,.T.);
#11781=ORIENTED_EDGE('',*,*,#11780,.T.);
#11783=ORIENTED_EDGE('',*,*,#11782,.T.);
#11785=ORIENTED_EDGE('',*,*,#11784,.T.);
#11786=EDGE_LOOP('',(#11775,#11777,#11779,#11781,#11783,#11785));
#11787=FACE_BOUND('',#11786,.F.);
#11789=ORIENTED_EDGE('',*,*,#11788,.F.);
#11791=ORIENTED_EDGE('',*,*,#11790,.F.);
#11793=ORIENTED_EDGE('',*,*,#11792,.T.);
#11795=ORIENTED_EDGE('',*,*,#11794,.T.);
#11797=ORIENTED_EDGE('',*,*,#11796,.T.);
#11799=ORIENTED_EDGE('',*,*,#11798,.T.);
#11800=EDGE_LOOP('',(#11789,#11791,#11793,#11795,#11797,#11799));
#11801=FACE_BOUND('',#11800,.F.);
#11803=ORIENTED_EDGE('',*,*,#11802,.F.);
#11805=ORIENTED_EDGE('',*,*,#11804,.F.);
#11807=ORIENTED_EDGE('',*,*,#11806,.T.);
#11809=ORIENTED_EDGE('',*,*,#11808,.T.);
#11811=ORIENTED_EDGE('',*,*,#11810,.T.);
#11813=ORIENTED_EDGE('',*,*,#11812,.T.);
#11814=EDGE_LOOP('',(#11803,#11805,#11807,#11809,#11811,#11813));
#11815=FACE_BOUND('',#11814,.F.);
#11816=ADVANCED_FACE('',(#11675,#11689,#11703,#11717,#11731,#11745,#11759,
#11773,#11787,#11801,#11815),#11668,.T.);
#11817=CARTESIAN_POINT('',(1.E-2,1.455E0,-8.35E-1));
#11818=DIRECTION('',(0.E0,-1.E0,0.E0));
#11819=DIRECTION('',(0.E0,0.E0,-1.E0));
#11820=AXIS2_PLACEMENT_3D('',#11817,#11818,#11819);
#11821=PLANE('',#11820);
#11823=ORIENTED_EDGE('',*,*,#11822,.F.);
#11825=ORIENTED_EDGE('',*,*,#11824,.F.);
#11827=ORIENTED_EDGE('',*,*,#11826,.T.);
#11829=ORIENTED_EDGE('',*,*,#11828,.F.);
#11831=ORIENTED_EDGE('',*,*,#11830,.F.);
#11832=ORIENTED_EDGE('',*,*,#11804,.T.);
#11833=ORIENTED_EDGE('',*,*,#11802,.T.);
#11834=EDGE_LOOP('',(#11823,#11825,#11827,#11829,#11831,#11832,#11833));
#11835=FACE_OUTER_BOUND('',#11834,.F.);
#11836=ADVANCED_FACE('',(#11835),#11821,.F.);
#11837=CARTESIAN_POINT('',(4.161079363685E-1,1.325E0,3.129882174905E-1));
#11838=DIRECTION('',(0.E0,1.E0,0.E0));
#11839=DIRECTION('',(0.E0,0.E0,1.E0));
#11840=AXIS2_PLACEMENT_3D('',#11837,#11838,#11839);
#11841=CYLINDRICAL_SURFACE('',#11840,1.E-1);
#11842=ORIENTED_EDGE('',*,*,#11812,.F.);
#11844=ORIENTED_EDGE('',*,*,#11843,.T.);
#11846=ORIENTED_EDGE('',*,*,#11845,.F.);
#11847=ORIENTED_EDGE('',*,*,#11822,.T.);
#11848=EDGE_LOOP('',(#11842,#11844,#11846,#11847));
#11849=FACE_OUTER_BOUND('',#11848,.F.);
#11850=ADVANCED_FACE('',(#11849),#11841,.F.);
#11851=CARTESIAN_POINT('',(1.E-2,1.345E0,-8.35E-1));
#11852=DIRECTION('',(0.E0,-1.E0,0.E0));
#11853=DIRECTION('',(0.E0,0.E0,-1.E0));
#11854=AXIS2_PLACEMENT_3D('',#11851,#11852,#11853);
#11855=PLANE('',#11854);
#11856=ORIENTED_EDGE('',*,*,#11810,.F.);
#11857=ORIENTED_EDGE('',*,*,#11808,.F.);
#11859=ORIENTED_EDGE('',*,*,#11858,.F.);
#11861=ORIENTED_EDGE('',*,*,#11860,.F.);
#11863=ORIENTED_EDGE('',*,*,#11862,.T.);
#11865=ORIENTED_EDGE('',*,*,#11864,.F.);
#11866=ORIENTED_EDGE('',*,*,#11843,.F.);
#11867=EDGE_LOOP('',(#11856,#11857,#11859,#11861,#11863,#11865,#11866));
#11868=FACE_OUTER_BOUND('',#11867,.F.);
#11869=ADVANCED_FACE('',(#11868),#11855,.T.);
#11870=CARTESIAN_POINT('',(2.125333264941E-1,1.325E0,5.25E-1));
#11871=DIRECTION('',(0.E0,1.E0,0.E0));
#11872=DIRECTION('',(0.E0,0.E0,1.E0));
#11873=AXIS2_PLACEMENT_3D('',#11870,#11871,#11872);
#11874=CYLINDRICAL_SURFACE('',#11873,1.4E-1);
#11875=ORIENTED_EDGE('',*,*,#11806,.F.);
#11876=ORIENTED_EDGE('',*,*,#11830,.T.);
#11878=ORIENTED_EDGE('',*,*,#11877,.F.);
#11879=ORIENTED_EDGE('',*,*,#11858,.T.);
#11880=EDGE_LOOP('',(#11875,#11876,#11878,#11879));
#11881=FACE_OUTER_BOUND('',#11880,.F.);
#11882=ADVANCED_FACE('',(#11881),#11874,.T.);
#11883=CARTESIAN_POINT('',(3.272146126946E-1,1.325E0,6.053007010892E-1));
#11884=DIRECTION('',(8.191520442890E-1,0.E0,5.735764363510E-1));
#11885=DIRECTION('',(5.735764363510E-1,0.E0,-8.191520442890E-1));
#11886=AXIS2_PLACEMENT_3D('',#11883,#11884,#11885);
#11887=PLANE('',#11886);
#11888=ORIENTED_EDGE('',*,*,#11860,.T.);
#11889=ORIENTED_EDGE('',*,*,#11877,.T.);
#11890=ORIENTED_EDGE('',*,*,#11828,.T.);
#11892=ORIENTED_EDGE('',*,*,#11891,.T.);
#11894=ORIENTED_EDGE('',*,*,#11893,.T.);
#11896=ORIENTED_EDGE('',*,*,#11895,.F.);
#11897=EDGE_LOOP('',(#11888,#11889,#11890,#11892,#11894,#11896));
#11898=FACE_OUTER_BOUND('',#11897,.F.);
#11899=ADVANCED_FACE('',(#11898),#11887,.T.);
#11900=CARTESIAN_POINT('',(3.8E-1,1.425E0,5.65E-1));
#11901=DIRECTION('',(0.E0,0.E0,-1.E0));
#11902=DIRECTION('',(-1.E0,0.E0,0.E0));
#11903=AXIS2_PLACEMENT_3D('',#11900,#11901,#11902);
#11904=CYLINDRICAL_SURFACE('',#11903,3.E-2);
#11905=ORIENTED_EDGE('',*,*,#11891,.F.);
#11906=ORIENTED_EDGE('',*,*,#11826,.F.);
#11908=ORIENTED_EDGE('',*,*,#11907,.F.);
#11910=ORIENTED_EDGE('',*,*,#11909,.F.);
#11911=EDGE_LOOP('',(#11905,#11906,#11908,#11910));
#11912=FACE_OUTER_BOUND('',#11911,.F.);
#11913=ADVANCED_FACE('',(#11912),#11904,.T.);
#11914=CARTESIAN_POINT('',(3.4E-1,1.325E0,4.65E-1));
#11915=DIRECTION('',(0.E0,1.E0,0.E0));
#11916=DIRECTION('',(0.E0,0.E0,1.E0));
#11917=AXIS2_PLACEMENT_3D('',#11914,#11915,#11916);
#11918=CYLINDRICAL_SURFACE('',#11917,7.E-2);
#11919=ORIENTED_EDGE('',*,*,#11893,.F.);
#11920=ORIENTED_EDGE('',*,*,#11909,.T.);
#11921=ORIENTED_EDGE('',*,*,#11907,.T.);
#11922=ORIENTED_EDGE('',*,*,#11824,.T.);
#11923=ORIENTED_EDGE('',*,*,#11845,.T.);
#11924=ORIENTED_EDGE('',*,*,#11864,.T.);
#11926=ORIENTED_EDGE('',*,*,#11925,.F.);
#11928=ORIENTED_EDGE('',*,*,#11927,.F.);
#11929=EDGE_LOOP('',(#11919,#11920,#11921,#11922,#11923,#11924,#11926,#11928));
#11930=FACE_OUTER_BOUND('',#11929,.F.);
#11931=ADVANCED_FACE('',(#11930),#11918,.T.);
#11932=CARTESIAN_POINT('',(3.8E-1,1.375E0,5.65E-1));
#11933=DIRECTION('',(0.E0,0.E0,-1.E0));
#11934=DIRECTION('',(-1.E0,0.E0,0.E0));
#11935=AXIS2_PLACEMENT_3D('',#11932,#11933,#11934);
#11936=CYLINDRICAL_SURFACE('',#11935,3.E-2);
#11937=ORIENTED_EDGE('',*,*,#11862,.F.);
#11938=ORIENTED_EDGE('',*,*,#11895,.T.);
#11939=ORIENTED_EDGE('',*,*,#11927,.T.);
#11940=ORIENTED_EDGE('',*,*,#11925,.T.);
#11941=EDGE_LOOP('',(#11937,#11938,#11939,#11940));
#11942=FACE_OUTER_BOUND('',#11941,.F.);
#11943=ADVANCED_FACE('',(#11942),#11936,.T.);
#11944=CARTESIAN_POINT('',(1.E-2,-1.45E-1,-8.35E-1));
#11945=DIRECTION('',(0.E0,-1.E0,0.E0));
#11946=DIRECTION('',(0.E0,0.E0,-1.E0));
#11947=AXIS2_PLACEMENT_3D('',#11944,#11945,#11946);
#11948=PLANE('',#11947);
#11950=ORIENTED_EDGE('',*,*,#11949,.F.);
#11952=ORIENTED_EDGE('',*,*,#11951,.F.);
#11954=ORIENTED_EDGE('',*,*,#11953,.T.);
#11956=ORIENTED_EDGE('',*,*,#11955,.F.);
#11958=ORIENTED_EDGE('',*,*,#11957,.F.);
#11959=ORIENTED_EDGE('',*,*,#11678,.T.);
#11960=ORIENTED_EDGE('',*,*,#11676,.T.);
#11961=EDGE_LOOP('',(#11950,#11952,#11954,#11956,#11958,#11959,#11960));
#11962=FACE_OUTER_BOUND('',#11961,.F.);
#11963=ADVANCED_FACE('',(#11962),#11948,.F.);
#11964=CARTESIAN_POINT('',(4.161079363685E-1,-2.75E-1,3.129882174905E-1));
#11965=DIRECTION('',(0.E0,1.E0,0.E0));
#11966=DIRECTION('',(0.E0,0.E0,1.E0));
#11967=AXIS2_PLACEMENT_3D('',#11964,#11965,#11966);
#11968=CYLINDRICAL_SURFACE('',#11967,1.E-1);
#11969=ORIENTED_EDGE('',*,*,#11686,.F.);
#11971=ORIENTED_EDGE('',*,*,#11970,.T.);
#11973=ORIENTED_EDGE('',*,*,#11972,.F.);
#11974=ORIENTED_EDGE('',*,*,#11949,.T.);
#11975=EDGE_LOOP('',(#11969,#11971,#11973,#11974));
#11976=FACE_OUTER_BOUND('',#11975,.F.);
#11977=ADVANCED_FACE('',(#11976),#11968,.F.);
#11978=CARTESIAN_POINT('',(1.E-2,-2.55E-1,-8.35E-1));
#11979=DIRECTION('',(0.E0,-1.E0,0.E0));
#11980=DIRECTION('',(0.E0,0.E0,-1.E0));
#11981=AXIS2_PLACEMENT_3D('',#11978,#11979,#11980);
#11982=PLANE('',#11981);
#11983=ORIENTED_EDGE('',*,*,#11684,.F.);
#11984=ORIENTED_EDGE('',*,*,#11682,.F.);
#11986=ORIENTED_EDGE('',*,*,#11985,.F.);
#11988=ORIENTED_EDGE('',*,*,#11987,.F.);
#11990=ORIENTED_EDGE('',*,*,#11989,.T.);
#11992=ORIENTED_EDGE('',*,*,#11991,.F.);
#11993=ORIENTED_EDGE('',*,*,#11970,.F.);
#11994=EDGE_LOOP('',(#11983,#11984,#11986,#11988,#11990,#11992,#11993));
#11995=FACE_OUTER_BOUND('',#11994,.F.);
#11996=ADVANCED_FACE('',(#11995),#11982,.T.);
#11997=CARTESIAN_POINT('',(2.125333264941E-1,-2.75E-1,5.25E-1));
#11998=DIRECTION('',(0.E0,1.E0,0.E0));
#11999=DIRECTION('',(0.E0,0.E0,1.E0));
#12000=AXIS2_PLACEMENT_3D('',#11997,#11998,#11999);
#12001=CYLINDRICAL_SURFACE('',#12000,1.4E-1);
#12002=ORIENTED_EDGE('',*,*,#11680,.F.);
#12003=ORIENTED_EDGE('',*,*,#11957,.T.);
#12005=ORIENTED_EDGE('',*,*,#12004,.F.);
#12006=ORIENTED_EDGE('',*,*,#11985,.T.);
#12007=EDGE_LOOP('',(#12002,#12003,#12005,#12006));
#12008=FACE_OUTER_BOUND('',#12007,.F.);
#12009=ADVANCED_FACE('',(#12008),#12001,.T.);
#12010=CARTESIAN_POINT('',(3.272146126946E-1,-2.75E-1,6.053007010892E-1));
#12011=DIRECTION('',(8.191520442890E-1,0.E0,5.735764363510E-1));
#12012=DIRECTION('',(5.735764363510E-1,0.E0,-8.191520442890E-1));
#12013=AXIS2_PLACEMENT_3D('',#12010,#12011,#12012);
#12014=PLANE('',#12013);
#12015=ORIENTED_EDGE('',*,*,#11987,.T.);
#12016=ORIENTED_EDGE('',*,*,#12004,.T.);
#12017=ORIENTED_EDGE('',*,*,#11955,.T.);
#12019=ORIENTED_EDGE('',*,*,#12018,.T.);
#12021=ORIENTED_EDGE('',*,*,#12020,.T.);
#12023=ORIENTED_EDGE('',*,*,#12022,.F.);
#12024=EDGE_LOOP('',(#12015,#12016,#12017,#12019,#12021,#12023));
#12025=FACE_OUTER_BOUND('',#12024,.F.);
#12026=ADVANCED_FACE('',(#12025),#12014,.T.);
#12027=CARTESIAN_POINT('',(3.8E-1,-1.75E-1,5.65E-1));
#12028=DIRECTION('',(0.E0,0.E0,-1.E0));
#12029=DIRECTION('',(-1.E0,0.E0,0.E0));
#12030=AXIS2_PLACEMENT_3D('',#12027,#12028,#12029);
#12031=CYLINDRICAL_SURFACE('',#12030,3.E-2);
#12032=ORIENTED_EDGE('',*,*,#12018,.F.);
#12033=ORIENTED_EDGE('',*,*,#11953,.F.);
#12035=ORIENTED_EDGE('',*,*,#12034,.F.);
#12037=ORIENTED_EDGE('',*,*,#12036,.F.);
#12038=EDGE_LOOP('',(#12032,#12033,#12035,#12037));
#12039=FACE_OUTER_BOUND('',#12038,.F.);
#12040=ADVANCED_FACE('',(#12039),#12031,.T.);
#12041=CARTESIAN_POINT('',(3.4E-1,-2.75E-1,4.65E-1));
#12042=DIRECTION('',(0.E0,1.E0,0.E0));
#12043=DIRECTION('',(0.E0,0.E0,1.E0));
#12044=AXIS2_PLACEMENT_3D('',#12041,#12042,#12043);
#12045=CYLINDRICAL_SURFACE('',#12044,7.E-2);
#12046=ORIENTED_EDGE('',*,*,#12020,.F.);
#12047=ORIENTED_EDGE('',*,*,#12036,.T.);
#12048=ORIENTED_EDGE('',*,*,#12034,.T.);
#12049=ORIENTED_EDGE('',*,*,#11951,.T.);
#12050=ORIENTED_EDGE('',*,*,#11972,.T.);
#12051=ORIENTED_EDGE('',*,*,#11991,.T.);
#12053=ORIENTED_EDGE('',*,*,#12052,.F.);
#12055=ORIENTED_EDGE('',*,*,#12054,.F.);
#12056=EDGE_LOOP('',(#12046,#12047,#12048,#12049,#12050,#12051,#12053,#12055));
#12057=FACE_OUTER_BOUND('',#12056,.F.);
#12058=ADVANCED_FACE('',(#12057),#12045,.T.);
#12059=CARTESIAN_POINT('',(3.8E-1,-2.25E-1,5.65E-1));
#12060=DIRECTION('',(0.E0,0.E0,-1.E0));
#12061=DIRECTION('',(-1.E0,0.E0,0.E0));
#12062=AXIS2_PLACEMENT_3D('',#12059,#12060,#12061);
#12063=CYLINDRICAL_SURFACE('',#12062,3.E-2);
#12064=ORIENTED_EDGE('',*,*,#11989,.F.);
#12065=ORIENTED_EDGE('',*,*,#12022,.T.);
#12066=ORIENTED_EDGE('',*,*,#12054,.T.);
#12067=ORIENTED_EDGE('',*,*,#12052,.T.);
#12068=EDGE_LOOP('',(#12064,#12065,#12066,#12067));
#12069=FACE_OUTER_BOUND('',#12068,.F.);
#12070=ADVANCED_FACE('',(#12069),#12063,.T.);
#12071=CARTESIAN_POINT('',(1.E-2,2.55E-1,-8.35E-1));
#12072=DIRECTION('',(0.E0,-1.E0,0.E0));
#12073=DIRECTION('',(0.E0,0.E0,-1.E0));
#12074=AXIS2_PLACEMENT_3D('',#12071,#12072,#12073);
#12075=PLANE('',#12074);
#12077=ORIENTED_EDGE('',*,*,#12076,.F.);
#12079=ORIENTED_EDGE('',*,*,#12078,.F.);
#12081=ORIENTED_EDGE('',*,*,#12080,.T.);
#12083=ORIENTED_EDGE('',*,*,#12082,.F.);
#12085=ORIENTED_EDGE('',*,*,#12084,.F.);
#12086=ORIENTED_EDGE('',*,*,#11692,.T.);
#12087=ORIENTED_EDGE('',*,*,#11690,.T.);
#12088=EDGE_LOOP('',(#12077,#12079,#12081,#12083,#12085,#12086,#12087));
#12089=FACE_OUTER_BOUND('',#12088,.F.);
#12090=ADVANCED_FACE('',(#12089),#12075,.F.);
#12091=CARTESIAN_POINT('',(4.161079363685E-1,1.25E-1,3.129882174905E-1));
#12092=DIRECTION('',(0.E0,1.E0,0.E0));
#12093=DIRECTION('',(0.E0,0.E0,1.E0));
#12094=AXIS2_PLACEMENT_3D('',#12091,#12092,#12093);
#12095=CYLINDRICAL_SURFACE('',#12094,1.E-1);
#12096=ORIENTED_EDGE('',*,*,#11700,.F.);
#12098=ORIENTED_EDGE('',*,*,#12097,.T.);
#12100=ORIENTED_EDGE('',*,*,#12099,.F.);
#12101=ORIENTED_EDGE('',*,*,#12076,.T.);
#12102=EDGE_LOOP('',(#12096,#12098,#12100,#12101));
#12103=FACE_OUTER_BOUND('',#12102,.F.);
#12104=ADVANCED_FACE('',(#12103),#12095,.F.);
#12105=CARTESIAN_POINT('',(1.E-2,1.45E-1,-8.35E-1));
#12106=DIRECTION('',(0.E0,-1.E0,0.E0));
#12107=DIRECTION('',(0.E0,0.E0,-1.E0));
#12108=AXIS2_PLACEMENT_3D('',#12105,#12106,#12107);
#12109=PLANE('',#12108);
#12110=ORIENTED_EDGE('',*,*,#11698,.F.);
#12111=ORIENTED_EDGE('',*,*,#11696,.F.);
#12113=ORIENTED_EDGE('',*,*,#12112,.F.);
#12115=ORIENTED_EDGE('',*,*,#12114,.F.);
#12117=ORIENTED_EDGE('',*,*,#12116,.T.);
#12119=ORIENTED_EDGE('',*,*,#12118,.F.);
#12120=ORIENTED_EDGE('',*,*,#12097,.F.);
#12121=EDGE_LOOP('',(#12110,#12111,#12113,#12115,#12117,#12119,#12120));
#12122=FACE_OUTER_BOUND('',#12121,.F.);
#12123=ADVANCED_FACE('',(#12122),#12109,.T.);
#12124=CARTESIAN_POINT('',(2.125333264941E-1,1.25E-1,5.25E-1));
#12125=DIRECTION('',(0.E0,1.E0,0.E0));
#12126=DIRECTION('',(0.E0,0.E0,1.E0));
#12127=AXIS2_PLACEMENT_3D('',#12124,#12125,#12126);
#12128=CYLINDRICAL_SURFACE('',#12127,1.4E-1);
#12129=ORIENTED_EDGE('',*,*,#11694,.F.);
#12130=ORIENTED_EDGE('',*,*,#12084,.T.);
#12132=ORIENTED_EDGE('',*,*,#12131,.F.);
#12133=ORIENTED_EDGE('',*,*,#12112,.T.);
#12134=EDGE_LOOP('',(#12129,#12130,#12132,#12133));
#12135=FACE_OUTER_BOUND('',#12134,.F.);
#12136=ADVANCED_FACE('',(#12135),#12128,.T.);
#12137=CARTESIAN_POINT('',(3.272146126946E-1,1.25E-1,6.053007010892E-1));
#12138=DIRECTION('',(8.191520442890E-1,0.E0,5.735764363510E-1));
#12139=DIRECTION('',(5.735764363510E-1,0.E0,-8.191520442890E-1));
#12140=AXIS2_PLACEMENT_3D('',#12137,#12138,#12139);
#12141=PLANE('',#12140);
#12142=ORIENTED_EDGE('',*,*,#12114,.T.);
#12143=ORIENTED_EDGE('',*,*,#12131,.T.);
#12144=ORIENTED_EDGE('',*,*,#12082,.T.);
#12146=ORIENTED_EDGE('',*,*,#12145,.T.);
#12148=ORIENTED_EDGE('',*,*,#12147,.T.);
#12150=ORIENTED_EDGE('',*,*,#12149,.F.);
#12151=EDGE_LOOP('',(#12142,#12143,#12144,#12146,#12148,#12150));
#12152=FACE_OUTER_BOUND('',#12151,.F.);
#12153=ADVANCED_FACE('',(#12152),#12141,.T.);
#12154=CARTESIAN_POINT('',(3.8E-1,2.25E-1,5.65E-1));
#12155=DIRECTION('',(0.E0,0.E0,-1.E0));
#12156=DIRECTION('',(-1.E0,0.E0,0.E0));
#12157=AXIS2_PLACEMENT_3D('',#12154,#12155,#12156);
#12158=CYLINDRICAL_SURFACE('',#12157,3.E-2);
#12159=ORIENTED_EDGE('',*,*,#12145,.F.);
#12160=ORIENTED_EDGE('',*,*,#12080,.F.);
#12162=ORIENTED_EDGE('',*,*,#12161,.F.);
#12164=ORIENTED_EDGE('',*,*,#12163,.F.);
#12165=EDGE_LOOP('',(#12159,#12160,#12162,#12164));
#12166=FACE_OUTER_BOUND('',#12165,.F.);
#12167=ADVANCED_FACE('',(#12166),#12158,.T.);
#12168=CARTESIAN_POINT('',(3.4E-1,1.25E-1,4.65E-1));
#12169=DIRECTION('',(0.E0,1.E0,0.E0));
#12170=DIRECTION('',(0.E0,0.E0,1.E0));
#12171=AXIS2_PLACEMENT_3D('',#12168,#12169,#12170);
#12172=CYLINDRICAL_SURFACE('',#12171,7.E-2);
#12173=ORIENTED_EDGE('',*,*,#12147,.F.);
#12174=ORIENTED_EDGE('',*,*,#12163,.T.);
#12175=ORIENTED_EDGE('',*,*,#12161,.T.);
#12176=ORIENTED_EDGE('',*,*,#12078,.T.);
#12177=ORIENTED_EDGE('',*,*,#12099,.T.);
#12178=ORIENTED_EDGE('',*,*,#12118,.T.);
#12180=ORIENTED_EDGE('',*,*,#12179,.F.);
#12182=ORIENTED_EDGE('',*,*,#12181,.F.);
#12183=EDGE_LOOP('',(#12173,#12174,#12175,#12176,#12177,#12178,#12180,#12182));
#12184=FACE_OUTER_BOUND('',#12183,.F.);
#12185=ADVANCED_FACE('',(#12184),#12172,.T.);
#12186=CARTESIAN_POINT('',(3.8E-1,1.75E-1,5.65E-1));
#12187=DIRECTION('',(0.E0,0.E0,-1.E0));
#12188=DIRECTION('',(-1.E0,0.E0,0.E0));
#12189=AXIS2_PLACEMENT_3D('',#12186,#12187,#12188);
#12190=CYLINDRICAL_SURFACE('',#12189,3.E-2);
#12191=ORIENTED_EDGE('',*,*,#12116,.F.);
#12192=ORIENTED_EDGE('',*,*,#12149,.T.);
#12193=ORIENTED_EDGE('',*,*,#12181,.T.);
#12194=ORIENTED_EDGE('',*,*,#12179,.T.);
#12195=EDGE_LOOP('',(#12191,#12192,#12193,#12194));
#12196=FACE_OUTER_BOUND('',#12195,.F.);
#12197=ADVANCED_FACE('',(#12196),#12190,.T.);
#12198=CARTESIAN_POINT('',(1.E-2,-1.345E0,-8.35E-1));
#12199=DIRECTION('',(0.E0,-1.E0,0.E0));
#12200=DIRECTION('',(0.E0,0.E0,-1.E0));
#12201=AXIS2_PLACEMENT_3D('',#12198,#12199,#12200);
#12202=PLANE('',#12201);
#12204=ORIENTED_EDGE('',*,*,#12203,.F.);
#12206=ORIENTED_EDGE('',*,*,#12205,.F.);
#12208=ORIENTED_EDGE('',*,*,#12207,.T.);
#12210=ORIENTED_EDGE('',*,*,#12209,.F.);
#12212=ORIENTED_EDGE('',*,*,#12211,.F.);
#12213=ORIENTED_EDGE('',*,*,#11706,.T.);
#12214=ORIENTED_EDGE('',*,*,#11704,.T.);
#12215=EDGE_LOOP('',(#12204,#12206,#12208,#12210,#12212,#12213,#12214));
#12216=FACE_OUTER_BOUND('',#12215,.F.);
#12217=ADVANCED_FACE('',(#12216),#12202,.F.);
#12218=CARTESIAN_POINT('',(4.161079363685E-1,-1.475E0,3.129882174905E-1));
#12219=DIRECTION('',(0.E0,1.E0,0.E0));
#12220=DIRECTION('',(0.E0,0.E0,1.E0));
#12221=AXIS2_PLACEMENT_3D('',#12218,#12219,#12220);
#12222=CYLINDRICAL_SURFACE('',#12221,1.E-1);
#12223=ORIENTED_EDGE('',*,*,#11714,.F.);
#12225=ORIENTED_EDGE('',*,*,#12224,.T.);
#12227=ORIENTED_EDGE('',*,*,#12226,.F.);
#12228=ORIENTED_EDGE('',*,*,#12203,.T.);
#12229=EDGE_LOOP('',(#12223,#12225,#12227,#12228));
#12230=FACE_OUTER_BOUND('',#12229,.F.);
#12231=ADVANCED_FACE('',(#12230),#12222,.F.);
#12232=CARTESIAN_POINT('',(1.E-2,-1.455E0,-8.35E-1));
#12233=DIRECTION('',(0.E0,-1.E0,0.E0));
#12234=DIRECTION('',(0.E0,0.E0,-1.E0));
#12235=AXIS2_PLACEMENT_3D('',#12232,#12233,#12234);
#12236=PLANE('',#12235);
#12237=ORIENTED_EDGE('',*,*,#11712,.F.);
#12238=ORIENTED_EDGE('',*,*,#11710,.F.);
#12240=ORIENTED_EDGE('',*,*,#12239,.F.);
#12242=ORIENTED_EDGE('',*,*,#12241,.F.);
#12244=ORIENTED_EDGE('',*,*,#12243,.T.);
#12246=ORIENTED_EDGE('',*,*,#12245,.F.);
#12247=ORIENTED_EDGE('',*,*,#12224,.F.);
#12248=EDGE_LOOP('',(#12237,#12238,#12240,#12242,#12244,#12246,#12247));
#12249=FACE_OUTER_BOUND('',#12248,.F.);
#12250=ADVANCED_FACE('',(#12249),#12236,.T.);
#12251=CARTESIAN_POINT('',(2.125333264941E-1,-1.475E0,5.25E-1));
#12252=DIRECTION('',(0.E0,1.E0,0.E0));
#12253=DIRECTION('',(0.E0,0.E0,1.E0));
#12254=AXIS2_PLACEMENT_3D('',#12251,#12252,#12253);
#12255=CYLINDRICAL_SURFACE('',#12254,1.4E-1);
#12256=ORIENTED_EDGE('',*,*,#11708,.F.);
#12257=ORIENTED_EDGE('',*,*,#12211,.T.);
#12259=ORIENTED_EDGE('',*,*,#12258,.F.);
#12260=ORIENTED_EDGE('',*,*,#12239,.T.);
#12261=EDGE_LOOP('',(#12256,#12257,#12259,#12260));
#12262=FACE_OUTER_BOUND('',#12261,.F.);
#12263=ADVANCED_FACE('',(#12262),#12255,.T.);
#12264=CARTESIAN_POINT('',(3.272146126946E-1,-1.475E0,6.053007010892E-1));
#12265=DIRECTION('',(8.191520442890E-1,0.E0,5.735764363510E-1));
#12266=DIRECTION('',(5.735764363510E-1,0.E0,-8.191520442890E-1));
#12267=AXIS2_PLACEMENT_3D('',#12264,#12265,#12266);
#12268=PLANE('',#12267);
#12269=ORIENTED_EDGE('',*,*,#12241,.T.);
#12270=ORIENTED_EDGE('',*,*,#12258,.T.);
#12271=ORIENTED_EDGE('',*,*,#12209,.T.);
#12273=ORIENTED_EDGE('',*,*,#12272,.T.);
#12275=ORIENTED_EDGE('',*,*,#12274,.T.);
#12277=ORIENTED_EDGE('',*,*,#12276,.F.);
#12278=EDGE_LOOP('',(#12269,#12270,#12271,#12273,#12275,#12277));
#12279=FACE_OUTER_BOUND('',#12278,.F.);
#12280=ADVANCED_FACE('',(#12279),#12268,.T.);
#12281=CARTESIAN_POINT('',(3.8E-1,-1.375E0,5.65E-1));
#12282=DIRECTION('',(0.E0,0.E0,-1.E0));
#12283=DIRECTION('',(-1.E0,0.E0,0.E0));
#12284=AXIS2_PLACEMENT_3D('',#12281,#12282,#12283);
#12285=CYLINDRICAL_SURFACE('',#12284,3.E-2);
#12286=ORIENTED_EDGE('',*,*,#12272,.F.);
#12287=ORIENTED_EDGE('',*,*,#12207,.F.);
#12289=ORIENTED_EDGE('',*,*,#12288,.F.);
#12291=ORIENTED_EDGE('',*,*,#12290,.F.);
#12292=EDGE_LOOP('',(#12286,#12287,#12289,#12291));
#12293=FACE_OUTER_BOUND('',#12292,.F.);
#12294=ADVANCED_FACE('',(#12293),#12285,.T.);
#12295=CARTESIAN_POINT('',(3.4E-1,-1.475E0,4.65E-1));
#12296=DIRECTION('',(0.E0,1.E0,0.E0));
#12297=DIRECTION('',(0.E0,0.E0,1.E0));
#12298=AXIS2_PLACEMENT_3D('',#12295,#12296,#12297);
#12299=CYLINDRICAL_SURFACE('',#12298,7.E-2);
#12300=ORIENTED_EDGE('',*,*,#12274,.F.);
#12301=ORIENTED_EDGE('',*,*,#12290,.T.);
#12302=ORIENTED_EDGE('',*,*,#12288,.T.);
#12303=ORIENTED_EDGE('',*,*,#12205,.T.);
#12304=ORIENTED_EDGE('',*,*,#12226,.T.);
#12305=ORIENTED_EDGE('',*,*,#12245,.T.);
#12307=ORIENTED_EDGE('',*,*,#12306,.F.);
#12309=ORIENTED_EDGE('',*,*,#12308,.F.);
#12310=EDGE_LOOP('',(#12300,#12301,#12302,#12303,#12304,#12305,#12307,#12309));
#12311=FACE_OUTER_BOUND('',#12310,.F.);
#12312=ADVANCED_FACE('',(#12311),#12299,.T.);
#12313=CARTESIAN_POINT('',(3.8E-1,-1.425E0,5.65E-1));
#12314=DIRECTION('',(0.E0,0.E0,-1.E0));
#12315=DIRECTION('',(-1.E0,0.E0,0.E0));
#12316=AXIS2_PLACEMENT_3D('',#12313,#12314,#12315);
#12317=CYLINDRICAL_SURFACE('',#12316,3.E-2);
#12318=ORIENTED_EDGE('',*,*,#12243,.F.);
#12319=ORIENTED_EDGE('',*,*,#12276,.T.);
#12320=ORIENTED_EDGE('',*,*,#12308,.T.);
#12321=ORIENTED_EDGE('',*,*,#12306,.T.);
#12322=EDGE_LOOP('',(#12318,#12319,#12320,#12321));
#12323=FACE_OUTER_BOUND('',#12322,.F.);
#12324=ADVANCED_FACE('',(#12323),#12317,.T.);
#12325=CARTESIAN_POINT('',(1.E-2,-9.45E-1,-8.35E-1));
#12326=DIRECTION('',(0.E0,-1.E0,0.E0));
#12327=DIRECTION('',(0.E0,0.E0,-1.E0));
#12328=AXIS2_PLACEMENT_3D('',#12325,#12326,#12327);
#12329=PLANE('',#12328);
#12331=ORIENTED_EDGE('',*,*,#12330,.F.);
#12333=ORIENTED_EDGE('',*,*,#12332,.F.);
#12335=ORIENTED_EDGE('',*,*,#12334,.T.);
#12337=ORIENTED_EDGE('',*,*,#12336,.F.);
#12339=ORIENTED_EDGE('',*,*,#12338,.F.);
#12340=ORIENTED_EDGE('',*,*,#11720,.T.);
#12341=ORIENTED_EDGE('',*,*,#11718,.T.);
#12342=EDGE_LOOP('',(#12331,#12333,#12335,#12337,#12339,#12340,#12341));
#12343=FACE_OUTER_BOUND('',#12342,.F.);
#12344=ADVANCED_FACE('',(#12343),#12329,.F.);
#12345=CARTESIAN_POINT('',(4.161079363685E-1,-1.075E0,3.129882174905E-1));
#12346=DIRECTION('',(0.E0,1.E0,0.E0));
#12347=DIRECTION('',(0.E0,0.E0,1.E0));
#12348=AXIS2_PLACEMENT_3D('',#12345,#12346,#12347);
#12349=CYLINDRICAL_SURFACE('',#12348,1.E-1);
#12350=ORIENTED_EDGE('',*,*,#11728,.F.);
#12352=ORIENTED_EDGE('',*,*,#12351,.T.);
#12354=ORIENTED_EDGE('',*,*,#12353,.F.);
#12355=ORIENTED_EDGE('',*,*,#12330,.T.);
#12356=EDGE_LOOP('',(#12350,#12352,#12354,#12355));
#12357=FACE_OUTER_BOUND('',#12356,.F.);
#12358=ADVANCED_FACE('',(#12357),#12349,.F.);
#12359=CARTESIAN_POINT('',(1.E-2,-1.055E0,-8.35E-1));
#12360=DIRECTION('',(0.E0,-1.E0,0.E0));
#12361=DIRECTION('',(0.E0,0.E0,-1.E0));
#12362=AXIS2_PLACEMENT_3D('',#12359,#12360,#12361);
#12363=PLANE('',#12362);
#12364=ORIENTED_EDGE('',*,*,#11726,.F.);
#12365=ORIENTED_EDGE('',*,*,#11724,.F.);
#12367=ORIENTED_EDGE('',*,*,#12366,.F.);
#12369=ORIENTED_EDGE('',*,*,#12368,.F.);
#12371=ORIENTED_EDGE('',*,*,#12370,.T.);
#12373=ORIENTED_EDGE('',*,*,#12372,.F.);
#12374=ORIENTED_EDGE('',*,*,#12351,.F.);
#12375=EDGE_LOOP('',(#12364,#12365,#12367,#12369,#12371,#12373,#12374));
#12376=FACE_OUTER_BOUND('',#12375,.F.);
#12377=ADVANCED_FACE('',(#12376),#12363,.T.);
#12378=CARTESIAN_POINT('',(2.125333264941E-1,-1.075E0,5.25E-1));
#12379=DIRECTION('',(0.E0,1.E0,0.E0));
#12380=DIRECTION('',(0.E0,0.E0,1.E0));
#12381=AXIS2_PLACEMENT_3D('',#12378,#12379,#12380);
#12382=CYLINDRICAL_SURFACE('',#12381,1.4E-1);
#12383=ORIENTED_EDGE('',*,*,#11722,.F.);
#12384=ORIENTED_EDGE('',*,*,#12338,.T.);
#12386=ORIENTED_EDGE('',*,*,#12385,.F.);
#12387=ORIENTED_EDGE('',*,*,#12366,.T.);
#12388=EDGE_LOOP('',(#12383,#12384,#12386,#12387));
#12389=FACE_OUTER_BOUND('',#12388,.F.);
#12390=ADVANCED_FACE('',(#12389),#12382,.T.);
#12391=CARTESIAN_POINT('',(3.272146126946E-1,-1.075E0,6.053007010892E-1));
#12392=DIRECTION('',(8.191520442890E-1,0.E0,5.735764363510E-1));
#12393=DIRECTION('',(5.735764363510E-1,0.E0,-8.191520442890E-1));
#12394=AXIS2_PLACEMENT_3D('',#12391,#12392,#12393);
#12395=PLANE('',#12394);
#12396=ORIENTED_EDGE('',*,*,#12368,.T.);
#12397=ORIENTED_EDGE('',*,*,#12385,.T.);
#12398=ORIENTED_EDGE('',*,*,#12336,.T.);
#12400=ORIENTED_EDGE('',*,*,#12399,.T.);
#12402=ORIENTED_EDGE('',*,*,#12401,.T.);
#12404=ORIENTED_EDGE('',*,*,#12403,.F.);
#12405=EDGE_LOOP('',(#12396,#12397,#12398,#12400,#12402,#12404));
#12406=FACE_OUTER_BOUND('',#12405,.F.);
#12407=ADVANCED_FACE('',(#12406),#12395,.T.);
#12408=CARTESIAN_POINT('',(3.8E-1,-9.75E-1,5.65E-1));
#12409=DIRECTION('',(0.E0,0.E0,-1.E0));
#12410=DIRECTION('',(-1.E0,0.E0,0.E0));
#12411=AXIS2_PLACEMENT_3D('',#12408,#12409,#12410);
#12412=CYLINDRICAL_SURFACE('',#12411,3.E-2);
#12413=ORIENTED_EDGE('',*,*,#12399,.F.);
#12414=ORIENTED_EDGE('',*,*,#12334,.F.);
#12416=ORIENTED_EDGE('',*,*,#12415,.F.);
#12418=ORIENTED_EDGE('',*,*,#12417,.F.);
#12419=EDGE_LOOP('',(#12413,#12414,#12416,#12418));
#12420=FACE_OUTER_BOUND('',#12419,.F.);
#12421=ADVANCED_FACE('',(#12420),#12412,.T.);
#12422=CARTESIAN_POINT('',(3.4E-1,-1.075E0,4.65E-1));
#12423=DIRECTION('',(0.E0,1.E0,0.E0));
#12424=DIRECTION('',(0.E0,0.E0,1.E0));
#12425=AXIS2_PLACEMENT_3D('',#12422,#12423,#12424);
#12426=CYLINDRICAL_SURFACE('',#12425,7.E-2);
#12427=ORIENTED_EDGE('',*,*,#12401,.F.);
#12428=ORIENTED_EDGE('',*,*,#12417,.T.);
#12429=ORIENTED_EDGE('',*,*,#12415,.T.);
#12430=ORIENTED_EDGE('',*,*,#12332,.T.);
#12431=ORIENTED_EDGE('',*,*,#12353,.T.);
#12432=ORIENTED_EDGE('',*,*,#12372,.T.);
#12434=ORIENTED_EDGE('',*,*,#12433,.F.);
#12436=ORIENTED_EDGE('',*,*,#12435,.F.);
#12437=EDGE_LOOP('',(#12427,#12428,#12429,#12430,#12431,#12432,#12434,#12436));
#12438=FACE_OUTER_BOUND('',#12437,.F.);
#12439=ADVANCED_FACE('',(#12438),#12426,.T.);
#12440=CARTESIAN_POINT('',(3.8E-1,-1.025E0,5.65E-1));
#12441=DIRECTION('',(0.E0,0.E0,-1.E0));
#12442=DIRECTION('',(-1.E0,0.E0,0.E0));
#12443=AXIS2_PLACEMENT_3D('',#12440,#12441,#12442);
#12444=CYLINDRICAL_SURFACE('',#12443,3.E-2);
#12445=ORIENTED_EDGE('',*,*,#12370,.F.);
#12446=ORIENTED_EDGE('',*,*,#12403,.T.);
#12447=ORIENTED_EDGE('',*,*,#12435,.T.);
#12448=ORIENTED_EDGE('',*,*,#12433,.T.);
#12449=EDGE_LOOP('',(#12445,#12446,#12447,#12448));
#12450=FACE_OUTER_BOUND('',#12449,.F.);
#12451=ADVANCED_FACE('',(#12450),#12444,.T.);
#12452=CARTESIAN_POINT('',(1.E-2,-5.45E-1,-8.35E-1));
#12453=DIRECTION('',(0.E0,-1.E0,0.E0));
#12454=DIRECTION('',(0.E0,0.E0,-1.E0));
#12455=AXIS2_PLACEMENT_3D('',#12452,#12453,#12454);
#12456=PLANE('',#12455);
#12458=ORIENTED_EDGE('',*,*,#12457,.F.);
#12460=ORIENTED_EDGE('',*,*,#12459,.F.);
#12462=ORIENTED_EDGE('',*,*,#12461,.T.);
#12464=ORIENTED_EDGE('',*,*,#12463,.F.);
#12466=ORIENTED_EDGE('',*,*,#12465,.F.);
#12467=ORIENTED_EDGE('',*,*,#11734,.T.);
#12468=ORIENTED_EDGE('',*,*,#11732,.T.);
#12469=EDGE_LOOP('',(#12458,#12460,#12462,#12464,#12466,#12467,#12468));
#12470=FACE_OUTER_BOUND('',#12469,.F.);
#12471=ADVANCED_FACE('',(#12470),#12456,.F.);
#12472=CARTESIAN_POINT('',(4.161079363685E-1,-6.75E-1,3.129882174905E-1));
#12473=DIRECTION('',(0.E0,1.E0,0.E0));
#12474=DIRECTION('',(0.E0,0.E0,1.E0));
#12475=AXIS2_PLACEMENT_3D('',#12472,#12473,#12474);
#12476=CYLINDRICAL_SURFACE('',#12475,1.E-1);
#12477=ORIENTED_EDGE('',*,*,#11742,.F.);
#12479=ORIENTED_EDGE('',*,*,#12478,.T.);
#12481=ORIENTED_EDGE('',*,*,#12480,.F.);
#12482=ORIENTED_EDGE('',*,*,#12457,.T.);
#12483=EDGE_LOOP('',(#12477,#12479,#12481,#12482));
#12484=FACE_OUTER_BOUND('',#12483,.F.);
#12485=ADVANCED_FACE('',(#12484),#12476,.F.);
#12486=CARTESIAN_POINT('',(1.E-2,-6.55E-1,-8.35E-1));
#12487=DIRECTION('',(0.E0,-1.E0,0.E0));
#12488=DIRECTION('',(0.E0,0.E0,-1.E0));
#12489=AXIS2_PLACEMENT_3D('',#12486,#12487,#12488);
#12490=PLANE('',#12489);
#12491=ORIENTED_EDGE('',*,*,#11740,.F.);
#12492=ORIENTED_EDGE('',*,*,#11738,.F.);
#12494=ORIENTED_EDGE('',*,*,#12493,.F.);
#12496=ORIENTED_EDGE('',*,*,#12495,.F.);
#12498=ORIENTED_EDGE('',*,*,#12497,.T.);
#12500=ORIENTED_EDGE('',*,*,#12499,.F.);
#12501=ORIENTED_EDGE('',*,*,#12478,.F.);
#12502=EDGE_LOOP('',(#12491,#12492,#12494,#12496,#12498,#12500,#12501));
#12503=FACE_OUTER_BOUND('',#12502,.F.);
#12504=ADVANCED_FACE('',(#12503),#12490,.T.);
#12505=CARTESIAN_POINT('',(2.125333264941E-1,-6.75E-1,5.25E-1));
#12506=DIRECTION('',(0.E0,1.E0,0.E0));
#12507=DIRECTION('',(0.E0,0.E0,1.E0));
#12508=AXIS2_PLACEMENT_3D('',#12505,#12506,#12507);
#12509=CYLINDRICAL_SURFACE('',#12508,1.4E-1);
#12510=ORIENTED_EDGE('',*,*,#11736,.F.);
#12511=ORIENTED_EDGE('',*,*,#12465,.T.);
#12513=ORIENTED_EDGE('',*,*,#12512,.F.);
#12514=ORIENTED_EDGE('',*,*,#12493,.T.);
#12515=EDGE_LOOP('',(#12510,#12511,#12513,#12514));
#12516=FACE_OUTER_BOUND('',#12515,.F.);
#12517=ADVANCED_FACE('',(#12516),#12509,.T.);
#12518=CARTESIAN_POINT('',(3.272146126946E-1,-6.75E-1,6.053007010892E-1));
#12519=DIRECTION('',(8.191520442890E-1,0.E0,5.735764363510E-1));
#12520=DIRECTION('',(5.735764363510E-1,0.E0,-8.191520442890E-1));
#12521=AXIS2_PLACEMENT_3D('',#12518,#12519,#12520);
#12522=PLANE('',#12521);
#12523=ORIENTED_EDGE('',*,*,#12495,.T.);
#12524=ORIENTED_EDGE('',*,*,#12512,.T.);
#12525=ORIENTED_EDGE('',*,*,#12463,.T.);
#12527=ORIENTED_EDGE('',*,*,#12526,.T.);
#12529=ORIENTED_EDGE('',*,*,#12528,.T.);
#12531=ORIENTED_EDGE('',*,*,#12530,.F.);
#12532=EDGE_LOOP('',(#12523,#12524,#12525,#12527,#12529,#12531));
#12533=FACE_OUTER_BOUND('',#12532,.F.);
#12534=ADVANCED_FACE('',(#12533),#12522,.T.);
#12535=CARTESIAN_POINT('',(3.8E-1,-5.75E-1,5.65E-1));
#12536=DIRECTION('',(0.E0,0.E0,-1.E0));
#12537=DIRECTION('',(-1.E0,0.E0,0.E0));
#12538=AXIS2_PLACEMENT_3D('',#12535,#12536,#12537);
#12539=CYLINDRICAL_SURFACE('',#12538,3.E-2);
#12540=ORIENTED_EDGE('',*,*,#12526,.F.);
#12541=ORIENTED_EDGE('',*,*,#12461,.F.);
#12543=ORIENTED_EDGE('',*,*,#12542,.F.);
#12545=ORIENTED_EDGE('',*,*,#12544,.F.);
#12546=EDGE_LOOP('',(#12540,#12541,#12543,#12545));
#12547=FACE_OUTER_BOUND('',#12546,.F.);
#12548=ADVANCED_FACE('',(#12547),#12539,.T.);
#12549=CARTESIAN_POINT('',(3.4E-1,-6.75E-1,4.65E-1));
#12550=DIRECTION('',(0.E0,1.E0,0.E0));
#12551=DIRECTION('',(0.E0,0.E0,1.E0));
#12552=AXIS2_PLACEMENT_3D('',#12549,#12550,#12551);
#12553=CYLINDRICAL_SURFACE('',#12552,7.E-2);
#12554=ORIENTED_EDGE('',*,*,#12528,.F.);
#12555=ORIENTED_EDGE('',*,*,#12544,.T.);
#12556=ORIENTED_EDGE('',*,*,#12542,.T.);
#12557=ORIENTED_EDGE('',*,*,#12459,.T.);
#12558=ORIENTED_EDGE('',*,*,#12480,.T.);
#12559=ORIENTED_EDGE('',*,*,#12499,.T.);
#12561=ORIENTED_EDGE('',*,*,#12560,.F.);
#12563=ORIENTED_EDGE('',*,*,#12562,.F.);
#12564=EDGE_LOOP('',(#12554,#12555,#12556,#12557,#12558,#12559,#12561,#12563));
#12565=FACE_OUTER_BOUND('',#12564,.F.);
#12566=ADVANCED_FACE('',(#12565),#12553,.T.);
#12567=CARTESIAN_POINT('',(3.8E-1,-6.25E-1,5.65E-1));
#12568=DIRECTION('',(0.E0,0.E0,-1.E0));
#12569=DIRECTION('',(-1.E0,0.E0,0.E0));
#12570=AXIS2_PLACEMENT_3D('',#12567,#12568,#12569);
#12571=CYLINDRICAL_SURFACE('',#12570,3.E-2);
#12572=ORIENTED_EDGE('',*,*,#12497,.F.);
#12573=ORIENTED_EDGE('',*,*,#12530,.T.);
#12574=ORIENTED_EDGE('',*,*,#12562,.T.);
#12575=ORIENTED_EDGE('',*,*,#12560,.T.);
#12576=EDGE_LOOP('',(#12572,#12573,#12574,#12575));
#12577=FACE_OUTER_BOUND('',#12576,.F.);
#12578=ADVANCED_FACE('',(#12577),#12571,.T.);
#12579=CARTESIAN_POINT('',(1.E-2,6.55E-1,-8.35E-1));
#12580=DIRECTION('',(0.E0,-1.E0,0.E0));
#12581=DIRECTION('',(0.E0,0.E0,-1.E0));
#12582=AXIS2_PLACEMENT_3D('',#12579,#12580,#12581);
#12583=PLANE('',#12582);
#12585=ORIENTED_EDGE('',*,*,#12584,.F.);
#12587=ORIENTED_EDGE('',*,*,#12586,.F.);
#12589=ORIENTED_EDGE('',*,*,#12588,.T.);
#12591=ORIENTED_EDGE('',*,*,#12590,.F.);
#12593=ORIENTED_EDGE('',*,*,#12592,.F.);
#12594=ORIENTED_EDGE('',*,*,#11748,.T.);
#12595=ORIENTED_EDGE('',*,*,#11746,.T.);
#12596=EDGE_LOOP('',(#12585,#12587,#12589,#12591,#12593,#12594,#12595));
#12597=FACE_OUTER_BOUND('',#12596,.F.);
#12598=ADVANCED_FACE('',(#12597),#12583,.F.);
#12599=CARTESIAN_POINT('',(4.161079363685E-1,5.25E-1,3.129882174905E-1));
#12600=DIRECTION('',(0.E0,1.E0,0.E0));
#12601=DIRECTION('',(0.E0,0.E0,1.E0));
#12602=AXIS2_PLACEMENT_3D('',#12599,#12600,#12601);
#12603=CYLINDRICAL_SURFACE('',#12602,1.E-1);
#12604=ORIENTED_EDGE('',*,*,#11756,.F.);
#12606=ORIENTED_EDGE('',*,*,#12605,.T.);
#12608=ORIENTED_EDGE('',*,*,#12607,.F.);
#12609=ORIENTED_EDGE('',*,*,#12584,.T.);
#12610=EDGE_LOOP('',(#12604,#12606,#12608,#12609));
#12611=FACE_OUTER_BOUND('',#12610,.F.);
#12612=ADVANCED_FACE('',(#12611),#12603,.F.);
#12613=CARTESIAN_POINT('',(1.E-2,5.45E-1,-8.35E-1));
#12614=DIRECTION('',(0.E0,-1.E0,0.E0));
#12615=DIRECTION('',(0.E0,0.E0,-1.E0));
#12616=AXIS2_PLACEMENT_3D('',#12613,#12614,#12615);
#12617=PLANE('',#12616);
#12618=ORIENTED_EDGE('',*,*,#11754,.F.);
#12619=ORIENTED_EDGE('',*,*,#11752,.F.);
#12621=ORIENTED_EDGE('',*,*,#12620,.F.);
#12623=ORIENTED_EDGE('',*,*,#12622,.F.);
#12625=ORIENTED_EDGE('',*,*,#12624,.T.);
#12627=ORIENTED_EDGE('',*,*,#12626,.F.);
#12628=ORIENTED_EDGE('',*,*,#12605,.F.);
#12629=EDGE_LOOP('',(#12618,#12619,#12621,#12623,#12625,#12627,#12628));
#12630=FACE_OUTER_BOUND('',#12629,.F.);
#12631=ADVANCED_FACE('',(#12630),#12617,.T.);
#12632=CARTESIAN_POINT('',(2.125333264941E-1,5.25E-1,5.25E-1));
#12633=DIRECTION('',(0.E0,1.E0,0.E0));
#12634=DIRECTION('',(0.E0,0.E0,1.E0));
#12635=AXIS2_PLACEMENT_3D('',#12632,#12633,#12634);
#12636=CYLINDRICAL_SURFACE('',#12635,1.4E-1);
#12637=ORIENTED_EDGE('',*,*,#11750,.F.);
#12638=ORIENTED_EDGE('',*,*,#12592,.T.);
#12640=ORIENTED_EDGE('',*,*,#12639,.F.);
#12641=ORIENTED_EDGE('',*,*,#12620,.T.);
#12642=EDGE_LOOP('',(#12637,#12638,#12640,#12641));
#12643=FACE_OUTER_BOUND('',#12642,.F.);
#12644=ADVANCED_FACE('',(#12643),#12636,.T.);
#12645=CARTESIAN_POINT('',(3.272146126946E-1,5.25E-1,6.053007010892E-1));
#12646=DIRECTION('',(8.191520442890E-1,0.E0,5.735764363510E-1));
#12647=DIRECTION('',(5.735764363510E-1,0.E0,-8.191520442890E-1));
#12648=AXIS2_PLACEMENT_3D('',#12645,#12646,#12647);
#12649=PLANE('',#12648);
#12650=ORIENTED_EDGE('',*,*,#12622,.T.);
#12651=ORIENTED_EDGE('',*,*,#12639,.T.);
#12652=ORIENTED_EDGE('',*,*,#12590,.T.);
#12654=ORIENTED_EDGE('',*,*,#12653,.T.);
#12656=ORIENTED_EDGE('',*,*,#12655,.T.);
#12658=ORIENTED_EDGE('',*,*,#12657,.F.);
#12659=EDGE_LOOP('',(#12650,#12651,#12652,#12654,#12656,#12658));
#12660=FACE_OUTER_BOUND('',#12659,.F.);
#12661=ADVANCED_FACE('',(#12660),#12649,.T.);
#12662=CARTESIAN_POINT('',(3.8E-1,6.25E-1,5.65E-1));
#12663=DIRECTION('',(0.E0,0.E0,-1.E0));
#12664=DIRECTION('',(-1.E0,0.E0,0.E0));
#12665=AXIS2_PLACEMENT_3D('',#12662,#12663,#12664);
#12666=CYLINDRICAL_SURFACE('',#12665,3.E-2);
#12667=ORIENTED_EDGE('',*,*,#12653,.F.);
#12668=ORIENTED_EDGE('',*,*,#12588,.F.);
#12670=ORIENTED_EDGE('',*,*,#12669,.F.);
#12672=ORIENTED_EDGE('',*,*,#12671,.F.);
#12673=EDGE_LOOP('',(#12667,#12668,#12670,#12672));
#12674=FACE_OUTER_BOUND('',#12673,.F.);
#12675=ADVANCED_FACE('',(#12674),#12666,.T.);
#12676=CARTESIAN_POINT('',(3.4E-1,5.25E-1,4.65E-1));
#12677=DIRECTION('',(0.E0,1.E0,0.E0));
#12678=DIRECTION('',(0.E0,0.E0,1.E0));
#12679=AXIS2_PLACEMENT_3D('',#12676,#12677,#12678);
#12680=CYLINDRICAL_SURFACE('',#12679,7.E-2);
#12681=ORIENTED_EDGE('',*,*,#12655,.F.);
#12682=ORIENTED_EDGE('',*,*,#12671,.T.);
#12683=ORIENTED_EDGE('',*,*,#12669,.T.);
#12684=ORIENTED_EDGE('',*,*,#12586,.T.);
#12685=ORIENTED_EDGE('',*,*,#12607,.T.);
#12686=ORIENTED_EDGE('',*,*,#12626,.T.);
#12688=ORIENTED_EDGE('',*,*,#12687,.F.);
#12690=ORIENTED_EDGE('',*,*,#12689,.F.);
#12691=EDGE_LOOP('',(#12681,#12682,#12683,#12684,#12685,#12686,#12688,#12690));
#12692=FACE_OUTER_BOUND('',#12691,.F.);
#12693=ADVANCED_FACE('',(#12692),#12680,.T.);
#12694=CARTESIAN_POINT('',(3.8E-1,5.75E-1,5.65E-1));
#12695=DIRECTION('',(0.E0,0.E0,-1.E0));
#12696=DIRECTION('',(-1.E0,0.E0,0.E0));
#12697=AXIS2_PLACEMENT_3D('',#12694,#12695,#12696);
#12698=CYLINDRICAL_SURFACE('',#12697,3.E-2);
#12699=ORIENTED_EDGE('',*,*,#12624,.F.);
#12700=ORIENTED_EDGE('',*,*,#12657,.T.);
#12701=ORIENTED_EDGE('',*,*,#12689,.T.);
#12702=ORIENTED_EDGE('',*,*,#12687,.T.);
#12703=EDGE_LOOP('',(#12699,#12700,#12701,#12702));
#12704=FACE_OUTER_BOUND('',#12703,.F.);
#12705=ADVANCED_FACE('',(#12704),#12698,.T.);
#12706=CARTESIAN_POINT('',(1.E-2,1.055E0,-8.35E-1));
#12707=DIRECTION('',(0.E0,-1.E0,0.E0));
#12708=DIRECTION('',(0.E0,0.E0,-1.E0));
#12709=AXIS2_PLACEMENT_3D('',#12706,#12707,#12708);
#12710=PLANE('',#12709);
#12712=ORIENTED_EDGE('',*,*,#12711,.F.);
#12714=ORIENTED_EDGE('',*,*,#12713,.F.);
#12716=ORIENTED_EDGE('',*,*,#12715,.T.);
#12718=ORIENTED_EDGE('',*,*,#12717,.F.);
#12720=ORIENTED_EDGE('',*,*,#12719,.F.);
#12721=ORIENTED_EDGE('',*,*,#11762,.T.);
#12722=ORIENTED_EDGE('',*,*,#11760,.T.);
#12723=EDGE_LOOP('',(#12712,#12714,#12716,#12718,#12720,#12721,#12722));
#12724=FACE_OUTER_BOUND('',#12723,.F.);
#12725=ADVANCED_FACE('',(#12724),#12710,.F.);
#12726=CARTESIAN_POINT('',(4.161079363685E-1,9.25E-1,3.129882174905E-1));
#12727=DIRECTION('',(0.E0,1.E0,0.E0));
#12728=DIRECTION('',(0.E0,0.E0,1.E0));
#12729=AXIS2_PLACEMENT_3D('',#12726,#12727,#12728);
#12730=CYLINDRICAL_SURFACE('',#12729,1.E-1);
#12731=ORIENTED_EDGE('',*,*,#11770,.F.);
#12733=ORIENTED_EDGE('',*,*,#12732,.T.);
#12735=ORIENTED_EDGE('',*,*,#12734,.F.);
#12736=ORIENTED_EDGE('',*,*,#12711,.T.);
#12737=EDGE_LOOP('',(#12731,#12733,#12735,#12736));
#12738=FACE_OUTER_BOUND('',#12737,.F.);
#12739=ADVANCED_FACE('',(#12738),#12730,.F.);
#12740=CARTESIAN_POINT('',(1.E-2,9.45E-1,-8.35E-1));
#12741=DIRECTION('',(0.E0,-1.E0,0.E0));
#12742=DIRECTION('',(0.E0,0.E0,-1.E0));
#12743=AXIS2_PLACEMENT_3D('',#12740,#12741,#12742);
#12744=PLANE('',#12743);
#12745=ORIENTED_EDGE('',*,*,#11768,.F.);
#12746=ORIENTED_EDGE('',*,*,#11766,.F.);
#12748=ORIENTED_EDGE('',*,*,#12747,.F.);
#12750=ORIENTED_EDGE('',*,*,#12749,.F.);
#12752=ORIENTED_EDGE('',*,*,#12751,.T.);
#12754=ORIENTED_EDGE('',*,*,#12753,.F.);
#12755=ORIENTED_EDGE('',*,*,#12732,.F.);
#12756=EDGE_LOOP('',(#12745,#12746,#12748,#12750,#12752,#12754,#12755));
#12757=FACE_OUTER_BOUND('',#12756,.F.);
#12758=ADVANCED_FACE('',(#12757),#12744,.T.);
#12759=CARTESIAN_POINT('',(2.125333264941E-1,9.25E-1,5.25E-1));
#12760=DIRECTION('',(0.E0,1.E0,0.E0));
#12761=DIRECTION('',(0.E0,0.E0,1.E0));
#12762=AXIS2_PLACEMENT_3D('',#12759,#12760,#12761);
#12763=CYLINDRICAL_SURFACE('',#12762,1.4E-1);
#12764=ORIENTED_EDGE('',*,*,#11764,.F.);
#12765=ORIENTED_EDGE('',*,*,#12719,.T.);
#12767=ORIENTED_EDGE('',*,*,#12766,.F.);
#12768=ORIENTED_EDGE('',*,*,#12747,.T.);
#12769=EDGE_LOOP('',(#12764,#12765,#12767,#12768));
#12770=FACE_OUTER_BOUND('',#12769,.F.);
#12771=ADVANCED_FACE('',(#12770),#12763,.T.);
#12772=CARTESIAN_POINT('',(3.272146126946E-1,9.25E-1,6.053007010892E-1));
#12773=DIRECTION('',(8.191520442890E-1,0.E0,5.735764363510E-1));
#12774=DIRECTION('',(5.735764363510E-1,0.E0,-8.191520442890E-1));
#12775=AXIS2_PLACEMENT_3D('',#12772,#12773,#12774);
#12776=PLANE('',#12775);
#12777=ORIENTED_EDGE('',*,*,#12749,.T.);
#12778=ORIENTED_EDGE('',*,*,#12766,.T.);
#12779=ORIENTED_EDGE('',*,*,#12717,.T.);
#12781=ORIENTED_EDGE('',*,*,#12780,.T.);
#12783=ORIENTED_EDGE('',*,*,#12782,.T.);
#12785=ORIENTED_EDGE('',*,*,#12784,.F.);
#12786=EDGE_LOOP('',(#12777,#12778,#12779,#12781,#12783,#12785));
#12787=FACE_OUTER_BOUND('',#12786,.F.);
#12788=ADVANCED_FACE('',(#12787),#12776,.T.);
#12789=CARTESIAN_POINT('',(3.8E-1,1.025E0,5.65E-1));
#12790=DIRECTION('',(0.E0,0.E0,-1.E0));
#12791=DIRECTION('',(-1.E0,0.E0,0.E0));
#12792=AXIS2_PLACEMENT_3D('',#12789,#12790,#12791);
#12793=CYLINDRICAL_SURFACE('',#12792,3.E-2);
#12794=ORIENTED_EDGE('',*,*,#12780,.F.);
#12795=ORIENTED_EDGE('',*,*,#12715,.F.);
#12797=ORIENTED_EDGE('',*,*,#12796,.F.);
#12799=ORIENTED_EDGE('',*,*,#12798,.F.);
#12800=EDGE_LOOP('',(#12794,#12795,#12797,#12799));
#12801=FACE_OUTER_BOUND('',#12800,.F.);
#12802=ADVANCED_FACE('',(#12801),#12793,.T.);
#12803=CARTESIAN_POINT('',(3.4E-1,9.25E-1,4.65E-1));
#12804=DIRECTION('',(0.E0,1.E0,0.E0));
#12805=DIRECTION('',(0.E0,0.E0,1.E0));
#12806=AXIS2_PLACEMENT_3D('',#12803,#12804,#12805);
#12807=CYLINDRICAL_SURFACE('',#12806,7.E-2);
#12808=ORIENTED_EDGE('',*,*,#12782,.F.);
#12809=ORIENTED_EDGE('',*,*,#12798,.T.);
#12810=ORIENTED_EDGE('',*,*,#12796,.T.);
#12811=ORIENTED_EDGE('',*,*,#12713,.T.);
#12812=ORIENTED_EDGE('',*,*,#12734,.T.);
#12813=ORIENTED_EDGE('',*,*,#12753,.T.);
#12815=ORIENTED_EDGE('',*,*,#12814,.F.);
#12817=ORIENTED_EDGE('',*,*,#12816,.F.);
#12818=EDGE_LOOP('',(#12808,#12809,#12810,#12811,#12812,#12813,#12815,#12817));
#12819=FACE_OUTER_BOUND('',#12818,.F.);
#12820=ADVANCED_FACE('',(#12819),#12807,.T.);
#12821=CARTESIAN_POINT('',(3.8E-1,9.75E-1,5.65E-1));
#12822=DIRECTION('',(0.E0,0.E0,-1.E0));
#12823=DIRECTION('',(-1.E0,0.E0,0.E0));
#12824=AXIS2_PLACEMENT_3D('',#12821,#12822,#12823);
#12825=CYLINDRICAL_SURFACE('',#12824,3.E-2);
#12826=ORIENTED_EDGE('',*,*,#12751,.F.);
#12827=ORIENTED_EDGE('',*,*,#12784,.T.);
#12828=ORIENTED_EDGE('',*,*,#12816,.T.);
#12829=ORIENTED_EDGE('',*,*,#12814,.T.);
#12830=EDGE_LOOP('',(#12826,#12827,#12828,#12829));
#12831=FACE_OUTER_BOUND('',#12830,.F.);
#12832=ADVANCED_FACE('',(#12831),#12825,.T.);
#12833=CARTESIAN_POINT('',(1.E-2,1.855E0,-8.35E-1));
#12834=DIRECTION('',(0.E0,-1.E0,0.E0));
#12835=DIRECTION('',(0.E0,0.E0,-1.E0));
#12836=AXIS2_PLACEMENT_3D('',#12833,#12834,#12835);
#12837=PLANE('',#12836);
#12839=ORIENTED_EDGE('',*,*,#12838,.F.);
#12841=ORIENTED_EDGE('',*,*,#12840,.F.);
#12843=ORIENTED_EDGE('',*,*,#12842,.T.);
#12845=ORIENTED_EDGE('',*,*,#12844,.F.);
#12847=ORIENTED_EDGE('',*,*,#12846,.F.);
#12848=ORIENTED_EDGE('',*,*,#11776,.T.);
#12849=ORIENTED_EDGE('',*,*,#11774,.T.);
#12850=EDGE_LOOP('',(#12839,#12841,#12843,#12845,#12847,#12848,#12849));
#12851=FACE_OUTER_BOUND('',#12850,.F.);
#12852=ADVANCED_FACE('',(#12851),#12837,.F.);
#12853=CARTESIAN_POINT('',(4.161079363685E-1,1.725E0,3.129882174905E-1));
#12854=DIRECTION('',(0.E0,1.E0,0.E0));
#12855=DIRECTION('',(0.E0,0.E0,1.E0));
#12856=AXIS2_PLACEMENT_3D('',#12853,#12854,#12855);
#12857=CYLINDRICAL_SURFACE('',#12856,1.E-1);
#12858=ORIENTED_EDGE('',*,*,#11784,.F.);
#12860=ORIENTED_EDGE('',*,*,#12859,.T.);
#12862=ORIENTED_EDGE('',*,*,#12861,.F.);
#12863=ORIENTED_EDGE('',*,*,#12838,.T.);
#12864=EDGE_LOOP('',(#12858,#12860,#12862,#12863));
#12865=FACE_OUTER_BOUND('',#12864,.F.);
#12866=ADVANCED_FACE('',(#12865),#12857,.F.);
#12867=CARTESIAN_POINT('',(1.E-2,1.745E0,-8.35E-1));
#12868=DIRECTION('',(0.E0,-1.E0,0.E0));
#12869=DIRECTION('',(0.E0,0.E0,-1.E0));
#12870=AXIS2_PLACEMENT_3D('',#12867,#12868,#12869);
#12871=PLANE('',#12870);
#12872=ORIENTED_EDGE('',*,*,#11782,.F.);
#12873=ORIENTED_EDGE('',*,*,#11780,.F.);
#12875=ORIENTED_EDGE('',*,*,#12874,.F.);
#12877=ORIENTED_EDGE('',*,*,#12876,.F.);
#12879=ORIENTED_EDGE('',*,*,#12878,.T.);
#12881=ORIENTED_EDGE('',*,*,#12880,.F.);
#12882=ORIENTED_EDGE('',*,*,#12859,.F.);
#12883=EDGE_LOOP('',(#12872,#12873,#12875,#12877,#12879,#12881,#12882));
#12884=FACE_OUTER_BOUND('',#12883,.F.);
#12885=ADVANCED_FACE('',(#12884),#12871,.T.);
#12886=CARTESIAN_POINT('',(2.125333264941E-1,1.725E0,5.25E-1));
#12887=DIRECTION('',(0.E0,1.E0,0.E0));
#12888=DIRECTION('',(0.E0,0.E0,1.E0));
#12889=AXIS2_PLACEMENT_3D('',#12886,#12887,#12888);
#12890=CYLINDRICAL_SURFACE('',#12889,1.4E-1);
#12891=ORIENTED_EDGE('',*,*,#11778,.F.);
#12892=ORIENTED_EDGE('',*,*,#12846,.T.);
#12894=ORIENTED_EDGE('',*,*,#12893,.F.);
#12895=ORIENTED_EDGE('',*,*,#12874,.T.);
#12896=EDGE_LOOP('',(#12891,#12892,#12894,#12895));
#12897=FACE_OUTER_BOUND('',#12896,.F.);
#12898=ADVANCED_FACE('',(#12897),#12890,.T.);
#12899=CARTESIAN_POINT('',(3.272146126946E-1,1.725E0,6.053007010892E-1));
#12900=DIRECTION('',(8.191520442890E-1,0.E0,5.735764363510E-1));
#12901=DIRECTION('',(5.735764363510E-1,0.E0,-8.191520442890E-1));
#12902=AXIS2_PLACEMENT_3D('',#12899,#12900,#12901);
#12903=PLANE('',#12902);
#12904=ORIENTED_EDGE('',*,*,#12876,.T.);
#12905=ORIENTED_EDGE('',*,*,#12893,.T.);
#12906=ORIENTED_EDGE('',*,*,#12844,.T.);
#12908=ORIENTED_EDGE('',*,*,#12907,.T.);
#12910=ORIENTED_EDGE('',*,*,#12909,.T.);
#12912=ORIENTED_EDGE('',*,*,#12911,.F.);
#12913=EDGE_LOOP('',(#12904,#12905,#12906,#12908,#12910,#12912));
#12914=FACE_OUTER_BOUND('',#12913,.F.);
#12915=ADVANCED_FACE('',(#12914),#12903,.T.);
#12916=CARTESIAN_POINT('',(3.8E-1,1.825E0,5.65E-1));
#12917=DIRECTION('',(0.E0,0.E0,-1.E0));
#12918=DIRECTION('',(-1.E0,0.E0,0.E0));
#12919=AXIS2_PLACEMENT_3D('',#12916,#12917,#12918);
#12920=CYLINDRICAL_SURFACE('',#12919,3.E-2);
#12921=ORIENTED_EDGE('',*,*,#12907,.F.);
#12922=ORIENTED_EDGE('',*,*,#12842,.F.);
#12924=ORIENTED_EDGE('',*,*,#12923,.F.);
#12926=ORIENTED_EDGE('',*,*,#12925,.F.);
#12927=EDGE_LOOP('',(#12921,#12922,#12924,#12926));
#12928=FACE_OUTER_BOUND('',#12927,.F.);
#12929=ADVANCED_FACE('',(#12928),#12920,.T.);
#12930=CARTESIAN_POINT('',(3.4E-1,1.725E0,4.65E-1));
#12931=DIRECTION('',(0.E0,1.E0,0.E0));
#12932=DIRECTION('',(0.E0,0.E0,1.E0));
#12933=AXIS2_PLACEMENT_3D('',#12930,#12931,#12932);
#12934=CYLINDRICAL_SURFACE('',#12933,7.E-2);
#12935=ORIENTED_EDGE('',*,*,#12909,.F.);
#12936=ORIENTED_EDGE('',*,*,#12925,.T.);
#12937=ORIENTED_EDGE('',*,*,#12923,.T.);
#12938=ORIENTED_EDGE('',*,*,#12840,.T.);
#12939=ORIENTED_EDGE('',*,*,#12861,.T.);
#12940=ORIENTED_EDGE('',*,*,#12880,.T.);
#12942=ORIENTED_EDGE('',*,*,#12941,.F.);
#12944=ORIENTED_EDGE('',*,*,#12943,.F.);
#12945=EDGE_LOOP('',(#12935,#12936,#12937,#12938,#12939,#12940,#12942,#12944));
#12946=FACE_OUTER_BOUND('',#12945,.F.);
#12947=ADVANCED_FACE('',(#12946),#12934,.T.);
#12948=CARTESIAN_POINT('',(3.8E-1,1.775E0,5.65E-1));
#12949=DIRECTION('',(0.E0,0.E0,-1.E0));
#12950=DIRECTION('',(-1.E0,0.E0,0.E0));
#12951=AXIS2_PLACEMENT_3D('',#12948,#12949,#12950);
#12952=CYLINDRICAL_SURFACE('',#12951,3.E-2);
#12953=ORIENTED_EDGE('',*,*,#12878,.F.);
#12954=ORIENTED_EDGE('',*,*,#12911,.T.);
#12955=ORIENTED_EDGE('',*,*,#12943,.T.);
#12956=ORIENTED_EDGE('',*,*,#12941,.T.);
#12957=EDGE_LOOP('',(#12953,#12954,#12955,#12956));
#12958=FACE_OUTER_BOUND('',#12957,.F.);
#12959=ADVANCED_FACE('',(#12958),#12952,.T.);
#12960=CARTESIAN_POINT('',(1.E-2,-1.745E0,-8.35E-1));
#12961=DIRECTION('',(0.E0,-1.E0,0.E0));
#12962=DIRECTION('',(0.E0,0.E0,-1.E0));
#12963=AXIS2_PLACEMENT_3D('',#12960,#12961,#12962);
#12964=PLANE('',#12963);
#12966=ORIENTED_EDGE('',*,*,#12965,.F.);
#12968=ORIENTED_EDGE('',*,*,#12967,.F.);
#12970=ORIENTED_EDGE('',*,*,#12969,.T.);
#12972=ORIENTED_EDGE('',*,*,#12971,.F.);
#12974=ORIENTED_EDGE('',*,*,#12973,.F.);
#12975=ORIENTED_EDGE('',*,*,#11790,.T.);
#12976=ORIENTED_EDGE('',*,*,#11788,.T.);
#12977=EDGE_LOOP('',(#12966,#12968,#12970,#12972,#12974,#12975,#12976));
#12978=FACE_OUTER_BOUND('',#12977,.F.);
#12979=ADVANCED_FACE('',(#12978),#12964,.F.);
#12980=CARTESIAN_POINT('',(4.161079363685E-1,-1.875E0,3.129882174905E-1));
#12981=DIRECTION('',(0.E0,1.E0,0.E0));
#12982=DIRECTION('',(0.E0,0.E0,1.E0));
#12983=AXIS2_PLACEMENT_3D('',#12980,#12981,#12982);
#12984=CYLINDRICAL_SURFACE('',#12983,1.E-1);
#12985=ORIENTED_EDGE('',*,*,#11798,.F.);
#12987=ORIENTED_EDGE('',*,*,#12986,.T.);
#12989=ORIENTED_EDGE('',*,*,#12988,.F.);
#12990=ORIENTED_EDGE('',*,*,#12965,.T.);
#12991=EDGE_LOOP('',(#12985,#12987,#12989,#12990));
#12992=FACE_OUTER_BOUND('',#12991,.F.);
#12993=ADVANCED_FACE('',(#12992),#12984,.F.);
#12994=CARTESIAN_POINT('',(1.E-2,-1.855E0,-8.35E-1));
#12995=DIRECTION('',(0.E0,-1.E0,0.E0));
#12996=DIRECTION('',(0.E0,0.E0,-1.E0));
#12997=AXIS2_PLACEMENT_3D('',#12994,#12995,#12996);
#12998=PLANE('',#12997);
#12999=ORIENTED_EDGE('',*,*,#11796,.F.);
#13000=ORIENTED_EDGE('',*,*,#11794,.F.);
#13002=ORIENTED_EDGE('',*,*,#13001,.F.);
#13004=ORIENTED_EDGE('',*,*,#13003,.F.);
#13006=ORIENTED_EDGE('',*,*,#13005,.T.);
#13008=ORIENTED_EDGE('',*,*,#13007,.F.);
#13009=ORIENTED_EDGE('',*,*,#12986,.F.);
#13010=EDGE_LOOP('',(#12999,#13000,#13002,#13004,#13006,#13008,#13009));
#13011=FACE_OUTER_BOUND('',#13010,.F.);
#13012=ADVANCED_FACE('',(#13011),#12998,.T.);
#13013=CARTESIAN_POINT('',(2.125333264941E-1,-1.875E0,5.25E-1));
#13014=DIRECTION('',(0.E0,1.E0,0.E0));
#13015=DIRECTION('',(0.E0,0.E0,1.E0));
#13016=AXIS2_PLACEMENT_3D('',#13013,#13014,#13015);
#13017=CYLINDRICAL_SURFACE('',#13016,1.4E-1);
#13018=ORIENTED_EDGE('',*,*,#11792,.F.);
#13019=ORIENTED_EDGE('',*,*,#12973,.T.);
#13021=ORIENTED_EDGE('',*,*,#13020,.F.);
#13022=ORIENTED_EDGE('',*,*,#13001,.T.);
#13023=EDGE_LOOP('',(#13018,#13019,#13021,#13022));
#13024=FACE_OUTER_BOUND('',#13023,.F.);
#13025=ADVANCED_FACE('',(#13024),#13017,.T.);
#13026=CARTESIAN_POINT('',(3.272146126946E-1,-1.875E0,6.053007010892E-1));
#13027=DIRECTION('',(8.191520442890E-1,0.E0,5.735764363510E-1));
#13028=DIRECTION('',(5.735764363510E-1,0.E0,-8.191520442890E-1));
#13029=AXIS2_PLACEMENT_3D('',#13026,#13027,#13028);
#13030=PLANE('',#13029);
#13031=ORIENTED_EDGE('',*,*,#13003,.T.);
#13032=ORIENTED_EDGE('',*,*,#13020,.T.);
#13033=ORIENTED_EDGE('',*,*,#12971,.T.);
#13035=ORIENTED_EDGE('',*,*,#13034,.T.);
#13037=ORIENTED_EDGE('',*,*,#13036,.T.);
#13039=ORIENTED_EDGE('',*,*,#13038,.F.);
#13040=EDGE_LOOP('',(#13031,#13032,#13033,#13035,#13037,#13039));
#13041=FACE_OUTER_BOUND('',#13040,.F.);
#13042=ADVANCED_FACE('',(#13041),#13030,.T.);
#13043=CARTESIAN_POINT('',(3.8E-1,-1.775E0,5.65E-1));
#13044=DIRECTION('',(0.E0,0.E0,-1.E0));
#13045=DIRECTION('',(-1.E0,0.E0,0.E0));
#13046=AXIS2_PLACEMENT_3D('',#13043,#13044,#13045);
#13047=CYLINDRICAL_SURFACE('',#13046,3.E-2);
#13048=ORIENTED_EDGE('',*,*,#13034,.F.);
#13049=ORIENTED_EDGE('',*,*,#12969,.F.);
#13051=ORIENTED_EDGE('',*,*,#13050,.F.);
#13053=ORIENTED_EDGE('',*,*,#13052,.F.);
#13054=EDGE_LOOP('',(#13048,#13049,#13051,#13053));
#13055=FACE_OUTER_BOUND('',#13054,.F.);
#13056=ADVANCED_FACE('',(#13055),#13047,.T.);
#13057=CARTESIAN_POINT('',(3.4E-1,-1.875E0,4.65E-1));
#13058=DIRECTION('',(0.E0,1.E0,0.E0));
#13059=DIRECTION('',(0.E0,0.E0,1.E0));
#13060=AXIS2_PLACEMENT_3D('',#13057,#13058,#13059);
#13061=CYLINDRICAL_SURFACE('',#13060,7.E-2);
#13062=ORIENTED_EDGE('',*,*,#13036,.F.);
#13063=ORIENTED_EDGE('',*,*,#13052,.T.);
#13064=ORIENTED_EDGE('',*,*,#13050,.T.);
#13065=ORIENTED_EDGE('',*,*,#12967,.T.);
#13066=ORIENTED_EDGE('',*,*,#12988,.T.);
#13067=ORIENTED_EDGE('',*,*,#13007,.T.);
#13069=ORIENTED_EDGE('',*,*,#13068,.F.);
#13071=ORIENTED_EDGE('',*,*,#13070,.F.);
#13072=EDGE_LOOP('',(#13062,#13063,#13064,#13065,#13066,#13067,#13069,#13071));
#13073=FACE_OUTER_BOUND('',#13072,.F.);
#13074=ADVANCED_FACE('',(#13073),#13061,.T.);
#13075=CARTESIAN_POINT('',(3.8E-1,-1.825E0,5.65E-1));
#13076=DIRECTION('',(0.E0,0.E0,-1.E0));
#13077=DIRECTION('',(-1.E0,0.E0,0.E0));
#13078=AXIS2_PLACEMENT_3D('',#13075,#13076,#13077);
#13079=CYLINDRICAL_SURFACE('',#13078,3.E-2);
#13080=ORIENTED_EDGE('',*,*,#13005,.F.);
#13081=ORIENTED_EDGE('',*,*,#13038,.T.);
#13082=ORIENTED_EDGE('',*,*,#13070,.T.);
#13083=ORIENTED_EDGE('',*,*,#13068,.T.);
#13084=EDGE_LOOP('',(#13080,#13081,#13082,#13083));
#13085=FACE_OUTER_BOUND('',#13084,.F.);
#13086=ADVANCED_FACE('',(#13085),#13079,.T.);
#13087=CARTESIAN_POINT('',(0.E0,-1.8E0,7.15E-1));
#13088=DIRECTION('',(0.E0,0.E0,1.E0));
#13089=DIRECTION('',(1.E0,0.E0,0.E0));
#13090=AXIS2_PLACEMENT_3D('',#13087,#13088,#13089);
#13091=PLANE('',#13090);
#13092=ORIENTED_EDGE('',*,*,#10221,.F.);
#13093=ORIENTED_EDGE('',*,*,#11670,.F.);
#13094=ORIENTED_EDGE('',*,*,#11659,.T.);
#13095=ORIENTED_EDGE('',*,*,#10235,.T.);
#13096=EDGE_LOOP('',(#13092,#13093,#13094,#13095));
#13097=FACE_OUTER_BOUND('',#13096,.F.);
#13098=ADVANCED_FACE('',(#13097),#13091,.T.);
#13099=CARTESIAN_POINT('',(7.35E-1,-2.E0,-5.05E-1));
#13100=DIRECTION('',(-1.E0,0.E0,0.E0));
#13101=DIRECTION('',(0.E0,-1.E0,0.E0));
#13102=AXIS2_PLACEMENT_3D('',#13099,#13100,#13101);
#13103=PLANE('',#13102);
#13105=ORIENTED_EDGE('',*,*,#13104,.T.);
#13107=ORIENTED_EDGE('',*,*,#13106,.F.);
#13109=ORIENTED_EDGE('',*,*,#13108,.T.);
#13111=ORIENTED_EDGE('',*,*,#13110,.F.);
#13112=ORIENTED_EDGE('',*,*,#10191,.F.);
#13114=ORIENTED_EDGE('',*,*,#13113,.F.);
#13116=ORIENTED_EDGE('',*,*,#13115,.T.);
#13118=ORIENTED_EDGE('',*,*,#13117,.F.);
#13119=EDGE_LOOP('',(#13105,#13107,#13109,#13111,#13112,#13114,#13116,#13118));
#13120=FACE_OUTER_BOUND('',#13119,.F.);
#13121=ADVANCED_FACE('',(#13120),#13103,.T.);
#13122=CARTESIAN_POINT('',(8.55E-1,-1.8E0,2.75E-1));
#13123=DIRECTION('',(7.071067811865E-1,0.E0,-7.071067811865E-1));
#13124=DIRECTION('',(0.E0,-1.E0,0.E0));
#13125=AXIS2_PLACEMENT_3D('',#13122,#13123,#13124);
#13126=PLANE('',#13125);
#13128=ORIENTED_EDGE('',*,*,#13127,.F.);
#13130=ORIENTED_EDGE('',*,*,#13129,.F.);
#13131=ORIENTED_EDGE('',*,*,#13104,.F.);
#13133=ORIENTED_EDGE('',*,*,#13132,.F.);
#13134=EDGE_LOOP('',(#13128,#13130,#13131,#13133));
#13135=FACE_OUTER_BOUND('',#13134,.F.);
#13136=ADVANCED_FACE('',(#13135),#13126,.F.);
#13137=CARTESIAN_POINT('',(0.E0,-1.8E0,2.75E-1));
#13138=DIRECTION('',(0.E0,0.E0,1.E0));
#13139=DIRECTION('',(1.E0,0.E0,0.E0));
#13140=AXIS2_PLACEMENT_3D('',#13137,#13138,#13139);
#13141=PLANE('',#13140);
#13143=ORIENTED_EDGE('',*,*,#13142,.F.);
#13145=ORIENTED_EDGE('',*,*,#13144,.T.);
#13147=ORIENTED_EDGE('',*,*,#13146,.F.);
#13148=ORIENTED_EDGE('',*,*,#13127,.T.);
#13150=ORIENTED_EDGE('',*,*,#13149,.F.);
#13152=ORIENTED_EDGE('',*,*,#13151,.T.);
#13154=ORIENTED_EDGE('',*,*,#13153,.F.);
#13156=ORIENTED_EDGE('',*,*,#13155,.T.);
#13158=ORIENTED_EDGE('',*,*,#13157,.T.);
#13160=ORIENTED_EDGE('',*,*,#13159,.T.);
#13162=ORIENTED_EDGE('',*,*,#13161,.T.);
#13164=ORIENTED_EDGE('',*,*,#13163,.T.);
#13165=EDGE_LOOP('',(#13143,#13145,#13147,#13148,#13150,#13152,#13154,#13156,
#13158,#13160,#13162,#13164));
#13166=FACE_OUTER_BOUND('',#13165,.F.);
#13167=ADVANCED_FACE('',(#13166),#13141,.T.);
#13168=CARTESIAN_POINT('',(1.27E0,-2.38E0,3.25E-1));
#13169=DIRECTION('',(0.E0,1.E0,0.E0));
#13170=DIRECTION('',(0.E0,0.E0,-1.E0));
#13171=AXIS2_PLACEMENT_3D('',#13168,#13169,#13170);
#13172=PLANE('',#13171);
#13174=ORIENTED_EDGE('',*,*,#13173,.T.);
#13176=ORIENTED_EDGE('',*,*,#13175,.F.);
#13178=ORIENTED_EDGE('',*,*,#13177,.F.);
#13179=ORIENTED_EDGE('',*,*,#13142,.T.);
#13180=EDGE_LOOP('',(#13174,#13176,#13178,#13179));
#13181=FACE_OUTER_BOUND('',#13180,.F.);
#13182=ADVANCED_FACE('',(#13181),#13172,.T.);
#13183=CARTESIAN_POINT('',(1.27E0,-2.63E0,-7.35E-1));
#13184=DIRECTION('',(-1.E0,0.E0,0.E0));
#13185=DIRECTION('',(0.E0,0.E0,-1.E0));
#13186=AXIS2_PLACEMENT_3D('',#13183,#13184,#13185);
#13187=PLANE('',#13186);
#13188=ORIENTED_EDGE('',*,*,#13163,.F.);
#13190=ORIENTED_EDGE('',*,*,#13189,.F.);
#13192=ORIENTED_EDGE('',*,*,#13191,.F.);
#13194=ORIENTED_EDGE('',*,*,#13193,.F.);
#13196=ORIENTED_EDGE('',*,*,#13195,.T.);
#13198=ORIENTED_EDGE('',*,*,#13197,.F.);
#13200=ORIENTED_EDGE('',*,*,#13199,.F.);
#13202=ORIENTED_EDGE('',*,*,#13201,.F.);
#13204=ORIENTED_EDGE('',*,*,#13203,.F.);
#13206=ORIENTED_EDGE('',*,*,#13205,.F.);
#13208=ORIENTED_EDGE('',*,*,#13207,.F.);
#13210=ORIENTED_EDGE('',*,*,#13209,.F.);
#13212=ORIENTED_EDGE('',*,*,#13211,.F.);
#13214=ORIENTED_EDGE('',*,*,#13213,.F.);
#13216=ORIENTED_EDGE('',*,*,#13215,.F.);
#13218=ORIENTED_EDGE('',*,*,#13217,.F.);
#13220=ORIENTED_EDGE('',*,*,#13219,.F.);
#13222=ORIENTED_EDGE('',*,*,#13221,.F.);
#13224=ORIENTED_EDGE('',*,*,#13223,.F.);
#13226=ORIENTED_EDGE('',*,*,#13225,.F.);
#13228=ORIENTED_EDGE('',*,*,#13227,.F.);
#13229=ORIENTED_EDGE('',*,*,#13173,.F.);
#13230=EDGE_LOOP('',(#13188,#13190,#13192,#13194,#13196,#13198,#13200,#13202,
#13204,#13206,#13208,#13210,#13212,#13214,#13216,#13218,#13220,#13222,#13224,
#13226,#13228,#13229));
#13231=FACE_OUTER_BOUND('',#13230,.F.);
#13232=ADVANCED_FACE('',(#13231),#13187,.F.);
#13233=CARTESIAN_POINT('',(1.17E0,-2.48E0,-7.85E-1));
#13234=DIRECTION('',(0.E0,-1.E0,0.E0));
#13235=DIRECTION('',(1.E0,0.E0,0.E0));
#13236=AXIS2_PLACEMENT_3D('',#13233,#13234,#13235);
#13237=PLANE('',#13236);
#13238=ORIENTED_EDGE('',*,*,#13161,.F.);
#13240=ORIENTED_EDGE('',*,*,#13239,.T.);
#13242=ORIENTED_EDGE('',*,*,#13241,.T.);
#13244=ORIENTED_EDGE('',*,*,#13243,.F.);
#13246=ORIENTED_EDGE('',*,*,#13245,.F.);
#13247=ORIENTED_EDGE('',*,*,#13189,.T.);
#13248=EDGE_LOOP('',(#13238,#13240,#13242,#13244,#13246,#13247));
#13249=FACE_OUTER_BOUND('',#13248,.F.);
#13250=ADVANCED_FACE('',(#13249),#13237,.T.);
#13251=CARTESIAN_POINT('',(1.55E0,-3.405E0,8.35E-1));
#13252=DIRECTION('',(1.E0,0.E0,0.E0));
#13253=DIRECTION('',(0.E0,0.E0,-1.E0));
#13254=AXIS2_PLACEMENT_3D('',#13251,#13252,#13253);
#13255=PLANE('',#13254);
#13256=ORIENTED_EDGE('',*,*,#13239,.F.);
#13257=ORIENTED_EDGE('',*,*,#13159,.F.);
#13259=ORIENTED_EDGE('',*,*,#13258,.F.);
#13261=ORIENTED_EDGE('',*,*,#13260,.T.);
#13263=ORIENTED_EDGE('',*,*,#13262,.F.);
#13265=ORIENTED_EDGE('',*,*,#13264,.F.);
#13267=ORIENTED_EDGE('',*,*,#13266,.F.);
#13269=ORIENTED_EDGE('',*,*,#13268,.T.);
#13270=EDGE_LOOP('',(#13256,#13257,#13259,#13261,#13263,#13265,#13267,#13269));
#13271=FACE_OUTER_BOUND('',#13270,.F.);
#13272=ADVANCED_FACE('',(#13271),#13255,.T.);
#13273=CARTESIAN_POINT('',(1.17E0,2.48E0,-7.85E-1));
#13274=DIRECTION('',(0.E0,1.E0,0.E0));
#13275=DIRECTION('',(1.E0,0.E0,0.E0));
#13276=AXIS2_PLACEMENT_3D('',#13273,#13274,#13275);
#13277=PLANE('',#13276);
#13278=ORIENTED_EDGE('',*,*,#13157,.F.);
#13280=ORIENTED_EDGE('',*,*,#13279,.T.);
#13282=ORIENTED_EDGE('',*,*,#13281,.F.);
#13284=ORIENTED_EDGE('',*,*,#13283,.F.);
#13286=ORIENTED_EDGE('',*,*,#13285,.T.);
#13287=ORIENTED_EDGE('',*,*,#13258,.T.);
#13288=EDGE_LOOP('',(#13278,#13280,#13282,#13284,#13286,#13287));
#13289=FACE_OUTER_BOUND('',#13288,.F.);
#13290=ADVANCED_FACE('',(#13289),#13277,.T.);
#13291=CARTESIAN_POINT('',(1.27E0,2.63E0,-7.35E-1));
#13292=DIRECTION('',(-1.E0,0.E0,0.E0));
#13293=DIRECTION('',(0.E0,0.E0,-1.E0));
#13294=AXIS2_PLACEMENT_3D('',#13291,#13292,#13293);
#13295=PLANE('',#13294);
#13296=ORIENTED_EDGE('',*,*,#13155,.F.);
#13298=ORIENTED_EDGE('',*,*,#13297,.F.);
#13300=ORIENTED_EDGE('',*,*,#13299,.F.);
#13302=ORIENTED_EDGE('',*,*,#13301,.F.);
#13304=ORIENTED_EDGE('',*,*,#13303,.F.);
#13306=ORIENTED_EDGE('',*,*,#13305,.F.);
#13308=ORIENTED_EDGE('',*,*,#13307,.F.);
#13310=ORIENTED_EDGE('',*,*,#13309,.F.);
#13312=ORIENTED_EDGE('',*,*,#13311,.F.);
#13314=ORIENTED_EDGE('',*,*,#13313,.F.);
#13316=ORIENTED_EDGE('',*,*,#13315,.F.);
#13318=ORIENTED_EDGE('',*,*,#13317,.F.);
#13320=ORIENTED_EDGE('',*,*,#13319,.F.);
#13322=ORIENTED_EDGE('',*,*,#13321,.F.);
#13324=ORIENTED_EDGE('',*,*,#13323,.F.);
#13326=ORIENTED_EDGE('',*,*,#13325,.F.);
#13328=ORIENTED_EDGE('',*,*,#13327,.F.);
#13330=ORIENTED_EDGE('',*,*,#13329,.F.);
#13332=ORIENTED_EDGE('',*,*,#13331,.T.);
#13334=ORIENTED_EDGE('',*,*,#13333,.F.);
#13336=ORIENTED_EDGE('',*,*,#13335,.F.);
#13337=ORIENTED_EDGE('',*,*,#13279,.F.);
#13338=EDGE_LOOP('',(#13296,#13298,#13300,#13302,#13304,#13306,#13308,#13310,
#13312,#13314,#13316,#13318,#13320,#13322,#13324,#13326,#13328,#13330,#13332,
#13334,#13336,#13337));
#13339=FACE_OUTER_BOUND('',#13338,.F.);
#13340=ADVANCED_FACE('',(#13339),#13295,.F.);
#13341=CARTESIAN_POINT('',(1.27E0,2.38E0,3.25E-1));
#13342=DIRECTION('',(0.E0,-1.E0,0.E0));
#13343=DIRECTION('',(0.E0,0.E0,-1.E0));
#13344=AXIS2_PLACEMENT_3D('',#13341,#13342,#13343);
#13345=PLANE('',#13344);
#13346=ORIENTED_EDGE('',*,*,#13297,.T.);
#13347=ORIENTED_EDGE('',*,*,#13153,.T.);
#13349=ORIENTED_EDGE('',*,*,#13348,.F.);
#13351=ORIENTED_EDGE('',*,*,#13350,.T.);
#13352=EDGE_LOOP('',(#13346,#13347,#13349,#13351));
#13353=FACE_OUTER_BOUND('',#13352,.F.);
#13354=ADVANCED_FACE('',(#13353),#13345,.T.);
#13355=CARTESIAN_POINT('',(1.17E0,2.18E0,2.75E-1));
#13356=DIRECTION('',(-1.E0,0.E0,0.E0));
#13357=DIRECTION('',(0.E0,0.E0,1.E0));
#13358=AXIS2_PLACEMENT_3D('',#13355,#13356,#13357);
#13359=PLANE('',#13358);
#13361=ORIENTED_EDGE('',*,*,#13360,.F.);
#13363=ORIENTED_EDGE('',*,*,#13362,.T.);
#13365=ORIENTED_EDGE('',*,*,#13364,.T.);
#13367=ORIENTED_EDGE('',*,*,#13366,.F.);
#13369=ORIENTED_EDGE('',*,*,#13368,.F.);
#13371=ORIENTED_EDGE('',*,*,#13370,.F.);
#13373=ORIENTED_EDGE('',*,*,#13372,.T.);
#13375=ORIENTED_EDGE('',*,*,#13374,.T.);
#13377=ORIENTED_EDGE('',*,*,#13376,.T.);
#13379=ORIENTED_EDGE('',*,*,#13378,.F.);
#13381=ORIENTED_EDGE('',*,*,#13380,.F.);
#13383=ORIENTED_EDGE('',*,*,#13382,.F.);
#13385=ORIENTED_EDGE('',*,*,#13384,.T.);
#13386=ORIENTED_EDGE('',*,*,#13348,.T.);
#13387=ORIENTED_EDGE('',*,*,#13151,.F.);
#13389=ORIENTED_EDGE('',*,*,#13388,.F.);
#13391=ORIENTED_EDGE('',*,*,#13390,.T.);
#13393=ORIENTED_EDGE('',*,*,#13392,.F.);
#13394=EDGE_LOOP('',(#13361,#13363,#13365,#13367,#13369,#13371,#13373,#13375,
#13377,#13379,#13381,#13383,#13385,#13386,#13387,#13389,#13391,#13393));
#13395=FACE_OUTER_BOUND('',#13394,.F.);
#13396=ADVANCED_FACE('',(#13395),#13359,.F.);
#13397=CARTESIAN_POINT('',(0.E0,1.8E0,2.75E-1));
#13398=DIRECTION('',(0.E0,0.E0,1.E0));
#13399=DIRECTION('',(1.E0,0.E0,0.E0));
#13400=AXIS2_PLACEMENT_3D('',#13397,#13398,#13399);
#13401=PLANE('',#13400);
#13403=ORIENTED_EDGE('',*,*,#13402,.T.);
#13404=ORIENTED_EDGE('',*,*,#13323,.T.);
#13406=ORIENTED_EDGE('',*,*,#13405,.F.);
#13407=ORIENTED_EDGE('',*,*,#13360,.T.);
#13409=ORIENTED_EDGE('',*,*,#13408,.T.);
#13411=ORIENTED_EDGE('',*,*,#13410,.T.);
#13412=EDGE_LOOP('',(#13403,#13404,#13406,#13407,#13409,#13411));
#13413=FACE_OUTER_BOUND('',#13412,.F.);
#13414=ADVANCED_FACE('',(#13413),#13401,.T.);
#13415=CARTESIAN_POINT('',(1.55E0,2.98E0,-7.85E-1));
#13416=DIRECTION('',(0.E0,-1.E0,0.E0));
#13417=DIRECTION('',(0.E0,0.E0,1.E0));
#13418=AXIS2_PLACEMENT_3D('',#13415,#13416,#13417);
#13419=PLANE('',#13418);
#13421=ORIENTED_EDGE('',*,*,#13420,.F.);
#13422=ORIENTED_EDGE('',*,*,#13325,.T.);
#13423=ORIENTED_EDGE('',*,*,#13402,.F.);
#13425=ORIENTED_EDGE('',*,*,#13424,.F.);
#13427=ORIENTED_EDGE('',*,*,#13426,.T.);
#13429=ORIENTED_EDGE('',*,*,#13428,.T.);
#13430=EDGE_LOOP('',(#13421,#13422,#13423,#13425,#13427,#13429));
#13431=FACE_OUTER_BOUND('',#13430,.F.);
#13432=ADVANCED_FACE('',(#13431),#13419,.T.);
#13433=CARTESIAN_POINT('',(1.27E0,2.93E0,-6.55E-1));
#13434=DIRECTION('',(0.E0,8.559155419458E-1,-5.171156399256E-1));
#13435=DIRECTION('',(0.E0,5.171156399256E-1,8.559155419458E-1));
#13436=AXIS2_PLACEMENT_3D('',#13433,#13434,#13435);
#13437=PLANE('',#13436);
#13438=ORIENTED_EDGE('',*,*,#13327,.T.);
#13439=ORIENTED_EDGE('',*,*,#13420,.T.);
#13441=ORIENTED_EDGE('',*,*,#13440,.T.);
#13443=ORIENTED_EDGE('',*,*,#13442,.T.);
#13445=ORIENTED_EDGE('',*,*,#13444,.F.);
#13446=EDGE_LOOP('',(#13438,#13439,#13441,#13443,#13445));
#13447=FACE_OUTER_BOUND('',#13446,.F.);
#13448=ADVANCED_FACE('',(#13447),#13437,.T.);
#13449=CARTESIAN_POINT('',(1.17E0,2.18E0,2.75E-1));
#13450=DIRECTION('',(-1.E0,0.E0,0.E0));
#13451=DIRECTION('',(0.E0,0.E0,1.E0));
#13452=AXIS2_PLACEMENT_3D('',#13449,#13450,#13451);
#13453=PLANE('',#13452);
#13455=ORIENTED_EDGE('',*,*,#13454,.T.);
#13456=ORIENTED_EDGE('',*,*,#13440,.F.);
#13457=ORIENTED_EDGE('',*,*,#13428,.F.);
#13458=EDGE_LOOP('',(#13455,#13456,#13457));
#13459=FACE_OUTER_BOUND('',#13458,.F.);
#13460=ADVANCED_FACE('',(#13459),#13453,.F.);
#13461=CARTESIAN_POINT('',(8.4E-1,3.405E0,-5.95E-1));
#13462=DIRECTION('',(1.138030519781E-13,0.E0,1.E0));
#13463=DIRECTION('',(1.E0,0.E0,-1.138030519781E-13));
#13464=AXIS2_PLACEMENT_3D('',#13461,#13462,#13463);
#13465=PLANE('',#13464);
#13467=ORIENTED_EDGE('',*,*,#13466,.F.);
#13469=ORIENTED_EDGE('',*,*,#13468,.F.);
#13471=ORIENTED_EDGE('',*,*,#13470,.T.);
#13473=ORIENTED_EDGE('',*,*,#13472,.T.);
#13474=ORIENTED_EDGE('',*,*,#13260,.F.);
#13475=ORIENTED_EDGE('',*,*,#13285,.F.);
#13477=ORIENTED_EDGE('',*,*,#13476,.F.);
#13479=ORIENTED_EDGE('',*,*,#13478,.F.);
#13480=ORIENTED_EDGE('',*,*,#13454,.F.);
#13481=ORIENTED_EDGE('',*,*,#13426,.F.);
#13482=EDGE_LOOP('',(#13467,#13469,#13471,#13473,#13474,#13475,#13477,#13479,
#13480,#13481));
#13483=FACE_OUTER_BOUND('',#13482,.F.);
#13484=ADVANCED_FACE('',(#13483),#13465,.F.);
#13485=CARTESIAN_POINT('',(1.55E0,3.405E0,8.35E-1));
#13486=DIRECTION('',(1.E0,0.E0,0.E0));
#13487=DIRECTION('',(0.E0,0.E0,-1.E0));
#13488=AXIS2_PLACEMENT_3D('',#13485,#13486,#13487);
#13489=PLANE('',#13488);
#13490=ORIENTED_EDGE('',*,*,#13410,.F.);
#13492=ORIENTED_EDGE('',*,*,#13491,.F.);
#13493=ORIENTED_EDGE('',*,*,#13466,.T.);
#13494=ORIENTED_EDGE('',*,*,#13424,.T.);
#13495=EDGE_LOOP('',(#13490,#13492,#13493,#13494));
#13496=FACE_OUTER_BOUND('',#13495,.F.);
#13497=ADVANCED_FACE('',(#13496),#13489,.T.);
#13498=CARTESIAN_POINT('',(0.E0,3.405E0,-8.35E-1));
#13499=DIRECTION('',(0.E0,-1.E0,0.E0));
#13500=DIRECTION('',(0.E0,0.E0,1.E0));
#13501=AXIS2_PLACEMENT_3D('',#13498,#13499,#13500);
#13502=PLANE('',#13501);
#13504=ORIENTED_EDGE('',*,*,#13503,.F.);
#13506=ORIENTED_EDGE('',*,*,#13505,.F.);
#13508=ORIENTED_EDGE('',*,*,#13507,.F.);
#13509=ORIENTED_EDGE('',*,*,#13468,.T.);
#13510=ORIENTED_EDGE('',*,*,#13491,.T.);
#13511=ORIENTED_EDGE('',*,*,#13408,.F.);
#13512=ORIENTED_EDGE('',*,*,#13392,.T.);
#13514=ORIENTED_EDGE('',*,*,#13513,.F.);
#13516=ORIENTED_EDGE('',*,*,#13515,.F.);
#13517=EDGE_LOOP('',(#13504,#13506,#13508,#13509,#13510,#13511,#13512,#13514,
#13516));
#13518=FACE_OUTER_BOUND('',#13517,.F.);
#13519=ADVANCED_FACE('',(#13518),#13502,.F.);
#13520=CARTESIAN_POINT('',(3.5E-1,3.355E0,-7.85E-1));
#13521=DIRECTION('',(1.E0,0.E0,0.E0));
#13522=DIRECTION('',(0.E0,0.E0,-1.E0));
#13523=AXIS2_PLACEMENT_3D('',#13520,#13521,#13522);
#13524=PLANE('',#13523);
#13526=ORIENTED_EDGE('',*,*,#13525,.F.);
#13528=ORIENTED_EDGE('',*,*,#13527,.T.);
#13530=ORIENTED_EDGE('',*,*,#13529,.T.);
#13531=ORIENTED_EDGE('',*,*,#13503,.T.);
#13532=EDGE_LOOP('',(#13526,#13528,#13530,#13531));
#13533=FACE_OUTER_BOUND('',#13532,.F.);
#13534=ADVANCED_FACE('',(#13533),#13524,.F.);
#13535=CARTESIAN_POINT('',(3.5E-1,3.405E0,6.65E-1));
#13536=DIRECTION('',(-9.593655015713E-1,0.E0,2.821663239915E-1));
#13537=DIRECTION('',(2.821663239915E-1,0.E0,9.593655015713E-1));
#13538=AXIS2_PLACEMENT_3D('',#13535,#13536,#13537);
#13539=PLANE('',#13538);
#13541=ORIENTED_EDGE('',*,*,#13540,.T.);
#13543=ORIENTED_EDGE('',*,*,#13542,.T.);
#13545=ORIENTED_EDGE('',*,*,#13544,.T.);
#13546=ORIENTED_EDGE('',*,*,#13525,.T.);
#13547=ORIENTED_EDGE('',*,*,#13515,.T.);
#13548=EDGE_LOOP('',(#13541,#13543,#13545,#13546,#13547));
#13549=FACE_OUTER_BOUND('',#13548,.F.);
#13550=ADVANCED_FACE('',(#13549),#13539,.T.);
#13551=CARTESIAN_POINT('',(0.E0,3.405E0,8.35E-1));
#13552=DIRECTION('',(0.E0,0.E0,1.E0));
#13553=DIRECTION('',(1.E0,0.E0,0.E0));
#13554=AXIS2_PLACEMENT_3D('',#13551,#13552,#13553);
#13555=PLANE('',#13554);
#13556=ORIENTED_EDGE('',*,*,#13390,.F.);
#13558=ORIENTED_EDGE('',*,*,#13557,.T.);
#13560=ORIENTED_EDGE('',*,*,#13559,.T.);
#13562=ORIENTED_EDGE('',*,*,#13561,.T.);
#13563=ORIENTED_EDGE('',*,*,#13540,.F.);
#13564=ORIENTED_EDGE('',*,*,#13513,.T.);
#13565=EDGE_LOOP('',(#13556,#13558,#13560,#13562,#13563,#13564));
#13566=FACE_OUTER_BOUND('',#13565,.F.);
#13567=ADVANCED_FACE('',(#13566),#13555,.T.);
#13568=CARTESIAN_POINT('',(7.35E-1,2.18E0,2.75E-1));
#13569=DIRECTION('',(0.E0,-9.615239476408E-1,2.747211278974E-1));
#13570=DIRECTION('',(-1.E0,0.E0,0.E0));
#13571=AXIS2_PLACEMENT_3D('',#13568,#13569,#13570);
#13572=PLANE('',#13571);
#13574=ORIENTED_EDGE('',*,*,#13573,.F.);
#13575=ORIENTED_EDGE('',*,*,#13557,.F.);
#13576=ORIENTED_EDGE('',*,*,#13388,.T.);
#13577=ORIENTED_EDGE('',*,*,#13149,.T.);
#13578=ORIENTED_EDGE('',*,*,#13132,.T.);
#13579=ORIENTED_EDGE('',*,*,#13117,.T.);
#13580=EDGE_LOOP('',(#13574,#13575,#13576,#13577,#13578,#13579));
#13581=FACE_OUTER_BOUND('',#13580,.F.);
#13582=ADVANCED_FACE('',(#13581),#13572,.T.);
#13583=CARTESIAN_POINT('',(9.35E-1,3.405E0,8.35E-1));
#13584=DIRECTION('',(7.071067811865E-1,0.E0,-7.071067811865E-1));
#13585=DIRECTION('',(0.E0,1.E0,0.E0));
#13586=AXIS2_PLACEMENT_3D('',#13583,#13584,#13585);
#13587=PLANE('',#13586);
#13588=ORIENTED_EDGE('',*,*,#13559,.F.);
#13589=ORIENTED_EDGE('',*,*,#13573,.T.);
#13590=ORIENTED_EDGE('',*,*,#13115,.F.);
#13592=ORIENTED_EDGE('',*,*,#13591,.T.);
#13593=EDGE_LOOP('',(#13588,#13589,#13590,#13592));
#13594=FACE_OUTER_BOUND('',#13593,.F.);
#13595=ADVANCED_FACE('',(#13594),#13587,.F.);
#13596=CARTESIAN_POINT('',(0.E0,3.13E0,8.35E-1));
#13597=DIRECTION('',(0.E0,7.071067811865E-1,-7.071067811865E-1));
#13598=DIRECTION('',(-1.E0,0.E0,0.E0));
#13599=AXIS2_PLACEMENT_3D('',#13596,#13597,#13598);
#13600=PLANE('',#13599);
#13601=ORIENTED_EDGE('',*,*,#13542,.F.);
#13602=ORIENTED_EDGE('',*,*,#13561,.F.);
#13603=ORIENTED_EDGE('',*,*,#13591,.F.);
#13605=ORIENTED_EDGE('',*,*,#13604,.F.);
#13607=ORIENTED_EDGE('',*,*,#13606,.F.);
#13608=ORIENTED_EDGE('',*,*,#9654,.F.);
#13609=ORIENTED_EDGE('',*,*,#9639,.F.);
#13611=ORIENTED_EDGE('',*,*,#13610,.F.);
#13612=EDGE_LOOP('',(#13601,#13602,#13603,#13605,#13607,#13608,#13609,#13611));
#13613=FACE_OUTER_BOUND('',#13612,.F.);
#13614=ADVANCED_FACE('',(#13613),#13600,.F.);
#13615=CARTESIAN_POINT('',(7.35E-1,2.93E0,-5.05E-1));
#13616=DIRECTION('',(0.E0,-1.E0,0.E0));
#13617=DIRECTION('',(-1.E0,0.E0,0.E0));
#13618=AXIS2_PLACEMENT_3D('',#13615,#13616,#13617);
#13619=PLANE('',#13618);
#13620=ORIENTED_EDGE('',*,*,#13113,.T.);
#13621=ORIENTED_EDGE('',*,*,#10196,.F.);
#13622=ORIENTED_EDGE('',*,*,#10181,.T.);
#13623=ORIENTED_EDGE('',*,*,#13604,.T.);
#13624=EDGE_LOOP('',(#13620,#13621,#13622,#13623));
#13625=FACE_OUTER_BOUND('',#13624,.F.);
#13626=ADVANCED_FACE('',(#13625),#13619,.T.);
#13627=CARTESIAN_POINT('',(-9.35E-1,3.405E0,8.35E-1));
#13628=DIRECTION('',(-7.071067811865E-1,0.E0,-7.071067811865E-1));
#13629=DIRECTION('',(0.E0,1.E0,0.E0));
#13630=AXIS2_PLACEMENT_3D('',#13627,#13628,#13629);
#13631=PLANE('',#13630);
#13632=ORIENTED_EDGE('',*,*,#9656,.F.);
#13633=ORIENTED_EDGE('',*,*,#13606,.T.);
#13634=ORIENTED_EDGE('',*,*,#10179,.F.);
#13636=ORIENTED_EDGE('',*,*,#13635,.T.);
#13637=EDGE_LOOP('',(#13632,#13633,#13634,#13636));
#13638=FACE_OUTER_BOUND('',#13637,.F.);
#13639=ADVANCED_FACE('',(#13638),#13631,.F.);
#13640=CARTESIAN_POINT('',(-7.35E-1,2.18E0,2.75E-1));
#13641=DIRECTION('',(0.E0,-9.615239476408E-1,2.747211278974E-1));
#13642=DIRECTION('',(1.E0,0.E0,0.E0));
#13643=AXIS2_PLACEMENT_3D('',#13640,#13641,#13642);
#13644=PLANE('',#13643);
#13645=ORIENTED_EDGE('',*,*,#13635,.F.);
#13646=ORIENTED_EDGE('',*,*,#10177,.T.);
#13648=ORIENTED_EDGE('',*,*,#13647,.T.);
#13649=ORIENTED_EDGE('',*,*,#9829,.T.);
#13650=ORIENTED_EDGE('',*,*,#9673,.T.);
#13651=ORIENTED_EDGE('',*,*,#9658,.F.);
#13652=EDGE_LOOP('',(#13645,#13646,#13648,#13649,#13650,#13651));
#13653=FACE_OUTER_BOUND('',#13652,.F.);
#13654=ADVANCED_FACE('',(#13653),#13644,.T.);
#13655=CARTESIAN_POINT('',(-8.55E-1,-1.8E0,2.75E-1));
#13656=DIRECTION('',(-7.071067811865E-1,0.E0,-7.071067811865E-1));
#13657=DIRECTION('',(0.E0,-1.E0,0.E0));
#13658=AXIS2_PLACEMENT_3D('',#13655,#13656,#13657);
#13659=PLANE('',#13658);
#13660=ORIENTED_EDGE('',*,*,#10175,.F.);
#13661=ORIENTED_EDGE('',*,*,#10143,.F.);
#13662=ORIENTED_EDGE('',*,*,#9831,.F.);
#13663=ORIENTED_EDGE('',*,*,#13647,.F.);
#13664=EDGE_LOOP('',(#13660,#13661,#13662,#13663));
#13665=FACE_OUTER_BOUND('',#13664,.F.);
#13666=ADVANCED_FACE('',(#13665),#13659,.F.);
#13667=CARTESIAN_POINT('',(0.E0,3.405E0,6.65E-1));
#13668=DIRECTION('',(0.E0,0.E0,1.E0));
#13669=DIRECTION('',(1.E0,0.E0,0.E0));
#13670=AXIS2_PLACEMENT_3D('',#13667,#13668,#13669);
#13671=PLANE('',#13670);
#13672=ORIENTED_EDGE('',*,*,#13610,.T.);
#13673=ORIENTED_EDGE('',*,*,#9637,.F.);
#13675=ORIENTED_EDGE('',*,*,#13674,.T.);
#13676=ORIENTED_EDGE('',*,*,#13544,.F.);
#13677=EDGE_LOOP('',(#13672,#13673,#13675,#13676));
#13678=FACE_OUTER_BOUND('',#13677,.F.);
#13679=ADVANCED_FACE('',(#13678),#13671,.T.);
#13680=CARTESIAN_POINT('',(0.E0,3.355E0,-8.35E-1));
#13681=DIRECTION('',(0.E0,1.E0,0.E0));
#13682=DIRECTION('',(0.E0,0.E0,-1.E0));
#13683=AXIS2_PLACEMENT_3D('',#13680,#13681,#13682);
#13684=PLANE('',#13683);
#13686=ORIENTED_EDGE('',*,*,#13685,.T.);
#13687=ORIENTED_EDGE('',*,*,#13527,.F.);
#13688=ORIENTED_EDGE('',*,*,#13674,.F.);
#13689=ORIENTED_EDGE('',*,*,#9622,.F.);
#13690=EDGE_LOOP('',(#13686,#13687,#13688,#13689));
#13691=FACE_OUTER_BOUND('',#13690,.F.);
#13692=ADVANCED_FACE('',(#13691),#13684,.T.);
#13693=CARTESIAN_POINT('',(1.55E0,-3.405E0,-7.85E-1));
#13694=DIRECTION('',(0.E0,0.E0,-1.E0));
#13695=DIRECTION('',(-1.E0,0.E0,0.E0));
#13696=AXIS2_PLACEMENT_3D('',#13693,#13694,#13695);
#13697=PLANE('',#13696);
#13699=ORIENTED_EDGE('',*,*,#13698,.F.);
#13701=ORIENTED_EDGE('',*,*,#13700,.F.);
#13703=ORIENTED_EDGE('',*,*,#13702,.T.);
#13705=ORIENTED_EDGE('',*,*,#13704,.F.);
#13707=ORIENTED_EDGE('',*,*,#13706,.F.);
#13709=ORIENTED_EDGE('',*,*,#13708,.T.);
#13711=ORIENTED_EDGE('',*,*,#13710,.F.);
#13713=ORIENTED_EDGE('',*,*,#13712,.F.);
#13714=ORIENTED_EDGE('',*,*,#13505,.T.);
#13715=ORIENTED_EDGE('',*,*,#13529,.F.);
#13716=ORIENTED_EDGE('',*,*,#13685,.F.);
#13717=ORIENTED_EDGE('',*,*,#9620,.F.);
#13719=ORIENTED_EDGE('',*,*,#13718,.T.);
#13721=ORIENTED_EDGE('',*,*,#13720,.F.);
#13723=ORIENTED_EDGE('',*,*,#13722,.F.);
#13725=ORIENTED_EDGE('',*,*,#13724,.T.);
#13727=ORIENTED_EDGE('',*,*,#13726,.F.);
#13729=ORIENTED_EDGE('',*,*,#13728,.F.);
#13730=ORIENTED_EDGE('',*,*,#10070,.T.);
#13731=ORIENTED_EDGE('',*,*,#10094,.F.);
#13732=EDGE_LOOP('',(#13699,#13701,#13703,#13705,#13707,#13709,#13711,#13713,
#13714,#13715,#13716,#13717,#13719,#13721,#13723,#13725,#13727,#13729,#13730,
#13731));
#13733=FACE_OUTER_BOUND('',#13732,.F.);
#13734=ADVANCED_FACE('',(#13733),#13697,.T.);
#13735=CARTESIAN_POINT('',(0.E0,-3.355E0,-8.35E-1));
#13736=DIRECTION('',(0.E0,-1.E0,0.E0));
#13737=DIRECTION('',(0.E0,0.E0,-1.E0));
#13738=AXIS2_PLACEMENT_3D('',#13735,#13736,#13737);
#13739=PLANE('',#13738);
#13740=ORIENTED_EDGE('',*,*,#13698,.T.);
#13741=ORIENTED_EDGE('',*,*,#10092,.F.);
#13743=ORIENTED_EDGE('',*,*,#13742,.F.);
#13745=ORIENTED_EDGE('',*,*,#13744,.F.);
#13746=EDGE_LOOP('',(#13740,#13741,#13743,#13745));
#13747=FACE_OUTER_BOUND('',#13746,.F.);
#13748=ADVANCED_FACE('',(#13747),#13739,.T.);
#13749=CARTESIAN_POINT('',(0.E0,-3.405E0,6.65E-1));
#13750=DIRECTION('',(0.E0,0.E0,1.E0));
#13751=DIRECTION('',(1.E0,0.E0,0.E0));
#13752=AXIS2_PLACEMENT_3D('',#13749,#13750,#13751);
#13753=PLANE('',#13752);
#13755=ORIENTED_EDGE('',*,*,#13754,.T.);
#13757=ORIENTED_EDGE('',*,*,#13756,.F.);
#13758=ORIENTED_EDGE('',*,*,#13742,.T.);
#13759=ORIENTED_EDGE('',*,*,#10109,.F.);
#13760=EDGE_LOOP('',(#13755,#13757,#13758,#13759));
#13761=FACE_OUTER_BOUND('',#13760,.F.);
#13762=ADVANCED_FACE('',(#13761),#13753,.T.);
#13763=CARTESIAN_POINT('',(0.E0,-3.13E0,8.35E-1));
#13764=DIRECTION('',(0.E0,-7.071067811865E-1,-7.071067811865E-1));
#13765=DIRECTION('',(-1.E0,0.E0,0.E0));
#13766=AXIS2_PLACEMENT_3D('',#13763,#13764,#13765);
#13767=PLANE('',#13766);
#13769=ORIENTED_EDGE('',*,*,#13768,.F.);
#13770=ORIENTED_EDGE('',*,*,#13754,.F.);
#13771=ORIENTED_EDGE('',*,*,#10107,.F.);
#13772=ORIENTED_EDGE('',*,*,#10126,.F.);
#13773=ORIENTED_EDGE('',*,*,#10159,.F.);
#13775=ORIENTED_EDGE('',*,*,#13774,.F.);
#13777=ORIENTED_EDGE('',*,*,#13776,.F.);
#13779=ORIENTED_EDGE('',*,*,#13778,.F.);
#13780=EDGE_LOOP('',(#13769,#13770,#13771,#13772,#13773,#13775,#13777,#13779));
#13781=FACE_OUTER_BOUND('',#13780,.F.);
#13782=ADVANCED_FACE('',(#13781),#13767,.F.);
#13783=CARTESIAN_POINT('',(3.5E-1,-3.405E0,6.65E-1));
#13784=DIRECTION('',(-9.593655015713E-1,0.E0,2.821663239915E-1));
#13785=DIRECTION('',(2.821663239915E-1,0.E0,9.593655015713E-1));
#13786=AXIS2_PLACEMENT_3D('',#13783,#13784,#13785);
#13787=PLANE('',#13786);
#13789=ORIENTED_EDGE('',*,*,#13788,.T.);
#13791=ORIENTED_EDGE('',*,*,#13790,.T.);
#13793=ORIENTED_EDGE('',*,*,#13792,.T.);
#13794=ORIENTED_EDGE('',*,*,#13756,.T.);
#13795=ORIENTED_EDGE('',*,*,#13768,.T.);
#13796=EDGE_LOOP('',(#13789,#13791,#13793,#13794,#13795));
#13797=FACE_OUTER_BOUND('',#13796,.F.);
#13798=ADVANCED_FACE('',(#13797),#13787,.T.);
#13799=CARTESIAN_POINT('',(0.E0,-3.405E0,8.35E-1));
#13800=DIRECTION('',(0.E0,0.E0,1.E0));
#13801=DIRECTION('',(1.E0,0.E0,0.E0));
#13802=AXIS2_PLACEMENT_3D('',#13799,#13800,#13801);
#13803=PLANE('',#13802);
#13805=ORIENTED_EDGE('',*,*,#13804,.F.);
#13807=ORIENTED_EDGE('',*,*,#13806,.T.);
#13808=ORIENTED_EDGE('',*,*,#13788,.F.);
#13809=ORIENTED_EDGE('',*,*,#13778,.T.);
#13811=ORIENTED_EDGE('',*,*,#13810,.T.);
#13813=ORIENTED_EDGE('',*,*,#13812,.T.);
#13814=EDGE_LOOP('',(#13805,#13807,#13808,#13809,#13811,#13813));
#13815=FACE_OUTER_BOUND('',#13814,.F.);
#13816=ADVANCED_FACE('',(#13815),#13803,.T.);
#13817=CARTESIAN_POINT('',(1.17E0,-2.18E0,2.75E-1));
#13818=DIRECTION('',(-1.E0,0.E0,0.E0));
#13819=DIRECTION('',(0.E0,0.E0,1.E0));
#13820=AXIS2_PLACEMENT_3D('',#13817,#13818,#13819);
#13821=PLANE('',#13820);
#13823=ORIENTED_EDGE('',*,*,#13822,.F.);
#13825=ORIENTED_EDGE('',*,*,#13824,.F.);
#13826=ORIENTED_EDGE('',*,*,#13804,.T.);
#13828=ORIENTED_EDGE('',*,*,#13827,.F.);
#13829=ORIENTED_EDGE('',*,*,#13144,.F.);
#13830=ORIENTED_EDGE('',*,*,#13177,.T.);
#13832=ORIENTED_EDGE('',*,*,#13831,.T.);
#13834=ORIENTED_EDGE('',*,*,#13833,.F.);
#13836=ORIENTED_EDGE('',*,*,#13835,.F.);
#13838=ORIENTED_EDGE('',*,*,#13837,.F.);
#13840=ORIENTED_EDGE('',*,*,#13839,.T.);
#13842=ORIENTED_EDGE('',*,*,#13841,.T.);
#13844=ORIENTED_EDGE('',*,*,#13843,.T.);
#13846=ORIENTED_EDGE('',*,*,#13845,.F.);
#13848=ORIENTED_EDGE('',*,*,#13847,.F.);
#13850=ORIENTED_EDGE('',*,*,#13849,.F.);
#13852=ORIENTED_EDGE('',*,*,#13851,.T.);
#13854=ORIENTED_EDGE('',*,*,#13853,.T.);
#13855=EDGE_LOOP('',(#13823,#13825,#13826,#13828,#13829,#13830,#13832,#13834,
#13836,#13838,#13840,#13842,#13844,#13846,#13848,#13850,#13852,#13854));
#13856=FACE_OUTER_BOUND('',#13855,.F.);
#13857=ADVANCED_FACE('',(#13856),#13821,.F.);
#13858=CARTESIAN_POINT('',(0.E0,-1.8E0,2.75E-1));
#13859=DIRECTION('',(0.E0,0.E0,1.E0));
#13860=DIRECTION('',(1.E0,0.E0,0.E0));
#13861=AXIS2_PLACEMENT_3D('',#13858,#13859,#13860);
#13862=PLANE('',#13861);
#13864=ORIENTED_EDGE('',*,*,#13863,.T.);
#13866=ORIENTED_EDGE('',*,*,#13865,.T.);
#13868=ORIENTED_EDGE('',*,*,#13867,.T.);
#13869=ORIENTED_EDGE('',*,*,#13822,.T.);
#13871=ORIENTED_EDGE('',*,*,#13870,.F.);
#13872=ORIENTED_EDGE('',*,*,#13203,.T.);
#13873=EDGE_LOOP('',(#13864,#13866,#13868,#13869,#13871,#13872));
#13874=FACE_OUTER_BOUND('',#13873,.F.);
#13875=ADVANCED_FACE('',(#13874),#13862,.T.);
#13876=CARTESIAN_POINT('',(1.55E0,-2.98E0,-7.85E-1));
#13877=DIRECTION('',(0.E0,1.E0,0.E0));
#13878=DIRECTION('',(0.E0,0.E0,1.E0));
#13879=AXIS2_PLACEMENT_3D('',#13876,#13877,#13878);
#13880=PLANE('',#13879);
#13882=ORIENTED_EDGE('',*,*,#13881,.F.);
#13884=ORIENTED_EDGE('',*,*,#13883,.T.);
#13886=ORIENTED_EDGE('',*,*,#13885,.T.);
#13888=ORIENTED_EDGE('',*,*,#13887,.F.);
#13889=ORIENTED_EDGE('',*,*,#13863,.F.);
#13890=ORIENTED_EDGE('',*,*,#13201,.T.);
#13891=EDGE_LOOP('',(#13882,#13884,#13886,#13888,#13889,#13890));
#13892=FACE_OUTER_BOUND('',#13891,.F.);
#13893=ADVANCED_FACE('',(#13892),#13880,.T.);
#13894=CARTESIAN_POINT('',(1.27E0,-2.93E0,-6.55E-1));
#13895=DIRECTION('',(0.E0,-8.559155419458E-1,-5.171156399256E-1));
#13896=DIRECTION('',(0.E0,-5.171156399256E-1,8.559155419458E-1));
#13897=AXIS2_PLACEMENT_3D('',#13894,#13895,#13896);
#13898=PLANE('',#13897);
#13899=ORIENTED_EDGE('',*,*,#13199,.T.);
#13901=ORIENTED_EDGE('',*,*,#13900,.F.);
#13903=ORIENTED_EDGE('',*,*,#13902,.T.);
#13905=ORIENTED_EDGE('',*,*,#13904,.T.);
#13906=ORIENTED_EDGE('',*,*,#13881,.T.);
#13907=EDGE_LOOP('',(#13899,#13901,#13903,#13905,#13906));
#13908=FACE_OUTER_BOUND('',#13907,.F.);
#13909=ADVANCED_FACE('',(#13908),#13898,.T.);
#13910=CARTESIAN_POINT('',(1.27E0,-2.93E0,-7.35E-1));
#13911=DIRECTION('',(0.E0,-1.E0,0.E0));
#13912=DIRECTION('',(0.E0,0.E0,1.E0));
#13913=AXIS2_PLACEMENT_3D('',#13910,#13911,#13912);
#13914=PLANE('',#13913);
#13916=ORIENTED_EDGE('',*,*,#13915,.F.);
#13917=ORIENTED_EDGE('',*,*,#13900,.T.);
#13918=ORIENTED_EDGE('',*,*,#13197,.T.);
#13920=ORIENTED_EDGE('',*,*,#13919,.F.);
#13922=ORIENTED_EDGE('',*,*,#13921,.T.);
#13924=ORIENTED_EDGE('',*,*,#13923,.F.);
#13926=ORIENTED_EDGE('',*,*,#13925,.F.);
#13928=ORIENTED_EDGE('',*,*,#13927,.F.);
#13929=EDGE_LOOP('',(#13916,#13917,#13918,#13920,#13922,#13924,#13926,#13928));
#13930=FACE_OUTER_BOUND('',#13929,.F.);
#13931=ADVANCED_FACE('',(#13930),#13914,.T.);
#13932=CARTESIAN_POINT('',(1.17E0,-2.63E0,-7.35E-1));
#13933=DIRECTION('',(-1.E0,0.E0,0.E0));
#13934=DIRECTION('',(0.E0,0.E0,-1.E0));
#13935=AXIS2_PLACEMENT_3D('',#13932,#13933,#13934);
#13936=PLANE('',#13935);
#13937=ORIENTED_EDGE('',*,*,#13902,.F.);
#13938=ORIENTED_EDGE('',*,*,#13915,.T.);
#13940=ORIENTED_EDGE('',*,*,#13939,.T.);
#13942=ORIENTED_EDGE('',*,*,#13941,.T.);
#13944=ORIENTED_EDGE('',*,*,#13943,.F.);
#13946=ORIENTED_EDGE('',*,*,#13945,.T.);
#13947=EDGE_LOOP('',(#13937,#13938,#13940,#13942,#13944,#13946));
#13948=FACE_OUTER_BOUND('',#13947,.F.);
#13949=ADVANCED_FACE('',(#13948),#13936,.T.);
#13950=CARTESIAN_POINT('',(1.32E0,-2.63E0,-6.85E-1));
#13951=DIRECTION('',(0.E0,-1.E0,0.E0));
#13952=DIRECTION('',(0.E0,0.E0,1.E0));
#13953=AXIS2_PLACEMENT_3D('',#13950,#13951,#13952);
#13954=CYLINDRICAL_SURFACE('',#13953,1.5E-1);
#13956=ORIENTED_EDGE('',*,*,#13955,.T.);
#13957=ORIENTED_EDGE('',*,*,#13939,.F.);
#13958=ORIENTED_EDGE('',*,*,#13927,.T.);
#13960=ORIENTED_EDGE('',*,*,#13959,.F.);
#13961=EDGE_LOOP('',(#13956,#13957,#13958,#13960));
#13962=FACE_OUTER_BOUND('',#13961,.F.);
#13963=ADVANCED_FACE('',(#13962),#13954,.T.);
#13964=CARTESIAN_POINT('',(1.27E0,-2.53E0,-6.55E-1));
#13965=DIRECTION('',(0.E0,1.E0,2.402493450394E-14));
#13966=DIRECTION('',(0.E0,2.402493450394E-14,-1.E0));
#13967=AXIS2_PLACEMENT_3D('',#13964,#13965,#13966);
#13968=PLANE('',#13967);
#13970=ORIENTED_EDGE('',*,*,#13969,.T.);
#13972=ORIENTED_EDGE('',*,*,#13971,.F.);
#13974=ORIENTED_EDGE('',*,*,#13973,.F.);
#13976=ORIENTED_EDGE('',*,*,#13975,.F.);
#13977=ORIENTED_EDGE('',*,*,#13193,.T.);
#13979=ORIENTED_EDGE('',*,*,#13978,.F.);
#13980=ORIENTED_EDGE('',*,*,#13941,.F.);
#13981=ORIENTED_EDGE('',*,*,#13955,.F.);
#13982=EDGE_LOOP('',(#13970,#13972,#13974,#13976,#13977,#13979,#13980,#13981));
#13983=FACE_OUTER_BOUND('',#13982,.F.);
#13984=ADVANCED_FACE('',(#13983),#13968,.T.);
#13985=CARTESIAN_POINT('',(1.27E0,-2.63E0,-8.35E-1));
#13986=DIRECTION('',(0.E0,0.E0,-1.E0));
#13987=DIRECTION('',(0.E0,-1.E0,0.E0));
#13988=AXIS2_PLACEMENT_3D('',#13985,#13986,#13987);
#13989=PLANE('',#13988);
#13990=ORIENTED_EDGE('',*,*,#13925,.T.);
#13992=ORIENTED_EDGE('',*,*,#13991,.F.);
#13993=ORIENTED_EDGE('',*,*,#13969,.F.);
#13994=ORIENTED_EDGE('',*,*,#13959,.T.);
#13995=EDGE_LOOP('',(#13990,#13992,#13993,#13994));
#13996=FACE_OUTER_BOUND('',#13995,.F.);
#13997=ADVANCED_FACE('',(#13996),#13989,.T.);
#13998=CARTESIAN_POINT('',(1.51E0,-3.34E0,-8.35E-1));
#13999=DIRECTION('',(1.E0,0.E0,0.E0));
#14000=DIRECTION('',(0.E0,0.E0,1.E0));
#14001=AXIS2_PLACEMENT_3D('',#13998,#13999,#14000);
#14002=PLANE('',#14001);
#14003=ORIENTED_EDGE('',*,*,#13971,.T.);
#14004=ORIENTED_EDGE('',*,*,#13991,.T.);
#14005=ORIENTED_EDGE('',*,*,#13923,.T.);
#14007=ORIENTED_EDGE('',*,*,#14006,.T.);
#14008=EDGE_LOOP('',(#14003,#14004,#14005,#14007));
#14009=FACE_OUTER_BOUND('',#14008,.F.);
#14010=ADVANCED_FACE('',(#14009),#14002,.T.);
#14011=CARTESIAN_POINT('',(1.51E0,-2.53E0,-7.35E-1));
#14012=DIRECTION('',(0.E0,0.E0,-1.E0));
#14013=DIRECTION('',(0.E0,-1.E0,0.E0));
#14014=AXIS2_PLACEMENT_3D('',#14011,#14012,#14013);
#14015=PLANE('',#14014);
#14016=ORIENTED_EDGE('',*,*,#13973,.T.);
#14017=ORIENTED_EDGE('',*,*,#14006,.F.);
#14018=ORIENTED_EDGE('',*,*,#13921,.F.);
#14020=ORIENTED_EDGE('',*,*,#14019,.T.);
#14021=EDGE_LOOP('',(#14016,#14017,#14018,#14020));
#14022=FACE_OUTER_BOUND('',#14021,.F.);
#14023=ADVANCED_FACE('',(#14022),#14015,.F.);
#14024=CARTESIAN_POINT('',(1.32E0,-2.63E0,-6.85E-1));
#14025=DIRECTION('',(0.E0,-1.E0,0.E0));
#14026=DIRECTION('',(0.E0,0.E0,1.E0));
#14027=AXIS2_PLACEMENT_3D('',#14024,#14025,#14026);
#14028=CYLINDRICAL_SURFACE('',#14027,5.E-2);
#14029=ORIENTED_EDGE('',*,*,#13919,.T.);
#14030=ORIENTED_EDGE('',*,*,#13195,.F.);
#14031=ORIENTED_EDGE('',*,*,#13975,.T.);
#14032=ORIENTED_EDGE('',*,*,#14019,.F.);
#14033=EDGE_LOOP('',(#14029,#14030,#14031,#14032));
#14034=FACE_OUTER_BOUND('',#14033,.F.);
#14035=ADVANCED_FACE('',(#14034),#14028,.F.);
#14036=CARTESIAN_POINT('',(1.27E0,-2.385E0,-4.15E-1));
#14037=DIRECTION('',(0.E0,8.559155419458E-1,-5.171156399256E-1));
#14038=DIRECTION('',(0.E0,-5.171156399256E-1,-8.559155419458E-1));
#14039=AXIS2_PLACEMENT_3D('',#14036,#14037,#14038);
#14040=PLANE('',#14039);
#14042=ORIENTED_EDGE('',*,*,#14041,.T.);
#14043=ORIENTED_EDGE('',*,*,#13943,.T.);
#14044=ORIENTED_EDGE('',*,*,#13978,.T.);
#14045=ORIENTED_EDGE('',*,*,#13191,.T.);
#14046=ORIENTED_EDGE('',*,*,#13245,.T.);
#14047=EDGE_LOOP('',(#14042,#14043,#14044,#14045,#14046));
#14048=FACE_OUTER_BOUND('',#14047,.F.);
#14049=ADVANCED_FACE('',(#14048),#14040,.T.);
#14050=CARTESIAN_POINT('',(1.17E0,-2.18E0,2.75E-1));
#14051=DIRECTION('',(-1.E0,0.E0,0.E0));
#14052=DIRECTION('',(0.E0,0.E0,1.E0));
#14053=AXIS2_PLACEMENT_3D('',#14050,#14051,#14052);
#14054=PLANE('',#14053);
#14055=ORIENTED_EDGE('',*,*,#13243,.T.);
#14057=ORIENTED_EDGE('',*,*,#14056,.T.);
#14058=ORIENTED_EDGE('',*,*,#14041,.F.);
#14059=EDGE_LOOP('',(#14055,#14057,#14058));
#14060=FACE_OUTER_BOUND('',#14059,.F.);
#14061=ADVANCED_FACE('',(#14060),#14054,.F.);
#14062=CARTESIAN_POINT('',(8.4E-1,-3.405E0,-5.95E-1));
#14063=DIRECTION('',(1.138030519781E-13,0.E0,1.E0));
#14064=DIRECTION('',(1.E0,0.E0,-1.138030519781E-13));
#14065=AXIS2_PLACEMENT_3D('',#14062,#14063,#14064);
#14066=PLANE('',#14065);
#14068=ORIENTED_EDGE('',*,*,#14067,.F.);
#14069=ORIENTED_EDGE('',*,*,#13885,.F.);
#14071=ORIENTED_EDGE('',*,*,#14070,.F.);
#14072=ORIENTED_EDGE('',*,*,#13945,.F.);
#14073=ORIENTED_EDGE('',*,*,#14056,.F.);
#14074=ORIENTED_EDGE('',*,*,#13241,.F.);
#14075=ORIENTED_EDGE('',*,*,#13268,.F.);
#14077=ORIENTED_EDGE('',*,*,#14076,.T.);
#14079=ORIENTED_EDGE('',*,*,#14078,.T.);
#14081=ORIENTED_EDGE('',*,*,#14080,.F.);
#14082=EDGE_LOOP('',(#14068,#14069,#14071,#14072,#14073,#14074,#14075,#14077,
#14079,#14081));
#14083=FACE_OUTER_BOUND('',#14082,.F.);
#14084=ADVANCED_FACE('',(#14083),#14066,.F.);
#14085=CARTESIAN_POINT('',(1.55E0,-3.405E0,8.35E-1));
#14086=DIRECTION('',(1.E0,0.E0,0.E0));
#14087=DIRECTION('',(0.E0,0.E0,-1.E0));
#14088=AXIS2_PLACEMENT_3D('',#14085,#14086,#14087);
#14089=PLANE('',#14088);
#14090=ORIENTED_EDGE('',*,*,#13865,.F.);
#14091=ORIENTED_EDGE('',*,*,#13887,.T.);
#14092=ORIENTED_EDGE('',*,*,#14067,.T.);
#14094=ORIENTED_EDGE('',*,*,#14093,.T.);
#14095=EDGE_LOOP('',(#14090,#14091,#14092,#14094));
#14096=FACE_OUTER_BOUND('',#14095,.F.);
#14097=ADVANCED_FACE('',(#14096),#14089,.T.);
#14098=CARTESIAN_POINT('',(0.E0,-3.405E0,-8.35E-1));
#14099=DIRECTION('',(0.E0,1.E0,0.E0));
#14100=DIRECTION('',(0.E0,0.E0,1.E0));
#14101=AXIS2_PLACEMENT_3D('',#14098,#14099,#14100);
#14102=PLANE('',#14101);
#14104=ORIENTED_EDGE('',*,*,#14103,.F.);
#14105=ORIENTED_EDGE('',*,*,#13790,.F.);
#14106=ORIENTED_EDGE('',*,*,#13806,.F.);
#14107=ORIENTED_EDGE('',*,*,#13824,.T.);
#14108=ORIENTED_EDGE('',*,*,#13867,.F.);
#14109=ORIENTED_EDGE('',*,*,#14093,.F.);
#14110=ORIENTED_EDGE('',*,*,#14080,.T.);
#14112=ORIENTED_EDGE('',*,*,#14111,.F.);
#14113=ORIENTED_EDGE('',*,*,#13702,.F.);
#14114=EDGE_LOOP('',(#14104,#14105,#14106,#14107,#14108,#14109,#14110,#14112,
#14113));
#14115=FACE_OUTER_BOUND('',#14114,.F.);
#14116=ADVANCED_FACE('',(#14115),#14102,.F.);
#14117=CARTESIAN_POINT('',(3.5E-1,-3.355E0,-7.85E-1));
#14118=DIRECTION('',(1.E0,0.E0,0.E0));
#14119=DIRECTION('',(0.E0,0.E0,-1.E0));
#14120=AXIS2_PLACEMENT_3D('',#14117,#14118,#14119);
#14121=PLANE('',#14120);
#14122=ORIENTED_EDGE('',*,*,#13792,.F.);
#14123=ORIENTED_EDGE('',*,*,#14103,.T.);
#14124=ORIENTED_EDGE('',*,*,#13700,.T.);
#14125=ORIENTED_EDGE('',*,*,#13744,.T.);
#14126=EDGE_LOOP('',(#14122,#14123,#14124,#14125));
#14127=FACE_OUTER_BOUND('',#14126,.F.);
#14128=ADVANCED_FACE('',(#14127),#14121,.F.);
#14129=CARTESIAN_POINT('',(8.4E-1,-3.405E0,-7.85E-1));
#14130=DIRECTION('',(7.071067811865E-1,0.E0,-7.071067811866E-1));
#14131=DIRECTION('',(0.E0,1.E0,0.E0));
#14132=AXIS2_PLACEMENT_3D('',#14129,#14130,#14131);
#14133=PLANE('',#14132);
#14135=ORIENTED_EDGE('',*,*,#14134,.T.);
#14136=ORIENTED_EDGE('',*,*,#13704,.T.);
#14137=ORIENTED_EDGE('',*,*,#14111,.T.);
#14138=ORIENTED_EDGE('',*,*,#14078,.F.);
#14139=EDGE_LOOP('',(#14135,#14136,#14137,#14138));
#14140=FACE_OUTER_BOUND('',#14139,.F.);
#14141=ADVANCED_FACE('',(#14140),#14133,.T.);
#14142=CARTESIAN_POINT('',(0.E0,-2.E0,-8.35E-1));
#14143=DIRECTION('',(0.E0,1.E0,0.E0));
#14144=DIRECTION('',(0.E0,0.E0,1.E0));
#14145=AXIS2_PLACEMENT_3D('',#14142,#14143,#14144);
#14146=PLANE('',#14145);
#14147=ORIENTED_EDGE('',*,*,#13706,.T.);
#14148=ORIENTED_EDGE('',*,*,#14134,.F.);
#14149=ORIENTED_EDGE('',*,*,#14076,.F.);
#14150=ORIENTED_EDGE('',*,*,#13266,.T.);
#14152=ORIENTED_EDGE('',*,*,#14151,.F.);
#14154=ORIENTED_EDGE('',*,*,#14153,.F.);
#14156=ORIENTED_EDGE('',*,*,#14155,.F.);
#14157=EDGE_LOOP('',(#14147,#14148,#14149,#14150,#14152,#14154,#14156));
#14158=FACE_OUTER_BOUND('',#14157,.F.);
#14159=ADVANCED_FACE('',(#14158),#14146,.T.);
#14160=CARTESIAN_POINT('',(1.55E0,-1.6E0,-5.35E-1));
#14161=DIRECTION('',(0.E0,0.E0,1.E0));
#14162=DIRECTION('',(1.E0,0.E0,0.E0));
#14163=AXIS2_PLACEMENT_3D('',#14160,#14161,#14162);
#14164=PLANE('',#14163);
#14166=ORIENTED_EDGE('',*,*,#14165,.T.);
#14167=ORIENTED_EDGE('',*,*,#14151,.T.);
#14168=ORIENTED_EDGE('',*,*,#13264,.T.);
#14170=ORIENTED_EDGE('',*,*,#14169,.F.);
#14171=EDGE_LOOP('',(#14166,#14167,#14168,#14170));
#14172=FACE_OUTER_BOUND('',#14171,.F.);
#14174=ORIENTED_EDGE('',*,*,#14173,.T.);
#14176=ORIENTED_EDGE('',*,*,#14175,.T.);
#14178=ORIENTED_EDGE('',*,*,#14177,.F.);
#14180=ORIENTED_EDGE('',*,*,#14179,.F.);
#14181=EDGE_LOOP('',(#14174,#14176,#14178,#14180));
#14182=FACE_BOUND('',#14181,.F.);
#14184=ORIENTED_EDGE('',*,*,#14183,.T.);
#14186=ORIENTED_EDGE('',*,*,#14185,.T.);
#14188=ORIENTED_EDGE('',*,*,#14187,.F.);
#14190=ORIENTED_EDGE('',*,*,#14189,.F.);
#14191=EDGE_LOOP('',(#14184,#14186,#14188,#14190));
#14192=FACE_BOUND('',#14191,.F.);
#14194=ORIENTED_EDGE('',*,*,#14193,.T.);
#14196=ORIENTED_EDGE('',*,*,#14195,.T.);
#14198=ORIENTED_EDGE('',*,*,#14197,.F.);
#14200=ORIENTED_EDGE('',*,*,#14199,.F.);
#14201=EDGE_LOOP('',(#14194,#14196,#14198,#14200));
#14202=FACE_BOUND('',#14201,.F.);
#14204=ORIENTED_EDGE('',*,*,#14203,.T.);
#14206=ORIENTED_EDGE('',*,*,#14205,.T.);
#14208=ORIENTED_EDGE('',*,*,#14207,.F.);
#14210=ORIENTED_EDGE('',*,*,#14209,.F.);
#14211=EDGE_LOOP('',(#14204,#14206,#14208,#14210));
#14212=FACE_BOUND('',#14211,.F.);
#14214=ORIENTED_EDGE('',*,*,#14213,.T.);
#14216=ORIENTED_EDGE('',*,*,#14215,.T.);
#14218=ORIENTED_EDGE('',*,*,#14217,.F.);
#14220=ORIENTED_EDGE('',*,*,#14219,.F.);
#14221=EDGE_LOOP('',(#14214,#14216,#14218,#14220));
#14222=FACE_BOUND('',#14221,.F.);
#14224=ORIENTED_EDGE('',*,*,#14223,.T.);
#14226=ORIENTED_EDGE('',*,*,#14225,.T.);
#14228=ORIENTED_EDGE('',*,*,#14227,.F.);
#14230=ORIENTED_EDGE('',*,*,#14229,.F.);
#14231=EDGE_LOOP('',(#14224,#14226,#14228,#14230));
#14232=FACE_BOUND('',#14231,.F.);
#14234=ORIENTED_EDGE('',*,*,#14233,.T.);
#14236=ORIENTED_EDGE('',*,*,#14235,.T.);
#14238=ORIENTED_EDGE('',*,*,#14237,.F.);
#14240=ORIENTED_EDGE('',*,*,#14239,.F.);
#14241=EDGE_LOOP('',(#14234,#14236,#14238,#14240));
#14242=FACE_BOUND('',#14241,.F.);
#14244=ORIENTED_EDGE('',*,*,#14243,.T.);
#14246=ORIENTED_EDGE('',*,*,#14245,.T.);
#14248=ORIENTED_EDGE('',*,*,#14247,.F.);
#14250=ORIENTED_EDGE('',*,*,#14249,.F.);
#14251=EDGE_LOOP('',(#14244,#14246,#14248,#14250));
#14252=FACE_BOUND('',#14251,.F.);
#14254=ORIENTED_EDGE('',*,*,#14253,.T.);
#14256=ORIENTED_EDGE('',*,*,#14255,.T.);
#14258=ORIENTED_EDGE('',*,*,#14257,.F.);
#14260=ORIENTED_EDGE('',*,*,#14259,.F.);
#14261=EDGE_LOOP('',(#14254,#14256,#14258,#14260));
#14262=FACE_BOUND('',#14261,.F.);
#14264=ORIENTED_EDGE('',*,*,#14263,.T.);
#14266=ORIENTED_EDGE('',*,*,#14265,.T.);
#14268=ORIENTED_EDGE('',*,*,#14267,.F.);
#14270=ORIENTED_EDGE('',*,*,#14269,.F.);
#14271=EDGE_LOOP('',(#14264,#14266,#14268,#14270));
#14272=FACE_BOUND('',#14271,.F.);
#14273=ADVANCED_FACE('',(#14172,#14182,#14192,#14202,#14212,#14222,#14232,
#14242,#14252,#14262,#14272),#14164,.F.);
#14274=CARTESIAN_POINT('',(2.125333264941E-1,1.475E0,5.25E-1));
#14275=DIRECTION('',(0.E0,1.E0,0.E0));
#14276=DIRECTION('',(0.E0,0.E0,1.E0));
#14277=AXIS2_PLACEMENT_3D('',#14274,#14275,#14276);
#14278=PLANE('',#14277);
#14279=ORIENTED_EDGE('',*,*,#14253,.F.);
#14281=ORIENTED_EDGE('',*,*,#14280,.F.);
#14283=ORIENTED_EDGE('',*,*,#14282,.F.);
#14285=ORIENTED_EDGE('',*,*,#14284,.T.);
#14287=ORIENTED_EDGE('',*,*,#14286,.T.);
#14289=ORIENTED_EDGE('',*,*,#14288,.F.);
#14291=ORIENTED_EDGE('',*,*,#14290,.T.);
#14293=ORIENTED_EDGE('',*,*,#14292,.T.);
#14295=ORIENTED_EDGE('',*,*,#14294,.T.);
#14297=ORIENTED_EDGE('',*,*,#14296,.F.);
#14299=ORIENTED_EDGE('',*,*,#14298,.F.);
#14300=EDGE_LOOP('',(#14279,#14281,#14283,#14285,#14287,#14289,#14291,#14293,
#14295,#14297,#14299));
#14301=FACE_OUTER_BOUND('',#14300,.F.);
#14302=ADVANCED_FACE('',(#14301),#14278,.T.);
#14303=CARTESIAN_POINT('',(1.1375E0,1.325E0,-6.35E-1));
#14304=DIRECTION('',(-1.E0,0.E0,-3.035766082959E-14));
#14305=DIRECTION('',(-3.035766082959E-14,0.E0,1.E0));
#14306=AXIS2_PLACEMENT_3D('',#14303,#14304,#14305);
#14307=PLANE('',#14306);
#14308=ORIENTED_EDGE('',*,*,#14280,.T.);
#14309=ORIENTED_EDGE('',*,*,#14259,.T.);
#14311=ORIENTED_EDGE('',*,*,#14310,.F.);
#14313=ORIENTED_EDGE('',*,*,#14312,.T.);
#14314=EDGE_LOOP('',(#14308,#14309,#14311,#14313));
#14315=FACE_OUTER_BOUND('',#14314,.F.);
#14316=ADVANCED_FACE('',(#14315),#14307,.T.);
#14317=CARTESIAN_POINT('',(2.125333264941E-1,1.325E0,5.25E-1));
#14318=DIRECTION('',(0.E0,1.E0,0.E0));
#14319=DIRECTION('',(0.E0,0.E0,1.E0));
#14320=AXIS2_PLACEMENT_3D('',#14317,#14318,#14319);
#14321=PLANE('',#14320);
#14323=ORIENTED_EDGE('',*,*,#14322,.T.);
#14325=ORIENTED_EDGE('',*,*,#14324,.F.);
#14327=ORIENTED_EDGE('',*,*,#14326,.F.);
#14329=ORIENTED_EDGE('',*,*,#14328,.F.);
#14331=ORIENTED_EDGE('',*,*,#14330,.F.);
#14333=ORIENTED_EDGE('',*,*,#14332,.F.);
#14335=ORIENTED_EDGE('',*,*,#14334,.F.);
#14337=ORIENTED_EDGE('',*,*,#14336,.F.);
#14339=ORIENTED_EDGE('',*,*,#14338,.F.);
#14340=ORIENTED_EDGE('',*,*,#14310,.T.);
#14341=ORIENTED_EDGE('',*,*,#14257,.T.);
#14342=EDGE_LOOP('',(#14323,#14325,#14327,#14329,#14331,#14333,#14335,#14337,
#14339,#14340,#14341));
#14343=FACE_OUTER_BOUND('',#14342,.F.);
#14344=ADVANCED_FACE('',(#14343),#14321,.F.);
#14345=CARTESIAN_POINT('',(1.2875E0,1.325E0,-5.85E-1));
#14346=DIRECTION('',(1.E0,0.E0,0.E0));
#14347=DIRECTION('',(0.E0,0.E0,-1.E0));
#14348=AXIS2_PLACEMENT_3D('',#14345,#14346,#14347);
#14349=PLANE('',#14348);
#14350=ORIENTED_EDGE('',*,*,#14298,.T.);
#14352=ORIENTED_EDGE('',*,*,#14351,.T.);
#14353=ORIENTED_EDGE('',*,*,#14322,.F.);
#14354=ORIENTED_EDGE('',*,*,#14255,.F.);
#14355=EDGE_LOOP('',(#14350,#14352,#14353,#14354));
#14356=FACE_OUTER_BOUND('',#14355,.F.);
#14357=ADVANCED_FACE('',(#14356),#14349,.T.);
#14358=CARTESIAN_POINT('',(1.3375E0,1.325E0,-6.35E-1));
#14359=DIRECTION('',(0.E0,1.E0,0.E0));
#14360=DIRECTION('',(0.E0,0.E0,1.E0));
#14361=AXIS2_PLACEMENT_3D('',#14358,#14359,#14360);
#14362=CYLINDRICAL_SURFACE('',#14361,5.E-2);
#14363=ORIENTED_EDGE('',*,*,#14296,.T.);
#14365=ORIENTED_EDGE('',*,*,#14364,.F.);
#14366=ORIENTED_EDGE('',*,*,#14324,.T.);
#14367=ORIENTED_EDGE('',*,*,#14351,.F.);
#14368=EDGE_LOOP('',(#14363,#14365,#14366,#14367));
#14369=FACE_OUTER_BOUND('',#14368,.F.);
#14370=ADVANCED_FACE('',(#14369),#14362,.F.);
#14371=CARTESIAN_POINT('',(1.3375E0,1.325E0,-6.85E-1));
#14372=DIRECTION('',(0.E0,0.E0,1.E0));
#14373=DIRECTION('',(1.E0,0.E0,0.E0));
#14374=AXIS2_PLACEMENT_3D('',#14371,#14372,#14373);
#14375=PLANE('',#14374);
#14376=ORIENTED_EDGE('',*,*,#14294,.F.);
#14378=ORIENTED_EDGE('',*,*,#14377,.T.);
#14379=ORIENTED_EDGE('',*,*,#14326,.T.);
#14380=ORIENTED_EDGE('',*,*,#14364,.T.);
#14381=EDGE_LOOP('',(#14376,#14378,#14379,#14380));
#14382=FACE_OUTER_BOUND('',#14381,.F.);
#14383=ADVANCED_FACE('',(#14382),#14375,.T.);
#14384=CARTESIAN_POINT('',(1.6E0,1.325E0,-6.85E-1));
#14385=DIRECTION('',(1.E0,0.E0,0.E0));
#14386=DIRECTION('',(0.E0,0.E0,-1.E0));
#14387=AXIS2_PLACEMENT_3D('',#14384,#14385,#14386);
#14388=PLANE('',#14387);
#14389=ORIENTED_EDGE('',*,*,#14292,.F.);
#14391=ORIENTED_EDGE('',*,*,#14390,.T.);
#14392=ORIENTED_EDGE('',*,*,#14328,.T.);
#14393=ORIENTED_EDGE('',*,*,#14377,.F.);
#14394=EDGE_LOOP('',(#14389,#14391,#14392,#14393));
#14395=FACE_OUTER_BOUND('',#14394,.F.);
#14396=ADVANCED_FACE('',(#14395),#14388,.T.);
#14397=CARTESIAN_POINT('',(1.6E0,1.325E0,-8.35E-1));
#14398=DIRECTION('',(0.E0,0.E0,-1.E0));
#14399=DIRECTION('',(-1.E0,0.E0,0.E0));
#14400=AXIS2_PLACEMENT_3D('',#14397,#14398,#14399);
#14401=PLANE('',#14400);
#14402=ORIENTED_EDGE('',*,*,#14330,.T.);
#14403=ORIENTED_EDGE('',*,*,#14390,.F.);
#14404=ORIENTED_EDGE('',*,*,#14290,.F.);
#14406=ORIENTED_EDGE('',*,*,#14405,.T.);
#14407=EDGE_LOOP('',(#14402,#14403,#14404,#14406));
#14408=FACE_OUTER_BOUND('',#14407,.F.);
#14409=ADVANCED_FACE('',(#14408),#14401,.T.);
#14410=CARTESIAN_POINT('',(1.09E0,1.325E0,-8.35E-1));
#14411=DIRECTION('',(7.071067811865E-1,0.E0,7.071067811865E-1));
#14412=DIRECTION('',(0.E0,1.E0,0.E0));
#14413=AXIS2_PLACEMENT_3D('',#14410,#14411,#14412);
#14414=PLANE('',#14413);
#14415=ORIENTED_EDGE('',*,*,#14332,.T.);
#14416=ORIENTED_EDGE('',*,*,#14405,.F.);
#14417=ORIENTED_EDGE('',*,*,#14288,.T.);
#14419=ORIENTED_EDGE('',*,*,#14418,.F.);
#14420=EDGE_LOOP('',(#14415,#14416,#14417,#14419));
#14421=FACE_OUTER_BOUND('',#14420,.F.);
#14422=ADVANCED_FACE('',(#14421),#14414,.F.);
#14423=CARTESIAN_POINT('',(1.04E0,1.325E0,-8.35E-1));
#14424=DIRECTION('',(-1.E0,0.E0,0.E0));
#14425=DIRECTION('',(0.E0,0.E0,1.E0));
#14426=AXIS2_PLACEMENT_3D('',#14423,#14424,#14425);
#14427=PLANE('',#14426);
#14428=ORIENTED_EDGE('',*,*,#14286,.F.);
#14430=ORIENTED_EDGE('',*,*,#14429,.T.);
#14431=ORIENTED_EDGE('',*,*,#14334,.T.);
#14432=ORIENTED_EDGE('',*,*,#14418,.T.);
#14433=EDGE_LOOP('',(#14428,#14430,#14431,#14432));
#14434=FACE_OUTER_BOUND('',#14433,.F.);
#14435=ADVANCED_FACE('',(#14434),#14427,.T.);
#14436=CARTESIAN_POINT('',(1.04E0,1.325E0,-6.85E-1));
#14437=DIRECTION('',(0.E0,0.E0,1.E0));
#14438=DIRECTION('',(1.E0,0.E0,0.E0));
#14439=AXIS2_PLACEMENT_3D('',#14436,#14437,#14438);
#14440=PLANE('',#14439);
#14441=ORIENTED_EDGE('',*,*,#14284,.F.);
#14443=ORIENTED_EDGE('',*,*,#14442,.T.);
#14444=ORIENTED_EDGE('',*,*,#14336,.T.);
#14445=ORIENTED_EDGE('',*,*,#14429,.F.);
#14446=EDGE_LOOP('',(#14441,#14443,#14444,#14445));
#14447=FACE_OUTER_BOUND('',#14446,.F.);
#14448=ADVANCED_FACE('',(#14447),#14440,.T.);
#14449=CARTESIAN_POINT('',(1.0875E0,1.325E0,-6.35E-1));
#14450=DIRECTION('',(0.E0,1.E0,0.E0));
#14451=DIRECTION('',(0.E0,0.E0,1.E0));
#14452=AXIS2_PLACEMENT_3D('',#14449,#14450,#14451);
#14453=CYLINDRICAL_SURFACE('',#14452,5.E-2);
#14454=ORIENTED_EDGE('',*,*,#14282,.T.);
#14455=ORIENTED_EDGE('',*,*,#14312,.F.);
#14456=ORIENTED_EDGE('',*,*,#14338,.T.);
#14457=ORIENTED_EDGE('',*,*,#14442,.F.);
#14458=EDGE_LOOP('',(#14454,#14455,#14456,#14457));
#14459=FACE_OUTER_BOUND('',#14458,.F.);
#14460=ADVANCED_FACE('',(#14459),#14453,.F.);
#14461=CARTESIAN_POINT('',(2.125333264941E-1,-1.25E-1,5.25E-1));
#14462=DIRECTION('',(0.E0,1.E0,0.E0));
#14463=DIRECTION('',(0.E0,0.E0,1.E0));
#14464=AXIS2_PLACEMENT_3D('',#14461,#14462,#14463);
#14465=PLANE('',#14464);
#14466=ORIENTED_EDGE('',*,*,#14173,.F.);
#14468=ORIENTED_EDGE('',*,*,#14467,.F.);
#14470=ORIENTED_EDGE('',*,*,#14469,.F.);
#14472=ORIENTED_EDGE('',*,*,#14471,.T.);
#14474=ORIENTED_EDGE('',*,*,#14473,.T.);
#14476=ORIENTED_EDGE('',*,*,#14475,.F.);
#14478=ORIENTED_EDGE('',*,*,#14477,.T.);
#14480=ORIENTED_EDGE('',*,*,#14479,.T.);
#14482=ORIENTED_EDGE('',*,*,#14481,.T.);
#14484=ORIENTED_EDGE('',*,*,#14483,.F.);
#14486=ORIENTED_EDGE('',*,*,#14485,.F.);
#14487=EDGE_LOOP('',(#14466,#14468,#14470,#14472,#14474,#14476,#14478,#14480,
#14482,#14484,#14486));
#14488=FACE_OUTER_BOUND('',#14487,.F.);
#14489=ADVANCED_FACE('',(#14488),#14465,.T.);
#14490=CARTESIAN_POINT('',(1.1375E0,-2.75E-1,-6.35E-1));
#14491=DIRECTION('',(-1.E0,0.E0,-3.035766082959E-14));
#14492=DIRECTION('',(-3.035766082959E-14,0.E0,1.E0));
#14493=AXIS2_PLACEMENT_3D('',#14490,#14491,#14492);
#14494=PLANE('',#14493);
#14495=ORIENTED_EDGE('',*,*,#14467,.T.);
#14496=ORIENTED_EDGE('',*,*,#14179,.T.);
#14498=ORIENTED_EDGE('',*,*,#14497,.F.);
#14500=ORIENTED_EDGE('',*,*,#14499,.T.);
#14501=EDGE_LOOP('',(#14495,#14496,#14498,#14500));
#14502=FACE_OUTER_BOUND('',#14501,.F.);
#14503=ADVANCED_FACE('',(#14502),#14494,.T.);
#14504=CARTESIAN_POINT('',(2.125333264941E-1,-2.75E-1,5.25E-1));
#14505=DIRECTION('',(0.E0,1.E0,0.E0));
#14506=DIRECTION('',(0.E0,0.E0,1.E0));
#14507=AXIS2_PLACEMENT_3D('',#14504,#14505,#14506);
#14508=PLANE('',#14507);
#14510=ORIENTED_EDGE('',*,*,#14509,.T.);
#14512=ORIENTED_EDGE('',*,*,#14511,.F.);
#14514=ORIENTED_EDGE('',*,*,#14513,.F.);
#14516=ORIENTED_EDGE('',*,*,#14515,.F.);
#14518=ORIENTED_EDGE('',*,*,#14517,.F.);
#14520=ORIENTED_EDGE('',*,*,#14519,.F.);
#14522=ORIENTED_EDGE('',*,*,#14521,.F.);
#14524=ORIENTED_EDGE('',*,*,#14523,.F.);
#14526=ORIENTED_EDGE('',*,*,#14525,.F.);
#14527=ORIENTED_EDGE('',*,*,#14497,.T.);
#14528=ORIENTED_EDGE('',*,*,#14177,.T.);
#14529=EDGE_LOOP('',(#14510,#14512,#14514,#14516,#14518,#14520,#14522,#14524,
#14526,#14527,#14528));
#14530=FACE_OUTER_BOUND('',#14529,.F.);
#14531=ADVANCED_FACE('',(#14530),#14508,.F.);
#14532=CARTESIAN_POINT('',(1.2875E0,-2.75E-1,-5.85E-1));
#14533=DIRECTION('',(1.E0,0.E0,0.E0));
#14534=DIRECTION('',(0.E0,0.E0,-1.E0));
#14535=AXIS2_PLACEMENT_3D('',#14532,#14533,#14534);
#14536=PLANE('',#14535);
#14537=ORIENTED_EDGE('',*,*,#14485,.T.);
#14539=ORIENTED_EDGE('',*,*,#14538,.T.);
#14540=ORIENTED_EDGE('',*,*,#14509,.F.);
#14541=ORIENTED_EDGE('',*,*,#14175,.F.);
#14542=EDGE_LOOP('',(#14537,#14539,#14540,#14541));
#14543=FACE_OUTER_BOUND('',#14542,.F.);
#14544=ADVANCED_FACE('',(#14543),#14536,.T.);
#14545=CARTESIAN_POINT('',(1.3375E0,-2.75E-1,-6.35E-1));
#14546=DIRECTION('',(0.E0,1.E0,0.E0));
#14547=DIRECTION('',(0.E0,0.E0,1.E0));
#14548=AXIS2_PLACEMENT_3D('',#14545,#14546,#14547);
#14549=CYLINDRICAL_SURFACE('',#14548,5.E-2);
#14550=ORIENTED_EDGE('',*,*,#14483,.T.);
#14552=ORIENTED_EDGE('',*,*,#14551,.F.);
#14553=ORIENTED_EDGE('',*,*,#14511,.T.);
#14554=ORIENTED_EDGE('',*,*,#14538,.F.);
#14555=EDGE_LOOP('',(#14550,#14552,#14553,#14554));
#14556=FACE_OUTER_BOUND('',#14555,.F.);
#14557=ADVANCED_FACE('',(#14556),#14549,.F.);
#14558=CARTESIAN_POINT('',(1.3375E0,-2.75E-1,-6.85E-1));
#14559=DIRECTION('',(0.E0,0.E0,1.E0));
#14560=DIRECTION('',(1.E0,0.E0,0.E0));
#14561=AXIS2_PLACEMENT_3D('',#14558,#14559,#14560);
#14562=PLANE('',#14561);
#14563=ORIENTED_EDGE('',*,*,#14481,.F.);
#14565=ORIENTED_EDGE('',*,*,#14564,.T.);
#14566=ORIENTED_EDGE('',*,*,#14513,.T.);
#14567=ORIENTED_EDGE('',*,*,#14551,.T.);
#14568=EDGE_LOOP('',(#14563,#14565,#14566,#14567));
#14569=FACE_OUTER_BOUND('',#14568,.F.);
#14570=ADVANCED_FACE('',(#14569),#14562,.T.);
#14571=CARTESIAN_POINT('',(1.6E0,-2.75E-1,-6.85E-1));
#14572=DIRECTION('',(1.E0,0.E0,0.E0));
#14573=DIRECTION('',(0.E0,0.E0,-1.E0));
#14574=AXIS2_PLACEMENT_3D('',#14571,#14572,#14573);
#14575=PLANE('',#14574);
#14576=ORIENTED_EDGE('',*,*,#14479,.F.);
#14578=ORIENTED_EDGE('',*,*,#14577,.T.);
#14579=ORIENTED_EDGE('',*,*,#14515,.T.);
#14580=ORIENTED_EDGE('',*,*,#14564,.F.);
#14581=EDGE_LOOP('',(#14576,#14578,#14579,#14580));
#14582=FACE_OUTER_BOUND('',#14581,.F.);
#14583=ADVANCED_FACE('',(#14582),#14575,.T.);
#14584=CARTESIAN_POINT('',(1.6E0,-2.75E-1,-8.35E-1));
#14585=DIRECTION('',(0.E0,0.E0,-1.E0));
#14586=DIRECTION('',(-1.E0,0.E0,0.E0));
#14587=AXIS2_PLACEMENT_3D('',#14584,#14585,#14586);
#14588=PLANE('',#14587);
#14589=ORIENTED_EDGE('',*,*,#14517,.T.);
#14590=ORIENTED_EDGE('',*,*,#14577,.F.);
#14591=ORIENTED_EDGE('',*,*,#14477,.F.);
#14593=ORIENTED_EDGE('',*,*,#14592,.T.);
#14594=EDGE_LOOP('',(#14589,#14590,#14591,#14593));
#14595=FACE_OUTER_BOUND('',#14594,.F.);
#14596=ADVANCED_FACE('',(#14595),#14588,.T.);
#14597=CARTESIAN_POINT('',(1.09E0,-2.75E-1,-8.35E-1));
#14598=DIRECTION('',(7.071067811865E-1,0.E0,7.071067811865E-1));
#14599=DIRECTION('',(0.E0,1.E0,0.E0));
#14600=AXIS2_PLACEMENT_3D('',#14597,#14598,#14599);
#14601=PLANE('',#14600);
#14602=ORIENTED_EDGE('',*,*,#14519,.T.);
#14603=ORIENTED_EDGE('',*,*,#14592,.F.);
#14604=ORIENTED_EDGE('',*,*,#14475,.T.);
#14606=ORIENTED_EDGE('',*,*,#14605,.F.);
#14607=EDGE_LOOP('',(#14602,#14603,#14604,#14606));
#14608=FACE_OUTER_BOUND('',#14607,.F.);
#14609=ADVANCED_FACE('',(#14608),#14601,.F.);
#14610=CARTESIAN_POINT('',(1.04E0,-2.75E-1,-8.35E-1));
#14611=DIRECTION('',(-1.E0,0.E0,0.E0));
#14612=DIRECTION('',(0.E0,0.E0,1.E0));
#14613=AXIS2_PLACEMENT_3D('',#14610,#14611,#14612);
#14614=PLANE('',#14613);
#14615=ORIENTED_EDGE('',*,*,#14473,.F.);
#14617=ORIENTED_EDGE('',*,*,#14616,.T.);
#14618=ORIENTED_EDGE('',*,*,#14521,.T.);
#14619=ORIENTED_EDGE('',*,*,#14605,.T.);
#14620=EDGE_LOOP('',(#14615,#14617,#14618,#14619));
#14621=FACE_OUTER_BOUND('',#14620,.F.);
#14622=ADVANCED_FACE('',(#14621),#14614,.T.);
#14623=CARTESIAN_POINT('',(1.04E0,-2.75E-1,-6.85E-1));
#14624=DIRECTION('',(0.E0,0.E0,1.E0));
#14625=DIRECTION('',(1.E0,0.E0,0.E0));
#14626=AXIS2_PLACEMENT_3D('',#14623,#14624,#14625);
#14627=PLANE('',#14626);
#14628=ORIENTED_EDGE('',*,*,#14471,.F.);
#14630=ORIENTED_EDGE('',*,*,#14629,.T.);
#14631=ORIENTED_EDGE('',*,*,#14523,.T.);
#14632=ORIENTED_EDGE('',*,*,#14616,.F.);
#14633=EDGE_LOOP('',(#14628,#14630,#14631,#14632));
#14634=FACE_OUTER_BOUND('',#14633,.F.);
#14635=ADVANCED_FACE('',(#14634),#14627,.T.);
#14636=CARTESIAN_POINT('',(1.0875E0,-2.75E-1,-6.35E-1));
#14637=DIRECTION('',(0.E0,1.E0,0.E0));
#14638=DIRECTION('',(0.E0,0.E0,1.E0));
#14639=AXIS2_PLACEMENT_3D('',#14636,#14637,#14638);
#14640=CYLINDRICAL_SURFACE('',#14639,5.E-2);
#14641=ORIENTED_EDGE('',*,*,#14469,.T.);
#14642=ORIENTED_EDGE('',*,*,#14499,.F.);
#14643=ORIENTED_EDGE('',*,*,#14525,.T.);
#14644=ORIENTED_EDGE('',*,*,#14629,.F.);
#14645=EDGE_LOOP('',(#14641,#14642,#14643,#14644));
#14646=FACE_OUTER_BOUND('',#14645,.F.);
#14647=ADVANCED_FACE('',(#14646),#14640,.F.);
#14648=CARTESIAN_POINT('',(2.125333264941E-1,2.75E-1,5.25E-1));
#14649=DIRECTION('',(0.E0,1.E0,0.E0));
#14650=DIRECTION('',(0.E0,0.E0,1.E0));
#14651=AXIS2_PLACEMENT_3D('',#14648,#14649,#14650);
#14652=PLANE('',#14651);
#14653=ORIENTED_EDGE('',*,*,#14183,.F.);
#14655=ORIENTED_EDGE('',*,*,#14654,.F.);
#14657=ORIENTED_EDGE('',*,*,#14656,.F.);
#14659=ORIENTED_EDGE('',*,*,#14658,.T.);
#14661=ORIENTED_EDGE('',*,*,#14660,.T.);
#14663=ORIENTED_EDGE('',*,*,#14662,.F.);
#14665=ORIENTED_EDGE('',*,*,#14664,.T.);
#14667=ORIENTED_EDGE('',*,*,#14666,.T.);
#14669=ORIENTED_EDGE('',*,*,#14668,.T.);
#14671=ORIENTED_EDGE('',*,*,#14670,.F.);
#14673=ORIENTED_EDGE('',*,*,#14672,.F.);
#14674=EDGE_LOOP('',(#14653,#14655,#14657,#14659,#14661,#14663,#14665,#14667,
#14669,#14671,#14673));
#14675=FACE_OUTER_BOUND('',#14674,.F.);
#14676=ADVANCED_FACE('',(#14675),#14652,.T.);
#14677=CARTESIAN_POINT('',(1.1375E0,1.25E-1,-6.35E-1));
#14678=DIRECTION('',(-1.E0,0.E0,-3.035766082959E-14));
#14679=DIRECTION('',(-3.035766082959E-14,0.E0,1.E0));
#14680=AXIS2_PLACEMENT_3D('',#14677,#14678,#14679);
#14681=PLANE('',#14680);
#14682=ORIENTED_EDGE('',*,*,#14654,.T.);
#14683=ORIENTED_EDGE('',*,*,#14189,.T.);
#14685=ORIENTED_EDGE('',*,*,#14684,.F.);
#14687=ORIENTED_EDGE('',*,*,#14686,.T.);
#14688=EDGE_LOOP('',(#14682,#14683,#14685,#14687));
#14689=FACE_OUTER_BOUND('',#14688,.F.);
#14690=ADVANCED_FACE('',(#14689),#14681,.T.);
#14691=CARTESIAN_POINT('',(2.125333264941E-1,1.25E-1,5.25E-1));
#14692=DIRECTION('',(0.E0,1.E0,0.E0));
#14693=DIRECTION('',(0.E0,0.E0,1.E0));
#14694=AXIS2_PLACEMENT_3D('',#14691,#14692,#14693);
#14695=PLANE('',#14694);
#14697=ORIENTED_EDGE('',*,*,#14696,.T.);
#14699=ORIENTED_EDGE('',*,*,#14698,.F.);
#14701=ORIENTED_EDGE('',*,*,#14700,.F.);
#14703=ORIENTED_EDGE('',*,*,#14702,.F.);
#14705=ORIENTED_EDGE('',*,*,#14704,.F.);
#14707=ORIENTED_EDGE('',*,*,#14706,.F.);
#14709=ORIENTED_EDGE('',*,*,#14708,.F.);
#14711=ORIENTED_EDGE('',*,*,#14710,.F.);
#14713=ORIENTED_EDGE('',*,*,#14712,.F.);
#14714=ORIENTED_EDGE('',*,*,#14684,.T.);
#14715=ORIENTED_EDGE('',*,*,#14187,.T.);
#14716=EDGE_LOOP('',(#14697,#14699,#14701,#14703,#14705,#14707,#14709,#14711,
#14713,#14714,#14715));
#14717=FACE_OUTER_BOUND('',#14716,.F.);
#14718=ADVANCED_FACE('',(#14717),#14695,.F.);
#14719=CARTESIAN_POINT('',(1.2875E0,1.25E-1,-5.85E-1));
#14720=DIRECTION('',(1.E0,0.E0,0.E0));
#14721=DIRECTION('',(0.E0,0.E0,-1.E0));
#14722=AXIS2_PLACEMENT_3D('',#14719,#14720,#14721);
#14723=PLANE('',#14722);
#14724=ORIENTED_EDGE('',*,*,#14672,.T.);
#14726=ORIENTED_EDGE('',*,*,#14725,.T.);
#14727=ORIENTED_EDGE('',*,*,#14696,.F.);
#14728=ORIENTED_EDGE('',*,*,#14185,.F.);
#14729=EDGE_LOOP('',(#14724,#14726,#14727,#14728));
#14730=FACE_OUTER_BOUND('',#14729,.F.);
#14731=ADVANCED_FACE('',(#14730),#14723,.T.);
#14732=CARTESIAN_POINT('',(1.3375E0,1.25E-1,-6.35E-1));
#14733=DIRECTION('',(0.E0,1.E0,0.E0));
#14734=DIRECTION('',(0.E0,0.E0,1.E0));
#14735=AXIS2_PLACEMENT_3D('',#14732,#14733,#14734);
#14736=CYLINDRICAL_SURFACE('',#14735,5.E-2);
#14737=ORIENTED_EDGE('',*,*,#14670,.T.);
#14739=ORIENTED_EDGE('',*,*,#14738,.F.);
#14740=ORIENTED_EDGE('',*,*,#14698,.T.);
#14741=ORIENTED_EDGE('',*,*,#14725,.F.);
#14742=EDGE_LOOP('',(#14737,#14739,#14740,#14741));
#14743=FACE_OUTER_BOUND('',#14742,.F.);
#14744=ADVANCED_FACE('',(#14743),#14736,.F.);
#14745=CARTESIAN_POINT('',(1.3375E0,1.25E-1,-6.85E-1));
#14746=DIRECTION('',(0.E0,0.E0,1.E0));
#14747=DIRECTION('',(1.E0,0.E0,0.E0));
#14748=AXIS2_PLACEMENT_3D('',#14745,#14746,#14747);
#14749=PLANE('',#14748);
#14750=ORIENTED_EDGE('',*,*,#14668,.F.);
#14752=ORIENTED_EDGE('',*,*,#14751,.T.);
#14753=ORIENTED_EDGE('',*,*,#14700,.T.);
#14754=ORIENTED_EDGE('',*,*,#14738,.T.);
#14755=EDGE_LOOP('',(#14750,#14752,#14753,#14754));
#14756=FACE_OUTER_BOUND('',#14755,.F.);
#14757=ADVANCED_FACE('',(#14756),#14749,.T.);
#14758=CARTESIAN_POINT('',(1.6E0,1.25E-1,-6.85E-1));
#14759=DIRECTION('',(1.E0,0.E0,0.E0));
#14760=DIRECTION('',(0.E0,0.E0,-1.E0));
#14761=AXIS2_PLACEMENT_3D('',#14758,#14759,#14760);
#14762=PLANE('',#14761);
#14763=ORIENTED_EDGE('',*,*,#14666,.F.);
#14765=ORIENTED_EDGE('',*,*,#14764,.T.);
#14766=ORIENTED_EDGE('',*,*,#14702,.T.);
#14767=ORIENTED_EDGE('',*,*,#14751,.F.);
#14768=EDGE_LOOP('',(#14763,#14765,#14766,#14767));
#14769=FACE_OUTER_BOUND('',#14768,.F.);
#14770=ADVANCED_FACE('',(#14769),#14762,.T.);
#14771=CARTESIAN_POINT('',(1.6E0,1.25E-1,-8.35E-1));
#14772=DIRECTION('',(0.E0,0.E0,-1.E0));
#14773=DIRECTION('',(-1.E0,0.E0,0.E0));
#14774=AXIS2_PLACEMENT_3D('',#14771,#14772,#14773);
#14775=PLANE('',#14774);
#14776=ORIENTED_EDGE('',*,*,#14704,.T.);
#14777=ORIENTED_EDGE('',*,*,#14764,.F.);
#14778=ORIENTED_EDGE('',*,*,#14664,.F.);
#14780=ORIENTED_EDGE('',*,*,#14779,.T.);
#14781=EDGE_LOOP('',(#14776,#14777,#14778,#14780));
#14782=FACE_OUTER_BOUND('',#14781,.F.);
#14783=ADVANCED_FACE('',(#14782),#14775,.T.);
#14784=CARTESIAN_POINT('',(1.09E0,1.25E-1,-8.35E-1));
#14785=DIRECTION('',(7.071067811865E-1,0.E0,7.071067811865E-1));
#14786=DIRECTION('',(0.E0,1.E0,0.E0));
#14787=AXIS2_PLACEMENT_3D('',#14784,#14785,#14786);
#14788=PLANE('',#14787);
#14789=ORIENTED_EDGE('',*,*,#14706,.T.);
#14790=ORIENTED_EDGE('',*,*,#14779,.F.);
#14791=ORIENTED_EDGE('',*,*,#14662,.T.);
#14793=ORIENTED_EDGE('',*,*,#14792,.F.);
#14794=EDGE_LOOP('',(#14789,#14790,#14791,#14793));
#14795=FACE_OUTER_BOUND('',#14794,.F.);
#14796=ADVANCED_FACE('',(#14795),#14788,.F.);
#14797=CARTESIAN_POINT('',(1.04E0,1.25E-1,-8.35E-1));
#14798=DIRECTION('',(-1.E0,0.E0,0.E0));
#14799=DIRECTION('',(0.E0,0.E0,1.E0));
#14800=AXIS2_PLACEMENT_3D('',#14797,#14798,#14799);
#14801=PLANE('',#14800);
#14802=ORIENTED_EDGE('',*,*,#14660,.F.);
#14804=ORIENTED_EDGE('',*,*,#14803,.T.);
#14805=ORIENTED_EDGE('',*,*,#14708,.T.);
#14806=ORIENTED_EDGE('',*,*,#14792,.T.);
#14807=EDGE_LOOP('',(#14802,#14804,#14805,#14806));
#14808=FACE_OUTER_BOUND('',#14807,.F.);
#14809=ADVANCED_FACE('',(#14808),#14801,.T.);
#14810=CARTESIAN_POINT('',(1.04E0,1.25E-1,-6.85E-1));
#14811=DIRECTION('',(0.E0,0.E0,1.E0));
#14812=DIRECTION('',(1.E0,0.E0,0.E0));
#14813=AXIS2_PLACEMENT_3D('',#14810,#14811,#14812);
#14814=PLANE('',#14813);
#14815=ORIENTED_EDGE('',*,*,#14658,.F.);
#14817=ORIENTED_EDGE('',*,*,#14816,.T.);
#14818=ORIENTED_EDGE('',*,*,#14710,.T.);
#14819=ORIENTED_EDGE('',*,*,#14803,.F.);
#14820=EDGE_LOOP('',(#14815,#14817,#14818,#14819));
#14821=FACE_OUTER_BOUND('',#14820,.F.);
#14822=ADVANCED_FACE('',(#14821),#14814,.T.);
#14823=CARTESIAN_POINT('',(1.0875E0,1.25E-1,-6.35E-1));
#14824=DIRECTION('',(0.E0,1.E0,0.E0));
#14825=DIRECTION('',(0.E0,0.E0,1.E0));
#14826=AXIS2_PLACEMENT_3D('',#14823,#14824,#14825);
#14827=CYLINDRICAL_SURFACE('',#14826,5.E-2);
#14828=ORIENTED_EDGE('',*,*,#14656,.T.);
#14829=ORIENTED_EDGE('',*,*,#14686,.F.);
#14830=ORIENTED_EDGE('',*,*,#14712,.T.);
#14831=ORIENTED_EDGE('',*,*,#14816,.F.);
#14832=EDGE_LOOP('',(#14828,#14829,#14830,#14831));
#14833=FACE_OUTER_BOUND('',#14832,.F.);
#14834=ADVANCED_FACE('',(#14833),#14827,.F.);
#14835=CARTESIAN_POINT('',(2.125333264941E-1,-1.325E0,5.25E-1));
#14836=DIRECTION('',(0.E0,1.E0,0.E0));
#14837=DIRECTION('',(0.E0,0.E0,1.E0));
#14838=AXIS2_PLACEMENT_3D('',#14835,#14836,#14837);
#14839=PLANE('',#14838);
#14840=ORIENTED_EDGE('',*,*,#14193,.F.);
#14842=ORIENTED_EDGE('',*,*,#14841,.F.);
#14844=ORIENTED_EDGE('',*,*,#14843,.F.);
#14846=ORIENTED_EDGE('',*,*,#14845,.T.);
#14848=ORIENTED_EDGE('',*,*,#14847,.T.);
#14850=ORIENTED_EDGE('',*,*,#14849,.F.);
#14852=ORIENTED_EDGE('',*,*,#14851,.T.);
#14854=ORIENTED_EDGE('',*,*,#14853,.T.);
#14856=ORIENTED_EDGE('',*,*,#14855,.T.);
#14858=ORIENTED_EDGE('',*,*,#14857,.F.);
#14860=ORIENTED_EDGE('',*,*,#14859,.F.);
#14861=EDGE_LOOP('',(#14840,#14842,#14844,#14846,#14848,#14850,#14852,#14854,
#14856,#14858,#14860));
#14862=FACE_OUTER_BOUND('',#14861,.F.);
#14863=ADVANCED_FACE('',(#14862),#14839,.T.);
#14864=CARTESIAN_POINT('',(1.1375E0,-1.475E0,-6.35E-1));
#14865=DIRECTION('',(-1.E0,0.E0,-3.035766082959E-14));
#14866=DIRECTION('',(-3.035766082959E-14,0.E0,1.E0));
#14867=AXIS2_PLACEMENT_3D('',#14864,#14865,#14866);
#14868=PLANE('',#14867);
#14869=ORIENTED_EDGE('',*,*,#14841,.T.);
#14870=ORIENTED_EDGE('',*,*,#14199,.T.);
#14872=ORIENTED_EDGE('',*,*,#14871,.F.);
#14874=ORIENTED_EDGE('',*,*,#14873,.T.);
#14875=EDGE_LOOP('',(#14869,#14870,#14872,#14874));
#14876=FACE_OUTER_BOUND('',#14875,.F.);
#14877=ADVANCED_FACE('',(#14876),#14868,.T.);
#14878=CARTESIAN_POINT('',(2.125333264941E-1,-1.475E0,5.25E-1));
#14879=DIRECTION('',(0.E0,1.E0,0.E0));
#14880=DIRECTION('',(0.E0,0.E0,1.E0));
#14881=AXIS2_PLACEMENT_3D('',#14878,#14879,#14880);
#14882=PLANE('',#14881);
#14884=ORIENTED_EDGE('',*,*,#14883,.T.);
#14886=ORIENTED_EDGE('',*,*,#14885,.F.);
#14888=ORIENTED_EDGE('',*,*,#14887,.F.);
#14890=ORIENTED_EDGE('',*,*,#14889,.F.);
#14892=ORIENTED_EDGE('',*,*,#14891,.F.);
#14894=ORIENTED_EDGE('',*,*,#14893,.F.);
#14896=ORIENTED_EDGE('',*,*,#14895,.F.);
#14898=ORIENTED_EDGE('',*,*,#14897,.F.);
#14900=ORIENTED_EDGE('',*,*,#14899,.F.);
#14901=ORIENTED_EDGE('',*,*,#14871,.T.);
#14902=ORIENTED_EDGE('',*,*,#14197,.T.);
#14903=EDGE_LOOP('',(#14884,#14886,#14888,#14890,#14892,#14894,#14896,#14898,
#14900,#14901,#14902));
#14904=FACE_OUTER_BOUND('',#14903,.F.);
#14905=ADVANCED_FACE('',(#14904),#14882,.F.);
#14906=CARTESIAN_POINT('',(1.2875E0,-1.475E0,-5.85E-1));
#14907=DIRECTION('',(1.E0,0.E0,0.E0));
#14908=DIRECTION('',(0.E0,0.E0,-1.E0));
#14909=AXIS2_PLACEMENT_3D('',#14906,#14907,#14908);
#14910=PLANE('',#14909);
#14911=ORIENTED_EDGE('',*,*,#14859,.T.);
#14913=ORIENTED_EDGE('',*,*,#14912,.T.);
#14914=ORIENTED_EDGE('',*,*,#14883,.F.);
#14915=ORIENTED_EDGE('',*,*,#14195,.F.);
#14916=EDGE_LOOP('',(#14911,#14913,#14914,#14915));
#14917=FACE_OUTER_BOUND('',#14916,.F.);
#14918=ADVANCED_FACE('',(#14917),#14910,.T.);
#14919=CARTESIAN_POINT('',(1.3375E0,-1.475E0,-6.35E-1));
#14920=DIRECTION('',(0.E0,1.E0,0.E0));
#14921=DIRECTION('',(0.E0,0.E0,1.E0));
#14922=AXIS2_PLACEMENT_3D('',#14919,#14920,#14921);
#14923=CYLINDRICAL_SURFACE('',#14922,5.E-2);
#14924=ORIENTED_EDGE('',*,*,#14857,.T.);
#14926=ORIENTED_EDGE('',*,*,#14925,.F.);
#14927=ORIENTED_EDGE('',*,*,#14885,.T.);
#14928=ORIENTED_EDGE('',*,*,#14912,.F.);
#14929=EDGE_LOOP('',(#14924,#14926,#14927,#14928));
#14930=FACE_OUTER_BOUND('',#14929,.F.);
#14931=ADVANCED_FACE('',(#14930),#14923,.F.);
#14932=CARTESIAN_POINT('',(1.3375E0,-1.475E0,-6.85E-1));
#14933=DIRECTION('',(0.E0,0.E0,1.E0));
#14934=DIRECTION('',(1.E0,0.E0,0.E0));
#14935=AXIS2_PLACEMENT_3D('',#14932,#14933,#14934);
#14936=PLANE('',#14935);
#14937=ORIENTED_EDGE('',*,*,#14855,.F.);
#14939=ORIENTED_EDGE('',*,*,#14938,.T.);
#14940=ORIENTED_EDGE('',*,*,#14887,.T.);
#14941=ORIENTED_EDGE('',*,*,#14925,.T.);
#14942=EDGE_LOOP('',(#14937,#14939,#14940,#14941));
#14943=FACE_OUTER_BOUND('',#14942,.F.);
#14944=ADVANCED_FACE('',(#14943),#14936,.T.);
#14945=CARTESIAN_POINT('',(1.6E0,-1.475E0,-6.85E-1));
#14946=DIRECTION('',(1.E0,0.E0,0.E0));
#14947=DIRECTION('',(0.E0,0.E0,-1.E0));
#14948=AXIS2_PLACEMENT_3D('',#14945,#14946,#14947);
#14949=PLANE('',#14948);
#14950=ORIENTED_EDGE('',*,*,#14853,.F.);
#14952=ORIENTED_EDGE('',*,*,#14951,.T.);
#14953=ORIENTED_EDGE('',*,*,#14889,.T.);
#14954=ORIENTED_EDGE('',*,*,#14938,.F.);
#14955=EDGE_LOOP('',(#14950,#14952,#14953,#14954));
#14956=FACE_OUTER_BOUND('',#14955,.F.);
#14957=ADVANCED_FACE('',(#14956),#14949,.T.);
#14958=CARTESIAN_POINT('',(1.6E0,-1.475E0,-8.35E-1));
#14959=DIRECTION('',(0.E0,0.E0,-1.E0));
#14960=DIRECTION('',(-1.E0,0.E0,0.E0));
#14961=AXIS2_PLACEMENT_3D('',#14958,#14959,#14960);
#14962=PLANE('',#14961);
#14963=ORIENTED_EDGE('',*,*,#14891,.T.);
#14964=ORIENTED_EDGE('',*,*,#14951,.F.);
#14965=ORIENTED_EDGE('',*,*,#14851,.F.);
#14967=ORIENTED_EDGE('',*,*,#14966,.T.);
#14968=EDGE_LOOP('',(#14963,#14964,#14965,#14967));
#14969=FACE_OUTER_BOUND('',#14968,.F.);
#14970=ADVANCED_FACE('',(#14969),#14962,.T.);
#14971=CARTESIAN_POINT('',(1.09E0,-1.475E0,-8.35E-1));
#14972=DIRECTION('',(7.071067811865E-1,0.E0,7.071067811865E-1));
#14973=DIRECTION('',(0.E0,1.E0,0.E0));
#14974=AXIS2_PLACEMENT_3D('',#14971,#14972,#14973);
#14975=PLANE('',#14974);
#14976=ORIENTED_EDGE('',*,*,#14893,.T.);
#14977=ORIENTED_EDGE('',*,*,#14966,.F.);
#14978=ORIENTED_EDGE('',*,*,#14849,.T.);
#14980=ORIENTED_EDGE('',*,*,#14979,.F.);
#14981=EDGE_LOOP('',(#14976,#14977,#14978,#14980));
#14982=FACE_OUTER_BOUND('',#14981,.F.);
#14983=ADVANCED_FACE('',(#14982),#14975,.F.);
#14984=CARTESIAN_POINT('',(1.04E0,-1.475E0,-8.35E-1));
#14985=DIRECTION('',(-1.E0,0.E0,0.E0));
#14986=DIRECTION('',(0.E0,0.E0,1.E0));
#14987=AXIS2_PLACEMENT_3D('',#14984,#14985,#14986);
#14988=PLANE('',#14987);
#14989=ORIENTED_EDGE('',*,*,#14847,.F.);
#14991=ORIENTED_EDGE('',*,*,#14990,.T.);
#14992=ORIENTED_EDGE('',*,*,#14895,.T.);
#14993=ORIENTED_EDGE('',*,*,#14979,.T.);
#14994=EDGE_LOOP('',(#14989,#14991,#14992,#14993));
#14995=FACE_OUTER_BOUND('',#14994,.F.);
#14996=ADVANCED_FACE('',(#14995),#14988,.T.);
#14997=CARTESIAN_POINT('',(1.04E0,-1.475E0,-6.85E-1));
#14998=DIRECTION('',(0.E0,0.E0,1.E0));
#14999=DIRECTION('',(1.E0,0.E0,0.E0));
#15000=AXIS2_PLACEMENT_3D('',#14997,#14998,#14999);
#15001=PLANE('',#15000);
#15002=ORIENTED_EDGE('',*,*,#14845,.F.);
#15004=ORIENTED_EDGE('',*,*,#15003,.T.);
#15005=ORIENTED_EDGE('',*,*,#14897,.T.);
#15006=ORIENTED_EDGE('',*,*,#14990,.F.);
#15007=EDGE_LOOP('',(#15002,#15004,#15005,#15006));
#15008=FACE_OUTER_BOUND('',#15007,.F.);
#15009=ADVANCED_FACE('',(#15008),#15001,.T.);
#15010=CARTESIAN_POINT('',(1.0875E0,-1.475E0,-6.35E-1));
#15011=DIRECTION('',(0.E0,1.E0,0.E0));
#15012=DIRECTION('',(0.E0,0.E0,1.E0));
#15013=AXIS2_PLACEMENT_3D('',#15010,#15011,#15012);
#15014=CYLINDRICAL_SURFACE('',#15013,5.E-2);
#15015=ORIENTED_EDGE('',*,*,#14843,.T.);
#15016=ORIENTED_EDGE('',*,*,#14873,.F.);
#15017=ORIENTED_EDGE('',*,*,#14899,.T.);
#15018=ORIENTED_EDGE('',*,*,#15003,.F.);
#15019=EDGE_LOOP('',(#15015,#15016,#15017,#15018));
#15020=FACE_OUTER_BOUND('',#15019,.F.);
#15021=ADVANCED_FACE('',(#15020),#15014,.F.);
#15022=CARTESIAN_POINT('',(2.125333264941E-1,-9.25E-1,5.25E-1));
#15023=DIRECTION('',(0.E0,1.E0,0.E0));
#15024=DIRECTION('',(0.E0,0.E0,1.E0));
#15025=AXIS2_PLACEMENT_3D('',#15022,#15023,#15024);
#15026=PLANE('',#15025);
#15027=ORIENTED_EDGE('',*,*,#14203,.F.);
#15029=ORIENTED_EDGE('',*,*,#15028,.F.);
#15031=ORIENTED_EDGE('',*,*,#15030,.F.);
#15033=ORIENTED_EDGE('',*,*,#15032,.T.);
#15035=ORIENTED_EDGE('',*,*,#15034,.T.);
#15037=ORIENTED_EDGE('',*,*,#15036,.F.);
#15039=ORIENTED_EDGE('',*,*,#15038,.T.);
#15041=ORIENTED_EDGE('',*,*,#15040,.T.);
#15043=ORIENTED_EDGE('',*,*,#15042,.T.);
#15045=ORIENTED_EDGE('',*,*,#15044,.F.);
#15047=ORIENTED_EDGE('',*,*,#15046,.F.);
#15048=EDGE_LOOP('',(#15027,#15029,#15031,#15033,#15035,#15037,#15039,#15041,
#15043,#15045,#15047));
#15049=FACE_OUTER_BOUND('',#15048,.F.);
#15050=ADVANCED_FACE('',(#15049),#15026,.T.);
#15051=CARTESIAN_POINT('',(1.1375E0,-1.075E0,-6.35E-1));
#15052=DIRECTION('',(-1.E0,0.E0,-3.035766082959E-14));
#15053=DIRECTION('',(-3.035766082959E-14,0.E0,1.E0));
#15054=AXIS2_PLACEMENT_3D('',#15051,#15052,#15053);
#15055=PLANE('',#15054);
#15056=ORIENTED_EDGE('',*,*,#15028,.T.);
#15057=ORIENTED_EDGE('',*,*,#14209,.T.);
#15059=ORIENTED_EDGE('',*,*,#15058,.F.);
#15061=ORIENTED_EDGE('',*,*,#15060,.T.);
#15062=EDGE_LOOP('',(#15056,#15057,#15059,#15061));
#15063=FACE_OUTER_BOUND('',#15062,.F.);
#15064=ADVANCED_FACE('',(#15063),#15055,.T.);
#15065=CARTESIAN_POINT('',(2.125333264941E-1,-1.075E0,5.25E-1));
#15066=DIRECTION('',(0.E0,1.E0,0.E0));
#15067=DIRECTION('',(0.E0,0.E0,1.E0));
#15068=AXIS2_PLACEMENT_3D('',#15065,#15066,#15067);
#15069=PLANE('',#15068);
#15071=ORIENTED_EDGE('',*,*,#15070,.T.);
#15073=ORIENTED_EDGE('',*,*,#15072,.F.);
#15075=ORIENTED_EDGE('',*,*,#15074,.F.);
#15077=ORIENTED_EDGE('',*,*,#15076,.F.);
#15079=ORIENTED_EDGE('',*,*,#15078,.F.);
#15081=ORIENTED_EDGE('',*,*,#15080,.F.);
#15083=ORIENTED_EDGE('',*,*,#15082,.F.);
#15085=ORIENTED_EDGE('',*,*,#15084,.F.);
#15087=ORIENTED_EDGE('',*,*,#15086,.F.);
#15088=ORIENTED_EDGE('',*,*,#15058,.T.);
#15089=ORIENTED_EDGE('',*,*,#14207,.T.);
#15090=EDGE_LOOP('',(#15071,#15073,#15075,#15077,#15079,#15081,#15083,#15085,
#15087,#15088,#15089));
#15091=FACE_OUTER_BOUND('',#15090,.F.);
#15092=ADVANCED_FACE('',(#15091),#15069,.F.);
#15093=CARTESIAN_POINT('',(1.2875E0,-1.075E0,-5.85E-1));
#15094=DIRECTION('',(1.E0,0.E0,0.E0));
#15095=DIRECTION('',(0.E0,0.E0,-1.E0));
#15096=AXIS2_PLACEMENT_3D('',#15093,#15094,#15095);
#15097=PLANE('',#15096);
#15098=ORIENTED_EDGE('',*,*,#15046,.T.);
#15100=ORIENTED_EDGE('',*,*,#15099,.T.);
#15101=ORIENTED_EDGE('',*,*,#15070,.F.);
#15102=ORIENTED_EDGE('',*,*,#14205,.F.);
#15103=EDGE_LOOP('',(#15098,#15100,#15101,#15102));
#15104=FACE_OUTER_BOUND('',#15103,.F.);
#15105=ADVANCED_FACE('',(#15104),#15097,.T.);
#15106=CARTESIAN_POINT('',(1.3375E0,-1.075E0,-6.35E-1));
#15107=DIRECTION('',(0.E0,1.E0,0.E0));
#15108=DIRECTION('',(0.E0,0.E0,1.E0));
#15109=AXIS2_PLACEMENT_3D('',#15106,#15107,#15108);
#15110=CYLINDRICAL_SURFACE('',#15109,5.E-2);
#15111=ORIENTED_EDGE('',*,*,#15044,.T.);
#15113=ORIENTED_EDGE('',*,*,#15112,.F.);
#15114=ORIENTED_EDGE('',*,*,#15072,.T.);
#15115=ORIENTED_EDGE('',*,*,#15099,.F.);
#15116=EDGE_LOOP('',(#15111,#15113,#15114,#15115));
#15117=FACE_OUTER_BOUND('',#15116,.F.);
#15118=ADVANCED_FACE('',(#15117),#15110,.F.);
#15119=CARTESIAN_POINT('',(1.3375E0,-1.075E0,-6.85E-1));
#15120=DIRECTION('',(0.E0,0.E0,1.E0));
#15121=DIRECTION('',(1.E0,0.E0,0.E0));
#15122=AXIS2_PLACEMENT_3D('',#15119,#15120,#15121);
#15123=PLANE('',#15122);
#15124=ORIENTED_EDGE('',*,*,#15042,.F.);
#15126=ORIENTED_EDGE('',*,*,#15125,.T.);
#15127=ORIENTED_EDGE('',*,*,#15074,.T.);
#15128=ORIENTED_EDGE('',*,*,#15112,.T.);
#15129=EDGE_LOOP('',(#15124,#15126,#15127,#15128));
#15130=FACE_OUTER_BOUND('',#15129,.F.);
#15131=ADVANCED_FACE('',(#15130),#15123,.T.);
#15132=CARTESIAN_POINT('',(1.6E0,-1.075E0,-6.85E-1));
#15133=DIRECTION('',(1.E0,0.E0,0.E0));
#15134=DIRECTION('',(0.E0,0.E0,-1.E0));
#15135=AXIS2_PLACEMENT_3D('',#15132,#15133,#15134);
#15136=PLANE('',#15135);
#15137=ORIENTED_EDGE('',*,*,#15040,.F.);
#15139=ORIENTED_EDGE('',*,*,#15138,.T.);
#15140=ORIENTED_EDGE('',*,*,#15076,.T.);
#15141=ORIENTED_EDGE('',*,*,#15125,.F.);
#15142=EDGE_LOOP('',(#15137,#15139,#15140,#15141));
#15143=FACE_OUTER_BOUND('',#15142,.F.);
#15144=ADVANCED_FACE('',(#15143),#15136,.T.);
#15145=CARTESIAN_POINT('',(1.6E0,-1.075E0,-8.35E-1));
#15146=DIRECTION('',(0.E0,0.E0,-1.E0));
#15147=DIRECTION('',(-1.E0,0.E0,0.E0));
#15148=AXIS2_PLACEMENT_3D('',#15145,#15146,#15147);
#15149=PLANE('',#15148);
#15150=ORIENTED_EDGE('',*,*,#15078,.T.);
#15151=ORIENTED_EDGE('',*,*,#15138,.F.);
#15152=ORIENTED_EDGE('',*,*,#15038,.F.);
#15154=ORIENTED_EDGE('',*,*,#15153,.T.);
#15155=EDGE_LOOP('',(#15150,#15151,#15152,#15154));
#15156=FACE_OUTER_BOUND('',#15155,.F.);
#15157=ADVANCED_FACE('',(#15156),#15149,.T.);
#15158=CARTESIAN_POINT('',(1.09E0,-1.075E0,-8.35E-1));
#15159=DIRECTION('',(7.071067811865E-1,0.E0,7.071067811865E-1));
#15160=DIRECTION('',(0.E0,1.E0,0.E0));
#15161=AXIS2_PLACEMENT_3D('',#15158,#15159,#15160);
#15162=PLANE('',#15161);
#15163=ORIENTED_EDGE('',*,*,#15080,.T.);
#15164=ORIENTED_EDGE('',*,*,#15153,.F.);
#15165=ORIENTED_EDGE('',*,*,#15036,.T.);
#15167=ORIENTED_EDGE('',*,*,#15166,.F.);
#15168=EDGE_LOOP('',(#15163,#15164,#15165,#15167));
#15169=FACE_OUTER_BOUND('',#15168,.F.);
#15170=ADVANCED_FACE('',(#15169),#15162,.F.);
#15171=CARTESIAN_POINT('',(1.04E0,-1.075E0,-8.35E-1));
#15172=DIRECTION('',(-1.E0,0.E0,0.E0));
#15173=DIRECTION('',(0.E0,0.E0,1.E0));
#15174=AXIS2_PLACEMENT_3D('',#15171,#15172,#15173);
#15175=PLANE('',#15174);
#15176=ORIENTED_EDGE('',*,*,#15034,.F.);
#15178=ORIENTED_EDGE('',*,*,#15177,.T.);
#15179=ORIENTED_EDGE('',*,*,#15082,.T.);
#15180=ORIENTED_EDGE('',*,*,#15166,.T.);
#15181=EDGE_LOOP('',(#15176,#15178,#15179,#15180));
#15182=FACE_OUTER_BOUND('',#15181,.F.);
#15183=ADVANCED_FACE('',(#15182),#15175,.T.);
#15184=CARTESIAN_POINT('',(1.04E0,-1.075E0,-6.85E-1));
#15185=DIRECTION('',(0.E0,0.E0,1.E0));
#15186=DIRECTION('',(1.E0,0.E0,0.E0));
#15187=AXIS2_PLACEMENT_3D('',#15184,#15185,#15186);
#15188=PLANE('',#15187);
#15189=ORIENTED_EDGE('',*,*,#15032,.F.);
#15191=ORIENTED_EDGE('',*,*,#15190,.T.);
#15192=ORIENTED_EDGE('',*,*,#15084,.T.);
#15193=ORIENTED_EDGE('',*,*,#15177,.F.);
#15194=EDGE_LOOP('',(#15189,#15191,#15192,#15193));
#15195=FACE_OUTER_BOUND('',#15194,.F.);
#15196=ADVANCED_FACE('',(#15195),#15188,.T.);
#15197=CARTESIAN_POINT('',(1.0875E0,-1.075E0,-6.35E-1));
#15198=DIRECTION('',(0.E0,1.E0,0.E0));
#15199=DIRECTION('',(0.E0,0.E0,1.E0));
#15200=AXIS2_PLACEMENT_3D('',#15197,#15198,#15199);
#15201=CYLINDRICAL_SURFACE('',#15200,5.E-2);
#15202=ORIENTED_EDGE('',*,*,#15030,.T.);
#15203=ORIENTED_EDGE('',*,*,#15060,.F.);
#15204=ORIENTED_EDGE('',*,*,#15086,.T.);
#15205=ORIENTED_EDGE('',*,*,#15190,.F.);
#15206=EDGE_LOOP('',(#15202,#15203,#15204,#15205));
#15207=FACE_OUTER_BOUND('',#15206,.F.);
#15208=ADVANCED_FACE('',(#15207),#15201,.F.);
#15209=CARTESIAN_POINT('',(2.125333264941E-1,-5.25E-1,5.25E-1));
#15210=DIRECTION('',(0.E0,1.E0,0.E0));
#15211=DIRECTION('',(0.E0,0.E0,1.E0));
#15212=AXIS2_PLACEMENT_3D('',#15209,#15210,#15211);
#15213=PLANE('',#15212);
#15214=ORIENTED_EDGE('',*,*,#14213,.F.);
#15216=ORIENTED_EDGE('',*,*,#15215,.F.);
#15218=ORIENTED_EDGE('',*,*,#15217,.F.);
#15220=ORIENTED_EDGE('',*,*,#15219,.T.);
#15222=ORIENTED_EDGE('',*,*,#15221,.T.);
#15224=ORIENTED_EDGE('',*,*,#15223,.F.);
#15226=ORIENTED_EDGE('',*,*,#15225,.T.);
#15228=ORIENTED_EDGE('',*,*,#15227,.T.);
#15230=ORIENTED_EDGE('',*,*,#15229,.T.);
#15232=ORIENTED_EDGE('',*,*,#15231,.F.);
#15234=ORIENTED_EDGE('',*,*,#15233,.F.);
#15235=EDGE_LOOP('',(#15214,#15216,#15218,#15220,#15222,#15224,#15226,#15228,
#15230,#15232,#15234));
#15236=FACE_OUTER_BOUND('',#15235,.F.);
#15237=ADVANCED_FACE('',(#15236),#15213,.T.);
#15238=CARTESIAN_POINT('',(1.1375E0,-6.75E-1,-6.35E-1));
#15239=DIRECTION('',(-1.E0,0.E0,-3.035766082959E-14));
#15240=DIRECTION('',(-3.035766082959E-14,0.E0,1.E0));
#15241=AXIS2_PLACEMENT_3D('',#15238,#15239,#15240);
#15242=PLANE('',#15241);
#15243=ORIENTED_EDGE('',*,*,#15215,.T.);
#15244=ORIENTED_EDGE('',*,*,#14219,.T.);
#15246=ORIENTED_EDGE('',*,*,#15245,.F.);
#15248=ORIENTED_EDGE('',*,*,#15247,.T.);
#15249=EDGE_LOOP('',(#15243,#15244,#15246,#15248));
#15250=FACE_OUTER_BOUND('',#15249,.F.);
#15251=ADVANCED_FACE('',(#15250),#15242,.T.);
#15252=CARTESIAN_POINT('',(2.125333264941E-1,-6.75E-1,5.25E-1));
#15253=DIRECTION('',(0.E0,1.E0,0.E0));
#15254=DIRECTION('',(0.E0,0.E0,1.E0));
#15255=AXIS2_PLACEMENT_3D('',#15252,#15253,#15254);
#15256=PLANE('',#15255);
#15258=ORIENTED_EDGE('',*,*,#15257,.T.);
#15260=ORIENTED_EDGE('',*,*,#15259,.F.);
#15262=ORIENTED_EDGE('',*,*,#15261,.F.);
#15264=ORIENTED_EDGE('',*,*,#15263,.F.);
#15266=ORIENTED_EDGE('',*,*,#15265,.F.);
#15268=ORIENTED_EDGE('',*,*,#15267,.F.);
#15270=ORIENTED_EDGE('',*,*,#15269,.F.);
#15272=ORIENTED_EDGE('',*,*,#15271,.F.);
#15274=ORIENTED_EDGE('',*,*,#15273,.F.);
#15275=ORIENTED_EDGE('',*,*,#15245,.T.);
#15276=ORIENTED_EDGE('',*,*,#14217,.T.);
#15277=EDGE_LOOP('',(#15258,#15260,#15262,#15264,#15266,#15268,#15270,#15272,
#15274,#15275,#15276));
#15278=FACE_OUTER_BOUND('',#15277,.F.);
#15279=ADVANCED_FACE('',(#15278),#15256,.F.);
#15280=CARTESIAN_POINT('',(1.2875E0,-6.75E-1,-5.85E-1));
#15281=DIRECTION('',(1.E0,0.E0,0.E0));
#15282=DIRECTION('',(0.E0,0.E0,-1.E0));
#15283=AXIS2_PLACEMENT_3D('',#15280,#15281,#15282);
#15284=PLANE('',#15283);
#15285=ORIENTED_EDGE('',*,*,#15233,.T.);
#15287=ORIENTED_EDGE('',*,*,#15286,.T.);
#15288=ORIENTED_EDGE('',*,*,#15257,.F.);
#15289=ORIENTED_EDGE('',*,*,#14215,.F.);
#15290=EDGE_LOOP('',(#15285,#15287,#15288,#15289));
#15291=FACE_OUTER_BOUND('',#15290,.F.);
#15292=ADVANCED_FACE('',(#15291),#15284,.T.);
#15293=CARTESIAN_POINT('',(1.3375E0,-6.75E-1,-6.35E-1));
#15294=DIRECTION('',(0.E0,1.E0,0.E0));
#15295=DIRECTION('',(0.E0,0.E0,1.E0));
#15296=AXIS2_PLACEMENT_3D('',#15293,#15294,#15295);
#15297=CYLINDRICAL_SURFACE('',#15296,5.E-2);
#15298=ORIENTED_EDGE('',*,*,#15231,.T.);
#15300=ORIENTED_EDGE('',*,*,#15299,.F.);
#15301=ORIENTED_EDGE('',*,*,#15259,.T.);
#15302=ORIENTED_EDGE('',*,*,#15286,.F.);
#15303=EDGE_LOOP('',(#15298,#15300,#15301,#15302));
#15304=FACE_OUTER_BOUND('',#15303,.F.);
#15305=ADVANCED_FACE('',(#15304),#15297,.F.);
#15306=CARTESIAN_POINT('',(1.3375E0,-6.75E-1,-6.85E-1));
#15307=DIRECTION('',(0.E0,0.E0,1.E0));
#15308=DIRECTION('',(1.E0,0.E0,0.E0));
#15309=AXIS2_PLACEMENT_3D('',#15306,#15307,#15308);
#15310=PLANE('',#15309);
#15311=ORIENTED_EDGE('',*,*,#15229,.F.);
#15313=ORIENTED_EDGE('',*,*,#15312,.T.);
#15314=ORIENTED_EDGE('',*,*,#15261,.T.);
#15315=ORIENTED_EDGE('',*,*,#15299,.T.);
#15316=EDGE_LOOP('',(#15311,#15313,#15314,#15315));
#15317=FACE_OUTER_BOUND('',#15316,.F.);
#15318=ADVANCED_FACE('',(#15317),#15310,.T.);
#15319=CARTESIAN_POINT('',(1.6E0,-6.75E-1,-6.85E-1));
#15320=DIRECTION('',(1.E0,0.E0,0.E0));
#15321=DIRECTION('',(0.E0,0.E0,-1.E0));
#15322=AXIS2_PLACEMENT_3D('',#15319,#15320,#15321);
#15323=PLANE('',#15322);
#15324=ORIENTED_EDGE('',*,*,#15227,.F.);
#15326=ORIENTED_EDGE('',*,*,#15325,.T.);
#15327=ORIENTED_EDGE('',*,*,#15263,.T.);
#15328=ORIENTED_EDGE('',*,*,#15312,.F.);
#15329=EDGE_LOOP('',(#15324,#15326,#15327,#15328));
#15330=FACE_OUTER_BOUND('',#15329,.F.);
#15331=ADVANCED_FACE('',(#15330),#15323,.T.);
#15332=CARTESIAN_POINT('',(1.6E0,-6.75E-1,-8.35E-1));
#15333=DIRECTION('',(0.E0,0.E0,-1.E0));
#15334=DIRECTION('',(-1.E0,0.E0,0.E0));
#15335=AXIS2_PLACEMENT_3D('',#15332,#15333,#15334);
#15336=PLANE('',#15335);
#15337=ORIENTED_EDGE('',*,*,#15265,.T.);
#15338=ORIENTED_EDGE('',*,*,#15325,.F.);
#15339=ORIENTED_EDGE('',*,*,#15225,.F.);
#15341=ORIENTED_EDGE('',*,*,#15340,.T.);
#15342=EDGE_LOOP('',(#15337,#15338,#15339,#15341));
#15343=FACE_OUTER_BOUND('',#15342,.F.);
#15344=ADVANCED_FACE('',(#15343),#15336,.T.);
#15345=CARTESIAN_POINT('',(1.09E0,-6.75E-1,-8.35E-1));
#15346=DIRECTION('',(7.071067811865E-1,0.E0,7.071067811865E-1));
#15347=DIRECTION('',(0.E0,1.E0,0.E0));
#15348=AXIS2_PLACEMENT_3D('',#15345,#15346,#15347);
#15349=PLANE('',#15348);
#15350=ORIENTED_EDGE('',*,*,#15267,.T.);
#15351=ORIENTED_EDGE('',*,*,#15340,.F.);
#15352=ORIENTED_EDGE('',*,*,#15223,.T.);
#15354=ORIENTED_EDGE('',*,*,#15353,.F.);
#15355=EDGE_LOOP('',(#15350,#15351,#15352,#15354));
#15356=FACE_OUTER_BOUND('',#15355,.F.);
#15357=ADVANCED_FACE('',(#15356),#15349,.F.);
#15358=CARTESIAN_POINT('',(1.04E0,-6.75E-1,-8.35E-1));
#15359=DIRECTION('',(-1.E0,0.E0,0.E0));
#15360=DIRECTION('',(0.E0,0.E0,1.E0));
#15361=AXIS2_PLACEMENT_3D('',#15358,#15359,#15360);
#15362=PLANE('',#15361);
#15363=ORIENTED_EDGE('',*,*,#15221,.F.);
#15365=ORIENTED_EDGE('',*,*,#15364,.T.);
#15366=ORIENTED_EDGE('',*,*,#15269,.T.);
#15367=ORIENTED_EDGE('',*,*,#15353,.T.);
#15368=EDGE_LOOP('',(#15363,#15365,#15366,#15367));
#15369=FACE_OUTER_BOUND('',#15368,.F.);
#15370=ADVANCED_FACE('',(#15369),#15362,.T.);
#15371=CARTESIAN_POINT('',(1.04E0,-6.75E-1,-6.85E-1));
#15372=DIRECTION('',(0.E0,0.E0,1.E0));
#15373=DIRECTION('',(1.E0,0.E0,0.E0));
#15374=AXIS2_PLACEMENT_3D('',#15371,#15372,#15373);
#15375=PLANE('',#15374);
#15376=ORIENTED_EDGE('',*,*,#15219,.F.);
#15378=ORIENTED_EDGE('',*,*,#15377,.T.);
#15379=ORIENTED_EDGE('',*,*,#15271,.T.);
#15380=ORIENTED_EDGE('',*,*,#15364,.F.);
#15381=EDGE_LOOP('',(#15376,#15378,#15379,#15380));
#15382=FACE_OUTER_BOUND('',#15381,.F.);
#15383=ADVANCED_FACE('',(#15382),#15375,.T.);
#15384=CARTESIAN_POINT('',(1.0875E0,-6.75E-1,-6.35E-1));
#15385=DIRECTION('',(0.E0,1.E0,0.E0));
#15386=DIRECTION('',(0.E0,0.E0,1.E0));
#15387=AXIS2_PLACEMENT_3D('',#15384,#15385,#15386);
#15388=CYLINDRICAL_SURFACE('',#15387,5.E-2);
#15389=ORIENTED_EDGE('',*,*,#15217,.T.);
#15390=ORIENTED_EDGE('',*,*,#15247,.F.);
#15391=ORIENTED_EDGE('',*,*,#15273,.T.);
#15392=ORIENTED_EDGE('',*,*,#15377,.F.);
#15393=EDGE_LOOP('',(#15389,#15390,#15391,#15392));
#15394=FACE_OUTER_BOUND('',#15393,.F.);
#15395=ADVANCED_FACE('',(#15394),#15388,.F.);
#15396=CARTESIAN_POINT('',(2.125333264941E-1,6.75E-1,5.25E-1));
#15397=DIRECTION('',(0.E0,1.E0,0.E0));
#15398=DIRECTION('',(0.E0,0.E0,1.E0));
#15399=AXIS2_PLACEMENT_3D('',#15396,#15397,#15398);
#15400=PLANE('',#15399);
#15401=ORIENTED_EDGE('',*,*,#14223,.F.);
#15403=ORIENTED_EDGE('',*,*,#15402,.F.);
#15405=ORIENTED_EDGE('',*,*,#15404,.F.);
#15407=ORIENTED_EDGE('',*,*,#15406,.T.);
#15409=ORIENTED_EDGE('',*,*,#15408,.T.);
#15411=ORIENTED_EDGE('',*,*,#15410,.F.);
#15413=ORIENTED_EDGE('',*,*,#15412,.T.);
#15415=ORIENTED_EDGE('',*,*,#15414,.T.);
#15417=ORIENTED_EDGE('',*,*,#15416,.T.);
#15419=ORIENTED_EDGE('',*,*,#15418,.F.);
#15421=ORIENTED_EDGE('',*,*,#15420,.F.);
#15422=EDGE_LOOP('',(#15401,#15403,#15405,#15407,#15409,#15411,#15413,#15415,
#15417,#15419,#15421));
#15423=FACE_OUTER_BOUND('',#15422,.F.);
#15424=ADVANCED_FACE('',(#15423),#15400,.T.);
#15425=CARTESIAN_POINT('',(1.1375E0,5.25E-1,-6.35E-1));
#15426=DIRECTION('',(-1.E0,0.E0,-3.035766082959E-14));
#15427=DIRECTION('',(-3.035766082959E-14,0.E0,1.E0));
#15428=AXIS2_PLACEMENT_3D('',#15425,#15426,#15427);
#15429=PLANE('',#15428);
#15430=ORIENTED_EDGE('',*,*,#15402,.T.);
#15431=ORIENTED_EDGE('',*,*,#14229,.T.);
#15433=ORIENTED_EDGE('',*,*,#15432,.F.);
#15435=ORIENTED_EDGE('',*,*,#15434,.T.);
#15436=EDGE_LOOP('',(#15430,#15431,#15433,#15435));
#15437=FACE_OUTER_BOUND('',#15436,.F.);
#15438=ADVANCED_FACE('',(#15437),#15429,.T.);
#15439=CARTESIAN_POINT('',(2.125333264941E-1,5.25E-1,5.25E-1));
#15440=DIRECTION('',(0.E0,1.E0,0.E0));
#15441=DIRECTION('',(0.E0,0.E0,1.E0));
#15442=AXIS2_PLACEMENT_3D('',#15439,#15440,#15441);
#15443=PLANE('',#15442);
#15445=ORIENTED_EDGE('',*,*,#15444,.T.);
#15447=ORIENTED_EDGE('',*,*,#15446,.F.);
#15449=ORIENTED_EDGE('',*,*,#15448,.F.);
#15451=ORIENTED_EDGE('',*,*,#15450,.F.);
#15453=ORIENTED_EDGE('',*,*,#15452,.F.);
#15455=ORIENTED_EDGE('',*,*,#15454,.F.);
#15457=ORIENTED_EDGE('',*,*,#15456,.F.);
#15459=ORIENTED_EDGE('',*,*,#15458,.F.);
#15461=ORIENTED_EDGE('',*,*,#15460,.F.);
#15462=ORIENTED_EDGE('',*,*,#15432,.T.);
#15463=ORIENTED_EDGE('',*,*,#14227,.T.);
#15464=EDGE_LOOP('',(#15445,#15447,#15449,#15451,#15453,#15455,#15457,#15459,
#15461,#15462,#15463));
#15465=FACE_OUTER_BOUND('',#15464,.F.);
#15466=ADVANCED_FACE('',(#15465),#15443,.F.);
#15467=CARTESIAN_POINT('',(1.2875E0,5.25E-1,-5.85E-1));
#15468=DIRECTION('',(1.E0,0.E0,0.E0));
#15469=DIRECTION('',(0.E0,0.E0,-1.E0));
#15470=AXIS2_PLACEMENT_3D('',#15467,#15468,#15469);
#15471=PLANE('',#15470);
#15472=ORIENTED_EDGE('',*,*,#15420,.T.);
#15474=ORIENTED_EDGE('',*,*,#15473,.T.);
#15475=ORIENTED_EDGE('',*,*,#15444,.F.);
#15476=ORIENTED_EDGE('',*,*,#14225,.F.);
#15477=EDGE_LOOP('',(#15472,#15474,#15475,#15476));
#15478=FACE_OUTER_BOUND('',#15477,.F.);
#15479=ADVANCED_FACE('',(#15478),#15471,.T.);
#15480=CARTESIAN_POINT('',(1.3375E0,5.25E-1,-6.35E-1));
#15481=DIRECTION('',(0.E0,1.E0,0.E0));
#15482=DIRECTION('',(0.E0,0.E0,1.E0));
#15483=AXIS2_PLACEMENT_3D('',#15480,#15481,#15482);
#15484=CYLINDRICAL_SURFACE('',#15483,5.E-2);
#15485=ORIENTED_EDGE('',*,*,#15418,.T.);
#15487=ORIENTED_EDGE('',*,*,#15486,.F.);
#15488=ORIENTED_EDGE('',*,*,#15446,.T.);
#15489=ORIENTED_EDGE('',*,*,#15473,.F.);
#15490=EDGE_LOOP('',(#15485,#15487,#15488,#15489));
#15491=FACE_OUTER_BOUND('',#15490,.F.);
#15492=ADVANCED_FACE('',(#15491),#15484,.F.);
#15493=CARTESIAN_POINT('',(1.3375E0,5.25E-1,-6.85E-1));
#15494=DIRECTION('',(0.E0,0.E0,1.E0));
#15495=DIRECTION('',(1.E0,0.E0,0.E0));
#15496=AXIS2_PLACEMENT_3D('',#15493,#15494,#15495);
#15497=PLANE('',#15496);
#15498=ORIENTED_EDGE('',*,*,#15416,.F.);
#15500=ORIENTED_EDGE('',*,*,#15499,.T.);
#15501=ORIENTED_EDGE('',*,*,#15448,.T.);
#15502=ORIENTED_EDGE('',*,*,#15486,.T.);
#15503=EDGE_LOOP('',(#15498,#15500,#15501,#15502));
#15504=FACE_OUTER_BOUND('',#15503,.F.);
#15505=ADVANCED_FACE('',(#15504),#15497,.T.);
#15506=CARTESIAN_POINT('',(1.6E0,5.25E-1,-6.85E-1));
#15507=DIRECTION('',(1.E0,0.E0,0.E0));
#15508=DIRECTION('',(0.E0,0.E0,-1.E0));
#15509=AXIS2_PLACEMENT_3D('',#15506,#15507,#15508);
#15510=PLANE('',#15509);
#15511=ORIENTED_EDGE('',*,*,#15414,.F.);
#15513=ORIENTED_EDGE('',*,*,#15512,.T.);
#15514=ORIENTED_EDGE('',*,*,#15450,.T.);
#15515=ORIENTED_EDGE('',*,*,#15499,.F.);
#15516=EDGE_LOOP('',(#15511,#15513,#15514,#15515));
#15517=FACE_OUTER_BOUND('',#15516,.F.);
#15518=ADVANCED_FACE('',(#15517),#15510,.T.);
#15519=CARTESIAN_POINT('',(1.6E0,5.25E-1,-8.35E-1));
#15520=DIRECTION('',(0.E0,0.E0,-1.E0));
#15521=DIRECTION('',(-1.E0,0.E0,0.E0));
#15522=AXIS2_PLACEMENT_3D('',#15519,#15520,#15521);
#15523=PLANE('',#15522);
#15524=ORIENTED_EDGE('',*,*,#15452,.T.);
#15525=ORIENTED_EDGE('',*,*,#15512,.F.);
#15526=ORIENTED_EDGE('',*,*,#15412,.F.);
#15528=ORIENTED_EDGE('',*,*,#15527,.T.);
#15529=EDGE_LOOP('',(#15524,#15525,#15526,#15528));
#15530=FACE_OUTER_BOUND('',#15529,.F.);
#15531=ADVANCED_FACE('',(#15530),#15523,.T.);
#15532=CARTESIAN_POINT('',(1.09E0,5.25E-1,-8.35E-1));
#15533=DIRECTION('',(7.071067811865E-1,0.E0,7.071067811865E-1));
#15534=DIRECTION('',(0.E0,1.E0,0.E0));
#15535=AXIS2_PLACEMENT_3D('',#15532,#15533,#15534);
#15536=PLANE('',#15535);
#15537=ORIENTED_EDGE('',*,*,#15454,.T.);
#15538=ORIENTED_EDGE('',*,*,#15527,.F.);
#15539=ORIENTED_EDGE('',*,*,#15410,.T.);
#15541=ORIENTED_EDGE('',*,*,#15540,.F.);
#15542=EDGE_LOOP('',(#15537,#15538,#15539,#15541));
#15543=FACE_OUTER_BOUND('',#15542,.F.);
#15544=ADVANCED_FACE('',(#15543),#15536,.F.);
#15545=CARTESIAN_POINT('',(1.04E0,5.25E-1,-8.35E-1));
#15546=DIRECTION('',(-1.E0,0.E0,0.E0));
#15547=DIRECTION('',(0.E0,0.E0,1.E0));
#15548=AXIS2_PLACEMENT_3D('',#15545,#15546,#15547);
#15549=PLANE('',#15548);
#15550=ORIENTED_EDGE('',*,*,#15408,.F.);
#15552=ORIENTED_EDGE('',*,*,#15551,.T.);
#15553=ORIENTED_EDGE('',*,*,#15456,.T.);
#15554=ORIENTED_EDGE('',*,*,#15540,.T.);
#15555=EDGE_LOOP('',(#15550,#15552,#15553,#15554));
#15556=FACE_OUTER_BOUND('',#15555,.F.);
#15557=ADVANCED_FACE('',(#15556),#15549,.T.);
#15558=CARTESIAN_POINT('',(1.04E0,5.25E-1,-6.85E-1));
#15559=DIRECTION('',(0.E0,0.E0,1.E0));
#15560=DIRECTION('',(1.E0,0.E0,0.E0));
#15561=AXIS2_PLACEMENT_3D('',#15558,#15559,#15560);
#15562=PLANE('',#15561);
#15563=ORIENTED_EDGE('',*,*,#15406,.F.);
#15565=ORIENTED_EDGE('',*,*,#15564,.T.);
#15566=ORIENTED_EDGE('',*,*,#15458,.T.);
#15567=ORIENTED_EDGE('',*,*,#15551,.F.);
#15568=EDGE_LOOP('',(#15563,#15565,#15566,#15567));
#15569=FACE_OUTER_BOUND('',#15568,.F.);
#15570=ADVANCED_FACE('',(#15569),#15562,.T.);
#15571=CARTESIAN_POINT('',(1.0875E0,5.25E-1,-6.35E-1));
#15572=DIRECTION('',(0.E0,1.E0,0.E0));
#15573=DIRECTION('',(0.E0,0.E0,1.E0));
#15574=AXIS2_PLACEMENT_3D('',#15571,#15572,#15573);
#15575=CYLINDRICAL_SURFACE('',#15574,5.E-2);
#15576=ORIENTED_EDGE('',*,*,#15404,.T.);
#15577=ORIENTED_EDGE('',*,*,#15434,.F.);
#15578=ORIENTED_EDGE('',*,*,#15460,.T.);
#15579=ORIENTED_EDGE('',*,*,#15564,.F.);
#15580=EDGE_LOOP('',(#15576,#15577,#15578,#15579));
#15581=FACE_OUTER_BOUND('',#15580,.F.);
#15582=ADVANCED_FACE('',(#15581),#15575,.F.);
#15583=CARTESIAN_POINT('',(2.125333264941E-1,1.075E0,5.25E-1));
#15584=DIRECTION('',(0.E0,1.E0,0.E0));
#15585=DIRECTION('',(0.E0,0.E0,1.E0));
#15586=AXIS2_PLACEMENT_3D('',#15583,#15584,#15585);
#15587=PLANE('',#15586);
#15588=ORIENTED_EDGE('',*,*,#14233,.F.);
#15590=ORIENTED_EDGE('',*,*,#15589,.F.);
#15592=ORIENTED_EDGE('',*,*,#15591,.F.);
#15594=ORIENTED_EDGE('',*,*,#15593,.T.);
#15596=ORIENTED_EDGE('',*,*,#15595,.T.);
#15598=ORIENTED_EDGE('',*,*,#15597,.F.);
#15600=ORIENTED_EDGE('',*,*,#15599,.T.);
#15602=ORIENTED_EDGE('',*,*,#15601,.T.);
#15604=ORIENTED_EDGE('',*,*,#15603,.T.);
#15606=ORIENTED_EDGE('',*,*,#15605,.F.);
#15608=ORIENTED_EDGE('',*,*,#15607,.F.);
#15609=EDGE_LOOP('',(#15588,#15590,#15592,#15594,#15596,#15598,#15600,#15602,
#15604,#15606,#15608));
#15610=FACE_OUTER_BOUND('',#15609,.F.);
#15611=ADVANCED_FACE('',(#15610),#15587,.T.);
#15612=CARTESIAN_POINT('',(1.1375E0,9.25E-1,-6.35E-1));
#15613=DIRECTION('',(-1.E0,0.E0,-3.035766082959E-14));
#15614=DIRECTION('',(-3.035766082959E-14,0.E0,1.E0));
#15615=AXIS2_PLACEMENT_3D('',#15612,#15613,#15614);
#15616=PLANE('',#15615);
#15617=ORIENTED_EDGE('',*,*,#15589,.T.);
#15618=ORIENTED_EDGE('',*,*,#14239,.T.);
#15620=ORIENTED_EDGE('',*,*,#15619,.F.);
#15622=ORIENTED_EDGE('',*,*,#15621,.T.);
#15623=EDGE_LOOP('',(#15617,#15618,#15620,#15622));
#15624=FACE_OUTER_BOUND('',#15623,.F.);
#15625=ADVANCED_FACE('',(#15624),#15616,.T.);
#15626=CARTESIAN_POINT('',(2.125333264941E-1,9.25E-1,5.25E-1));
#15627=DIRECTION('',(0.E0,1.E0,0.E0));
#15628=DIRECTION('',(0.E0,0.E0,1.E0));
#15629=AXIS2_PLACEMENT_3D('',#15626,#15627,#15628);
#15630=PLANE('',#15629);
#15632=ORIENTED_EDGE('',*,*,#15631,.T.);
#15634=ORIENTED_EDGE('',*,*,#15633,.F.);
#15636=ORIENTED_EDGE('',*,*,#15635,.F.);
#15638=ORIENTED_EDGE('',*,*,#15637,.F.);
#15640=ORIENTED_EDGE('',*,*,#15639,.F.);
#15642=ORIENTED_EDGE('',*,*,#15641,.F.);
#15644=ORIENTED_EDGE('',*,*,#15643,.F.);
#15646=ORIENTED_EDGE('',*,*,#15645,.F.);
#15648=ORIENTED_EDGE('',*,*,#15647,.F.);
#15649=ORIENTED_EDGE('',*,*,#15619,.T.);
#15650=ORIENTED_EDGE('',*,*,#14237,.T.);
#15651=EDGE_LOOP('',(#15632,#15634,#15636,#15638,#15640,#15642,#15644,#15646,
#15648,#15649,#15650));
#15652=FACE_OUTER_BOUND('',#15651,.F.);
#15653=ADVANCED_FACE('',(#15652),#15630,.F.);
#15654=CARTESIAN_POINT('',(1.2875E0,9.25E-1,-5.85E-1));
#15655=DIRECTION('',(1.E0,0.E0,0.E0));
#15656=DIRECTION('',(0.E0,0.E0,-1.E0));
#15657=AXIS2_PLACEMENT_3D('',#15654,#15655,#15656);
#15658=PLANE('',#15657);
#15659=ORIENTED_EDGE('',*,*,#15607,.T.);
#15661=ORIENTED_EDGE('',*,*,#15660,.T.);
#15662=ORIENTED_EDGE('',*,*,#15631,.F.);
#15663=ORIENTED_EDGE('',*,*,#14235,.F.);
#15664=EDGE_LOOP('',(#15659,#15661,#15662,#15663));
#15665=FACE_OUTER_BOUND('',#15664,.F.);
#15666=ADVANCED_FACE('',(#15665),#15658,.T.);
#15667=CARTESIAN_POINT('',(1.3375E0,9.25E-1,-6.35E-1));
#15668=DIRECTION('',(0.E0,1.E0,0.E0));
#15669=DIRECTION('',(0.E0,0.E0,1.E0));
#15670=AXIS2_PLACEMENT_3D('',#15667,#15668,#15669);
#15671=CYLINDRICAL_SURFACE('',#15670,5.E-2);
#15672=ORIENTED_EDGE('',*,*,#15605,.T.);
#15674=ORIENTED_EDGE('',*,*,#15673,.F.);
#15675=ORIENTED_EDGE('',*,*,#15633,.T.);
#15676=ORIENTED_EDGE('',*,*,#15660,.F.);
#15677=EDGE_LOOP('',(#15672,#15674,#15675,#15676));
#15678=FACE_OUTER_BOUND('',#15677,.F.);
#15679=ADVANCED_FACE('',(#15678),#15671,.F.);
#15680=CARTESIAN_POINT('',(1.3375E0,9.25E-1,-6.85E-1));
#15681=DIRECTION('',(0.E0,0.E0,1.E0));
#15682=DIRECTION('',(1.E0,0.E0,0.E0));
#15683=AXIS2_PLACEMENT_3D('',#15680,#15681,#15682);
#15684=PLANE('',#15683);
#15685=ORIENTED_EDGE('',*,*,#15603,.F.);
#15687=ORIENTED_EDGE('',*,*,#15686,.T.);
#15688=ORIENTED_EDGE('',*,*,#15635,.T.);
#15689=ORIENTED_EDGE('',*,*,#15673,.T.);
#15690=EDGE_LOOP('',(#15685,#15687,#15688,#15689));
#15691=FACE_OUTER_BOUND('',#15690,.F.);
#15692=ADVANCED_FACE('',(#15691),#15684,.T.);
#15693=CARTESIAN_POINT('',(1.6E0,9.25E-1,-6.85E-1));
#15694=DIRECTION('',(1.E0,0.E0,0.E0));
#15695=DIRECTION('',(0.E0,0.E0,-1.E0));
#15696=AXIS2_PLACEMENT_3D('',#15693,#15694,#15695);
#15697=PLANE('',#15696);
#15698=ORIENTED_EDGE('',*,*,#15601,.F.);
#15700=ORIENTED_EDGE('',*,*,#15699,.T.);
#15701=ORIENTED_EDGE('',*,*,#15637,.T.);
#15702=ORIENTED_EDGE('',*,*,#15686,.F.);
#15703=EDGE_LOOP('',(#15698,#15700,#15701,#15702));
#15704=FACE_OUTER_BOUND('',#15703,.F.);
#15705=ADVANCED_FACE('',(#15704),#15697,.T.);
#15706=CARTESIAN_POINT('',(1.6E0,9.25E-1,-8.35E-1));
#15707=DIRECTION('',(0.E0,0.E0,-1.E0));
#15708=DIRECTION('',(-1.E0,0.E0,0.E0));
#15709=AXIS2_PLACEMENT_3D('',#15706,#15707,#15708);
#15710=PLANE('',#15709);
#15711=ORIENTED_EDGE('',*,*,#15639,.T.);
#15712=ORIENTED_EDGE('',*,*,#15699,.F.);
#15713=ORIENTED_EDGE('',*,*,#15599,.F.);
#15715=ORIENTED_EDGE('',*,*,#15714,.T.);
#15716=EDGE_LOOP('',(#15711,#15712,#15713,#15715));
#15717=FACE_OUTER_BOUND('',#15716,.F.);
#15718=ADVANCED_FACE('',(#15717),#15710,.T.);
#15719=CARTESIAN_POINT('',(1.09E0,9.25E-1,-8.35E-1));
#15720=DIRECTION('',(7.071067811865E-1,0.E0,7.071067811865E-1));
#15721=DIRECTION('',(0.E0,1.E0,0.E0));
#15722=AXIS2_PLACEMENT_3D('',#15719,#15720,#15721);
#15723=PLANE('',#15722);
#15724=ORIENTED_EDGE('',*,*,#15641,.T.);
#15725=ORIENTED_EDGE('',*,*,#15714,.F.);
#15726=ORIENTED_EDGE('',*,*,#15597,.T.);
#15728=ORIENTED_EDGE('',*,*,#15727,.F.);
#15729=EDGE_LOOP('',(#15724,#15725,#15726,#15728));
#15730=FACE_OUTER_BOUND('',#15729,.F.);
#15731=ADVANCED_FACE('',(#15730),#15723,.F.);
#15732=CARTESIAN_POINT('',(1.04E0,9.25E-1,-8.35E-1));
#15733=DIRECTION('',(-1.E0,0.E0,0.E0));
#15734=DIRECTION('',(0.E0,0.E0,1.E0));
#15735=AXIS2_PLACEMENT_3D('',#15732,#15733,#15734);
#15736=PLANE('',#15735);
#15737=ORIENTED_EDGE('',*,*,#15595,.F.);
#15739=ORIENTED_EDGE('',*,*,#15738,.T.);
#15740=ORIENTED_EDGE('',*,*,#15643,.T.);
#15741=ORIENTED_EDGE('',*,*,#15727,.T.);
#15742=EDGE_LOOP('',(#15737,#15739,#15740,#15741));
#15743=FACE_OUTER_BOUND('',#15742,.F.);
#15744=ADVANCED_FACE('',(#15743),#15736,.T.);
#15745=CARTESIAN_POINT('',(1.04E0,9.25E-1,-6.85E-1));
#15746=DIRECTION('',(0.E0,0.E0,1.E0));
#15747=DIRECTION('',(1.E0,0.E0,0.E0));
#15748=AXIS2_PLACEMENT_3D('',#15745,#15746,#15747);
#15749=PLANE('',#15748);
#15750=ORIENTED_EDGE('',*,*,#15593,.F.);
#15752=ORIENTED_EDGE('',*,*,#15751,.T.);
#15753=ORIENTED_EDGE('',*,*,#15645,.T.);
#15754=ORIENTED_EDGE('',*,*,#15738,.F.);
#15755=EDGE_LOOP('',(#15750,#15752,#15753,#15754));
#15756=FACE_OUTER_BOUND('',#15755,.F.);
#15757=ADVANCED_FACE('',(#15756),#15749,.T.);
#15758=CARTESIAN_POINT('',(1.0875E0,9.25E-1,-6.35E-1));
#15759=DIRECTION('',(0.E0,1.E0,0.E0));
#15760=DIRECTION('',(0.E0,0.E0,1.E0));
#15761=AXIS2_PLACEMENT_3D('',#15758,#15759,#15760);
#15762=CYLINDRICAL_SURFACE('',#15761,5.E-2);
#15763=ORIENTED_EDGE('',*,*,#15591,.T.);
#15764=ORIENTED_EDGE('',*,*,#15621,.F.);
#15765=ORIENTED_EDGE('',*,*,#15647,.T.);
#15766=ORIENTED_EDGE('',*,*,#15751,.F.);
#15767=EDGE_LOOP('',(#15763,#15764,#15765,#15766));
#15768=FACE_OUTER_BOUND('',#15767,.F.);
#15769=ADVANCED_FACE('',(#15768),#15762,.F.);
#15770=CARTESIAN_POINT('',(2.125333264941E-1,1.875E0,5.25E-1));
#15771=DIRECTION('',(0.E0,1.E0,0.E0));
#15772=DIRECTION('',(0.E0,0.E0,1.E0));
#15773=AXIS2_PLACEMENT_3D('',#15770,#15771,#15772);
#15774=PLANE('',#15773);
#15775=ORIENTED_EDGE('',*,*,#14243,.F.);
#15777=ORIENTED_EDGE('',*,*,#15776,.F.);
#15779=ORIENTED_EDGE('',*,*,#15778,.F.);
#15781=ORIENTED_EDGE('',*,*,#15780,.T.);
#15783=ORIENTED_EDGE('',*,*,#15782,.T.);
#15785=ORIENTED_EDGE('',*,*,#15784,.F.);
#15787=ORIENTED_EDGE('',*,*,#15786,.T.);
#15789=ORIENTED_EDGE('',*,*,#15788,.T.);
#15791=ORIENTED_EDGE('',*,*,#15790,.T.);
#15793=ORIENTED_EDGE('',*,*,#15792,.F.);
#15795=ORIENTED_EDGE('',*,*,#15794,.F.);
#15796=EDGE_LOOP('',(#15775,#15777,#15779,#15781,#15783,#15785,#15787,#15789,
#15791,#15793,#15795));
#15797=FACE_OUTER_BOUND('',#15796,.F.);
#15798=ADVANCED_FACE('',(#15797),#15774,.T.);
#15799=CARTESIAN_POINT('',(1.1375E0,1.725E0,-6.35E-1));
#15800=DIRECTION('',(-1.E0,0.E0,-3.035766082959E-14));
#15801=DIRECTION('',(-3.035766082959E-14,0.E0,1.E0));
#15802=AXIS2_PLACEMENT_3D('',#15799,#15800,#15801);
#15803=PLANE('',#15802);
#15804=ORIENTED_EDGE('',*,*,#15776,.T.);
#15805=ORIENTED_EDGE('',*,*,#14249,.T.);
#15807=ORIENTED_EDGE('',*,*,#15806,.F.);
#15809=ORIENTED_EDGE('',*,*,#15808,.T.);
#15810=EDGE_LOOP('',(#15804,#15805,#15807,#15809));
#15811=FACE_OUTER_BOUND('',#15810,.F.);
#15812=ADVANCED_FACE('',(#15811),#15803,.T.);
#15813=CARTESIAN_POINT('',(2.125333264941E-1,1.725E0,5.25E-1));
#15814=DIRECTION('',(0.E0,1.E0,0.E0));
#15815=DIRECTION('',(0.E0,0.E0,1.E0));
#15816=AXIS2_PLACEMENT_3D('',#15813,#15814,#15815);
#15817=PLANE('',#15816);
#15819=ORIENTED_EDGE('',*,*,#15818,.T.);
#15821=ORIENTED_EDGE('',*,*,#15820,.F.);
#15823=ORIENTED_EDGE('',*,*,#15822,.F.);
#15825=ORIENTED_EDGE('',*,*,#15824,.F.);
#15827=ORIENTED_EDGE('',*,*,#15826,.F.);
#15829=ORIENTED_EDGE('',*,*,#15828,.F.);
#15831=ORIENTED_EDGE('',*,*,#15830,.F.);
#15833=ORIENTED_EDGE('',*,*,#15832,.F.);
#15835=ORIENTED_EDGE('',*,*,#15834,.F.);
#15836=ORIENTED_EDGE('',*,*,#15806,.T.);
#15837=ORIENTED_EDGE('',*,*,#14247,.T.);
#15838=EDGE_LOOP('',(#15819,#15821,#15823,#15825,#15827,#15829,#15831,#15833,
#15835,#15836,#15837));
#15839=FACE_OUTER_BOUND('',#15838,.F.);
#15840=ADVANCED_FACE('',(#15839),#15817,.F.);
#15841=CARTESIAN_POINT('',(1.2875E0,1.725E0,-5.85E-1));
#15842=DIRECTION('',(1.E0,0.E0,0.E0));
#15843=DIRECTION('',(0.E0,0.E0,-1.E0));
#15844=AXIS2_PLACEMENT_3D('',#15841,#15842,#15843);
#15845=PLANE('',#15844);
#15846=ORIENTED_EDGE('',*,*,#15794,.T.);
#15848=ORIENTED_EDGE('',*,*,#15847,.T.);
#15849=ORIENTED_EDGE('',*,*,#15818,.F.);
#15850=ORIENTED_EDGE('',*,*,#14245,.F.);
#15851=EDGE_LOOP('',(#15846,#15848,#15849,#15850));
#15852=FACE_OUTER_BOUND('',#15851,.F.);
#15853=ADVANCED_FACE('',(#15852),#15845,.T.);
#15854=CARTESIAN_POINT('',(1.3375E0,1.725E0,-6.35E-1));
#15855=DIRECTION('',(0.E0,1.E0,0.E0));
#15856=DIRECTION('',(0.E0,0.E0,1.E0));
#15857=AXIS2_PLACEMENT_3D('',#15854,#15855,#15856);
#15858=CYLINDRICAL_SURFACE('',#15857,5.E-2);
#15859=ORIENTED_EDGE('',*,*,#15792,.T.);
#15861=ORIENTED_EDGE('',*,*,#15860,.F.);
#15862=ORIENTED_EDGE('',*,*,#15820,.T.);
#15863=ORIENTED_EDGE('',*,*,#15847,.F.);
#15864=EDGE_LOOP('',(#15859,#15861,#15862,#15863));
#15865=FACE_OUTER_BOUND('',#15864,.F.);
#15866=ADVANCED_FACE('',(#15865),#15858,.F.);
#15867=CARTESIAN_POINT('',(1.3375E0,1.725E0,-6.85E-1));
#15868=DIRECTION('',(0.E0,0.E0,1.E0));
#15869=DIRECTION('',(1.E0,0.E0,0.E0));
#15870=AXIS2_PLACEMENT_3D('',#15867,#15868,#15869);
#15871=PLANE('',#15870);
#15872=ORIENTED_EDGE('',*,*,#15790,.F.);
#15874=ORIENTED_EDGE('',*,*,#15873,.T.);
#15875=ORIENTED_EDGE('',*,*,#15822,.T.);
#15876=ORIENTED_EDGE('',*,*,#15860,.T.);
#15877=EDGE_LOOP('',(#15872,#15874,#15875,#15876));
#15878=FACE_OUTER_BOUND('',#15877,.F.);
#15879=ADVANCED_FACE('',(#15878),#15871,.T.);
#15880=CARTESIAN_POINT('',(1.6E0,1.725E0,-6.85E-1));
#15881=DIRECTION('',(1.E0,0.E0,0.E0));
#15882=DIRECTION('',(0.E0,0.E0,-1.E0));
#15883=AXIS2_PLACEMENT_3D('',#15880,#15881,#15882);
#15884=PLANE('',#15883);
#15885=ORIENTED_EDGE('',*,*,#15788,.F.);
#15887=ORIENTED_EDGE('',*,*,#15886,.T.);
#15888=ORIENTED_EDGE('',*,*,#15824,.T.);
#15889=ORIENTED_EDGE('',*,*,#15873,.F.);
#15890=EDGE_LOOP('',(#15885,#15887,#15888,#15889));
#15891=FACE_OUTER_BOUND('',#15890,.F.);
#15892=ADVANCED_FACE('',(#15891),#15884,.T.);
#15893=CARTESIAN_POINT('',(1.6E0,1.725E0,-8.35E-1));
#15894=DIRECTION('',(0.E0,0.E0,-1.E0));
#15895=DIRECTION('',(-1.E0,0.E0,0.E0));
#15896=AXIS2_PLACEMENT_3D('',#15893,#15894,#15895);
#15897=PLANE('',#15896);
#15898=ORIENTED_EDGE('',*,*,#15826,.T.);
#15899=ORIENTED_EDGE('',*,*,#15886,.F.);
#15900=ORIENTED_EDGE('',*,*,#15786,.F.);
#15902=ORIENTED_EDGE('',*,*,#15901,.T.);
#15903=EDGE_LOOP('',(#15898,#15899,#15900,#15902));
#15904=FACE_OUTER_BOUND('',#15903,.F.);
#15905=ADVANCED_FACE('',(#15904),#15897,.T.);
#15906=CARTESIAN_POINT('',(1.09E0,1.725E0,-8.35E-1));
#15907=DIRECTION('',(7.071067811865E-1,0.E0,7.071067811865E-1));
#15908=DIRECTION('',(0.E0,1.E0,0.E0));
#15909=AXIS2_PLACEMENT_3D('',#15906,#15907,#15908);
#15910=PLANE('',#15909);
#15911=ORIENTED_EDGE('',*,*,#15828,.T.);
#15912=ORIENTED_EDGE('',*,*,#15901,.F.);
#15913=ORIENTED_EDGE('',*,*,#15784,.T.);
#15915=ORIENTED_EDGE('',*,*,#15914,.F.);
#15916=EDGE_LOOP('',(#15911,#15912,#15913,#15915));
#15917=FACE_OUTER_BOUND('',#15916,.F.);
#15918=ADVANCED_FACE('',(#15917),#15910,.F.);
#15919=CARTESIAN_POINT('',(1.04E0,1.725E0,-8.35E-1));
#15920=DIRECTION('',(-1.E0,0.E0,0.E0));
#15921=DIRECTION('',(0.E0,0.E0,1.E0));
#15922=AXIS2_PLACEMENT_3D('',#15919,#15920,#15921);
#15923=PLANE('',#15922);
#15924=ORIENTED_EDGE('',*,*,#15782,.F.);
#15926=ORIENTED_EDGE('',*,*,#15925,.T.);
#15927=ORIENTED_EDGE('',*,*,#15830,.T.);
#15928=ORIENTED_EDGE('',*,*,#15914,.T.);
#15929=EDGE_LOOP('',(#15924,#15926,#15927,#15928));
#15930=FACE_OUTER_BOUND('',#15929,.F.);
#15931=ADVANCED_FACE('',(#15930),#15923,.T.);
#15932=CARTESIAN_POINT('',(1.04E0,1.725E0,-6.85E-1));
#15933=DIRECTION('',(0.E0,0.E0,1.E0));
#15934=DIRECTION('',(1.E0,0.E0,0.E0));
#15935=AXIS2_PLACEMENT_3D('',#15932,#15933,#15934);
#15936=PLANE('',#15935);
#15937=ORIENTED_EDGE('',*,*,#15780,.F.);
#15939=ORIENTED_EDGE('',*,*,#15938,.T.);
#15940=ORIENTED_EDGE('',*,*,#15832,.T.);
#15941=ORIENTED_EDGE('',*,*,#15925,.F.);
#15942=EDGE_LOOP('',(#15937,#15939,#15940,#15941));
#15943=FACE_OUTER_BOUND('',#15942,.F.);
#15944=ADVANCED_FACE('',(#15943),#15936,.T.);
#15945=CARTESIAN_POINT('',(1.0875E0,1.725E0,-6.35E-1));
#15946=DIRECTION('',(0.E0,1.E0,0.E0));
#15947=DIRECTION('',(0.E0,0.E0,1.E0));
#15948=AXIS2_PLACEMENT_3D('',#15945,#15946,#15947);
#15949=CYLINDRICAL_SURFACE('',#15948,5.E-2);
#15950=ORIENTED_EDGE('',*,*,#15778,.T.);
#15951=ORIENTED_EDGE('',*,*,#15808,.F.);
#15952=ORIENTED_EDGE('',*,*,#15834,.T.);
#15953=ORIENTED_EDGE('',*,*,#15938,.F.);
#15954=EDGE_LOOP('',(#15950,#15951,#15952,#15953));
#15955=FACE_OUTER_BOUND('',#15954,.F.);
#15956=ADVANCED_FACE('',(#15955),#15949,.F.);
#15957=CARTESIAN_POINT('',(1.04E0,-1.6E0,-5.35E-1));
#15958=DIRECTION('',(-1.E0,0.E0,0.E0));
#15959=DIRECTION('',(0.E0,0.E0,1.E0));
#15960=AXIS2_PLACEMENT_3D('',#15957,#15958,#15959);
#15961=PLANE('',#15960);
#15962=ORIENTED_EDGE('',*,*,#14153,.T.);
#15963=ORIENTED_EDGE('',*,*,#14165,.F.);
#15965=ORIENTED_EDGE('',*,*,#15964,.F.);
#15967=ORIENTED_EDGE('',*,*,#15966,.T.);
#15968=EDGE_LOOP('',(#15962,#15963,#15965,#15967));
#15969=FACE_OUTER_BOUND('',#15968,.F.);
#15970=ADVANCED_FACE('',(#15969),#15961,.F.);
#15971=CARTESIAN_POINT('',(0.E0,2.E0,-8.35E-1));
#15972=DIRECTION('',(0.E0,-1.E0,0.E0));
#15973=DIRECTION('',(0.E0,0.E0,1.E0));
#15974=AXIS2_PLACEMENT_3D('',#15971,#15972,#15973);
#15975=PLANE('',#15974);
#15976=ORIENTED_EDGE('',*,*,#13262,.T.);
#15977=ORIENTED_EDGE('',*,*,#13472,.F.);
#15979=ORIENTED_EDGE('',*,*,#15978,.F.);
#15980=ORIENTED_EDGE('',*,*,#13710,.T.);
#15982=ORIENTED_EDGE('',*,*,#15981,.F.);
#15983=ORIENTED_EDGE('',*,*,#15964,.T.);
#15984=ORIENTED_EDGE('',*,*,#14169,.T.);
#15985=EDGE_LOOP('',(#15976,#15977,#15979,#15980,#15982,#15983,#15984));
#15986=FACE_OUTER_BOUND('',#15985,.F.);
#15987=ADVANCED_FACE('',(#15986),#15975,.T.);
#15988=CARTESIAN_POINT('',(8.4E-1,3.405E0,-7.85E-1));
#15989=DIRECTION('',(7.071067811865E-1,0.E0,-7.071067811866E-1));
#15990=DIRECTION('',(0.E0,-1.E0,0.E0));
#15991=AXIS2_PLACEMENT_3D('',#15988,#15989,#15990);
#15992=PLANE('',#15991);
#15993=ORIENTED_EDGE('',*,*,#15978,.T.);
#15994=ORIENTED_EDGE('',*,*,#13470,.F.);
#15995=ORIENTED_EDGE('',*,*,#13507,.T.);
#15996=ORIENTED_EDGE('',*,*,#13712,.T.);
#15997=EDGE_LOOP('',(#15993,#15994,#15995,#15996));
#15998=FACE_OUTER_BOUND('',#15997,.F.);
#15999=ADVANCED_FACE('',(#15998),#15992,.T.);
#16000=CARTESIAN_POINT('',(1.04E0,-1.6E0,-5.75E-1));
#16001=DIRECTION('',(7.071067811865E-1,0.E0,-7.071067811865E-1));
#16002=DIRECTION('',(0.E0,-1.E0,0.E0));
#16003=AXIS2_PLACEMENT_3D('',#16000,#16001,#16002);
#16004=PLANE('',#16003);
#16005=ORIENTED_EDGE('',*,*,#14155,.T.);
#16006=ORIENTED_EDGE('',*,*,#15966,.F.);
#16007=ORIENTED_EDGE('',*,*,#15981,.T.);
#16008=ORIENTED_EDGE('',*,*,#13708,.F.);
#16009=EDGE_LOOP('',(#16005,#16006,#16007,#16008));
#16010=FACE_OUTER_BOUND('',#16009,.F.);
#16011=ADVANCED_FACE('',(#16010),#16004,.T.);
#16012=CARTESIAN_POINT('',(2.125333264941E-1,-1.725E0,5.25E-1));
#16013=DIRECTION('',(0.E0,1.E0,0.E0));
#16014=DIRECTION('',(0.E0,0.E0,1.E0));
#16015=AXIS2_PLACEMENT_3D('',#16012,#16013,#16014);
#16016=PLANE('',#16015);
#16017=ORIENTED_EDGE('',*,*,#14263,.F.);
#16019=ORIENTED_EDGE('',*,*,#16018,.F.);
#16021=ORIENTED_EDGE('',*,*,#16020,.F.);
#16023=ORIENTED_EDGE('',*,*,#16022,.T.);
#16025=ORIENTED_EDGE('',*,*,#16024,.T.);
#16027=ORIENTED_EDGE('',*,*,#16026,.F.);
#16029=ORIENTED_EDGE('',*,*,#16028,.T.);
#16031=ORIENTED_EDGE('',*,*,#16030,.T.);
#16033=ORIENTED_EDGE('',*,*,#16032,.T.);
#16035=ORIENTED_EDGE('',*,*,#16034,.F.);
#16037=ORIENTED_EDGE('',*,*,#16036,.F.);
#16038=EDGE_LOOP('',(#16017,#16019,#16021,#16023,#16025,#16027,#16029,#16031,
#16033,#16035,#16037));
#16039=FACE_OUTER_BOUND('',#16038,.F.);
#16040=ADVANCED_FACE('',(#16039),#16016,.T.);
#16041=CARTESIAN_POINT('',(1.1375E0,-1.875E0,-6.35E-1));
#16042=DIRECTION('',(-1.E0,0.E0,-3.035766082959E-14));
#16043=DIRECTION('',(-3.035766082959E-14,0.E0,1.E0));
#16044=AXIS2_PLACEMENT_3D('',#16041,#16042,#16043);
#16045=PLANE('',#16044);
#16046=ORIENTED_EDGE('',*,*,#16018,.T.);
#16047=ORIENTED_EDGE('',*,*,#14269,.T.);
#16049=ORIENTED_EDGE('',*,*,#16048,.F.);
#16051=ORIENTED_EDGE('',*,*,#16050,.T.);
#16052=EDGE_LOOP('',(#16046,#16047,#16049,#16051));
#16053=FACE_OUTER_BOUND('',#16052,.F.);
#16054=ADVANCED_FACE('',(#16053),#16045,.T.);
#16055=CARTESIAN_POINT('',(2.125333264941E-1,-1.875E0,5.25E-1));
#16056=DIRECTION('',(0.E0,1.E0,0.E0));
#16057=DIRECTION('',(0.E0,0.E0,1.E0));
#16058=AXIS2_PLACEMENT_3D('',#16055,#16056,#16057);
#16059=PLANE('',#16058);
#16061=ORIENTED_EDGE('',*,*,#16060,.T.);
#16063=ORIENTED_EDGE('',*,*,#16062,.F.);
#16065=ORIENTED_EDGE('',*,*,#16064,.F.);
#16067=ORIENTED_EDGE('',*,*,#16066,.F.);
#16069=ORIENTED_EDGE('',*,*,#16068,.F.);
#16071=ORIENTED_EDGE('',*,*,#16070,.F.);
#16073=ORIENTED_EDGE('',*,*,#16072,.F.);
#16075=ORIENTED_EDGE('',*,*,#16074,.F.);
#16077=ORIENTED_EDGE('',*,*,#16076,.F.);
#16078=ORIENTED_EDGE('',*,*,#16048,.T.);
#16079=ORIENTED_EDGE('',*,*,#14267,.T.);
#16080=EDGE_LOOP('',(#16061,#16063,#16065,#16067,#16069,#16071,#16073,#16075,
#16077,#16078,#16079));
#16081=FACE_OUTER_BOUND('',#16080,.F.);
#16082=ADVANCED_FACE('',(#16081),#16059,.F.);
#16083=CARTESIAN_POINT('',(1.2875E0,-1.875E0,-5.85E-1));
#16084=DIRECTION('',(1.E0,0.E0,0.E0));
#16085=DIRECTION('',(0.E0,0.E0,-1.E0));
#16086=AXIS2_PLACEMENT_3D('',#16083,#16084,#16085);
#16087=PLANE('',#16086);
#16088=ORIENTED_EDGE('',*,*,#16036,.T.);
#16090=ORIENTED_EDGE('',*,*,#16089,.T.);
#16091=ORIENTED_EDGE('',*,*,#16060,.F.);
#16092=ORIENTED_EDGE('',*,*,#14265,.F.);
#16093=EDGE_LOOP('',(#16088,#16090,#16091,#16092));
#16094=FACE_OUTER_BOUND('',#16093,.F.);
#16095=ADVANCED_FACE('',(#16094),#16087,.T.);
#16096=CARTESIAN_POINT('',(1.3375E0,-1.875E0,-6.35E-1));
#16097=DIRECTION('',(0.E0,1.E0,0.E0));
#16098=DIRECTION('',(0.E0,0.E0,1.E0));
#16099=AXIS2_PLACEMENT_3D('',#16096,#16097,#16098);
#16100=CYLINDRICAL_SURFACE('',#16099,5.E-2);
#16101=ORIENTED_EDGE('',*,*,#16034,.T.);
#16103=ORIENTED_EDGE('',*,*,#16102,.F.);
#16104=ORIENTED_EDGE('',*,*,#16062,.T.);
#16105=ORIENTED_EDGE('',*,*,#16089,.F.);
#16106=EDGE_LOOP('',(#16101,#16103,#16104,#16105));
#16107=FACE_OUTER_BOUND('',#16106,.F.);
#16108=ADVANCED_FACE('',(#16107),#16100,.F.);
#16109=CARTESIAN_POINT('',(1.3375E0,-1.875E0,-6.85E-1));
#16110=DIRECTION('',(0.E0,0.E0,1.E0));
#16111=DIRECTION('',(1.E0,0.E0,0.E0));
#16112=AXIS2_PLACEMENT_3D('',#16109,#16110,#16111);
#16113=PLANE('',#16112);
#16114=ORIENTED_EDGE('',*,*,#16032,.F.);
#16116=ORIENTED_EDGE('',*,*,#16115,.T.);
#16117=ORIENTED_EDGE('',*,*,#16064,.T.);
#16118=ORIENTED_EDGE('',*,*,#16102,.T.);
#16119=EDGE_LOOP('',(#16114,#16116,#16117,#16118));
#16120=FACE_OUTER_BOUND('',#16119,.F.);
#16121=ADVANCED_FACE('',(#16120),#16113,.T.);
#16122=CARTESIAN_POINT('',(1.6E0,-1.875E0,-6.85E-1));
#16123=DIRECTION('',(1.E0,0.E0,0.E0));
#16124=DIRECTION('',(0.E0,0.E0,-1.E0));
#16125=AXIS2_PLACEMENT_3D('',#16122,#16123,#16124);
#16126=PLANE('',#16125);
#16127=ORIENTED_EDGE('',*,*,#16030,.F.);
#16129=ORIENTED_EDGE('',*,*,#16128,.T.);
#16130=ORIENTED_EDGE('',*,*,#16066,.T.);
#16131=ORIENTED_EDGE('',*,*,#16115,.F.);
#16132=EDGE_LOOP('',(#16127,#16129,#16130,#16131));
#16133=FACE_OUTER_BOUND('',#16132,.F.);
#16134=ADVANCED_FACE('',(#16133),#16126,.T.);
#16135=CARTESIAN_POINT('',(1.6E0,-1.875E0,-8.35E-1));
#16136=DIRECTION('',(0.E0,0.E0,-1.E0));
#16137=DIRECTION('',(-1.E0,0.E0,0.E0));
#16138=AXIS2_PLACEMENT_3D('',#16135,#16136,#16137);
#16139=PLANE('',#16138);
#16140=ORIENTED_EDGE('',*,*,#16068,.T.);
#16141=ORIENTED_EDGE('',*,*,#16128,.F.);
#16142=ORIENTED_EDGE('',*,*,#16028,.F.);
#16144=ORIENTED_EDGE('',*,*,#16143,.T.);
#16145=EDGE_LOOP('',(#16140,#16141,#16142,#16144));
#16146=FACE_OUTER_BOUND('',#16145,.F.);
#16147=ADVANCED_FACE('',(#16146),#16139,.T.);
#16148=CARTESIAN_POINT('',(1.09E0,-1.875E0,-8.35E-1));
#16149=DIRECTION('',(7.071067811865E-1,0.E0,7.071067811865E-1));
#16150=DIRECTION('',(0.E0,1.E0,0.E0));
#16151=AXIS2_PLACEMENT_3D('',#16148,#16149,#16150);
#16152=PLANE('',#16151);
#16153=ORIENTED_EDGE('',*,*,#16070,.T.);
#16154=ORIENTED_EDGE('',*,*,#16143,.F.);
#16155=ORIENTED_EDGE('',*,*,#16026,.T.);
#16157=ORIENTED_EDGE('',*,*,#16156,.F.);
#16158=EDGE_LOOP('',(#16153,#16154,#16155,#16157));
#16159=FACE_OUTER_BOUND('',#16158,.F.);
#16160=ADVANCED_FACE('',(#16159),#16152,.F.);
#16161=CARTESIAN_POINT('',(1.04E0,-1.875E0,-8.35E-1));
#16162=DIRECTION('',(-1.E0,0.E0,0.E0));
#16163=DIRECTION('',(0.E0,0.E0,1.E0));
#16164=AXIS2_PLACEMENT_3D('',#16161,#16162,#16163);
#16165=PLANE('',#16164);
#16166=ORIENTED_EDGE('',*,*,#16024,.F.);
#16168=ORIENTED_EDGE('',*,*,#16167,.T.);
#16169=ORIENTED_EDGE('',*,*,#16072,.T.);
#16170=ORIENTED_EDGE('',*,*,#16156,.T.);
#16171=EDGE_LOOP('',(#16166,#16168,#16169,#16170));
#16172=FACE_OUTER_BOUND('',#16171,.F.);
#16173=ADVANCED_FACE('',(#16172),#16165,.T.);
#16174=CARTESIAN_POINT('',(1.04E0,-1.875E0,-6.85E-1));
#16175=DIRECTION('',(0.E0,0.E0,1.E0));
#16176=DIRECTION('',(1.E0,0.E0,0.E0));
#16177=AXIS2_PLACEMENT_3D('',#16174,#16175,#16176);
#16178=PLANE('',#16177);
#16179=ORIENTED_EDGE('',*,*,#16022,.F.);
#16181=ORIENTED_EDGE('',*,*,#16180,.T.);
#16182=ORIENTED_EDGE('',*,*,#16074,.T.);
#16183=ORIENTED_EDGE('',*,*,#16167,.F.);
#16184=EDGE_LOOP('',(#16179,#16181,#16182,#16183));
#16185=FACE_OUTER_BOUND('',#16184,.F.);
#16186=ADVANCED_FACE('',(#16185),#16178,.T.);
#16187=CARTESIAN_POINT('',(1.0875E0,-1.875E0,-6.35E-1));
#16188=DIRECTION('',(0.E0,1.E0,0.E0));
#16189=DIRECTION('',(0.E0,0.E0,1.E0));
#16190=AXIS2_PLACEMENT_3D('',#16187,#16188,#16189);
#16191=CYLINDRICAL_SURFACE('',#16190,5.E-2);
#16192=ORIENTED_EDGE('',*,*,#16020,.T.);
#16193=ORIENTED_EDGE('',*,*,#16050,.F.);
#16194=ORIENTED_EDGE('',*,*,#16076,.T.);
#16195=ORIENTED_EDGE('',*,*,#16180,.F.);
#16196=EDGE_LOOP('',(#16192,#16193,#16194,#16195));
#16197=FACE_OUTER_BOUND('',#16196,.F.);
#16198=ADVANCED_FACE('',(#16197),#16191,.F.);
#16199=CARTESIAN_POINT('',(1.17E0,-2.18E0,2.75E-1));
#16200=DIRECTION('',(-1.E0,0.E0,0.E0));
#16201=DIRECTION('',(0.E0,0.E0,1.E0));
#16202=AXIS2_PLACEMENT_3D('',#16199,#16200,#16201);
#16203=PLANE('',#16202);
#16204=ORIENTED_EDGE('',*,*,#14070,.T.);
#16205=ORIENTED_EDGE('',*,*,#13883,.F.);
#16206=ORIENTED_EDGE('',*,*,#13904,.F.);
#16207=EDGE_LOOP('',(#16204,#16205,#16206));
#16208=FACE_OUTER_BOUND('',#16207,.F.);
#16209=ADVANCED_FACE('',(#16208),#16203,.F.);
#16210=CARTESIAN_POINT('',(1.27E0,-3.08E0,1.05E-1));
#16211=DIRECTION('',(0.E0,-1.E0,0.E0));
#16212=DIRECTION('',(0.E0,0.E0,1.E0));
#16213=AXIS2_PLACEMENT_3D('',#16210,#16211,#16212);
#16214=PLANE('',#16213);
#16215=ORIENTED_EDGE('',*,*,#13853,.F.);
#16217=ORIENTED_EDGE('',*,*,#16216,.T.);
#16218=ORIENTED_EDGE('',*,*,#13205,.T.);
#16219=ORIENTED_EDGE('',*,*,#13870,.T.);
#16220=EDGE_LOOP('',(#16215,#16217,#16218,#16219));
#16221=FACE_OUTER_BOUND('',#16220,.F.);
#16222=ADVANCED_FACE('',(#16221),#16214,.T.);
#16223=CARTESIAN_POINT('',(1.27E0,-3.08E0,3.25E-1));
#16224=DIRECTION('',(0.E0,0.E0,1.E0));
#16225=DIRECTION('',(-1.E0,0.E0,0.E0));
#16226=AXIS2_PLACEMENT_3D('',#16223,#16224,#16225);
#16227=PLANE('',#16226);
#16228=ORIENTED_EDGE('',*,*,#13851,.F.);
#16230=ORIENTED_EDGE('',*,*,#16229,.T.);
#16231=ORIENTED_EDGE('',*,*,#13207,.T.);
#16232=ORIENTED_EDGE('',*,*,#16216,.F.);
#16233=EDGE_LOOP('',(#16228,#16230,#16231,#16232));
#16234=FACE_OUTER_BOUND('',#16233,.F.);
#16235=ADVANCED_FACE('',(#16234),#16227,.T.);
#16236=CARTESIAN_POINT('',(1.27E0,-2.925E0,3.25E-1));
#16237=DIRECTION('',(0.E0,9.459459459459E-1,3.243243243243E-1));
#16238=DIRECTION('',(0.E0,3.243243243243E-1,-9.459459459459E-1));
#16239=AXIS2_PLACEMENT_3D('',#16236,#16237,#16238);
#16240=PLANE('',#16239);
#16241=ORIENTED_EDGE('',*,*,#13849,.T.);
#16243=ORIENTED_EDGE('',*,*,#16242,.T.);
#16244=ORIENTED_EDGE('',*,*,#13209,.T.);
#16245=ORIENTED_EDGE('',*,*,#16229,.F.);
#16246=EDGE_LOOP('',(#16241,#16243,#16244,#16245));
#16247=FACE_OUTER_BOUND('',#16246,.F.);
#16248=ADVANCED_FACE('',(#16247),#16240,.T.);
#16249=CARTESIAN_POINT('',(1.27E0,-2.855E0,2.75E-1));
#16250=DIRECTION('',(-1.E0,0.E0,0.E0));
#16251=DIRECTION('',(0.E0,0.E0,-1.E0));
#16252=AXIS2_PLACEMENT_3D('',#16249,#16250,#16251);
#16253=CYLINDRICAL_SURFACE('',#16252,5.E-2);
#16254=ORIENTED_EDGE('',*,*,#13845,.T.);
#16256=ORIENTED_EDGE('',*,*,#16255,.F.);
#16257=ORIENTED_EDGE('',*,*,#13213,.T.);
#16258=ORIENTED_EDGE('',*,*,#13211,.T.);
#16259=ORIENTED_EDGE('',*,*,#16242,.F.);
#16260=ORIENTED_EDGE('',*,*,#13847,.T.);
#16261=EDGE_LOOP('',(#16254,#16256,#16257,#16258,#16259,#16260));
#16262=FACE_OUTER_BOUND('',#16261,.F.);
#16263=ADVANCED_FACE('',(#16262),#16253,.F.);
#16264=CARTESIAN_POINT('',(1.27E0,-2.805E0,2.75E-1));
#16265=DIRECTION('',(0.E0,-1.E0,0.E0));
#16266=DIRECTION('',(0.E0,0.E0,1.E0));
#16267=AXIS2_PLACEMENT_3D('',#16264,#16265,#16266);
#16268=PLANE('',#16267);
#16270=ORIENTED_EDGE('',*,*,#16269,.F.);
#16271=ORIENTED_EDGE('',*,*,#13215,.T.);
#16272=ORIENTED_EDGE('',*,*,#16255,.T.);
#16273=ORIENTED_EDGE('',*,*,#13843,.F.);
#16275=ORIENTED_EDGE('',*,*,#16274,.T.);
#16276=EDGE_LOOP('',(#16270,#16271,#16272,#16273,#16275));
#16277=FACE_OUTER_BOUND('',#16276,.F.);
#16278=ADVANCED_FACE('',(#16277),#16268,.T.);
#16279=CARTESIAN_POINT('',(1.23E0,-2.805E0,3.55E-1));
#16280=DIRECTION('',(7.071067811865E-1,0.E0,7.071067811865E-1));
#16281=DIRECTION('',(-7.071067811865E-1,0.E0,7.071067811865E-1));
#16282=AXIS2_PLACEMENT_3D('',#16279,#16280,#16281);
#16283=PLANE('',#16282);
#16285=ORIENTED_EDGE('',*,*,#16284,.T.);
#16286=ORIENTED_EDGE('',*,*,#13217,.T.);
#16287=ORIENTED_EDGE('',*,*,#16269,.T.);
#16289=ORIENTED_EDGE('',*,*,#16288,.F.);
#16290=EDGE_LOOP('',(#16285,#16286,#16287,#16289));
#16291=FACE_OUTER_BOUND('',#16290,.F.);
#16292=ADVANCED_FACE('',(#16291),#16283,.T.);
#16293=CARTESIAN_POINT('',(1.27E0,-2.655E0,3.55E-1));
#16294=DIRECTION('',(0.E0,1.E0,0.E0));
#16295=DIRECTION('',(0.E0,0.E0,-1.E0));
#16296=AXIS2_PLACEMENT_3D('',#16293,#16294,#16295);
#16297=PLANE('',#16296);
#16299=ORIENTED_EDGE('',*,*,#16298,.F.);
#16300=ORIENTED_EDGE('',*,*,#13839,.F.);
#16302=ORIENTED_EDGE('',*,*,#16301,.T.);
#16303=ORIENTED_EDGE('',*,*,#13219,.T.);
#16304=ORIENTED_EDGE('',*,*,#16284,.F.);
#16305=EDGE_LOOP('',(#16299,#16300,#16302,#16303,#16304));
#16306=FACE_OUTER_BOUND('',#16305,.F.);
#16307=ADVANCED_FACE('',(#16306),#16297,.T.);
#16308=CARTESIAN_POINT('',(1.27E0,-2.805E0,3.55E-1));
#16309=DIRECTION('',(0.E0,0.E0,1.E0));
#16310=DIRECTION('',(-1.E0,0.E0,0.E0));
#16311=AXIS2_PLACEMENT_3D('',#16308,#16309,#16310);
#16312=PLANE('',#16311);
#16313=ORIENTED_EDGE('',*,*,#16274,.F.);
#16314=ORIENTED_EDGE('',*,*,#13841,.F.);
#16315=ORIENTED_EDGE('',*,*,#16298,.T.);
#16316=ORIENTED_EDGE('',*,*,#16288,.T.);
#16317=EDGE_LOOP('',(#16313,#16314,#16315,#16316));
#16318=FACE_OUTER_BOUND('',#16317,.F.);
#16319=ADVANCED_FACE('',(#16318),#16312,.T.);
#16320=CARTESIAN_POINT('',(1.27E0,-2.605E0,2.75E-1));
#16321=DIRECTION('',(-1.E0,0.E0,0.E0));
#16322=DIRECTION('',(0.E0,0.E0,-1.E0));
#16323=AXIS2_PLACEMENT_3D('',#16320,#16321,#16322);
#16324=CYLINDRICAL_SURFACE('',#16323,5.E-2);
#16325=ORIENTED_EDGE('',*,*,#13835,.T.);
#16327=ORIENTED_EDGE('',*,*,#16326,.F.);
#16328=ORIENTED_EDGE('',*,*,#13223,.T.);
#16329=ORIENTED_EDGE('',*,*,#13221,.T.);
#16330=ORIENTED_EDGE('',*,*,#16301,.F.);
#16331=ORIENTED_EDGE('',*,*,#13837,.T.);
#16332=EDGE_LOOP('',(#16325,#16327,#16328,#16329,#16330,#16331));
#16333=FACE_OUTER_BOUND('',#16332,.F.);
#16334=ADVANCED_FACE('',(#16333),#16324,.F.);
#16335=CARTESIAN_POINT('',(1.27E0,-2.557702702703E0,2.587837837838E-1));
#16336=DIRECTION('',(0.E0,-9.459459459459E-1,3.243243243243E-1));
#16337=DIRECTION('',(0.E0,3.243243243243E-1,9.459459459459E-1));
#16338=AXIS2_PLACEMENT_3D('',#16335,#16336,#16337);
#16339=PLANE('',#16338);
#16340=ORIENTED_EDGE('',*,*,#13833,.T.);
#16342=ORIENTED_EDGE('',*,*,#16341,.T.);
#16343=ORIENTED_EDGE('',*,*,#13225,.T.);
#16344=ORIENTED_EDGE('',*,*,#16326,.T.);
#16345=EDGE_LOOP('',(#16340,#16342,#16343,#16344));
#16346=FACE_OUTER_BOUND('',#16345,.F.);
#16347=ADVANCED_FACE('',(#16346),#16339,.T.);
#16348=CARTESIAN_POINT('',(1.27E0,-2.535E0,3.25E-1));
#16349=DIRECTION('',(0.E0,0.E0,1.E0));
#16350=DIRECTION('',(-1.E0,0.E0,0.E0));
#16351=AXIS2_PLACEMENT_3D('',#16348,#16349,#16350);
#16352=PLANE('',#16351);
#16353=ORIENTED_EDGE('',*,*,#13227,.T.);
#16354=ORIENTED_EDGE('',*,*,#16341,.F.);
#16355=ORIENTED_EDGE('',*,*,#13831,.F.);
#16356=ORIENTED_EDGE('',*,*,#13175,.T.);
#16357=EDGE_LOOP('',(#16353,#16354,#16355,#16356));
#16358=FACE_OUTER_BOUND('',#16357,.F.);
#16359=ADVANCED_FACE('',(#16358),#16352,.T.);
#16360=CARTESIAN_POINT('',(7.35E-1,-2.18E0,2.75E-1));
#16361=DIRECTION('',(0.E0,9.615239476408E-1,2.747211278974E-1));
#16362=DIRECTION('',(-1.E0,0.E0,0.E0));
#16363=AXIS2_PLACEMENT_3D('',#16360,#16361,#16362);
#16364=PLANE('',#16363);
#16366=ORIENTED_EDGE('',*,*,#16365,.F.);
#16367=ORIENTED_EDGE('',*,*,#13106,.T.);
#16368=ORIENTED_EDGE('',*,*,#13129,.T.);
#16369=ORIENTED_EDGE('',*,*,#13146,.T.);
#16370=ORIENTED_EDGE('',*,*,#13827,.T.);
#16371=ORIENTED_EDGE('',*,*,#13812,.F.);
#16372=EDGE_LOOP('',(#16366,#16367,#16368,#16369,#16370,#16371));
#16373=FACE_OUTER_BOUND('',#16372,.F.);
#16374=ADVANCED_FACE('',(#16373),#16364,.T.);
#16375=CARTESIAN_POINT('',(9.35E-1,-3.405E0,8.35E-1));
#16376=DIRECTION('',(7.071067811865E-1,0.E0,-7.071067811865E-1));
#16377=DIRECTION('',(0.E0,-1.E0,0.E0));
#16378=AXIS2_PLACEMENT_3D('',#16375,#16376,#16377);
#16379=PLANE('',#16378);
#16380=ORIENTED_EDGE('',*,*,#13810,.F.);
#16381=ORIENTED_EDGE('',*,*,#13776,.T.);
#16382=ORIENTED_EDGE('',*,*,#13108,.F.);
#16383=ORIENTED_EDGE('',*,*,#16365,.T.);
#16384=EDGE_LOOP('',(#16380,#16381,#16382,#16383));
#16385=FACE_OUTER_BOUND('',#16384,.F.);
#16386=ADVANCED_FACE('',(#16385),#16379,.F.);
#16387=CARTESIAN_POINT('',(7.35E-1,-2.93E0,-5.05E-1));
#16388=DIRECTION('',(0.E0,1.E0,0.E0));
#16389=DIRECTION('',(-1.E0,0.E0,0.E0));
#16390=AXIS2_PLACEMENT_3D('',#16387,#16388,#16389);
#16391=PLANE('',#16390);
#16392=ORIENTED_EDGE('',*,*,#13110,.T.);
#16393=ORIENTED_EDGE('',*,*,#13774,.T.);
#16394=ORIENTED_EDGE('',*,*,#10171,.T.);
#16395=ORIENTED_EDGE('',*,*,#10193,.F.);
#16396=EDGE_LOOP('',(#16392,#16393,#16394,#16395));
#16397=FACE_OUTER_BOUND('',#16396,.F.);
#16398=ADVANCED_FACE('',(#16397),#16391,.T.);
#16399=CARTESIAN_POINT('',(0.E0,3.405E0,-8.35E-1));
#16400=DIRECTION('',(0.E0,-1.E0,0.E0));
#16401=DIRECTION('',(0.E0,0.E0,1.E0));
#16402=AXIS2_PLACEMENT_3D('',#16399,#16400,#16401);
#16403=PLANE('',#16402);
#16404=ORIENTED_EDGE('',*,*,#9618,.F.);
#16405=ORIENTED_EDGE('',*,*,#9634,.F.);
#16406=ORIENTED_EDGE('',*,*,#9651,.F.);
#16407=ORIENTED_EDGE('',*,*,#9670,.T.);
#16408=ORIENTED_EDGE('',*,*,#9715,.F.);
#16410=ORIENTED_EDGE('',*,*,#16409,.F.);
#16412=ORIENTED_EDGE('',*,*,#16411,.T.);
#16414=ORIENTED_EDGE('',*,*,#16413,.F.);
#16415=ORIENTED_EDGE('',*,*,#13718,.F.);
#16416=EDGE_LOOP('',(#16404,#16405,#16406,#16407,#16408,#16410,#16412,#16414,
#16415));
#16417=FACE_OUTER_BOUND('',#16416,.F.);
#16418=ADVANCED_FACE('',(#16417),#16403,.F.);
#16419=CARTESIAN_POINT('',(-1.55E0,3.405E0,8.35E-1));
#16420=DIRECTION('',(-1.E0,0.E0,0.E0));
#16421=DIRECTION('',(0.E0,0.E0,-1.E0));
#16422=AXIS2_PLACEMENT_3D('',#16419,#16420,#16421);
#16423=PLANE('',#16422);
#16424=ORIENTED_EDGE('',*,*,#9713,.F.);
#16425=ORIENTED_EDGE('',*,*,#9736,.T.);
#16427=ORIENTED_EDGE('',*,*,#16426,.T.);
#16428=ORIENTED_EDGE('',*,*,#16409,.T.);
#16429=EDGE_LOOP('',(#16424,#16425,#16427,#16428));
#16430=FACE_OUTER_BOUND('',#16429,.F.);
#16431=ADVANCED_FACE('',(#16430),#16423,.T.);
#16432=CARTESIAN_POINT('',(-8.4E-1,3.405E0,-5.95E-1));
#16433=DIRECTION('',(-1.138030519781E-13,0.E0,1.E0));
#16434=DIRECTION('',(-1.E0,0.E0,-1.138030519781E-13));
#16435=AXIS2_PLACEMENT_3D('',#16432,#16433,#16434);
#16436=PLANE('',#16435);
#16437=ORIENTED_EDGE('',*,*,#16426,.F.);
#16438=ORIENTED_EDGE('',*,*,#9734,.F.);
#16440=ORIENTED_EDGE('',*,*,#16439,.F.);
#16442=ORIENTED_EDGE('',*,*,#16441,.F.);
#16444=ORIENTED_EDGE('',*,*,#16443,.F.);
#16446=ORIENTED_EDGE('',*,*,#16445,.F.);
#16448=ORIENTED_EDGE('',*,*,#16447,.F.);
#16450=ORIENTED_EDGE('',*,*,#16449,.T.);
#16452=ORIENTED_EDGE('',*,*,#16451,.T.);
#16453=ORIENTED_EDGE('',*,*,#16411,.F.);
#16454=EDGE_LOOP('',(#16437,#16438,#16440,#16442,#16444,#16446,#16448,#16450,
#16452,#16453));
#16455=FACE_OUTER_BOUND('',#16454,.F.);
#16456=ADVANCED_FACE('',(#16455),#16436,.F.);
#16457=CARTESIAN_POINT('',(-1.17E0,2.18E0,2.75E-1));
#16458=DIRECTION('',(1.E0,0.E0,0.E0));
#16459=DIRECTION('',(0.E0,0.E0,1.E0));
#16460=AXIS2_PLACEMENT_3D('',#16457,#16458,#16459);
#16461=PLANE('',#16460);
#16462=ORIENTED_EDGE('',*,*,#16439,.T.);
#16463=ORIENTED_EDGE('',*,*,#9732,.F.);
#16464=ORIENTED_EDGE('',*,*,#9755,.F.);
#16465=EDGE_LOOP('',(#16462,#16463,#16464));
#16466=FACE_OUTER_BOUND('',#16465,.F.);
#16467=ADVANCED_FACE('',(#16466),#16461,.F.);
#16468=CARTESIAN_POINT('',(-1.17E0,2.63E0,-7.35E-1));
#16469=DIRECTION('',(1.E0,0.E0,0.E0));
#16470=DIRECTION('',(0.E0,0.E0,-1.E0));
#16471=AXIS2_PLACEMENT_3D('',#16468,#16469,#16470);
#16472=PLANE('',#16471);
#16473=ORIENTED_EDGE('',*,*,#9753,.F.);
#16475=ORIENTED_EDGE('',*,*,#16474,.T.);
#16477=ORIENTED_EDGE('',*,*,#16476,.T.);
#16479=ORIENTED_EDGE('',*,*,#16478,.T.);
#16481=ORIENTED_EDGE('',*,*,#16480,.F.);
#16482=ORIENTED_EDGE('',*,*,#16441,.T.);
#16483=EDGE_LOOP('',(#16473,#16475,#16477,#16479,#16481,#16482));
#16484=FACE_OUTER_BOUND('',#16483,.F.);
#16485=ADVANCED_FACE('',(#16484),#16472,.T.);
#16486=CARTESIAN_POINT('',(-1.27E0,2.93E0,-7.35E-1));
#16487=DIRECTION('',(0.E0,1.E0,0.E0));
#16488=DIRECTION('',(0.E0,0.E0,1.E0));
#16489=AXIS2_PLACEMENT_3D('',#16486,#16487,#16488);
#16490=PLANE('',#16489);
#16491=ORIENTED_EDGE('',*,*,#16474,.F.);
#16492=ORIENTED_EDGE('',*,*,#9751,.T.);
#16493=ORIENTED_EDGE('',*,*,#9776,.T.);
#16495=ORIENTED_EDGE('',*,*,#16494,.F.);
#16497=ORIENTED_EDGE('',*,*,#16496,.T.);
#16499=ORIENTED_EDGE('',*,*,#16498,.F.);
#16501=ORIENTED_EDGE('',*,*,#16500,.F.);
#16503=ORIENTED_EDGE('',*,*,#16502,.F.);
#16504=EDGE_LOOP('',(#16491,#16492,#16493,#16495,#16497,#16499,#16501,#16503));
#16505=FACE_OUTER_BOUND('',#16504,.F.);
#16506=ADVANCED_FACE('',(#16505),#16490,.T.);
#16507=CARTESIAN_POINT('',(-1.32E0,2.63E0,-6.85E-1));
#16508=DIRECTION('',(0.E0,1.E0,0.E0));
#16509=DIRECTION('',(0.E0,0.E0,1.E0));
#16510=AXIS2_PLACEMENT_3D('',#16507,#16508,#16509);
#16511=CYLINDRICAL_SURFACE('',#16510,5.E-2);
#16512=ORIENTED_EDGE('',*,*,#16494,.T.);
#16513=ORIENTED_EDGE('',*,*,#9774,.F.);
#16515=ORIENTED_EDGE('',*,*,#16514,.T.);
#16517=ORIENTED_EDGE('',*,*,#16516,.F.);
#16518=EDGE_LOOP('',(#16512,#16513,#16515,#16517));
#16519=FACE_OUTER_BOUND('',#16518,.F.);
#16520=ADVANCED_FACE('',(#16519),#16511,.F.);
#16521=CARTESIAN_POINT('',(-1.27E0,2.53E0,-6.55E-1));
#16522=DIRECTION('',(0.E0,-1.E0,2.402493450394E-14));
#16523=DIRECTION('',(0.E0,-2.402493450394E-14,-1.E0));
#16524=AXIS2_PLACEMENT_3D('',#16521,#16522,#16523);
#16525=PLANE('',#16524);
#16527=ORIENTED_EDGE('',*,*,#16526,.T.);
#16529=ORIENTED_EDGE('',*,*,#16528,.F.);
#16531=ORIENTED_EDGE('',*,*,#16530,.F.);
#16532=ORIENTED_EDGE('',*,*,#16514,.F.);
#16533=ORIENTED_EDGE('',*,*,#9772,.T.);
#16535=ORIENTED_EDGE('',*,*,#16534,.F.);
#16536=ORIENTED_EDGE('',*,*,#16478,.F.);
#16538=ORIENTED_EDGE('',*,*,#16537,.F.);
#16539=EDGE_LOOP('',(#16527,#16529,#16531,#16532,#16533,#16535,#16536,#16538));
#16540=FACE_OUTER_BOUND('',#16539,.F.);
#16541=ADVANCED_FACE('',(#16540),#16525,.T.);
#16542=CARTESIAN_POINT('',(-1.27E0,2.63E0,-8.35E-1));
#16543=DIRECTION('',(0.E0,0.E0,-1.E0));
#16544=DIRECTION('',(0.E0,1.E0,0.E0));
#16545=AXIS2_PLACEMENT_3D('',#16542,#16543,#16544);
#16546=PLANE('',#16545);
#16547=ORIENTED_EDGE('',*,*,#16500,.T.);
#16549=ORIENTED_EDGE('',*,*,#16548,.F.);
#16550=ORIENTED_EDGE('',*,*,#16526,.F.);
#16552=ORIENTED_EDGE('',*,*,#16551,.T.);
#16553=EDGE_LOOP('',(#16547,#16549,#16550,#16552));
#16554=FACE_OUTER_BOUND('',#16553,.F.);
#16555=ADVANCED_FACE('',(#16554),#16546,.T.);
#16556=CARTESIAN_POINT('',(-1.51E0,3.34E0,-8.35E-1));
#16557=DIRECTION('',(-1.E0,0.E0,0.E0));
#16558=DIRECTION('',(0.E0,0.E0,1.E0));
#16559=AXIS2_PLACEMENT_3D('',#16556,#16557,#16558);
#16560=PLANE('',#16559);
#16561=ORIENTED_EDGE('',*,*,#16528,.T.);
#16562=ORIENTED_EDGE('',*,*,#16548,.T.);
#16563=ORIENTED_EDGE('',*,*,#16498,.T.);
#16565=ORIENTED_EDGE('',*,*,#16564,.T.);
#16566=EDGE_LOOP('',(#16561,#16562,#16563,#16565));
#16567=FACE_OUTER_BOUND('',#16566,.F.);
#16568=ADVANCED_FACE('',(#16567),#16560,.T.);
#16569=CARTESIAN_POINT('',(-1.51E0,2.53E0,-7.35E-1));
#16570=DIRECTION('',(0.E0,0.E0,-1.E0));
#16571=DIRECTION('',(0.E0,1.E0,0.E0));
#16572=AXIS2_PLACEMENT_3D('',#16569,#16570,#16571);
#16573=PLANE('',#16572);
#16574=ORIENTED_EDGE('',*,*,#16530,.T.);
#16575=ORIENTED_EDGE('',*,*,#16564,.F.);
#16576=ORIENTED_EDGE('',*,*,#16496,.F.);
#16577=ORIENTED_EDGE('',*,*,#16516,.T.);
#16578=EDGE_LOOP('',(#16574,#16575,#16576,#16577));
#16579=FACE_OUTER_BOUND('',#16578,.F.);
#16580=ADVANCED_FACE('',(#16579),#16573,.F.);
#16581=CARTESIAN_POINT('',(-1.32E0,2.63E0,-6.85E-1));
#16582=DIRECTION('',(0.E0,1.E0,0.E0));
#16583=DIRECTION('',(0.E0,0.E0,1.E0));
#16584=AXIS2_PLACEMENT_3D('',#16581,#16582,#16583);
#16585=CYLINDRICAL_SURFACE('',#16584,1.5E-1);
#16586=ORIENTED_EDGE('',*,*,#16537,.T.);
#16587=ORIENTED_EDGE('',*,*,#16476,.F.);
#16588=ORIENTED_EDGE('',*,*,#16502,.T.);
#16589=ORIENTED_EDGE('',*,*,#16551,.F.);
#16590=EDGE_LOOP('',(#16586,#16587,#16588,#16589));
#16591=FACE_OUTER_BOUND('',#16590,.F.);
#16592=ADVANCED_FACE('',(#16591),#16585,.T.);
#16593=CARTESIAN_POINT('',(-1.27E0,2.385E0,-4.15E-1));
#16594=DIRECTION('',(0.E0,-8.559155419458E-1,-5.171156399256E-1));
#16595=DIRECTION('',(0.E0,5.171156399256E-1,-8.559155419458E-1));
#16596=AXIS2_PLACEMENT_3D('',#16593,#16594,#16595);
#16597=PLANE('',#16596);
#16599=ORIENTED_EDGE('',*,*,#16598,.T.);
#16600=ORIENTED_EDGE('',*,*,#16480,.T.);
#16601=ORIENTED_EDGE('',*,*,#16534,.T.);
#16602=ORIENTED_EDGE('',*,*,#9770,.T.);
#16604=ORIENTED_EDGE('',*,*,#16603,.T.);
#16605=EDGE_LOOP('',(#16599,#16600,#16601,#16602,#16604));
#16606=FACE_OUTER_BOUND('',#16605,.F.);
#16607=ADVANCED_FACE('',(#16606),#16597,.T.);
#16608=CARTESIAN_POINT('',(-1.17E0,2.18E0,2.75E-1));
#16609=DIRECTION('',(1.E0,0.E0,0.E0));
#16610=DIRECTION('',(0.E0,0.E0,1.E0));
#16611=AXIS2_PLACEMENT_3D('',#16608,#16609,#16610);
#16612=PLANE('',#16611);
#16614=ORIENTED_EDGE('',*,*,#16613,.T.);
#16615=ORIENTED_EDGE('',*,*,#16443,.T.);
#16616=ORIENTED_EDGE('',*,*,#16598,.F.);
#16617=EDGE_LOOP('',(#16614,#16615,#16616));
#16618=FACE_OUTER_BOUND('',#16617,.F.);
#16619=ADVANCED_FACE('',(#16618),#16612,.F.);
#16620=CARTESIAN_POINT('',(-1.17E0,2.48E0,-7.85E-1));
#16621=DIRECTION('',(0.E0,1.E0,0.E0));
#16622=DIRECTION('',(-1.E0,0.E0,0.E0));
#16623=AXIS2_PLACEMENT_3D('',#16620,#16621,#16622);
#16624=PLANE('',#16623);
#16625=ORIENTED_EDGE('',*,*,#9823,.F.);
#16627=ORIENTED_EDGE('',*,*,#16626,.T.);
#16628=ORIENTED_EDGE('',*,*,#16445,.T.);
#16629=ORIENTED_EDGE('',*,*,#16613,.F.);
#16630=ORIENTED_EDGE('',*,*,#16603,.F.);
#16631=ORIENTED_EDGE('',*,*,#9768,.T.);
#16632=EDGE_LOOP('',(#16625,#16627,#16628,#16629,#16630,#16631));
#16633=FACE_OUTER_BOUND('',#16632,.F.);
#16634=ADVANCED_FACE('',(#16633),#16624,.T.);
#16635=CARTESIAN_POINT('',(-1.55E0,-3.405E0,8.35E-1));
#16636=DIRECTION('',(-1.E0,0.E0,0.E0));
#16637=DIRECTION('',(0.E0,0.E0,-1.E0));
#16638=AXIS2_PLACEMENT_3D('',#16635,#16636,#16637);
#16639=PLANE('',#16638);
#16641=ORIENTED_EDGE('',*,*,#16640,.F.);
#16642=ORIENTED_EDGE('',*,*,#10037,.T.);
#16644=ORIENTED_EDGE('',*,*,#16643,.F.);
#16646=ORIENTED_EDGE('',*,*,#16645,.F.);
#16648=ORIENTED_EDGE('',*,*,#16647,.F.);
#16649=ORIENTED_EDGE('',*,*,#16447,.T.);
#16650=ORIENTED_EDGE('',*,*,#16626,.F.);
#16651=ORIENTED_EDGE('',*,*,#9821,.F.);
#16652=EDGE_LOOP('',(#16641,#16642,#16644,#16646,#16648,#16649,#16650,#16651));
#16653=FACE_OUTER_BOUND('',#16652,.F.);
#16654=ADVANCED_FACE('',(#16653),#16639,.T.);
#16655=CARTESIAN_POINT('',(-1.17E0,-2.48E0,-7.85E-1));
#16656=DIRECTION('',(0.E0,-1.E0,0.E0));
#16657=DIRECTION('',(-1.E0,0.E0,0.E0));
#16658=AXIS2_PLACEMENT_3D('',#16655,#16656,#16657);
#16659=PLANE('',#16658);
#16660=ORIENTED_EDGE('',*,*,#9819,.F.);
#16661=ORIENTED_EDGE('',*,*,#9900,.T.);
#16663=ORIENTED_EDGE('',*,*,#16662,.F.);
#16665=ORIENTED_EDGE('',*,*,#16664,.F.);
#16666=ORIENTED_EDGE('',*,*,#10039,.T.);
#16667=ORIENTED_EDGE('',*,*,#16640,.T.);
#16668=EDGE_LOOP('',(#16660,#16661,#16663,#16665,#16666,#16667));
#16669=FACE_OUTER_BOUND('',#16668,.F.);
#16670=ADVANCED_FACE('',(#16669),#16659,.T.);
#16671=CARTESIAN_POINT('',(-1.27E0,-2.385E0,-4.15E-1));
#16672=DIRECTION('',(0.E0,8.559155419458E-1,-5.171156399256E-1));
#16673=DIRECTION('',(0.E0,-5.171156399256E-1,-8.559155419458E-1));
#16674=AXIS2_PLACEMENT_3D('',#16671,#16672,#16673);
#16675=PLANE('',#16674);
#16677=ORIENTED_EDGE('',*,*,#16676,.T.);
#16678=ORIENTED_EDGE('',*,*,#16662,.T.);
#16679=ORIENTED_EDGE('',*,*,#9898,.T.);
#16681=ORIENTED_EDGE('',*,*,#16680,.T.);
#16683=ORIENTED_EDGE('',*,*,#16682,.T.);
#16684=EDGE_LOOP('',(#16677,#16678,#16679,#16681,#16683));
#16685=FACE_OUTER_BOUND('',#16684,.F.);
#16686=ADVANCED_FACE('',(#16685),#16675,.T.);
#16687=CARTESIAN_POINT('',(-1.17E0,-2.18E0,2.75E-1));
#16688=DIRECTION('',(1.E0,0.E0,0.E0));
#16689=DIRECTION('',(0.E0,0.E0,1.E0));
#16690=AXIS2_PLACEMENT_3D('',#16687,#16688,#16689);
#16691=PLANE('',#16690);
#16692=ORIENTED_EDGE('',*,*,#16664,.T.);
#16693=ORIENTED_EDGE('',*,*,#16676,.F.);
#16694=ORIENTED_EDGE('',*,*,#10041,.T.);
#16695=EDGE_LOOP('',(#16692,#16693,#16694));
#16696=FACE_OUTER_BOUND('',#16695,.F.);
#16697=ADVANCED_FACE('',(#16696),#16691,.F.);
#16698=CARTESIAN_POINT('',(-1.27E0,-2.53E0,-6.55E-1));
#16699=DIRECTION('',(0.E0,1.E0,2.402493450394E-14));
#16700=DIRECTION('',(0.E0,2.402493450394E-14,-1.E0));
#16701=AXIS2_PLACEMENT_3D('',#16698,#16699,#16700);
#16702=PLANE('',#16701);
#16704=ORIENTED_EDGE('',*,*,#16703,.T.);
#16706=ORIENTED_EDGE('',*,*,#16705,.F.);
#16708=ORIENTED_EDGE('',*,*,#16707,.F.);
#16709=ORIENTED_EDGE('',*,*,#16680,.F.);
#16710=ORIENTED_EDGE('',*,*,#9896,.T.);
#16712=ORIENTED_EDGE('',*,*,#16711,.F.);
#16714=ORIENTED_EDGE('',*,*,#16713,.F.);
#16716=ORIENTED_EDGE('',*,*,#16715,.F.);
#16717=EDGE_LOOP('',(#16704,#16706,#16708,#16709,#16710,#16712,#16714,#16716));
#16718=FACE_OUTER_BOUND('',#16717,.F.);
#16719=ADVANCED_FACE('',(#16718),#16702,.T.);
#16720=CARTESIAN_POINT('',(-1.27E0,-2.63E0,-8.35E-1));
#16721=DIRECTION('',(0.E0,0.E0,-1.E0));
#16722=DIRECTION('',(0.E0,-1.E0,0.E0));
#16723=AXIS2_PLACEMENT_3D('',#16720,#16721,#16722);
#16724=PLANE('',#16723);
#16726=ORIENTED_EDGE('',*,*,#16725,.T.);
#16728=ORIENTED_EDGE('',*,*,#16727,.T.);
#16729=ORIENTED_EDGE('',*,*,#16703,.F.);
#16731=ORIENTED_EDGE('',*,*,#16730,.F.);
#16732=EDGE_LOOP('',(#16726,#16728,#16729,#16731));
#16733=FACE_OUTER_BOUND('',#16732,.F.);
#16734=ADVANCED_FACE('',(#16733),#16724,.T.);
#16735=CARTESIAN_POINT('',(-1.27E0,-2.93E0,-7.35E-1));
#16736=DIRECTION('',(0.E0,-1.E0,0.E0));
#16737=DIRECTION('',(0.E0,0.E0,1.E0));
#16738=AXIS2_PLACEMENT_3D('',#16735,#16736,#16737);
#16739=PLANE('',#16738);
#16741=ORIENTED_EDGE('',*,*,#16740,.F.);
#16743=ORIENTED_EDGE('',*,*,#16742,.F.);
#16744=ORIENTED_EDGE('',*,*,#16725,.F.);
#16746=ORIENTED_EDGE('',*,*,#16745,.F.);
#16748=ORIENTED_EDGE('',*,*,#16747,.T.);
#16750=ORIENTED_EDGE('',*,*,#16749,.F.);
#16751=ORIENTED_EDGE('',*,*,#9892,.T.);
#16752=ORIENTED_EDGE('',*,*,#10007,.T.);
#16753=EDGE_LOOP('',(#16741,#16743,#16744,#16746,#16748,#16750,#16751,#16752));
#16754=FACE_OUTER_BOUND('',#16753,.F.);
#16755=ADVANCED_FACE('',(#16754),#16739,.T.);
#16756=CARTESIAN_POINT('',(-1.17E0,-2.63E0,-7.35E-1));
#16757=DIRECTION('',(1.E0,0.E0,0.E0));
#16758=DIRECTION('',(0.E0,0.E0,-1.E0));
#16759=AXIS2_PLACEMENT_3D('',#16756,#16757,#16758);
#16760=PLANE('',#16759);
#16761=ORIENTED_EDGE('',*,*,#10005,.F.);
#16762=ORIENTED_EDGE('',*,*,#10043,.T.);
#16763=ORIENTED_EDGE('',*,*,#16682,.F.);
#16764=ORIENTED_EDGE('',*,*,#16707,.T.);
#16766=ORIENTED_EDGE('',*,*,#16765,.T.);
#16767=ORIENTED_EDGE('',*,*,#16740,.T.);
#16768=EDGE_LOOP('',(#16761,#16762,#16763,#16764,#16766,#16767));
#16769=FACE_OUTER_BOUND('',#16768,.F.);
#16770=ADVANCED_FACE('',(#16769),#16760,.T.);
#16771=CARTESIAN_POINT('',(-1.32E0,-2.63E0,-6.85E-1));
#16772=DIRECTION('',(0.E0,-1.E0,0.E0));
#16773=DIRECTION('',(0.E0,0.E0,1.E0));
#16774=AXIS2_PLACEMENT_3D('',#16771,#16772,#16773);
#16775=CYLINDRICAL_SURFACE('',#16774,1.5E-1);
#16776=ORIENTED_EDGE('',*,*,#16705,.T.);
#16777=ORIENTED_EDGE('',*,*,#16727,.F.);
#16778=ORIENTED_EDGE('',*,*,#16742,.T.);
#16779=ORIENTED_EDGE('',*,*,#16765,.F.);
#16780=EDGE_LOOP('',(#16776,#16777,#16778,#16779));
#16781=FACE_OUTER_BOUND('',#16780,.F.);
#16782=ADVANCED_FACE('',(#16781),#16775,.T.);
#16783=CARTESIAN_POINT('',(-1.51E0,-3.34E0,-8.35E-1));
#16784=DIRECTION('',(-1.E0,0.E0,0.E0));
#16785=DIRECTION('',(0.E0,0.E0,1.E0));
#16786=AXIS2_PLACEMENT_3D('',#16783,#16784,#16785);
#16787=PLANE('',#16786);
#16788=ORIENTED_EDGE('',*,*,#16715,.T.);
#16790=ORIENTED_EDGE('',*,*,#16789,.T.);
#16791=ORIENTED_EDGE('',*,*,#16745,.T.);
#16792=ORIENTED_EDGE('',*,*,#16730,.T.);
#16793=EDGE_LOOP('',(#16788,#16790,#16791,#16792));
#16794=FACE_OUTER_BOUND('',#16793,.F.);
#16795=ADVANCED_FACE('',(#16794),#16787,.T.);
#16796=CARTESIAN_POINT('',(-1.51E0,-2.53E0,-7.35E-1));
#16797=DIRECTION('',(0.E0,0.E0,-1.E0));
#16798=DIRECTION('',(0.E0,-1.E0,0.E0));
#16799=AXIS2_PLACEMENT_3D('',#16796,#16797,#16798);
#16800=PLANE('',#16799);
#16801=ORIENTED_EDGE('',*,*,#16713,.T.);
#16803=ORIENTED_EDGE('',*,*,#16802,.T.);
#16804=ORIENTED_EDGE('',*,*,#16747,.F.);
#16805=ORIENTED_EDGE('',*,*,#16789,.F.);
#16806=EDGE_LOOP('',(#16801,#16803,#16804,#16805));
#16807=FACE_OUTER_BOUND('',#16806,.F.);
#16808=ADVANCED_FACE('',(#16807),#16800,.F.);
#16809=CARTESIAN_POINT('',(-1.32E0,-2.63E0,-6.85E-1));
#16810=DIRECTION('',(0.E0,-1.E0,0.E0));
#16811=DIRECTION('',(0.E0,0.E0,1.E0));
#16812=AXIS2_PLACEMENT_3D('',#16809,#16810,#16811);
#16813=CYLINDRICAL_SURFACE('',#16812,5.E-2);
#16814=ORIENTED_EDGE('',*,*,#16749,.T.);
#16815=ORIENTED_EDGE('',*,*,#16802,.F.);
#16816=ORIENTED_EDGE('',*,*,#16711,.T.);
#16817=ORIENTED_EDGE('',*,*,#9894,.F.);
#16818=EDGE_LOOP('',(#16814,#16815,#16816,#16817));
#16819=FACE_OUTER_BOUND('',#16818,.F.);
#16820=ADVANCED_FACE('',(#16819),#16813,.F.);
#16821=CARTESIAN_POINT('',(0.E0,-2.E0,-8.35E-1));
#16822=DIRECTION('',(0.E0,1.E0,0.E0));
#16823=DIRECTION('',(0.E0,0.E0,1.E0));
#16824=AXIS2_PLACEMENT_3D('',#16821,#16822,#16823);
#16825=PLANE('',#16824);
#16827=ORIENTED_EDGE('',*,*,#16826,.F.);
#16828=ORIENTED_EDGE('',*,*,#16643,.T.);
#16829=ORIENTED_EDGE('',*,*,#10035,.F.);
#16831=ORIENTED_EDGE('',*,*,#16830,.F.);
#16832=ORIENTED_EDGE('',*,*,#13726,.T.);
#16834=ORIENTED_EDGE('',*,*,#16833,.F.);
#16836=ORIENTED_EDGE('',*,*,#16835,.F.);
#16837=EDGE_LOOP('',(#16827,#16828,#16829,#16831,#16832,#16834,#16836));
#16838=FACE_OUTER_BOUND('',#16837,.F.);
#16839=ADVANCED_FACE('',(#16838),#16825,.T.);
#16840=CARTESIAN_POINT('',(-1.55E0,-1.6E0,-5.35E-1));
#16841=DIRECTION('',(0.E0,0.E0,1.E0));
#16842=DIRECTION('',(-1.E0,0.E0,0.E0));
#16843=AXIS2_PLACEMENT_3D('',#16840,#16841,#16842);
#16844=PLANE('',#16843);
#16846=ORIENTED_EDGE('',*,*,#16845,.T.);
#16848=ORIENTED_EDGE('',*,*,#16847,.F.);
#16849=ORIENTED_EDGE('',*,*,#16645,.T.);
#16850=ORIENTED_EDGE('',*,*,#16826,.T.);
#16851=EDGE_LOOP('',(#16846,#16848,#16849,#16850));
#16852=FACE_OUTER_BOUND('',#16851,.F.);
#16854=ORIENTED_EDGE('',*,*,#16853,.T.);
#16856=ORIENTED_EDGE('',*,*,#16855,.F.);
#16858=ORIENTED_EDGE('',*,*,#16857,.F.);
#16860=ORIENTED_EDGE('',*,*,#16859,.T.);
#16861=EDGE_LOOP('',(#16854,#16856,#16858,#16860));
#16862=FACE_BOUND('',#16861,.F.);
#16864=ORIENTED_EDGE('',*,*,#16863,.T.);
#16866=ORIENTED_EDGE('',*,*,#16865,.F.);
#16868=ORIENTED_EDGE('',*,*,#16867,.F.);
#16870=ORIENTED_EDGE('',*,*,#16869,.T.);
#16871=EDGE_LOOP('',(#16864,#16866,#16868,#16870));
#16872=FACE_BOUND('',#16871,.F.);
#16874=ORIENTED_EDGE('',*,*,#16873,.T.);
#16876=ORIENTED_EDGE('',*,*,#16875,.F.);
#16878=ORIENTED_EDGE('',*,*,#16877,.F.);
#16880=ORIENTED_EDGE('',*,*,#16879,.T.);
#16881=EDGE_LOOP('',(#16874,#16876,#16878,#16880));
#16882=FACE_BOUND('',#16881,.F.);
#16884=ORIENTED_EDGE('',*,*,#16883,.T.);
#16886=ORIENTED_EDGE('',*,*,#16885,.F.);
#16888=ORIENTED_EDGE('',*,*,#16887,.F.);
#16890=ORIENTED_EDGE('',*,*,#16889,.T.);
#16891=EDGE_LOOP('',(#16884,#16886,#16888,#16890));
#16892=FACE_BOUND('',#16891,.F.);
#16894=ORIENTED_EDGE('',*,*,#16893,.T.);
#16896=ORIENTED_EDGE('',*,*,#16895,.F.);
#16898=ORIENTED_EDGE('',*,*,#16897,.F.);
#16900=ORIENTED_EDGE('',*,*,#16899,.T.);
#16901=EDGE_LOOP('',(#16894,#16896,#16898,#16900));
#16902=FACE_BOUND('',#16901,.F.);
#16904=ORIENTED_EDGE('',*,*,#16903,.T.);
#16906=ORIENTED_EDGE('',*,*,#16905,.F.);
#16908=ORIENTED_EDGE('',*,*,#16907,.F.);
#16910=ORIENTED_EDGE('',*,*,#16909,.T.);
#16911=EDGE_LOOP('',(#16904,#16906,#16908,#16910));
#16912=FACE_BOUND('',#16911,.F.);
#16914=ORIENTED_EDGE('',*,*,#16913,.T.);
#16916=ORIENTED_EDGE('',*,*,#16915,.F.);
#16918=ORIENTED_EDGE('',*,*,#16917,.F.);
#16920=ORIENTED_EDGE('',*,*,#16919,.T.);
#16921=EDGE_LOOP('',(#16914,#16916,#16918,#16920));
#16922=FACE_BOUND('',#16921,.F.);
#16924=ORIENTED_EDGE('',*,*,#16923,.T.);
#16926=ORIENTED_EDGE('',*,*,#16925,.F.);
#16928=ORIENTED_EDGE('',*,*,#16927,.F.);
#16930=ORIENTED_EDGE('',*,*,#16929,.T.);
#16931=EDGE_LOOP('',(#16924,#16926,#16928,#16930));
#16932=FACE_BOUND('',#16931,.F.);
#16934=ORIENTED_EDGE('',*,*,#16933,.T.);
#16936=ORIENTED_EDGE('',*,*,#16935,.F.);
#16938=ORIENTED_EDGE('',*,*,#16937,.F.);
#16940=ORIENTED_EDGE('',*,*,#16939,.T.);
#16941=EDGE_LOOP('',(#16934,#16936,#16938,#16940));
#16942=FACE_BOUND('',#16941,.F.);
#16944=ORIENTED_EDGE('',*,*,#16943,.T.);
#16946=ORIENTED_EDGE('',*,*,#16945,.F.);
#16948=ORIENTED_EDGE('',*,*,#16947,.F.);
#16950=ORIENTED_EDGE('',*,*,#16949,.T.);
#16951=EDGE_LOOP('',(#16944,#16946,#16948,#16950));
#16952=FACE_BOUND('',#16951,.F.);
#16953=ADVANCED_FACE('',(#16852,#16862,#16872,#16882,#16892,#16902,#16912,
#16922,#16932,#16942,#16952),#16844,.F.);
#16954=CARTESIAN_POINT('',(-2.125333264941E-1,1.475E0,5.25E-1));
#16955=DIRECTION('',(0.E0,1.E0,0.E0));
#16956=DIRECTION('',(0.E0,0.E0,1.E0));
#16957=AXIS2_PLACEMENT_3D('',#16954,#16955,#16956);
#16958=PLANE('',#16957);
#16959=ORIENTED_EDGE('',*,*,#16933,.F.);
#16961=ORIENTED_EDGE('',*,*,#16960,.F.);
#16963=ORIENTED_EDGE('',*,*,#16962,.F.);
#16965=ORIENTED_EDGE('',*,*,#16964,.T.);
#16967=ORIENTED_EDGE('',*,*,#16966,.T.);
#16969=ORIENTED_EDGE('',*,*,#16968,.T.);
#16971=ORIENTED_EDGE('',*,*,#16970,.F.);
#16973=ORIENTED_EDGE('',*,*,#16972,.T.);
#16975=ORIENTED_EDGE('',*,*,#16974,.T.);
#16977=ORIENTED_EDGE('',*,*,#16976,.F.);
#16979=ORIENTED_EDGE('',*,*,#16978,.F.);
#16980=EDGE_LOOP('',(#16959,#16961,#16963,#16965,#16967,#16969,#16971,#16973,
#16975,#16977,#16979));
#16981=FACE_OUTER_BOUND('',#16980,.F.);
#16982=ADVANCED_FACE('',(#16981),#16958,.T.);
#16983=CARTESIAN_POINT('',(-1.2875E0,1.325E0,-5.85E-1));
#16984=DIRECTION('',(-1.E0,0.E0,0.E0));
#16985=DIRECTION('',(0.E0,0.E0,-1.E0));
#16986=AXIS2_PLACEMENT_3D('',#16983,#16984,#16985);
#16987=PLANE('',#16986);
#16988=ORIENTED_EDGE('',*,*,#16960,.T.);
#16989=ORIENTED_EDGE('',*,*,#16939,.F.);
#16991=ORIENTED_EDGE('',*,*,#16990,.F.);
#16993=ORIENTED_EDGE('',*,*,#16992,.T.);
#16994=EDGE_LOOP('',(#16988,#16989,#16991,#16993));
#16995=FACE_OUTER_BOUND('',#16994,.F.);
#16996=ADVANCED_FACE('',(#16995),#16987,.T.);
#16997=CARTESIAN_POINT('',(-2.125333264941E-1,1.325E0,5.25E-1));
#16998=DIRECTION('',(0.E0,1.E0,0.E0));
#16999=DIRECTION('',(0.E0,0.E0,1.E0));
#17000=AXIS2_PLACEMENT_3D('',#16997,#16998,#16999);
#17001=PLANE('',#17000);
#17002=ORIENTED_EDGE('',*,*,#16937,.T.);
#17004=ORIENTED_EDGE('',*,*,#17003,.T.);
#17006=ORIENTED_EDGE('',*,*,#17005,.F.);
#17008=ORIENTED_EDGE('',*,*,#17007,.F.);
#17010=ORIENTED_EDGE('',*,*,#17009,.F.);
#17012=ORIENTED_EDGE('',*,*,#17011,.F.);
#17014=ORIENTED_EDGE('',*,*,#17013,.F.);
#17016=ORIENTED_EDGE('',*,*,#17015,.F.);
#17018=ORIENTED_EDGE('',*,*,#17017,.F.);
#17020=ORIENTED_EDGE('',*,*,#17019,.F.);
#17021=ORIENTED_EDGE('',*,*,#16990,.T.);
#17022=EDGE_LOOP('',(#17002,#17004,#17006,#17008,#17010,#17012,#17014,#17016,
#17018,#17020,#17021));
#17023=FACE_OUTER_BOUND('',#17022,.F.);
#17024=ADVANCED_FACE('',(#17023),#17001,.F.);
#17025=CARTESIAN_POINT('',(-1.1375E0,1.325E0,-6.35E-1));
#17026=DIRECTION('',(1.E0,0.E0,-3.035766082959E-14));
#17027=DIRECTION('',(3.035766082959E-14,0.E0,1.E0));
#17028=AXIS2_PLACEMENT_3D('',#17025,#17026,#17027);
#17029=PLANE('',#17028);
#17030=ORIENTED_EDGE('',*,*,#16978,.T.);
#17032=ORIENTED_EDGE('',*,*,#17031,.T.);
#17033=ORIENTED_EDGE('',*,*,#17003,.F.);
#17034=ORIENTED_EDGE('',*,*,#16935,.T.);
#17035=EDGE_LOOP('',(#17030,#17032,#17033,#17034));
#17036=FACE_OUTER_BOUND('',#17035,.F.);
#17037=ADVANCED_FACE('',(#17036),#17029,.T.);
#17038=CARTESIAN_POINT('',(-1.0875E0,1.325E0,-6.35E-1));
#17039=DIRECTION('',(0.E0,1.E0,0.E0));
#17040=DIRECTION('',(0.E0,0.E0,1.E0));
#17041=AXIS2_PLACEMENT_3D('',#17038,#17039,#17040);
#17042=CYLINDRICAL_SURFACE('',#17041,5.E-2);
#17043=ORIENTED_EDGE('',*,*,#16976,.T.);
#17045=ORIENTED_EDGE('',*,*,#17044,.F.);
#17046=ORIENTED_EDGE('',*,*,#17005,.T.);
#17047=ORIENTED_EDGE('',*,*,#17031,.F.);
#17048=EDGE_LOOP('',(#17043,#17045,#17046,#17047));
#17049=FACE_OUTER_BOUND('',#17048,.F.);
#17050=ADVANCED_FACE('',(#17049),#17042,.F.);
#17051=CARTESIAN_POINT('',(-1.04E0,1.325E0,-6.85E-1));
#17052=DIRECTION('',(0.E0,0.E0,1.E0));
#17053=DIRECTION('',(-1.E0,0.E0,0.E0));
#17054=AXIS2_PLACEMENT_3D('',#17051,#17052,#17053);
#17055=PLANE('',#17054);
#17056=ORIENTED_EDGE('',*,*,#16974,.F.);
#17058=ORIENTED_EDGE('',*,*,#17057,.F.);
#17059=ORIENTED_EDGE('',*,*,#17007,.T.);
#17060=ORIENTED_EDGE('',*,*,#17044,.T.);
#17061=EDGE_LOOP('',(#17056,#17058,#17059,#17060));
#17062=FACE_OUTER_BOUND('',#17061,.F.);
#17063=ADVANCED_FACE('',(#17062),#17055,.T.);
#17064=CARTESIAN_POINT('',(-1.04E0,1.325E0,-8.35E-1));
#17065=DIRECTION('',(1.E0,0.E0,0.E0));
#17066=DIRECTION('',(0.E0,0.E0,1.E0));
#17067=AXIS2_PLACEMENT_3D('',#17064,#17065,#17066);
#17068=PLANE('',#17067);
#17069=ORIENTED_EDGE('',*,*,#16972,.F.);
#17071=ORIENTED_EDGE('',*,*,#17070,.T.);
#17072=ORIENTED_EDGE('',*,*,#17009,.T.);
#17073=ORIENTED_EDGE('',*,*,#17057,.T.);
#17074=EDGE_LOOP('',(#17069,#17071,#17072,#17073));
#17075=FACE_OUTER_BOUND('',#17074,.F.);
#17076=ADVANCED_FACE('',(#17075),#17068,.T.);
#17077=CARTESIAN_POINT('',(-1.09E0,1.325E0,-8.35E-1));
#17078=DIRECTION('',(-7.071067811865E-1,0.E0,7.071067811865E-1));
#17079=DIRECTION('',(0.E0,1.E0,0.E0));
#17080=AXIS2_PLACEMENT_3D('',#17077,#17078,#17079);
#17081=PLANE('',#17080);
#17082=ORIENTED_EDGE('',*,*,#17011,.T.);
#17083=ORIENTED_EDGE('',*,*,#17070,.F.);
#17084=ORIENTED_EDGE('',*,*,#16970,.T.);
#17086=ORIENTED_EDGE('',*,*,#17085,.F.);
#17087=EDGE_LOOP('',(#17082,#17083,#17084,#17086));
#17088=FACE_OUTER_BOUND('',#17087,.F.);
#17089=ADVANCED_FACE('',(#17088),#17081,.F.);
#17090=CARTESIAN_POINT('',(-1.6E0,1.325E0,-8.35E-1));
#17091=DIRECTION('',(0.E0,0.E0,-1.E0));
#17092=DIRECTION('',(1.E0,0.E0,0.E0));
#17093=AXIS2_PLACEMENT_3D('',#17090,#17091,#17092);
#17094=PLANE('',#17093);
#17095=ORIENTED_EDGE('',*,*,#17013,.T.);
#17096=ORIENTED_EDGE('',*,*,#17085,.T.);
#17097=ORIENTED_EDGE('',*,*,#16968,.F.);
#17099=ORIENTED_EDGE('',*,*,#17098,.F.);
#17100=EDGE_LOOP('',(#17095,#17096,#17097,#17099));
#17101=FACE_OUTER_BOUND('',#17100,.F.);
#17102=ADVANCED_FACE('',(#17101),#17094,.T.);
#17103=CARTESIAN_POINT('',(-1.6E0,1.325E0,-6.85E-1));
#17104=DIRECTION('',(-1.E0,0.E0,0.E0));
#17105=DIRECTION('',(0.E0,0.E0,-1.E0));
#17106=AXIS2_PLACEMENT_3D('',#17103,#17104,#17105);
#17107=PLANE('',#17106);
#17108=ORIENTED_EDGE('',*,*,#16966,.F.);
#17110=ORIENTED_EDGE('',*,*,#17109,.F.);
#17111=ORIENTED_EDGE('',*,*,#17015,.T.);
#17112=ORIENTED_EDGE('',*,*,#17098,.T.);
#17113=EDGE_LOOP('',(#17108,#17110,#17111,#17112));
#17114=FACE_OUTER_BOUND('',#17113,.F.);
#17115=ADVANCED_FACE('',(#17114),#17107,.T.);
#17116=CARTESIAN_POINT('',(-1.3375E0,1.325E0,-6.85E-1));
#17117=DIRECTION('',(0.E0,0.E0,1.E0));
#17118=DIRECTION('',(-1.E0,0.E0,0.E0));
#17119=AXIS2_PLACEMENT_3D('',#17116,#17117,#17118);
#17120=PLANE('',#17119);
#17121=ORIENTED_EDGE('',*,*,#16964,.F.);
#17123=ORIENTED_EDGE('',*,*,#17122,.T.);
#17124=ORIENTED_EDGE('',*,*,#17017,.T.);
#17125=ORIENTED_EDGE('',*,*,#17109,.T.);
#17126=EDGE_LOOP('',(#17121,#17123,#17124,#17125));
#17127=FACE_OUTER_BOUND('',#17126,.F.);
#17128=ADVANCED_FACE('',(#17127),#17120,.T.);
#17129=CARTESIAN_POINT('',(-1.3375E0,1.325E0,-6.35E-1));
#17130=DIRECTION('',(0.E0,1.E0,0.E0));
#17131=DIRECTION('',(0.E0,0.E0,1.E0));
#17132=AXIS2_PLACEMENT_3D('',#17129,#17130,#17131);
#17133=CYLINDRICAL_SURFACE('',#17132,5.E-2);
#17134=ORIENTED_EDGE('',*,*,#16962,.T.);
#17135=ORIENTED_EDGE('',*,*,#16992,.F.);
#17136=ORIENTED_EDGE('',*,*,#17019,.T.);
#17137=ORIENTED_EDGE('',*,*,#17122,.F.);
#17138=EDGE_LOOP('',(#17134,#17135,#17136,#17137));
#17139=FACE_OUTER_BOUND('',#17138,.F.);
#17140=ADVANCED_FACE('',(#17139),#17133,.F.);
#17141=CARTESIAN_POINT('',(-2.125333264941E-1,-1.25E-1,5.25E-1));
#17142=DIRECTION('',(0.E0,1.E0,0.E0));
#17143=DIRECTION('',(0.E0,0.E0,1.E0));
#17144=AXIS2_PLACEMENT_3D('',#17141,#17142,#17143);
#17145=PLANE('',#17144);
#17146=ORIENTED_EDGE('',*,*,#16853,.F.);
#17148=ORIENTED_EDGE('',*,*,#17147,.F.);
#17150=ORIENTED_EDGE('',*,*,#17149,.F.);
#17152=ORIENTED_EDGE('',*,*,#17151,.T.);
#17154=ORIENTED_EDGE('',*,*,#17153,.T.);
#17156=ORIENTED_EDGE('',*,*,#17155,.T.);
#17158=ORIENTED_EDGE('',*,*,#17157,.F.);
#17160=ORIENTED_EDGE('',*,*,#17159,.T.);
#17162=ORIENTED_EDGE('',*,*,#17161,.T.);
#17164=ORIENTED_EDGE('',*,*,#17163,.F.);
#17166=ORIENTED_EDGE('',*,*,#17165,.F.);
#17167=EDGE_LOOP('',(#17146,#17148,#17150,#17152,#17154,#17156,#17158,#17160,
#17162,#17164,#17166));
#17168=FACE_OUTER_BOUND('',#17167,.F.);
#17169=ADVANCED_FACE('',(#17168),#17145,.T.);
#17170=CARTESIAN_POINT('',(-1.2875E0,-2.75E-1,-5.85E-1));
#17171=DIRECTION('',(-1.E0,0.E0,0.E0));
#17172=DIRECTION('',(0.E0,0.E0,-1.E0));
#17173=AXIS2_PLACEMENT_3D('',#17170,#17171,#17172);
#17174=PLANE('',#17173);
#17175=ORIENTED_EDGE('',*,*,#17147,.T.);
#17176=ORIENTED_EDGE('',*,*,#16859,.F.);
#17178=ORIENTED_EDGE('',*,*,#17177,.F.);
#17180=ORIENTED_EDGE('',*,*,#17179,.T.);
#17181=EDGE_LOOP('',(#17175,#17176,#17178,#17180));
#17182=FACE_OUTER_BOUND('',#17181,.F.);
#17183=ADVANCED_FACE('',(#17182),#17174,.T.);
#17184=CARTESIAN_POINT('',(-2.125333264941E-1,-2.75E-1,5.25E-1));
#17185=DIRECTION('',(0.E0,1.E0,0.E0));
#17186=DIRECTION('',(0.E0,0.E0,1.E0));
#17187=AXIS2_PLACEMENT_3D('',#17184,#17185,#17186);
#17188=PLANE('',#17187);
#17189=ORIENTED_EDGE('',*,*,#16857,.T.);
#17191=ORIENTED_EDGE('',*,*,#17190,.T.);
#17193=ORIENTED_EDGE('',*,*,#17192,.F.);
#17195=ORIENTED_EDGE('',*,*,#17194,.F.);
#17197=ORIENTED_EDGE('',*,*,#17196,.F.);
#17199=ORIENTED_EDGE('',*,*,#17198,.F.);
#17201=ORIENTED_EDGE('',*,*,#17200,.F.);
#17203=ORIENTED_EDGE('',*,*,#17202,.F.);
#17205=ORIENTED_EDGE('',*,*,#17204,.F.);
#17207=ORIENTED_EDGE('',*,*,#17206,.F.);
#17208=ORIENTED_EDGE('',*,*,#17177,.T.);
#17209=EDGE_LOOP('',(#17189,#17191,#17193,#17195,#17197,#17199,#17201,#17203,
#17205,#17207,#17208));
#17210=FACE_OUTER_BOUND('',#17209,.F.);
#17211=ADVANCED_FACE('',(#17210),#17188,.F.);
#17212=CARTESIAN_POINT('',(-1.1375E0,-2.75E-1,-6.35E-1));
#17213=DIRECTION('',(1.E0,0.E0,-3.035766082959E-14));
#17214=DIRECTION('',(3.035766082959E-14,0.E0,1.E0));
#17215=AXIS2_PLACEMENT_3D('',#17212,#17213,#17214);
#17216=PLANE('',#17215);
#17217=ORIENTED_EDGE('',*,*,#17165,.T.);
#17219=ORIENTED_EDGE('',*,*,#17218,.T.);
#17220=ORIENTED_EDGE('',*,*,#17190,.F.);
#17221=ORIENTED_EDGE('',*,*,#16855,.T.);
#17222=EDGE_LOOP('',(#17217,#17219,#17220,#17221));
#17223=FACE_OUTER_BOUND('',#17222,.F.);
#17224=ADVANCED_FACE('',(#17223),#17216,.T.);
#17225=CARTESIAN_POINT('',(-1.0875E0,-2.75E-1,-6.35E-1));
#17226=DIRECTION('',(0.E0,1.E0,0.E0));
#17227=DIRECTION('',(0.E0,0.E0,1.E0));
#17228=AXIS2_PLACEMENT_3D('',#17225,#17226,#17227);
#17229=CYLINDRICAL_SURFACE('',#17228,5.E-2);
#17230=ORIENTED_EDGE('',*,*,#17163,.T.);
#17232=ORIENTED_EDGE('',*,*,#17231,.F.);
#17233=ORIENTED_EDGE('',*,*,#17192,.T.);
#17234=ORIENTED_EDGE('',*,*,#17218,.F.);
#17235=EDGE_LOOP('',(#17230,#17232,#17233,#17234));
#17236=FACE_OUTER_BOUND('',#17235,.F.);
#17237=ADVANCED_FACE('',(#17236),#17229,.F.);
#17238=CARTESIAN_POINT('',(-1.04E0,-2.75E-1,-6.85E-1));
#17239=DIRECTION('',(0.E0,0.E0,1.E0));
#17240=DIRECTION('',(-1.E0,0.E0,0.E0));
#17241=AXIS2_PLACEMENT_3D('',#17238,#17239,#17240);
#17242=PLANE('',#17241);
#17243=ORIENTED_EDGE('',*,*,#17161,.F.);
#17245=ORIENTED_EDGE('',*,*,#17244,.F.);
#17246=ORIENTED_EDGE('',*,*,#17194,.T.);
#17247=ORIENTED_EDGE('',*,*,#17231,.T.);
#17248=EDGE_LOOP('',(#17243,#17245,#17246,#17247));
#17249=FACE_OUTER_BOUND('',#17248,.F.);
#17250=ADVANCED_FACE('',(#17249),#17242,.T.);
#17251=CARTESIAN_POINT('',(-1.04E0,-2.75E-1,-8.35E-1));
#17252=DIRECTION('',(1.E0,0.E0,0.E0));
#17253=DIRECTION('',(0.E0,0.E0,1.E0));
#17254=AXIS2_PLACEMENT_3D('',#17251,#17252,#17253);
#17255=PLANE('',#17254);
#17256=ORIENTED_EDGE('',*,*,#17159,.F.);
#17258=ORIENTED_EDGE('',*,*,#17257,.T.);
#17259=ORIENTED_EDGE('',*,*,#17196,.T.);
#17260=ORIENTED_EDGE('',*,*,#17244,.T.);
#17261=EDGE_LOOP('',(#17256,#17258,#17259,#17260));
#17262=FACE_OUTER_BOUND('',#17261,.F.);
#17263=ADVANCED_FACE('',(#17262),#17255,.T.);
#17264=CARTESIAN_POINT('',(-1.09E0,-2.75E-1,-8.35E-1));
#17265=DIRECTION('',(-7.071067811865E-1,0.E0,7.071067811865E-1));
#17266=DIRECTION('',(0.E0,1.E0,0.E0));
#17267=AXIS2_PLACEMENT_3D('',#17264,#17265,#17266);
#17268=PLANE('',#17267);
#17269=ORIENTED_EDGE('',*,*,#17198,.T.);
#17270=ORIENTED_EDGE('',*,*,#17257,.F.);
#17271=ORIENTED_EDGE('',*,*,#17157,.T.);
#17273=ORIENTED_EDGE('',*,*,#17272,.F.);
#17274=EDGE_LOOP('',(#17269,#17270,#17271,#17273));
#17275=FACE_OUTER_BOUND('',#17274,.F.);
#17276=ADVANCED_FACE('',(#17275),#17268,.F.);
#17277=CARTESIAN_POINT('',(-1.6E0,-2.75E-1,-8.35E-1));
#17278=DIRECTION('',(0.E0,0.E0,-1.E0));
#17279=DIRECTION('',(1.E0,0.E0,0.E0));
#17280=AXIS2_PLACEMENT_3D('',#17277,#17278,#17279);
#17281=PLANE('',#17280);
#17282=ORIENTED_EDGE('',*,*,#17200,.T.);
#17283=ORIENTED_EDGE('',*,*,#17272,.T.);
#17284=ORIENTED_EDGE('',*,*,#17155,.F.);
#17286=ORIENTED_EDGE('',*,*,#17285,.F.);
#17287=EDGE_LOOP('',(#17282,#17283,#17284,#17286));
#17288=FACE_OUTER_BOUND('',#17287,.F.);
#17289=ADVANCED_FACE('',(#17288),#17281,.T.);
#17290=CARTESIAN_POINT('',(-1.6E0,-2.75E-1,-6.85E-1));
#17291=DIRECTION('',(-1.E0,0.E0,0.E0));
#17292=DIRECTION('',(0.E0,0.E0,-1.E0));
#17293=AXIS2_PLACEMENT_3D('',#17290,#17291,#17292);
#17294=PLANE('',#17293);
#17295=ORIENTED_EDGE('',*,*,#17153,.F.);
#17297=ORIENTED_EDGE('',*,*,#17296,.F.);
#17298=ORIENTED_EDGE('',*,*,#17202,.T.);
#17299=ORIENTED_EDGE('',*,*,#17285,.T.);
#17300=EDGE_LOOP('',(#17295,#17297,#17298,#17299));
#17301=FACE_OUTER_BOUND('',#17300,.F.);
#17302=ADVANCED_FACE('',(#17301),#17294,.T.);
#17303=CARTESIAN_POINT('',(-1.3375E0,-2.75E-1,-6.85E-1));
#17304=DIRECTION('',(0.E0,0.E0,1.E0));
#17305=DIRECTION('',(-1.E0,0.E0,0.E0));
#17306=AXIS2_PLACEMENT_3D('',#17303,#17304,#17305);
#17307=PLANE('',#17306);
#17308=ORIENTED_EDGE('',*,*,#17151,.F.);
#17310=ORIENTED_EDGE('',*,*,#17309,.T.);
#17311=ORIENTED_EDGE('',*,*,#17204,.T.);
#17312=ORIENTED_EDGE('',*,*,#17296,.T.);
#17313=EDGE_LOOP('',(#17308,#17310,#17311,#17312));
#17314=FACE_OUTER_BOUND('',#17313,.F.);
#17315=ADVANCED_FACE('',(#17314),#17307,.T.);
#17316=CARTESIAN_POINT('',(-1.3375E0,-2.75E-1,-6.35E-1));
#17317=DIRECTION('',(0.E0,1.E0,0.E0));
#17318=DIRECTION('',(0.E0,0.E0,1.E0));
#17319=AXIS2_PLACEMENT_3D('',#17316,#17317,#17318);
#17320=CYLINDRICAL_SURFACE('',#17319,5.E-2);
#17321=ORIENTED_EDGE('',*,*,#17149,.T.);
#17322=ORIENTED_EDGE('',*,*,#17179,.F.);
#17323=ORIENTED_EDGE('',*,*,#17206,.T.);
#17324=ORIENTED_EDGE('',*,*,#17309,.F.);
#17325=EDGE_LOOP('',(#17321,#17322,#17323,#17324));
#17326=FACE_OUTER_BOUND('',#17325,.F.);
#17327=ADVANCED_FACE('',(#17326),#17320,.F.);
#17328=CARTESIAN_POINT('',(-2.125333264941E-1,2.75E-1,5.25E-1));
#17329=DIRECTION('',(0.E0,1.E0,0.E0));
#17330=DIRECTION('',(0.E0,0.E0,1.E0));
#17331=AXIS2_PLACEMENT_3D('',#17328,#17329,#17330);
#17332=PLANE('',#17331);
#17333=ORIENTED_EDGE('',*,*,#16863,.F.);
#17335=ORIENTED_EDGE('',*,*,#17334,.F.);
#17337=ORIENTED_EDGE('',*,*,#17336,.F.);
#17339=ORIENTED_EDGE('',*,*,#17338,.T.);
#17341=ORIENTED_EDGE('',*,*,#17340,.T.);
#17343=ORIENTED_EDGE('',*,*,#17342,.T.);
#17345=ORIENTED_EDGE('',*,*,#17344,.F.);
#17347=ORIENTED_EDGE('',*,*,#17346,.T.);
#17349=ORIENTED_EDGE('',*,*,#17348,.T.);
#17351=ORIENTED_EDGE('',*,*,#17350,.F.);
#17353=ORIENTED_EDGE('',*,*,#17352,.F.);
#17354=EDGE_LOOP('',(#17333,#17335,#17337,#17339,#17341,#17343,#17345,#17347,
#17349,#17351,#17353));
#17355=FACE_OUTER_BOUND('',#17354,.F.);
#17356=ADVANCED_FACE('',(#17355),#17332,.T.);
#17357=CARTESIAN_POINT('',(-1.2875E0,1.25E-1,-5.85E-1));
#17358=DIRECTION('',(-1.E0,0.E0,0.E0));
#17359=DIRECTION('',(0.E0,0.E0,-1.E0));
#17360=AXIS2_PLACEMENT_3D('',#17357,#17358,#17359);
#17361=PLANE('',#17360);
#17362=ORIENTED_EDGE('',*,*,#17334,.T.);
#17363=ORIENTED_EDGE('',*,*,#16869,.F.);
#17365=ORIENTED_EDGE('',*,*,#17364,.F.);
#17367=ORIENTED_EDGE('',*,*,#17366,.T.);
#17368=EDGE_LOOP('',(#17362,#17363,#17365,#17367));
#17369=FACE_OUTER_BOUND('',#17368,.F.);
#17370=ADVANCED_FACE('',(#17369),#17361,.T.);
#17371=CARTESIAN_POINT('',(-2.125333264941E-1,1.25E-1,5.25E-1));
#17372=DIRECTION('',(0.E0,1.E0,0.E0));
#17373=DIRECTION('',(0.E0,0.E0,1.E0));
#17374=AXIS2_PLACEMENT_3D('',#17371,#17372,#17373);
#17375=PLANE('',#17374);
#17376=ORIENTED_EDGE('',*,*,#16867,.T.);
#17378=ORIENTED_EDGE('',*,*,#17377,.T.);
#17380=ORIENTED_EDGE('',*,*,#17379,.F.);
#17382=ORIENTED_EDGE('',*,*,#17381,.F.);
#17384=ORIENTED_EDGE('',*,*,#17383,.F.);
#17386=ORIENTED_EDGE('',*,*,#17385,.F.);
#17388=ORIENTED_EDGE('',*,*,#17387,.F.);
#17390=ORIENTED_EDGE('',*,*,#17389,.F.);
#17392=ORIENTED_EDGE('',*,*,#17391,.F.);
#17394=ORIENTED_EDGE('',*,*,#17393,.F.);
#17395=ORIENTED_EDGE('',*,*,#17364,.T.);
#17396=EDGE_LOOP('',(#17376,#17378,#17380,#17382,#17384,#17386,#17388,#17390,
#17392,#17394,#17395));
#17397=FACE_OUTER_BOUND('',#17396,.F.);
#17398=ADVANCED_FACE('',(#17397),#17375,.F.);
#17399=CARTESIAN_POINT('',(-1.1375E0,1.25E-1,-6.35E-1));
#17400=DIRECTION('',(1.E0,0.E0,-3.035766082959E-14));
#17401=DIRECTION('',(3.035766082959E-14,0.E0,1.E0));
#17402=AXIS2_PLACEMENT_3D('',#17399,#17400,#17401);
#17403=PLANE('',#17402);
#17404=ORIENTED_EDGE('',*,*,#17352,.T.);
#17406=ORIENTED_EDGE('',*,*,#17405,.T.);
#17407=ORIENTED_EDGE('',*,*,#17377,.F.);
#17408=ORIENTED_EDGE('',*,*,#16865,.T.);
#17409=EDGE_LOOP('',(#17404,#17406,#17407,#17408));
#17410=FACE_OUTER_BOUND('',#17409,.F.);
#17411=ADVANCED_FACE('',(#17410),#17403,.T.);
#17412=CARTESIAN_POINT('',(-1.0875E0,1.25E-1,-6.35E-1));
#17413=DIRECTION('',(0.E0,1.E0,0.E0));
#17414=DIRECTION('',(0.E0,0.E0,1.E0));
#17415=AXIS2_PLACEMENT_3D('',#17412,#17413,#17414);
#17416=CYLINDRICAL_SURFACE('',#17415,5.E-2);
#17417=ORIENTED_EDGE('',*,*,#17350,.T.);
#17419=ORIENTED_EDGE('',*,*,#17418,.F.);
#17420=ORIENTED_EDGE('',*,*,#17379,.T.);
#17421=ORIENTED_EDGE('',*,*,#17405,.F.);
#17422=EDGE_LOOP('',(#17417,#17419,#17420,#17421));
#17423=FACE_OUTER_BOUND('',#17422,.F.);
#17424=ADVANCED_FACE('',(#17423),#17416,.F.);
#17425=CARTESIAN_POINT('',(-1.04E0,1.25E-1,-6.85E-1));
#17426=DIRECTION('',(0.E0,0.E0,1.E0));
#17427=DIRECTION('',(-1.E0,0.E0,0.E0));
#17428=AXIS2_PLACEMENT_3D('',#17425,#17426,#17427);
#17429=PLANE('',#17428);
#17430=ORIENTED_EDGE('',*,*,#17348,.F.);
#17432=ORIENTED_EDGE('',*,*,#17431,.F.);
#17433=ORIENTED_EDGE('',*,*,#17381,.T.);
#17434=ORIENTED_EDGE('',*,*,#17418,.T.);
#17435=EDGE_LOOP('',(#17430,#17432,#17433,#17434));
#17436=FACE_OUTER_BOUND('',#17435,.F.);
#17437=ADVANCED_FACE('',(#17436),#17429,.T.);
#17438=CARTESIAN_POINT('',(-1.04E0,1.25E-1,-8.35E-1));
#17439=DIRECTION('',(1.E0,0.E0,0.E0));
#17440=DIRECTION('',(0.E0,0.E0,1.E0));
#17441=AXIS2_PLACEMENT_3D('',#17438,#17439,#17440);
#17442=PLANE('',#17441);
#17443=ORIENTED_EDGE('',*,*,#17346,.F.);
#17445=ORIENTED_EDGE('',*,*,#17444,.T.);
#17446=ORIENTED_EDGE('',*,*,#17383,.T.);
#17447=ORIENTED_EDGE('',*,*,#17431,.T.);
#17448=EDGE_LOOP('',(#17443,#17445,#17446,#17447));
#17449=FACE_OUTER_BOUND('',#17448,.F.);
#17450=ADVANCED_FACE('',(#17449),#17442,.T.);
#17451=CARTESIAN_POINT('',(-1.09E0,1.25E-1,-8.35E-1));
#17452=DIRECTION('',(-7.071067811865E-1,0.E0,7.071067811865E-1));
#17453=DIRECTION('',(0.E0,1.E0,0.E0));
#17454=AXIS2_PLACEMENT_3D('',#17451,#17452,#17453);
#17455=PLANE('',#17454);
#17456=ORIENTED_EDGE('',*,*,#17385,.T.);
#17457=ORIENTED_EDGE('',*,*,#17444,.F.);
#17458=ORIENTED_EDGE('',*,*,#17344,.T.);
#17460=ORIENTED_EDGE('',*,*,#17459,.F.);
#17461=EDGE_LOOP('',(#17456,#17457,#17458,#17460));
#17462=FACE_OUTER_BOUND('',#17461,.F.);
#17463=ADVANCED_FACE('',(#17462),#17455,.F.);
#17464=CARTESIAN_POINT('',(-1.6E0,1.25E-1,-8.35E-1));
#17465=DIRECTION('',(0.E0,0.E0,-1.E0));
#17466=DIRECTION('',(1.E0,0.E0,0.E0));
#17467=AXIS2_PLACEMENT_3D('',#17464,#17465,#17466);
#17468=PLANE('',#17467);
#17469=ORIENTED_EDGE('',*,*,#17387,.T.);
#17470=ORIENTED_EDGE('',*,*,#17459,.T.);
#17471=ORIENTED_EDGE('',*,*,#17342,.F.);
#17473=ORIENTED_EDGE('',*,*,#17472,.F.);
#17474=EDGE_LOOP('',(#17469,#17470,#17471,#17473));
#17475=FACE_OUTER_BOUND('',#17474,.F.);
#17476=ADVANCED_FACE('',(#17475),#17468,.T.);
#17477=CARTESIAN_POINT('',(-1.6E0,1.25E-1,-6.85E-1));
#17478=DIRECTION('',(-1.E0,0.E0,0.E0));
#17479=DIRECTION('',(0.E0,0.E0,-1.E0));
#17480=AXIS2_PLACEMENT_3D('',#17477,#17478,#17479);
#17481=PLANE('',#17480);
#17482=ORIENTED_EDGE('',*,*,#17340,.F.);
#17484=ORIENTED_EDGE('',*,*,#17483,.F.);
#17485=ORIENTED_EDGE('',*,*,#17389,.T.);
#17486=ORIENTED_EDGE('',*,*,#17472,.T.);
#17487=EDGE_LOOP('',(#17482,#17484,#17485,#17486));
#17488=FACE_OUTER_BOUND('',#17487,.F.);
#17489=ADVANCED_FACE('',(#17488),#17481,.T.);
#17490=CARTESIAN_POINT('',(-1.3375E0,1.25E-1,-6.85E-1));
#17491=DIRECTION('',(0.E0,0.E0,1.E0));
#17492=DIRECTION('',(-1.E0,0.E0,0.E0));
#17493=AXIS2_PLACEMENT_3D('',#17490,#17491,#17492);
#17494=PLANE('',#17493);
#17495=ORIENTED_EDGE('',*,*,#17338,.F.);
#17497=ORIENTED_EDGE('',*,*,#17496,.T.);
#17498=ORIENTED_EDGE('',*,*,#17391,.T.);
#17499=ORIENTED_EDGE('',*,*,#17483,.T.);
#17500=EDGE_LOOP('',(#17495,#17497,#17498,#17499));
#17501=FACE_OUTER_BOUND('',#17500,.F.);
#17502=ADVANCED_FACE('',(#17501),#17494,.T.);
#17503=CARTESIAN_POINT('',(-1.3375E0,1.25E-1,-6.35E-1));
#17504=DIRECTION('',(0.E0,1.E0,0.E0));
#17505=DIRECTION('',(0.E0,0.E0,1.E0));
#17506=AXIS2_PLACEMENT_3D('',#17503,#17504,#17505);
#17507=CYLINDRICAL_SURFACE('',#17506,5.E-2);
#17508=ORIENTED_EDGE('',*,*,#17336,.T.);
#17509=ORIENTED_EDGE('',*,*,#17366,.F.);
#17510=ORIENTED_EDGE('',*,*,#17393,.T.);
#17511=ORIENTED_EDGE('',*,*,#17496,.F.);
#17512=EDGE_LOOP('',(#17508,#17509,#17510,#17511));
#17513=FACE_OUTER_BOUND('',#17512,.F.);
#17514=ADVANCED_FACE('',(#17513),#17507,.F.);
#17515=CARTESIAN_POINT('',(-2.125333264941E-1,-1.325E0,5.25E-1));
#17516=DIRECTION('',(0.E0,1.E0,0.E0));
#17517=DIRECTION('',(0.E0,0.E0,1.E0));
#17518=AXIS2_PLACEMENT_3D('',#17515,#17516,#17517);
#17519=PLANE('',#17518);
#17520=ORIENTED_EDGE('',*,*,#16873,.F.);
#17522=ORIENTED_EDGE('',*,*,#17521,.F.);
#17524=ORIENTED_EDGE('',*,*,#17523,.F.);
#17526=ORIENTED_EDGE('',*,*,#17525,.T.);
#17528=ORIENTED_EDGE('',*,*,#17527,.T.);
#17530=ORIENTED_EDGE('',*,*,#17529,.T.);
#17532=ORIENTED_EDGE('',*,*,#17531,.F.);
#17534=ORIENTED_EDGE('',*,*,#17533,.T.);
#17536=ORIENTED_EDGE('',*,*,#17535,.T.);
#17538=ORIENTED_EDGE('',*,*,#17537,.F.);
#17540=ORIENTED_EDGE('',*,*,#17539,.F.);
#17541=EDGE_LOOP('',(#17520,#17522,#17524,#17526,#17528,#17530,#17532,#17534,
#17536,#17538,#17540));
#17542=FACE_OUTER_BOUND('',#17541,.F.);
#17543=ADVANCED_FACE('',(#17542),#17519,.T.);
#17544=CARTESIAN_POINT('',(-1.2875E0,-1.475E0,-5.85E-1));
#17545=DIRECTION('',(-1.E0,0.E0,0.E0));
#17546=DIRECTION('',(0.E0,0.E0,-1.E0));
#17547=AXIS2_PLACEMENT_3D('',#17544,#17545,#17546);
#17548=PLANE('',#17547);
#17549=ORIENTED_EDGE('',*,*,#17521,.T.);
#17550=ORIENTED_EDGE('',*,*,#16879,.F.);
#17552=ORIENTED_EDGE('',*,*,#17551,.F.);
#17554=ORIENTED_EDGE('',*,*,#17553,.T.);
#17555=EDGE_LOOP('',(#17549,#17550,#17552,#17554));
#17556=FACE_OUTER_BOUND('',#17555,.F.);
#17557=ADVANCED_FACE('',(#17556),#17548,.T.);
#17558=CARTESIAN_POINT('',(-2.125333264941E-1,-1.475E0,5.25E-1));
#17559=DIRECTION('',(0.E0,1.E0,0.E0));
#17560=DIRECTION('',(0.E0,0.E0,1.E0));
#17561=AXIS2_PLACEMENT_3D('',#17558,#17559,#17560);
#17562=PLANE('',#17561);
#17563=ORIENTED_EDGE('',*,*,#16877,.T.);
#17565=ORIENTED_EDGE('',*,*,#17564,.T.);
#17567=ORIENTED_EDGE('',*,*,#17566,.F.);
#17569=ORIENTED_EDGE('',*,*,#17568,.F.);
#17571=ORIENTED_EDGE('',*,*,#17570,.F.);
#17573=ORIENTED_EDGE('',*,*,#17572,.F.);
#17575=ORIENTED_EDGE('',*,*,#17574,.F.);
#17577=ORIENTED_EDGE('',*,*,#17576,.F.);
#17579=ORIENTED_EDGE('',*,*,#17578,.F.);
#17581=ORIENTED_EDGE('',*,*,#17580,.F.);
#17582=ORIENTED_EDGE('',*,*,#17551,.T.);
#17583=EDGE_LOOP('',(#17563,#17565,#17567,#17569,#17571,#17573,#17575,#17577,
#17579,#17581,#17582));
#17584=FACE_OUTER_BOUND('',#17583,.F.);
#17585=ADVANCED_FACE('',(#17584),#17562,.F.);
#17586=CARTESIAN_POINT('',(-1.1375E0,-1.475E0,-6.35E-1));
#17587=DIRECTION('',(1.E0,0.E0,-3.035766082959E-14));
#17588=DIRECTION('',(3.035766082959E-14,0.E0,1.E0));
#17589=AXIS2_PLACEMENT_3D('',#17586,#17587,#17588);
#17590=PLANE('',#17589);
#17591=ORIENTED_EDGE('',*,*,#17539,.T.);
#17593=ORIENTED_EDGE('',*,*,#17592,.T.);
#17594=ORIENTED_EDGE('',*,*,#17564,.F.);
#17595=ORIENTED_EDGE('',*,*,#16875,.T.);
#17596=EDGE_LOOP('',(#17591,#17593,#17594,#17595));
#17597=FACE_OUTER_BOUND('',#17596,.F.);
#17598=ADVANCED_FACE('',(#17597),#17590,.T.);
#17599=CARTESIAN_POINT('',(-1.0875E0,-1.475E0,-6.35E-1));
#17600=DIRECTION('',(0.E0,1.E0,0.E0));
#17601=DIRECTION('',(0.E0,0.E0,1.E0));
#17602=AXIS2_PLACEMENT_3D('',#17599,#17600,#17601);
#17603=CYLINDRICAL_SURFACE('',#17602,5.E-2);
#17604=ORIENTED_EDGE('',*,*,#17537,.T.);
#17606=ORIENTED_EDGE('',*,*,#17605,.F.);
#17607=ORIENTED_EDGE('',*,*,#17566,.T.);
#17608=ORIENTED_EDGE('',*,*,#17592,.F.);
#17609=EDGE_LOOP('',(#17604,#17606,#17607,#17608));
#17610=FACE_OUTER_BOUND('',#17609,.F.);
#17611=ADVANCED_FACE('',(#17610),#17603,.F.);
#17612=CARTESIAN_POINT('',(-1.04E0,-1.475E0,-6.85E-1));
#17613=DIRECTION('',(0.E0,0.E0,1.E0));
#17614=DIRECTION('',(-1.E0,0.E0,0.E0));
#17615=AXIS2_PLACEMENT_3D('',#17612,#17613,#17614);
#17616=PLANE('',#17615);
#17617=ORIENTED_EDGE('',*,*,#17535,.F.);
#17619=ORIENTED_EDGE('',*,*,#17618,.F.);
#17620=ORIENTED_EDGE('',*,*,#17568,.T.);
#17621=ORIENTED_EDGE('',*,*,#17605,.T.);
#17622=EDGE_LOOP('',(#17617,#17619,#17620,#17621));
#17623=FACE_OUTER_BOUND('',#17622,.F.);
#17624=ADVANCED_FACE('',(#17623),#17616,.T.);
#17625=CARTESIAN_POINT('',(-1.04E0,-1.475E0,-8.35E-1));
#17626=DIRECTION('',(1.E0,0.E0,0.E0));
#17627=DIRECTION('',(0.E0,0.E0,1.E0));
#17628=AXIS2_PLACEMENT_3D('',#17625,#17626,#17627);
#17629=PLANE('',#17628);
#17630=ORIENTED_EDGE('',*,*,#17533,.F.);
#17632=ORIENTED_EDGE('',*,*,#17631,.T.);
#17633=ORIENTED_EDGE('',*,*,#17570,.T.);
#17634=ORIENTED_EDGE('',*,*,#17618,.T.);
#17635=EDGE_LOOP('',(#17630,#17632,#17633,#17634));
#17636=FACE_OUTER_BOUND('',#17635,.F.);
#17637=ADVANCED_FACE('',(#17636),#17629,.T.);
#17638=CARTESIAN_POINT('',(-1.09E0,-1.475E0,-8.35E-1));
#17639=DIRECTION('',(-7.071067811865E-1,0.E0,7.071067811865E-1));
#17640=DIRECTION('',(0.E0,1.E0,0.E0));
#17641=AXIS2_PLACEMENT_3D('',#17638,#17639,#17640);
#17642=PLANE('',#17641);
#17643=ORIENTED_EDGE('',*,*,#17572,.T.);
#17644=ORIENTED_EDGE('',*,*,#17631,.F.);
#17645=ORIENTED_EDGE('',*,*,#17531,.T.);
#17647=ORIENTED_EDGE('',*,*,#17646,.F.);
#17648=EDGE_LOOP('',(#17643,#17644,#17645,#17647));
#17649=FACE_OUTER_BOUND('',#17648,.F.);
#17650=ADVANCED_FACE('',(#17649),#17642,.F.);
#17651=CARTESIAN_POINT('',(-1.6E0,-1.475E0,-8.35E-1));
#17652=DIRECTION('',(0.E0,0.E0,-1.E0));
#17653=DIRECTION('',(1.E0,0.E0,0.E0));
#17654=AXIS2_PLACEMENT_3D('',#17651,#17652,#17653);
#17655=PLANE('',#17654);
#17656=ORIENTED_EDGE('',*,*,#17574,.T.);
#17657=ORIENTED_EDGE('',*,*,#17646,.T.);
#17658=ORIENTED_EDGE('',*,*,#17529,.F.);
#17660=ORIENTED_EDGE('',*,*,#17659,.F.);
#17661=EDGE_LOOP('',(#17656,#17657,#17658,#17660));
#17662=FACE_OUTER_BOUND('',#17661,.F.);
#17663=ADVANCED_FACE('',(#17662),#17655,.T.);
#17664=CARTESIAN_POINT('',(-1.6E0,-1.475E0,-6.85E-1));
#17665=DIRECTION('',(-1.E0,0.E0,0.E0));
#17666=DIRECTION('',(0.E0,0.E0,-1.E0));
#17667=AXIS2_PLACEMENT_3D('',#17664,#17665,#17666);
#17668=PLANE('',#17667);
#17669=ORIENTED_EDGE('',*,*,#17527,.F.);
#17671=ORIENTED_EDGE('',*,*,#17670,.F.);
#17672=ORIENTED_EDGE('',*,*,#17576,.T.);
#17673=ORIENTED_EDGE('',*,*,#17659,.T.);
#17674=EDGE_LOOP('',(#17669,#17671,#17672,#17673));
#17675=FACE_OUTER_BOUND('',#17674,.F.);
#17676=ADVANCED_FACE('',(#17675),#17668,.T.);
#17677=CARTESIAN_POINT('',(-1.3375E0,-1.475E0,-6.85E-1));
#17678=DIRECTION('',(0.E0,0.E0,1.E0));
#17679=DIRECTION('',(-1.E0,0.E0,0.E0));
#17680=AXIS2_PLACEMENT_3D('',#17677,#17678,#17679);
#17681=PLANE('',#17680);
#17682=ORIENTED_EDGE('',*,*,#17525,.F.);
#17684=ORIENTED_EDGE('',*,*,#17683,.T.);
#17685=ORIENTED_EDGE('',*,*,#17578,.T.);
#17686=ORIENTED_EDGE('',*,*,#17670,.T.);
#17687=EDGE_LOOP('',(#17682,#17684,#17685,#17686));
#17688=FACE_OUTER_BOUND('',#17687,.F.);
#17689=ADVANCED_FACE('',(#17688),#17681,.T.);
#17690=CARTESIAN_POINT('',(-1.3375E0,-1.475E0,-6.35E-1));
#17691=DIRECTION('',(0.E0,1.E0,0.E0));
#17692=DIRECTION('',(0.E0,0.E0,1.E0));
#17693=AXIS2_PLACEMENT_3D('',#17690,#17691,#17692);
#17694=CYLINDRICAL_SURFACE('',#17693,5.E-2);
#17695=ORIENTED_EDGE('',*,*,#17523,.T.);
#17696=ORIENTED_EDGE('',*,*,#17553,.F.);
#17697=ORIENTED_EDGE('',*,*,#17580,.T.);
#17698=ORIENTED_EDGE('',*,*,#17683,.F.);
#17699=EDGE_LOOP('',(#17695,#17696,#17697,#17698));
#17700=FACE_OUTER_BOUND('',#17699,.F.);
#17701=ADVANCED_FACE('',(#17700),#17694,.F.);
#17702=CARTESIAN_POINT('',(-2.125333264941E-1,-9.25E-1,5.25E-1));
#17703=DIRECTION('',(0.E0,1.E0,0.E0));
#17704=DIRECTION('',(0.E0,0.E0,1.E0));
#17705=AXIS2_PLACEMENT_3D('',#17702,#17703,#17704);
#17706=PLANE('',#17705);
#17707=ORIENTED_EDGE('',*,*,#16883,.F.);
#17709=ORIENTED_EDGE('',*,*,#17708,.F.);
#17711=ORIENTED_EDGE('',*,*,#17710,.F.);
#17713=ORIENTED_EDGE('',*,*,#17712,.T.);
#17715=ORIENTED_EDGE('',*,*,#17714,.T.);
#17717=ORIENTED_EDGE('',*,*,#17716,.T.);
#17719=ORIENTED_EDGE('',*,*,#17718,.F.);
#17721=ORIENTED_EDGE('',*,*,#17720,.T.);
#17723=ORIENTED_EDGE('',*,*,#17722,.T.);
#17725=ORIENTED_EDGE('',*,*,#17724,.F.);
#17727=ORIENTED_EDGE('',*,*,#17726,.F.);
#17728=EDGE_LOOP('',(#17707,#17709,#17711,#17713,#17715,#17717,#17719,#17721,
#17723,#17725,#17727));
#17729=FACE_OUTER_BOUND('',#17728,.F.);
#17730=ADVANCED_FACE('',(#17729),#17706,.T.);
#17731=CARTESIAN_POINT('',(-1.2875E0,-1.075E0,-5.85E-1));
#17732=DIRECTION('',(-1.E0,0.E0,0.E0));
#17733=DIRECTION('',(0.E0,0.E0,-1.E0));
#17734=AXIS2_PLACEMENT_3D('',#17731,#17732,#17733);
#17735=PLANE('',#17734);
#17736=ORIENTED_EDGE('',*,*,#17708,.T.);
#17737=ORIENTED_EDGE('',*,*,#16889,.F.);
#17739=ORIENTED_EDGE('',*,*,#17738,.F.);
#17741=ORIENTED_EDGE('',*,*,#17740,.T.);
#17742=EDGE_LOOP('',(#17736,#17737,#17739,#17741));
#17743=FACE_OUTER_BOUND('',#17742,.F.);
#17744=ADVANCED_FACE('',(#17743),#17735,.T.);
#17745=CARTESIAN_POINT('',(-2.125333264941E-1,-1.075E0,5.25E-1));
#17746=DIRECTION('',(0.E0,1.E0,0.E0));
#17747=DIRECTION('',(0.E0,0.E0,1.E0));
#17748=AXIS2_PLACEMENT_3D('',#17745,#17746,#17747);
#17749=PLANE('',#17748);
#17750=ORIENTED_EDGE('',*,*,#16887,.T.);
#17752=ORIENTED_EDGE('',*,*,#17751,.T.);
#17754=ORIENTED_EDGE('',*,*,#17753,.F.);
#17756=ORIENTED_EDGE('',*,*,#17755,.F.);
#17758=ORIENTED_EDGE('',*,*,#17757,.F.);
#17760=ORIENTED_EDGE('',*,*,#17759,.F.);
#17762=ORIENTED_EDGE('',*,*,#17761,.F.);
#17764=ORIENTED_EDGE('',*,*,#17763,.F.);
#17766=ORIENTED_EDGE('',*,*,#17765,.F.);
#17768=ORIENTED_EDGE('',*,*,#17767,.F.);
#17769=ORIENTED_EDGE('',*,*,#17738,.T.);
#17770=EDGE_LOOP('',(#17750,#17752,#17754,#17756,#17758,#17760,#17762,#17764,
#17766,#17768,#17769));
#17771=FACE_OUTER_BOUND('',#17770,.F.);
#17772=ADVANCED_FACE('',(#17771),#17749,.F.);
#17773=CARTESIAN_POINT('',(-1.1375E0,-1.075E0,-6.35E-1));
#17774=DIRECTION('',(1.E0,0.E0,-3.035766082959E-14));
#17775=DIRECTION('',(3.035766082959E-14,0.E0,1.E0));
#17776=AXIS2_PLACEMENT_3D('',#17773,#17774,#17775);
#17777=PLANE('',#17776);
#17778=ORIENTED_EDGE('',*,*,#17726,.T.);
#17780=ORIENTED_EDGE('',*,*,#17779,.T.);
#17781=ORIENTED_EDGE('',*,*,#17751,.F.);
#17782=ORIENTED_EDGE('',*,*,#16885,.T.);
#17783=EDGE_LOOP('',(#17778,#17780,#17781,#17782));
#17784=FACE_OUTER_BOUND('',#17783,.F.);
#17785=ADVANCED_FACE('',(#17784),#17777,.T.);
#17786=CARTESIAN_POINT('',(-1.0875E0,-1.075E0,-6.35E-1));
#17787=DIRECTION('',(0.E0,1.E0,0.E0));
#17788=DIRECTION('',(0.E0,0.E0,1.E0));
#17789=AXIS2_PLACEMENT_3D('',#17786,#17787,#17788);
#17790=CYLINDRICAL_SURFACE('',#17789,5.E-2);
#17791=ORIENTED_EDGE('',*,*,#17724,.T.);
#17793=ORIENTED_EDGE('',*,*,#17792,.F.);
#17794=ORIENTED_EDGE('',*,*,#17753,.T.);
#17795=ORIENTED_EDGE('',*,*,#17779,.F.);
#17796=EDGE_LOOP('',(#17791,#17793,#17794,#17795));
#17797=FACE_OUTER_BOUND('',#17796,.F.);
#17798=ADVANCED_FACE('',(#17797),#17790,.F.);
#17799=CARTESIAN_POINT('',(-1.04E0,-1.075E0,-6.85E-1));
#17800=DIRECTION('',(0.E0,0.E0,1.E0));
#17801=DIRECTION('',(-1.E0,0.E0,0.E0));
#17802=AXIS2_PLACEMENT_3D('',#17799,#17800,#17801);
#17803=PLANE('',#17802);
#17804=ORIENTED_EDGE('',*,*,#17722,.F.);
#17806=ORIENTED_EDGE('',*,*,#17805,.F.);
#17807=ORIENTED_EDGE('',*,*,#17755,.T.);
#17808=ORIENTED_EDGE('',*,*,#17792,.T.);
#17809=EDGE_LOOP('',(#17804,#17806,#17807,#17808));
#17810=FACE_OUTER_BOUND('',#17809,.F.);
#17811=ADVANCED_FACE('',(#17810),#17803,.T.);
#17812=CARTESIAN_POINT('',(-1.04E0,-1.075E0,-8.35E-1));
#17813=DIRECTION('',(1.E0,0.E0,0.E0));
#17814=DIRECTION('',(0.E0,0.E0,1.E0));
#17815=AXIS2_PLACEMENT_3D('',#17812,#17813,#17814);
#17816=PLANE('',#17815);
#17817=ORIENTED_EDGE('',*,*,#17720,.F.);
#17819=ORIENTED_EDGE('',*,*,#17818,.T.);
#17820=ORIENTED_EDGE('',*,*,#17757,.T.);
#17821=ORIENTED_EDGE('',*,*,#17805,.T.);
#17822=EDGE_LOOP('',(#17817,#17819,#17820,#17821));
#17823=FACE_OUTER_BOUND('',#17822,.F.);
#17824=ADVANCED_FACE('',(#17823),#17816,.T.);
#17825=CARTESIAN_POINT('',(-1.09E0,-1.075E0,-8.35E-1));
#17826=DIRECTION('',(-7.071067811865E-1,0.E0,7.071067811865E-1));
#17827=DIRECTION('',(0.E0,1.E0,0.E0));
#17828=AXIS2_PLACEMENT_3D('',#17825,#17826,#17827);
#17829=PLANE('',#17828);
#17830=ORIENTED_EDGE('',*,*,#17759,.T.);
#17831=ORIENTED_EDGE('',*,*,#17818,.F.);
#17832=ORIENTED_EDGE('',*,*,#17718,.T.);
#17834=ORIENTED_EDGE('',*,*,#17833,.F.);
#17835=EDGE_LOOP('',(#17830,#17831,#17832,#17834));
#17836=FACE_OUTER_BOUND('',#17835,.F.);
#17837=ADVANCED_FACE('',(#17836),#17829,.F.);
#17838=CARTESIAN_POINT('',(-1.6E0,-1.075E0,-8.35E-1));
#17839=DIRECTION('',(0.E0,0.E0,-1.E0));
#17840=DIRECTION('',(1.E0,0.E0,0.E0));
#17841=AXIS2_PLACEMENT_3D('',#17838,#17839,#17840);
#17842=PLANE('',#17841);
#17843=ORIENTED_EDGE('',*,*,#17761,.T.);
#17844=ORIENTED_EDGE('',*,*,#17833,.T.);
#17845=ORIENTED_EDGE('',*,*,#17716,.F.);
#17847=ORIENTED_EDGE('',*,*,#17846,.F.);
#17848=EDGE_LOOP('',(#17843,#17844,#17845,#17847));
#17849=FACE_OUTER_BOUND('',#17848,.F.);
#17850=ADVANCED_FACE('',(#17849),#17842,.T.);
#17851=CARTESIAN_POINT('',(-1.6E0,-1.075E0,-6.85E-1));
#17852=DIRECTION('',(-1.E0,0.E0,0.E0));
#17853=DIRECTION('',(0.E0,0.E0,-1.E0));
#17854=AXIS2_PLACEMENT_3D('',#17851,#17852,#17853);
#17855=PLANE('',#17854);
#17856=ORIENTED_EDGE('',*,*,#17714,.F.);
#17858=ORIENTED_EDGE('',*,*,#17857,.F.);
#17859=ORIENTED_EDGE('',*,*,#17763,.T.);
#17860=ORIENTED_EDGE('',*,*,#17846,.T.);
#17861=EDGE_LOOP('',(#17856,#17858,#17859,#17860));
#17862=FACE_OUTER_BOUND('',#17861,.F.);
#17863=ADVANCED_FACE('',(#17862),#17855,.T.);
#17864=CARTESIAN_POINT('',(-1.3375E0,-1.075E0,-6.85E-1));
#17865=DIRECTION('',(0.E0,0.E0,1.E0));
#17866=DIRECTION('',(-1.E0,0.E0,0.E0));
#17867=AXIS2_PLACEMENT_3D('',#17864,#17865,#17866);
#17868=PLANE('',#17867);
#17869=ORIENTED_EDGE('',*,*,#17712,.F.);
#17871=ORIENTED_EDGE('',*,*,#17870,.T.);
#17872=ORIENTED_EDGE('',*,*,#17765,.T.);
#17873=ORIENTED_EDGE('',*,*,#17857,.T.);
#17874=EDGE_LOOP('',(#17869,#17871,#17872,#17873));
#17875=FACE_OUTER_BOUND('',#17874,.F.);
#17876=ADVANCED_FACE('',(#17875),#17868,.T.);
#17877=CARTESIAN_POINT('',(-1.3375E0,-1.075E0,-6.35E-1));
#17878=DIRECTION('',(0.E0,1.E0,0.E0));
#17879=DIRECTION('',(0.E0,0.E0,1.E0));
#17880=AXIS2_PLACEMENT_3D('',#17877,#17878,#17879);
#17881=CYLINDRICAL_SURFACE('',#17880,5.E-2);
#17882=ORIENTED_EDGE('',*,*,#17710,.T.);
#17883=ORIENTED_EDGE('',*,*,#17740,.F.);
#17884=ORIENTED_EDGE('',*,*,#17767,.T.);
#17885=ORIENTED_EDGE('',*,*,#17870,.F.);
#17886=EDGE_LOOP('',(#17882,#17883,#17884,#17885));
#17887=FACE_OUTER_BOUND('',#17886,.F.);
#17888=ADVANCED_FACE('',(#17887),#17881,.F.);
#17889=CARTESIAN_POINT('',(-2.125333264941E-1,-5.25E-1,5.25E-1));
#17890=DIRECTION('',(0.E0,1.E0,0.E0));
#17891=DIRECTION('',(0.E0,0.E0,1.E0));
#17892=AXIS2_PLACEMENT_3D('',#17889,#17890,#17891);
#17893=PLANE('',#17892);
#17894=ORIENTED_EDGE('',*,*,#16893,.F.);
#17896=ORIENTED_EDGE('',*,*,#17895,.F.);
#17898=ORIENTED_EDGE('',*,*,#17897,.F.);
#17900=ORIENTED_EDGE('',*,*,#17899,.T.);
#17902=ORIENTED_EDGE('',*,*,#17901,.T.);
#17904=ORIENTED_EDGE('',*,*,#17903,.T.);
#17906=ORIENTED_EDGE('',*,*,#17905,.F.);
#17908=ORIENTED_EDGE('',*,*,#17907,.T.);
#17910=ORIENTED_EDGE('',*,*,#17909,.T.);
#17912=ORIENTED_EDGE('',*,*,#17911,.F.);
#17914=ORIENTED_EDGE('',*,*,#17913,.F.);
#17915=EDGE_LOOP('',(#17894,#17896,#17898,#17900,#17902,#17904,#17906,#17908,
#17910,#17912,#17914));
#17916=FACE_OUTER_BOUND('',#17915,.F.);
#17917=ADVANCED_FACE('',(#17916),#17893,.T.);
#17918=CARTESIAN_POINT('',(-1.2875E0,-6.75E-1,-5.85E-1));
#17919=DIRECTION('',(-1.E0,0.E0,0.E0));
#17920=DIRECTION('',(0.E0,0.E0,-1.E0));
#17921=AXIS2_PLACEMENT_3D('',#17918,#17919,#17920);
#17922=PLANE('',#17921);
#17923=ORIENTED_EDGE('',*,*,#17895,.T.);
#17924=ORIENTED_EDGE('',*,*,#16899,.F.);
#17926=ORIENTED_EDGE('',*,*,#17925,.F.);
#17928=ORIENTED_EDGE('',*,*,#17927,.T.);
#17929=EDGE_LOOP('',(#17923,#17924,#17926,#17928));
#17930=FACE_OUTER_BOUND('',#17929,.F.);
#17931=ADVANCED_FACE('',(#17930),#17922,.T.);
#17932=CARTESIAN_POINT('',(-2.125333264941E-1,-6.75E-1,5.25E-1));
#17933=DIRECTION('',(0.E0,1.E0,0.E0));
#17934=DIRECTION('',(0.E0,0.E0,1.E0));
#17935=AXIS2_PLACEMENT_3D('',#17932,#17933,#17934);
#17936=PLANE('',#17935);
#17937=ORIENTED_EDGE('',*,*,#16897,.T.);
#17939=ORIENTED_EDGE('',*,*,#17938,.T.);
#17941=ORIENTED_EDGE('',*,*,#17940,.F.);
#17943=ORIENTED_EDGE('',*,*,#17942,.F.);
#17945=ORIENTED_EDGE('',*,*,#17944,.F.);
#17947=ORIENTED_EDGE('',*,*,#17946,.F.);
#17949=ORIENTED_EDGE('',*,*,#17948,.F.);
#17951=ORIENTED_EDGE('',*,*,#17950,.F.);
#17953=ORIENTED_EDGE('',*,*,#17952,.F.);
#17955=ORIENTED_EDGE('',*,*,#17954,.F.);
#17956=ORIENTED_EDGE('',*,*,#17925,.T.);
#17957=EDGE_LOOP('',(#17937,#17939,#17941,#17943,#17945,#17947,#17949,#17951,
#17953,#17955,#17956));
#17958=FACE_OUTER_BOUND('',#17957,.F.);
#17959=ADVANCED_FACE('',(#17958),#17936,.F.);
#17960=CARTESIAN_POINT('',(-1.1375E0,-6.75E-1,-6.35E-1));
#17961=DIRECTION('',(1.E0,0.E0,-3.035766082959E-14));
#17962=DIRECTION('',(3.035766082959E-14,0.E0,1.E0));
#17963=AXIS2_PLACEMENT_3D('',#17960,#17961,#17962);
#17964=PLANE('',#17963);
#17965=ORIENTED_EDGE('',*,*,#17913,.T.);
#17967=ORIENTED_EDGE('',*,*,#17966,.T.);
#17968=ORIENTED_EDGE('',*,*,#17938,.F.);
#17969=ORIENTED_EDGE('',*,*,#16895,.T.);
#17970=EDGE_LOOP('',(#17965,#17967,#17968,#17969));
#17971=FACE_OUTER_BOUND('',#17970,.F.);
#17972=ADVANCED_FACE('',(#17971),#17964,.T.);
#17973=CARTESIAN_POINT('',(-1.0875E0,-6.75E-1,-6.35E-1));
#17974=DIRECTION('',(0.E0,1.E0,0.E0));
#17975=DIRECTION('',(0.E0,0.E0,1.E0));
#17976=AXIS2_PLACEMENT_3D('',#17973,#17974,#17975);
#17977=CYLINDRICAL_SURFACE('',#17976,5.E-2);
#17978=ORIENTED_EDGE('',*,*,#17911,.T.);
#17980=ORIENTED_EDGE('',*,*,#17979,.F.);
#17981=ORIENTED_EDGE('',*,*,#17940,.T.);
#17982=ORIENTED_EDGE('',*,*,#17966,.F.);
#17983=EDGE_LOOP('',(#17978,#17980,#17981,#17982));
#17984=FACE_OUTER_BOUND('',#17983,.F.);
#17985=ADVANCED_FACE('',(#17984),#17977,.F.);
#17986=CARTESIAN_POINT('',(-1.04E0,-6.75E-1,-6.85E-1));
#17987=DIRECTION('',(0.E0,0.E0,1.E0));
#17988=DIRECTION('',(-1.E0,0.E0,0.E0));
#17989=AXIS2_PLACEMENT_3D('',#17986,#17987,#17988);
#17990=PLANE('',#17989);
#17991=ORIENTED_EDGE('',*,*,#17909,.F.);
#17993=ORIENTED_EDGE('',*,*,#17992,.F.);
#17994=ORIENTED_EDGE('',*,*,#17942,.T.);
#17995=ORIENTED_EDGE('',*,*,#17979,.T.);
#17996=EDGE_LOOP('',(#17991,#17993,#17994,#17995));
#17997=FACE_OUTER_BOUND('',#17996,.F.);
#17998=ADVANCED_FACE('',(#17997),#17990,.T.);
#17999=CARTESIAN_POINT('',(-1.04E0,-6.75E-1,-8.35E-1));
#18000=DIRECTION('',(1.E0,0.E0,0.E0));
#18001=DIRECTION('',(0.E0,0.E0,1.E0));
#18002=AXIS2_PLACEMENT_3D('',#17999,#18000,#18001);
#18003=PLANE('',#18002);
#18004=ORIENTED_EDGE('',*,*,#17907,.F.);
#18006=ORIENTED_EDGE('',*,*,#18005,.T.);
#18007=ORIENTED_EDGE('',*,*,#17944,.T.);
#18008=ORIENTED_EDGE('',*,*,#17992,.T.);
#18009=EDGE_LOOP('',(#18004,#18006,#18007,#18008));
#18010=FACE_OUTER_BOUND('',#18009,.F.);
#18011=ADVANCED_FACE('',(#18010),#18003,.T.);
#18012=CARTESIAN_POINT('',(-1.09E0,-6.75E-1,-8.35E-1));
#18013=DIRECTION('',(-7.071067811865E-1,0.E0,7.071067811865E-1));
#18014=DIRECTION('',(0.E0,1.E0,0.E0));
#18015=AXIS2_PLACEMENT_3D('',#18012,#18013,#18014);
#18016=PLANE('',#18015);
#18017=ORIENTED_EDGE('',*,*,#17946,.T.);
#18018=ORIENTED_EDGE('',*,*,#18005,.F.);
#18019=ORIENTED_EDGE('',*,*,#17905,.T.);
#18021=ORIENTED_EDGE('',*,*,#18020,.F.);
#18022=EDGE_LOOP('',(#18017,#18018,#18019,#18021));
#18023=FACE_OUTER_BOUND('',#18022,.F.);
#18024=ADVANCED_FACE('',(#18023),#18016,.F.);
#18025=CARTESIAN_POINT('',(-1.6E0,-6.75E-1,-8.35E-1));
#18026=DIRECTION('',(0.E0,0.E0,-1.E0));
#18027=DIRECTION('',(1.E0,0.E0,0.E0));
#18028=AXIS2_PLACEMENT_3D('',#18025,#18026,#18027);
#18029=PLANE('',#18028);
#18030=ORIENTED_EDGE('',*,*,#17948,.T.);
#18031=ORIENTED_EDGE('',*,*,#18020,.T.);
#18032=ORIENTED_EDGE('',*,*,#17903,.F.);
#18034=ORIENTED_EDGE('',*,*,#18033,.F.);
#18035=EDGE_LOOP('',(#18030,#18031,#18032,#18034));
#18036=FACE_OUTER_BOUND('',#18035,.F.);
#18037=ADVANCED_FACE('',(#18036),#18029,.T.);
#18038=CARTESIAN_POINT('',(-1.6E0,-6.75E-1,-6.85E-1));
#18039=DIRECTION('',(-1.E0,0.E0,0.E0));
#18040=DIRECTION('',(0.E0,0.E0,-1.E0));
#18041=AXIS2_PLACEMENT_3D('',#18038,#18039,#18040);
#18042=PLANE('',#18041);
#18043=ORIENTED_EDGE('',*,*,#17901,.F.);
#18045=ORIENTED_EDGE('',*,*,#18044,.F.);
#18046=ORIENTED_EDGE('',*,*,#17950,.T.);
#18047=ORIENTED_EDGE('',*,*,#18033,.T.);
#18048=EDGE_LOOP('',(#18043,#18045,#18046,#18047));
#18049=FACE_OUTER_BOUND('',#18048,.F.);
#18050=ADVANCED_FACE('',(#18049),#18042,.T.);
#18051=CARTESIAN_POINT('',(-1.3375E0,-6.75E-1,-6.85E-1));
#18052=DIRECTION('',(0.E0,0.E0,1.E0));
#18053=DIRECTION('',(-1.E0,0.E0,0.E0));
#18054=AXIS2_PLACEMENT_3D('',#18051,#18052,#18053);
#18055=PLANE('',#18054);
#18056=ORIENTED_EDGE('',*,*,#17899,.F.);
#18058=ORIENTED_EDGE('',*,*,#18057,.T.);
#18059=ORIENTED_EDGE('',*,*,#17952,.T.);
#18060=ORIENTED_EDGE('',*,*,#18044,.T.);
#18061=EDGE_LOOP('',(#18056,#18058,#18059,#18060));
#18062=FACE_OUTER_BOUND('',#18061,.F.);
#18063=ADVANCED_FACE('',(#18062),#18055,.T.);
#18064=CARTESIAN_POINT('',(-1.3375E0,-6.75E-1,-6.35E-1));
#18065=DIRECTION('',(0.E0,1.E0,0.E0));
#18066=DIRECTION('',(0.E0,0.E0,1.E0));
#18067=AXIS2_PLACEMENT_3D('',#18064,#18065,#18066);
#18068=CYLINDRICAL_SURFACE('',#18067,5.E-2);
#18069=ORIENTED_EDGE('',*,*,#17897,.T.);
#18070=ORIENTED_EDGE('',*,*,#17927,.F.);
#18071=ORIENTED_EDGE('',*,*,#17954,.T.);
#18072=ORIENTED_EDGE('',*,*,#18057,.F.);
#18073=EDGE_LOOP('',(#18069,#18070,#18071,#18072));
#18074=FACE_OUTER_BOUND('',#18073,.F.);
#18075=ADVANCED_FACE('',(#18074),#18068,.F.);
#18076=CARTESIAN_POINT('',(-2.125333264941E-1,6.75E-1,5.25E-1));
#18077=DIRECTION('',(0.E0,1.E0,0.E0));
#18078=DIRECTION('',(0.E0,0.E0,1.E0));
#18079=AXIS2_PLACEMENT_3D('',#18076,#18077,#18078);
#18080=PLANE('',#18079);
#18081=ORIENTED_EDGE('',*,*,#16903,.F.);
#18083=ORIENTED_EDGE('',*,*,#18082,.F.);
#18085=ORIENTED_EDGE('',*,*,#18084,.F.);
#18087=ORIENTED_EDGE('',*,*,#18086,.T.);
#18089=ORIENTED_EDGE('',*,*,#18088,.T.);
#18091=ORIENTED_EDGE('',*,*,#18090,.T.);
#18093=ORIENTED_EDGE('',*,*,#18092,.F.);
#18095=ORIENTED_EDGE('',*,*,#18094,.T.);
#18097=ORIENTED_EDGE('',*,*,#18096,.T.);
#18099=ORIENTED_EDGE('',*,*,#18098,.F.);
#18101=ORIENTED_EDGE('',*,*,#18100,.F.);
#18102=EDGE_LOOP('',(#18081,#18083,#18085,#18087,#18089,#18091,#18093,#18095,
#18097,#18099,#18101));
#18103=FACE_OUTER_BOUND('',#18102,.F.);
#18104=ADVANCED_FACE('',(#18103),#18080,.T.);
#18105=CARTESIAN_POINT('',(-1.2875E0,5.25E-1,-5.85E-1));
#18106=DIRECTION('',(-1.E0,0.E0,0.E0));
#18107=DIRECTION('',(0.E0,0.E0,-1.E0));
#18108=AXIS2_PLACEMENT_3D('',#18105,#18106,#18107);
#18109=PLANE('',#18108);
#18110=ORIENTED_EDGE('',*,*,#18082,.T.);
#18111=ORIENTED_EDGE('',*,*,#16909,.F.);
#18113=ORIENTED_EDGE('',*,*,#18112,.F.);
#18115=ORIENTED_EDGE('',*,*,#18114,.T.);
#18116=EDGE_LOOP('',(#18110,#18111,#18113,#18115));
#18117=FACE_OUTER_BOUND('',#18116,.F.);
#18118=ADVANCED_FACE('',(#18117),#18109,.T.);
#18119=CARTESIAN_POINT('',(-2.125333264941E-1,5.25E-1,5.25E-1));
#18120=DIRECTION('',(0.E0,1.E0,0.E0));
#18121=DIRECTION('',(0.E0,0.E0,1.E0));
#18122=AXIS2_PLACEMENT_3D('',#18119,#18120,#18121);
#18123=PLANE('',#18122);
#18124=ORIENTED_EDGE('',*,*,#16907,.T.);
#18126=ORIENTED_EDGE('',*,*,#18125,.T.);
#18128=ORIENTED_EDGE('',*,*,#18127,.F.);
#18130=ORIENTED_EDGE('',*,*,#18129,.F.);
#18132=ORIENTED_EDGE('',*,*,#18131,.F.);
#18134=ORIENTED_EDGE('',*,*,#18133,.F.);
#18136=ORIENTED_EDGE('',*,*,#18135,.F.);
#18138=ORIENTED_EDGE('',*,*,#18137,.F.);
#18140=ORIENTED_EDGE('',*,*,#18139,.F.);
#18142=ORIENTED_EDGE('',*,*,#18141,.F.);
#18143=ORIENTED_EDGE('',*,*,#18112,.T.);
#18144=EDGE_LOOP('',(#18124,#18126,#18128,#18130,#18132,#18134,#18136,#18138,
#18140,#18142,#18143));
#18145=FACE_OUTER_BOUND('',#18144,.F.);
#18146=ADVANCED_FACE('',(#18145),#18123,.F.);
#18147=CARTESIAN_POINT('',(-1.1375E0,5.25E-1,-6.35E-1));
#18148=DIRECTION('',(1.E0,0.E0,-3.035766082959E-14));
#18149=DIRECTION('',(3.035766082959E-14,0.E0,1.E0));
#18150=AXIS2_PLACEMENT_3D('',#18147,#18148,#18149);
#18151=PLANE('',#18150);
#18152=ORIENTED_EDGE('',*,*,#18100,.T.);
#18154=ORIENTED_EDGE('',*,*,#18153,.T.);
#18155=ORIENTED_EDGE('',*,*,#18125,.F.);
#18156=ORIENTED_EDGE('',*,*,#16905,.T.);
#18157=EDGE_LOOP('',(#18152,#18154,#18155,#18156));
#18158=FACE_OUTER_BOUND('',#18157,.F.);
#18159=ADVANCED_FACE('',(#18158),#18151,.T.);
#18160=CARTESIAN_POINT('',(-1.0875E0,5.25E-1,-6.35E-1));
#18161=DIRECTION('',(0.E0,1.E0,0.E0));
#18162=DIRECTION('',(0.E0,0.E0,1.E0));
#18163=AXIS2_PLACEMENT_3D('',#18160,#18161,#18162);
#18164=CYLINDRICAL_SURFACE('',#18163,5.E-2);
#18165=ORIENTED_EDGE('',*,*,#18098,.T.);
#18167=ORIENTED_EDGE('',*,*,#18166,.F.);
#18168=ORIENTED_EDGE('',*,*,#18127,.T.);
#18169=ORIENTED_EDGE('',*,*,#18153,.F.);
#18170=EDGE_LOOP('',(#18165,#18167,#18168,#18169));
#18171=FACE_OUTER_BOUND('',#18170,.F.);
#18172=ADVANCED_FACE('',(#18171),#18164,.F.);
#18173=CARTESIAN_POINT('',(-1.04E0,5.25E-1,-6.85E-1));
#18174=DIRECTION('',(0.E0,0.E0,1.E0));
#18175=DIRECTION('',(-1.E0,0.E0,0.E0));
#18176=AXIS2_PLACEMENT_3D('',#18173,#18174,#18175);
#18177=PLANE('',#18176);
#18178=ORIENTED_EDGE('',*,*,#18096,.F.);
#18180=ORIENTED_EDGE('',*,*,#18179,.F.);
#18181=ORIENTED_EDGE('',*,*,#18129,.T.);
#18182=ORIENTED_EDGE('',*,*,#18166,.T.);
#18183=EDGE_LOOP('',(#18178,#18180,#18181,#18182));
#18184=FACE_OUTER_BOUND('',#18183,.F.);
#18185=ADVANCED_FACE('',(#18184),#18177,.T.);
#18186=CARTESIAN_POINT('',(-1.04E0,5.25E-1,-8.35E-1));
#18187=DIRECTION('',(1.E0,0.E0,0.E0));
#18188=DIRECTION('',(0.E0,0.E0,1.E0));
#18189=AXIS2_PLACEMENT_3D('',#18186,#18187,#18188);
#18190=PLANE('',#18189);
#18191=ORIENTED_EDGE('',*,*,#18094,.F.);
#18193=ORIENTED_EDGE('',*,*,#18192,.T.);
#18194=ORIENTED_EDGE('',*,*,#18131,.T.);
#18195=ORIENTED_EDGE('',*,*,#18179,.T.);
#18196=EDGE_LOOP('',(#18191,#18193,#18194,#18195));
#18197=FACE_OUTER_BOUND('',#18196,.F.);
#18198=ADVANCED_FACE('',(#18197),#18190,.T.);
#18199=CARTESIAN_POINT('',(-1.09E0,5.25E-1,-8.35E-1));
#18200=DIRECTION('',(-7.071067811865E-1,0.E0,7.071067811865E-1));
#18201=DIRECTION('',(0.E0,1.E0,0.E0));
#18202=AXIS2_PLACEMENT_3D('',#18199,#18200,#18201);
#18203=PLANE('',#18202);
#18204=ORIENTED_EDGE('',*,*,#18133,.T.);
#18205=ORIENTED_EDGE('',*,*,#18192,.F.);
#18206=ORIENTED_EDGE('',*,*,#18092,.T.);
#18208=ORIENTED_EDGE('',*,*,#18207,.F.);
#18209=EDGE_LOOP('',(#18204,#18205,#18206,#18208));
#18210=FACE_OUTER_BOUND('',#18209,.F.);
#18211=ADVANCED_FACE('',(#18210),#18203,.F.);
#18212=CARTESIAN_POINT('',(-1.6E0,5.25E-1,-8.35E-1));
#18213=DIRECTION('',(0.E0,0.E0,-1.E0));
#18214=DIRECTION('',(1.E0,0.E0,0.E0));
#18215=AXIS2_PLACEMENT_3D('',#18212,#18213,#18214);
#18216=PLANE('',#18215);
#18217=ORIENTED_EDGE('',*,*,#18135,.T.);
#18218=ORIENTED_EDGE('',*,*,#18207,.T.);
#18219=ORIENTED_EDGE('',*,*,#18090,.F.);
#18221=ORIENTED_EDGE('',*,*,#18220,.F.);
#18222=EDGE_LOOP('',(#18217,#18218,#18219,#18221));
#18223=FACE_OUTER_BOUND('',#18222,.F.);
#18224=ADVANCED_FACE('',(#18223),#18216,.T.);
#18225=CARTESIAN_POINT('',(-1.6E0,5.25E-1,-6.85E-1));
#18226=DIRECTION('',(-1.E0,0.E0,0.E0));
#18227=DIRECTION('',(0.E0,0.E0,-1.E0));
#18228=AXIS2_PLACEMENT_3D('',#18225,#18226,#18227);
#18229=PLANE('',#18228);
#18230=ORIENTED_EDGE('',*,*,#18088,.F.);
#18232=ORIENTED_EDGE('',*,*,#18231,.F.);
#18233=ORIENTED_EDGE('',*,*,#18137,.T.);
#18234=ORIENTED_EDGE('',*,*,#18220,.T.);
#18235=EDGE_LOOP('',(#18230,#18232,#18233,#18234));
#18236=FACE_OUTER_BOUND('',#18235,.F.);
#18237=ADVANCED_FACE('',(#18236),#18229,.T.);
#18238=CARTESIAN_POINT('',(-1.3375E0,5.25E-1,-6.85E-1));
#18239=DIRECTION('',(0.E0,0.E0,1.E0));
#18240=DIRECTION('',(-1.E0,0.E0,0.E0));
#18241=AXIS2_PLACEMENT_3D('',#18238,#18239,#18240);
#18242=PLANE('',#18241);
#18243=ORIENTED_EDGE('',*,*,#18086,.F.);
#18245=ORIENTED_EDGE('',*,*,#18244,.T.);
#18246=ORIENTED_EDGE('',*,*,#18139,.T.);
#18247=ORIENTED_EDGE('',*,*,#18231,.T.);
#18248=EDGE_LOOP('',(#18243,#18245,#18246,#18247));
#18249=FACE_OUTER_BOUND('',#18248,.F.);
#18250=ADVANCED_FACE('',(#18249),#18242,.T.);
#18251=CARTESIAN_POINT('',(-1.3375E0,5.25E-1,-6.35E-1));
#18252=DIRECTION('',(0.E0,1.E0,0.E0));
#18253=DIRECTION('',(0.E0,0.E0,1.E0));
#18254=AXIS2_PLACEMENT_3D('',#18251,#18252,#18253);
#18255=CYLINDRICAL_SURFACE('',#18254,5.E-2);
#18256=ORIENTED_EDGE('',*,*,#18084,.T.);
#18257=ORIENTED_EDGE('',*,*,#18114,.F.);
#18258=ORIENTED_EDGE('',*,*,#18141,.T.);
#18259=ORIENTED_EDGE('',*,*,#18244,.F.);
#18260=EDGE_LOOP('',(#18256,#18257,#18258,#18259));
#18261=FACE_OUTER_BOUND('',#18260,.F.);
#18262=ADVANCED_FACE('',(#18261),#18255,.F.);
#18263=CARTESIAN_POINT('',(-2.125333264941E-1,1.075E0,5.25E-1));
#18264=DIRECTION('',(0.E0,1.E0,0.E0));
#18265=DIRECTION('',(0.E0,0.E0,1.E0));
#18266=AXIS2_PLACEMENT_3D('',#18263,#18264,#18265);
#18267=PLANE('',#18266);
#18268=ORIENTED_EDGE('',*,*,#16913,.F.);
#18270=ORIENTED_EDGE('',*,*,#18269,.F.);
#18272=ORIENTED_EDGE('',*,*,#18271,.F.);
#18274=ORIENTED_EDGE('',*,*,#18273,.T.);
#18276=ORIENTED_EDGE('',*,*,#18275,.T.);
#18278=ORIENTED_EDGE('',*,*,#18277,.T.);
#18280=ORIENTED_EDGE('',*,*,#18279,.F.);
#18282=ORIENTED_EDGE('',*,*,#18281,.T.);
#18284=ORIENTED_EDGE('',*,*,#18283,.T.);
#18286=ORIENTED_EDGE('',*,*,#18285,.F.);
#18288=ORIENTED_EDGE('',*,*,#18287,.F.);
#18289=EDGE_LOOP('',(#18268,#18270,#18272,#18274,#18276,#18278,#18280,#18282,
#18284,#18286,#18288));
#18290=FACE_OUTER_BOUND('',#18289,.F.);
#18291=ADVANCED_FACE('',(#18290),#18267,.T.);
#18292=CARTESIAN_POINT('',(-1.2875E0,9.25E-1,-5.85E-1));
#18293=DIRECTION('',(-1.E0,0.E0,0.E0));
#18294=DIRECTION('',(0.E0,0.E0,-1.E0));
#18295=AXIS2_PLACEMENT_3D('',#18292,#18293,#18294);
#18296=PLANE('',#18295);
#18297=ORIENTED_EDGE('',*,*,#18269,.T.);
#18298=ORIENTED_EDGE('',*,*,#16919,.F.);
#18300=ORIENTED_EDGE('',*,*,#18299,.F.);
#18302=ORIENTED_EDGE('',*,*,#18301,.T.);
#18303=EDGE_LOOP('',(#18297,#18298,#18300,#18302));
#18304=FACE_OUTER_BOUND('',#18303,.F.);
#18305=ADVANCED_FACE('',(#18304),#18296,.T.);
#18306=CARTESIAN_POINT('',(-2.125333264941E-1,9.25E-1,5.25E-1));
#18307=DIRECTION('',(0.E0,1.E0,0.E0));
#18308=DIRECTION('',(0.E0,0.E0,1.E0));
#18309=AXIS2_PLACEMENT_3D('',#18306,#18307,#18308);
#18310=PLANE('',#18309);
#18311=ORIENTED_EDGE('',*,*,#16917,.T.);
#18313=ORIENTED_EDGE('',*,*,#18312,.T.);
#18315=ORIENTED_EDGE('',*,*,#18314,.F.);
#18317=ORIENTED_EDGE('',*,*,#18316,.F.);
#18319=ORIENTED_EDGE('',*,*,#18318,.F.);
#18321=ORIENTED_EDGE('',*,*,#18320,.F.);
#18323=ORIENTED_EDGE('',*,*,#18322,.F.);
#18325=ORIENTED_EDGE('',*,*,#18324,.F.);
#18327=ORIENTED_EDGE('',*,*,#18326,.F.);
#18329=ORIENTED_EDGE('',*,*,#18328,.F.);
#18330=ORIENTED_EDGE('',*,*,#18299,.T.);
#18331=EDGE_LOOP('',(#18311,#18313,#18315,#18317,#18319,#18321,#18323,#18325,
#18327,#18329,#18330));
#18332=FACE_OUTER_BOUND('',#18331,.F.);
#18333=ADVANCED_FACE('',(#18332),#18310,.F.);
#18334=CARTESIAN_POINT('',(-1.1375E0,9.25E-1,-6.35E-1));
#18335=DIRECTION('',(1.E0,0.E0,-3.035766082959E-14));
#18336=DIRECTION('',(3.035766082959E-14,0.E0,1.E0));
#18337=AXIS2_PLACEMENT_3D('',#18334,#18335,#18336);
#18338=PLANE('',#18337);
#18339=ORIENTED_EDGE('',*,*,#18287,.T.);
#18341=ORIENTED_EDGE('',*,*,#18340,.T.);
#18342=ORIENTED_EDGE('',*,*,#18312,.F.);
#18343=ORIENTED_EDGE('',*,*,#16915,.T.);
#18344=EDGE_LOOP('',(#18339,#18341,#18342,#18343));
#18345=FACE_OUTER_BOUND('',#18344,.F.);
#18346=ADVANCED_FACE('',(#18345),#18338,.T.);
#18347=CARTESIAN_POINT('',(-1.0875E0,9.25E-1,-6.35E-1));
#18348=DIRECTION('',(0.E0,1.E0,0.E0));
#18349=DIRECTION('',(0.E0,0.E0,1.E0));
#18350=AXIS2_PLACEMENT_3D('',#18347,#18348,#18349);
#18351=CYLINDRICAL_SURFACE('',#18350,5.E-2);
#18352=ORIENTED_EDGE('',*,*,#18285,.T.);
#18354=ORIENTED_EDGE('',*,*,#18353,.F.);
#18355=ORIENTED_EDGE('',*,*,#18314,.T.);
#18356=ORIENTED_EDGE('',*,*,#18340,.F.);
#18357=EDGE_LOOP('',(#18352,#18354,#18355,#18356));
#18358=FACE_OUTER_BOUND('',#18357,.F.);
#18359=ADVANCED_FACE('',(#18358),#18351,.F.);
#18360=CARTESIAN_POINT('',(-1.04E0,9.25E-1,-6.85E-1));
#18361=DIRECTION('',(0.E0,0.E0,1.E0));
#18362=DIRECTION('',(-1.E0,0.E0,0.E0));
#18363=AXIS2_PLACEMENT_3D('',#18360,#18361,#18362);
#18364=PLANE('',#18363);
#18365=ORIENTED_EDGE('',*,*,#18283,.F.);
#18367=ORIENTED_EDGE('',*,*,#18366,.F.);
#18368=ORIENTED_EDGE('',*,*,#18316,.T.);
#18369=ORIENTED_EDGE('',*,*,#18353,.T.);
#18370=EDGE_LOOP('',(#18365,#18367,#18368,#18369));
#18371=FACE_OUTER_BOUND('',#18370,.F.);
#18372=ADVANCED_FACE('',(#18371),#18364,.T.);
#18373=CARTESIAN_POINT('',(-1.04E0,9.25E-1,-8.35E-1));
#18374=DIRECTION('',(1.E0,0.E0,0.E0));
#18375=DIRECTION('',(0.E0,0.E0,1.E0));
#18376=AXIS2_PLACEMENT_3D('',#18373,#18374,#18375);
#18377=PLANE('',#18376);
#18378=ORIENTED_EDGE('',*,*,#18281,.F.);
#18380=ORIENTED_EDGE('',*,*,#18379,.T.);
#18381=ORIENTED_EDGE('',*,*,#18318,.T.);
#18382=ORIENTED_EDGE('',*,*,#18366,.T.);
#18383=EDGE_LOOP('',(#18378,#18380,#18381,#18382));
#18384=FACE_OUTER_BOUND('',#18383,.F.);
#18385=ADVANCED_FACE('',(#18384),#18377,.T.);
#18386=CARTESIAN_POINT('',(-1.09E0,9.25E-1,-8.35E-1));
#18387=DIRECTION('',(-7.071067811865E-1,0.E0,7.071067811865E-1));
#18388=DIRECTION('',(0.E0,1.E0,0.E0));
#18389=AXIS2_PLACEMENT_3D('',#18386,#18387,#18388);
#18390=PLANE('',#18389);
#18391=ORIENTED_EDGE('',*,*,#18320,.T.);
#18392=ORIENTED_EDGE('',*,*,#18379,.F.);
#18393=ORIENTED_EDGE('',*,*,#18279,.T.);
#18395=ORIENTED_EDGE('',*,*,#18394,.F.);
#18396=EDGE_LOOP('',(#18391,#18392,#18393,#18395));
#18397=FACE_OUTER_BOUND('',#18396,.F.);
#18398=ADVANCED_FACE('',(#18397),#18390,.F.);
#18399=CARTESIAN_POINT('',(-1.6E0,9.25E-1,-8.35E-1));
#18400=DIRECTION('',(0.E0,0.E0,-1.E0));
#18401=DIRECTION('',(1.E0,0.E0,0.E0));
#18402=AXIS2_PLACEMENT_3D('',#18399,#18400,#18401);
#18403=PLANE('',#18402);
#18404=ORIENTED_EDGE('',*,*,#18322,.T.);
#18405=ORIENTED_EDGE('',*,*,#18394,.T.);
#18406=ORIENTED_EDGE('',*,*,#18277,.F.);
#18408=ORIENTED_EDGE('',*,*,#18407,.F.);
#18409=EDGE_LOOP('',(#18404,#18405,#18406,#18408));
#18410=FACE_OUTER_BOUND('',#18409,.F.);
#18411=ADVANCED_FACE('',(#18410),#18403,.T.);
#18412=CARTESIAN_POINT('',(-1.6E0,9.25E-1,-6.85E-1));
#18413=DIRECTION('',(-1.E0,0.E0,0.E0));
#18414=DIRECTION('',(0.E0,0.E0,-1.E0));
#18415=AXIS2_PLACEMENT_3D('',#18412,#18413,#18414);
#18416=PLANE('',#18415);
#18417=ORIENTED_EDGE('',*,*,#18275,.F.);
#18419=ORIENTED_EDGE('',*,*,#18418,.F.);
#18420=ORIENTED_EDGE('',*,*,#18324,.T.);
#18421=ORIENTED_EDGE('',*,*,#18407,.T.);
#18422=EDGE_LOOP('',(#18417,#18419,#18420,#18421));
#18423=FACE_OUTER_BOUND('',#18422,.F.);
#18424=ADVANCED_FACE('',(#18423),#18416,.T.);
#18425=CARTESIAN_POINT('',(-1.3375E0,9.25E-1,-6.85E-1));
#18426=DIRECTION('',(0.E0,0.E0,1.E0));
#18427=DIRECTION('',(-1.E0,0.E0,0.E0));
#18428=AXIS2_PLACEMENT_3D('',#18425,#18426,#18427);
#18429=PLANE('',#18428);
#18430=ORIENTED_EDGE('',*,*,#18273,.F.);
#18432=ORIENTED_EDGE('',*,*,#18431,.T.);
#18433=ORIENTED_EDGE('',*,*,#18326,.T.);
#18434=ORIENTED_EDGE('',*,*,#18418,.T.);
#18435=EDGE_LOOP('',(#18430,#18432,#18433,#18434));
#18436=FACE_OUTER_BOUND('',#18435,.F.);
#18437=ADVANCED_FACE('',(#18436),#18429,.T.);
#18438=CARTESIAN_POINT('',(-1.3375E0,9.25E-1,-6.35E-1));
#18439=DIRECTION('',(0.E0,1.E0,0.E0));
#18440=DIRECTION('',(0.E0,0.E0,1.E0));
#18441=AXIS2_PLACEMENT_3D('',#18438,#18439,#18440);
#18442=CYLINDRICAL_SURFACE('',#18441,5.E-2);
#18443=ORIENTED_EDGE('',*,*,#18271,.T.);
#18444=ORIENTED_EDGE('',*,*,#18301,.F.);
#18445=ORIENTED_EDGE('',*,*,#18328,.T.);
#18446=ORIENTED_EDGE('',*,*,#18431,.F.);
#18447=EDGE_LOOP('',(#18443,#18444,#18445,#18446));
#18448=FACE_OUTER_BOUND('',#18447,.F.);
#18449=ADVANCED_FACE('',(#18448),#18442,.F.);
#18450=CARTESIAN_POINT('',(-2.125333264941E-1,1.875E0,5.25E-1));
#18451=DIRECTION('',(0.E0,1.E0,0.E0));
#18452=DIRECTION('',(0.E0,0.E0,1.E0));
#18453=AXIS2_PLACEMENT_3D('',#18450,#18451,#18452);
#18454=PLANE('',#18453);
#18455=ORIENTED_EDGE('',*,*,#16923,.F.);
#18457=ORIENTED_EDGE('',*,*,#18456,.F.);
#18459=ORIENTED_EDGE('',*,*,#18458,.F.);
#18461=ORIENTED_EDGE('',*,*,#18460,.T.);
#18463=ORIENTED_EDGE('',*,*,#18462,.T.);
#18465=ORIENTED_EDGE('',*,*,#18464,.T.);
#18467=ORIENTED_EDGE('',*,*,#18466,.F.);
#18469=ORIENTED_EDGE('',*,*,#18468,.T.);
#18471=ORIENTED_EDGE('',*,*,#18470,.T.);
#18473=ORIENTED_EDGE('',*,*,#18472,.F.);
#18475=ORIENTED_EDGE('',*,*,#18474,.F.);
#18476=EDGE_LOOP('',(#18455,#18457,#18459,#18461,#18463,#18465,#18467,#18469,
#18471,#18473,#18475));
#18477=FACE_OUTER_BOUND('',#18476,.F.);
#18478=ADVANCED_FACE('',(#18477),#18454,.T.);
#18479=CARTESIAN_POINT('',(-1.2875E0,1.725E0,-5.85E-1));
#18480=DIRECTION('',(-1.E0,0.E0,0.E0));
#18481=DIRECTION('',(0.E0,0.E0,-1.E0));
#18482=AXIS2_PLACEMENT_3D('',#18479,#18480,#18481);
#18483=PLANE('',#18482);
#18484=ORIENTED_EDGE('',*,*,#18456,.T.);
#18485=ORIENTED_EDGE('',*,*,#16929,.F.);
#18487=ORIENTED_EDGE('',*,*,#18486,.F.);
#18489=ORIENTED_EDGE('',*,*,#18488,.T.);
#18490=EDGE_LOOP('',(#18484,#18485,#18487,#18489));
#18491=FACE_OUTER_BOUND('',#18490,.F.);
#18492=ADVANCED_FACE('',(#18491),#18483,.T.);
#18493=CARTESIAN_POINT('',(-2.125333264941E-1,1.725E0,5.25E-1));
#18494=DIRECTION('',(0.E0,1.E0,0.E0));
#18495=DIRECTION('',(0.E0,0.E0,1.E0));
#18496=AXIS2_PLACEMENT_3D('',#18493,#18494,#18495);
#18497=PLANE('',#18496);
#18498=ORIENTED_EDGE('',*,*,#16927,.T.);
#18500=ORIENTED_EDGE('',*,*,#18499,.T.);
#18502=ORIENTED_EDGE('',*,*,#18501,.F.);
#18504=ORIENTED_EDGE('',*,*,#18503,.F.);
#18506=ORIENTED_EDGE('',*,*,#18505,.F.);
#18508=ORIENTED_EDGE('',*,*,#18507,.F.);
#18510=ORIENTED_EDGE('',*,*,#18509,.F.);
#18512=ORIENTED_EDGE('',*,*,#18511,.F.);
#18514=ORIENTED_EDGE('',*,*,#18513,.F.);
#18516=ORIENTED_EDGE('',*,*,#18515,.F.);
#18517=ORIENTED_EDGE('',*,*,#18486,.T.);
#18518=EDGE_LOOP('',(#18498,#18500,#18502,#18504,#18506,#18508,#18510,#18512,
#18514,#18516,#18517));
#18519=FACE_OUTER_BOUND('',#18518,.F.);
#18520=ADVANCED_FACE('',(#18519),#18497,.F.);
#18521=CARTESIAN_POINT('',(-1.1375E0,1.725E0,-6.35E-1));
#18522=DIRECTION('',(1.E0,0.E0,-3.035766082959E-14));
#18523=DIRECTION('',(3.035766082959E-14,0.E0,1.E0));
#18524=AXIS2_PLACEMENT_3D('',#18521,#18522,#18523);
#18525=PLANE('',#18524);
#18526=ORIENTED_EDGE('',*,*,#18474,.T.);
#18528=ORIENTED_EDGE('',*,*,#18527,.T.);
#18529=ORIENTED_EDGE('',*,*,#18499,.F.);
#18530=ORIENTED_EDGE('',*,*,#16925,.T.);
#18531=EDGE_LOOP('',(#18526,#18528,#18529,#18530));
#18532=FACE_OUTER_BOUND('',#18531,.F.);
#18533=ADVANCED_FACE('',(#18532),#18525,.T.);
#18534=CARTESIAN_POINT('',(-1.0875E0,1.725E0,-6.35E-1));
#18535=DIRECTION('',(0.E0,1.E0,0.E0));
#18536=DIRECTION('',(0.E0,0.E0,1.E0));
#18537=AXIS2_PLACEMENT_3D('',#18534,#18535,#18536);
#18538=CYLINDRICAL_SURFACE('',#18537,5.E-2);
#18539=ORIENTED_EDGE('',*,*,#18472,.T.);
#18541=ORIENTED_EDGE('',*,*,#18540,.F.);
#18542=ORIENTED_EDGE('',*,*,#18501,.T.);
#18543=ORIENTED_EDGE('',*,*,#18527,.F.);
#18544=EDGE_LOOP('',(#18539,#18541,#18542,#18543));
#18545=FACE_OUTER_BOUND('',#18544,.F.);
#18546=ADVANCED_FACE('',(#18545),#18538,.F.);
#18547=CARTESIAN_POINT('',(-1.04E0,1.725E0,-6.85E-1));
#18548=DIRECTION('',(0.E0,0.E0,1.E0));
#18549=DIRECTION('',(-1.E0,0.E0,0.E0));
#18550=AXIS2_PLACEMENT_3D('',#18547,#18548,#18549);
#18551=PLANE('',#18550);
#18552=ORIENTED_EDGE('',*,*,#18470,.F.);
#18554=ORIENTED_EDGE('',*,*,#18553,.F.);
#18555=ORIENTED_EDGE('',*,*,#18503,.T.);
#18556=ORIENTED_EDGE('',*,*,#18540,.T.);
#18557=EDGE_LOOP('',(#18552,#18554,#18555,#18556));
#18558=FACE_OUTER_BOUND('',#18557,.F.);
#18559=ADVANCED_FACE('',(#18558),#18551,.T.);
#18560=CARTESIAN_POINT('',(-1.04E0,1.725E0,-8.35E-1));
#18561=DIRECTION('',(1.E0,0.E0,0.E0));
#18562=DIRECTION('',(0.E0,0.E0,1.E0));
#18563=AXIS2_PLACEMENT_3D('',#18560,#18561,#18562);
#18564=PLANE('',#18563);
#18565=ORIENTED_EDGE('',*,*,#18468,.F.);
#18567=ORIENTED_EDGE('',*,*,#18566,.T.);
#18568=ORIENTED_EDGE('',*,*,#18505,.T.);
#18569=ORIENTED_EDGE('',*,*,#18553,.T.);
#18570=EDGE_LOOP('',(#18565,#18567,#18568,#18569));
#18571=FACE_OUTER_BOUND('',#18570,.F.);
#18572=ADVANCED_FACE('',(#18571),#18564,.T.);
#18573=CARTESIAN_POINT('',(-1.09E0,1.725E0,-8.35E-1));
#18574=DIRECTION('',(-7.071067811865E-1,0.E0,7.071067811865E-1));
#18575=DIRECTION('',(0.E0,1.E0,0.E0));
#18576=AXIS2_PLACEMENT_3D('',#18573,#18574,#18575);
#18577=PLANE('',#18576);
#18578=ORIENTED_EDGE('',*,*,#18507,.T.);
#18579=ORIENTED_EDGE('',*,*,#18566,.F.);
#18580=ORIENTED_EDGE('',*,*,#18466,.T.);
#18582=ORIENTED_EDGE('',*,*,#18581,.F.);
#18583=EDGE_LOOP('',(#18578,#18579,#18580,#18582));
#18584=FACE_OUTER_BOUND('',#18583,.F.);
#18585=ADVANCED_FACE('',(#18584),#18577,.F.);
#18586=CARTESIAN_POINT('',(-1.6E0,1.725E0,-8.35E-1));
#18587=DIRECTION('',(0.E0,0.E0,-1.E0));
#18588=DIRECTION('',(1.E0,0.E0,0.E0));
#18589=AXIS2_PLACEMENT_3D('',#18586,#18587,#18588);
#18590=PLANE('',#18589);
#18591=ORIENTED_EDGE('',*,*,#18509,.T.);
#18592=ORIENTED_EDGE('',*,*,#18581,.T.);
#18593=ORIENTED_EDGE('',*,*,#18464,.F.);
#18595=ORIENTED_EDGE('',*,*,#18594,.F.);
#18596=EDGE_LOOP('',(#18591,#18592,#18593,#18595));
#18597=FACE_OUTER_BOUND('',#18596,.F.);
#18598=ADVANCED_FACE('',(#18597),#18590,.T.);
#18599=CARTESIAN_POINT('',(-1.6E0,1.725E0,-6.85E-1));
#18600=DIRECTION('',(-1.E0,0.E0,0.E0));
#18601=DIRECTION('',(0.E0,0.E0,-1.E0));
#18602=AXIS2_PLACEMENT_3D('',#18599,#18600,#18601);
#18603=PLANE('',#18602);
#18604=ORIENTED_EDGE('',*,*,#18462,.F.);
#18606=ORIENTED_EDGE('',*,*,#18605,.F.);
#18607=ORIENTED_EDGE('',*,*,#18511,.T.);
#18608=ORIENTED_EDGE('',*,*,#18594,.T.);
#18609=EDGE_LOOP('',(#18604,#18606,#18607,#18608));
#18610=FACE_OUTER_BOUND('',#18609,.F.);
#18611=ADVANCED_FACE('',(#18610),#18603,.T.);
#18612=CARTESIAN_POINT('',(-1.3375E0,1.725E0,-6.85E-1));
#18613=DIRECTION('',(0.E0,0.E0,1.E0));
#18614=DIRECTION('',(-1.E0,0.E0,0.E0));
#18615=AXIS2_PLACEMENT_3D('',#18612,#18613,#18614);
#18616=PLANE('',#18615);
#18617=ORIENTED_EDGE('',*,*,#18460,.F.);
#18619=ORIENTED_EDGE('',*,*,#18618,.T.);
#18620=ORIENTED_EDGE('',*,*,#18513,.T.);
#18621=ORIENTED_EDGE('',*,*,#18605,.T.);
#18622=EDGE_LOOP('',(#18617,#18619,#18620,#18621));
#18623=FACE_OUTER_BOUND('',#18622,.F.);
#18624=ADVANCED_FACE('',(#18623),#18616,.T.);
#18625=CARTESIAN_POINT('',(-1.3375E0,1.725E0,-6.35E-1));
#18626=DIRECTION('',(0.E0,1.E0,0.E0));
#18627=DIRECTION('',(0.E0,0.E0,1.E0));
#18628=AXIS2_PLACEMENT_3D('',#18625,#18626,#18627);
#18629=CYLINDRICAL_SURFACE('',#18628,5.E-2);
#18630=ORIENTED_EDGE('',*,*,#18458,.T.);
#18631=ORIENTED_EDGE('',*,*,#18488,.F.);
#18632=ORIENTED_EDGE('',*,*,#18515,.T.);
#18633=ORIENTED_EDGE('',*,*,#18618,.F.);
#18634=EDGE_LOOP('',(#18630,#18631,#18632,#18633));
#18635=FACE_OUTER_BOUND('',#18634,.F.);
#18636=ADVANCED_FACE('',(#18635),#18629,.F.);
#18637=CARTESIAN_POINT('',(-1.04E0,-1.6E0,-5.35E-1));
#18638=DIRECTION('',(1.E0,0.E0,0.E0));
#18639=DIRECTION('',(0.E0,0.E0,1.E0));
#18640=AXIS2_PLACEMENT_3D('',#18637,#18638,#18639);
#18641=PLANE('',#18640);
#18642=ORIENTED_EDGE('',*,*,#16835,.T.);
#18644=ORIENTED_EDGE('',*,*,#18643,.T.);
#18646=ORIENTED_EDGE('',*,*,#18645,.F.);
#18647=ORIENTED_EDGE('',*,*,#16845,.F.);
#18648=EDGE_LOOP('',(#18642,#18644,#18646,#18647));
#18649=FACE_OUTER_BOUND('',#18648,.F.);
#18650=ADVANCED_FACE('',(#18649),#18641,.F.);
#18651=CARTESIAN_POINT('',(-1.04E0,-1.6E0,-5.75E-1));
#18652=DIRECTION('',(-7.071067811865E-1,0.E0,-7.071067811865E-1));
#18653=DIRECTION('',(0.E0,-1.E0,0.E0));
#18654=AXIS2_PLACEMENT_3D('',#18651,#18652,#18653);
#18655=PLANE('',#18654);
#18656=ORIENTED_EDGE('',*,*,#16833,.T.);
#18657=ORIENTED_EDGE('',*,*,#13724,.F.);
#18659=ORIENTED_EDGE('',*,*,#18658,.T.);
#18660=ORIENTED_EDGE('',*,*,#18643,.F.);
#18661=EDGE_LOOP('',(#18656,#18657,#18659,#18660));
#18662=FACE_OUTER_BOUND('',#18661,.F.);
#18663=ADVANCED_FACE('',(#18662),#18655,.T.);
#18664=CARTESIAN_POINT('',(0.E0,2.E0,-8.35E-1));
#18665=DIRECTION('',(0.E0,-1.E0,0.E0));
#18666=DIRECTION('',(0.E0,0.E0,1.E0));
#18667=AXIS2_PLACEMENT_3D('',#18664,#18665,#18666);
#18668=PLANE('',#18667);
#18669=ORIENTED_EDGE('',*,*,#13722,.T.);
#18671=ORIENTED_EDGE('',*,*,#18670,.F.);
#18672=ORIENTED_EDGE('',*,*,#16449,.F.);
#18673=ORIENTED_EDGE('',*,*,#16647,.T.);
#18674=ORIENTED_EDGE('',*,*,#16847,.T.);
#18675=ORIENTED_EDGE('',*,*,#18645,.T.);
#18676=ORIENTED_EDGE('',*,*,#18658,.F.);
#18677=EDGE_LOOP('',(#18669,#18671,#18672,#18673,#18674,#18675,#18676));
#18678=FACE_OUTER_BOUND('',#18677,.F.);
#18679=ADVANCED_FACE('',(#18678),#18668,.T.);
#18680=CARTESIAN_POINT('',(-8.4E-1,3.405E0,-7.85E-1));
#18681=DIRECTION('',(-7.071067811865E-1,0.E0,-7.071067811866E-1));
#18682=DIRECTION('',(0.E0,-1.E0,0.E0));
#18683=AXIS2_PLACEMENT_3D('',#18680,#18681,#18682);
#18684=PLANE('',#18683);
#18685=ORIENTED_EDGE('',*,*,#18670,.T.);
#18686=ORIENTED_EDGE('',*,*,#13720,.T.);
#18687=ORIENTED_EDGE('',*,*,#16413,.T.);
#18688=ORIENTED_EDGE('',*,*,#16451,.F.);
#18689=EDGE_LOOP('',(#18685,#18686,#18687,#18688));
#18690=FACE_OUTER_BOUND('',#18689,.F.);
#18691=ADVANCED_FACE('',(#18690),#18684,.T.);
#18692=CARTESIAN_POINT('',(-2.125333264941E-1,-1.725E0,5.25E-1));
#18693=DIRECTION('',(0.E0,1.E0,0.E0));
#18694=DIRECTION('',(0.E0,0.E0,1.E0));
#18695=AXIS2_PLACEMENT_3D('',#18692,#18693,#18694);
#18696=PLANE('',#18695);
#18697=ORIENTED_EDGE('',*,*,#16943,.F.);
#18699=ORIENTED_EDGE('',*,*,#18698,.F.);
#18701=ORIENTED_EDGE('',*,*,#18700,.F.);
#18703=ORIENTED_EDGE('',*,*,#18702,.T.);
#18705=ORIENTED_EDGE('',*,*,#18704,.T.);
#18707=ORIENTED_EDGE('',*,*,#18706,.T.);
#18709=ORIENTED_EDGE('',*,*,#18708,.F.);
#18711=ORIENTED_EDGE('',*,*,#18710,.T.);
#18713=ORIENTED_EDGE('',*,*,#18712,.T.);
#18715=ORIENTED_EDGE('',*,*,#18714,.F.);
#18717=ORIENTED_EDGE('',*,*,#18716,.F.);
#18718=EDGE_LOOP('',(#18697,#18699,#18701,#18703,#18705,#18707,#18709,#18711,
#18713,#18715,#18717));
#18719=FACE_OUTER_BOUND('',#18718,.F.);
#18720=ADVANCED_FACE('',(#18719),#18696,.T.);
#18721=CARTESIAN_POINT('',(-1.2875E0,-1.875E0,-5.85E-1));
#18722=DIRECTION('',(-1.E0,0.E0,0.E0));
#18723=DIRECTION('',(0.E0,0.E0,-1.E0));
#18724=AXIS2_PLACEMENT_3D('',#18721,#18722,#18723);
#18725=PLANE('',#18724);
#18726=ORIENTED_EDGE('',*,*,#18698,.T.);
#18727=ORIENTED_EDGE('',*,*,#16949,.F.);
#18729=ORIENTED_EDGE('',*,*,#18728,.F.);
#18731=ORIENTED_EDGE('',*,*,#18730,.T.);
#18732=EDGE_LOOP('',(#18726,#18727,#18729,#18731));
#18733=FACE_OUTER_BOUND('',#18732,.F.);
#18734=ADVANCED_FACE('',(#18733),#18725,.T.);
#18735=CARTESIAN_POINT('',(-2.125333264941E-1,-1.875E0,5.25E-1));
#18736=DIRECTION('',(0.E0,1.E0,0.E0));
#18737=DIRECTION('',(0.E0,0.E0,1.E0));
#18738=AXIS2_PLACEMENT_3D('',#18735,#18736,#18737);
#18739=PLANE('',#18738);
#18740=ORIENTED_EDGE('',*,*,#16947,.T.);
#18742=ORIENTED_EDGE('',*,*,#18741,.T.);
#18744=ORIENTED_EDGE('',*,*,#18743,.F.);
#18746=ORIENTED_EDGE('',*,*,#18745,.F.);
#18748=ORIENTED_EDGE('',*,*,#18747,.F.);
#18750=ORIENTED_EDGE('',*,*,#18749,.F.);
#18752=ORIENTED_EDGE('',*,*,#18751,.F.);
#18754=ORIENTED_EDGE('',*,*,#18753,.F.);
#18756=ORIENTED_EDGE('',*,*,#18755,.F.);
#18758=ORIENTED_EDGE('',*,*,#18757,.F.);
#18759=ORIENTED_EDGE('',*,*,#18728,.T.);
#18760=EDGE_LOOP('',(#18740,#18742,#18744,#18746,#18748,#18750,#18752,#18754,
#18756,#18758,#18759));
#18761=FACE_OUTER_BOUND('',#18760,.F.);
#18762=ADVANCED_FACE('',(#18761),#18739,.F.);
#18763=CARTESIAN_POINT('',(-1.1375E0,-1.875E0,-6.35E-1));
#18764=DIRECTION('',(1.E0,0.E0,-3.035766082959E-14));
#18765=DIRECTION('',(3.035766082959E-14,0.E0,1.E0));
#18766=AXIS2_PLACEMENT_3D('',#18763,#18764,#18765);
#18767=PLANE('',#18766);
#18768=ORIENTED_EDGE('',*,*,#18716,.T.);
#18770=ORIENTED_EDGE('',*,*,#18769,.T.);
#18771=ORIENTED_EDGE('',*,*,#18741,.F.);
#18772=ORIENTED_EDGE('',*,*,#16945,.T.);
#18773=EDGE_LOOP('',(#18768,#18770,#18771,#18772));
#18774=FACE_OUTER_BOUND('',#18773,.F.);
#18775=ADVANCED_FACE('',(#18774),#18767,.T.);
#18776=CARTESIAN_POINT('',(-1.0875E0,-1.875E0,-6.35E-1));
#18777=DIRECTION('',(0.E0,1.E0,0.E0));
#18778=DIRECTION('',(0.E0,0.E0,1.E0));
#18779=AXIS2_PLACEMENT_3D('',#18776,#18777,#18778);
#18780=CYLINDRICAL_SURFACE('',#18779,5.E-2);
#18781=ORIENTED_EDGE('',*,*,#18714,.T.);
#18783=ORIENTED_EDGE('',*,*,#18782,.F.);
#18784=ORIENTED_EDGE('',*,*,#18743,.T.);
#18785=ORIENTED_EDGE('',*,*,#18769,.F.);
#18786=EDGE_LOOP('',(#18781,#18783,#18784,#18785));
#18787=FACE_OUTER_BOUND('',#18786,.F.);
#18788=ADVANCED_FACE('',(#18787),#18780,.F.);
#18789=CARTESIAN_POINT('',(-1.04E0,-1.875E0,-6.85E-1));
#18790=DIRECTION('',(0.E0,0.E0,1.E0));
#18791=DIRECTION('',(-1.E0,0.E0,0.E0));
#18792=AXIS2_PLACEMENT_3D('',#18789,#18790,#18791);
#18793=PLANE('',#18792);
#18794=ORIENTED_EDGE('',*,*,#18712,.F.);
#18796=ORIENTED_EDGE('',*,*,#18795,.F.);
#18797=ORIENTED_EDGE('',*,*,#18745,.T.);
#18798=ORIENTED_EDGE('',*,*,#18782,.T.);
#18799=EDGE_LOOP('',(#18794,#18796,#18797,#18798));
#18800=FACE_OUTER_BOUND('',#18799,.F.);
#18801=ADVANCED_FACE('',(#18800),#18793,.T.);
#18802=CARTESIAN_POINT('',(-1.04E0,-1.875E0,-8.35E-1));
#18803=DIRECTION('',(1.E0,0.E0,0.E0));
#18804=DIRECTION('',(0.E0,0.E0,1.E0));
#18805=AXIS2_PLACEMENT_3D('',#18802,#18803,#18804);
#18806=PLANE('',#18805);
#18807=ORIENTED_EDGE('',*,*,#18710,.F.);
#18809=ORIENTED_EDGE('',*,*,#18808,.T.);
#18810=ORIENTED_EDGE('',*,*,#18747,.T.);
#18811=ORIENTED_EDGE('',*,*,#18795,.T.);
#18812=EDGE_LOOP('',(#18807,#18809,#18810,#18811));
#18813=FACE_OUTER_BOUND('',#18812,.F.);
#18814=ADVANCED_FACE('',(#18813),#18806,.T.);
#18815=CARTESIAN_POINT('',(-1.09E0,-1.875E0,-8.35E-1));
#18816=DIRECTION('',(-7.071067811865E-1,0.E0,7.071067811865E-1));
#18817=DIRECTION('',(0.E0,1.E0,0.E0));
#18818=AXIS2_PLACEMENT_3D('',#18815,#18816,#18817);
#18819=PLANE('',#18818);
#18820=ORIENTED_EDGE('',*,*,#18749,.T.);
#18821=ORIENTED_EDGE('',*,*,#18808,.F.);
#18822=ORIENTED_EDGE('',*,*,#18708,.T.);
#18824=ORIENTED_EDGE('',*,*,#18823,.F.);
#18825=EDGE_LOOP('',(#18820,#18821,#18822,#18824));
#18826=FACE_OUTER_BOUND('',#18825,.F.);
#18827=ADVANCED_FACE('',(#18826),#18819,.F.);
#18828=CARTESIAN_POINT('',(-1.6E0,-1.875E0,-8.35E-1));
#18829=DIRECTION('',(0.E0,0.E0,-1.E0));
#18830=DIRECTION('',(1.E0,0.E0,0.E0));
#18831=AXIS2_PLACEMENT_3D('',#18828,#18829,#18830);
#18832=PLANE('',#18831);
#18833=ORIENTED_EDGE('',*,*,#18751,.T.);
#18834=ORIENTED_EDGE('',*,*,#18823,.T.);
#18835=ORIENTED_EDGE('',*,*,#18706,.F.);
#18837=ORIENTED_EDGE('',*,*,#18836,.F.);
#18838=EDGE_LOOP('',(#18833,#18834,#18835,#18837));
#18839=FACE_OUTER_BOUND('',#18838,.F.);
#18840=ADVANCED_FACE('',(#18839),#18832,.T.);
#18841=CARTESIAN_POINT('',(-1.6E0,-1.875E0,-6.85E-1));
#18842=DIRECTION('',(-1.E0,0.E0,0.E0));
#18843=DIRECTION('',(0.E0,0.E0,-1.E0));
#18844=AXIS2_PLACEMENT_3D('',#18841,#18842,#18843);
#18845=PLANE('',#18844);
#18846=ORIENTED_EDGE('',*,*,#18704,.F.);
#18848=ORIENTED_EDGE('',*,*,#18847,.F.);
#18849=ORIENTED_EDGE('',*,*,#18753,.T.);
#18850=ORIENTED_EDGE('',*,*,#18836,.T.);
#18851=EDGE_LOOP('',(#18846,#18848,#18849,#18850));
#18852=FACE_OUTER_BOUND('',#18851,.F.);
#18853=ADVANCED_FACE('',(#18852),#18845,.T.);
#18854=CARTESIAN_POINT('',(-1.3375E0,-1.875E0,-6.85E-1));
#18855=DIRECTION('',(0.E0,0.E0,1.E0));
#18856=DIRECTION('',(-1.E0,0.E0,0.E0));
#18857=AXIS2_PLACEMENT_3D('',#18854,#18855,#18856);
#18858=PLANE('',#18857);
#18859=ORIENTED_EDGE('',*,*,#18702,.F.);
#18861=ORIENTED_EDGE('',*,*,#18860,.T.);
#18862=ORIENTED_EDGE('',*,*,#18755,.T.);
#18863=ORIENTED_EDGE('',*,*,#18847,.T.);
#18864=EDGE_LOOP('',(#18859,#18861,#18862,#18863));
#18865=FACE_OUTER_BOUND('',#18864,.F.);
#18866=ADVANCED_FACE('',(#18865),#18858,.T.);
#18867=CARTESIAN_POINT('',(-1.3375E0,-1.875E0,-6.35E-1));
#18868=DIRECTION('',(0.E0,1.E0,0.E0));
#18869=DIRECTION('',(0.E0,0.E0,1.E0));
#18870=AXIS2_PLACEMENT_3D('',#18867,#18868,#18869);
#18871=CYLINDRICAL_SURFACE('',#18870,5.E-2);
#18872=ORIENTED_EDGE('',*,*,#18700,.T.);
#18873=ORIENTED_EDGE('',*,*,#18730,.F.);
#18874=ORIENTED_EDGE('',*,*,#18757,.T.);
#18875=ORIENTED_EDGE('',*,*,#18860,.F.);
#18876=EDGE_LOOP('',(#18872,#18873,#18874,#18875));
#18877=FACE_OUTER_BOUND('',#18876,.F.);
#18878=ADVANCED_FACE('',(#18877),#18871,.F.);
#18879=CARTESIAN_POINT('',(-8.4E-1,-3.405E0,-7.85E-1));
#18880=DIRECTION('',(-7.071067811865E-1,0.E0,-7.071067811866E-1));
#18881=DIRECTION('',(0.E0,1.E0,0.E0));
#18882=AXIS2_PLACEMENT_3D('',#18879,#18880,#18881);
#18883=PLANE('',#18882);
#18884=ORIENTED_EDGE('',*,*,#16830,.T.);
#18885=ORIENTED_EDGE('',*,*,#10033,.F.);
#18886=ORIENTED_EDGE('',*,*,#10072,.T.);
#18887=ORIENTED_EDGE('',*,*,#13728,.T.);
#18888=EDGE_LOOP('',(#18884,#18885,#18886,#18887));
#18889=FACE_OUTER_BOUND('',#18888,.F.);
#18890=ADVANCED_FACE('',(#18889),#18883,.T.);
#18891=CARTESIAN_POINT('',(1.17E0,2.18E0,2.75E-1));
#18892=DIRECTION('',(-1.E0,0.E0,0.E0));
#18893=DIRECTION('',(0.E0,0.E0,1.E0));
#18894=AXIS2_PLACEMENT_3D('',#18891,#18892,#18893);
#18895=PLANE('',#18894);
#18896=ORIENTED_EDGE('',*,*,#13283,.T.);
#18898=ORIENTED_EDGE('',*,*,#18897,.F.);
#18899=ORIENTED_EDGE('',*,*,#13476,.T.);
#18900=EDGE_LOOP('',(#18896,#18898,#18899));
#18901=FACE_OUTER_BOUND('',#18900,.F.);
#18902=ADVANCED_FACE('',(#18901),#18895,.F.);
#18903=CARTESIAN_POINT('',(1.27E0,2.385E0,-4.15E-1));
#18904=DIRECTION('',(0.E0,-8.559155419458E-1,-5.171156399256E-1));
#18905=DIRECTION('',(0.E0,5.171156399256E-1,-8.559155419458E-1));
#18906=AXIS2_PLACEMENT_3D('',#18903,#18904,#18905);
#18907=PLANE('',#18906);
#18908=ORIENTED_EDGE('',*,*,#18897,.T.);
#18909=ORIENTED_EDGE('',*,*,#13281,.T.);
#18910=ORIENTED_EDGE('',*,*,#13335,.T.);
#18912=ORIENTED_EDGE('',*,*,#18911,.T.);
#18914=ORIENTED_EDGE('',*,*,#18913,.T.);
#18915=EDGE_LOOP('',(#18908,#18909,#18910,#18912,#18914));
#18916=FACE_OUTER_BOUND('',#18915,.F.);
#18917=ADVANCED_FACE('',(#18916),#18907,.T.);
#18918=CARTESIAN_POINT('',(1.27E0,2.53E0,-6.55E-1));
#18919=DIRECTION('',(0.E0,-1.E0,2.402493450394E-14));
#18920=DIRECTION('',(0.E0,-2.402493450394E-14,-1.E0));
#18921=AXIS2_PLACEMENT_3D('',#18918,#18919,#18920);
#18922=PLANE('',#18921);
#18924=ORIENTED_EDGE('',*,*,#18923,.T.);
#18926=ORIENTED_EDGE('',*,*,#18925,.F.);
#18928=ORIENTED_EDGE('',*,*,#18927,.F.);
#18929=ORIENTED_EDGE('',*,*,#18911,.F.);
#18930=ORIENTED_EDGE('',*,*,#13333,.T.);
#18932=ORIENTED_EDGE('',*,*,#18931,.F.);
#18934=ORIENTED_EDGE('',*,*,#18933,.F.);
#18936=ORIENTED_EDGE('',*,*,#18935,.F.);
#18937=EDGE_LOOP('',(#18924,#18926,#18928,#18929,#18930,#18932,#18934,#18936));
#18938=FACE_OUTER_BOUND('',#18937,.F.);
#18939=ADVANCED_FACE('',(#18938),#18922,.T.);
#18940=CARTESIAN_POINT('',(1.27E0,2.63E0,-8.35E-1));
#18941=DIRECTION('',(0.E0,0.E0,-1.E0));
#18942=DIRECTION('',(0.E0,1.E0,0.E0));
#18943=AXIS2_PLACEMENT_3D('',#18940,#18941,#18942);
#18944=PLANE('',#18943);
#18946=ORIENTED_EDGE('',*,*,#18945,.T.);
#18948=ORIENTED_EDGE('',*,*,#18947,.T.);
#18949=ORIENTED_EDGE('',*,*,#18923,.F.);
#18951=ORIENTED_EDGE('',*,*,#18950,.F.);
#18952=EDGE_LOOP('',(#18946,#18948,#18949,#18951));
#18953=FACE_OUTER_BOUND('',#18952,.F.);
#18954=ADVANCED_FACE('',(#18953),#18944,.T.);
#18955=CARTESIAN_POINT('',(1.27E0,2.93E0,-7.35E-1));
#18956=DIRECTION('',(0.E0,1.E0,0.E0));
#18957=DIRECTION('',(0.E0,0.E0,1.E0));
#18958=AXIS2_PLACEMENT_3D('',#18955,#18956,#18957);
#18959=PLANE('',#18958);
#18961=ORIENTED_EDGE('',*,*,#18960,.F.);
#18963=ORIENTED_EDGE('',*,*,#18962,.F.);
#18964=ORIENTED_EDGE('',*,*,#18945,.F.);
#18966=ORIENTED_EDGE('',*,*,#18965,.F.);
#18968=ORIENTED_EDGE('',*,*,#18967,.T.);
#18970=ORIENTED_EDGE('',*,*,#18969,.F.);
#18971=ORIENTED_EDGE('',*,*,#13329,.T.);
#18972=ORIENTED_EDGE('',*,*,#13444,.T.);
#18973=EDGE_LOOP('',(#18961,#18963,#18964,#18966,#18968,#18970,#18971,#18972));
#18974=FACE_OUTER_BOUND('',#18973,.F.);
#18975=ADVANCED_FACE('',(#18974),#18959,.T.);
#18976=CARTESIAN_POINT('',(1.17E0,2.63E0,-7.35E-1));
#18977=DIRECTION('',(-1.E0,0.E0,0.E0));
#18978=DIRECTION('',(0.E0,0.E0,-1.E0));
#18979=AXIS2_PLACEMENT_3D('',#18976,#18977,#18978);
#18980=PLANE('',#18979);
#18981=ORIENTED_EDGE('',*,*,#13442,.F.);
#18982=ORIENTED_EDGE('',*,*,#13478,.T.);
#18983=ORIENTED_EDGE('',*,*,#18913,.F.);
#18984=ORIENTED_EDGE('',*,*,#18927,.T.);
#18986=ORIENTED_EDGE('',*,*,#18985,.T.);
#18987=ORIENTED_EDGE('',*,*,#18960,.T.);
#18988=EDGE_LOOP('',(#18981,#18982,#18983,#18984,#18986,#18987));
#18989=FACE_OUTER_BOUND('',#18988,.F.);
#18990=ADVANCED_FACE('',(#18989),#18980,.T.);
#18991=CARTESIAN_POINT('',(1.32E0,2.63E0,-6.85E-1));
#18992=DIRECTION('',(0.E0,1.E0,0.E0));
#18993=DIRECTION('',(0.E0,0.E0,1.E0));
#18994=AXIS2_PLACEMENT_3D('',#18991,#18992,#18993);
#18995=CYLINDRICAL_SURFACE('',#18994,1.5E-1);
#18996=ORIENTED_EDGE('',*,*,#18925,.T.);
#18997=ORIENTED_EDGE('',*,*,#18947,.F.);
#18998=ORIENTED_EDGE('',*,*,#18962,.T.);
#18999=ORIENTED_EDGE('',*,*,#18985,.F.);
#19000=EDGE_LOOP('',(#18996,#18997,#18998,#18999));
#19001=FACE_OUTER_BOUND('',#19000,.F.);
#19002=ADVANCED_FACE('',(#19001),#18995,.T.);
#19003=CARTESIAN_POINT('',(1.51E0,3.34E0,-8.35E-1));
#19004=DIRECTION('',(1.E0,0.E0,0.E0));
#19005=DIRECTION('',(0.E0,0.E0,1.E0));
#19006=AXIS2_PLACEMENT_3D('',#19003,#19004,#19005);
#19007=PLANE('',#19006);
#19008=ORIENTED_EDGE('',*,*,#18935,.T.);
#19010=ORIENTED_EDGE('',*,*,#19009,.T.);
#19011=ORIENTED_EDGE('',*,*,#18965,.T.);
#19012=ORIENTED_EDGE('',*,*,#18950,.T.);
#19013=EDGE_LOOP('',(#19008,#19010,#19011,#19012));
#19014=FACE_OUTER_BOUND('',#19013,.F.);
#19015=ADVANCED_FACE('',(#19014),#19007,.T.);
#19016=CARTESIAN_POINT('',(1.51E0,2.53E0,-7.35E-1));
#19017=DIRECTION('',(0.E0,0.E0,-1.E0));
#19018=DIRECTION('',(0.E0,1.E0,0.E0));
#19019=AXIS2_PLACEMENT_3D('',#19016,#19017,#19018);
#19020=PLANE('',#19019);
#19021=ORIENTED_EDGE('',*,*,#18933,.T.);
#19023=ORIENTED_EDGE('',*,*,#19022,.T.);
#19024=ORIENTED_EDGE('',*,*,#18967,.F.);
#19025=ORIENTED_EDGE('',*,*,#19009,.F.);
#19026=EDGE_LOOP('',(#19021,#19023,#19024,#19025));
#19027=FACE_OUTER_BOUND('',#19026,.F.);
#19028=ADVANCED_FACE('',(#19027),#19020,.F.);
#19029=CARTESIAN_POINT('',(1.32E0,2.63E0,-6.85E-1));
#19030=DIRECTION('',(0.E0,1.E0,0.E0));
#19031=DIRECTION('',(0.E0,0.E0,1.E0));
#19032=AXIS2_PLACEMENT_3D('',#19029,#19030,#19031);
#19033=CYLINDRICAL_SURFACE('',#19032,5.E-2);
#19034=ORIENTED_EDGE('',*,*,#18969,.T.);
#19035=ORIENTED_EDGE('',*,*,#19022,.F.);
#19036=ORIENTED_EDGE('',*,*,#18931,.T.);
#19037=ORIENTED_EDGE('',*,*,#13331,.F.);
#19038=EDGE_LOOP('',(#19034,#19035,#19036,#19037));
#19039=FACE_OUTER_BOUND('',#19038,.F.);
#19040=ADVANCED_FACE('',(#19039),#19033,.F.);
#19041=CARTESIAN_POINT('',(1.27E0,3.08E0,1.05E-1));
#19042=DIRECTION('',(0.E0,1.E0,0.E0));
#19043=DIRECTION('',(0.E0,0.E0,1.E0));
#19044=AXIS2_PLACEMENT_3D('',#19041,#19042,#19043);
#19045=PLANE('',#19044);
#19046=ORIENTED_EDGE('',*,*,#13362,.F.);
#19047=ORIENTED_EDGE('',*,*,#13405,.T.);
#19048=ORIENTED_EDGE('',*,*,#13321,.T.);
#19050=ORIENTED_EDGE('',*,*,#19049,.F.);
#19051=EDGE_LOOP('',(#19046,#19047,#19048,#19050));
#19052=FACE_OUTER_BOUND('',#19051,.F.);
#19053=ADVANCED_FACE('',(#19052),#19045,.T.);
#19054=CARTESIAN_POINT('',(1.27E0,3.08E0,3.25E-1));
#19055=DIRECTION('',(0.E0,0.E0,1.E0));
#19056=DIRECTION('',(-1.E0,0.E0,0.E0));
#19057=AXIS2_PLACEMENT_3D('',#19054,#19055,#19056);
#19058=PLANE('',#19057);
#19059=ORIENTED_EDGE('',*,*,#13364,.F.);
#19060=ORIENTED_EDGE('',*,*,#19049,.T.);
#19061=ORIENTED_EDGE('',*,*,#13319,.T.);
#19063=ORIENTED_EDGE('',*,*,#19062,.T.);
#19064=EDGE_LOOP('',(#19059,#19060,#19061,#19063));
#19065=FACE_OUTER_BOUND('',#19064,.F.);
#19066=ADVANCED_FACE('',(#19065),#19058,.T.);
#19067=CARTESIAN_POINT('',(1.27E0,2.925E0,3.25E-1));
#19068=DIRECTION('',(0.E0,-9.459459459459E-1,3.243243243243E-1));
#19069=DIRECTION('',(0.E0,-3.243243243243E-1,-9.459459459459E-1));
#19070=AXIS2_PLACEMENT_3D('',#19067,#19068,#19069);
#19071=PLANE('',#19070);
#19072=ORIENTED_EDGE('',*,*,#13366,.T.);
#19073=ORIENTED_EDGE('',*,*,#19062,.F.);
#19074=ORIENTED_EDGE('',*,*,#13317,.T.);
#19076=ORIENTED_EDGE('',*,*,#19075,.T.);
#19077=EDGE_LOOP('',(#19072,#19073,#19074,#19076));
#19078=FACE_OUTER_BOUND('',#19077,.F.);
#19079=ADVANCED_FACE('',(#19078),#19071,.T.);
#19080=CARTESIAN_POINT('',(1.27E0,2.855E0,2.75E-1));
#19081=DIRECTION('',(-1.E0,0.E0,0.E0));
#19082=DIRECTION('',(0.E0,0.E0,-1.E0));
#19083=AXIS2_PLACEMENT_3D('',#19080,#19081,#19082);
#19084=CYLINDRICAL_SURFACE('',#19083,5.E-2);
#19085=ORIENTED_EDGE('',*,*,#13368,.T.);
#19086=ORIENTED_EDGE('',*,*,#19075,.F.);
#19087=ORIENTED_EDGE('',*,*,#13315,.T.);
#19088=ORIENTED_EDGE('',*,*,#13313,.T.);
#19090=ORIENTED_EDGE('',*,*,#19089,.F.);
#19091=ORIENTED_EDGE('',*,*,#13370,.T.);
#19092=EDGE_LOOP('',(#19085,#19086,#19087,#19088,#19090,#19091));
#19093=FACE_OUTER_BOUND('',#19092,.F.);
#19094=ADVANCED_FACE('',(#19093),#19084,.F.);
#19095=CARTESIAN_POINT('',(1.27E0,2.805E0,2.75E-1));
#19096=DIRECTION('',(0.E0,1.E0,0.E0));
#19097=DIRECTION('',(0.E0,0.E0,1.E0));
#19098=AXIS2_PLACEMENT_3D('',#19095,#19096,#19097);
#19099=PLANE('',#19098);
#19101=ORIENTED_EDGE('',*,*,#19100,.F.);
#19103=ORIENTED_EDGE('',*,*,#19102,.T.);
#19104=ORIENTED_EDGE('',*,*,#13372,.F.);
#19105=ORIENTED_EDGE('',*,*,#19089,.T.);
#19106=ORIENTED_EDGE('',*,*,#13311,.T.);
#19107=EDGE_LOOP('',(#19101,#19103,#19104,#19105,#19106));
#19108=FACE_OUTER_BOUND('',#19107,.F.);
#19109=ADVANCED_FACE('',(#19108),#19099,.T.);
#19110=CARTESIAN_POINT('',(1.23E0,2.805E0,3.55E-1));
#19111=DIRECTION('',(7.071067811865E-1,0.E0,7.071067811865E-1));
#19112=DIRECTION('',(-7.071067811865E-1,0.E0,7.071067811865E-1));
#19113=AXIS2_PLACEMENT_3D('',#19110,#19111,#19112);
#19114=PLANE('',#19113);
#19116=ORIENTED_EDGE('',*,*,#19115,.T.);
#19118=ORIENTED_EDGE('',*,*,#19117,.F.);
#19119=ORIENTED_EDGE('',*,*,#19100,.T.);
#19120=ORIENTED_EDGE('',*,*,#13309,.T.);
#19121=EDGE_LOOP('',(#19116,#19118,#19119,#19120));
#19122=FACE_OUTER_BOUND('',#19121,.F.);
#19123=ADVANCED_FACE('',(#19122),#19114,.T.);
#19124=CARTESIAN_POINT('',(1.27E0,2.655E0,3.55E-1));
#19125=DIRECTION('',(0.E0,-1.E0,0.E0));
#19126=DIRECTION('',(0.E0,0.E0,-1.E0));
#19127=AXIS2_PLACEMENT_3D('',#19124,#19125,#19126);
#19128=PLANE('',#19127);
#19130=ORIENTED_EDGE('',*,*,#19129,.F.);
#19131=ORIENTED_EDGE('',*,*,#19115,.F.);
#19132=ORIENTED_EDGE('',*,*,#13307,.T.);
#19134=ORIENTED_EDGE('',*,*,#19133,.T.);
#19135=ORIENTED_EDGE('',*,*,#13376,.F.);
#19136=EDGE_LOOP('',(#19130,#19131,#19132,#19134,#19135));
#19137=FACE_OUTER_BOUND('',#19136,.F.);
#19138=ADVANCED_FACE('',(#19137),#19128,.T.);
#19139=CARTESIAN_POINT('',(1.27E0,2.805E0,3.55E-1));
#19140=DIRECTION('',(0.E0,0.E0,1.E0));
#19141=DIRECTION('',(-1.E0,0.E0,0.E0));
#19142=AXIS2_PLACEMENT_3D('',#19139,#19140,#19141);
#19143=PLANE('',#19142);
#19144=ORIENTED_EDGE('',*,*,#19102,.F.);
#19145=ORIENTED_EDGE('',*,*,#19117,.T.);
#19146=ORIENTED_EDGE('',*,*,#19129,.T.);
#19147=ORIENTED_EDGE('',*,*,#13374,.F.);
#19148=EDGE_LOOP('',(#19144,#19145,#19146,#19147));
#19149=FACE_OUTER_BOUND('',#19148,.F.);
#19150=ADVANCED_FACE('',(#19149),#19143,.T.);
#19151=CARTESIAN_POINT('',(1.27E0,2.605E0,2.75E-1));
#19152=DIRECTION('',(-1.E0,0.E0,0.E0));
#19153=DIRECTION('',(0.E0,0.E0,-1.E0));
#19154=AXIS2_PLACEMENT_3D('',#19151,#19152,#19153);
#19155=CYLINDRICAL_SURFACE('',#19154,5.E-2);
#19156=ORIENTED_EDGE('',*,*,#13378,.T.);
#19157=ORIENTED_EDGE('',*,*,#19133,.F.);
#19158=ORIENTED_EDGE('',*,*,#13305,.T.);
#19159=ORIENTED_EDGE('',*,*,#13303,.T.);
#19161=ORIENTED_EDGE('',*,*,#19160,.F.);
#19162=ORIENTED_EDGE('',*,*,#13380,.T.);
#19163=EDGE_LOOP('',(#19156,#19157,#19158,#19159,#19161,#19162));
#19164=FACE_OUTER_BOUND('',#19163,.F.);
#19165=ADVANCED_FACE('',(#19164),#19155,.F.);
#19166=CARTESIAN_POINT('',(1.27E0,2.557702702703E0,2.587837837838E-1));
#19167=DIRECTION('',(0.E0,9.459459459459E-1,3.243243243243E-1));
#19168=DIRECTION('',(0.E0,-3.243243243243E-1,9.459459459459E-1));
#19169=AXIS2_PLACEMENT_3D('',#19166,#19167,#19168);
#19170=PLANE('',#19169);
#19171=ORIENTED_EDGE('',*,*,#13382,.T.);
#19172=ORIENTED_EDGE('',*,*,#19160,.T.);
#19173=ORIENTED_EDGE('',*,*,#13301,.T.);
#19175=ORIENTED_EDGE('',*,*,#19174,.T.);
#19176=EDGE_LOOP('',(#19171,#19172,#19173,#19175));
#19177=FACE_OUTER_BOUND('',#19176,.F.);
#19178=ADVANCED_FACE('',(#19177),#19170,.T.);
#19179=CARTESIAN_POINT('',(1.27E0,2.535E0,3.25E-1));
#19180=DIRECTION('',(0.E0,0.E0,1.E0));
#19181=DIRECTION('',(-1.E0,0.E0,0.E0));
#19182=AXIS2_PLACEMENT_3D('',#19179,#19180,#19181);
#19183=PLANE('',#19182);
#19184=ORIENTED_EDGE('',*,*,#13299,.T.);
#19185=ORIENTED_EDGE('',*,*,#13350,.F.);
#19186=ORIENTED_EDGE('',*,*,#13384,.F.);
#19187=ORIENTED_EDGE('',*,*,#19174,.F.);
#19188=EDGE_LOOP('',(#19184,#19185,#19186,#19187));
#19189=FACE_OUTER_BOUND('',#19188,.F.);
#19190=ADVANCED_FACE('',(#19189),#19183,.T.);
#19191=CARTESIAN_POINT('',(-1.27E0,-3.08E0,1.05E-1));
#19192=DIRECTION('',(0.E0,-1.E0,0.E0));
#19193=DIRECTION('',(0.E0,0.E0,1.E0));
#19194=AXIS2_PLACEMENT_3D('',#19191,#19192,#19193);
#19195=PLANE('',#19194);
#19196=ORIENTED_EDGE('',*,*,#9926,.F.);
#19197=ORIENTED_EDGE('',*,*,#9968,.T.);
#19198=ORIENTED_EDGE('',*,*,#9884,.T.);
#19200=ORIENTED_EDGE('',*,*,#19199,.F.);
#19201=EDGE_LOOP('',(#19196,#19197,#19198,#19200));
#19202=FACE_OUTER_BOUND('',#19201,.F.);
#19203=ADVANCED_FACE('',(#19202),#19195,.T.);
#19204=CARTESIAN_POINT('',(-1.27E0,-3.08E0,3.25E-1));
#19205=DIRECTION('',(0.E0,0.E0,1.E0));
#19206=DIRECTION('',(1.E0,0.E0,0.E0));
#19207=AXIS2_PLACEMENT_3D('',#19204,#19205,#19206);
#19208=PLANE('',#19207);
#19209=ORIENTED_EDGE('',*,*,#9928,.F.);
#19210=ORIENTED_EDGE('',*,*,#19199,.T.);
#19211=ORIENTED_EDGE('',*,*,#9882,.T.);
#19213=ORIENTED_EDGE('',*,*,#19212,.T.);
#19214=EDGE_LOOP('',(#19209,#19210,#19211,#19213));
#19215=FACE_OUTER_BOUND('',#19214,.F.);
#19216=ADVANCED_FACE('',(#19215),#19208,.T.);
#19217=CARTESIAN_POINT('',(-1.27E0,-2.925E0,3.25E-1));
#19218=DIRECTION('',(0.E0,9.459459459459E-1,3.243243243243E-1));
#19219=DIRECTION('',(0.E0,3.243243243243E-1,-9.459459459459E-1));
#19220=AXIS2_PLACEMENT_3D('',#19217,#19218,#19219);
#19221=PLANE('',#19220);
#19222=ORIENTED_EDGE('',*,*,#9930,.T.);
#19223=ORIENTED_EDGE('',*,*,#19212,.F.);
#19224=ORIENTED_EDGE('',*,*,#9880,.T.);
#19226=ORIENTED_EDGE('',*,*,#19225,.T.);
#19227=EDGE_LOOP('',(#19222,#19223,#19224,#19226));
#19228=FACE_OUTER_BOUND('',#19227,.F.);
#19229=ADVANCED_FACE('',(#19228),#19221,.T.);
#19230=CARTESIAN_POINT('',(-1.27E0,-2.855E0,2.75E-1));
#19231=DIRECTION('',(1.E0,0.E0,0.E0));
#19232=DIRECTION('',(0.E0,0.E0,-1.E0));
#19233=AXIS2_PLACEMENT_3D('',#19230,#19231,#19232);
#19234=CYLINDRICAL_SURFACE('',#19233,5.E-2);
#19235=ORIENTED_EDGE('',*,*,#9932,.T.);
#19236=ORIENTED_EDGE('',*,*,#19225,.F.);
#19237=ORIENTED_EDGE('',*,*,#9878,.T.);
#19238=ORIENTED_EDGE('',*,*,#9876,.T.);
#19240=ORIENTED_EDGE('',*,*,#19239,.F.);
#19241=ORIENTED_EDGE('',*,*,#9934,.T.);
#19242=EDGE_LOOP('',(#19235,#19236,#19237,#19238,#19240,#19241));
#19243=FACE_OUTER_BOUND('',#19242,.F.);
#19244=ADVANCED_FACE('',(#19243),#19234,.F.);
#19245=CARTESIAN_POINT('',(-1.27E0,-2.805E0,2.75E-1));
#19246=DIRECTION('',(0.E0,-1.E0,0.E0));
#19247=DIRECTION('',(0.E0,0.E0,1.E0));
#19248=AXIS2_PLACEMENT_3D('',#19245,#19246,#19247);
#19249=PLANE('',#19248);
#19251=ORIENTED_EDGE('',*,*,#19250,.F.);
#19253=ORIENTED_EDGE('',*,*,#19252,.T.);
#19254=ORIENTED_EDGE('',*,*,#9936,.F.);
#19255=ORIENTED_EDGE('',*,*,#19239,.T.);
#19256=ORIENTED_EDGE('',*,*,#9874,.T.);
#19257=EDGE_LOOP('',(#19251,#19253,#19254,#19255,#19256));
#19258=FACE_OUTER_BOUND('',#19257,.F.);
#19259=ADVANCED_FACE('',(#19258),#19249,.T.);
#19260=CARTESIAN_POINT('',(-1.23E0,-2.805E0,3.55E-1));
#19261=DIRECTION('',(-7.071067811865E-1,0.E0,7.071067811865E-1));
#19262=DIRECTION('',(7.071067811865E-1,0.E0,7.071067811865E-1));
#19263=AXIS2_PLACEMENT_3D('',#19260,#19261,#19262);
#19264=PLANE('',#19263);
#19266=ORIENTED_EDGE('',*,*,#19265,.T.);
#19268=ORIENTED_EDGE('',*,*,#19267,.F.);
#19269=ORIENTED_EDGE('',*,*,#19250,.T.);
#19270=ORIENTED_EDGE('',*,*,#9872,.T.);
#19271=EDGE_LOOP('',(#19266,#19268,#19269,#19270));
#19272=FACE_OUTER_BOUND('',#19271,.F.);
#19273=ADVANCED_FACE('',(#19272),#19264,.T.);
#19274=CARTESIAN_POINT('',(-1.27E0,-2.655E0,3.55E-1));
#19275=DIRECTION('',(0.E0,1.E0,0.E0));
#19276=DIRECTION('',(0.E0,0.E0,-1.E0));
#19277=AXIS2_PLACEMENT_3D('',#19274,#19275,#19276);
#19278=PLANE('',#19277);
#19280=ORIENTED_EDGE('',*,*,#19279,.F.);
#19281=ORIENTED_EDGE('',*,*,#19265,.F.);
#19282=ORIENTED_EDGE('',*,*,#9870,.T.);
#19284=ORIENTED_EDGE('',*,*,#19283,.T.);
#19285=ORIENTED_EDGE('',*,*,#9940,.F.);
#19286=EDGE_LOOP('',(#19280,#19281,#19282,#19284,#19285));
#19287=FACE_OUTER_BOUND('',#19286,.F.);
#19288=ADVANCED_FACE('',(#19287),#19278,.T.);
#19289=CARTESIAN_POINT('',(-1.27E0,-2.805E0,3.55E-1));
#19290=DIRECTION('',(0.E0,0.E0,1.E0));
#19291=DIRECTION('',(1.E0,0.E0,0.E0));
#19292=AXIS2_PLACEMENT_3D('',#19289,#19290,#19291);
#19293=PLANE('',#19292);
#19294=ORIENTED_EDGE('',*,*,#19252,.F.);
#19295=ORIENTED_EDGE('',*,*,#19267,.T.);
#19296=ORIENTED_EDGE('',*,*,#19279,.T.);
#19297=ORIENTED_EDGE('',*,*,#9938,.F.);
#19298=EDGE_LOOP('',(#19294,#19295,#19296,#19297));
#19299=FACE_OUTER_BOUND('',#19298,.F.);
#19300=ADVANCED_FACE('',(#19299),#19293,.T.);
#19301=CARTESIAN_POINT('',(-1.27E0,-2.605E0,2.75E-1));
#19302=DIRECTION('',(1.E0,0.E0,0.E0));
#19303=DIRECTION('',(0.E0,0.E0,-1.E0));
#19304=AXIS2_PLACEMENT_3D('',#19301,#19302,#19303);
#19305=CYLINDRICAL_SURFACE('',#19304,5.E-2);
#19306=ORIENTED_EDGE('',*,*,#9942,.T.);
#19307=ORIENTED_EDGE('',*,*,#19283,.F.);
#19308=ORIENTED_EDGE('',*,*,#9868,.T.);
#19309=ORIENTED_EDGE('',*,*,#9866,.T.);
#19311=ORIENTED_EDGE('',*,*,#19310,.F.);
#19312=ORIENTED_EDGE('',*,*,#9944,.T.);
#19313=EDGE_LOOP('',(#19306,#19307,#19308,#19309,#19311,#19312));
#19314=FACE_OUTER_BOUND('',#19313,.F.);
#19315=ADVANCED_FACE('',(#19314),#19305,.F.);
#19316=CARTESIAN_POINT('',(-1.27E0,-2.557702702703E0,2.587837837838E-1));
#19317=DIRECTION('',(0.E0,-9.459459459459E-1,3.243243243243E-1));
#19318=DIRECTION('',(0.E0,3.243243243243E-1,9.459459459459E-1));
#19319=AXIS2_PLACEMENT_3D('',#19316,#19317,#19318);
#19320=PLANE('',#19319);
#19321=ORIENTED_EDGE('',*,*,#9946,.T.);
#19322=ORIENTED_EDGE('',*,*,#19310,.T.);
#19323=ORIENTED_EDGE('',*,*,#9864,.T.);
#19324=ORIENTED_EDGE('',*,*,#9914,.T.);
#19325=EDGE_LOOP('',(#19321,#19322,#19323,#19324));
#19326=FACE_OUTER_BOUND('',#19325,.F.);
#19327=ADVANCED_FACE('',(#19326),#19320,.T.);
#19328=CARTESIAN_POINT('',(-1.27E0,2.38E0,3.25E-1));
#19329=DIRECTION('',(0.E0,-1.E0,0.E0));
#19330=DIRECTION('',(0.E0,0.E0,-1.E0));
#19331=AXIS2_PLACEMENT_3D('',#19328,#19329,#19330);
#19332=PLANE('',#19331);
#19333=ORIENTED_EDGE('',*,*,#9805,.T.);
#19335=ORIENTED_EDGE('',*,*,#19334,.F.);
#19336=ORIENTED_EDGE('',*,*,#9677,.F.);
#19337=ORIENTED_EDGE('',*,*,#9826,.T.);
#19338=EDGE_LOOP('',(#19333,#19335,#19336,#19337));
#19339=FACE_OUTER_BOUND('',#19338,.F.);
#19340=ADVANCED_FACE('',(#19339),#19332,.T.);
#19341=CARTESIAN_POINT('',(-1.27E0,2.535E0,3.25E-1));
#19342=DIRECTION('',(0.E0,0.E0,1.E0));
#19343=DIRECTION('',(1.E0,0.E0,0.E0));
#19344=AXIS2_PLACEMENT_3D('',#19341,#19342,#19343);
#19345=PLANE('',#19344);
#19346=ORIENTED_EDGE('',*,*,#9803,.T.);
#19348=ORIENTED_EDGE('',*,*,#19347,.F.);
#19349=ORIENTED_EDGE('',*,*,#9679,.F.);
#19350=ORIENTED_EDGE('',*,*,#19334,.T.);
#19351=EDGE_LOOP('',(#19346,#19348,#19349,#19350));
#19352=FACE_OUTER_BOUND('',#19351,.F.);
#19353=ADVANCED_FACE('',(#19352),#19345,.T.);
#19354=CARTESIAN_POINT('',(-1.27E0,2.557702702703E0,2.587837837838E-1));
#19355=DIRECTION('',(0.E0,9.459459459459E-1,3.243243243243E-1));
#19356=DIRECTION('',(0.E0,-3.243243243243E-1,9.459459459459E-1));
#19357=AXIS2_PLACEMENT_3D('',#19354,#19355,#19356);
#19358=PLANE('',#19357);
#19359=ORIENTED_EDGE('',*,*,#9681,.T.);
#19360=ORIENTED_EDGE('',*,*,#19347,.T.);
#19361=ORIENTED_EDGE('',*,*,#9801,.T.);
#19363=ORIENTED_EDGE('',*,*,#19362,.T.);
#19364=EDGE_LOOP('',(#19359,#19360,#19361,#19363));
#19365=FACE_OUTER_BOUND('',#19364,.F.);
#19366=ADVANCED_FACE('',(#19365),#19358,.T.);
#19367=CARTESIAN_POINT('',(-1.27E0,2.605E0,2.75E-1));
#19368=DIRECTION('',(1.E0,0.E0,0.E0));
#19369=DIRECTION('',(0.E0,0.E0,-1.E0));
#19370=AXIS2_PLACEMENT_3D('',#19367,#19368,#19369);
#19371=CYLINDRICAL_SURFACE('',#19370,5.E-2);
#19372=ORIENTED_EDGE('',*,*,#9683,.T.);
#19373=ORIENTED_EDGE('',*,*,#19362,.F.);
#19374=ORIENTED_EDGE('',*,*,#9799,.T.);
#19375=ORIENTED_EDGE('',*,*,#9797,.T.);
#19377=ORIENTED_EDGE('',*,*,#19376,.F.);
#19378=ORIENTED_EDGE('',*,*,#9685,.T.);
#19379=EDGE_LOOP('',(#19372,#19373,#19374,#19375,#19377,#19378));
#19380=FACE_OUTER_BOUND('',#19379,.F.);
#19381=ADVANCED_FACE('',(#19380),#19371,.F.);
#19382=CARTESIAN_POINT('',(-1.27E0,2.655E0,3.55E-1));
#19383=DIRECTION('',(0.E0,-1.E0,0.E0));
#19384=DIRECTION('',(0.E0,0.E0,-1.E0));
#19385=AXIS2_PLACEMENT_3D('',#19382,#19383,#19384);
#19386=PLANE('',#19385);
#19388=ORIENTED_EDGE('',*,*,#19387,.F.);
#19389=ORIENTED_EDGE('',*,*,#9687,.F.);
#19390=ORIENTED_EDGE('',*,*,#19376,.T.);
#19391=ORIENTED_EDGE('',*,*,#9795,.T.);
#19393=ORIENTED_EDGE('',*,*,#19392,.F.);
#19394=EDGE_LOOP('',(#19388,#19389,#19390,#19391,#19393));
#19395=FACE_OUTER_BOUND('',#19394,.F.);
#19396=ADVANCED_FACE('',(#19395),#19386,.T.);
#19397=CARTESIAN_POINT('',(-1.27E0,2.805E0,3.55E-1));
#19398=DIRECTION('',(0.E0,0.E0,1.E0));
#19399=DIRECTION('',(1.E0,0.E0,0.E0));
#19400=AXIS2_PLACEMENT_3D('',#19397,#19398,#19399);
#19401=PLANE('',#19400);
#19403=ORIENTED_EDGE('',*,*,#19402,.F.);
#19404=ORIENTED_EDGE('',*,*,#9689,.F.);
#19405=ORIENTED_EDGE('',*,*,#19387,.T.);
#19407=ORIENTED_EDGE('',*,*,#19406,.T.);
#19408=EDGE_LOOP('',(#19403,#19404,#19405,#19407));
#19409=FACE_OUTER_BOUND('',#19408,.F.);
#19410=ADVANCED_FACE('',(#19409),#19401,.T.);
#19411=CARTESIAN_POINT('',(-1.27E0,2.805E0,2.75E-1));
#19412=DIRECTION('',(0.E0,1.E0,0.E0));
#19413=DIRECTION('',(0.E0,0.E0,1.E0));
#19414=AXIS2_PLACEMENT_3D('',#19411,#19412,#19413);
#19415=PLANE('',#19414);
#19417=ORIENTED_EDGE('',*,*,#19416,.F.);
#19418=ORIENTED_EDGE('',*,*,#9791,.T.);
#19420=ORIENTED_EDGE('',*,*,#19419,.T.);
#19421=ORIENTED_EDGE('',*,*,#9691,.F.);
#19422=ORIENTED_EDGE('',*,*,#19402,.T.);
#19423=EDGE_LOOP('',(#19417,#19418,#19420,#19421,#19422));
#19424=FACE_OUTER_BOUND('',#19423,.F.);
#19425=ADVANCED_FACE('',(#19424),#19415,.T.);
#19426=CARTESIAN_POINT('',(-1.23E0,2.805E0,3.55E-1));
#19427=DIRECTION('',(-7.071067811865E-1,0.E0,7.071067811865E-1));
#19428=DIRECTION('',(7.071067811865E-1,0.E0,7.071067811865E-1));
#19429=AXIS2_PLACEMENT_3D('',#19426,#19427,#19428);
#19430=PLANE('',#19429);
#19431=ORIENTED_EDGE('',*,*,#19392,.T.);
#19432=ORIENTED_EDGE('',*,*,#9793,.T.);
#19433=ORIENTED_EDGE('',*,*,#19416,.T.);
#19434=ORIENTED_EDGE('',*,*,#19406,.F.);
#19435=EDGE_LOOP('',(#19431,#19432,#19433,#19434));
#19436=FACE_OUTER_BOUND('',#19435,.F.);
#19437=ADVANCED_FACE('',(#19436),#19430,.T.);
#19438=CARTESIAN_POINT('',(-1.27E0,2.855E0,2.75E-1));
#19439=DIRECTION('',(1.E0,0.E0,0.E0));
#19440=DIRECTION('',(0.E0,0.E0,-1.E0));
#19441=AXIS2_PLACEMENT_3D('',#19438,#19439,#19440);
#19442=CYLINDRICAL_SURFACE('',#19441,5.E-2);
#19443=ORIENTED_EDGE('',*,*,#9693,.T.);
#19444=ORIENTED_EDGE('',*,*,#19419,.F.);
#19445=ORIENTED_EDGE('',*,*,#9789,.T.);
#19446=ORIENTED_EDGE('',*,*,#9787,.T.);
#19448=ORIENTED_EDGE('',*,*,#19447,.F.);
#19449=ORIENTED_EDGE('',*,*,#9695,.T.);
#19450=EDGE_LOOP('',(#19443,#19444,#19445,#19446,#19448,#19449));
#19451=FACE_OUTER_BOUND('',#19450,.F.);
#19452=ADVANCED_FACE('',(#19451),#19442,.F.);
#19453=CARTESIAN_POINT('',(-1.27E0,2.925E0,3.25E-1));
#19454=DIRECTION('',(0.E0,-9.459459459459E-1,3.243243243243E-1));
#19455=DIRECTION('',(0.E0,-3.243243243243E-1,-9.459459459459E-1));
#19456=AXIS2_PLACEMENT_3D('',#19453,#19454,#19455);
#19457=PLANE('',#19456);
#19458=ORIENTED_EDGE('',*,*,#9697,.T.);
#19459=ORIENTED_EDGE('',*,*,#19447,.T.);
#19460=ORIENTED_EDGE('',*,*,#9785,.T.);
#19462=ORIENTED_EDGE('',*,*,#19461,.F.);
#19463=EDGE_LOOP('',(#19458,#19459,#19460,#19462));
#19464=FACE_OUTER_BOUND('',#19463,.F.);
#19465=ADVANCED_FACE('',(#19464),#19457,.T.);
#19466=CARTESIAN_POINT('',(-1.27E0,3.08E0,3.25E-1));
#19467=DIRECTION('',(0.E0,0.E0,1.E0));
#19468=DIRECTION('',(1.E0,0.E0,0.E0));
#19469=AXIS2_PLACEMENT_3D('',#19466,#19467,#19468);
#19470=PLANE('',#19469);
#19471=ORIENTED_EDGE('',*,*,#9699,.F.);
#19472=ORIENTED_EDGE('',*,*,#19461,.T.);
#19473=ORIENTED_EDGE('',*,*,#9783,.T.);
#19475=ORIENTED_EDGE('',*,*,#19474,.F.);
#19476=EDGE_LOOP('',(#19471,#19472,#19473,#19475));
#19477=FACE_OUTER_BOUND('',#19476,.F.);
#19478=ADVANCED_FACE('',(#19477),#19470,.T.);
#19479=CARTESIAN_POINT('',(-1.27E0,3.08E0,1.05E-1));
#19480=DIRECTION('',(0.E0,1.E0,0.E0));
#19481=DIRECTION('',(0.E0,0.E0,1.E0));
#19482=AXIS2_PLACEMENT_3D('',#19479,#19480,#19481);
#19483=PLANE('',#19482);
#19484=ORIENTED_EDGE('',*,*,#9701,.F.);
#19485=ORIENTED_EDGE('',*,*,#19474,.T.);
#19486=ORIENTED_EDGE('',*,*,#9781,.T.);
#19487=ORIENTED_EDGE('',*,*,#9718,.T.);
#19488=EDGE_LOOP('',(#19484,#19485,#19486,#19487));
#19489=FACE_OUTER_BOUND('',#19488,.F.);
#19490=ADVANCED_FACE('',(#19489),#19483,.T.);
#19491=CLOSED_SHELL('',(#9626,#9643,#9662,#9705,#9724,#9743,#9760,#9809,#9839,
#9854,#9904,#9918,#9959,#9977,#9995,#10011,#10023,#10049,#10062,#10084,#10099,
#10115,#10132,#10149,#10163,#10185,#10210,#10225,#10379,#10399,#10413,#10435,
#10453,#10470,#10482,#10494,#10506,#10526,#10540,#10562,#10580,#10597,#10609,
#10621,#10633,#10653,#10667,#10689,#10707,#10724,#10736,#10748,#10760,#10780,
#10794,#10816,#10834,#10851,#10863,#10875,#10887,#10907,#10921,#10943,#10961,
#10978,#10990,#11002,#11014,#11034,#11048,#11070,#11088,#11105,#11117,#11129,
#11141,#11161,#11175,#11197,#11215,#11232,#11244,#11256,#11268,#11288,#11302,
#11324,#11342,#11359,#11371,#11383,#11395,#11415,#11429,#11451,#11469,#11486,
#11498,#11510,#11522,#11542,#11556,#11578,#11596,#11613,#11625,#11637,#11649,
#11663,#11816,#11836,#11850,#11869,#11882,#11899,#11913,#11931,#11943,#11963,
#11977,#11996,#12009,#12026,#12040,#12058,#12070,#12090,#12104,#12123,#12136,
#12153,#12167,#12185,#12197,#12217,#12231,#12250,#12263,#12280,#12294,#12312,
#12324,#12344,#12358,#12377,#12390,#12407,#12421,#12439,#12451,#12471,#12485,
#12504,#12517,#12534,#12548,#12566,#12578,#12598,#12612,#12631,#12644,#12661,
#12675,#12693,#12705,#12725,#12739,#12758,#12771,#12788,#12802,#12820,#12832,
#12852,#12866,#12885,#12898,#12915,#12929,#12947,#12959,#12979,#12993,#13012,
#13025,#13042,#13056,#13074,#13086,#13098,#13121,#13136,#13167,#13182,#13232,
#13250,#13272,#13290,#13340,#13354,#13396,#13414,#13432,#13448,#13460,#13484,
#13497,#13519,#13534,#13550,#13567,#13582,#13595,#13614,#13626,#13639,#13654,
#13666,#13679,#13692,#13734,#13748,#13762,#13782,#13798,#13816,#13857,#13875,
#13893,#13909,#13931,#13949,#13963,#13984,#13997,#14010,#14023,#14035,#14049,
#14061,#14084,#14097,#14116,#14128,#14141,#14159,#14273,#14302,#14316,#14344,
#14357,#14370,#14383,#14396,#14409,#14422,#14435,#14448,#14460,#14489,#14503,
#14531,#14544,#14557,#14570,#14583,#14596,#14609,#14622,#14635,#14647,#14676,
#14690,#14718,#14731,#14744,#14757,#14770,#14783,#14796,#14809,#14822,#14834,
#14863,#14877,#14905,#14918,#14931,#14944,#14957,#14970,#14983,#14996,#15009,
#15021,#15050,#15064,#15092,#15105,#15118,#15131,#15144,#15157,#15170,#15183,
#15196,#15208,#15237,#15251,#15279,#15292,#15305,#15318,#15331,#15344,#15357,
#15370,#15383,#15395,#15424,#15438,#15466,#15479,#15492,#15505,#15518,#15531,
#15544,#15557,#15570,#15582,#15611,#15625,#15653,#15666,#15679,#15692,#15705,
#15718,#15731,#15744,#15757,#15769,#15798,#15812,#15840,#15853,#15866,#15879,
#15892,#15905,#15918,#15931,#15944,#15956,#15970,#15987,#15999,#16011,#16040,
#16054,#16082,#16095,#16108,#16121,#16134,#16147,#16160,#16173,#16186,#16198,
#16209,#16222,#16235,#16248,#16263,#16278,#16292,#16307,#16319,#16334,#16347,
#16359,#16374,#16386,#16398,#16418,#16431,#16456,#16467,#16485,#16506,#16520,
#16541,#16555,#16568,#16580,#16592,#16607,#16619,#16634,#16654,#16670,#16686,
#16697,#16719,#16734,#16755,#16770,#16782,#16795,#16808,#16820,#16839,#16953,
#16982,#16996,#17024,#17037,#17050,#17063,#17076,#17089,#17102,#17115,#17128,
#17140,#17169,#17183,#17211,#17224,#17237,#17250,#17263,#17276,#17289,#17302,
#17315,#17327,#17356,#17370,#17398,#17411,#17424,#17437,#17450,#17463,#17476,
#17489,#17502,#17514,#17543,#17557,#17585,#17598,#17611,#17624,#17637,#17650,
#17663,#17676,#17689,#17701,#17730,#17744,#17772,#17785,#17798,#17811,#17824,
#17837,#17850,#17863,#17876,#17888,#17917,#17931,#17959,#17972,#17985,#17998,
#18011,#18024,#18037,#18050,#18063,#18075,#18104,#18118,#18146,#18159,#18172,
#18185,#18198,#18211,#18224,#18237,#18250,#18262,#18291,#18305,#18333,#18346,
#18359,#18372,#18385,#18398,#18411,#18424,#18437,#18449,#18478,#18492,#18520,
#18533,#18546,#18559,#18572,#18585,#18598,#18611,#18624,#18636,#18650,#18663,
#18679,#18691,#18720,#18734,#18762,#18775,#18788,#18801,#18814,#18827,#18840,
#18853,#18866,#18878,#18890,#18902,#18917,#18939,#18954,#18975,#18990,#19002,
#19015,#19028,#19040,#19053,#19066,#19079,#19094,#19109,#19123,#19138,#19150,
#19165,#19178,#19190,#19203,#19216,#19229,#19244,#19259,#19273,#19288,#19300,
#19315,#19327,#19340,#19353,#19366,#19381,#19396,#19410,#19425,#19437,#19452,
#19465,#19478,#19490));
#19492=MANIFOLD_SOLID_BREP('',#19491);
#19493=CARTESIAN_POINT('',(0.E0,0.E0,0.E0));
#19494=DIRECTION('',(0.E0,0.E0,1.E0));
#19495=DIRECTION('',(1.E0,0.E0,0.E0));
#19496=AXIS2_PLACEMENT_3D('2049270201',#19493,#19494,#19495);
#19497=DIRECTION('',(0.E0,-1.E0,0.E0));
#19498=VECTOR('',#19497,2.5E-1);
#19499=CARTESIAN_POINT('',(1.75E0,1.925E0,-7.85E-1));
#19500=LINE('',#19499,#19498);
#19503=DIRECTION('',(-1.E0,0.E0,0.E0));
#19504=VECTOR('',#19503,8.1E-1);
#19505=CARTESIAN_POINT('',(1.75E0,1.675E0,-7.85E-1));
#19506=LINE('',#19505,#19504);
#19509=DIRECTION('',(0.E0,1.E0,0.E0));
#19510=VECTOR('',#19509,2.5E-1);
#19511=CARTESIAN_POINT('',(9.4E-1,1.675E0,-7.85E-1));
#19512=LINE('',#19511,#19510);
#19515=DIRECTION('',(1.E0,0.E0,0.E0));
#19516=VECTOR('',#19515,8.1E-1);
#19517=CARTESIAN_POINT('',(9.4E-1,1.925E0,-7.85E-1));
#19518=LINE('',#19517,#19516);
#19523=DIRECTION('',(1.E0,0.E0,0.E0));
#19524=VECTOR('',#19523,8.1E-1);
#19525=CARTESIAN_POINT('',(-1.75E0,1.925E0,-7.85E-1));
#19526=LINE('',#19525,#19524);
#19529=DIRECTION('',(0.E0,-1.E0,0.E0));
#19530=VECTOR('',#19529,2.5E-1);
#19531=CARTESIAN_POINT('',(-9.4E-1,1.925E0,-7.85E-1));
#19532=LINE('',#19531,#19530);
#19535=DIRECTION('',(-1.E0,0.E0,0.E0));
#19536=VECTOR('',#19535,8.1E-1);
#19537=CARTESIAN_POINT('',(-9.4E-1,1.675E0,-7.85E-1));
#19538=LINE('',#19537,#19536);
#19541=DIRECTION('',(0.E0,1.E0,0.E0));
#19542=VECTOR('',#19541,2.5E-1);
#19543=CARTESIAN_POINT('',(-1.75E0,1.675E0,-7.85E-1));
#19544=LINE('',#19543,#19542);
#19548=DIRECTION('',(0.E0,-1.E0,0.E0));
#19549=VECTOR('',#19548,2.5E-1);
#19550=CARTESIAN_POINT('',(1.75E0,1.525E0,-7.85E-1));
#19551=LINE('',#19550,#19549);
#19554=DIRECTION('',(-1.E0,0.E0,0.E0));
#19555=VECTOR('',#19554,8.1E-1);
#19556=CARTESIAN_POINT('',(1.75E0,1.275E0,-7.85E-1));
#19557=LINE('',#19556,#19555);
#19560=DIRECTION('',(0.E0,1.E0,0.E0));
#19561=VECTOR('',#19560,2.5E-1);
#19562=CARTESIAN_POINT('',(9.4E-1,1.275E0,-7.85E-1));
#19563=LINE('',#19562,#19561);
#19566=DIRECTION('',(1.E0,0.E0,0.E0));
#19567=VECTOR('',#19566,8.1E-1);
#19568=CARTESIAN_POINT('',(9.4E-1,1.525E0,-7.85E-1));
#19569=LINE('',#19568,#19567);
#19573=DIRECTION('',(1.E0,0.E0,0.E0));
#19574=VECTOR('',#19573,8.1E-1);
#19575=CARTESIAN_POINT('',(-1.75E0,1.525E0,-7.85E-1));
#19576=LINE('',#19575,#19574);
#19579=DIRECTION('',(0.E0,-1.E0,0.E0));
#19580=VECTOR('',#19579,2.5E-1);
#19581=CARTESIAN_POINT('',(-9.4E-1,1.525E0,-7.85E-1));
#19582=LINE('',#19581,#19580);
#19585=DIRECTION('',(-1.E0,0.E0,0.E0));
#19586=VECTOR('',#19585,8.1E-1);
#19587=CARTESIAN_POINT('',(-9.4E-1,1.275E0,-7.85E-1));
#19588=LINE('',#19587,#19586);
#19591=DIRECTION('',(0.E0,1.E0,0.E0));
#19592=VECTOR('',#19591,2.5E-1);
#19593=CARTESIAN_POINT('',(-1.75E0,1.275E0,-7.85E-1));
#19594=LINE('',#19593,#19592);
#19598=DIRECTION('',(0.E0,-1.E0,0.E0));
#19599=VECTOR('',#19598,2.5E-1);
#19600=CARTESIAN_POINT('',(1.75E0,1.125E0,-7.85E-1));
#19601=LINE('',#19600,#19599);
#19604=DIRECTION('',(-1.E0,0.E0,0.E0));
#19605=VECTOR('',#19604,8.1E-1);
#19606=CARTESIAN_POINT('',(1.75E0,8.75E-1,-7.85E-1));
#19607=LINE('',#19606,#19605);
#19610=DIRECTION('',(0.E0,1.E0,0.E0));
#19611=VECTOR('',#19610,2.5E-1);
#19612=CARTESIAN_POINT('',(9.4E-1,8.75E-1,-7.85E-1));
#19613=LINE('',#19612,#19611);
#19616=DIRECTION('',(1.E0,0.E0,0.E0));
#19617=VECTOR('',#19616,8.1E-1);
#19618=CARTESIAN_POINT('',(9.4E-1,1.125E0,-7.85E-1));
#19619=LINE('',#19618,#19617);
#19623=DIRECTION('',(1.E0,0.E0,0.E0));
#19624=VECTOR('',#19623,8.1E-1);
#19625=CARTESIAN_POINT('',(-1.75E0,1.125E0,-7.85E-1));
#19626=LINE('',#19625,#19624);
#19629=DIRECTION('',(0.E0,-1.E0,0.E0));
#19630=VECTOR('',#19629,2.5E-1);
#19631=CARTESIAN_POINT('',(-9.4E-1,1.125E0,-7.85E-1));
#19632=LINE('',#19631,#19630);
#19635=DIRECTION('',(-1.E0,0.E0,0.E0));
#19636=VECTOR('',#19635,8.1E-1);
#19637=CARTESIAN_POINT('',(-9.4E-1,8.75E-1,-7.85E-1));
#19638=LINE('',#19637,#19636);
#19641=DIRECTION('',(0.E0,1.E0,0.E0));
#19642=VECTOR('',#19641,2.5E-1);
#19643=CARTESIAN_POINT('',(-1.75E0,8.75E-1,-7.85E-1));
#19644=LINE('',#19643,#19642);
#19648=DIRECTION('',(0.E0,-1.E0,0.E0));
#19649=VECTOR('',#19648,2.5E-1);
#19650=CARTESIAN_POINT('',(1.75E0,7.25E-1,-7.85E-1));
#19651=LINE('',#19650,#19649);
#19654=DIRECTION('',(-1.E0,0.E0,0.E0));
#19655=VECTOR('',#19654,8.1E-1);
#19656=CARTESIAN_POINT('',(1.75E0,4.75E-1,-7.85E-1));
#19657=LINE('',#19656,#19655);
#19660=DIRECTION('',(0.E0,1.E0,0.E0));
#19661=VECTOR('',#19660,2.5E-1);
#19662=CARTESIAN_POINT('',(9.4E-1,4.75E-1,-7.85E-1));
#19663=LINE('',#19662,#19661);
#19666=DIRECTION('',(1.E0,0.E0,0.E0));
#19667=VECTOR('',#19666,8.1E-1);
#19668=CARTESIAN_POINT('',(9.4E-1,7.25E-1,-7.85E-1));
#19669=LINE('',#19668,#19667);
#19673=DIRECTION('',(1.E0,0.E0,0.E0));
#19674=VECTOR('',#19673,8.1E-1);
#19675=CARTESIAN_POINT('',(-1.75E0,7.25E-1,-7.85E-1));
#19676=LINE('',#19675,#19674);
#19679=DIRECTION('',(0.E0,-1.E0,0.E0));
#19680=VECTOR('',#19679,2.5E-1);
#19681=CARTESIAN_POINT('',(-9.4E-1,7.25E-1,-7.85E-1));
#19682=LINE('',#19681,#19680);
#19685=DIRECTION('',(-1.E0,0.E0,0.E0));
#19686=VECTOR('',#19685,8.1E-1);
#19687=CARTESIAN_POINT('',(-9.4E-1,4.75E-1,-7.85E-1));
#19688=LINE('',#19687,#19686);
#19691=DIRECTION('',(0.E0,1.E0,0.E0));
#19692=VECTOR('',#19691,2.5E-1);
#19693=CARTESIAN_POINT('',(-1.75E0,4.75E-1,-7.85E-1));
#19694=LINE('',#19693,#19692);
#19698=DIRECTION('',(0.E0,-1.E0,0.E0));
#19699=VECTOR('',#19698,2.5E-1);
#19700=CARTESIAN_POINT('',(1.75E0,3.25E-1,-7.85E-1));
#19701=LINE('',#19700,#19699);
#19704=DIRECTION('',(-1.E0,0.E0,0.E0));
#19705=VECTOR('',#19704,8.1E-1);
#19706=CARTESIAN_POINT('',(1.75E0,7.5E-2,-7.85E-1));
#19707=LINE('',#19706,#19705);
#19710=DIRECTION('',(0.E0,1.E0,0.E0));
#19711=VECTOR('',#19710,2.5E-1);
#19712=CARTESIAN_POINT('',(9.4E-1,7.5E-2,-7.85E-1));
#19713=LINE('',#19712,#19711);
#19716=DIRECTION('',(1.E0,0.E0,0.E0));
#19717=VECTOR('',#19716,8.1E-1);
#19718=CARTESIAN_POINT('',(9.4E-1,3.25E-1,-7.85E-1));
#19719=LINE('',#19718,#19717);
#19723=DIRECTION('',(1.E0,0.E0,0.E0));
#19724=VECTOR('',#19723,8.1E-1);
#19725=CARTESIAN_POINT('',(-1.75E0,3.25E-1,-7.85E-1));
#19726=LINE('',#19725,#19724);
#19729=DIRECTION('',(0.E0,-1.E0,0.E0));
#19730=VECTOR('',#19729,2.5E-1);
#19731=CARTESIAN_POINT('',(-9.4E-1,3.25E-1,-7.85E-1));
#19732=LINE('',#19731,#19730);
#19735=DIRECTION('',(-1.E0,0.E0,0.E0));
#19736=VECTOR('',#19735,8.1E-1);
#19737=CARTESIAN_POINT('',(-9.4E-1,7.5E-2,-7.85E-1));
#19738=LINE('',#19737,#19736);
#19741=DIRECTION('',(0.E0,1.E0,0.E0));
#19742=VECTOR('',#19741,2.5E-1);
#19743=CARTESIAN_POINT('',(-1.75E0,7.5E-2,-7.85E-1));
#19744=LINE('',#19743,#19742);
#19748=DIRECTION('',(0.E0,-1.E0,0.E0));
#19749=VECTOR('',#19748,2.5E-1);
#19750=CARTESIAN_POINT('',(1.75E0,-7.5E-2,-7.85E-1));
#19751=LINE('',#19750,#19749);
#19754=DIRECTION('',(-1.E0,0.E0,0.E0));
#19755=VECTOR('',#19754,8.1E-1);
#19756=CARTESIAN_POINT('',(1.75E0,-3.25E-1,-7.85E-1));
#19757=LINE('',#19756,#19755);
#19760=DIRECTION('',(0.E0,1.E0,0.E0));
#19761=VECTOR('',#19760,2.5E-1);
#19762=CARTESIAN_POINT('',(9.4E-1,-3.25E-1,-7.85E-1));
#19763=LINE('',#19762,#19761);
#19766=DIRECTION('',(1.E0,0.E0,0.E0));
#19767=VECTOR('',#19766,8.1E-1);
#19768=CARTESIAN_POINT('',(9.4E-1,-7.5E-2,-7.85E-1));
#19769=LINE('',#19768,#19767);
#19773=DIRECTION('',(1.E0,0.E0,0.E0));
#19774=VECTOR('',#19773,8.1E-1);
#19775=CARTESIAN_POINT('',(-1.75E0,-7.5E-2,-7.85E-1));
#19776=LINE('',#19775,#19774);
#19779=DIRECTION('',(0.E0,-1.E0,0.E0));
#19780=VECTOR('',#19779,2.5E-1);
#19781=CARTESIAN_POINT('',(-9.4E-1,-7.5E-2,-7.85E-1));
#19782=LINE('',#19781,#19780);
#19785=DIRECTION('',(-1.E0,0.E0,0.E0));
#19786=VECTOR('',#19785,8.1E-1);
#19787=CARTESIAN_POINT('',(-9.4E-1,-3.25E-1,-7.85E-1));
#19788=LINE('',#19787,#19786);
#19791=DIRECTION('',(0.E0,1.E0,0.E0));
#19792=VECTOR('',#19791,2.5E-1);
#19793=CARTESIAN_POINT('',(-1.75E0,-3.25E-1,-7.85E-1));
#19794=LINE('',#19793,#19792);
#19798=DIRECTION('',(0.E0,-1.E0,0.E0));
#19799=VECTOR('',#19798,2.5E-1);
#19800=CARTESIAN_POINT('',(1.75E0,-4.75E-1,-7.85E-1));
#19801=LINE('',#19800,#19799);
#19804=DIRECTION('',(-1.E0,0.E0,0.E0));
#19805=VECTOR('',#19804,8.1E-1);
#19806=CARTESIAN_POINT('',(1.75E0,-7.25E-1,-7.85E-1));
#19807=LINE('',#19806,#19805);
#19810=DIRECTION('',(0.E0,1.E0,0.E0));
#19811=VECTOR('',#19810,2.5E-1);
#19812=CARTESIAN_POINT('',(9.4E-1,-7.25E-1,-7.85E-1));
#19813=LINE('',#19812,#19811);
#19816=DIRECTION('',(1.E0,0.E0,0.E0));
#19817=VECTOR('',#19816,8.1E-1);
#19818=CARTESIAN_POINT('',(9.4E-1,-4.75E-1,-7.85E-1));
#19819=LINE('',#19818,#19817);
#19823=DIRECTION('',(1.E0,0.E0,0.E0));
#19824=VECTOR('',#19823,8.1E-1);
#19825=CARTESIAN_POINT('',(-1.75E0,-4.75E-1,-7.85E-1));
#19826=LINE('',#19825,#19824);
#19829=DIRECTION('',(0.E0,-1.E0,0.E0));
#19830=VECTOR('',#19829,2.5E-1);
#19831=CARTESIAN_POINT('',(-9.4E-1,-4.75E-1,-7.85E-1));
#19832=LINE('',#19831,#19830);
#19835=DIRECTION('',(-1.E0,0.E0,0.E0));
#19836=VECTOR('',#19835,8.1E-1);
#19837=CARTESIAN_POINT('',(-9.4E-1,-7.25E-1,-7.85E-1));
#19838=LINE('',#19837,#19836);
#19841=DIRECTION('',(0.E0,1.E0,0.E0));
#19842=VECTOR('',#19841,2.5E-1);
#19843=CARTESIAN_POINT('',(-1.75E0,-7.25E-1,-7.85E-1));
#19844=LINE('',#19843,#19842);
#19848=DIRECTION('',(0.E0,-1.E0,0.E0));
#19849=VECTOR('',#19848,2.5E-1);
#19850=CARTESIAN_POINT('',(1.75E0,-8.75E-1,-7.85E-1));
#19851=LINE('',#19850,#19849);
#19854=DIRECTION('',(-1.E0,0.E0,0.E0));
#19855=VECTOR('',#19854,8.1E-1);
#19856=CARTESIAN_POINT('',(1.75E0,-1.125E0,-7.85E-1));
#19857=LINE('',#19856,#19855);
#19860=DIRECTION('',(0.E0,1.E0,0.E0));
#19861=VECTOR('',#19860,2.5E-1);
#19862=CARTESIAN_POINT('',(9.4E-1,-1.125E0,-7.85E-1));
#19863=LINE('',#19862,#19861);
#19866=DIRECTION('',(1.E0,0.E0,0.E0));
#19867=VECTOR('',#19866,8.1E-1);
#19868=CARTESIAN_POINT('',(9.4E-1,-8.75E-1,-7.85E-1));
#19869=LINE('',#19868,#19867);
#19873=DIRECTION('',(1.E0,0.E0,0.E0));
#19874=VECTOR('',#19873,8.1E-1);
#19875=CARTESIAN_POINT('',(-1.75E0,-8.75E-1,-7.85E-1));
#19876=LINE('',#19875,#19874);
#19879=DIRECTION('',(0.E0,-1.E0,0.E0));
#19880=VECTOR('',#19879,2.5E-1);
#19881=CARTESIAN_POINT('',(-9.4E-1,-8.75E-1,-7.85E-1));
#19882=LINE('',#19881,#19880);
#19885=DIRECTION('',(-1.E0,0.E0,0.E0));
#19886=VECTOR('',#19885,8.1E-1);
#19887=CARTESIAN_POINT('',(-9.4E-1,-1.125E0,-7.85E-1));
#19888=LINE('',#19887,#19886);
#19891=DIRECTION('',(0.E0,1.E0,0.E0));
#19892=VECTOR('',#19891,2.5E-1);
#19893=CARTESIAN_POINT('',(-1.75E0,-1.125E0,-7.85E-1));
#19894=LINE('',#19893,#19892);
#19898=DIRECTION('',(0.E0,-1.E0,0.E0));
#19899=VECTOR('',#19898,2.5E-1);
#19900=CARTESIAN_POINT('',(1.75E0,-1.275E0,-7.85E-1));
#19901=LINE('',#19900,#19899);
#19904=DIRECTION('',(-1.E0,0.E0,0.E0));
#19905=VECTOR('',#19904,8.1E-1);
#19906=CARTESIAN_POINT('',(1.75E0,-1.525E0,-7.85E-1));
#19907=LINE('',#19906,#19905);
#19910=DIRECTION('',(0.E0,1.E0,0.E0));
#19911=VECTOR('',#19910,2.5E-1);
#19912=CARTESIAN_POINT('',(9.4E-1,-1.525E0,-7.85E-1));
#19913=LINE('',#19912,#19911);
#19916=DIRECTION('',(1.E0,0.E0,0.E0));
#19917=VECTOR('',#19916,8.1E-1);
#19918=CARTESIAN_POINT('',(9.4E-1,-1.275E0,-7.85E-1));
#19919=LINE('',#19918,#19917);
#19923=DIRECTION('',(1.E0,0.E0,0.E0));
#19924=VECTOR('',#19923,8.1E-1);
#19925=CARTESIAN_POINT('',(-1.75E0,-1.275E0,-7.85E-1));
#19926=LINE('',#19925,#19924);
#19929=DIRECTION('',(0.E0,-1.E0,0.E0));
#19930=VECTOR('',#19929,2.5E-1);
#19931=CARTESIAN_POINT('',(-9.4E-1,-1.275E0,-7.85E-1));
#19932=LINE('',#19931,#19930);
#19935=DIRECTION('',(-1.E0,0.E0,0.E0));
#19936=VECTOR('',#19935,8.1E-1);
#19937=CARTESIAN_POINT('',(-9.4E-1,-1.525E0,-7.85E-1));
#19938=LINE('',#19937,#19936);
#19941=DIRECTION('',(0.E0,1.E0,0.E0));
#19942=VECTOR('',#19941,2.5E-1);
#19943=CARTESIAN_POINT('',(-1.75E0,-1.525E0,-7.85E-1));
#19944=LINE('',#19943,#19942);
#19948=DIRECTION('',(0.E0,-1.E0,0.E0));
#19949=VECTOR('',#19948,2.5E-1);
#19950=CARTESIAN_POINT('',(1.75E0,-1.675E0,-7.85E-1));
#19951=LINE('',#19950,#19949);
#19954=DIRECTION('',(-1.E0,0.E0,0.E0));
#19955=VECTOR('',#19954,8.1E-1);
#19956=CARTESIAN_POINT('',(1.75E0,-1.925E0,-7.85E-1));
#19957=LINE('',#19956,#19955);
#19960=DIRECTION('',(0.E0,1.E0,0.E0));
#19961=VECTOR('',#19960,2.5E-1);
#19962=CARTESIAN_POINT('',(9.4E-1,-1.925E0,-7.85E-1));
#19963=LINE('',#19962,#19961);
#19966=DIRECTION('',(1.E0,0.E0,0.E0));
#19967=VECTOR('',#19966,8.1E-1);
#19968=CARTESIAN_POINT('',(9.4E-1,-1.675E0,-7.85E-1));
#19969=LINE('',#19968,#19967);
#19973=DIRECTION('',(1.E0,0.E0,0.E0));
#19974=VECTOR('',#19973,8.1E-1);
#19975=CARTESIAN_POINT('',(-1.75E0,-1.675E0,-7.85E-1));
#19976=LINE('',#19975,#19974);
#19979=DIRECTION('',(0.E0,-1.E0,0.E0));
#19980=VECTOR('',#19979,2.5E-1);
#19981=CARTESIAN_POINT('',(-9.4E-1,-1.675E0,-7.85E-1));
#19982=LINE('',#19981,#19980);
#19985=DIRECTION('',(-1.E0,0.E0,0.E0));
#19986=VECTOR('',#19985,8.1E-1);
#19987=CARTESIAN_POINT('',(-9.4E-1,-1.925E0,-7.85E-1));
#19988=LINE('',#19987,#19986);
#19991=DIRECTION('',(0.E0,1.E0,0.E0));
#19992=VECTOR('',#19991,2.5E-1);
#19993=CARTESIAN_POINT('',(-1.75E0,-1.925E0,-7.85E-1));
#19994=LINE('',#19993,#19992);
#19998=DIRECTION('',(0.E0,-1.E0,0.E0));
#19999=VECTOR('',#19998,8.E-1);
#20000=CARTESIAN_POINT('',(1.71E0,3.13E0,-7.85E-1));
#20001=LINE('',#20000,#19999);
#20004=DIRECTION('',(-1.E0,0.E0,0.E0));
#20005=VECTOR('',#20004,7.7E-1);
#20006=CARTESIAN_POINT('',(1.71E0,2.33E0,-7.85E-1));
#20007=LINE('',#20006,#20005);
#20010=DIRECTION('',(0.E0,1.E0,0.E0));
#20011=VECTOR('',#20010,8.E-1);
#20012=CARTESIAN_POINT('',(9.4E-1,2.33E0,-7.85E-1));
#20013=LINE('',#20012,#20011);
#20016=DIRECTION('',(1.E0,0.E0,0.E0));
#20017=VECTOR('',#20016,7.7E-1);
#20018=CARTESIAN_POINT('',(9.4E-1,3.13E0,-7.85E-1));
#20019=LINE('',#20018,#20017);
#20023=DIRECTION('',(-1.E0,0.E0,0.E0));
#20024=VECTOR('',#20023,7.7E-1);
#20025=CARTESIAN_POINT('',(1.71E0,-3.13E0,-7.85E-1));
#20026=LINE('',#20025,#20024);
#20029=DIRECTION('',(0.E0,1.E0,0.E0));
#20030=VECTOR('',#20029,8.E-1);
#20031=CARTESIAN_POINT('',(9.4E-1,-3.13E0,-7.85E-1));
#20032=LINE('',#20031,#20030);
#20035=DIRECTION('',(1.E0,0.E0,0.E0));
#20036=VECTOR('',#20035,7.7E-1);
#20037=CARTESIAN_POINT('',(9.4E-1,-2.33E0,-7.85E-1));
#20038=LINE('',#20037,#20036);
#20041=DIRECTION('',(0.E0,-1.E0,0.E0));
#20042=VECTOR('',#20041,8.E-1);
#20043=CARTESIAN_POINT('',(1.71E0,-2.33E0,-7.85E-1));
#20044=LINE('',#20043,#20042);
#20048=DIRECTION('',(1.E0,0.E0,0.E0));
#20049=VECTOR('',#20048,7.7E-1);
#20050=CARTESIAN_POINT('',(-1.71E0,3.13E0,-7.85E-1));
#20051=LINE('',#20050,#20049);
#20054=DIRECTION('',(0.E0,-1.E0,0.E0));
#20055=VECTOR('',#20054,8.E-1);
#20056=CARTESIAN_POINT('',(-9.4E-1,3.13E0,-7.85E-1));
#20057=LINE('',#20056,#20055);
#20060=DIRECTION('',(-1.E0,0.E0,0.E0));
#20061=VECTOR('',#20060,7.7E-1);
#20062=CARTESIAN_POINT('',(-9.4E-1,2.33E0,-7.85E-1));
#20063=LINE('',#20062,#20061);
#20066=DIRECTION('',(0.E0,1.E0,0.E0));
#20067=VECTOR('',#20066,8.E-1);
#20068=CARTESIAN_POINT('',(-1.71E0,2.33E0,-7.85E-1));
#20069=LINE('',#20068,#20067);
#20073=DIRECTION('',(0.E0,1.E0,0.E0));
#20074=VECTOR('',#20073,8.E-1);
#20075=CARTESIAN_POINT('',(-1.71E0,-3.13E0,-7.85E-1));
#20076=LINE('',#20075,#20074);
#20079=DIRECTION('',(1.E0,0.E0,0.E0));
#20080=VECTOR('',#20079,7.7E-1);
#20081=CARTESIAN_POINT('',(-1.71E0,-2.33E0,-7.85E-1));
#20082=LINE('',#20081,#20080);
#20085=DIRECTION('',(0.E0,-1.E0,0.E0));
#20086=VECTOR('',#20085,8.E-1);
#20087=CARTESIAN_POINT('',(-9.4E-1,-2.33E0,-7.85E-1));
#20088=LINE('',#20087,#20086);
#20091=DIRECTION('',(-1.E0,0.E0,0.E0));
#20092=VECTOR('',#20091,7.7E-1);
#20093=CARTESIAN_POINT('',(-9.4E-1,-3.13E0,-7.85E-1));
#20094=LINE('',#20093,#20092);
#20099=DIMENSIONAL_EXPONENTS(0.E0,0.E0,0.E0,0.E0,0.E0,0.E0,0.E0);
#20101=PLANE_ANGLE_MEASURE_WITH_UNIT(PLANE_ANGLE_MEASURE(1.745329251994E-2),
#20100);
#20102=(CONVERSION_BASED_UNIT('DEGREE',#20101)NAMED_UNIT(*)PLANE_ANGLE_UNIT());
#20104=UNCERTAINTY_MEASURE_WITH_UNIT(LENGTH_MEASURE(9.978328224674E-4),#20098,
'closure',
'Maximum model space distance between geometric entities at asserted connectivities');
#20105=(GEOMETRIC_REPRESENTATION_CONTEXT(3)GLOBAL_UNCERTAINTY_ASSIGNED_CONTEXT((
#20104))GLOBAL_UNIT_ASSIGNED_CONTEXT((#20098,#20102,#20103))REPRESENTATION_CONTEXT('ID1','3'));
#19522=GEOMETRIC_SET('',(#19521,#19547,#19572,#19597,#19622,#19647,#19672,
#19697,#19722,#19747,#19772,#19797,#19822,#19847,#19872,#19897,#19922,#19947,
#19972,#19997,#20022,#20047,#20072,#20097));
#20109=SHAPE_REPRESENTATION_RELATIONSHIP('','',#20108,#20106);
#20110=SHAPE_REPRESENTATION_RELATIONSHIP('','',#20108,#20107);
#20111=APPLICATION_CONTEXT(
'CONFIGURATION CONTROLLED 3D DESIGNS OF MECHANICAL PARTS AND ASSEMBLIES');
#20112=APPLICATION_PROTOCOL_DEFINITION('international standard',
'config_control_design',1994,#20111);
#20113=DESIGN_CONTEXT('',#20111,'design');
#20114=MECHANICAL_CONTEXT('',#20111,'mechanical');
#20115=PRODUCT('2049270201','2049270201','NOT SPECIFIED',(#20114));
#20116=PRODUCT_DEFINITION_FORMATION_WITH_SPECIFIED_SOURCE('2','LAST_VERSION',
#20115,.MADE.);
#20120=PRODUCT_CATEGORY('part','');
#20121=PRODUCT_RELATED_PRODUCT_CATEGORY('detail','',(#20115));
#20122=PRODUCT_CATEGORY_RELATIONSHIP('','',#20120,#20121);
#20123=SECURITY_CLASSIFICATION_LEVEL('unclassified');
#20124=SECURITY_CLASSIFICATION('','',#20123);
#20125=CC_DESIGN_SECURITY_CLASSIFICATION(#20124,(#20116));
#20126=APPROVAL_STATUS('approved');
#20127=APPROVAL(#20126,'');
#20128=CC_DESIGN_APPROVAL(#20127,(#20124,#20116,#20117));
#20129=CALENDAR_DATE(121,25,2);
#20130=COORDINATED_UNIVERSAL_TIME_OFFSET(5,30,.AHEAD.);
#20131=LOCAL_TIME(15,37,4.2E1,#20130);
#20132=DATE_AND_TIME(#20129,#20131);
#20133=APPROVAL_DATE_TIME(#20132,#20127);
#20134=DATE_TIME_ROLE('creation_date');
#20135=CC_DESIGN_DATE_AND_TIME_ASSIGNMENT(#20132,#20134,(#20117));
#20136=DATE_TIME_ROLE('classification_date');
#20137=CC_DESIGN_DATE_AND_TIME_ASSIGNMENT(#20132,#20136,(#20124));
#20138=PERSON('UNSPECIFIED','UNSPECIFIED',$,$,$,$);
#20139=ORGANIZATION('UNSPECIFIED','UNSPECIFIED','UNSPECIFIED');
#20140=PERSON_AND_ORGANIZATION(#20138,#20139);
#20141=APPROVAL_ROLE('approver');
#20142=APPROVAL_PERSON_ORGANIZATION(#20140,#20127,#20141);
#20143=PERSON_AND_ORGANIZATION_ROLE('creator');
#20144=CC_DESIGN_PERSON_AND_ORGANIZATION_ASSIGNMENT(#20140,#20143,(#20116,
#20117));
#20145=PERSON_AND_ORGANIZATION_ROLE('design_supplier');
#20146=CC_DESIGN_PERSON_AND_ORGANIZATION_ASSIGNMENT(#20140,#20145,(#20116));
#20147=PERSON_AND_ORGANIZATION_ROLE('classification_officer');
#20148=CC_DESIGN_PERSON_AND_ORGANIZATION_ASSIGNMENT(#20140,#20147,(#20124));
#20149=PERSON_AND_ORGANIZATION_ROLE('design_owner');
#20150=CC_DESIGN_PERSON_AND_ORGANIZATION_ASSIGNMENT(#20140,#20149,(#20115));
#37=CIRCLE('',#36,5.E-2);
#42=CIRCLE('',#41,5.E-2);
#47=CIRCLE('',#46,5.E-2);
#52=CIRCLE('',#51,5.E-2);
#125=CIRCLE('',#124,5.E-2);
#130=CIRCLE('',#129,5.E-2);
#147=CIRCLE('',#146,5.E-2);
#152=CIRCLE('',#151,5.E-2);
#205=CIRCLE('',#204,5.E-2);
#210=CIRCLE('',#209,5.E-2);
#227=CIRCLE('',#226,5.E-2);
#232=CIRCLE('',#231,5.E-2);
#297=CIRCLE('',#296,5.E-2);
#302=CIRCLE('',#301,5.E-2);
#307=CIRCLE('',#306,5.E-2);
#312=CIRCLE('',#311,5.E-2);
#573=CIRCLE('',#572,1.E-1);
#578=CIRCLE('',#577,1.4E-1);
#587=CIRCLE('',#586,7.E-2);
#606=B_SPLINE_CURVE_WITH_KNOTS('',3,(#600,#601,#602,#603,#604,#605),
.UNSPECIFIED.,.F.,.F.,(4,1,1,4),(0.E0,3.333333333333E-1,6.666666666667E-1,1.E0),
.UNSPECIFIED.);
#614=B_SPLINE_CURVE_WITH_KNOTS('',3,(#607,#608,#609,#610,#611,#612,#613),
.UNSPECIFIED.,.F.,.F.,(4,1,1,1,4),(0.E0,2.5E-1,5.E-1,7.5E-1,1.E0),
.UNSPECIFIED.);
#619=B_SPLINE_CURVE_WITH_KNOTS('',3,(#615,#616,#617,#618),.UNSPECIFIED.,.F.,.F.,
(4,4),(0.E0,1.E0),.UNSPECIFIED.);
#632=CIRCLE('',#631,1.E-1);
#637=CIRCLE('',#636,7.E-2);
#646=CIRCLE('',#645,1.4E-1);
#663=B_SPLINE_CURVE_WITH_KNOTS('',3,(#659,#660,#661,#662),.UNSPECIFIED.,.F.,.F.,
(4,4),(0.E0,1.E0),.UNSPECIFIED.);
#670=B_SPLINE_CURVE_WITH_KNOTS('',3,(#664,#665,#666,#667,#668,#669),
.UNSPECIFIED.,.F.,.F.,(4,1,1,4),(0.E0,3.333333333333E-1,6.666666666667E-1,1.E0),
.UNSPECIFIED.);
#678=B_SPLINE_CURVE_WITH_KNOTS('',3,(#671,#672,#673,#674,#675,#676,#677),
.UNSPECIFIED.,.F.,.F.,(4,1,1,1,4),(0.E0,2.5E-1,5.E-1,7.5E-1,1.E0),
.UNSPECIFIED.);
#687=CIRCLE('',#686,1.E-1);
#692=CIRCLE('',#691,1.4E-1);
#701=CIRCLE('',#700,7.E-2);
#720=B_SPLINE_CURVE_WITH_KNOTS('',3,(#714,#715,#716,#717,#718,#719),
.UNSPECIFIED.,.F.,.F.,(4,1,1,4),(0.E0,3.333333333333E-1,6.666666666667E-1,1.E0),
.UNSPECIFIED.);
#728=B_SPLINE_CURVE_WITH_KNOTS('',3,(#721,#722,#723,#724,#725,#726,#727),
.UNSPECIFIED.,.F.,.F.,(4,1,1,1,4),(0.E0,2.5E-1,5.E-1,7.5E-1,1.E0),
.UNSPECIFIED.);
#733=B_SPLINE_CURVE_WITH_KNOTS('',3,(#729,#730,#731,#732),.UNSPECIFIED.,.F.,.F.,
(4,4),(0.E0,1.E0),.UNSPECIFIED.);
#746=CIRCLE('',#745,1.E-1);
#751=CIRCLE('',#750,7.E-2);
#760=CIRCLE('',#759,1.4E-1);
#777=B_SPLINE_CURVE_WITH_KNOTS('',3,(#773,#774,#775,#776),.UNSPECIFIED.,.F.,.F.,
(4,4),(0.E0,1.E0),.UNSPECIFIED.);
#784=B_SPLINE_CURVE_WITH_KNOTS('',3,(#778,#779,#780,#781,#782,#783),
.UNSPECIFIED.,.F.,.F.,(4,1,1,4),(0.E0,3.333333333333E-1,6.666666666667E-1,1.E0),
.UNSPECIFIED.);
#792=B_SPLINE_CURVE_WITH_KNOTS('',3,(#785,#786,#787,#788,#789,#790,#791),
.UNSPECIFIED.,.F.,.F.,(4,1,1,1,4),(0.E0,2.5E-1,5.E-1,7.5E-1,1.E0),
.UNSPECIFIED.);
#801=CIRCLE('',#800,1.E-1);
#806=CIRCLE('',#805,1.4E-1);
#815=CIRCLE('',#814,7.E-2);
#834=B_SPLINE_CURVE_WITH_KNOTS('',3,(#828,#829,#830,#831,#832,#833),
.UNSPECIFIED.,.F.,.F.,(4,1,1,4),(0.E0,3.333333333333E-1,6.666666666667E-1,1.E0),
.UNSPECIFIED.);
#842=B_SPLINE_CURVE_WITH_KNOTS('',3,(#835,#836,#837,#838,#839,#840,#841),
.UNSPECIFIED.,.F.,.F.,(4,1,1,1,4),(0.E0,2.5E-1,5.E-1,7.5E-1,1.E0),
.UNSPECIFIED.);
#847=B_SPLINE_CURVE_WITH_KNOTS('',3,(#843,#844,#845,#846),.UNSPECIFIED.,.F.,.F.,
(4,4),(0.E0,1.E0),.UNSPECIFIED.);
#860=CIRCLE('',#859,1.E-1);
#865=CIRCLE('',#864,7.E-2);
#874=CIRCLE('',#873,1.4E-1);
#891=B_SPLINE_CURVE_WITH_KNOTS('',3,(#887,#888,#889,#890),.UNSPECIFIED.,.F.,.F.,
(4,4),(0.E0,1.E0),.UNSPECIFIED.);
#898=B_SPLINE_CURVE_WITH_KNOTS('',3,(#892,#893,#894,#895,#896,#897),
.UNSPECIFIED.,.F.,.F.,(4,1,1,4),(0.E0,3.333333333333E-1,6.666666666667E-1,1.E0),
.UNSPECIFIED.);
#906=B_SPLINE_CURVE_WITH_KNOTS('',3,(#899,#900,#901,#902,#903,#904,#905),
.UNSPECIFIED.,.F.,.F.,(4,1,1,1,4),(0.E0,2.5E-1,5.E-1,7.5E-1,1.E0),
.UNSPECIFIED.);
#915=CIRCLE('',#914,1.E-1);
#920=CIRCLE('',#919,1.4E-1);
#929=CIRCLE('',#928,7.E-2);
#948=B_SPLINE_CURVE_WITH_KNOTS('',3,(#942,#943,#944,#945,#946,#947),
.UNSPECIFIED.,.F.,.F.,(4,1,1,4),(0.E0,3.333333333333E-1,6.666666666667E-1,1.E0),
.UNSPECIFIED.);
#956=B_SPLINE_CURVE_WITH_KNOTS('',3,(#949,#950,#951,#952,#953,#954,#955),
.UNSPECIFIED.,.F.,.F.,(4,1,1,1,4),(0.E0,2.5E-1,5.E-1,7.5E-1,1.E0),
.UNSPECIFIED.);
#961=B_SPLINE_CURVE_WITH_KNOTS('',3,(#957,#958,#959,#960),.UNSPECIFIED.,.F.,.F.,
(4,4),(0.E0,1.E0),.UNSPECIFIED.);
#974=CIRCLE('',#973,1.E-1);
#979=CIRCLE('',#978,7.E-2);
#988=CIRCLE('',#987,1.4E-1);
#1005=B_SPLINE_CURVE_WITH_KNOTS('',3,(#1001,#1002,#1003,#1004),.UNSPECIFIED.,
.F.,.F.,(4,4),(0.E0,1.E0),.UNSPECIFIED.);
#1012=B_SPLINE_CURVE_WITH_KNOTS('',3,(#1006,#1007,#1008,#1009,#1010,#1011),
.UNSPECIFIED.,.F.,.F.,(4,1,1,4),(0.E0,3.333333333333E-1,6.666666666667E-1,1.E0),
.UNSPECIFIED.);
#1020=B_SPLINE_CURVE_WITH_KNOTS('',3,(#1013,#1014,#1015,#1016,#1017,#1018,
#1019),.UNSPECIFIED.,.F.,.F.,(4,1,1,1,4),(0.E0,2.5E-1,5.E-1,7.5E-1,1.E0),
.UNSPECIFIED.);
#1029=CIRCLE('',#1028,1.E-1);
#1034=CIRCLE('',#1033,1.4E-1);
#1043=CIRCLE('',#1042,7.E-2);
#1062=B_SPLINE_CURVE_WITH_KNOTS('',3,(#1056,#1057,#1058,#1059,#1060,#1061),
.UNSPECIFIED.,.F.,.F.,(4,1,1,4),(0.E0,3.333333333333E-1,6.666666666667E-1,1.E0),
.UNSPECIFIED.);
#1070=B_SPLINE_CURVE_WITH_KNOTS('',3,(#1063,#1064,#1065,#1066,#1067,#1068,
#1069),.UNSPECIFIED.,.F.,.F.,(4,1,1,1,4),(0.E0,2.5E-1,5.E-1,7.5E-1,1.E0),
.UNSPECIFIED.);
#1075=B_SPLINE_CURVE_WITH_KNOTS('',3,(#1071,#1072,#1073,#1074),.UNSPECIFIED.,
.F.,.F.,(4,4),(0.E0,1.E0),.UNSPECIFIED.);
#1088=CIRCLE('',#1087,1.E-1);
#1093=CIRCLE('',#1092,7.E-2);
#1102=CIRCLE('',#1101,1.4E-1);
#1119=B_SPLINE_CURVE_WITH_KNOTS('',3,(#1115,#1116,#1117,#1118),.UNSPECIFIED.,
.F.,.F.,(4,4),(0.E0,1.E0),.UNSPECIFIED.);
#1126=B_SPLINE_CURVE_WITH_KNOTS('',3,(#1120,#1121,#1122,#1123,#1124,#1125),
.UNSPECIFIED.,.F.,.F.,(4,1,1,4),(0.E0,3.333333333333E-1,6.666666666667E-1,1.E0),
.UNSPECIFIED.);
#1134=B_SPLINE_CURVE_WITH_KNOTS('',3,(#1127,#1128,#1129,#1130,#1131,#1132,
#1133),.UNSPECIFIED.,.F.,.F.,(4,1,1,1,4),(0.E0,2.5E-1,5.E-1,7.5E-1,1.E0),
.UNSPECIFIED.);
#1143=CIRCLE('',#1142,1.E-1);
#1148=CIRCLE('',#1147,1.4E-1);
#1157=CIRCLE('',#1156,7.E-2);
#1176=B_SPLINE_CURVE_WITH_KNOTS('',3,(#1170,#1171,#1172,#1173,#1174,#1175),
.UNSPECIFIED.,.F.,.F.,(4,1,1,4),(0.E0,3.333333333333E-1,6.666666666667E-1,1.E0),
.UNSPECIFIED.);
#1184=B_SPLINE_CURVE_WITH_KNOTS('',3,(#1177,#1178,#1179,#1180,#1181,#1182,
#1183),.UNSPECIFIED.,.F.,.F.,(4,1,1,1,4),(0.E0,2.5E-1,5.E-1,7.5E-1,1.E0),
.UNSPECIFIED.);
#1189=B_SPLINE_CURVE_WITH_KNOTS('',3,(#1185,#1186,#1187,#1188),.UNSPECIFIED.,
.F.,.F.,(4,4),(0.E0,1.E0),.UNSPECIFIED.);
#1202=CIRCLE('',#1201,1.E-1);
#1207=CIRCLE('',#1206,7.E-2);
#1216=CIRCLE('',#1215,1.4E-1);
#1233=B_SPLINE_CURVE_WITH_KNOTS('',3,(#1229,#1230,#1231,#1232),.UNSPECIFIED.,
.F.,.F.,(4,4),(0.E0,1.E0),.UNSPECIFIED.);
#1240=B_SPLINE_CURVE_WITH_KNOTS('',3,(#1234,#1235,#1236,#1237,#1238,#1239),
.UNSPECIFIED.,.F.,.F.,(4,1,1,4),(0.E0,3.333333333333E-1,6.666666666667E-1,1.E0),
.UNSPECIFIED.);
#1248=B_SPLINE_CURVE_WITH_KNOTS('',3,(#1241,#1242,#1243,#1244,#1245,#1246,
#1247),.UNSPECIFIED.,.F.,.F.,(4,1,1,1,4),(0.E0,2.5E-1,5.E-1,7.5E-1,1.E0),
.UNSPECIFIED.);
#1257=CIRCLE('',#1256,1.E-1);
#1262=CIRCLE('',#1261,1.4E-1);
#1271=CIRCLE('',#1270,7.E-2);
#1290=B_SPLINE_CURVE_WITH_KNOTS('',3,(#1284,#1285,#1286,#1287,#1288,#1289),
.UNSPECIFIED.,.F.,.F.,(4,1,1,4),(0.E0,3.333333333333E-1,6.666666666667E-1,1.E0),
.UNSPECIFIED.);
#1298=B_SPLINE_CURVE_WITH_KNOTS('',3,(#1291,#1292,#1293,#1294,#1295,#1296,
#1297),.UNSPECIFIED.,.F.,.F.,(4,1,1,1,4),(0.E0,2.5E-1,5.E-1,7.5E-1,1.E0),
.UNSPECIFIED.);
#1303=B_SPLINE_CURVE_WITH_KNOTS('',3,(#1299,#1300,#1301,#1302),.UNSPECIFIED.,
.F.,.F.,(4,4),(0.E0,1.E0),.UNSPECIFIED.);
#1316=CIRCLE('',#1315,1.E-1);
#1321=CIRCLE('',#1320,7.E-2);
#1330=CIRCLE('',#1329,1.4E-1);
#1347=B_SPLINE_CURVE_WITH_KNOTS('',3,(#1343,#1344,#1345,#1346),.UNSPECIFIED.,
.F.,.F.,(4,4),(0.E0,1.E0),.UNSPECIFIED.);
#1354=B_SPLINE_CURVE_WITH_KNOTS('',3,(#1348,#1349,#1350,#1351,#1352,#1353),
.UNSPECIFIED.,.F.,.F.,(4,1,1,4),(0.E0,3.333333333333E-1,6.666666666667E-1,1.E0),
.UNSPECIFIED.);
#1362=B_SPLINE_CURVE_WITH_KNOTS('',3,(#1355,#1356,#1357,#1358,#1359,#1360,
#1361),.UNSPECIFIED.,.F.,.F.,(4,1,1,1,4),(0.E0,2.5E-1,5.E-1,7.5E-1,1.E0),
.UNSPECIFIED.);
#1371=CIRCLE('',#1370,1.E-1);
#1376=CIRCLE('',#1375,1.4E-1);
#1385=CIRCLE('',#1384,7.E-2);
#1404=B_SPLINE_CURVE_WITH_KNOTS('',3,(#1398,#1399,#1400,#1401,#1402,#1403),
.UNSPECIFIED.,.F.,.F.,(4,1,1,4),(0.E0,3.333333333333E-1,6.666666666667E-1,1.E0),
.UNSPECIFIED.);
#1412=B_SPLINE_CURVE_WITH_KNOTS('',3,(#1405,#1406,#1407,#1408,#1409,#1410,
#1411),.UNSPECIFIED.,.F.,.F.,(4,1,1,1,4),(0.E0,2.5E-1,5.E-1,7.5E-1,1.E0),
.UNSPECIFIED.);
#1417=B_SPLINE_CURVE_WITH_KNOTS('',3,(#1413,#1414,#1415,#1416),.UNSPECIFIED.,
.F.,.F.,(4,4),(0.E0,1.E0),.UNSPECIFIED.);
#1430=CIRCLE('',#1429,1.E-1);
#1435=CIRCLE('',#1434,7.E-2);
#1444=CIRCLE('',#1443,1.4E-1);
#1461=B_SPLINE_CURVE_WITH_KNOTS('',3,(#1457,#1458,#1459,#1460),.UNSPECIFIED.,
.F.,.F.,(4,4),(0.E0,1.E0),.UNSPECIFIED.);
#1468=B_SPLINE_CURVE_WITH_KNOTS('',3,(#1462,#1463,#1464,#1465,#1466,#1467),
.UNSPECIFIED.,.F.,.F.,(4,1,1,4),(0.E0,3.333333333333E-1,6.666666666667E-1,1.E0),
.UNSPECIFIED.);
#1476=B_SPLINE_CURVE_WITH_KNOTS('',3,(#1469,#1470,#1471,#1472,#1473,#1474,
#1475),.UNSPECIFIED.,.F.,.F.,(4,1,1,1,4),(0.E0,2.5E-1,5.E-1,7.5E-1,1.E0),
.UNSPECIFIED.);
#1485=CIRCLE('',#1484,1.E-1);
#1490=CIRCLE('',#1489,1.4E-1);
#1499=CIRCLE('',#1498,7.E-2);
#1518=B_SPLINE_CURVE_WITH_KNOTS('',3,(#1512,#1513,#1514,#1515,#1516,#1517),
.UNSPECIFIED.,.F.,.F.,(4,1,1,4),(0.E0,3.333333333333E-1,6.666666666667E-1,1.E0),
.UNSPECIFIED.);
#1526=B_SPLINE_CURVE_WITH_KNOTS('',3,(#1519,#1520,#1521,#1522,#1523,#1524,
#1525),.UNSPECIFIED.,.F.,.F.,(4,1,1,1,4),(0.E0,2.5E-1,5.E-1,7.5E-1,1.E0),
.UNSPECIFIED.);
#1531=B_SPLINE_CURVE_WITH_KNOTS('',3,(#1527,#1528,#1529,#1530),.UNSPECIFIED.,
.F.,.F.,(4,4),(0.E0,1.E0),.UNSPECIFIED.);
#1544=CIRCLE('',#1543,1.E-1);
#1549=CIRCLE('',#1548,7.E-2);
#1558=CIRCLE('',#1557,1.4E-1);
#1575=B_SPLINE_CURVE_WITH_KNOTS('',3,(#1571,#1572,#1573,#1574),.UNSPECIFIED.,
.F.,.F.,(4,4),(0.E0,1.E0),.UNSPECIFIED.);
#1582=B_SPLINE_CURVE_WITH_KNOTS('',3,(#1576,#1577,#1578,#1579,#1580,#1581),
.UNSPECIFIED.,.F.,.F.,(4,1,1,4),(0.E0,3.333333333333E-1,6.666666666667E-1,1.E0),
.UNSPECIFIED.);
#1590=B_SPLINE_CURVE_WITH_KNOTS('',3,(#1583,#1584,#1585,#1586,#1587,#1588,
#1589),.UNSPECIFIED.,.F.,.F.,(4,1,1,1,4),(0.E0,2.5E-1,5.E-1,7.5E-1,1.E0),
.UNSPECIFIED.);
#1599=CIRCLE('',#1598,1.E-1);
#1604=CIRCLE('',#1603,1.4E-1);
#1613=CIRCLE('',#1612,7.E-2);
#1632=B_SPLINE_CURVE_WITH_KNOTS('',3,(#1626,#1627,#1628,#1629,#1630,#1631),
.UNSPECIFIED.,.F.,.F.,(4,1,1,4),(0.E0,3.333333333333E-1,6.666666666667E-1,1.E0),
.UNSPECIFIED.);
#1640=B_SPLINE_CURVE_WITH_KNOTS('',3,(#1633,#1634,#1635,#1636,#1637,#1638,
#1639),.UNSPECIFIED.,.F.,.F.,(4,1,1,1,4),(0.E0,2.5E-1,5.E-1,7.5E-1,1.E0),
.UNSPECIFIED.);
#1645=B_SPLINE_CURVE_WITH_KNOTS('',3,(#1641,#1642,#1643,#1644),.UNSPECIFIED.,
.F.,.F.,(4,4),(0.E0,1.E0),.UNSPECIFIED.);
#1658=CIRCLE('',#1657,1.E-1);
#1663=CIRCLE('',#1662,7.E-2);
#1672=CIRCLE('',#1671,1.4E-1);
#1689=B_SPLINE_CURVE_WITH_KNOTS('',3,(#1685,#1686,#1687,#1688),.UNSPECIFIED.,
.F.,.F.,(4,4),(0.E0,1.E0),.UNSPECIFIED.);
#1696=B_SPLINE_CURVE_WITH_KNOTS('',3,(#1690,#1691,#1692,#1693,#1694,#1695),
.UNSPECIFIED.,.F.,.F.,(4,1,1,4),(0.E0,3.333333333333E-1,6.666666666667E-1,1.E0),
.UNSPECIFIED.);
#1704=B_SPLINE_CURVE_WITH_KNOTS('',3,(#1697,#1698,#1699,#1700,#1701,#1702,
#1703),.UNSPECIFIED.,.F.,.F.,(4,1,1,1,4),(0.E0,2.5E-1,5.E-1,7.5E-1,1.E0),
.UNSPECIFIED.);
#1813=CIRCLE('',#1812,1.E-1);
#1818=CIRCLE('',#1817,7.E-2);
#1827=CIRCLE('',#1826,1.4E-1);
#1848=CIRCLE('',#1847,1.4E-1);
#1857=CIRCLE('',#1856,7.E-2);
#1862=CIRCLE('',#1861,1.E-1);
#1875=B_SPLINE_CURVE_WITH_KNOTS('',3,(#1871,#1872,#1873,#1874),.UNSPECIFIED.,
.F.,.F.,(4,4),(0.E0,1.E0),.UNSPECIFIED.);
#1880=B_SPLINE_CURVE_WITH_KNOTS('',3,(#1876,#1877,#1878,#1879),.UNSPECIFIED.,
.F.,.F.,(4,4),(0.E0,1.E0),.UNSPECIFIED.);
#1892=B_SPLINE_CURVE_WITH_KNOTS('',3,(#1885,#1886,#1887,#1888,#1889,#1890,
#1891),.UNSPECIFIED.,.F.,.F.,(4,1,1,1,4),(0.E0,2.5E-1,5.E-1,7.5E-1,1.E0),
.UNSPECIFIED.);
#1899=B_SPLINE_CURVE_WITH_KNOTS('',3,(#1893,#1894,#1895,#1896,#1897,#1898),
.UNSPECIFIED.,.F.,.F.,(4,1,1,4),(0.E0,3.333333333333E-1,6.666666666667E-1,1.E0),
.UNSPECIFIED.);
#1911=B_SPLINE_CURVE_WITH_KNOTS('',3,(#1904,#1905,#1906,#1907,#1908,#1909,
#1910),.UNSPECIFIED.,.F.,.F.,(4,1,1,1,4),(0.E0,2.5E-1,5.E-1,7.5E-1,1.E0),
.UNSPECIFIED.);
#1918=B_SPLINE_CURVE_WITH_KNOTS('',3,(#1912,#1913,#1914,#1915,#1916,#1917),
.UNSPECIFIED.,.F.,.F.,(4,1,1,4),(0.E0,3.333333333333E-1,6.666666666667E-1,1.E0),
.UNSPECIFIED.);
#1927=CIRCLE('',#1926,1.E-1);
#1932=CIRCLE('',#1931,7.E-2);
#1941=CIRCLE('',#1940,1.4E-1);
#1962=CIRCLE('',#1961,1.4E-1);
#1971=CIRCLE('',#1970,7.E-2);
#1976=CIRCLE('',#1975,1.E-1);
#1989=B_SPLINE_CURVE_WITH_KNOTS('',3,(#1985,#1986,#1987,#1988),.UNSPECIFIED.,
.F.,.F.,(4,4),(0.E0,1.E0),.UNSPECIFIED.);
#1994=B_SPLINE_CURVE_WITH_KNOTS('',3,(#1990,#1991,#1992,#1993),.UNSPECIFIED.,
.F.,.F.,(4,4),(0.E0,1.E0),.UNSPECIFIED.);
#2006=B_SPLINE_CURVE_WITH_KNOTS('',3,(#1999,#2000,#2001,#2002,#2003,#2004,
#2005),.UNSPECIFIED.,.F.,.F.,(4,1,1,1,4),(0.E0,2.5E-1,5.E-1,7.5E-1,1.E0),
.UNSPECIFIED.);
#2013=B_SPLINE_CURVE_WITH_KNOTS('',3,(#2007,#2008,#2009,#2010,#2011,#2012),
.UNSPECIFIED.,.F.,.F.,(4,1,1,4),(0.E0,3.333333333333E-1,6.666666666667E-1,1.E0),
.UNSPECIFIED.);
#2025=B_SPLINE_CURVE_WITH_KNOTS('',3,(#2018,#2019,#2020,#2021,#2022,#2023,
#2024),.UNSPECIFIED.,.F.,.F.,(4,1,1,1,4),(0.E0,2.5E-1,5.E-1,7.5E-1,1.E0),
.UNSPECIFIED.);
#2032=B_SPLINE_CURVE_WITH_KNOTS('',3,(#2026,#2027,#2028,#2029,#2030,#2031),
.UNSPECIFIED.,.F.,.F.,(4,1,1,4),(0.E0,3.333333333333E-1,6.666666666667E-1,1.E0),
.UNSPECIFIED.);
#2041=CIRCLE('',#2040,1.E-1);
#2046=CIRCLE('',#2045,7.E-2);
#2055=CIRCLE('',#2054,1.4E-1);
#2076=CIRCLE('',#2075,1.4E-1);
#2085=CIRCLE('',#2084,7.E-2);
#2090=CIRCLE('',#2089,1.E-1);
#2103=B_SPLINE_CURVE_WITH_KNOTS('',3,(#2099,#2100,#2101,#2102),.UNSPECIFIED.,
.F.,.F.,(4,4),(0.E0,1.E0),.UNSPECIFIED.);
#2108=B_SPLINE_CURVE_WITH_KNOTS('',3,(#2104,#2105,#2106,#2107),.UNSPECIFIED.,
.F.,.F.,(4,4),(0.E0,1.E0),.UNSPECIFIED.);
#2120=B_SPLINE_CURVE_WITH_KNOTS('',3,(#2113,#2114,#2115,#2116,#2117,#2118,
#2119),.UNSPECIFIED.,.F.,.F.,(4,1,1,1,4),(0.E0,2.5E-1,5.E-1,7.5E-1,1.E0),
.UNSPECIFIED.);
#2127=B_SPLINE_CURVE_WITH_KNOTS('',3,(#2121,#2122,#2123,#2124,#2125,#2126),
.UNSPECIFIED.,.F.,.F.,(4,1,1,4),(0.E0,3.333333333333E-1,6.666666666667E-1,1.E0),
.UNSPECIFIED.);
#2139=B_SPLINE_CURVE_WITH_KNOTS('',3,(#2132,#2133,#2134,#2135,#2136,#2137,
#2138),.UNSPECIFIED.,.F.,.F.,(4,1,1,1,4),(0.E0,2.5E-1,5.E-1,7.5E-1,1.E0),
.UNSPECIFIED.);
#2146=B_SPLINE_CURVE_WITH_KNOTS('',3,(#2140,#2141,#2142,#2143,#2144,#2145),
.UNSPECIFIED.,.F.,.F.,(4,1,1,4),(0.E0,3.333333333333E-1,6.666666666667E-1,1.E0),
.UNSPECIFIED.);
#2155=CIRCLE('',#2154,1.E-1);
#2160=CIRCLE('',#2159,7.E-2);
#2169=CIRCLE('',#2168,1.4E-1);
#2190=CIRCLE('',#2189,1.4E-1);
#2199=CIRCLE('',#2198,7.E-2);
#2204=CIRCLE('',#2203,1.E-1);
#2217=B_SPLINE_CURVE_WITH_KNOTS('',3,(#2213,#2214,#2215,#2216),.UNSPECIFIED.,
.F.,.F.,(4,4),(0.E0,1.E0),.UNSPECIFIED.);
#2222=B_SPLINE_CURVE_WITH_KNOTS('',3,(#2218,#2219,#2220,#2221),.UNSPECIFIED.,
.F.,.F.,(4,4),(0.E0,1.E0),.UNSPECIFIED.);
#2234=B_SPLINE_CURVE_WITH_KNOTS('',3,(#2227,#2228,#2229,#2230,#2231,#2232,
#2233),.UNSPECIFIED.,.F.,.F.,(4,1,1,1,4),(0.E0,2.5E-1,5.E-1,7.5E-1,1.E0),
.UNSPECIFIED.);
#2241=B_SPLINE_CURVE_WITH_KNOTS('',3,(#2235,#2236,#2237,#2238,#2239,#2240),
.UNSPECIFIED.,.F.,.F.,(4,1,1,4),(0.E0,3.333333333333E-1,6.666666666667E-1,1.E0),
.UNSPECIFIED.);
#2253=B_SPLINE_CURVE_WITH_KNOTS('',3,(#2246,#2247,#2248,#2249,#2250,#2251,
#2252),.UNSPECIFIED.,.F.,.F.,(4,1,1,1,4),(0.E0,2.5E-1,5.E-1,7.5E-1,1.E0),
.UNSPECIFIED.);
#2260=B_SPLINE_CURVE_WITH_KNOTS('',3,(#2254,#2255,#2256,#2257,#2258,#2259),
.UNSPECIFIED.,.F.,.F.,(4,1,1,4),(0.E0,3.333333333333E-1,6.666666666667E-1,1.E0),
.UNSPECIFIED.);
#2269=CIRCLE('',#2268,1.E-1);
#2274=CIRCLE('',#2273,7.E-2);
#2283=CIRCLE('',#2282,1.4E-1);
#2304=CIRCLE('',#2303,1.4E-1);
#2313=CIRCLE('',#2312,7.E-2);
#2318=CIRCLE('',#2317,1.E-1);
#2331=B_SPLINE_CURVE_WITH_KNOTS('',3,(#2327,#2328,#2329,#2330),.UNSPECIFIED.,
.F.,.F.,(4,4),(0.E0,1.E0),.UNSPECIFIED.);
#2336=B_SPLINE_CURVE_WITH_KNOTS('',3,(#2332,#2333,#2334,#2335),.UNSPECIFIED.,
.F.,.F.,(4,4),(0.E0,1.E0),.UNSPECIFIED.);
#2348=B_SPLINE_CURVE_WITH_KNOTS('',3,(#2341,#2342,#2343,#2344,#2345,#2346,
#2347),.UNSPECIFIED.,.F.,.F.,(4,1,1,1,4),(0.E0,2.5E-1,5.E-1,7.5E-1,1.E0),
.UNSPECIFIED.);
#2355=B_SPLINE_CURVE_WITH_KNOTS('',3,(#2349,#2350,#2351,#2352,#2353,#2354),
.UNSPECIFIED.,.F.,.F.,(4,1,1,4),(0.E0,3.333333333333E-1,6.666666666667E-1,1.E0),
.UNSPECIFIED.);
#2367=B_SPLINE_CURVE_WITH_KNOTS('',3,(#2360,#2361,#2362,#2363,#2364,#2365,
#2366),.UNSPECIFIED.,.F.,.F.,(4,1,1,1,4),(0.E0,2.5E-1,5.E-1,7.5E-1,1.E0),
.UNSPECIFIED.);
#2374=B_SPLINE_CURVE_WITH_KNOTS('',3,(#2368,#2369,#2370,#2371,#2372,#2373),
.UNSPECIFIED.,.F.,.F.,(4,1,1,4),(0.E0,3.333333333333E-1,6.666666666667E-1,1.E0),
.UNSPECIFIED.);
#2383=CIRCLE('',#2382,1.E-1);
#2388=CIRCLE('',#2387,7.E-2);
#2397=CIRCLE('',#2396,1.4E-1);
#2418=CIRCLE('',#2417,1.4E-1);
#2427=CIRCLE('',#2426,7.E-2);
#2432=CIRCLE('',#2431,1.E-1);
#2445=B_SPLINE_CURVE_WITH_KNOTS('',3,(#2441,#2442,#2443,#2444),.UNSPECIFIED.,
.F.,.F.,(4,4),(0.E0,1.E0),.UNSPECIFIED.);
#2450=B_SPLINE_CURVE_WITH_KNOTS('',3,(#2446,#2447,#2448,#2449),.UNSPECIFIED.,
.F.,.F.,(4,4),(0.E0,1.E0),.UNSPECIFIED.);
#2462=B_SPLINE_CURVE_WITH_KNOTS('',3,(#2455,#2456,#2457,#2458,#2459,#2460,
#2461),.UNSPECIFIED.,.F.,.F.,(4,1,1,1,4),(0.E0,2.5E-1,5.E-1,7.5E-1,1.E0),
.UNSPECIFIED.);
#2469=B_SPLINE_CURVE_WITH_KNOTS('',3,(#2463,#2464,#2465,#2466,#2467,#2468),
.UNSPECIFIED.,.F.,.F.,(4,1,1,4),(0.E0,3.333333333333E-1,6.666666666667E-1,1.E0),
.UNSPECIFIED.);
#2481=B_SPLINE_CURVE_WITH_KNOTS('',3,(#2474,#2475,#2476,#2477,#2478,#2479,
#2480),.UNSPECIFIED.,.F.,.F.,(4,1,1,1,4),(0.E0,2.5E-1,5.E-1,7.5E-1,1.E0),
.UNSPECIFIED.);
#2488=B_SPLINE_CURVE_WITH_KNOTS('',3,(#2482,#2483,#2484,#2485,#2486,#2487),
.UNSPECIFIED.,.F.,.F.,(4,1,1,4),(0.E0,3.333333333333E-1,6.666666666667E-1,1.E0),
.UNSPECIFIED.);
#2497=CIRCLE('',#2496,1.E-1);
#2502=CIRCLE('',#2501,7.E-2);
#2511=CIRCLE('',#2510,1.4E-1);
#2532=CIRCLE('',#2531,1.4E-1);
#2541=CIRCLE('',#2540,7.E-2);
#2546=CIRCLE('',#2545,1.E-1);
#2559=B_SPLINE_CURVE_WITH_KNOTS('',3,(#2555,#2556,#2557,#2558),.UNSPECIFIED.,
.F.,.F.,(4,4),(0.E0,1.E0),.UNSPECIFIED.);
#2564=B_SPLINE_CURVE_WITH_KNOTS('',3,(#2560,#2561,#2562,#2563),.UNSPECIFIED.,
.F.,.F.,(4,4),(0.E0,1.E0),.UNSPECIFIED.);
#2576=B_SPLINE_CURVE_WITH_KNOTS('',3,(#2569,#2570,#2571,#2572,#2573,#2574,
#2575),.UNSPECIFIED.,.F.,.F.,(4,1,1,1,4),(0.E0,2.5E-1,5.E-1,7.5E-1,1.E0),
.UNSPECIFIED.);
#2583=B_SPLINE_CURVE_WITH_KNOTS('',3,(#2577,#2578,#2579,#2580,#2581,#2582),
.UNSPECIFIED.,.F.,.F.,(4,1,1,4),(0.E0,3.333333333333E-1,6.666666666667E-1,1.E0),
.UNSPECIFIED.);
#2595=B_SPLINE_CURVE_WITH_KNOTS('',3,(#2588,#2589,#2590,#2591,#2592,#2593,
#2594),.UNSPECIFIED.,.F.,.F.,(4,1,1,1,4),(0.E0,2.5E-1,5.E-1,7.5E-1,1.E0),
.UNSPECIFIED.);
#2602=B_SPLINE_CURVE_WITH_KNOTS('',3,(#2596,#2597,#2598,#2599,#2600,#2601),
.UNSPECIFIED.,.F.,.F.,(4,1,1,4),(0.E0,3.333333333333E-1,6.666666666667E-1,1.E0),
.UNSPECIFIED.);
#2611=CIRCLE('',#2610,1.E-1);
#2616=CIRCLE('',#2615,7.E-2);
#2625=CIRCLE('',#2624,1.4E-1);
#2646=CIRCLE('',#2645,1.4E-1);
#2655=CIRCLE('',#2654,7.E-2);
#2660=CIRCLE('',#2659,1.E-1);
#2673=B_SPLINE_CURVE_WITH_KNOTS('',3,(#2669,#2670,#2671,#2672),.UNSPECIFIED.,
.F.,.F.,(4,4),(0.E0,1.E0),.UNSPECIFIED.);
#2678=B_SPLINE_CURVE_WITH_KNOTS('',3,(#2674,#2675,#2676,#2677),.UNSPECIFIED.,
.F.,.F.,(4,4),(0.E0,1.E0),.UNSPECIFIED.);
#2690=B_SPLINE_CURVE_WITH_KNOTS('',3,(#2683,#2684,#2685,#2686,#2687,#2688,
#2689),.UNSPECIFIED.,.F.,.F.,(4,1,1,1,4),(0.E0,2.5E-1,5.E-1,7.5E-1,1.E0),
.UNSPECIFIED.);
#2697=B_SPLINE_CURVE_WITH_KNOTS('',3,(#2691,#2692,#2693,#2694,#2695,#2696),
.UNSPECIFIED.,.F.,.F.,(4,1,1,4),(0.E0,3.333333333333E-1,6.666666666667E-1,1.E0),
.UNSPECIFIED.);
#2709=B_SPLINE_CURVE_WITH_KNOTS('',3,(#2702,#2703,#2704,#2705,#2706,#2707,
#2708),.UNSPECIFIED.,.F.,.F.,(4,1,1,1,4),(0.E0,2.5E-1,5.E-1,7.5E-1,1.E0),
.UNSPECIFIED.);
#2716=B_SPLINE_CURVE_WITH_KNOTS('',3,(#2710,#2711,#2712,#2713,#2714,#2715),
.UNSPECIFIED.,.F.,.F.,(4,1,1,4),(0.E0,3.333333333333E-1,6.666666666667E-1,1.E0),
.UNSPECIFIED.);
#2725=CIRCLE('',#2724,1.E-1);
#2730=CIRCLE('',#2729,7.E-2);
#2739=CIRCLE('',#2738,1.4E-1);
#2760=CIRCLE('',#2759,1.4E-1);
#2769=CIRCLE('',#2768,7.E-2);
#2774=CIRCLE('',#2773,1.E-1);
#2787=B_SPLINE_CURVE_WITH_KNOTS('',3,(#2783,#2784,#2785,#2786),.UNSPECIFIED.,
.F.,.F.,(4,4),(0.E0,1.E0),.UNSPECIFIED.);
#2792=B_SPLINE_CURVE_WITH_KNOTS('',3,(#2788,#2789,#2790,#2791),.UNSPECIFIED.,
.F.,.F.,(4,4),(0.E0,1.E0),.UNSPECIFIED.);
#2804=B_SPLINE_CURVE_WITH_KNOTS('',3,(#2797,#2798,#2799,#2800,#2801,#2802,
#2803),.UNSPECIFIED.,.F.,.F.,(4,1,1,1,4),(0.E0,2.5E-1,5.E-1,7.5E-1,1.E0),
.UNSPECIFIED.);
#2811=B_SPLINE_CURVE_WITH_KNOTS('',3,(#2805,#2806,#2807,#2808,#2809,#2810),
.UNSPECIFIED.,.F.,.F.,(4,1,1,4),(0.E0,3.333333333333E-1,6.666666666667E-1,1.E0),
.UNSPECIFIED.);
#2823=B_SPLINE_CURVE_WITH_KNOTS('',3,(#2816,#2817,#2818,#2819,#2820,#2821,
#2822),.UNSPECIFIED.,.F.,.F.,(4,1,1,1,4),(0.E0,2.5E-1,5.E-1,7.5E-1,1.E0),
.UNSPECIFIED.);
#2830=B_SPLINE_CURVE_WITH_KNOTS('',3,(#2824,#2825,#2826,#2827,#2828,#2829),
.UNSPECIFIED.,.F.,.F.,(4,1,1,4),(0.E0,3.333333333333E-1,6.666666666667E-1,1.E0),
.UNSPECIFIED.);
#2839=CIRCLE('',#2838,1.E-1);
#2844=CIRCLE('',#2843,7.E-2);
#2853=CIRCLE('',#2852,1.4E-1);
#2874=CIRCLE('',#2873,1.4E-1);
#2883=CIRCLE('',#2882,7.E-2);
#2888=CIRCLE('',#2887,1.E-1);
#2901=B_SPLINE_CURVE_WITH_KNOTS('',3,(#2897,#2898,#2899,#2900),.UNSPECIFIED.,
.F.,.F.,(4,4),(0.E0,1.E0),.UNSPECIFIED.);
#2906=B_SPLINE_CURVE_WITH_KNOTS('',3,(#2902,#2903,#2904,#2905),.UNSPECIFIED.,
.F.,.F.,(4,4),(0.E0,1.E0),.UNSPECIFIED.);
#2918=B_SPLINE_CURVE_WITH_KNOTS('',3,(#2911,#2912,#2913,#2914,#2915,#2916,
#2917),.UNSPECIFIED.,.F.,.F.,(4,1,1,1,4),(0.E0,2.5E-1,5.E-1,7.5E-1,1.E0),
.UNSPECIFIED.);
#2925=B_SPLINE_CURVE_WITH_KNOTS('',3,(#2919,#2920,#2921,#2922,#2923,#2924),
.UNSPECIFIED.,.F.,.F.,(4,1,1,4),(0.E0,3.333333333333E-1,6.666666666667E-1,1.E0),
.UNSPECIFIED.);
#2937=B_SPLINE_CURVE_WITH_KNOTS('',3,(#2930,#2931,#2932,#2933,#2934,#2935,
#2936),.UNSPECIFIED.,.F.,.F.,(4,1,1,1,4),(0.E0,2.5E-1,5.E-1,7.5E-1,1.E0),
.UNSPECIFIED.);
#2944=B_SPLINE_CURVE_WITH_KNOTS('',3,(#2938,#2939,#2940,#2941,#2942,#2943),
.UNSPECIFIED.,.F.,.F.,(4,1,1,4),(0.E0,3.333333333333E-1,6.666666666667E-1,1.E0),
.UNSPECIFIED.);
#3065=CIRCLE('',#3064,5.E-2);
#3070=CIRCLE('',#3069,5.E-2);
#3087=CIRCLE('',#3086,5.E-2);
#3092=CIRCLE('',#3091,5.E-2);
#3173=CIRCLE('',#3172,5.E-2);
#3178=CIRCLE('',#3177,5.E-2);
#3195=CIRCLE('',#3194,5.E-2);
#3200=CIRCLE('',#3199,5.E-2);
#3257=CIRCLE('',#3256,5.E-2);
#3262=CIRCLE('',#3261,5.E-2);
#3267=CIRCLE('',#3266,5.E-2);
#3272=CIRCLE('',#3271,5.E-2);
#3637=CIRCLE('',#3636,5.E-2);
#3642=CIRCLE('',#3641,5.E-2);
#3647=CIRCLE('',#3646,5.E-2);
#3652=CIRCLE('',#3651,5.E-2);
#3685=CIRCLE('',#3684,5.E-2);
#3698=CIRCLE('',#3697,1.5E-1);
#3727=CIRCLE('',#3726,5.E-2);
#3740=CIRCLE('',#3739,1.5E-1);
#3957=CIRCLE('',#3956,5.E-2);
#3966=CIRCLE('',#3965,5.E-2);
#3979=CIRCLE('',#3978,5.E-2);
#4008=CIRCLE('',#4007,5.E-2);
#4085=CIRCLE('',#4084,5.E-2);
#4094=CIRCLE('',#4093,5.E-2);
#4107=CIRCLE('',#4106,5.E-2);
#4136=CIRCLE('',#4135,5.E-2);
#4213=CIRCLE('',#4212,5.E-2);
#4222=CIRCLE('',#4221,5.E-2);
#4235=CIRCLE('',#4234,5.E-2);
#4264=CIRCLE('',#4263,5.E-2);
#4341=CIRCLE('',#4340,5.E-2);
#4350=CIRCLE('',#4349,5.E-2);
#4363=CIRCLE('',#4362,5.E-2);
#4392=CIRCLE('',#4391,5.E-2);
#4469=CIRCLE('',#4468,5.E-2);
#4478=CIRCLE('',#4477,5.E-2);
#4491=CIRCLE('',#4490,5.E-2);
#4520=CIRCLE('',#4519,5.E-2);
#4597=CIRCLE('',#4596,5.E-2);
#4606=CIRCLE('',#4605,5.E-2);
#4619=CIRCLE('',#4618,5.E-2);
#4648=CIRCLE('',#4647,5.E-2);
#4725=CIRCLE('',#4724,5.E-2);
#4734=CIRCLE('',#4733,5.E-2);
#4747=CIRCLE('',#4746,5.E-2);
#4776=CIRCLE('',#4775,5.E-2);
#4853=CIRCLE('',#4852,5.E-2);
#4862=CIRCLE('',#4861,5.E-2);
#4875=CIRCLE('',#4874,5.E-2);
#4904=CIRCLE('',#4903,5.E-2);
#4981=CIRCLE('',#4980,5.E-2);
#4990=CIRCLE('',#4989,5.E-2);
#5003=CIRCLE('',#5002,5.E-2);
#5032=CIRCLE('',#5031,5.E-2);
#5141=CIRCLE('',#5140,5.E-2);
#5150=CIRCLE('',#5149,5.E-2);
#5163=CIRCLE('',#5162,5.E-2);
#5192=CIRCLE('',#5191,5.E-2);
#5445=CIRCLE('',#5444,5.E-2);
#5458=CIRCLE('',#5457,1.5E-1);
#5479=CIRCLE('',#5478,5.E-2);
#5492=CIRCLE('',#5491,1.5E-1);
#5577=CIRCLE('',#5576,1.5E-1);
#5590=CIRCLE('',#5589,5.E-2);
#5615=CIRCLE('',#5614,1.5E-1);
#5628=CIRCLE('',#5627,5.E-2);
#5777=CIRCLE('',#5776,5.E-2);
#5786=CIRCLE('',#5785,5.E-2);
#5803=CIRCLE('',#5802,5.E-2);
#5832=CIRCLE('',#5831,5.E-2);
#5905=CIRCLE('',#5904,5.E-2);
#5914=CIRCLE('',#5913,5.E-2);
#5931=CIRCLE('',#5930,5.E-2);
#5960=CIRCLE('',#5959,5.E-2);
#6033=CIRCLE('',#6032,5.E-2);
#6042=CIRCLE('',#6041,5.E-2);
#6059=CIRCLE('',#6058,5.E-2);
#6088=CIRCLE('',#6087,5.E-2);
#6161=CIRCLE('',#6160,5.E-2);
#6170=CIRCLE('',#6169,5.E-2);
#6187=CIRCLE('',#6186,5.E-2);
#6216=CIRCLE('',#6215,5.E-2);
#6289=CIRCLE('',#6288,5.E-2);
#6298=CIRCLE('',#6297,5.E-2);
#6315=CIRCLE('',#6314,5.E-2);
#6344=CIRCLE('',#6343,5.E-2);
#6417=CIRCLE('',#6416,5.E-2);
#6426=CIRCLE('',#6425,5.E-2);
#6443=CIRCLE('',#6442,5.E-2);
#6472=CIRCLE('',#6471,5.E-2);
#6545=CIRCLE('',#6544,5.E-2);
#6554=CIRCLE('',#6553,5.E-2);
#6571=CIRCLE('',#6570,5.E-2);
#6600=CIRCLE('',#6599,5.E-2);
#6673=CIRCLE('',#6672,5.E-2);
#6682=CIRCLE('',#6681,5.E-2);
#6699=CIRCLE('',#6698,5.E-2);
#6728=CIRCLE('',#6727,5.E-2);
#6801=CIRCLE('',#6800,5.E-2);
#6810=CIRCLE('',#6809,5.E-2);
#6827=CIRCLE('',#6826,5.E-2);
#6856=CIRCLE('',#6855,5.E-2);
#6961=CIRCLE('',#6960,5.E-2);
#6970=CIRCLE('',#6969,5.E-2);
#6987=CIRCLE('',#6986,5.E-2);
#7016=CIRCLE('',#7015,5.E-2);
#7089=CIRCLE('',#7088,1.5E-1);
#7102=CIRCLE('',#7101,5.E-2);
#7127=CIRCLE('',#7126,1.5E-1);
#7140=CIRCLE('',#7139,5.E-2);
#9616=EDGE_CURVE('',#7395,#7396,#4,.T.);
#9618=EDGE_CURVE('',#7395,#7400,#5360,.T.);
#9620=EDGE_CURVE('',#7400,#7398,#3532,.T.);
#9622=EDGE_CURVE('',#7398,#7396,#3496,.T.);
#9632=EDGE_CURVE('',#7535,#7536,#12,.T.);
#9634=EDGE_CURVE('',#7536,#7395,#5364,.T.);
#9637=EDGE_CURVE('',#7396,#7538,#3480,.T.);
#9639=EDGE_CURVE('',#7538,#7535,#3436,.T.);
#9649=EDGE_CURVE('',#7542,#7522,#8,.T.);
#9651=EDGE_CURVE('',#7542,#7536,#5368,.T.);
#9654=EDGE_CURVE('',#7535,#7530,#3432,.T.);
#9656=EDGE_CURVE('',#7530,#7520,#3448,.T.);
#9658=EDGE_CURVE('',#7520,#7522,#3460,.T.);
#9668=EDGE_CURVE('',#7540,#7476,#16,.T.);
#9670=EDGE_CURVE('',#7542,#7540,#20,.T.);
#9673=EDGE_CURVE('',#7524,#7522,#24,.T.);
#9675=EDGE_CURVE('',#7496,#7524,#28,.T.);
#9677=EDGE_CURVE('',#7496,#7498,#7320,.T.);
#9679=EDGE_CURVE('',#7498,#7502,#7328,.T.);
#9681=EDGE_CURVE('',#7446,#7502,#32,.T.);
#9683=EDGE_CURVE('',#7444,#7446,#37,.T.);
#9685=EDGE_CURVE('',#7443,#7444,#42,.T.);
#9687=EDGE_CURVE('',#7443,#7508,#7344,.T.);
#9689=EDGE_CURVE('',#7508,#7454,#7356,.T.);
#9691=EDGE_CURVE('',#7454,#7456,#7364,.T.);
#9693=EDGE_CURVE('',#7462,#7456,#47,.T.);
#9695=EDGE_CURVE('',#7461,#7462,#52,.T.);
#9697=EDGE_CURVE('',#7468,#7461,#56,.T.);
#9699=EDGE_CURVE('',#7468,#7472,#7384,.T.);
#9701=EDGE_CURVE('',#7472,#7476,#7392,.T.);
#9711=EDGE_CURVE('',#7506,#7557,#72,.T.);
#9713=EDGE_CURVE('',#7557,#7558,#5388,.T.);
#9715=EDGE_CURVE('',#7558,#7540,#5372,.T.);
#9718=EDGE_CURVE('',#7478,#7476,#60,.T.);
#9720=EDGE_CURVE('',#7478,#7506,#108,.T.);
#9730=EDGE_CURVE('',#7484,#7481,#64,.T.);
#9732=EDGE_CURVE('',#7484,#7554,#5424,.T.);
#9734=EDGE_CURVE('',#7554,#7545,#5396,.T.);
#9736=EDGE_CURVE('',#7557,#7545,#68,.T.);
#9739=EDGE_CURVE('',#7506,#7481,#104,.T.);
#9749=EDGE_CURVE('',#7481,#7482,#100,.T.);
#9751=EDGE_CURVE('',#7435,#7482,#76,.T.);
#9753=EDGE_CURVE('',#7435,#7436,#5432,.T.);
#9755=EDGE_CURVE('',#7436,#7484,#5428,.T.);
#9766=EDGE_CURVE('',#7504,#7493,#80,.T.);
#9768=EDGE_CURVE('',#7490,#7504,#84,.T.);
#9770=EDGE_CURVE('',#7486,#7490,#88,.T.);
#9772=EDGE_CURVE('',#7416,#7486,#92,.T.);
#9774=EDGE_CURVE('',#7416,#7412,#5462,.T.);
#9776=EDGE_CURVE('',#7482,#7412,#96,.T.);
#9781=EDGE_CURVE('',#7474,#7478,#112,.T.);
#9783=EDGE_CURVE('',#7470,#7474,#116,.T.);
#9785=EDGE_CURVE('',#7464,#7470,#120,.T.);
#9787=EDGE_CURVE('',#7466,#7464,#125,.T.);
#9789=EDGE_CURVE('',#7458,#7466,#130,.T.);
#9791=EDGE_CURVE('',#7408,#7458,#134,.T.);
#9793=EDGE_CURVE('',#7404,#7408,#138,.T.);
#9795=EDGE_CURVE('',#7448,#7404,#142,.T.);
#9797=EDGE_CURVE('',#7450,#7448,#147,.T.);
#9799=EDGE_CURVE('',#7452,#7450,#152,.T.);
#9801=EDGE_CURVE('',#7500,#7452,#156,.T.);
#9803=EDGE_CURVE('',#7494,#7500,#160,.T.);
#9805=EDGE_CURVE('',#7493,#7494,#164,.T.);
#9815=EDGE_CURVE('',#9364,#9368,#168,.T.);
#9817=EDGE_CURVE('',#9364,#9374,#188,.T.);
#9819=EDGE_CURVE('',#9374,#9422,#5560,.T.);
#9821=EDGE_CURVE('',#9422,#7560,#5556,.T.);
#9823=EDGE_CURVE('',#7560,#7504,#5524,.T.);
#9826=EDGE_CURVE('',#7496,#7493,#172,.T.);
#9829=EDGE_CURVE('',#7526,#7524,#176,.T.);
#9831=EDGE_CURVE('',#7526,#9390,#3472,.T.);
#9833=EDGE_CURVE('',#9396,#9390,#180,.T.);
#9835=EDGE_CURVE('',#9396,#9368,#320,.T.);
#9845=EDGE_CURVE('',#9363,#9364,#192,.T.);
#9848=EDGE_CURVE('',#9366,#9368,#184,.T.);
#9850=EDGE_CURVE('',#9366,#9363,#276,.T.);
#9862=EDGE_CURVE('',#9370,#9363,#196,.T.);
#9864=EDGE_CURVE('',#9318,#9370,#200,.T.);
#9866=EDGE_CURVE('',#9320,#9318,#205,.T.);
#9868=EDGE_CURVE('',#9322,#9320,#210,.T.);
#9870=EDGE_CURVE('',#9273,#9322,#214,.T.);
#9872=EDGE_CURVE('',#9276,#9273,#218,.T.);
#9874=EDGE_CURVE('',#9324,#9276,#222,.T.);
#9876=EDGE_CURVE('',#9334,#9324,#227,.T.);
#9878=EDGE_CURVE('',#9336,#9334,#232,.T.);
#9880=EDGE_CURVE('',#9340,#9336,#236,.T.);
#9882=EDGE_CURVE('',#9344,#9340,#240,.T.);
#9884=EDGE_CURVE('',#9348,#9344,#244,.T.);
#9886=EDGE_CURVE('',#9376,#9348,#248,.T.);
#9888=EDGE_CURVE('',#9352,#9376,#252,.T.);
#9890=EDGE_CURVE('',#9351,#9352,#256,.T.);
#9892=EDGE_CURVE('',#9281,#9351,#260,.T.);
#9894=EDGE_CURVE('',#9281,#9284,#5660,.T.);
#9896=EDGE_CURVE('',#9356,#9284,#264,.T.);
#9898=EDGE_CURVE('',#9360,#9356,#268,.T.);
#9900=EDGE_CURVE('',#9374,#9360,#272,.T.);
#9912=EDGE_CURVE('',#9372,#9366,#280,.T.);
#9914=EDGE_CURVE('',#9370,#9372,#284,.T.);
#9924=EDGE_CURVE('',#9346,#9410,#288,.T.);
#9926=EDGE_CURVE('',#9346,#9342,#7252,.T.);
#9928=EDGE_CURVE('',#9342,#9338,#7260,.T.);
#9930=EDGE_CURVE('',#9332,#9338,#292,.T.);
#9932=EDGE_CURVE('',#9330,#9332,#297,.T.);
#9934=EDGE_CURVE('',#9326,#9330,#302,.T.);
#9936=EDGE_CURVE('',#9326,#9328,#7280,.T.);
#9938=EDGE_CURVE('',#9328,#9378,#7304,.T.);
#9940=EDGE_CURVE('',#9378,#9316,#7296,.T.);
#9942=EDGE_CURVE('',#9314,#9316,#307,.T.);
#9944=EDGE_CURVE('',#9313,#9314,#312,.T.);
#9946=EDGE_CURVE('',#9372,#9313,#316,.T.);
#9951=EDGE_CURVE('',#9398,#9396,#324,.T.);
#9953=EDGE_CURVE('',#9398,#9412,#428,.T.);
#9955=EDGE_CURVE('',#9410,#9412,#328,.T.);
#9965=EDGE_CURVE('',#9436,#9376,#340,.T.);
#9968=EDGE_CURVE('',#9346,#9348,#332,.T.);
#9971=EDGE_CURVE('',#9410,#9435,#412,.T.);
#9973=EDGE_CURVE('',#9435,#9436,#392,.T.);
#9983=EDGE_CURVE('',#9352,#9354,#336,.T.);
#9987=EDGE_CURVE('',#9428,#9436,#344,.T.);
#9989=EDGE_CURVE('',#9428,#9430,#388,.T.);
#9991=EDGE_CURVE('',#9430,#9354,#356,.T.);
#10003=EDGE_CURVE('',#9354,#9305,#352,.T.);
#10005=EDGE_CURVE('',#9305,#9306,#5632,.T.);
#10007=EDGE_CURVE('',#9351,#9306,#348,.T.);
#10017=EDGE_CURVE('',#9430,#9305,#384,.T.);
#10029=EDGE_CURVE('',#9427,#9428,#360,.T.);
#10031=EDGE_CURVE('',#9386,#9427,#364,.T.);
#10033=EDGE_CURVE('',#9386,#9382,#7080,.T.);
#10035=EDGE_CURVE('',#9382,#9424,#5668,.T.);
#10037=EDGE_CURVE('',#9421,#9424,#368,.T.);
#10039=EDGE_CURVE('',#9432,#9421,#372,.T.);
#10041=EDGE_CURVE('',#9310,#9432,#376,.T.);
#10043=EDGE_CURVE('',#9305,#9310,#380,.T.);
#10056=EDGE_CURVE('',#9427,#9435,#396,.T.);
#10068=EDGE_CURVE('',#9268,#9266,#400,.T.);
#10070=EDGE_CURVE('',#9384,#9268,#404,.T.);
#10072=EDGE_CURVE('',#9386,#9384,#408,.T.);
#10078=EDGE_CURVE('',#9405,#9412,#416,.T.);
#10080=EDGE_CURVE('',#9266,#9405,#420,.T.);
#10090=EDGE_CURVE('',#9265,#9266,#424,.T.);
#10092=EDGE_CURVE('',#9265,#9270,#3556,.T.);
#10094=EDGE_CURVE('',#9270,#9268,#3552,.T.);
#10105=EDGE_CURVE('',#9405,#9406,#432,.T.);
#10107=EDGE_CURVE('',#9406,#9408,#3584,.T.);
#10109=EDGE_CURVE('',#9408,#9265,#3572,.T.);
#10122=EDGE_CURVE('',#9398,#9393,#440,.T.);
#10124=EDGE_CURVE('',#9393,#9400,#444,.T.);
#10126=EDGE_CURVE('',#9400,#9406,#3588,.T.);
#10138=EDGE_CURVE('',#9393,#9394,#436,.T.);
#10143=EDGE_CURVE('',#9390,#9388,#3468,.T.);
#10145=EDGE_CURVE('',#9388,#9394,#456,.T.);
#10157=EDGE_CURVE('',#9402,#9394,#448,.T.);
#10159=EDGE_CURVE('',#9402,#9400,#3592,.T.);
#10169=EDGE_CURVE('',#7746,#9414,#472,.T.);
#10171=EDGE_CURVE('',#9402,#9414,#452,.T.);
#10175=EDGE_CURVE('',#9388,#7528,#3464,.T.);
#10177=EDGE_CURVE('',#7519,#7528,#460,.T.);
#10179=EDGE_CURVE('',#7519,#7532,#3452,.T.);
#10181=EDGE_CURVE('',#7746,#7532,#464,.T.);
#10191=EDGE_CURVE('',#7744,#9592,#2968,.T.);
#10193=EDGE_CURVE('',#9592,#9414,#5356,.T.);
#10196=EDGE_CURVE('',#7746,#7744,#3444,.T.);
#10200=EDGE_CURVE('',#7718,#7713,#480,.T.);
#10202=EDGE_CURVE('',#7713,#9418,#564,.T.);
#10204=EDGE_CURVE('',#9418,#9590,#1716,.T.);
#10206=EDGE_CURVE('',#7718,#9590,#468,.T.);
#10216=EDGE_CURVE('',#7713,#7714,#476,.T.);
#10219=EDGE_CURVE('',#7718,#7716,#1808,.T.);
#10221=EDGE_CURVE('',#7716,#7714,#2952,.T.);
#10231=EDGE_CURVE('',#9417,#9418,#1720,.T.);
#10235=EDGE_CURVE('',#9417,#7714,#568,.T.);
#10239=EDGE_CURVE('',#7936,#7934,#492,.T.);
#10241=EDGE_CURVE('',#7932,#7936,#496,.T.);
#10243=EDGE_CURVE('',#7932,#7930,#705,.T.);
#10245=EDGE_CURVE('',#7930,#7927,#741,.T.);
#10247=EDGE_CURVE('',#7927,#7928,#737,.T.);
#10249=EDGE_CURVE('',#7928,#7934,#768,.T.);
#10253=EDGE_CURVE('',#8085,#8083,#500,.T.);
#10255=EDGE_CURVE('',#8081,#8085,#504,.T.);
#10257=EDGE_CURVE('',#8081,#8079,#819,.T.);
#10259=EDGE_CURVE('',#8079,#8076,#855,.T.);
#10261=EDGE_CURVE('',#8076,#8077,#851,.T.);
#10263=EDGE_CURVE('',#8077,#8083,#882,.T.);
#10267=EDGE_CURVE('',#8234,#8232,#508,.T.);
#10269=EDGE_CURVE('',#8230,#8234,#512,.T.);
#10271=EDGE_CURVE('',#8230,#8228,#933,.T.);
#10273=EDGE_CURVE('',#8228,#8225,#969,.T.);
#10275=EDGE_CURVE('',#8225,#8226,#965,.T.);
#10277=EDGE_CURVE('',#8226,#8232,#996,.T.);
#10281=EDGE_CURVE('',#8383,#8381,#516,.T.);
#10283=EDGE_CURVE('',#8379,#8383,#520,.T.);
#10285=EDGE_CURVE('',#8379,#8377,#1047,.T.);
#10287=EDGE_CURVE('',#8377,#8374,#1083,.T.);
#10289=EDGE_CURVE('',#8374,#8375,#1079,.T.);
#10291=EDGE_CURVE('',#8375,#8381,#1110,.T.);
#10295=EDGE_CURVE('',#8532,#8530,#524,.T.);
#10297=EDGE_CURVE('',#8528,#8532,#528,.T.);
#10299=EDGE_CURVE('',#8528,#8526,#1161,.T.);
#10301=EDGE_CURVE('',#8526,#8523,#1197,.T.);
#10303=EDGE_CURVE('',#8523,#8524,#1193,.T.);
#10305=EDGE_CURVE('',#8524,#8530,#1224,.T.);
#10309=EDGE_CURVE('',#8681,#8679,#532,.T.);
#10311=EDGE_CURVE('',#8677,#8681,#536,.T.);
#10313=EDGE_CURVE('',#8677,#8675,#1275,.T.);
#10315=EDGE_CURVE('',#8675,#8672,#1311,.T.);
#10317=EDGE_CURVE('',#8672,#8673,#1307,.T.);
#10319=EDGE_CURVE('',#8673,#8679,#1338,.T.);
#10323=EDGE_CURVE('',#8830,#8828,#540,.T.);
#10325=EDGE_CURVE('',#8826,#8830,#544,.T.);
#10327=EDGE_CURVE('',#8826,#8824,#1389,.T.);
#10329=EDGE_CURVE('',#8824,#8821,#1425,.T.);
#10331=EDGE_CURVE('',#8821,#8822,#1421,.T.);
#10333=EDGE_CURVE('',#8822,#8828,#1452,.T.);
#10337=EDGE_CURVE('',#8979,#8977,#548,.T.);
#10339=EDGE_CURVE('',#8975,#8979,#552,.T.);
#10341=EDGE_CURVE('',#8975,#8973,#1503,.T.);
#10343=EDGE_CURVE('',#8973,#8970,#1539,.T.);
#10345=EDGE_CURVE('',#8970,#8971,#1535,.T.);
#10347=EDGE_CURVE('',#8971,#8977,#1566,.T.);
#10351=EDGE_CURVE('',#9128,#9126,#556,.T.);
#10353=EDGE_CURVE('',#9124,#9128,#560,.T.);
#10355=EDGE_CURVE('',#9124,#9122,#1617,.T.);
#10357=EDGE_CURVE('',#9122,#9119,#1653,.T.);
#10359=EDGE_CURVE('',#9119,#9120,#1649,.T.);
#10361=EDGE_CURVE('',#9120,#9126,#1680,.T.);
#10365=EDGE_CURVE('',#7787,#7785,#484,.T.);
#10367=EDGE_CURVE('',#7783,#7787,#488,.T.);
#10369=EDGE_CURVE('',#7783,#7781,#591,.T.);
#10371=EDGE_CURVE('',#7781,#7778,#627,.T.);
#10373=EDGE_CURVE('',#7778,#7779,#623,.T.);
#10375=EDGE_CURVE('',#7779,#7785,#654,.T.);
#10385=EDGE_CURVE('',#7783,#7769,#573,.T.);
#10389=EDGE_CURVE('',#7775,#7785,#578,.T.);
#10391=EDGE_CURVE('',#7764,#7775,#582,.T.);
#10393=EDGE_CURVE('',#7764,#7766,#682,.T.);
#10395=EDGE_CURVE('',#7769,#7766,#587,.T.);
#10407=EDGE_CURVE('',#7771,#7769,#595,.T.);
#10409=EDGE_CURVE('',#7771,#7781,#632,.T.);
#10419=EDGE_CURVE('',#7761,#7763,#599,.T.);
#10421=EDGE_CURVE('',#7762,#7761,#606,.T.);
#10423=EDGE_CURVE('',#7759,#7762,#614,.T.);
#10425=EDGE_CURVE('',#7759,#7771,#637,.T.);
#10429=EDGE_CURVE('',#7766,#7767,#678,.T.);
#10431=EDGE_CURVE('',#7767,#7763,#670,.T.);
#10441=EDGE_CURVE('',#7773,#7760,#641,.T.);
#10443=EDGE_CURVE('',#7761,#7760,#619,.T.);
#10446=EDGE_CURVE('',#7763,#7764,#663,.T.);
#10449=EDGE_CURVE('',#7775,#7773,#658,.T.);
#10463=EDGE_CURVE('',#7759,#7760,#650,.T.);
#10466=EDGE_CURVE('',#7779,#7773,#646,.T.);
#10512=EDGE_CURVE('',#7932,#7918,#687,.T.);
#10516=EDGE_CURVE('',#7924,#7934,#692,.T.);
#10518=EDGE_CURVE('',#7913,#7924,#696,.T.);
#10520=EDGE_CURVE('',#7913,#7915,#796,.T.);
#10522=EDGE_CURVE('',#7918,#7915,#701,.T.);
#10534=EDGE_CURVE('',#7920,#7918,#709,.T.);
#10536=EDGE_CURVE('',#7920,#7930,#746,.T.);
#10546=EDGE_CURVE('',#7910,#7912,#713,.T.);
#10548=EDGE_CURVE('',#7911,#7910,#720,.T.);
#10550=EDGE_CURVE('',#7908,#7911,#728,.T.);
#10552=EDGE_CURVE('',#7908,#7920,#751,.T.);
#10556=EDGE_CURVE('',#7915,#7916,#792,.T.);
#10558=EDGE_CURVE('',#7916,#7912,#784,.T.);
#10568=EDGE_CURVE('',#7922,#7909,#755,.T.);
#10570=EDGE_CURVE('',#7910,#7909,#733,.T.);
#10573=EDGE_CURVE('',#7912,#7913,#777,.T.);
#10576=EDGE_CURVE('',#7924,#7922,#772,.T.);
#10590=EDGE_CURVE('',#7908,#7909,#764,.T.);
#10593=EDGE_CURVE('',#7928,#7922,#760,.T.);
#10639=EDGE_CURVE('',#8081,#8067,#801,.T.);
#10643=EDGE_CURVE('',#8073,#8083,#806,.T.);
#10645=EDGE_CURVE('',#8062,#8073,#810,.T.);
#10647=EDGE_CURVE('',#8062,#8064,#910,.T.);
#10649=EDGE_CURVE('',#8067,#8064,#815,.T.);
#10661=EDGE_CURVE('',#8069,#8067,#823,.T.);
#10663=EDGE_CURVE('',#8069,#8079,#860,.T.);
#10673=EDGE_CURVE('',#8059,#8061,#827,.T.);
#10675=EDGE_CURVE('',#8060,#8059,#834,.T.);
#10677=EDGE_CURVE('',#8057,#8060,#842,.T.);
#10679=EDGE_CURVE('',#8057,#8069,#865,.T.);
#10683=EDGE_CURVE('',#8064,#8065,#906,.T.);
#10685=EDGE_CURVE('',#8065,#8061,#898,.T.);
#10695=EDGE_CURVE('',#8071,#8058,#869,.T.);
#10697=EDGE_CURVE('',#8059,#8058,#847,.T.);
#10700=EDGE_CURVE('',#8061,#8062,#891,.T.);
#10703=EDGE_CURVE('',#8073,#8071,#886,.T.);
#10717=EDGE_CURVE('',#8057,#8058,#878,.T.);
#10720=EDGE_CURVE('',#8077,#8071,#874,.T.);
#10766=EDGE_CURVE('',#8230,#8216,#915,.T.);
#10770=EDGE_CURVE('',#8222,#8232,#920,.T.);
#10772=EDGE_CURVE('',#8211,#8222,#924,.T.);
#10774=EDGE_CURVE('',#8211,#8213,#1024,.T.);
#10776=EDGE_CURVE('',#8216,#8213,#929,.T.);
#10788=EDGE_CURVE('',#8218,#8216,#937,.T.);
#10790=EDGE_CURVE('',#8218,#8228,#974,.T.);
#10800=EDGE_CURVE('',#8208,#8210,#941,.T.);
#10802=EDGE_CURVE('',#8209,#8208,#948,.T.);
#10804=EDGE_CURVE('',#8206,#8209,#956,.T.);
#10806=EDGE_CURVE('',#8206,#8218,#979,.T.);
#10810=EDGE_CURVE('',#8213,#8214,#1020,.T.);
#10812=EDGE_CURVE('',#8214,#8210,#1012,.T.);
#10822=EDGE_CURVE('',#8220,#8207,#983,.T.);
#10824=EDGE_CURVE('',#8208,#8207,#961,.T.);
#10827=EDGE_CURVE('',#8210,#8211,#1005,.T.);
#10830=EDGE_CURVE('',#8222,#8220,#1000,.T.);
#10844=EDGE_CURVE('',#8206,#8207,#992,.T.);
#10847=EDGE_CURVE('',#8226,#8220,#988,.T.);
#10893=EDGE_CURVE('',#8379,#8365,#1029,.T.);
#10897=EDGE_CURVE('',#8371,#8381,#1034,.T.);
#10899=EDGE_CURVE('',#8360,#8371,#1038,.T.);
#10901=EDGE_CURVE('',#8360,#8362,#1138,.T.);
#10903=EDGE_CURVE('',#8365,#8362,#1043,.T.);
#10915=EDGE_CURVE('',#8367,#8365,#1051,.T.);
#10917=EDGE_CURVE('',#8367,#8377,#1088,.T.);
#10927=EDGE_CURVE('',#8357,#8359,#1055,.T.);
#10929=EDGE_CURVE('',#8358,#8357,#1062,.T.);
#10931=EDGE_CURVE('',#8355,#8358,#1070,.T.);
#10933=EDGE_CURVE('',#8355,#8367,#1093,.T.);
#10937=EDGE_CURVE('',#8362,#8363,#1134,.T.);
#10939=EDGE_CURVE('',#8363,#8359,#1126,.T.);
#10949=EDGE_CURVE('',#8369,#8356,#1097,.T.);
#10951=EDGE_CURVE('',#8357,#8356,#1075,.T.);
#10954=EDGE_CURVE('',#8359,#8360,#1119,.T.);
#10957=EDGE_CURVE('',#8371,#8369,#1114,.T.);
#10971=EDGE_CURVE('',#8355,#8356,#1106,.T.);
#10974=EDGE_CURVE('',#8375,#8369,#1102,.T.);
#11020=EDGE_CURVE('',#8528,#8514,#1143,.T.);
#11024=EDGE_CURVE('',#8520,#8530,#1148,.T.);
#11026=EDGE_CURVE('',#8509,#8520,#1152,.T.);
#11028=EDGE_CURVE('',#8509,#8511,#1252,.T.);
#11030=EDGE_CURVE('',#8514,#8511,#1157,.T.);
#11042=EDGE_CURVE('',#8516,#8514,#1165,.T.);
#11044=EDGE_CURVE('',#8516,#8526,#1202,.T.);
#11054=EDGE_CURVE('',#8506,#8508,#1169,.T.);
#11056=EDGE_CURVE('',#8507,#8506,#1176,.T.);
#11058=EDGE_CURVE('',#8504,#8507,#1184,.T.);
#11060=EDGE_CURVE('',#8504,#8516,#1207,.T.);
#11064=EDGE_CURVE('',#8511,#8512,#1248,.T.);
#11066=EDGE_CURVE('',#8512,#8508,#1240,.T.);
#11076=EDGE_CURVE('',#8518,#8505,#1211,.T.);
#11078=EDGE_CURVE('',#8506,#8505,#1189,.T.);
#11081=EDGE_CURVE('',#8508,#8509,#1233,.T.);
#11084=EDGE_CURVE('',#8520,#8518,#1228,.T.);
#11098=EDGE_CURVE('',#8504,#8505,#1220,.T.);
#11101=EDGE_CURVE('',#8524,#8518,#1216,.T.);
#11147=EDGE_CURVE('',#8677,#8663,#1257,.T.);
#11151=EDGE_CURVE('',#8669,#8679,#1262,.T.);
#11153=EDGE_CURVE('',#8658,#8669,#1266,.T.);
#11155=EDGE_CURVE('',#8658,#8660,#1366,.T.);
#11157=EDGE_CURVE('',#8663,#8660,#1271,.T.);
#11169=EDGE_CURVE('',#8665,#8663,#1279,.T.);
#11171=EDGE_CURVE('',#8665,#8675,#1316,.T.);
#11181=EDGE_CURVE('',#8655,#8657,#1283,.T.);
#11183=EDGE_CURVE('',#8656,#8655,#1290,.T.);
#11185=EDGE_CURVE('',#8653,#8656,#1298,.T.);
#11187=EDGE_CURVE('',#8653,#8665,#1321,.T.);
#11191=EDGE_CURVE('',#8660,#8661,#1362,.T.);
#11193=EDGE_CURVE('',#8661,#8657,#1354,.T.);
#11203=EDGE_CURVE('',#8667,#8654,#1325,.T.);
#11205=EDGE_CURVE('',#8655,#8654,#1303,.T.);
#11208=EDGE_CURVE('',#8657,#8658,#1347,.T.);
#11211=EDGE_CURVE('',#8669,#8667,#1342,.T.);
#11225=EDGE_CURVE('',#8653,#8654,#1334,.T.);
#11228=EDGE_CURVE('',#8673,#8667,#1330,.T.);
#11274=EDGE_CURVE('',#8826,#8812,#1371,.T.);
#11278=EDGE_CURVE('',#8818,#8828,#1376,.T.);
#11280=EDGE_CURVE('',#8807,#8818,#1380,.T.);
#11282=EDGE_CURVE('',#8807,#8809,#1480,.T.);
#11284=EDGE_CURVE('',#8812,#8809,#1385,.T.);
#11296=EDGE_CURVE('',#8814,#8812,#1393,.T.);
#11298=EDGE_CURVE('',#8814,#8824,#1430,.T.);
#11308=EDGE_CURVE('',#8804,#8806,#1397,.T.);
#11310=EDGE_CURVE('',#8805,#8804,#1404,.T.);
#11312=EDGE_CURVE('',#8802,#8805,#1412,.T.);
#11314=EDGE_CURVE('',#8802,#8814,#1435,.T.);
#11318=EDGE_CURVE('',#8809,#8810,#1476,.T.);
#11320=EDGE_CURVE('',#8810,#8806,#1468,.T.);
#11330=EDGE_CURVE('',#8816,#8803,#1439,.T.);
#11332=EDGE_CURVE('',#8804,#8803,#1417,.T.);
#11335=EDGE_CURVE('',#8806,#8807,#1461,.T.);
#11338=EDGE_CURVE('',#8818,#8816,#1456,.T.);
#11352=EDGE_CURVE('',#8802,#8803,#1448,.T.);
#11355=EDGE_CURVE('',#8822,#8816,#1444,.T.);
#11401=EDGE_CURVE('',#8975,#8961,#1485,.T.);
#11405=EDGE_CURVE('',#8967,#8977,#1490,.T.);
#11407=EDGE_CURVE('',#8956,#8967,#1494,.T.);
#11409=EDGE_CURVE('',#8956,#8958,#1594,.T.);
#11411=EDGE_CURVE('',#8961,#8958,#1499,.T.);
#11423=EDGE_CURVE('',#8963,#8961,#1507,.T.);
#11425=EDGE_CURVE('',#8963,#8973,#1544,.T.);
#11435=EDGE_CURVE('',#8953,#8955,#1511,.T.);
#11437=EDGE_CURVE('',#8954,#8953,#1518,.T.);
#11439=EDGE_CURVE('',#8951,#8954,#1526,.T.);
#11441=EDGE_CURVE('',#8951,#8963,#1549,.T.);
#11445=EDGE_CURVE('',#8958,#8959,#1590,.T.);
#11447=EDGE_CURVE('',#8959,#8955,#1582,.T.);
#11457=EDGE_CURVE('',#8965,#8952,#1553,.T.);
#11459=EDGE_CURVE('',#8953,#8952,#1531,.T.);
#11462=EDGE_CURVE('',#8955,#8956,#1575,.T.);
#11465=EDGE_CURVE('',#8967,#8965,#1570,.T.);
#11479=EDGE_CURVE('',#8951,#8952,#1562,.T.);
#11482=EDGE_CURVE('',#8971,#8965,#1558,.T.);
#11528=EDGE_CURVE('',#9124,#9110,#1599,.T.);
#11532=EDGE_CURVE('',#9116,#9126,#1604,.T.);
#11534=EDGE_CURVE('',#9105,#9116,#1608,.T.);
#11536=EDGE_CURVE('',#9105,#9107,#1708,.T.);
#11538=EDGE_CURVE('',#9110,#9107,#1613,.T.);
#11550=EDGE_CURVE('',#9112,#9110,#1621,.T.);
#11552=EDGE_CURVE('',#9112,#9122,#1658,.T.);
#11562=EDGE_CURVE('',#9102,#9104,#1625,.T.);
#11564=EDGE_CURVE('',#9103,#9102,#1632,.T.);
#11566=EDGE_CURVE('',#9100,#9103,#1640,.T.);
#11568=EDGE_CURVE('',#9100,#9112,#1663,.T.);
#11572=EDGE_CURVE('',#9107,#9108,#1704,.T.);
#11574=EDGE_CURVE('',#9108,#9104,#1696,.T.);
#11584=EDGE_CURVE('',#9114,#9101,#1667,.T.);
#11586=EDGE_CURVE('',#9102,#9101,#1645,.T.);
#11589=EDGE_CURVE('',#9104,#9105,#1689,.T.);
#11592=EDGE_CURVE('',#9116,#9114,#1684,.T.);
#11606=EDGE_CURVE('',#9100,#9101,#1676,.T.);
#11609=EDGE_CURVE('',#9120,#9114,#1672,.T.);
#11655=EDGE_CURVE('',#9590,#9588,#1712,.T.);
#11659=EDGE_CURVE('',#9588,#9417,#1724,.T.);
#11670=EDGE_CURVE('',#9588,#7716,#2956,.T.);
#11676=EDGE_CURVE('',#8008,#8006,#1736,.T.);
#11678=EDGE_CURVE('',#8010,#8008,#1740,.T.);
#11680=EDGE_CURVE('',#8010,#8004,#1980,.T.);
#11682=EDGE_CURVE('',#8004,#8001,#1957,.T.);
#11684=EDGE_CURVE('',#8001,#8002,#1953,.T.);
#11686=EDGE_CURVE('',#8002,#8006,#1945,.T.);
#11690=EDGE_CURVE('',#8157,#8155,#1744,.T.);
#11692=EDGE_CURVE('',#8159,#8157,#1748,.T.);
#11694=EDGE_CURVE('',#8159,#8153,#2094,.T.);
#11696=EDGE_CURVE('',#8153,#8150,#2071,.T.);
#11698=EDGE_CURVE('',#8150,#8151,#2067,.T.);
#11700=EDGE_CURVE('',#8151,#8155,#2059,.T.);
#11704=EDGE_CURVE('',#8306,#8304,#1752,.T.);
#11706=EDGE_CURVE('',#8308,#8306,#1756,.T.);
#11708=EDGE_CURVE('',#8308,#8302,#2208,.T.);
#11710=EDGE_CURVE('',#8302,#8299,#2185,.T.);
#11712=EDGE_CURVE('',#8299,#8300,#2181,.T.);
#11714=EDGE_CURVE('',#8300,#8304,#2173,.T.);
#11718=EDGE_CURVE('',#8455,#8453,#1760,.T.);
#11720=EDGE_CURVE('',#8457,#8455,#1764,.T.);
#11722=EDGE_CURVE('',#8457,#8451,#2322,.T.);
#11724=EDGE_CURVE('',#8451,#8448,#2299,.T.);
#11726=EDGE_CURVE('',#8448,#8449,#2295,.T.);
#11728=EDGE_CURVE('',#8449,#8453,#2287,.T.);
#11732=EDGE_CURVE('',#8604,#8602,#1768,.T.);
#11734=EDGE_CURVE('',#8606,#8604,#1772,.T.);
#11736=EDGE_CURVE('',#8606,#8600,#2436,.T.);
#11738=EDGE_CURVE('',#8600,#8597,#2413,.T.);
#11740=EDGE_CURVE('',#8597,#8598,#2409,.T.);
#11742=EDGE_CURVE('',#8598,#8602,#2401,.T.);
#11746=EDGE_CURVE('',#8753,#8751,#1776,.T.);
#11748=EDGE_CURVE('',#8755,#8753,#1780,.T.);
#11750=EDGE_CURVE('',#8755,#8749,#2550,.T.);
#11752=EDGE_CURVE('',#8749,#8746,#2527,.T.);
#11754=EDGE_CURVE('',#8746,#8747,#2523,.T.);
#11756=EDGE_CURVE('',#8747,#8751,#2515,.T.);
#11760=EDGE_CURVE('',#8902,#8900,#1784,.T.);
#11762=EDGE_CURVE('',#8904,#8902,#1788,.T.);
#11764=EDGE_CURVE('',#8904,#8898,#2664,.T.);
#11766=EDGE_CURVE('',#8898,#8895,#2641,.T.);
#11768=EDGE_CURVE('',#8895,#8896,#2637,.T.);
#11770=EDGE_CURVE('',#8896,#8900,#2629,.T.);
#11774=EDGE_CURVE('',#9051,#9049,#1792,.T.);
#11776=EDGE_CURVE('',#9053,#9051,#1796,.T.);
#11778=EDGE_CURVE('',#9053,#9047,#2778,.T.);
#11780=EDGE_CURVE('',#9047,#9044,#2755,.T.);
#11782=EDGE_CURVE('',#9044,#9045,#2751,.T.);
#11784=EDGE_CURVE('',#9045,#9049,#2743,.T.);
#11788=EDGE_CURVE('',#9208,#9206,#1800,.T.);
#11790=EDGE_CURVE('',#9210,#9208,#1804,.T.);
#11792=EDGE_CURVE('',#9210,#9204,#2892,.T.);
#11794=EDGE_CURVE('',#9204,#9201,#2869,.T.);
#11796=EDGE_CURVE('',#9201,#9202,#2865,.T.);
#11798=EDGE_CURVE('',#9202,#9206,#2857,.T.);
#11802=EDGE_CURVE('',#7859,#7857,#1728,.T.);
#11804=EDGE_CURVE('',#7861,#7859,#1732,.T.);
#11806=EDGE_CURVE('',#7861,#7855,#1866,.T.);
#11808=EDGE_CURVE('',#7855,#7852,#1843,.T.);
#11810=EDGE_CURVE('',#7852,#7853,#1839,.T.);
#11812=EDGE_CURVE('',#7853,#7857,#1831,.T.);
#11822=EDGE_CURVE('',#7845,#7857,#1813,.T.);
#11824=EDGE_CURVE('',#7841,#7845,#1818,.T.);
#11826=EDGE_CURVE('',#7841,#7838,#1884,.T.);
#11828=EDGE_CURVE('',#7849,#7838,#1822,.T.);
#11830=EDGE_CURVE('',#7861,#7849,#1827,.T.);
#11843=EDGE_CURVE('',#7853,#7843,#1862,.T.);
#11845=EDGE_CURVE('',#7845,#7843,#1835,.T.);
#11858=EDGE_CURVE('',#7847,#7855,#1848,.T.);
#11860=EDGE_CURVE('',#7834,#7847,#1852,.T.);
#11862=EDGE_CURVE('',#7834,#7835,#1922,.T.);
#11864=EDGE_CURVE('',#7843,#7835,#1857,.T.);
#11877=EDGE_CURVE('',#7847,#7849,#1870,.T.);
#11891=EDGE_CURVE('',#7838,#7839,#1880,.T.);
#11893=EDGE_CURVE('',#7839,#7837,#1903,.T.);
#11895=EDGE_CURVE('',#7834,#7837,#1875,.T.);
#11907=EDGE_CURVE('',#7840,#7841,#1892,.T.);
#11909=EDGE_CURVE('',#7839,#7840,#1899,.T.);
#11925=EDGE_CURVE('',#7836,#7835,#1911,.T.);
#11927=EDGE_CURVE('',#7837,#7836,#1918,.T.);
#11949=EDGE_CURVE('',#7994,#8006,#1927,.T.);
#11951=EDGE_CURVE('',#7990,#7994,#1932,.T.);
#11953=EDGE_CURVE('',#7990,#7987,#1998,.T.);
#11955=EDGE_CURVE('',#7998,#7987,#1936,.T.);
#11957=EDGE_CURVE('',#8010,#7998,#1941,.T.);
#11970=EDGE_CURVE('',#8002,#7992,#1976,.T.);
#11972=EDGE_CURVE('',#7994,#7992,#1949,.T.);
#11985=EDGE_CURVE('',#7996,#8004,#1962,.T.);
#11987=EDGE_CURVE('',#7983,#7996,#1966,.T.);
#11989=EDGE_CURVE('',#7983,#7984,#2036,.T.);
#11991=EDGE_CURVE('',#7992,#7984,#1971,.T.);
#12004=EDGE_CURVE('',#7996,#7998,#1984,.T.);
#12018=EDGE_CURVE('',#7987,#7988,#1994,.T.);
#12020=EDGE_CURVE('',#7988,#7986,#2017,.T.);
#12022=EDGE_CURVE('',#7983,#7986,#1989,.T.);
#12034=EDGE_CURVE('',#7989,#7990,#2006,.T.);
#12036=EDGE_CURVE('',#7988,#7989,#2013,.T.);
#12052=EDGE_CURVE('',#7985,#7984,#2025,.T.);
#12054=EDGE_CURVE('',#7986,#7985,#2032,.T.);
#12076=EDGE_CURVE('',#8143,#8155,#2041,.T.);
#12078=EDGE_CURVE('',#8139,#8143,#2046,.T.);
#12080=EDGE_CURVE('',#8139,#8136,#2112,.T.);
#12082=EDGE_CURVE('',#8147,#8136,#2050,.T.);
#12084=EDGE_CURVE('',#8159,#8147,#2055,.T.);
#12097=EDGE_CURVE('',#8151,#8141,#2090,.T.);
#12099=EDGE_CURVE('',#8143,#8141,#2063,.T.);
#12112=EDGE_CURVE('',#8145,#8153,#2076,.T.);
#12114=EDGE_CURVE('',#8132,#8145,#2080,.T.);
#12116=EDGE_CURVE('',#8132,#8133,#2150,.T.);
#12118=EDGE_CURVE('',#8141,#8133,#2085,.T.);
#12131=EDGE_CURVE('',#8145,#8147,#2098,.T.);
#12145=EDGE_CURVE('',#8136,#8137,#2108,.T.);
#12147=EDGE_CURVE('',#8137,#8135,#2131,.T.);
#12149=EDGE_CURVE('',#8132,#8135,#2103,.T.);
#12161=EDGE_CURVE('',#8138,#8139,#2120,.T.);
#12163=EDGE_CURVE('',#8137,#8138,#2127,.T.);
#12179=EDGE_CURVE('',#8134,#8133,#2139,.T.);
#12181=EDGE_CURVE('',#8135,#8134,#2146,.T.);
#12203=EDGE_CURVE('',#8292,#8304,#2155,.T.);
#12205=EDGE_CURVE('',#8288,#8292,#2160,.T.);
#12207=EDGE_CURVE('',#8288,#8285,#2226,.T.);
#12209=EDGE_CURVE('',#8296,#8285,#2164,.T.);
#12211=EDGE_CURVE('',#8308,#8296,#2169,.T.);
#12224=EDGE_CURVE('',#8300,#8290,#2204,.T.);
#12226=EDGE_CURVE('',#8292,#8290,#2177,.T.);
#12239=EDGE_CURVE('',#8294,#8302,#2190,.T.);
#12241=EDGE_CURVE('',#8281,#8294,#2194,.T.);
#12243=EDGE_CURVE('',#8281,#8282,#2264,.T.);
#12245=EDGE_CURVE('',#8290,#8282,#2199,.T.);
#12258=EDGE_CURVE('',#8294,#8296,#2212,.T.);
#12272=EDGE_CURVE('',#8285,#8286,#2222,.T.);
#12274=EDGE_CURVE('',#8286,#8284,#2245,.T.);
#12276=EDGE_CURVE('',#8281,#8284,#2217,.T.);
#12288=EDGE_CURVE('',#8287,#8288,#2234,.T.);
#12290=EDGE_CURVE('',#8286,#8287,#2241,.T.);
#12306=EDGE_CURVE('',#8283,#8282,#2253,.T.);
#12308=EDGE_CURVE('',#8284,#8283,#2260,.T.);
#12330=EDGE_CURVE('',#8441,#8453,#2269,.T.);
#12332=EDGE_CURVE('',#8437,#8441,#2274,.T.);
#12334=EDGE_CURVE('',#8437,#8434,#2340,.T.);
#12336=EDGE_CURVE('',#8445,#8434,#2278,.T.);
#12338=EDGE_CURVE('',#8457,#8445,#2283,.T.);
#12351=EDGE_CURVE('',#8449,#8439,#2318,.T.);
#12353=EDGE_CURVE('',#8441,#8439,#2291,.T.);
#12366=EDGE_CURVE('',#8443,#8451,#2304,.T.);
#12368=EDGE_CURVE('',#8430,#8443,#2308,.T.);
#12370=EDGE_CURVE('',#8430,#8431,#2378,.T.);
#12372=EDGE_CURVE('',#8439,#8431,#2313,.T.);
#12385=EDGE_CURVE('',#8443,#8445,#2326,.T.);
#12399=EDGE_CURVE('',#8434,#8435,#2336,.T.);
#12401=EDGE_CURVE('',#8435,#8433,#2359,.T.);
#12403=EDGE_CURVE('',#8430,#8433,#2331,.T.);
#12415=EDGE_CURVE('',#8436,#8437,#2348,.T.);
#12417=EDGE_CURVE('',#8435,#8436,#2355,.T.);
#12433=EDGE_CURVE('',#8432,#8431,#2367,.T.);
#12435=EDGE_CURVE('',#8433,#8432,#2374,.T.);
#12457=EDGE_CURVE('',#8590,#8602,#2383,.T.);
#12459=EDGE_CURVE('',#8586,#8590,#2388,.T.);
#12461=EDGE_CURVE('',#8586,#8583,#2454,.T.);
#12463=EDGE_CURVE('',#8594,#8583,#2392,.T.);
#12465=EDGE_CURVE('',#8606,#8594,#2397,.T.);
#12478=EDGE_CURVE('',#8598,#8588,#2432,.T.);
#12480=EDGE_CURVE('',#8590,#8588,#2405,.T.);
#12493=EDGE_CURVE('',#8592,#8600,#2418,.T.);
#12495=EDGE_CURVE('',#8579,#8592,#2422,.T.);
#12497=EDGE_CURVE('',#8579,#8580,#2492,.T.);
#12499=EDGE_CURVE('',#8588,#8580,#2427,.T.);
#12512=EDGE_CURVE('',#8592,#8594,#2440,.T.);
#12526=EDGE_CURVE('',#8583,#8584,#2450,.T.);
#12528=EDGE_CURVE('',#8584,#8582,#2473,.T.);
#12530=EDGE_CURVE('',#8579,#8582,#2445,.T.);
#12542=EDGE_CURVE('',#8585,#8586,#2462,.T.);
#12544=EDGE_CURVE('',#8584,#8585,#2469,.T.);
#12560=EDGE_CURVE('',#8581,#8580,#2481,.T.);
#12562=EDGE_CURVE('',#8582,#8581,#2488,.T.);
#12584=EDGE_CURVE('',#8739,#8751,#2497,.T.);
#12586=EDGE_CURVE('',#8735,#8739,#2502,.T.);
#12588=EDGE_CURVE('',#8735,#8732,#2568,.T.);
#12590=EDGE_CURVE('',#8743,#8732,#2506,.T.);
#12592=EDGE_CURVE('',#8755,#8743,#2511,.T.);
#12605=EDGE_CURVE('',#8747,#8737,#2546,.T.);
#12607=EDGE_CURVE('',#8739,#8737,#2519,.T.);
#12620=EDGE_CURVE('',#8741,#8749,#2532,.T.);
#12622=EDGE_CURVE('',#8728,#8741,#2536,.T.);
#12624=EDGE_CURVE('',#8728,#8729,#2606,.T.);
#12626=EDGE_CURVE('',#8737,#8729,#2541,.T.);
#12639=EDGE_CURVE('',#8741,#8743,#2554,.T.);
#12653=EDGE_CURVE('',#8732,#8733,#2564,.T.);
#12655=EDGE_CURVE('',#8733,#8731,#2587,.T.);
#12657=EDGE_CURVE('',#8728,#8731,#2559,.T.);
#12669=EDGE_CURVE('',#8734,#8735,#2576,.T.);
#12671=EDGE_CURVE('',#8733,#8734,#2583,.T.);
#12687=EDGE_CURVE('',#8730,#8729,#2595,.T.);
#12689=EDGE_CURVE('',#8731,#8730,#2602,.T.);
#12711=EDGE_CURVE('',#8888,#8900,#2611,.T.);
#12713=EDGE_CURVE('',#8884,#8888,#2616,.T.);
#12715=EDGE_CURVE('',#8884,#8881,#2682,.T.);
#12717=EDGE_CURVE('',#8892,#8881,#2620,.T.);
#12719=EDGE_CURVE('',#8904,#8892,#2625,.T.);
#12732=EDGE_CURVE('',#8896,#8886,#2660,.T.);
#12734=EDGE_CURVE('',#8888,#8886,#2633,.T.);
#12747=EDGE_CURVE('',#8890,#8898,#2646,.T.);
#12749=EDGE_CURVE('',#8877,#8890,#2650,.T.);
#12751=EDGE_CURVE('',#8877,#8878,#2720,.T.);
#12753=EDGE_CURVE('',#8886,#8878,#2655,.T.);
#12766=EDGE_CURVE('',#8890,#8892,#2668,.T.);
#12780=EDGE_CURVE('',#8881,#8882,#2678,.T.);
#12782=EDGE_CURVE('',#8882,#8880,#2701,.T.);
#12784=EDGE_CURVE('',#8877,#8880,#2673,.T.);
#12796=EDGE_CURVE('',#8883,#8884,#2690,.T.);
#12798=EDGE_CURVE('',#8882,#8883,#2697,.T.);
#12814=EDGE_CURVE('',#8879,#8878,#2709,.T.);
#12816=EDGE_CURVE('',#8880,#8879,#2716,.T.);
#12838=EDGE_CURVE('',#9037,#9049,#2725,.T.);
#12840=EDGE_CURVE('',#9033,#9037,#2730,.T.);
#12842=EDGE_CURVE('',#9033,#9030,#2796,.T.);
#12844=EDGE_CURVE('',#9041,#9030,#2734,.T.);
#12846=EDGE_CURVE('',#9053,#9041,#2739,.T.);
#12859=EDGE_CURVE('',#9045,#9035,#2774,.T.);
#12861=EDGE_CURVE('',#9037,#9035,#2747,.T.);
#12874=EDGE_CURVE('',#9039,#9047,#2760,.T.);
#12876=EDGE_CURVE('',#9026,#9039,#2764,.T.);
#12878=EDGE_CURVE('',#9026,#9027,#2834,.T.);
#12880=EDGE_CURVE('',#9035,#9027,#2769,.T.);
#12893=EDGE_CURVE('',#9039,#9041,#2782,.T.);
#12907=EDGE_CURVE('',#9030,#9031,#2792,.T.);
#12909=EDGE_CURVE('',#9031,#9029,#2815,.T.);
#12911=EDGE_CURVE('',#9026,#9029,#2787,.T.);
#12923=EDGE_CURVE('',#9032,#9033,#2804,.T.);
#12925=EDGE_CURVE('',#9031,#9032,#2811,.T.);
#12941=EDGE_CURVE('',#9028,#9027,#2823,.T.);
#12943=EDGE_CURVE('',#9029,#9028,#2830,.T.);
#12965=EDGE_CURVE('',#9194,#9206,#2839,.T.);
#12967=EDGE_CURVE('',#9190,#9194,#2844,.T.);
#12969=EDGE_CURVE('',#9190,#9187,#2910,.T.);
#12971=EDGE_CURVE('',#9198,#9187,#2848,.T.);
#12973=EDGE_CURVE('',#9210,#9198,#2853,.T.);
#12986=EDGE_CURVE('',#9202,#9192,#2888,.T.);
#12988=EDGE_CURVE('',#9194,#9192,#2861,.T.);
#13001=EDGE_CURVE('',#9196,#9204,#2874,.T.);
#13003=EDGE_CURVE('',#9183,#9196,#2878,.T.);
#13005=EDGE_CURVE('',#9183,#9184,#2948,.T.);
#13007=EDGE_CURVE('',#9192,#9184,#2883,.T.);
#13020=EDGE_CURVE('',#9196,#9198,#2896,.T.);
#13034=EDGE_CURVE('',#9187,#9188,#2906,.T.);
#13036=EDGE_CURVE('',#9188,#9186,#2929,.T.);
#13038=EDGE_CURVE('',#9183,#9186,#2901,.T.);
#13050=EDGE_CURVE('',#9189,#9190,#2918,.T.);
#13052=EDGE_CURVE('',#9188,#9189,#2925,.T.);
#13068=EDGE_CURVE('',#9185,#9184,#2937,.T.);
#13070=EDGE_CURVE('',#9186,#9185,#2944,.T.);
#13104=EDGE_CURVE('',#7690,#9564,#2988,.T.);
#13106=EDGE_CURVE('',#9567,#9564,#2960,.T.);
#13108=EDGE_CURVE('',#9567,#9576,#5352,.T.);
#13110=EDGE_CURVE('',#9592,#9576,#2964,.T.);
#13113=EDGE_CURVE('',#7700,#7744,#2972,.T.);
#13115=EDGE_CURVE('',#7700,#7688,#3408,.T.);
#13117=EDGE_CURVE('',#7690,#7688,#2976,.T.);
#13127=EDGE_CURVE('',#9562,#7692,#2980,.T.);
#13129=EDGE_CURVE('',#9564,#9562,#2984,.T.);
#13132=EDGE_CURVE('',#7692,#7690,#2992,.T.);
#13142=EDGE_CURVE('',#9540,#9537,#2996,.T.);
#13144=EDGE_CURVE('',#9540,#9572,#3628,.T.);
#13146=EDGE_CURVE('',#9562,#9572,#3000,.T.);
#13149=EDGE_CURVE('',#7694,#7692,#3004,.T.);
#13151=EDGE_CURVE('',#7694,#7666,#3280,.T.);
#13153=EDGE_CURVE('',#7662,#7666,#3008,.T.);
#13155=EDGE_CURVE('',#7662,#7672,#3156,.T.);
#13157=EDGE_CURVE('',#7672,#7748,#3144,.T.);
#13159=EDGE_CURVE('',#7748,#9595,#3124,.T.);
#13161=EDGE_CURVE('',#9595,#9548,#3108,.T.);
#13163=EDGE_CURVE('',#9548,#9537,#3020,.T.);
#13173=EDGE_CURVE('',#9537,#9538,#3104,.T.);
#13175=EDGE_CURVE('',#9542,#9538,#3012,.T.);
#13177=EDGE_CURVE('',#9540,#9542,#3016,.T.);
#13189=EDGE_CURVE('',#9534,#9548,#3024,.T.);
#13191=EDGE_CURVE('',#9530,#9534,#3028,.T.);
#13193=EDGE_CURVE('',#9460,#9530,#3032,.T.);
#13195=EDGE_CURVE('',#9460,#9456,#3760,.T.);
#13197=EDGE_CURVE('',#9526,#9456,#3036,.T.);
#13199=EDGE_CURVE('',#9525,#9526,#3040,.T.);
#13201=EDGE_CURVE('',#9550,#9525,#3044,.T.);
#13203=EDGE_CURVE('',#9522,#9550,#3048,.T.);
#13205=EDGE_CURVE('',#9518,#9522,#3052,.T.);
#13207=EDGE_CURVE('',#9514,#9518,#3056,.T.);
#13209=EDGE_CURVE('',#9508,#9514,#3060,.T.);
#13211=EDGE_CURVE('',#9510,#9508,#3065,.T.);
#13213=EDGE_CURVE('',#9502,#9510,#3070,.T.);
#13215=EDGE_CURVE('',#9452,#9502,#3074,.T.);
#13217=EDGE_CURVE('',#9448,#9452,#3078,.T.);
#13219=EDGE_CURVE('',#9492,#9448,#3082,.T.);
#13221=EDGE_CURVE('',#9494,#9492,#3087,.T.);
#13223=EDGE_CURVE('',#9496,#9494,#3092,.T.);
#13225=EDGE_CURVE('',#9544,#9496,#3096,.T.);
#13227=EDGE_CURVE('',#9538,#9544,#3100,.T.);
#13239=EDGE_CURVE('',#9595,#9596,#3120,.T.);
#13241=EDGE_CURVE('',#9596,#9604,#3792,.T.);
#13243=EDGE_CURVE('',#9532,#9604,#3112,.T.);
#13245=EDGE_CURVE('',#9534,#9532,#3116,.T.);
#13258=EDGE_CURVE('',#7736,#7748,#3128,.T.);
#13260=EDGE_CURVE('',#7736,#7738,#3328,.T.);
#13262=EDGE_CURVE('',#7750,#7738,#3132,.T.);
#13264=EDGE_CURVE('',#9262,#7750,#3136,.T.);
#13266=EDGE_CURVE('',#9598,#9262,#3140,.T.);
#13268=EDGE_CURVE('',#9598,#9596,#3796,.T.);
#13279=EDGE_CURVE('',#7672,#7658,#3240,.T.);
#13281=EDGE_CURVE('',#7656,#7658,#3148,.T.);
#13283=EDGE_CURVE('',#7734,#7656,#3152,.T.);
#13285=EDGE_CURVE('',#7734,#7736,#3332,.T.);
#13297=EDGE_CURVE('',#7661,#7662,#3160,.T.);
#13299=EDGE_CURVE('',#7668,#7661,#3164,.T.);
#13301=EDGE_CURVE('',#7616,#7668,#3168,.T.);
#13303=EDGE_CURVE('',#7618,#7616,#3173,.T.);
#13305=EDGE_CURVE('',#7620,#7618,#3178,.T.);
#13307=EDGE_CURVE('',#7571,#7620,#3182,.T.);
#13309=EDGE_CURVE('',#7574,#7571,#3186,.T.);
#13311=EDGE_CURVE('',#7622,#7574,#3190,.T.);
#13313=EDGE_CURVE('',#7632,#7622,#3195,.T.);
#13315=EDGE_CURVE('',#7634,#7632,#3200,.T.);
#13317=EDGE_CURVE('',#7638,#7634,#3204,.T.);
#13319=EDGE_CURVE('',#7642,#7638,#3208,.T.);
#13321=EDGE_CURVE('',#7646,#7642,#3212,.T.);
#13323=EDGE_CURVE('',#7674,#7646,#3216,.T.);
#13325=EDGE_CURVE('',#7650,#7674,#3220,.T.);
#13327=EDGE_CURVE('',#7649,#7650,#3224,.T.);
#13329=EDGE_CURVE('',#7579,#7649,#3228,.T.);
#13331=EDGE_CURVE('',#7579,#7582,#7172,.T.);
#13333=EDGE_CURVE('',#7654,#7582,#3232,.T.);
#13335=EDGE_CURVE('',#7658,#7654,#3236,.T.);
#13348=EDGE_CURVE('',#7664,#7666,#3244,.T.);
#13350=EDGE_CURVE('',#7664,#7661,#7240,.T.);
#13360=EDGE_CURVE('',#7644,#7708,#3248,.T.);
#13362=EDGE_CURVE('',#7644,#7640,#7176,.T.);
#13364=EDGE_CURVE('',#7640,#7636,#7184,.T.);
#13366=EDGE_CURVE('',#7630,#7636,#3252,.T.);
#13368=EDGE_CURVE('',#7628,#7630,#3257,.T.);
#13370=EDGE_CURVE('',#7624,#7628,#3262,.T.);
#13372=EDGE_CURVE('',#7624,#7626,#7204,.T.);
#13374=EDGE_CURVE('',#7626,#7676,#7228,.T.);
#13376=EDGE_CURVE('',#7676,#7614,#7220,.T.);
#13378=EDGE_CURVE('',#7612,#7614,#3267,.T.);
#13380=EDGE_CURVE('',#7611,#7612,#3272,.T.);
#13382=EDGE_CURVE('',#7670,#7611,#3276,.T.);
#13384=EDGE_CURVE('',#7670,#7664,#7244,.T.);
#13388=EDGE_CURVE('',#7696,#7694,#3284,.T.);
#13390=EDGE_CURVE('',#7696,#7710,#3388,.T.);
#13392=EDGE_CURVE('',#7708,#7710,#3288,.T.);
#13402=EDGE_CURVE('',#7742,#7674,#3300,.T.);
#13405=EDGE_CURVE('',#7644,#7646,#3292,.T.);
#13408=EDGE_CURVE('',#7708,#7741,#3372,.T.);
#13410=EDGE_CURVE('',#7741,#7742,#3352,.T.);
#13420=EDGE_CURVE('',#7650,#7652,#3296,.T.);
#13424=EDGE_CURVE('',#7730,#7742,#3304,.T.);
#13426=EDGE_CURVE('',#7730,#7732,#3348,.T.);
#13428=EDGE_CURVE('',#7732,#7652,#3316,.T.);
#13440=EDGE_CURVE('',#7652,#7603,#3312,.T.);
#13442=EDGE_CURVE('',#7603,#7604,#7144,.T.);
#13444=EDGE_CURVE('',#7649,#7604,#3308,.T.);
#13454=EDGE_CURVE('',#7732,#7603,#3344,.T.);
#13466=EDGE_CURVE('',#7729,#7730,#3320,.T.);
#13468=EDGE_CURVE('',#7684,#7729,#3324,.T.);
#13470=EDGE_CURVE('',#7684,#7680,#5120,.T.);
#13472=EDGE_CURVE('',#7680,#7738,#5108,.T.);
#13476=EDGE_CURVE('',#7608,#7734,#3336,.T.);
#13478=EDGE_CURVE('',#7603,#7608,#3340,.T.);
#13491=EDGE_CURVE('',#7729,#7741,#3356,.T.);
#13503=EDGE_CURVE('',#7568,#7566,#3360,.T.);
#13505=EDGE_CURVE('',#7682,#7568,#3364,.T.);
#13507=EDGE_CURVE('',#7684,#7682,#3368,.T.);
#13513=EDGE_CURVE('',#7706,#7710,#3376,.T.);
#13515=EDGE_CURVE('',#7566,#7706,#3380,.T.);
#13525=EDGE_CURVE('',#7564,#7566,#3384,.T.);
#13527=EDGE_CURVE('',#7564,#7562,#3488,.T.);
#13529=EDGE_CURVE('',#7562,#7568,#3524,.T.);
#13540=EDGE_CURVE('',#7706,#7703,#3392,.T.);
#13542=EDGE_CURVE('',#7703,#7704,#3412,.T.);
#13544=EDGE_CURVE('',#7704,#7564,#3484,.T.);
#13557=EDGE_CURVE('',#7696,#7687,#3400,.T.);
#13559=EDGE_CURVE('',#7687,#7698,#3404,.T.);
#13561=EDGE_CURVE('',#7698,#7703,#3416,.T.);
#13573=EDGE_CURVE('',#7687,#7688,#3396,.T.);
#13591=EDGE_CURVE('',#7700,#7698,#3420,.T.);
#13604=EDGE_CURVE('',#7532,#7700,#3424,.T.);
#13606=EDGE_CURVE('',#7530,#7532,#3428,.T.);
#13610=EDGE_CURVE('',#7704,#7538,#3440,.T.);
#13635=EDGE_CURVE('',#7519,#7520,#3456,.T.);
#13647=EDGE_CURVE('',#7528,#7526,#3476,.T.);
#13674=EDGE_CURVE('',#7396,#7564,#3492,.T.);
#13685=EDGE_CURVE('',#7398,#7562,#3528,.T.);
#13698=EDGE_CURVE('',#9438,#9270,#3500,.T.);
#13700=EDGE_CURVE('',#9444,#9438,#3504,.T.);
#13702=EDGE_CURVE('',#9444,#9560,#3832,.T.);
#13704=EDGE_CURVE('',#9556,#9560,#3508,.T.);
#13706=EDGE_CURVE('',#9257,#9556,#3512,.T.);
#13708=EDGE_CURVE('',#9257,#7756,#5128,.T.);
#13710=EDGE_CURVE('',#7679,#7756,#3516,.T.);
#13712=EDGE_CURVE('',#7682,#7679,#3520,.T.);
#13718=EDGE_CURVE('',#7400,#7516,#5384,.T.);
#13720=EDGE_CURVE('',#7512,#7516,#3536,.T.);
#13722=EDGE_CURVE('',#7720,#7512,#3540,.T.);
#13724=EDGE_CURVE('',#7720,#9176,#6928,.T.);
#13726=EDGE_CURVE('',#9381,#9176,#3544,.T.);
#13728=EDGE_CURVE('',#9384,#9381,#3548,.T.);
#13742=EDGE_CURVE('',#9440,#9265,#3560,.T.);
#13744=EDGE_CURVE('',#9438,#9440,#3564,.T.);
#13754=EDGE_CURVE('',#9408,#9579,#3580,.T.);
#13756=EDGE_CURVE('',#9440,#9579,#3568,.T.);
#13768=EDGE_CURVE('',#9579,#9580,#3576,.T.);
#13774=EDGE_CURVE('',#9576,#9402,#3596,.T.);
#13776=EDGE_CURVE('',#9574,#9576,#3600,.T.);
#13778=EDGE_CURVE('',#9580,#9574,#3604,.T.);
#13788=EDGE_CURVE('',#9580,#9582,#3612,.T.);
#13790=EDGE_CURVE('',#9582,#9442,#3812,.T.);
#13792=EDGE_CURVE('',#9442,#9440,#3836,.T.);
#13804=EDGE_CURVE('',#9586,#9570,#3608,.T.);
#13806=EDGE_CURVE('',#9586,#9582,#3816,.T.);
#13810=EDGE_CURVE('',#9574,#9568,#5348,.T.);
#13812=EDGE_CURVE('',#9568,#9570,#5344,.T.);
#13822=EDGE_CURVE('',#9584,#9520,#3616,.T.);
#13824=EDGE_CURVE('',#9586,#9584,#3620,.T.);
#13827=EDGE_CURVE('',#9572,#9570,#3624,.T.);
#13831=EDGE_CURVE('',#9542,#9546,#5336,.T.);
#13833=EDGE_CURVE('',#9490,#9546,#3632,.T.);
#13835=EDGE_CURVE('',#9488,#9490,#3637,.T.);
#13837=EDGE_CURVE('',#9487,#9488,#3642,.T.);
#13839=EDGE_CURVE('',#9487,#9552,#5308,.T.);
#13841=EDGE_CURVE('',#9552,#9498,#5320,.T.);
#13843=EDGE_CURVE('',#9498,#9500,#5296,.T.);
#13845=EDGE_CURVE('',#9506,#9500,#3647,.T.);
#13847=EDGE_CURVE('',#9505,#9506,#3652,.T.);
#13849=EDGE_CURVE('',#9512,#9505,#3656,.T.);
#13851=EDGE_CURVE('',#9512,#9516,#5272,.T.);
#13853=EDGE_CURVE('',#9516,#9520,#5268,.T.);
#13863=EDGE_CURVE('',#9550,#9609,#3672,.T.);
#13865=EDGE_CURVE('',#9609,#9610,#3804,.T.);
#13867=EDGE_CURVE('',#9610,#9584,#3820,.T.);
#13870=EDGE_CURVE('',#9522,#9520,#3660,.T.);
#13881=EDGE_CURVE('',#9528,#9525,#3664,.T.);
#13883=EDGE_CURVE('',#9528,#9606,#5260,.T.);
#13885=EDGE_CURVE('',#9606,#9601,#3776,.T.);
#13887=EDGE_CURVE('',#9609,#9601,#3668,.T.);
#13900=EDGE_CURVE('',#9479,#9526,#3676,.T.);
#13902=EDGE_CURVE('',#9479,#9480,#3702,.T.);
#13904=EDGE_CURVE('',#9480,#9528,#5264,.T.);
#13915=EDGE_CURVE('',#9479,#9468,#3680,.T.);
#13919=EDGE_CURVE('',#9455,#9456,#3685,.T.);
#13921=EDGE_CURVE('',#9455,#9474,#3756,.T.);
#13923=EDGE_CURVE('',#9476,#9474,#3689,.T.);
#13925=EDGE_CURVE('',#9466,#9476,#3693,.T.);
#13927=EDGE_CURVE('',#9468,#9466,#3698,.T.);
#13939=EDGE_CURVE('',#9468,#9464,#3710,.T.);
#13941=EDGE_CURVE('',#9464,#9484,#3735,.T.);
#13943=EDGE_CURVE('',#9482,#9484,#3706,.T.);
#13945=EDGE_CURVE('',#9482,#9480,#3784,.T.);
#13955=EDGE_CURVE('',#9463,#9464,#3740,.T.);
#13959=EDGE_CURVE('',#9463,#9466,#3714,.T.);
#13969=EDGE_CURVE('',#9463,#9472,#3748,.T.);
#13971=EDGE_CURVE('',#9471,#9472,#3718,.T.);
#13973=EDGE_CURVE('',#9458,#9471,#3722,.T.);
#13975=EDGE_CURVE('',#9460,#9458,#3727,.T.);
#13978=EDGE_CURVE('',#9484,#9530,#3731,.T.);
#13991=EDGE_CURVE('',#9472,#9476,#3744,.T.);
#14006=EDGE_CURVE('',#9474,#9471,#3752,.T.);
#14019=EDGE_CURVE('',#9455,#9458,#3764,.T.);
#14041=EDGE_CURVE('',#9532,#9482,#3768,.T.);
#14056=EDGE_CURVE('',#9604,#9482,#3788,.T.);
#14067=EDGE_CURVE('',#9601,#9602,#3772,.T.);
#14070=EDGE_CURVE('',#9480,#9606,#3780,.T.);
#14076=EDGE_CURVE('',#9598,#9555,#3848,.T.);
#14078=EDGE_CURVE('',#9555,#9558,#3840,.T.);
#14080=EDGE_CURVE('',#9602,#9558,#3800,.T.);
#14093=EDGE_CURVE('',#9602,#9610,#3824,.T.);
#14103=EDGE_CURVE('',#9442,#9444,#3808,.T.);
#14111=EDGE_CURVE('',#9560,#9558,#3828,.T.);
#14134=EDGE_CURVE('',#9555,#9556,#3844,.T.);
#14151=EDGE_CURVE('',#9260,#9262,#3852,.T.);
#14153=EDGE_CURVE('',#9258,#9260,#3856,.T.);
#14155=EDGE_CURVE('',#9257,#9258,#3860,.T.);
#14165=EDGE_CURVE('',#7752,#9260,#5100,.T.);
#14169=EDGE_CURVE('',#7752,#7750,#3936,.T.);
#14173=EDGE_CURVE('',#8013,#8014,#4076,.T.);
#14175=EDGE_CURVE('',#8014,#8035,#4144,.T.);
#14177=EDGE_CURVE('',#8038,#8035,#3872,.T.);
#14179=EDGE_CURVE('',#8013,#8038,#3876,.T.);
#14183=EDGE_CURVE('',#8162,#8163,#4204,.T.);
#14185=EDGE_CURVE('',#8163,#8184,#4272,.T.);
#14187=EDGE_CURVE('',#8187,#8184,#3880,.T.);
#14189=EDGE_CURVE('',#8162,#8187,#3884,.T.);
#14193=EDGE_CURVE('',#8311,#8312,#4332,.T.);
#14195=EDGE_CURVE('',#8312,#8333,#4400,.T.);
#14197=EDGE_CURVE('',#8336,#8333,#3888,.T.);
#14199=EDGE_CURVE('',#8311,#8336,#3892,.T.);
#14203=EDGE_CURVE('',#8460,#8461,#4460,.T.);
#14205=EDGE_CURVE('',#8461,#8482,#4528,.T.);
#14207=EDGE_CURVE('',#8485,#8482,#3896,.T.);
#14209=EDGE_CURVE('',#8460,#8485,#3900,.T.);
#14213=EDGE_CURVE('',#8609,#8610,#4588,.T.);
#14215=EDGE_CURVE('',#8610,#8631,#4656,.T.);
#14217=EDGE_CURVE('',#8634,#8631,#3904,.T.);
#14219=EDGE_CURVE('',#8609,#8634,#3908,.T.);
#14223=EDGE_CURVE('',#8758,#8759,#4716,.T.);
#14225=EDGE_CURVE('',#8759,#8780,#4784,.T.);
#14227=EDGE_CURVE('',#8783,#8780,#3912,.T.);
#14229=EDGE_CURVE('',#8758,#8783,#3916,.T.);
#14233=EDGE_CURVE('',#8907,#8908,#4844,.T.);
#14235=EDGE_CURVE('',#8908,#8929,#4912,.T.);
#14237=EDGE_CURVE('',#8932,#8929,#3920,.T.);
#14239=EDGE_CURVE('',#8907,#8932,#3924,.T.);
#14243=EDGE_CURVE('',#9056,#9057,#4972,.T.);
#14245=EDGE_CURVE('',#9057,#9078,#5040,.T.);
#14247=EDGE_CURVE('',#9081,#9078,#3928,.T.);
#14249=EDGE_CURVE('',#9056,#9081,#3932,.T.);
#14253=EDGE_CURVE('',#7864,#7865,#3948,.T.);
#14255=EDGE_CURVE('',#7865,#7886,#4016,.T.);
#14257=EDGE_CURVE('',#7889,#7886,#3864,.T.);
#14259=EDGE_CURVE('',#7864,#7889,#3868,.T.);
#14263=EDGE_CURVE('',#9213,#9214,#5132,.T.);
#14265=EDGE_CURVE('',#9214,#9235,#5200,.T.);
#14267=EDGE_CURVE('',#9238,#9235,#3940,.T.);
#14269=EDGE_CURVE('',#9213,#9238,#3944,.T.);
#14280=EDGE_CURVE('',#7883,#7864,#3952,.T.);
#14282=EDGE_CURVE('',#7881,#7883,#3957,.T.);
#14284=EDGE_CURVE('',#7881,#7879,#4060,.T.);
#14286=EDGE_CURVE('',#7879,#7877,#4056,.T.);
#14288=EDGE_CURVE('',#7875,#7877,#3961,.T.);
#14290=EDGE_CURVE('',#7875,#7873,#4044,.T.);
#14292=EDGE_CURVE('',#7873,#7871,#4032,.T.);
#14294=EDGE_CURVE('',#7871,#7869,#4028,.T.);
#14296=EDGE_CURVE('',#7867,#7869,#3966,.T.);
#14298=EDGE_CURVE('',#7865,#7867,#3970,.T.);
#14310=EDGE_CURVE('',#7891,#7889,#3974,.T.);
#14312=EDGE_CURVE('',#7891,#7883,#4068,.T.);
#14322=EDGE_CURVE('',#7886,#7887,#4012,.T.);
#14324=EDGE_CURVE('',#7905,#7887,#3979,.T.);
#14326=EDGE_CURVE('',#7903,#7905,#3983,.T.);
#14328=EDGE_CURVE('',#7901,#7903,#3987,.T.);
#14330=EDGE_CURVE('',#7899,#7901,#3991,.T.);
#14332=EDGE_CURVE('',#7897,#7899,#3995,.T.);
#14334=EDGE_CURVE('',#7895,#7897,#3999,.T.);
#14336=EDGE_CURVE('',#7893,#7895,#4003,.T.);
#14338=EDGE_CURVE('',#7891,#7893,#4008,.T.);
#14351=EDGE_CURVE('',#7867,#7887,#4024,.T.);
#14364=EDGE_CURVE('',#7905,#7869,#4020,.T.);
#14377=EDGE_CURVE('',#7871,#7903,#4036,.T.);
#14390=EDGE_CURVE('',#7873,#7901,#4040,.T.);
#14405=EDGE_CURVE('',#7875,#7899,#4048,.T.);
#14418=EDGE_CURVE('',#7897,#7877,#4052,.T.);
#14429=EDGE_CURVE('',#7879,#7895,#4064,.T.);
#14442=EDGE_CURVE('',#7881,#7893,#4072,.T.);
#14467=EDGE_CURVE('',#8032,#8013,#4080,.T.);
#14469=EDGE_CURVE('',#8030,#8032,#4085,.T.);
#14471=EDGE_CURVE('',#8030,#8028,#4188,.T.);
#14473=EDGE_CURVE('',#8028,#8026,#4184,.T.);
#14475=EDGE_CURVE('',#8024,#8026,#4089,.T.);
#14477=EDGE_CURVE('',#8024,#8022,#4172,.T.);
#14479=EDGE_CURVE('',#8022,#8020,#4160,.T.);
#14481=EDGE_CURVE('',#8020,#8018,#4156,.T.);
#14483=EDGE_CURVE('',#8016,#8018,#4094,.T.);
#14485=EDGE_CURVE('',#8014,#8016,#4098,.T.);
#14497=EDGE_CURVE('',#8040,#8038,#4102,.T.);
#14499=EDGE_CURVE('',#8040,#8032,#4196,.T.);
#14509=EDGE_CURVE('',#8035,#8036,#4140,.T.);
#14511=EDGE_CURVE('',#8054,#8036,#4107,.T.);
#14513=EDGE_CURVE('',#8052,#8054,#4111,.T.);
#14515=EDGE_CURVE('',#8050,#8052,#4115,.T.);
#14517=EDGE_CURVE('',#8048,#8050,#4119,.T.);
#14519=EDGE_CURVE('',#8046,#8048,#4123,.T.);
#14521=EDGE_CURVE('',#8044,#8046,#4127,.T.);
#14523=EDGE_CURVE('',#8042,#8044,#4131,.T.);
#14525=EDGE_CURVE('',#8040,#8042,#4136,.T.);
#14538=EDGE_CURVE('',#8016,#8036,#4152,.T.);
#14551=EDGE_CURVE('',#8054,#8018,#4148,.T.);
#14564=EDGE_CURVE('',#8020,#8052,#4164,.T.);
#14577=EDGE_CURVE('',#8022,#8050,#4168,.T.);
#14592=EDGE_CURVE('',#8024,#8048,#4176,.T.);
#14605=EDGE_CURVE('',#8046,#8026,#4180,.T.);
#14616=EDGE_CURVE('',#8028,#8044,#4192,.T.);
#14629=EDGE_CURVE('',#8030,#8042,#4200,.T.);
#14654=EDGE_CURVE('',#8181,#8162,#4208,.T.);
#14656=EDGE_CURVE('',#8179,#8181,#4213,.T.);
#14658=EDGE_CURVE('',#8179,#8177,#4316,.T.);
#14660=EDGE_CURVE('',#8177,#8175,#4312,.T.);
#14662=EDGE_CURVE('',#8173,#8175,#4217,.T.);
#14664=EDGE_CURVE('',#8173,#8171,#4300,.T.);
#14666=EDGE_CURVE('',#8171,#8169,#4288,.T.);
#14668=EDGE_CURVE('',#8169,#8167,#4284,.T.);
#14670=EDGE_CURVE('',#8165,#8167,#4222,.T.);
#14672=EDGE_CURVE('',#8163,#8165,#4226,.T.);
#14684=EDGE_CURVE('',#8189,#8187,#4230,.T.);
#14686=EDGE_CURVE('',#8189,#8181,#4324,.T.);
#14696=EDGE_CURVE('',#8184,#8185,#4268,.T.);
#14698=EDGE_CURVE('',#8203,#8185,#4235,.T.);
#14700=EDGE_CURVE('',#8201,#8203,#4239,.T.);
#14702=EDGE_CURVE('',#8199,#8201,#4243,.T.);
#14704=EDGE_CURVE('',#8197,#8199,#4247,.T.);
#14706=EDGE_CURVE('',#8195,#8197,#4251,.T.);
#14708=EDGE_CURVE('',#8193,#8195,#4255,.T.);
#14710=EDGE_CURVE('',#8191,#8193,#4259,.T.);
#14712=EDGE_CURVE('',#8189,#8191,#4264,.T.);
#14725=EDGE_CURVE('',#8165,#8185,#4280,.T.);
#14738=EDGE_CURVE('',#8203,#8167,#4276,.T.);
#14751=EDGE_CURVE('',#8169,#8201,#4292,.T.);
#14764=EDGE_CURVE('',#8171,#8199,#4296,.T.);
#14779=EDGE_CURVE('',#8173,#8197,#4304,.T.);
#14792=EDGE_CURVE('',#8195,#8175,#4308,.T.);
#14803=EDGE_CURVE('',#8177,#8193,#4320,.T.);
#14816=EDGE_CURVE('',#8179,#8191,#4328,.T.);
#14841=EDGE_CURVE('',#8330,#8311,#4336,.T.);
#14843=EDGE_CURVE('',#8328,#8330,#4341,.T.);
#14845=EDGE_CURVE('',#8328,#8326,#4444,.T.);
#14847=EDGE_CURVE('',#8326,#8324,#4440,.T.);
#14849=EDGE_CURVE('',#8322,#8324,#4345,.T.);
#14851=EDGE_CURVE('',#8322,#8320,#4428,.T.);
#14853=EDGE_CURVE('',#8320,#8318,#4416,.T.);
#14855=EDGE_CURVE('',#8318,#8316,#4412,.T.);
#14857=EDGE_CURVE('',#8314,#8316,#4350,.T.);
#14859=EDGE_CURVE('',#8312,#8314,#4354,.T.);
#14871=EDGE_CURVE('',#8338,#8336,#4358,.T.);
#14873=EDGE_CURVE('',#8338,#8330,#4452,.T.);
#14883=EDGE_CURVE('',#8333,#8334,#4396,.T.);
#14885=EDGE_CURVE('',#8352,#8334,#4363,.T.);
#14887=EDGE_CURVE('',#8350,#8352,#4367,.T.);
#14889=EDGE_CURVE('',#8348,#8350,#4371,.T.);
#14891=EDGE_CURVE('',#8346,#8348,#4375,.T.);
#14893=EDGE_CURVE('',#8344,#8346,#4379,.T.);
#14895=EDGE_CURVE('',#8342,#8344,#4383,.T.);
#14897=EDGE_CURVE('',#8340,#8342,#4387,.T.);
#14899=EDGE_CURVE('',#8338,#8340,#4392,.T.);
#14912=EDGE_CURVE('',#8314,#8334,#4408,.T.);
#14925=EDGE_CURVE('',#8352,#8316,#4404,.T.);
#14938=EDGE_CURVE('',#8318,#8350,#4420,.T.);
#14951=EDGE_CURVE('',#8320,#8348,#4424,.T.);
#14966=EDGE_CURVE('',#8322,#8346,#4432,.T.);
#14979=EDGE_CURVE('',#8344,#8324,#4436,.T.);
#14990=EDGE_CURVE('',#8326,#8342,#4448,.T.);
#15003=EDGE_CURVE('',#8328,#8340,#4456,.T.);
#15028=EDGE_CURVE('',#8479,#8460,#4464,.T.);
#15030=EDGE_CURVE('',#8477,#8479,#4469,.T.);
#15032=EDGE_CURVE('',#8477,#8475,#4572,.T.);
#15034=EDGE_CURVE('',#8475,#8473,#4568,.T.);
#15036=EDGE_CURVE('',#8471,#8473,#4473,.T.);
#15038=EDGE_CURVE('',#8471,#8469,#4556,.T.);
#15040=EDGE_CURVE('',#8469,#8467,#4544,.T.);
#15042=EDGE_CURVE('',#8467,#8465,#4540,.T.);
#15044=EDGE_CURVE('',#8463,#8465,#4478,.T.);
#15046=EDGE_CURVE('',#8461,#8463,#4482,.T.);
#15058=EDGE_CURVE('',#8487,#8485,#4486,.T.);
#15060=EDGE_CURVE('',#8487,#8479,#4580,.T.);
#15070=EDGE_CURVE('',#8482,#8483,#4524,.T.);
#15072=EDGE_CURVE('',#8501,#8483,#4491,.T.);
#15074=EDGE_CURVE('',#8499,#8501,#4495,.T.);
#15076=EDGE_CURVE('',#8497,#8499,#4499,.T.);
#15078=EDGE_CURVE('',#8495,#8497,#4503,.T.);
#15080=EDGE_CURVE('',#8493,#8495,#4507,.T.);
#15082=EDGE_CURVE('',#8491,#8493,#4511,.T.);
#15084=EDGE_CURVE('',#8489,#8491,#4515,.T.);
#15086=EDGE_CURVE('',#8487,#8489,#4520,.T.);
#15099=EDGE_CURVE('',#8463,#8483,#4536,.T.);
#15112=EDGE_CURVE('',#8501,#8465,#4532,.T.);
#15125=EDGE_CURVE('',#8467,#8499,#4548,.T.);
#15138=EDGE_CURVE('',#8469,#8497,#4552,.T.);
#15153=EDGE_CURVE('',#8471,#8495,#4560,.T.);
#15166=EDGE_CURVE('',#8493,#8473,#4564,.T.);
#15177=EDGE_CURVE('',#8475,#8491,#4576,.T.);
#15190=EDGE_CURVE('',#8477,#8489,#4584,.T.);
#15215=EDGE_CURVE('',#8628,#8609,#4592,.T.);
#15217=EDGE_CURVE('',#8626,#8628,#4597,.T.);
#15219=EDGE_CURVE('',#8626,#8624,#4700,.T.);
#15221=EDGE_CURVE('',#8624,#8622,#4696,.T.);
#15223=EDGE_CURVE('',#8620,#8622,#4601,.T.);
#15225=EDGE_CURVE('',#8620,#8618,#4684,.T.);
#15227=EDGE_CURVE('',#8618,#8616,#4672,.T.);
#15229=EDGE_CURVE('',#8616,#8614,#4668,.T.);
#15231=EDGE_CURVE('',#8612,#8614,#4606,.T.);
#15233=EDGE_CURVE('',#8610,#8612,#4610,.T.);
#15245=EDGE_CURVE('',#8636,#8634,#4614,.T.);
#15247=EDGE_CURVE('',#8636,#8628,#4708,.T.);
#15257=EDGE_CURVE('',#8631,#8632,#4652,.T.);
#15259=EDGE_CURVE('',#8650,#8632,#4619,.T.);
#15261=EDGE_CURVE('',#8648,#8650,#4623,.T.);
#15263=EDGE_CURVE('',#8646,#8648,#4627,.T.);
#15265=EDGE_CURVE('',#8644,#8646,#4631,.T.);
#15267=EDGE_CURVE('',#8642,#8644,#4635,.T.);
#15269=EDGE_CURVE('',#8640,#8642,#4639,.T.);
#15271=EDGE_CURVE('',#8638,#8640,#4643,.T.);
#15273=EDGE_CURVE('',#8636,#8638,#4648,.T.);
#15286=EDGE_CURVE('',#8612,#8632,#4664,.T.);
#15299=EDGE_CURVE('',#8650,#8614,#4660,.T.);
#15312=EDGE_CURVE('',#8616,#8648,#4676,.T.);
#15325=EDGE_CURVE('',#8618,#8646,#4680,.T.);
#15340=EDGE_CURVE('',#8620,#8644,#4688,.T.);
#15353=EDGE_CURVE('',#8642,#8622,#4692,.T.);
#15364=EDGE_CURVE('',#8624,#8640,#4704,.T.);
#15377=EDGE_CURVE('',#8626,#8638,#4712,.T.);
#15402=EDGE_CURVE('',#8777,#8758,#4720,.T.);
#15404=EDGE_CURVE('',#8775,#8777,#4725,.T.);
#15406=EDGE_CURVE('',#8775,#8773,#4828,.T.);
#15408=EDGE_CURVE('',#8773,#8771,#4824,.T.);
#15410=EDGE_CURVE('',#8769,#8771,#4729,.T.);
#15412=EDGE_CURVE('',#8769,#8767,#4812,.T.);
#15414=EDGE_CURVE('',#8767,#8765,#4800,.T.);
#15416=EDGE_CURVE('',#8765,#8763,#4796,.T.);
#15418=EDGE_CURVE('',#8761,#8763,#4734,.T.);
#15420=EDGE_CURVE('',#8759,#8761,#4738,.T.);
#15432=EDGE_CURVE('',#8785,#8783,#4742,.T.);
#15434=EDGE_CURVE('',#8785,#8777,#4836,.T.);
#15444=EDGE_CURVE('',#8780,#8781,#4780,.T.);
#15446=EDGE_CURVE('',#8799,#8781,#4747,.T.);
#15448=EDGE_CURVE('',#8797,#8799,#4751,.T.);
#15450=EDGE_CURVE('',#8795,#8797,#4755,.T.);
#15452=EDGE_CURVE('',#8793,#8795,#4759,.T.);
#15454=EDGE_CURVE('',#8791,#8793,#4763,.T.);
#15456=EDGE_CURVE('',#8789,#8791,#4767,.T.);
#15458=EDGE_CURVE('',#8787,#8789,#4771,.T.);
#15460=EDGE_CURVE('',#8785,#8787,#4776,.T.);
#15473=EDGE_CURVE('',#8761,#8781,#4792,.T.);
#15486=EDGE_CURVE('',#8799,#8763,#4788,.T.);
#15499=EDGE_CURVE('',#8765,#8797,#4804,.T.);
#15512=EDGE_CURVE('',#8767,#8795,#4808,.T.);
#15527=EDGE_CURVE('',#8769,#8793,#4816,.T.);
#15540=EDGE_CURVE('',#8791,#8771,#4820,.T.);
#15551=EDGE_CURVE('',#8773,#8789,#4832,.T.);
#15564=EDGE_CURVE('',#8775,#8787,#4840,.T.);
#15589=EDGE_CURVE('',#8926,#8907,#4848,.T.);
#15591=EDGE_CURVE('',#8924,#8926,#4853,.T.);
#15593=EDGE_CURVE('',#8924,#8922,#4956,.T.);
#15595=EDGE_CURVE('',#8922,#8920,#4952,.T.);
#15597=EDGE_CURVE('',#8918,#8920,#4857,.T.);
#15599=EDGE_CURVE('',#8918,#8916,#4940,.T.);
#15601=EDGE_CURVE('',#8916,#8914,#4928,.T.);
#15603=EDGE_CURVE('',#8914,#8912,#4924,.T.);
#15605=EDGE_CURVE('',#8910,#8912,#4862,.T.);
#15607=EDGE_CURVE('',#8908,#8910,#4866,.T.);
#15619=EDGE_CURVE('',#8934,#8932,#4870,.T.);
#15621=EDGE_CURVE('',#8934,#8926,#4964,.T.);
#15631=EDGE_CURVE('',#8929,#8930,#4908,.T.);
#15633=EDGE_CURVE('',#8948,#8930,#4875,.T.);
#15635=EDGE_CURVE('',#8946,#8948,#4879,.T.);
#15637=EDGE_CURVE('',#8944,#8946,#4883,.T.);
#15639=EDGE_CURVE('',#8942,#8944,#4887,.T.);
#15641=EDGE_CURVE('',#8940,#8942,#4891,.T.);
#15643=EDGE_CURVE('',#8938,#8940,#4895,.T.);
#15645=EDGE_CURVE('',#8936,#8938,#4899,.T.);
#15647=EDGE_CURVE('',#8934,#8936,#4904,.T.);
#15660=EDGE_CURVE('',#8910,#8930,#4920,.T.);
#15673=EDGE_CURVE('',#8948,#8912,#4916,.T.);
#15686=EDGE_CURVE('',#8914,#8946,#4932,.T.);
#15699=EDGE_CURVE('',#8916,#8944,#4936,.T.);
#15714=EDGE_CURVE('',#8918,#8942,#4944,.T.);
#15727=EDGE_CURVE('',#8940,#8920,#4948,.T.);
#15738=EDGE_CURVE('',#8922,#8938,#4960,.T.);
#15751=EDGE_CURVE('',#8924,#8936,#4968,.T.);
#15776=EDGE_CURVE('',#9075,#9056,#4976,.T.);
#15778=EDGE_CURVE('',#9073,#9075,#4981,.T.);
#15780=EDGE_CURVE('',#9073,#9071,#5084,.T.);
#15782=EDGE_CURVE('',#9071,#9069,#5080,.T.);
#15784=EDGE_CURVE('',#9067,#9069,#4985,.T.);
#15786=EDGE_CURVE('',#9067,#9065,#5068,.T.);
#15788=EDGE_CURVE('',#9065,#9063,#5056,.T.);
#15790=EDGE_CURVE('',#9063,#9061,#5052,.T.);
#15792=EDGE_CURVE('',#9059,#9061,#4990,.T.);
#15794=EDGE_CURVE('',#9057,#9059,#4994,.T.);
#15806=EDGE_CURVE('',#9083,#9081,#4998,.T.);
#15808=EDGE_CURVE('',#9083,#9075,#5092,.T.);
#15818=EDGE_CURVE('',#9078,#9079,#5036,.T.);
#15820=EDGE_CURVE('',#9097,#9079,#5003,.T.);
#15822=EDGE_CURVE('',#9095,#9097,#5007,.T.);
#15824=EDGE_CURVE('',#9093,#9095,#5011,.T.);
#15826=EDGE_CURVE('',#9091,#9093,#5015,.T.);
#15828=EDGE_CURVE('',#9089,#9091,#5019,.T.);
#15830=EDGE_CURVE('',#9087,#9089,#5023,.T.);
#15832=EDGE_CURVE('',#9085,#9087,#5027,.T.);
#15834=EDGE_CURVE('',#9083,#9085,#5032,.T.);
#15847=EDGE_CURVE('',#9059,#9079,#5048,.T.);
#15860=EDGE_CURVE('',#9097,#9061,#5044,.T.);
#15873=EDGE_CURVE('',#9063,#9095,#5060,.T.);
#15886=EDGE_CURVE('',#9065,#9093,#5064,.T.);
#15901=EDGE_CURVE('',#9067,#9091,#5072,.T.);
#15914=EDGE_CURVE('',#9089,#9069,#5076,.T.);
#15925=EDGE_CURVE('',#9071,#9087,#5088,.T.);
#15938=EDGE_CURVE('',#9073,#9085,#5096,.T.);
#15964=EDGE_CURVE('',#7754,#7752,#5104,.T.);
#15966=EDGE_CURVE('',#7754,#9258,#5124,.T.);
#15978=EDGE_CURVE('',#7679,#7680,#5112,.T.);
#15981=EDGE_CURVE('',#7754,#7756,#5116,.T.);
#16018=EDGE_CURVE('',#9232,#9213,#5136,.T.);
#16020=EDGE_CURVE('',#9230,#9232,#5141,.T.);
#16022=EDGE_CURVE('',#9230,#9228,#5244,.T.);
#16024=EDGE_CURVE('',#9228,#9226,#5240,.T.);
#16026=EDGE_CURVE('',#9224,#9226,#5145,.T.);
#16028=EDGE_CURVE('',#9224,#9222,#5228,.T.);
#16030=EDGE_CURVE('',#9222,#9220,#5216,.T.);
#16032=EDGE_CURVE('',#9220,#9218,#5212,.T.);
#16034=EDGE_CURVE('',#9216,#9218,#5150,.T.);
#16036=EDGE_CURVE('',#9214,#9216,#5154,.T.);
#16048=EDGE_CURVE('',#9240,#9238,#5158,.T.);
#16050=EDGE_CURVE('',#9240,#9232,#5252,.T.);
#16060=EDGE_CURVE('',#9235,#9236,#5196,.T.);
#16062=EDGE_CURVE('',#9254,#9236,#5163,.T.);
#16064=EDGE_CURVE('',#9252,#9254,#5167,.T.);
#16066=EDGE_CURVE('',#9250,#9252,#5171,.T.);
#16068=EDGE_CURVE('',#9248,#9250,#5175,.T.);
#16070=EDGE_CURVE('',#9246,#9248,#5179,.T.);
#16072=EDGE_CURVE('',#9244,#9246,#5183,.T.);
#16074=EDGE_CURVE('',#9242,#9244,#5187,.T.);
#16076=EDGE_CURVE('',#9240,#9242,#5192,.T.);
#16089=EDGE_CURVE('',#9216,#9236,#5208,.T.);
#16102=EDGE_CURVE('',#9254,#9218,#5204,.T.);
#16115=EDGE_CURVE('',#9220,#9252,#5220,.T.);
#16128=EDGE_CURVE('',#9222,#9250,#5224,.T.);
#16143=EDGE_CURVE('',#9224,#9248,#5232,.T.);
#16156=EDGE_CURVE('',#9246,#9226,#5236,.T.);
#16167=EDGE_CURVE('',#9228,#9244,#5248,.T.);
#16180=EDGE_CURVE('',#9230,#9242,#5256,.T.);
#16216=EDGE_CURVE('',#9516,#9518,#5276,.T.);
#16229=EDGE_CURVE('',#9512,#9514,#5280,.T.);
#16242=EDGE_CURVE('',#9505,#9508,#5288,.T.);
#16255=EDGE_CURVE('',#9502,#9500,#5284,.T.);
#16269=EDGE_CURVE('',#9452,#9450,#5292,.T.);
#16274=EDGE_CURVE('',#9498,#9450,#5316,.T.);
#16284=EDGE_CURVE('',#9447,#9448,#5312,.T.);
#16288=EDGE_CURVE('',#9447,#9450,#5300,.T.);
#16298=EDGE_CURVE('',#9552,#9447,#5304,.T.);
#16301=EDGE_CURVE('',#9487,#9492,#5328,.T.);
#16326=EDGE_CURVE('',#9496,#9490,#5324,.T.);
#16341=EDGE_CURVE('',#9546,#9544,#5332,.T.);
#16365=EDGE_CURVE('',#9567,#9568,#5340,.T.);
#16409=EDGE_CURVE('',#7546,#7558,#5376,.T.);
#16411=EDGE_CURVE('',#7546,#7514,#5420,.T.);
#16413=EDGE_CURVE('',#7516,#7514,#5380,.T.);
#16426=EDGE_CURVE('',#7545,#7546,#5392,.T.);
#16439=EDGE_CURVE('',#7436,#7554,#5400,.T.);
#16441=EDGE_CURVE('',#7438,#7436,#5404,.T.);
#16443=EDGE_CURVE('',#7552,#7438,#5408,.T.);
#16445=EDGE_CURVE('',#7550,#7552,#5412,.T.);
#16447=EDGE_CURVE('',#7548,#7550,#5416,.T.);
#16449=EDGE_CURVE('',#7548,#7511,#6940,.T.);
#16451=EDGE_CURVE('',#7511,#7514,#6948,.T.);
#16474=EDGE_CURVE('',#7435,#7424,#5440,.T.);
#16476=EDGE_CURVE('',#7424,#7420,#5512,.T.);
#16478=EDGE_CURVE('',#7420,#7440,#5487,.T.);
#16480=EDGE_CURVE('',#7438,#7440,#5436,.T.);
#16494=EDGE_CURVE('',#7411,#7412,#5445,.T.);
#16496=EDGE_CURVE('',#7411,#7430,#5508,.T.);
#16498=EDGE_CURVE('',#7432,#7430,#5449,.T.);
#16500=EDGE_CURVE('',#7422,#7432,#5453,.T.);
#16502=EDGE_CURVE('',#7424,#7422,#5458,.T.);
#16514=EDGE_CURVE('',#7416,#7414,#5479,.T.);
#16516=EDGE_CURVE('',#7411,#7414,#5466,.T.);
#16526=EDGE_CURVE('',#7419,#7428,#5500,.T.);
#16528=EDGE_CURVE('',#7427,#7428,#5470,.T.);
#16530=EDGE_CURVE('',#7414,#7427,#5474,.T.);
#16534=EDGE_CURVE('',#7440,#7486,#5483,.T.);
#16537=EDGE_CURVE('',#7419,#7420,#5492,.T.);
#16548=EDGE_CURVE('',#7428,#7432,#5496,.T.);
#16551=EDGE_CURVE('',#7419,#7422,#5516,.T.);
#16564=EDGE_CURVE('',#7430,#7427,#5504,.T.);
#16598=EDGE_CURVE('',#7488,#7438,#5520,.T.);
#16603=EDGE_CURVE('',#7490,#7488,#5532,.T.);
#16613=EDGE_CURVE('',#7488,#7552,#5528,.T.);
#16626=EDGE_CURVE('',#7560,#7550,#5552,.T.);
#16640=EDGE_CURVE('',#9421,#9422,#5536,.T.);
#16643=EDGE_CURVE('',#9180,#9424,#5540,.T.);
#16645=EDGE_CURVE('',#7726,#9180,#5544,.T.);
#16647=EDGE_CURVE('',#7548,#7726,#5548,.T.);
#16662=EDGE_CURVE('',#9358,#9360,#5564,.T.);
#16664=EDGE_CURVE('',#9432,#9358,#5568,.T.);
#16676=EDGE_CURVE('',#9310,#9358,#5572,.T.);
#16680=EDGE_CURVE('',#9356,#9308,#5585,.T.);
#16682=EDGE_CURVE('',#9308,#9310,#5636,.T.);
#16703=EDGE_CURVE('',#9297,#9290,#5602,.T.);
#16705=EDGE_CURVE('',#9289,#9290,#5577,.T.);
#16707=EDGE_CURVE('',#9308,#9289,#5581,.T.);
#16711=EDGE_CURVE('',#9286,#9284,#5590,.T.);
#16713=EDGE_CURVE('',#9298,#9286,#5594,.T.);
#16715=EDGE_CURVE('',#9297,#9298,#5598,.T.);
#16725=EDGE_CURVE('',#9300,#9294,#5619,.T.);
#16727=EDGE_CURVE('',#9294,#9290,#5640,.T.);
#16730=EDGE_CURVE('',#9300,#9297,#5606,.T.);
#16740=EDGE_CURVE('',#9292,#9306,#5610,.T.);
#16742=EDGE_CURVE('',#9294,#9292,#5615,.T.);
#16745=EDGE_CURVE('',#9302,#9300,#5623,.T.);
#16747=EDGE_CURVE('',#9302,#9282,#5648,.T.);
#16749=EDGE_CURVE('',#9281,#9282,#5628,.T.);
#16765=EDGE_CURVE('',#9289,#9292,#5644,.T.);
#16789=EDGE_CURVE('',#9298,#9302,#5652,.T.);
#16802=EDGE_CURVE('',#9286,#9282,#5656,.T.);
#16826=EDGE_CURVE('',#9180,#9178,#5664,.T.);
#16830=EDGE_CURVE('',#9381,#9382,#5672,.T.);
#16833=EDGE_CURVE('',#9175,#9176,#5676,.T.);
#16835=EDGE_CURVE('',#9178,#9175,#5680,.T.);
#16845=EDGE_CURVE('',#9178,#7724,#6924,.T.);
#16847=EDGE_CURVE('',#7726,#7724,#5756,.T.);
#16853=EDGE_CURVE('',#7939,#7940,#5896,.T.);
#16855=EDGE_CURVE('',#7962,#7940,#5692,.T.);
#16857=EDGE_CURVE('',#7961,#7962,#5696,.T.);
#16859=EDGE_CURVE('',#7961,#7939,#5922,.T.);
#16863=EDGE_CURVE('',#8088,#8089,#6024,.T.);
#16865=EDGE_CURVE('',#8111,#8089,#5700,.T.);
#16867=EDGE_CURVE('',#8110,#8111,#5704,.T.);
#16869=EDGE_CURVE('',#8110,#8088,#6050,.T.);
#16873=EDGE_CURVE('',#8237,#8238,#6152,.T.);
#16875=EDGE_CURVE('',#8260,#8238,#5708,.T.);
#16877=EDGE_CURVE('',#8259,#8260,#5712,.T.);
#16879=EDGE_CURVE('',#8259,#8237,#6178,.T.);
#16883=EDGE_CURVE('',#8386,#8387,#6280,.T.);
#16885=EDGE_CURVE('',#8409,#8387,#5716,.T.);
#16887=EDGE_CURVE('',#8408,#8409,#5720,.T.);
#16889=EDGE_CURVE('',#8408,#8386,#6306,.T.);
#16893=EDGE_CURVE('',#8535,#8536,#6408,.T.);
#16895=EDGE_CURVE('',#8558,#8536,#5724,.T.);
#16897=EDGE_CURVE('',#8557,#8558,#5728,.T.);
#16899=EDGE_CURVE('',#8557,#8535,#6434,.T.);
#16903=EDGE_CURVE('',#8684,#8685,#6536,.T.);
#16905=EDGE_CURVE('',#8707,#8685,#5732,.T.);
#16907=EDGE_CURVE('',#8706,#8707,#5736,.T.);
#16909=EDGE_CURVE('',#8706,#8684,#6562,.T.);
#16913=EDGE_CURVE('',#8833,#8834,#6664,.T.);
#16915=EDGE_CURVE('',#8856,#8834,#5740,.T.);
#16917=EDGE_CURVE('',#8855,#8856,#5744,.T.);
#16919=EDGE_CURVE('',#8855,#8833,#6690,.T.);
#16923=EDGE_CURVE('',#8982,#8983,#6792,.T.);
#16925=EDGE_CURVE('',#9005,#8983,#5748,.T.);
#16927=EDGE_CURVE('',#9004,#9005,#5752,.T.);
#16929=EDGE_CURVE('',#9004,#8982,#6818,.T.);
#16933=EDGE_CURVE('',#7790,#7791,#5768,.T.);
#16935=EDGE_CURVE('',#7813,#7791,#5684,.T.);
#16937=EDGE_CURVE('',#7812,#7813,#5688,.T.);
#16939=EDGE_CURVE('',#7812,#7790,#5794,.T.);
#16943=EDGE_CURVE('',#9131,#9132,#6952,.T.);
#16945=EDGE_CURVE('',#9154,#9132,#5760,.T.);
#16947=EDGE_CURVE('',#9153,#9154,#5764,.T.);
#16949=EDGE_CURVE('',#9153,#9131,#6978,.T.);
#16960=EDGE_CURVE('',#7809,#7790,#5772,.T.);
#16962=EDGE_CURVE('',#7807,#7809,#5777,.T.);
#16964=EDGE_CURVE('',#7807,#7805,#5884,.T.);
#16966=EDGE_CURVE('',#7805,#7803,#5876,.T.);
#16968=EDGE_CURVE('',#7803,#7801,#5868,.T.);
#16970=EDGE_CURVE('',#7799,#7801,#5781,.T.);
#16972=EDGE_CURVE('',#7799,#7797,#5856,.T.);
#16974=EDGE_CURVE('',#7797,#7795,#5848,.T.);
#16976=EDGE_CURVE('',#7793,#7795,#5786,.T.);
#16978=EDGE_CURVE('',#7791,#7793,#5790,.T.);
#16990=EDGE_CURVE('',#7815,#7812,#5798,.T.);
#16992=EDGE_CURVE('',#7815,#7809,#5888,.T.);
#17003=EDGE_CURVE('',#7813,#7831,#5836,.T.);
#17005=EDGE_CURVE('',#7829,#7831,#5803,.T.);
#17007=EDGE_CURVE('',#7827,#7829,#5807,.T.);
#17009=EDGE_CURVE('',#7825,#7827,#5811,.T.);
#17011=EDGE_CURVE('',#7823,#7825,#5815,.T.);
#17013=EDGE_CURVE('',#7821,#7823,#5819,.T.);
#17015=EDGE_CURVE('',#7819,#7821,#5823,.T.);
#17017=EDGE_CURVE('',#7817,#7819,#5827,.T.);
#17019=EDGE_CURVE('',#7815,#7817,#5832,.T.);
#17031=EDGE_CURVE('',#7793,#7831,#5844,.T.);
#17044=EDGE_CURVE('',#7829,#7795,#5840,.T.);
#17057=EDGE_CURVE('',#7827,#7797,#5852,.T.);
#17070=EDGE_CURVE('',#7799,#7825,#5860,.T.);
#17085=EDGE_CURVE('',#7823,#7801,#5864,.T.);
#17098=EDGE_CURVE('',#7821,#7803,#5872,.T.);
#17109=EDGE_CURVE('',#7819,#7805,#5880,.T.);
#17122=EDGE_CURVE('',#7807,#7817,#5892,.T.);
#17147=EDGE_CURVE('',#7958,#7939,#5900,.T.);
#17149=EDGE_CURVE('',#7956,#7958,#5905,.T.);
#17151=EDGE_CURVE('',#7956,#7954,#6012,.T.);
#17153=EDGE_CURVE('',#7954,#7952,#6004,.T.);
#17155=EDGE_CURVE('',#7952,#7950,#5996,.T.);
#17157=EDGE_CURVE('',#7948,#7950,#5909,.T.);
#17159=EDGE_CURVE('',#7948,#7946,#5984,.T.);
#17161=EDGE_CURVE('',#7946,#7944,#5976,.T.);
#17163=EDGE_CURVE('',#7942,#7944,#5914,.T.);
#17165=EDGE_CURVE('',#7940,#7942,#5918,.T.);
#17177=EDGE_CURVE('',#7964,#7961,#5926,.T.);
#17179=EDGE_CURVE('',#7964,#7958,#6016,.T.);
#17190=EDGE_CURVE('',#7962,#7980,#5964,.T.);
#17192=EDGE_CURVE('',#7978,#7980,#5931,.T.);
#17194=EDGE_CURVE('',#7976,#7978,#5935,.T.);
#17196=EDGE_CURVE('',#7974,#7976,#5939,.T.);
#17198=EDGE_CURVE('',#7972,#7974,#5943,.T.);
#17200=EDGE_CURVE('',#7970,#7972,#5947,.T.);
#17202=EDGE_CURVE('',#7968,#7970,#5951,.T.);
#17204=EDGE_CURVE('',#7966,#7968,#5955,.T.);
#17206=EDGE_CURVE('',#7964,#7966,#5960,.T.);
#17218=EDGE_CURVE('',#7942,#7980,#5972,.T.);
#17231=EDGE_CURVE('',#7978,#7944,#5968,.T.);
#17244=EDGE_CURVE('',#7976,#7946,#5980,.T.);
#17257=EDGE_CURVE('',#7948,#7974,#5988,.T.);
#17272=EDGE_CURVE('',#7972,#7950,#5992,.T.);
#17285=EDGE_CURVE('',#7970,#7952,#6000,.T.);
#17296=EDGE_CURVE('',#7968,#7954,#6008,.T.);
#17309=EDGE_CURVE('',#7956,#7966,#6020,.T.);
#17334=EDGE_CURVE('',#8107,#8088,#6028,.T.);
#17336=EDGE_CURVE('',#8105,#8107,#6033,.T.);
#17338=EDGE_CURVE('',#8105,#8103,#6140,.T.);
#17340=EDGE_CURVE('',#8103,#8101,#6132,.T.);
#17342=EDGE_CURVE('',#8101,#8099,#6124,.T.);
#17344=EDGE_CURVE('',#8097,#8099,#6037,.T.);
#17346=EDGE_CURVE('',#8097,#8095,#6112,.T.);
#17348=EDGE_CURVE('',#8095,#8093,#6104,.T.);
#17350=EDGE_CURVE('',#8091,#8093,#6042,.T.);
#17352=EDGE_CURVE('',#8089,#8091,#6046,.T.);
#17364=EDGE_CURVE('',#8113,#8110,#6054,.T.);
#17366=EDGE_CURVE('',#8113,#8107,#6144,.T.);
#17377=EDGE_CURVE('',#8111,#8129,#6092,.T.);
#17379=EDGE_CURVE('',#8127,#8129,#6059,.T.);
#17381=EDGE_CURVE('',#8125,#8127,#6063,.T.);
#17383=EDGE_CURVE('',#8123,#8125,#6067,.T.);
#17385=EDGE_CURVE('',#8121,#8123,#6071,.T.);
#17387=EDGE_CURVE('',#8119,#8121,#6075,.T.);
#17389=EDGE_CURVE('',#8117,#8119,#6079,.T.);
#17391=EDGE_CURVE('',#8115,#8117,#6083,.T.);
#17393=EDGE_CURVE('',#8113,#8115,#6088,.T.);
#17405=EDGE_CURVE('',#8091,#8129,#6100,.T.);
#17418=EDGE_CURVE('',#8127,#8093,#6096,.T.);
#17431=EDGE_CURVE('',#8125,#8095,#6108,.T.);
#17444=EDGE_CURVE('',#8097,#8123,#6116,.T.);
#17459=EDGE_CURVE('',#8121,#8099,#6120,.T.);
#17472=EDGE_CURVE('',#8119,#8101,#6128,.T.);
#17483=EDGE_CURVE('',#8117,#8103,#6136,.T.);
#17496=EDGE_CURVE('',#8105,#8115,#6148,.T.);
#17521=EDGE_CURVE('',#8256,#8237,#6156,.T.);
#17523=EDGE_CURVE('',#8254,#8256,#6161,.T.);
#17525=EDGE_CURVE('',#8254,#8252,#6268,.T.);
#17527=EDGE_CURVE('',#8252,#8250,#6260,.T.);
#17529=EDGE_CURVE('',#8250,#8248,#6252,.T.);
#17531=EDGE_CURVE('',#8246,#8248,#6165,.T.);
#17533=EDGE_CURVE('',#8246,#8244,#6240,.T.);
#17535=EDGE_CURVE('',#8244,#8242,#6232,.T.);
#17537=EDGE_CURVE('',#8240,#8242,#6170,.T.);
#17539=EDGE_CURVE('',#8238,#8240,#6174,.T.);
#17551=EDGE_CURVE('',#8262,#8259,#6182,.T.);
#17553=EDGE_CURVE('',#8262,#8256,#6272,.T.);
#17564=EDGE_CURVE('',#8260,#8278,#6220,.T.);
#17566=EDGE_CURVE('',#8276,#8278,#6187,.T.);
#17568=EDGE_CURVE('',#8274,#8276,#6191,.T.);
#17570=EDGE_CURVE('',#8272,#8274,#6195,.T.);
#17572=EDGE_CURVE('',#8270,#8272,#6199,.T.);
#17574=EDGE_CURVE('',#8268,#8270,#6203,.T.);
#17576=EDGE_CURVE('',#8266,#8268,#6207,.T.);
#17578=EDGE_CURVE('',#8264,#8266,#6211,.T.);
#17580=EDGE_CURVE('',#8262,#8264,#6216,.T.);
#17592=EDGE_CURVE('',#8240,#8278,#6228,.T.);
#17605=EDGE_CURVE('',#8276,#8242,#6224,.T.);
#17618=EDGE_CURVE('',#8274,#8244,#6236,.T.);
#17631=EDGE_CURVE('',#8246,#8272,#6244,.T.);
#17646=EDGE_CURVE('',#8270,#8248,#6248,.T.);
#17659=EDGE_CURVE('',#8268,#8250,#6256,.T.);
#17670=EDGE_CURVE('',#8266,#8252,#6264,.T.);
#17683=EDGE_CURVE('',#8254,#8264,#6276,.T.);
#17708=EDGE_CURVE('',#8405,#8386,#6284,.T.);
#17710=EDGE_CURVE('',#8403,#8405,#6289,.T.);
#17712=EDGE_CURVE('',#8403,#8401,#6396,.T.);
#17714=EDGE_CURVE('',#8401,#8399,#6388,.T.);
#17716=EDGE_CURVE('',#8399,#8397,#6380,.T.);
#17718=EDGE_CURVE('',#8395,#8397,#6293,.T.);
#17720=EDGE_CURVE('',#8395,#8393,#6368,.T.);
#17722=EDGE_CURVE('',#8393,#8391,#6360,.T.);
#17724=EDGE_CURVE('',#8389,#8391,#6298,.T.);
#17726=EDGE_CURVE('',#8387,#8389,#6302,.T.);
#17738=EDGE_CURVE('',#8411,#8408,#6310,.T.);
#17740=EDGE_CURVE('',#8411,#8405,#6400,.T.);
#17751=EDGE_CURVE('',#8409,#8427,#6348,.T.);
#17753=EDGE_CURVE('',#8425,#8427,#6315,.T.);
#17755=EDGE_CURVE('',#8423,#8425,#6319,.T.);
#17757=EDGE_CURVE('',#8421,#8423,#6323,.T.);
#17759=EDGE_CURVE('',#8419,#8421,#6327,.T.);
#17761=EDGE_CURVE('',#8417,#8419,#6331,.T.);
#17763=EDGE_CURVE('',#8415,#8417,#6335,.T.);
#17765=EDGE_CURVE('',#8413,#8415,#6339,.T.);
#17767=EDGE_CURVE('',#8411,#8413,#6344,.T.);
#17779=EDGE_CURVE('',#8389,#8427,#6356,.T.);
#17792=EDGE_CURVE('',#8425,#8391,#6352,.T.);
#17805=EDGE_CURVE('',#8423,#8393,#6364,.T.);
#17818=EDGE_CURVE('',#8395,#8421,#6372,.T.);
#17833=EDGE_CURVE('',#8419,#8397,#6376,.T.);
#17846=EDGE_CURVE('',#8417,#8399,#6384,.T.);
#17857=EDGE_CURVE('',#8415,#8401,#6392,.T.);
#17870=EDGE_CURVE('',#8403,#8413,#6404,.T.);
#17895=EDGE_CURVE('',#8554,#8535,#6412,.T.);
#17897=EDGE_CURVE('',#8552,#8554,#6417,.T.);
#17899=EDGE_CURVE('',#8552,#8550,#6524,.T.);
#17901=EDGE_CURVE('',#8550,#8548,#6516,.T.);
#17903=EDGE_CURVE('',#8548,#8546,#6508,.T.);
#17905=EDGE_CURVE('',#8544,#8546,#6421,.T.);
#17907=EDGE_CURVE('',#8544,#8542,#6496,.T.);
#17909=EDGE_CURVE('',#8542,#8540,#6488,.T.);
#17911=EDGE_CURVE('',#8538,#8540,#6426,.T.);
#17913=EDGE_CURVE('',#8536,#8538,#6430,.T.);
#17925=EDGE_CURVE('',#8560,#8557,#6438,.T.);
#17927=EDGE_CURVE('',#8560,#8554,#6528,.T.);
#17938=EDGE_CURVE('',#8558,#8576,#6476,.T.);
#17940=EDGE_CURVE('',#8574,#8576,#6443,.T.);
#17942=EDGE_CURVE('',#8572,#8574,#6447,.T.);
#17944=EDGE_CURVE('',#8570,#8572,#6451,.T.);
#17946=EDGE_CURVE('',#8568,#8570,#6455,.T.);
#17948=EDGE_CURVE('',#8566,#8568,#6459,.T.);
#17950=EDGE_CURVE('',#8564,#8566,#6463,.T.);
#17952=EDGE_CURVE('',#8562,#8564,#6467,.T.);
#17954=EDGE_CURVE('',#8560,#8562,#6472,.T.);
#17966=EDGE_CURVE('',#8538,#8576,#6484,.T.);
#17979=EDGE_CURVE('',#8574,#8540,#6480,.T.);
#17992=EDGE_CURVE('',#8572,#8542,#6492,.T.);
#18005=EDGE_CURVE('',#8544,#8570,#6500,.T.);
#18020=EDGE_CURVE('',#8568,#8546,#6504,.T.);
#18033=EDGE_CURVE('',#8566,#8548,#6512,.T.);
#18044=EDGE_CURVE('',#8564,#8550,#6520,.T.);
#18057=EDGE_CURVE('',#8552,#8562,#6532,.T.);
#18082=EDGE_CURVE('',#8703,#8684,#6540,.T.);
#18084=EDGE_CURVE('',#8701,#8703,#6545,.T.);
#18086=EDGE_CURVE('',#8701,#8699,#6652,.T.);
#18088=EDGE_CURVE('',#8699,#8697,#6644,.T.);
#18090=EDGE_CURVE('',#8697,#8695,#6636,.T.);
#18092=EDGE_CURVE('',#8693,#8695,#6549,.T.);
#18094=EDGE_CURVE('',#8693,#8691,#6624,.T.);
#18096=EDGE_CURVE('',#8691,#8689,#6616,.T.);
#18098=EDGE_CURVE('',#8687,#8689,#6554,.T.);
#18100=EDGE_CURVE('',#8685,#8687,#6558,.T.);
#18112=EDGE_CURVE('',#8709,#8706,#6566,.T.);
#18114=EDGE_CURVE('',#8709,#8703,#6656,.T.);
#18125=EDGE_CURVE('',#8707,#8725,#6604,.T.);
#18127=EDGE_CURVE('',#8723,#8725,#6571,.T.);
#18129=EDGE_CURVE('',#8721,#8723,#6575,.T.);
#18131=EDGE_CURVE('',#8719,#8721,#6579,.T.);
#18133=EDGE_CURVE('',#8717,#8719,#6583,.T.);
#18135=EDGE_CURVE('',#8715,#8717,#6587,.T.);
#18137=EDGE_CURVE('',#8713,#8715,#6591,.T.);
#18139=EDGE_CURVE('',#8711,#8713,#6595,.T.);
#18141=EDGE_CURVE('',#8709,#8711,#6600,.T.);
#18153=EDGE_CURVE('',#8687,#8725,#6612,.T.);
#18166=EDGE_CURVE('',#8723,#8689,#6608,.T.);
#18179=EDGE_CURVE('',#8721,#8691,#6620,.T.);
#18192=EDGE_CURVE('',#8693,#8719,#6628,.T.);
#18207=EDGE_CURVE('',#8717,#8695,#6632,.T.);
#18220=EDGE_CURVE('',#8715,#8697,#6640,.T.);
#18231=EDGE_CURVE('',#8713,#8699,#6648,.T.);
#18244=EDGE_CURVE('',#8701,#8711,#6660,.T.);
#18269=EDGE_CURVE('',#8852,#8833,#6668,.T.);
#18271=EDGE_CURVE('',#8850,#8852,#6673,.T.);
#18273=EDGE_CURVE('',#8850,#8848,#6780,.T.);
#18275=EDGE_CURVE('',#8848,#8846,#6772,.T.);
#18277=EDGE_CURVE('',#8846,#8844,#6764,.T.);
#18279=EDGE_CURVE('',#8842,#8844,#6677,.T.);
#18281=EDGE_CURVE('',#8842,#8840,#6752,.T.);
#18283=EDGE_CURVE('',#8840,#8838,#6744,.T.);
#18285=EDGE_CURVE('',#8836,#8838,#6682,.T.);
#18287=EDGE_CURVE('',#8834,#8836,#6686,.T.);
#18299=EDGE_CURVE('',#8858,#8855,#6694,.T.);
#18301=EDGE_CURVE('',#8858,#8852,#6784,.T.);
#18312=EDGE_CURVE('',#8856,#8874,#6732,.T.);
#18314=EDGE_CURVE('',#8872,#8874,#6699,.T.);
#18316=EDGE_CURVE('',#8870,#8872,#6703,.T.);
#18318=EDGE_CURVE('',#8868,#8870,#6707,.T.);
#18320=EDGE_CURVE('',#8866,#8868,#6711,.T.);
#18322=EDGE_CURVE('',#8864,#8866,#6715,.T.);
#18324=EDGE_CURVE('',#8862,#8864,#6719,.T.);
#18326=EDGE_CURVE('',#8860,#8862,#6723,.T.);
#18328=EDGE_CURVE('',#8858,#8860,#6728,.T.);
#18340=EDGE_CURVE('',#8836,#8874,#6740,.T.);
#18353=EDGE_CURVE('',#8872,#8838,#6736,.T.);
#18366=EDGE_CURVE('',#8870,#8840,#6748,.T.);
#18379=EDGE_CURVE('',#8842,#8868,#6756,.T.);
#18394=EDGE_CURVE('',#8866,#8844,#6760,.T.);
#18407=EDGE_CURVE('',#8864,#8846,#6768,.T.);
#18418=EDGE_CURVE('',#8862,#8848,#6776,.T.);
#18431=EDGE_CURVE('',#8850,#8860,#6788,.T.);
#18456=EDGE_CURVE('',#9001,#8982,#6796,.T.);
#18458=EDGE_CURVE('',#8999,#9001,#6801,.T.);
#18460=EDGE_CURVE('',#8999,#8997,#6908,.T.);
#18462=EDGE_CURVE('',#8997,#8995,#6900,.T.);
#18464=EDGE_CURVE('',#8995,#8993,#6892,.T.);
#18466=EDGE_CURVE('',#8991,#8993,#6805,.T.);
#18468=EDGE_CURVE('',#8991,#8989,#6880,.T.);
#18470=EDGE_CURVE('',#8989,#8987,#6872,.T.);
#18472=EDGE_CURVE('',#8985,#8987,#6810,.T.);
#18474=EDGE_CURVE('',#8983,#8985,#6814,.T.);
#18486=EDGE_CURVE('',#9007,#9004,#6822,.T.);
#18488=EDGE_CURVE('',#9007,#9001,#6912,.T.);
#18499=EDGE_CURVE('',#9005,#9023,#6860,.T.);
#18501=EDGE_CURVE('',#9021,#9023,#6827,.T.);
#18503=EDGE_CURVE('',#9019,#9021,#6831,.T.);
#18505=EDGE_CURVE('',#9017,#9019,#6835,.T.);
#18507=EDGE_CURVE('',#9015,#9017,#6839,.T.);
#18509=EDGE_CURVE('',#9013,#9015,#6843,.T.);
#18511=EDGE_CURVE('',#9011,#9013,#6847,.T.);
#18513=EDGE_CURVE('',#9009,#9011,#6851,.T.);
#18515=EDGE_CURVE('',#9007,#9009,#6856,.T.);
#18527=EDGE_CURVE('',#8985,#9023,#6868,.T.);
#18540=EDGE_CURVE('',#9021,#8987,#6864,.T.);
#18553=EDGE_CURVE('',#9019,#8989,#6876,.T.);
#18566=EDGE_CURVE('',#8991,#9017,#6884,.T.);
#18581=EDGE_CURVE('',#9015,#8993,#6888,.T.);
#18594=EDGE_CURVE('',#9013,#8995,#6896,.T.);
#18605=EDGE_CURVE('',#9011,#8997,#6904,.T.);
#18618=EDGE_CURVE('',#8999,#9009,#6916,.T.);
#18643=EDGE_CURVE('',#9175,#7722,#6932,.T.);
#18645=EDGE_CURVE('',#7724,#7722,#6920,.T.);
#18658=EDGE_CURVE('',#7720,#7722,#6944,.T.);
#18670=EDGE_CURVE('',#7511,#7512,#6936,.T.);
#18698=EDGE_CURVE('',#9150,#9131,#6956,.T.);
#18700=EDGE_CURVE('',#9148,#9150,#6961,.T.);
#18702=EDGE_CURVE('',#9148,#9146,#7068,.T.);
#18704=EDGE_CURVE('',#9146,#9144,#7060,.T.);
#18706=EDGE_CURVE('',#9144,#9142,#7052,.T.);
#18708=EDGE_CURVE('',#9140,#9142,#6965,.T.);
#18710=EDGE_CURVE('',#9140,#9138,#7040,.T.);
#18712=EDGE_CURVE('',#9138,#9136,#7032,.T.);
#18714=EDGE_CURVE('',#9134,#9136,#6970,.T.);
#18716=EDGE_CURVE('',#9132,#9134,#6974,.T.);
#18728=EDGE_CURVE('',#9156,#9153,#6982,.T.);
#18730=EDGE_CURVE('',#9156,#9150,#7072,.T.);
#18741=EDGE_CURVE('',#9154,#9172,#7020,.T.);
#18743=EDGE_CURVE('',#9170,#9172,#6987,.T.);
#18745=EDGE_CURVE('',#9168,#9170,#6991,.T.);
#18747=EDGE_CURVE('',#9166,#9168,#6995,.T.);
#18749=EDGE_CURVE('',#9164,#9166,#6999,.T.);
#18751=EDGE_CURVE('',#9162,#9164,#7003,.T.);
#18753=EDGE_CURVE('',#9160,#9162,#7007,.T.);
#18755=EDGE_CURVE('',#9158,#9160,#7011,.T.);
#18757=EDGE_CURVE('',#9156,#9158,#7016,.T.);
#18769=EDGE_CURVE('',#9134,#9172,#7028,.T.);
#18782=EDGE_CURVE('',#9170,#9136,#7024,.T.);
#18795=EDGE_CURVE('',#9168,#9138,#7036,.T.);
#18808=EDGE_CURVE('',#9140,#9166,#7044,.T.);
#18823=EDGE_CURVE('',#9164,#9142,#7048,.T.);
#18836=EDGE_CURVE('',#9162,#9144,#7056,.T.);
#18847=EDGE_CURVE('',#9160,#9146,#7064,.T.);
#18860=EDGE_CURVE('',#9148,#9158,#7076,.T.);
#18897=EDGE_CURVE('',#7608,#7656,#7084,.T.);
#18911=EDGE_CURVE('',#7654,#7606,#7097,.T.);
#18913=EDGE_CURVE('',#7606,#7608,#7148,.T.);
#18923=EDGE_CURVE('',#7595,#7588,#7114,.T.);
#18925=EDGE_CURVE('',#7587,#7588,#7089,.T.);
#18927=EDGE_CURVE('',#7606,#7587,#7093,.T.);
#18931=EDGE_CURVE('',#7584,#7582,#7102,.T.);
#18933=EDGE_CURVE('',#7596,#7584,#7106,.T.);
#18935=EDGE_CURVE('',#7595,#7596,#7110,.T.);
#18945=EDGE_CURVE('',#7598,#7592,#7131,.T.);
#18947=EDGE_CURVE('',#7592,#7588,#7152,.T.);
#18950=EDGE_CURVE('',#7598,#7595,#7118,.T.);
#18960=EDGE_CURVE('',#7590,#7604,#7122,.T.);
#18962=EDGE_CURVE('',#7592,#7590,#7127,.T.);
#18965=EDGE_CURVE('',#7600,#7598,#7135,.T.);
#18967=EDGE_CURVE('',#7600,#7580,#7160,.T.);
#18969=EDGE_CURVE('',#7579,#7580,#7140,.T.);
#18985=EDGE_CURVE('',#7587,#7590,#7156,.T.);
#19009=EDGE_CURVE('',#7596,#7600,#7164,.T.);
#19022=EDGE_CURVE('',#7584,#7580,#7168,.T.);
#19049=EDGE_CURVE('',#7640,#7642,#7180,.T.);
#19062=EDGE_CURVE('',#7638,#7636,#7188,.T.);
#19075=EDGE_CURVE('',#7634,#7630,#7192,.T.);
#19089=EDGE_CURVE('',#7624,#7622,#7196,.T.);
#19100=EDGE_CURVE('',#7576,#7574,#7200,.T.);
#19102=EDGE_CURVE('',#7576,#7626,#7224,.T.);
#19115=EDGE_CURVE('',#7571,#7572,#7216,.T.);
#19117=EDGE_CURVE('',#7576,#7572,#7208,.T.);
#19129=EDGE_CURVE('',#7572,#7676,#7212,.T.);
#19133=EDGE_CURVE('',#7620,#7614,#7232,.T.);
#19160=EDGE_CURVE('',#7611,#7616,#7236,.T.);
#19174=EDGE_CURVE('',#7668,#7670,#7248,.T.);
#19199=EDGE_CURVE('',#9342,#9344,#7256,.T.);
#19212=EDGE_CURVE('',#9340,#9338,#7264,.T.);
#19225=EDGE_CURVE('',#9336,#9332,#7268,.T.);
#19239=EDGE_CURVE('',#9326,#9324,#7272,.T.);
#19250=EDGE_CURVE('',#9278,#9276,#7276,.T.);
#19252=EDGE_CURVE('',#9278,#9328,#7300,.T.);
#19265=EDGE_CURVE('',#9273,#9274,#7292,.T.);
#19267=EDGE_CURVE('',#9278,#9274,#7284,.T.);
#19279=EDGE_CURVE('',#9274,#9378,#7288,.T.);
#19283=EDGE_CURVE('',#9322,#9316,#7308,.T.);
#19310=EDGE_CURVE('',#9313,#9318,#7312,.T.);
#19334=EDGE_CURVE('',#7498,#7494,#7316,.T.);
#19347=EDGE_CURVE('',#7502,#7500,#7324,.T.);
#19362=EDGE_CURVE('',#7452,#7446,#7332,.T.);
#19376=EDGE_CURVE('',#7443,#7448,#7336,.T.);
#19387=EDGE_CURVE('',#7508,#7403,#7340,.T.);
#19392=EDGE_CURVE('',#7403,#7404,#7348,.T.);
#19402=EDGE_CURVE('',#7454,#7406,#7352,.T.);
#19406=EDGE_CURVE('',#7403,#7406,#7368,.T.);
#19416=EDGE_CURVE('',#7408,#7406,#7360,.T.);
#19419=EDGE_CURVE('',#7458,#7456,#7372,.T.);
#19447=EDGE_CURVE('',#7461,#7464,#7376,.T.);
#19461=EDGE_CURVE('',#7468,#7470,#7380,.T.);
#19474=EDGE_CURVE('',#7472,#7474,#7388,.T.);
#19501=TRIMMED_CURVE('',#19500,(PARAMETER_VALUE(0.E0)),(PARAMETER_VALUE(1.E0)),
.T.,.UNSPECIFIED.);
#19502=COMPOSITE_CURVE_SEGMENT(.CONTINUOUS.,.T.,#19501);
#19507=TRIMMED_CURVE('',#19506,(PARAMETER_VALUE(0.E0)),(PARAMETER_VALUE(1.E0)),
.T.,.UNSPECIFIED.);
#19508=COMPOSITE_CURVE_SEGMENT(.CONTINUOUS.,.T.,#19507);
#19513=TRIMMED_CURVE('',#19512,(PARAMETER_VALUE(0.E0)),(PARAMETER_VALUE(1.E0)),
.T.,.UNSPECIFIED.);
#19514=COMPOSITE_CURVE_SEGMENT(.CONTINUOUS.,.T.,#19513);
#19519=TRIMMED_CURVE('',#19518,(PARAMETER_VALUE(0.E0)),(PARAMETER_VALUE(1.E0)),
.T.,.UNSPECIFIED.);
#19520=COMPOSITE_CURVE_SEGMENT(.CONTINUOUS.,.T.,#19519);
#19521=COMPOSITE_CURVE('',(#19502,#19508,#19514,#19520),.F.);
#19527=TRIMMED_CURVE('',#19526,(PARAMETER_VALUE(0.E0)),(PARAMETER_VALUE(1.E0)),
.T.,.UNSPECIFIED.);
#19528=COMPOSITE_CURVE_SEGMENT(.CONTINUOUS.,.T.,#19527);
#19533=TRIMMED_CURVE('',#19532,(PARAMETER_VALUE(0.E0)),(PARAMETER_VALUE(1.E0)),
.T.,.UNSPECIFIED.);
#19534=COMPOSITE_CURVE_SEGMENT(.CONTINUOUS.,.T.,#19533);
#19539=TRIMMED_CURVE('',#19538,(PARAMETER_VALUE(0.E0)),(PARAMETER_VALUE(1.E0)),
.T.,.UNSPECIFIED.);
#19540=COMPOSITE_CURVE_SEGMENT(.CONTINUOUS.,.T.,#19539);
#19545=TRIMMED_CURVE('',#19544,(PARAMETER_VALUE(0.E0)),(PARAMETER_VALUE(1.E0)),
.T.,.UNSPECIFIED.);
#19546=COMPOSITE_CURVE_SEGMENT(.CONTINUOUS.,.T.,#19545);
#19547=COMPOSITE_CURVE('',(#19528,#19534,#19540,#19546),.F.);
#19552=TRIMMED_CURVE('',#19551,(PARAMETER_VALUE(0.E0)),(PARAMETER_VALUE(1.E0)),
.T.,.UNSPECIFIED.);
#19553=COMPOSITE_CURVE_SEGMENT(.CONTINUOUS.,.T.,#19552);
#19558=TRIMMED_CURVE('',#19557,(PARAMETER_VALUE(0.E0)),(PARAMETER_VALUE(1.E0)),
.T.,.UNSPECIFIED.);
#19559=COMPOSITE_CURVE_SEGMENT(.CONTINUOUS.,.T.,#19558);
#19564=TRIMMED_CURVE('',#19563,(PARAMETER_VALUE(0.E0)),(PARAMETER_VALUE(1.E0)),
.T.,.UNSPECIFIED.);
#19565=COMPOSITE_CURVE_SEGMENT(.CONTINUOUS.,.T.,#19564);
#19570=TRIMMED_CURVE('',#19569,(PARAMETER_VALUE(0.E0)),(PARAMETER_VALUE(1.E0)),
.T.,.UNSPECIFIED.);
#19571=COMPOSITE_CURVE_SEGMENT(.CONTINUOUS.,.T.,#19570);
#19572=COMPOSITE_CURVE('',(#19553,#19559,#19565,#19571),.F.);
#19577=TRIMMED_CURVE('',#19576,(PARAMETER_VALUE(0.E0)),(PARAMETER_VALUE(1.E0)),
.T.,.UNSPECIFIED.);
#19578=COMPOSITE_CURVE_SEGMENT(.CONTINUOUS.,.T.,#19577);
#19583=TRIMMED_CURVE('',#19582,(PARAMETER_VALUE(0.E0)),(PARAMETER_VALUE(1.E0)),
.T.,.UNSPECIFIED.);
#19584=COMPOSITE_CURVE_SEGMENT(.CONTINUOUS.,.T.,#19583);
#19589=TRIMMED_CURVE('',#19588,(PARAMETER_VALUE(0.E0)),(PARAMETER_VALUE(1.E0)),
.T.,.UNSPECIFIED.);
#19590=COMPOSITE_CURVE_SEGMENT(.CONTINUOUS.,.T.,#19589);
#19595=TRIMMED_CURVE('',#19594,(PARAMETER_VALUE(0.E0)),(PARAMETER_VALUE(1.E0)),
.T.,.UNSPECIFIED.);
#19596=COMPOSITE_CURVE_SEGMENT(.CONTINUOUS.,.T.,#19595);
#19597=COMPOSITE_CURVE('',(#19578,#19584,#19590,#19596),.F.);
#19602=TRIMMED_CURVE('',#19601,(PARAMETER_VALUE(0.E0)),(PARAMETER_VALUE(1.E0)),
.T.,.UNSPECIFIED.);
#19603=COMPOSITE_CURVE_SEGMENT(.CONTINUOUS.,.T.,#19602);
#19608=TRIMMED_CURVE('',#19607,(PARAMETER_VALUE(0.E0)),(PARAMETER_VALUE(1.E0)),
.T.,.UNSPECIFIED.);
#19609=COMPOSITE_CURVE_SEGMENT(.CONTINUOUS.,.T.,#19608);
#19614=TRIMMED_CURVE('',#19613,(PARAMETER_VALUE(0.E0)),(PARAMETER_VALUE(1.E0)),
.T.,.UNSPECIFIED.);
#19615=COMPOSITE_CURVE_SEGMENT(.CONTINUOUS.,.T.,#19614);
#19620=TRIMMED_CURVE('',#19619,(PARAMETER_VALUE(0.E0)),(PARAMETER_VALUE(1.E0)),
.T.,.UNSPECIFIED.);
#19621=COMPOSITE_CURVE_SEGMENT(.CONTINUOUS.,.T.,#19620);
#19622=COMPOSITE_CURVE('',(#19603,#19609,#19615,#19621),.F.);
#19627=TRIMMED_CURVE('',#19626,(PARAMETER_VALUE(0.E0)),(PARAMETER_VALUE(1.E0)),
.T.,.UNSPECIFIED.);
#19628=COMPOSITE_CURVE_SEGMENT(.CONTINUOUS.,.T.,#19627);
#19633=TRIMMED_CURVE('',#19632,(PARAMETER_VALUE(0.E0)),(PARAMETER_VALUE(1.E0)),
.T.,.UNSPECIFIED.);
#19634=COMPOSITE_CURVE_SEGMENT(.CONTINUOUS.,.T.,#19633);
#19639=TRIMMED_CURVE('',#19638,(PARAMETER_VALUE(0.E0)),(PARAMETER_VALUE(1.E0)),
.T.,.UNSPECIFIED.);
#19640=COMPOSITE_CURVE_SEGMENT(.CONTINUOUS.,.T.,#19639);
#19645=TRIMMED_CURVE('',#19644,(PARAMETER_VALUE(0.E0)),(PARAMETER_VALUE(1.E0)),
.T.,.UNSPECIFIED.);
#19646=COMPOSITE_CURVE_SEGMENT(.CONTINUOUS.,.T.,#19645);
#19647=COMPOSITE_CURVE('',(#19628,#19634,#19640,#19646),.F.);
#19652=TRIMMED_CURVE('',#19651,(PARAMETER_VALUE(0.E0)),(PARAMETER_VALUE(1.E0)),
.T.,.UNSPECIFIED.);
#19653=COMPOSITE_CURVE_SEGMENT(.CONTINUOUS.,.T.,#19652);
#19658=TRIMMED_CURVE('',#19657,(PARAMETER_VALUE(0.E0)),(PARAMETER_VALUE(1.E0)),
.T.,.UNSPECIFIED.);
#19659=COMPOSITE_CURVE_SEGMENT(.CONTINUOUS.,.T.,#19658);
#19664=TRIMMED_CURVE('',#19663,(PARAMETER_VALUE(0.E0)),(PARAMETER_VALUE(1.E0)),
.T.,.UNSPECIFIED.);
#19665=COMPOSITE_CURVE_SEGMENT(.CONTINUOUS.,.T.,#19664);
#19670=TRIMMED_CURVE('',#19669,(PARAMETER_VALUE(0.E0)),(PARAMETER_VALUE(1.E0)),
.T.,.UNSPECIFIED.);
#19671=COMPOSITE_CURVE_SEGMENT(.CONTINUOUS.,.T.,#19670);
#19672=COMPOSITE_CURVE('',(#19653,#19659,#19665,#19671),.F.);
#19677=TRIMMED_CURVE('',#19676,(PARAMETER_VALUE(0.E0)),(PARAMETER_VALUE(1.E0)),
.T.,.UNSPECIFIED.);
#19678=COMPOSITE_CURVE_SEGMENT(.CONTINUOUS.,.T.,#19677);
#19683=TRIMMED_CURVE('',#19682,(PARAMETER_VALUE(0.E0)),(PARAMETER_VALUE(1.E0)),
.T.,.UNSPECIFIED.);
#19684=COMPOSITE_CURVE_SEGMENT(.CONTINUOUS.,.T.,#19683);
#19689=TRIMMED_CURVE('',#19688,(PARAMETER_VALUE(0.E0)),(PARAMETER_VALUE(1.E0)),
.T.,.UNSPECIFIED.);
#19690=COMPOSITE_CURVE_SEGMENT(.CONTINUOUS.,.T.,#19689);
#19695=TRIMMED_CURVE('',#19694,(PARAMETER_VALUE(0.E0)),(PARAMETER_VALUE(1.E0)),
.T.,.UNSPECIFIED.);
#19696=COMPOSITE_CURVE_SEGMENT(.CONTINUOUS.,.T.,#19695);
#19697=COMPOSITE_CURVE('',(#19678,#19684,#19690,#19696),.F.);
#19702=TRIMMED_CURVE('',#19701,(PARAMETER_VALUE(0.E0)),(PARAMETER_VALUE(1.E0)),
.T.,.UNSPECIFIED.);
#19703=COMPOSITE_CURVE_SEGMENT(.CONTINUOUS.,.T.,#19702);
#19708=TRIMMED_CURVE('',#19707,(PARAMETER_VALUE(0.E0)),(PARAMETER_VALUE(1.E0)),
.T.,.UNSPECIFIED.);
#19709=COMPOSITE_CURVE_SEGMENT(.CONTINUOUS.,.T.,#19708);
#19714=TRIMMED_CURVE('',#19713,(PARAMETER_VALUE(0.E0)),(PARAMETER_VALUE(1.E0)),
.T.,.UNSPECIFIED.);
#19715=COMPOSITE_CURVE_SEGMENT(.CONTINUOUS.,.T.,#19714);
#19720=TRIMMED_CURVE('',#19719,(PARAMETER_VALUE(0.E0)),(PARAMETER_VALUE(1.E0)),
.T.,.UNSPECIFIED.);
#19721=COMPOSITE_CURVE_SEGMENT(.CONTINUOUS.,.T.,#19720);
#19722=COMPOSITE_CURVE('',(#19703,#19709,#19715,#19721),.F.);
#19727=TRIMMED_CURVE('',#19726,(PARAMETER_VALUE(0.E0)),(PARAMETER_VALUE(1.E0)),
.T.,.UNSPECIFIED.);
#19728=COMPOSITE_CURVE_SEGMENT(.CONTINUOUS.,.T.,#19727);
#19733=TRIMMED_CURVE('',#19732,(PARAMETER_VALUE(0.E0)),(PARAMETER_VALUE(1.E0)),
.T.,.UNSPECIFIED.);
#19734=COMPOSITE_CURVE_SEGMENT(.CONTINUOUS.,.T.,#19733);
#19739=TRIMMED_CURVE('',#19738,(PARAMETER_VALUE(0.E0)),(PARAMETER_VALUE(1.E0)),
.T.,.UNSPECIFIED.);
#19740=COMPOSITE_CURVE_SEGMENT(.CONTINUOUS.,.T.,#19739);
#19745=TRIMMED_CURVE('',#19744,(PARAMETER_VALUE(0.E0)),(PARAMETER_VALUE(1.E0)),
.T.,.UNSPECIFIED.);
#19746=COMPOSITE_CURVE_SEGMENT(.CONTINUOUS.,.T.,#19745);
#19747=COMPOSITE_CURVE('',(#19728,#19734,#19740,#19746),.F.);
#19752=TRIMMED_CURVE('',#19751,(PARAMETER_VALUE(0.E0)),(PARAMETER_VALUE(1.E0)),
.T.,.UNSPECIFIED.);
#19753=COMPOSITE_CURVE_SEGMENT(.CONTINUOUS.,.T.,#19752);
#19758=TRIMMED_CURVE('',#19757,(PARAMETER_VALUE(0.E0)),(PARAMETER_VALUE(1.E0)),
.T.,.UNSPECIFIED.);
#19759=COMPOSITE_CURVE_SEGMENT(.CONTINUOUS.,.T.,#19758);
#19764=TRIMMED_CURVE('',#19763,(PARAMETER_VALUE(0.E0)),(PARAMETER_VALUE(1.E0)),
.T.,.UNSPECIFIED.);
#19765=COMPOSITE_CURVE_SEGMENT(.CONTINUOUS.,.T.,#19764);
#19770=TRIMMED_CURVE('',#19769,(PARAMETER_VALUE(0.E0)),(PARAMETER_VALUE(1.E0)),
.T.,.UNSPECIFIED.);
#19771=COMPOSITE_CURVE_SEGMENT(.CONTINUOUS.,.T.,#19770);
#19772=COMPOSITE_CURVE('',(#19753,#19759,#19765,#19771),.F.);
#19777=TRIMMED_CURVE('',#19776,(PARAMETER_VALUE(0.E0)),(PARAMETER_VALUE(1.E0)),
.T.,.UNSPECIFIED.);
#19778=COMPOSITE_CURVE_SEGMENT(.CONTINUOUS.,.T.,#19777);
#19783=TRIMMED_CURVE('',#19782,(PARAMETER_VALUE(0.E0)),(PARAMETER_VALUE(1.E0)),
.T.,.UNSPECIFIED.);
#19784=COMPOSITE_CURVE_SEGMENT(.CONTINUOUS.,.T.,#19783);
#19789=TRIMMED_CURVE('',#19788,(PARAMETER_VALUE(0.E0)),(PARAMETER_VALUE(1.E0)),
.T.,.UNSPECIFIED.);
#19790=COMPOSITE_CURVE_SEGMENT(.CONTINUOUS.,.T.,#19789);
#19795=TRIMMED_CURVE('',#19794,(PARAMETER_VALUE(0.E0)),(PARAMETER_VALUE(1.E0)),
.T.,.UNSPECIFIED.);
#19796=COMPOSITE_CURVE_SEGMENT(.CONTINUOUS.,.T.,#19795);
#19797=COMPOSITE_CURVE('',(#19778,#19784,#19790,#19796),.F.);
#19802=TRIMMED_CURVE('',#19801,(PARAMETER_VALUE(0.E0)),(PARAMETER_VALUE(1.E0)),
.T.,.UNSPECIFIED.);
#19803=COMPOSITE_CURVE_SEGMENT(.CONTINUOUS.,.T.,#19802);
#19808=TRIMMED_CURVE('',#19807,(PARAMETER_VALUE(0.E0)),(PARAMETER_VALUE(1.E0)),
.T.,.UNSPECIFIED.);
#19809=COMPOSITE_CURVE_SEGMENT(.CONTINUOUS.,.T.,#19808);
#19814=TRIMMED_CURVE('',#19813,(PARAMETER_VALUE(0.E0)),(PARAMETER_VALUE(1.E0)),
.T.,.UNSPECIFIED.);
#19815=COMPOSITE_CURVE_SEGMENT(.CONTINUOUS.,.T.,#19814);
#19820=TRIMMED_CURVE('',#19819,(PARAMETER_VALUE(0.E0)),(PARAMETER_VALUE(1.E0)),
.T.,.UNSPECIFIED.);
#19821=COMPOSITE_CURVE_SEGMENT(.CONTINUOUS.,.T.,#19820);
#19822=COMPOSITE_CURVE('',(#19803,#19809,#19815,#19821),.F.);
#19827=TRIMMED_CURVE('',#19826,(PARAMETER_VALUE(0.E0)),(PARAMETER_VALUE(1.E0)),
.T.,.UNSPECIFIED.);
#19828=COMPOSITE_CURVE_SEGMENT(.CONTINUOUS.,.T.,#19827);
#19833=TRIMMED_CURVE('',#19832,(PARAMETER_VALUE(0.E0)),(PARAMETER_VALUE(1.E0)),
.T.,.UNSPECIFIED.);
#19834=COMPOSITE_CURVE_SEGMENT(.CONTINUOUS.,.T.,#19833);
#19839=TRIMMED_CURVE('',#19838,(PARAMETER_VALUE(0.E0)),(PARAMETER_VALUE(1.E0)),
.T.,.UNSPECIFIED.);
#19840=COMPOSITE_CURVE_SEGMENT(.CONTINUOUS.,.T.,#19839);
#19845=TRIMMED_CURVE('',#19844,(PARAMETER_VALUE(0.E0)),(PARAMETER_VALUE(1.E0)),
.T.,.UNSPECIFIED.);
#19846=COMPOSITE_CURVE_SEGMENT(.CONTINUOUS.,.T.,#19845);
#19847=COMPOSITE_CURVE('',(#19828,#19834,#19840,#19846),.F.);
#19852=TRIMMED_CURVE('',#19851,(PARAMETER_VALUE(0.E0)),(PARAMETER_VALUE(1.E0)),
.T.,.UNSPECIFIED.);
#19853=COMPOSITE_CURVE_SEGMENT(.CONTINUOUS.,.T.,#19852);
#19858=TRIMMED_CURVE('',#19857,(PARAMETER_VALUE(0.E0)),(PARAMETER_VALUE(1.E0)),
.T.,.UNSPECIFIED.);
#19859=COMPOSITE_CURVE_SEGMENT(.CONTINUOUS.,.T.,#19858);
#19864=TRIMMED_CURVE('',#19863,(PARAMETER_VALUE(0.E0)),(PARAMETER_VALUE(1.E0)),
.T.,.UNSPECIFIED.);
#19865=COMPOSITE_CURVE_SEGMENT(.CONTINUOUS.,.T.,#19864);
#19870=TRIMMED_CURVE('',#19869,(PARAMETER_VALUE(0.E0)),(PARAMETER_VALUE(1.E0)),
.T.,.UNSPECIFIED.);
#19871=COMPOSITE_CURVE_SEGMENT(.CONTINUOUS.,.T.,#19870);
#19872=COMPOSITE_CURVE('',(#19853,#19859,#19865,#19871),.F.);
#19877=TRIMMED_CURVE('',#19876,(PARAMETER_VALUE(0.E0)),(PARAMETER_VALUE(1.E0)),
.T.,.UNSPECIFIED.);
#19878=COMPOSITE_CURVE_SEGMENT(.CONTINUOUS.,.T.,#19877);
#19883=TRIMMED_CURVE('',#19882,(PARAMETER_VALUE(0.E0)),(PARAMETER_VALUE(1.E0)),
.T.,.UNSPECIFIED.);
#19884=COMPOSITE_CURVE_SEGMENT(.CONTINUOUS.,.T.,#19883);
#19889=TRIMMED_CURVE('',#19888,(PARAMETER_VALUE(0.E0)),(PARAMETER_VALUE(1.E0)),
.T.,.UNSPECIFIED.);
#19890=COMPOSITE_CURVE_SEGMENT(.CONTINUOUS.,.T.,#19889);
#19895=TRIMMED_CURVE('',#19894,(PARAMETER_VALUE(0.E0)),(PARAMETER_VALUE(1.E0)),
.T.,.UNSPECIFIED.);
#19896=COMPOSITE_CURVE_SEGMENT(.CONTINUOUS.,.T.,#19895);
#19897=COMPOSITE_CURVE('',(#19878,#19884,#19890,#19896),.F.);
#19902=TRIMMED_CURVE('',#19901,(PARAMETER_VALUE(0.E0)),(PARAMETER_VALUE(1.E0)),
.T.,.UNSPECIFIED.);
#19903=COMPOSITE_CURVE_SEGMENT(.CONTINUOUS.,.T.,#19902);
#19908=TRIMMED_CURVE('',#19907,(PARAMETER_VALUE(0.E0)),(PARAMETER_VALUE(1.E0)),
.T.,.UNSPECIFIED.);
#19909=COMPOSITE_CURVE_SEGMENT(.CONTINUOUS.,.T.,#19908);
#19914=TRIMMED_CURVE('',#19913,(PARAMETER_VALUE(0.E0)),(PARAMETER_VALUE(1.E0)),
.T.,.UNSPECIFIED.);
#19915=COMPOSITE_CURVE_SEGMENT(.CONTINUOUS.,.T.,#19914);
#19920=TRIMMED_CURVE('',#19919,(PARAMETER_VALUE(0.E0)),(PARAMETER_VALUE(1.E0)),
.T.,.UNSPECIFIED.);
#19921=COMPOSITE_CURVE_SEGMENT(.CONTINUOUS.,.T.,#19920);
#19922=COMPOSITE_CURVE('',(#19903,#19909,#19915,#19921),.F.);
#19927=TRIMMED_CURVE('',#19926,(PARAMETER_VALUE(0.E0)),(PARAMETER_VALUE(1.E0)),
.T.,.UNSPECIFIED.);
#19928=COMPOSITE_CURVE_SEGMENT(.CONTINUOUS.,.T.,#19927);
#19933=TRIMMED_CURVE('',#19932,(PARAMETER_VALUE(0.E0)),(PARAMETER_VALUE(1.E0)),
.T.,.UNSPECIFIED.);
#19934=COMPOSITE_CURVE_SEGMENT(.CONTINUOUS.,.T.,#19933);
#19939=TRIMMED_CURVE('',#19938,(PARAMETER_VALUE(0.E0)),(PARAMETER_VALUE(1.E0)),
.T.,.UNSPECIFIED.);
#19940=COMPOSITE_CURVE_SEGMENT(.CONTINUOUS.,.T.,#19939);
#19945=TRIMMED_CURVE('',#19944,(PARAMETER_VALUE(0.E0)),(PARAMETER_VALUE(1.E0)),
.T.,.UNSPECIFIED.);
#19946=COMPOSITE_CURVE_SEGMENT(.CONTINUOUS.,.T.,#19945);
#19947=COMPOSITE_CURVE('',(#19928,#19934,#19940,#19946),.F.);
#19952=TRIMMED_CURVE('',#19951,(PARAMETER_VALUE(0.E0)),(PARAMETER_VALUE(1.E0)),
.T.,.UNSPECIFIED.);
#19953=COMPOSITE_CURVE_SEGMENT(.CONTINUOUS.,.T.,#19952);
#19958=TRIMMED_CURVE('',#19957,(PARAMETER_VALUE(0.E0)),(PARAMETER_VALUE(1.E0)),
.T.,.UNSPECIFIED.);
#19959=COMPOSITE_CURVE_SEGMENT(.CONTINUOUS.,.T.,#19958);
#19964=TRIMMED_CURVE('',#19963,(PARAMETER_VALUE(0.E0)),(PARAMETER_VALUE(1.E0)),
.T.,.UNSPECIFIED.);
#19965=COMPOSITE_CURVE_SEGMENT(.CONTINUOUS.,.T.,#19964);
#19970=TRIMMED_CURVE('',#19969,(PARAMETER_VALUE(0.E0)),(PARAMETER_VALUE(1.E0)),
.T.,.UNSPECIFIED.);
#19971=COMPOSITE_CURVE_SEGMENT(.CONTINUOUS.,.T.,#19970);
#19972=COMPOSITE_CURVE('',(#19953,#19959,#19965,#19971),.F.);
#19977=TRIMMED_CURVE('',#19976,(PARAMETER_VALUE(0.E0)),(PARAMETER_VALUE(1.E0)),
.T.,.UNSPECIFIED.);
#19978=COMPOSITE_CURVE_SEGMENT(.CONTINUOUS.,.T.,#19977);
#19983=TRIMMED_CURVE('',#19982,(PARAMETER_VALUE(0.E0)),(PARAMETER_VALUE(1.E0)),
.T.,.UNSPECIFIED.);
#19984=COMPOSITE_CURVE_SEGMENT(.CONTINUOUS.,.T.,#19983);
#19989=TRIMMED_CURVE('',#19988,(PARAMETER_VALUE(0.E0)),(PARAMETER_VALUE(1.E0)),
.T.,.UNSPECIFIED.);
#19990=COMPOSITE_CURVE_SEGMENT(.CONTINUOUS.,.T.,#19989);
#19995=TRIMMED_CURVE('',#19994,(PARAMETER_VALUE(0.E0)),(PARAMETER_VALUE(1.E0)),
.T.,.UNSPECIFIED.);
#19996=COMPOSITE_CURVE_SEGMENT(.CONTINUOUS.,.T.,#19995);
#19997=COMPOSITE_CURVE('',(#19978,#19984,#19990,#19996),.F.);
#20002=TRIMMED_CURVE('',#20001,(PARAMETER_VALUE(0.E0)),(PARAMETER_VALUE(1.E0)),
.T.,.UNSPECIFIED.);
#20003=COMPOSITE_CURVE_SEGMENT(.CONTINUOUS.,.T.,#20002);
#20008=TRIMMED_CURVE('',#20007,(PARAMETER_VALUE(0.E0)),(PARAMETER_VALUE(1.E0)),
.T.,.UNSPECIFIED.);
#20009=COMPOSITE_CURVE_SEGMENT(.CONTINUOUS.,.T.,#20008);
#20014=TRIMMED_CURVE('',#20013,(PARAMETER_VALUE(0.E0)),(PARAMETER_VALUE(1.E0)),
.T.,.UNSPECIFIED.);
#20015=COMPOSITE_CURVE_SEGMENT(.CONTINUOUS.,.T.,#20014);
#20020=TRIMMED_CURVE('',#20019,(PARAMETER_VALUE(0.E0)),(PARAMETER_VALUE(1.E0)),
.T.,.UNSPECIFIED.);
#20021=COMPOSITE_CURVE_SEGMENT(.CONTINUOUS.,.T.,#20020);
#20022=COMPOSITE_CURVE('',(#20003,#20009,#20015,#20021),.F.);
#20027=TRIMMED_CURVE('',#20026,(PARAMETER_VALUE(0.E0)),(PARAMETER_VALUE(1.E0)),
.T.,.UNSPECIFIED.);
#20028=COMPOSITE_CURVE_SEGMENT(.CONTINUOUS.,.T.,#20027);
#20033=TRIMMED_CURVE('',#20032,(PARAMETER_VALUE(0.E0)),(PARAMETER_VALUE(1.E0)),
.T.,.UNSPECIFIED.);
#20034=COMPOSITE_CURVE_SEGMENT(.CONTINUOUS.,.T.,#20033);
#20039=TRIMMED_CURVE('',#20038,(PARAMETER_VALUE(0.E0)),(PARAMETER_VALUE(1.E0)),
.T.,.UNSPECIFIED.);
#20040=COMPOSITE_CURVE_SEGMENT(.CONTINUOUS.,.T.,#20039);
#20045=TRIMMED_CURVE('',#20044,(PARAMETER_VALUE(0.E0)),(PARAMETER_VALUE(1.E0)),
.T.,.UNSPECIFIED.);
#20046=COMPOSITE_CURVE_SEGMENT(.CONTINUOUS.,.T.,#20045);
#20047=COMPOSITE_CURVE('',(#20028,#20034,#20040,#20046),.F.);
#20052=TRIMMED_CURVE('',#20051,(PARAMETER_VALUE(0.E0)),(PARAMETER_VALUE(1.E0)),
.T.,.UNSPECIFIED.);
#20053=COMPOSITE_CURVE_SEGMENT(.CONTINUOUS.,.T.,#20052);
#20058=TRIMMED_CURVE('',#20057,(PARAMETER_VALUE(0.E0)),(PARAMETER_VALUE(1.E0)),
.T.,.UNSPECIFIED.);
#20059=COMPOSITE_CURVE_SEGMENT(.CONTINUOUS.,.T.,#20058);
#20064=TRIMMED_CURVE('',#20063,(PARAMETER_VALUE(0.E0)),(PARAMETER_VALUE(1.E0)),
.T.,.UNSPECIFIED.);
#20065=COMPOSITE_CURVE_SEGMENT(.CONTINUOUS.,.T.,#20064);
#20070=TRIMMED_CURVE('',#20069,(PARAMETER_VALUE(0.E0)),(PARAMETER_VALUE(1.E0)),
.T.,.UNSPECIFIED.);
#20071=COMPOSITE_CURVE_SEGMENT(.CONTINUOUS.,.T.,#20070);
#20072=COMPOSITE_CURVE('',(#20053,#20059,#20065,#20071),.F.);
#20077=TRIMMED_CURVE('',#20076,(PARAMETER_VALUE(0.E0)),(PARAMETER_VALUE(1.E0)),
.T.,.UNSPECIFIED.);
#20078=COMPOSITE_CURVE_SEGMENT(.CONTINUOUS.,.T.,#20077);
#20083=TRIMMED_CURVE('',#20082,(PARAMETER_VALUE(0.E0)),(PARAMETER_VALUE(1.E0)),
.T.,.UNSPECIFIED.);
#20084=COMPOSITE_CURVE_SEGMENT(.CONTINUOUS.,.T.,#20083);
#20089=TRIMMED_CURVE('',#20088,(PARAMETER_VALUE(0.E0)),(PARAMETER_VALUE(1.E0)),
.T.,.UNSPECIFIED.);
#20090=COMPOSITE_CURVE_SEGMENT(.CONTINUOUS.,.T.,#20089);
#20095=TRIMMED_CURVE('',#20094,(PARAMETER_VALUE(0.E0)),(PARAMETER_VALUE(1.E0)),
.T.,.UNSPECIFIED.);
#20096=COMPOSITE_CURVE_SEGMENT(.CONTINUOUS.,.T.,#20095);
#20097=COMPOSITE_CURVE('',(#20078,#20084,#20090,#20096),.F.);
#20098=(LENGTH_UNIT()NAMED_UNIT(*)SI_UNIT(.MILLI.,.METRE.));
#20100=(NAMED_UNIT(*)PLANE_ANGLE_UNIT()SI_UNIT($,.RADIAN.));
#20103=(NAMED_UNIT(*)SI_UNIT($,.STERADIAN.)SOLID_ANGLE_UNIT());
#20106=ADVANCED_BREP_SHAPE_REPRESENTATION('',(#19492),#20105);
#20107=GEOMETRICALLY_BOUNDED_SURFACE_SHAPE_REPRESENTATION('',(#19522),#20105);
#20108=SHAPE_REPRESENTATION('',(#19496),#20105);
#20117=PRODUCT_DEFINITION('design','',#20116,#20113);
#20118=PRODUCT_DEFINITION_SHAPE('','SHAPE FOR 2049270201.',#20117);
#20119=SHAPE_DEFINITION_REPRESENTATION(#20118,#20108);
ENDSEC;
END-ISO-10303-21;
